Name,Org,Pos,Age,PA,AB,Pitches,xwOBA,wOBA,PS Score,Agg,Contact Quality,Max Velo,xwOBA,xBA,xSLG,Barrels,BB%,Chase%,EV,Hard Hit%,K%,L°,Whiff%,Swing%,Z-Swing%,Z-Contact%,SwStr%,xBA,xSLG,Barrels,BB%,Chase%,EV,Hard Hit%,K%,L°,Whiff%,BA,OBP,SLG,BABIP,PA/Barrels,Barrels,BB,2B,3B,Hits,HR,K,Swings,Whiffs,Swing%,Z-Swing%,Z-Contact%,SwStr%
Justin Martinez,ARI,,24,27,24,100,.223,.278,1,0.8083516367831756,0.6484665427509294,0.5004055150040552,0.9776951672862454,0.9535315985130112,0.9637546468401487,0.9656133828996283,0.8578066914498141,0.8847583643122676,0.6301115241635687,0.03438661710037175,0.9981412639405205,0.9340148698884758,1,0.5012165450121655,0.9312267657992565,0.9879182156133829,0.9981412639405205,.160,.216,0,7.4,31.914893617021278,87.2,50,51.9,4,54.3,.167,.259,.375,.333,0,0,2,0,1,4,1,14,46,25,0.46,0.566038,0.666667,0.23
Taj Bradley,MIN,,24,38,35,159,.183,.132,0.9981412639405205,0.801226481888504,0.8882434944237919,0.5004055150040552,0.9925650557620818,0.9907063197026023,0.9888475836431226,0.6068773234200744,0.8141263940520446,0.9851301115241635,0.9758364312267658,0.9814126394052045,0.9823420074349443,0.026022304832713755,0.7704460966542751,0.967558799675588,0.007434944237918215,0.7156133828996283,0.966542750929368,.133,.184,5,7.9,35.714285714285715,82.6,20,39.5,24,31.8,.057,.132,.143,.053,2.6,1,3,0,0,2,1,15,88,28,0.553459,0.782609,0.814815,0.169811
Bubba Chandler,PIT,,23,159,142,608,.238,.245,0.9962825278810409,0.8018460605749972,0.8529275092936803,0.5004055150040552,0.9516728624535316,0.9154275092936803,0.9107806691449815,0.8094795539033457,0.6737918215613383,0.8475836431226765,0.8940520446096655,0.7973977695167286,0.9377323420074349,0.5631970260223048,0.820631970260223,0.6167883211678832,0.6468401486988847,0.8104089219330854,0.8680297397769516,.173,.252,3.4,9.4,31.290322580645164,85.3,30.7,34,12,33,.183,.270,.261,.279,1.9,3,15,5,0,26,2,54,288,95,0.473684,0.6369640000000001,0.797927,0.148026
Bryan Woo,SEA,,25,37,37,149,.127,.139,0.9944237918215614,0.8686056640446379,0.8122676579925651,0.5004055150040552,0.9981412639405205,0.9944237918215614,0.9944237918215614,0.9656133828996283,1,0.9507434944237918,0.9433085501858736,0.34572490706319703,0.9869888475836431,0.7741635687732342,0.9693308550185874,0.8077858880778589,0.5511152416356877,0.9851301115241635,0.9869888475836431,.120,.171,0,0,33.33333333333333,84.2,38.1,43.2,8,38.7,.135,.135,.189,.238,0,0,0,2,0,5,0,16,75,29,0.5,0.65,0.673077,0.186667
Jacob Misiorowski,MIL,,23,69,56,294,.239,.205,0.9925650557620818,0.834683730959136,0.9735130111524164,0.5004055150040552,0.9479553903345725,0.9925650557620818,0.9925650557620818,0.9656133828996283,0.2527881040892193,0.8903345724907064,0.9739776951672863,0.9618959107806692,0.8921933085501859,0.7741635687732342,0.8717472118959108,0.39172749391727496,0.9052044609665427,0.6440520446096655,0.8568773234200744,.128,.177,0,14.5,31.952662721893486,82.9,23.5,31.9,8,34.4,.071,.246,.143,.091,0,0,10,1,0,4,1,22,131,45,0.44745799999999997,0.576642,0.822785,0.145763
Paul Skenes,PIT,,23,104,96,421,.214,.222,0.9907063197026023,0.7888349081586403,0.7030669144981413,0.5004055150040552,0.9860594795539034,0.949814126394052,0.921003717472119,0.46189591078066916,0.8252788104089219,0.5752788104089219,0.7908921933085502,0.6384758364312267,0.9888475836431226,0.8615241635687733,0.966542750929368,0.8077858880778589,0.3903345724907063,0.9702602230483272,0.9739776951672863,.161,.245,6,7.7,28.000000000000004,86.3,34,43.3,6,38.6,.177,.240,.250,.320,2.9,3,8,2,1,17,1,45,210,81,0.5,0.670996,0.735484,0.172986
Kumar Rocker,TEX,,25,35,34,132,.124,.175,0.9888475836431226,0.8269389973779712,0.6463754646840149,0.5004055150040552,1,1,0.9981412639405205,0.40892193308550184,0.9907063197026023,1,0.2342007434944238,0.9442379182156134,0.9962825278810409,0.8615241635687733,0.9888475836431226,0.978102189781022,0.2100371747211896,0.43866171003717475,1,.097,.153,6.3,2.9,48.48484848484848,89,25,51.4,6,41.3,.118,.143,.265,.200,2.9,1,1,2,0,4,1,18,75,31,0.568182,0.696429,0.8461540000000001,0.234848
Logan Henderson,MIL,,23,98,90,387,.251,.306,0.9869888475836431,0.6483454409963106,0.5720260223048328,0.5004055150040552,0.9200743494423792,0.8382899628252788,0.7639405204460966,0.662639405204461,0.9414498141263941,0.9814126394052045,0.25092936802973975,0.6105947955390335,0.7072490706319703,0.0018587360594795538,0.6013011152416357,0.8783454987834549,0.362453531598513,0.5436802973977695,0.7472118959107806,.191,.302,4.7,6.1,35.148514851485146,88.9,34.4,26.5,29,28.6,.211,.276,.433,.237,3.1,3,6,5,0,19,5,26,199,57,0.511628,0.673797,0.833333,0.13436700000000001
Franco Aleman,CLE,,25,91,76,394,.256,.263,0.9851301115241635,0.7099935203023824,0.49790892193308556,0.5004055150040552,0.8996282527881041,0.9349442379182156,0.9442379182156134,0.8968401486988847,0.5157992565055762,0.912639405204461,0.05483271375464684,0.09572490706319703,0.9721189591078067,0.9024163568773235,0.8903345724907064,0.6686942416869425,0.39219330855018586,0.7481412639405205,0.8773234200743495,.168,.235,2.3,11,32.45614035087719,90.7,44.2,37.4,5,35.1,.184,.311,.237,.317,1.1,1,10,1,0,14,1,34,188,66,0.481013,0.670886,0.811321,0.149367
Yilber Díaz,ARI,,25,211,191,818,.260,.302,0.983271375464684,0.7401205339331135,0.7476765799256504,0.5004055150040552,0.8838289962825279,0.7369888475836431,0.7741635687732342,0.8429368029739777,0.7713754646840149,0.7342007434944238,0.6301115241635687,0.7434944237918215,0.8392193308550185,0.48977695167286245,0.9349442379182156,0.462287104622871,0.6338289962825279,0.7211895910780669,0.9144981412639405,.207,.299,3.1,8.5,29.519450800915326,87.2,31.8,29.9,13,36.6,.246,.313,.372,.344,1.9,4,18,10,1,47,4,63,374,137,0.45598999999999995,0.639175,0.814516,0.155257
Jared Jones,PIT,,24,43,40,187,.228,.303,0.9814126394052045,0.6858299515291483,0.487453531598513,0.5004055150040552,0.9739776951672863,0.9321561338289963,0.8234200743494424,0.01858736059479554,0.8912639405204461,0.5557620817843866,0.4340148698884758,0.6737918215613383,0.9702602230483272,0.5631970260223048,0.8931226765799256,0.5924574209245742,0.7685873605947955,0.6821561338289963,0.912639405204461,.169,.286,16.7,7,27.777777777777782,88.1,33.3,37.2,12,35.2,.225,.279,.425,.348,9.3,4,3,5,0,9,1,16,88,31,0.470588,0.611111,0.818182,0.15508
Seth Halvorsen,COL,,25,38,34,155,.221,.289,0.9795539033457249,0.7343894310830518,0.5625000000000001,0.5004055150040552,0.9795539033457249,0.9200743494423792,0.9730483271375465,0.9656133828996283,0.5734200743494424,0.8243494423791822,0.1524163568773234,0.15892193308550187,0.9823420074349443,0.9340148698884758,0.8485130111524164,0.9030819140308192,0.28066914498141265,0.24814126394052044,0.8234200743494424,.172,.206,0,10.5,30.8641975308642,89.7,42.1,39.5,4,33.8,.235,.316,.324,.389,0,0,4,0,0,8,1,15,80,27,0.516129,0.6835439999999999,0.8703700000000001,0.14193499999999998
Andrew Walters,CLE,,24,129,111,541,.261,.281,0.9776951672862454,0.6864495302156414,0.7058550185873607,0.5004055150040552,0.8773234200743495,0.9637546468401487,0.8113382899628253,0.3020446096654275,0.3475836431226766,0.8438661710037175,0.8345724907063197,0.8754646840148699,0.8903345724907064,0.03438661710037175,0.9563197026022305,0.764801297648013,0.06505576208178439,0.9405204460966543,0.9776951672862454,.156,.292,7.1,13.2,31.21019108280255,86,28.6,31.8,23,38.3,.180,.295,.324,.242,3.9,5,17,4,0,20,4,41,269,103,0.49353100000000005,0.72807,0.753012,0.175601
Mason Fluharty,TOR,,24,273,243,1116,.266,.303,0.9758364312267658,0.6856750568575251,0.7409386617100372,0.5004055150040552,0.8494423791821561,0.7881040892193308,0.7397769516728625,0.3643122676579926,0.7379182156133829,0.7769516728624535,0.9237918215613383,0.9358736059479554,0.7574349442379182,0.17657992565055763,0.6775092936802974,0.4671532846715328,0.5594795539033457,0.6412639405204461,0.6747211895910781,.199,.308,6.6,8.8,30.21702838063439,84.6,25.7,27.8,18,29.9,.222,.300,.391,.286,4,11,24,13,2,54,8,76,518,155,0.45696499999999995,0.648799,0.823362,0.127773
Jack Leiter,TEX,,25,328,285,1328,.265,.303,0.9739776951672863,0.6776979812689253,0.6087360594795539,0.5004055150040552,0.8559479553903345,0.895910780669145,0.7741635687732342,0.4312267657992565,0.5594795539033457,0.8652416356877324,0.6301115241635687,0.5994423791821561,0.9284386617100372,0.23048327137546468,0.8615241635687733,0.7120843471208435,0.4052044609665427,0.8178438661710037,0.9182156133828996,.181,.299,6.2,10.7,31.578947368421048,87.2,34.5,33.5,17,34,.218,.311,.372,.310,3.4,11,35,12,1,62,10,110,650,221,0.48685200000000006,0.66881,0.795673,0.155522
Luis Guerrero,BOS,,25,239,197,981,.275,.300,0.9721189591078067,0.7099935203023827,0.828996282527881,0.5004055150040552,0.8048327137546468,0.9107806691449815,0.8949814126394052,0.7388475836431226,0.3299256505576208,0.5539033457249071,0.9014869888475836,0.7806691449814126,0.9172862453531598,0.23048327137546468,0.9563197026022305,0.39416058394160586,0.6078066914498141,0.9237918215613383,0.9479553903345725,.174,.265,4.2,13.4,27.757352941176467,85.1,31.1,33.1,17,38.3,.198,.335,.315,.292,2.1,5,32,3,1,39,6,79,439,168,0.447503,0.641425,0.756944,0.163099
Jeremiah Estrada,SDP,,26,33,29,162,.165,.203,0.9702602230483272,0.7852723307113045,0.8046003717472119,0.5004055150040552,0.9962825278810409,0.9962825278810409,1,0.9656133828996283,0.699814126394052,0.9702602230483272,0.27137546468401486,0.9814126394052045,1,0.047397769516728624,0.9944237918215614,0.9391727493917276,0.03717472118959108,0.9925650557620818,0.9925650557620818,.115,.152,0,9.1,34.52380952380953,88.8,20,60.6,22,44.8,.138,.212,.241,.400,0,0,3,3,0,4,0,20,87,39,0.530864,0.74359,0.637931,0.216049
Brandon Birdsell,CHC,,25,257,237,1016,.273,.335,0.9684014869888475,0.7257153294721471,0.7925185873605949,0.5004055150040552,0.8150557620817844,0.4879182156133829,0.6775092936802974,0.7490706319702602,0.9163568773234201,0.8364312267657993,0.8810408921933085,0.862453531598513,0.7193308550185874,0.5631970260223048,0.699814126394052,0.8426601784266018,0.23605947955390336,0.5594795539033457,0.7825278810408922,.231,.323,4.1,6.6,31.021194605009637,85.5,29,26.8,12,30.2,.291,.342,.426,.394,2.7,7,17,20,0,69,4,69,513,155,0.505387,0.691262,0.831461,0.13712
Daniel Palencia,CHC,,25,171,146,760,.265,.299,0.966542750929368,0.6627506454572771,0.5906133828996283,0.5004055150040552,0.8559479553903345,0.9256505576208178,0.8345724907063197,0.40892193308550184,0.3671003717472119,0.6840148698884758,0.3652416356877323,0.7537174721189591,0.9851301115241635,0.29275092936802977,0.9795539033457249,0.5158150851581509,0.6431226765799256,0.9739776951672863,0.9702602230483272,.171,.282,6.3,12.9,28.894472361809047,88.4,31.6,39.8,16,40.2,.212,.322,.342,.368,2.9,5,22,10,0,31,3,68,351,141,0.46123500000000006,0.637119,0.7304350000000001,0.17214200000000002
Craig Yoho,MIL,,26,60,50,245,.237,.257,0.9646840148698885,0.7805480432267938,0.9797862453531598,0.5004055150040552,0.9563197026022305,0.9814126394052045,0.9869888475836431,0.9656133828996283,0.23141263940520446,0.8197026022304833,0.9814126394052045,0.9851301115241635,0.8447955390334573,0.29275092936802977,0.820631970260223,0.2043795620437956,0.9609665427509294,0.5185873605947955,0.79182156133829,.147,.189,0,15,30.82191780821918,82,18.8,30,16,33,.160,.300,.240,.250,0,0,9,2,1,8,0,18,103,34,0.417004,0.544554,0.836364,0.137652
Francis Pena,SDP,,24,68,61,255,.265,.322,0.9628252788104089,0.7607215252590122,0.904275092936803,0.5004055150040552,0.8559479553903345,0.6078066914498141,0.8615241635687733,0.9033457249070632,0.7379182156133829,0.7286245353159851,0.8810408921933085,0.9711895910780669,0.5139405204460966,0.9340148698884758,0.6328996282527881,0.8077858880778589,0.10408921933085502,0.6013011152416357,0.6914498141263941,.220,.274,2.2,8.8,29.45736434108527,85.5,22.2,23.5,4,29.1,.246,.324,.410,.302,1.5,1,6,2,1,15,2,16,127,37,0.5,0.719008,0.827586,0.128906
Grant Holman,ATH,,25,114,99,440,.237,.212,0.9609665427509294,0.6883082662751209,0.633364312267658,0.5004055150040552,0.9563197026022305,0.9414498141263941,0.9237918215613383,0.8596654275092936,0.483271375464684,0.6784386617100372,0.4340148698884758,0.3159851301115242,0.6942379182156134,0.5631970260223048,0.9089219330855018,0.5523114355231143,0.4275092936802974,0.6617100371747212,0.9386617100371747,.165,.244,2.9,11.4,28.87931034482759,88.1,38.6,26.3,12,35.9,.131,.237,.212,.174,1.8,2,13,5,0,13,1,30,206,74,0.465909,0.666667,0.820895,0.159091
Noah Cameron,KCR,,26,211,197,742,.253,.266,0.9591078066914498,0.765987944094204,0.7911245353159851,0.5004055150040552,0.9154275092936803,0.7063197026022305,0.7100371747211895,0.5864312267657993,0.9656133828996283,0.9628252788104089,0.9516728624535316,0.9163568773234201,0.8197026022304833,0.41356877323420077,0.7434944237918215,0.9278183292781832,0.25464684014869887,0.7602230483271375,0.862453531598513,.210,.316,5.1,5.2,34.23913043478261,83.8,26.5,29.4,14,30.9,.218,.261,.350,.282,3.3,7,11,6,1,43,6,62,391,121,0.524832,0.6871659999999999,0.809339,0.146309
Quinn Priester,MIL,,25,297,272,1145,.288,.286,0.9572490706319703,0.6156626652837952,0.39033457249070636,0.5004055150040552,0.7109665427509294,0.38382899628252787,0.4479553903345725,0.29182156133828996,0.9275092936802974,0.9052044609665427,0.4600371747211896,0.36152416356877326,0.6942379182156134,0.9024163568773235,0.8020446096654275,0.6451743714517437,0.4368029739776952,0.7323420074349443,0.9423791821561338,.239,.359,7.2,6.4,32.20064724919093,88,37.9,26.3,5,32.6,.239,.291,.364,.309,4.7,14,19,14,1,65,6,78,558,182,0.47727299999999995,0.6654800000000001,0.8128340000000001,0.16071400000000002
Jack Neely,CHC,,25,79,71,322,.293,.331,0.9553903345724907,0.49368311138044946,0.16612453531598514,0.5004055150040552,0.6719330855018587,0.5985130111524164,0.3159851301115242,0.14869888475836432,0.8364312267657993,0.8420074349442379,0.13197026022304834,0.06784386617100371,0.9553903345724907,0.047397769516728624,0.8076208178438662,0.9736415247364152,0.015799256505576207,0.9609665427509294,0.9907063197026023,.221,.379,9.1,7.6,31.13772455089821,89.9,45.5,35.4,22,32.7,.268,.329,.437,.405,5.1,4,6,4,1,19,2,28,165,54,0.558824,0.769231,0.74,0.21323499999999998
Carson Whisenhunt,SFG,,25,470,411,1852,.304,.363,0.9535315985130112,0.6103187991127914,0.6263940520446096,0.5004055150040552,0.5232342007434945,0.46654275092936803,0.5817843866171004,0.49256505576208176,0.491635687732342,0.845724907063197,0.7379182156133829,0.6933085501858736,0.7983271375464684,0.34851301115241634,0.8438661710037175,0.7761557177615572,0.28810408921933084,0.8940520446096655,0.9089219330855018,.233,.342,5.8,11.3,31.288343558282214,86.7,33.1,28.7,15,33.7,.280,.368,.465,.384,3.4,16,53,26,4,115,14,135,917,309,0.49515600000000004,0.6831229999999999,0.768067,0.155005
Luarbert Arias,FA,,24,284,251,1253,.263,.295,0.9516728624535316,0.6432339168327418,0.7281598513011152,0.5004055150040552,0.8633828996282528,0.8345724907063197,0.800185873605948,0.6849442379182156,0.7379182156133829,0.6171003717472119,0.5213754646840149,0.9061338289962825,0.6765799256505576,0.026022304832713755,0.550185873605948,0.7988645579886455,0.14684014869888476,0.8475836431226765,0.6301115241635687,.192,.294,4.5,8.8,28.39313572542902,87.7,27,26.1,24,27.8,.207,.296,.371,.259,2.8,8,25,13,2,52,8,74,627,174,0.49960200000000005,0.707812,0.788079,0.124105
Mason Englert,TBR,,25,170,153,666,.296,.288,0.949814126394052,0.5644699763122958,0.16542750929368027,0.5004055150040552,0.6319702602230484,0.7137546468401487,0.3420074349442379,0.09293680297397769,0.7927509293680297,0.9925650557620818,0.17193308550185873,0.05483271375464684,0.9535315985130112,0.5631970260223048,0.9637546468401487,0.9334955393349554,0.3104089219330855,0.9144981412639405,0.9888475836431226,.209,.375,10.6,8.2,38.66666666666666,89.5,47.1,35.3,12,38.5,.216,.294,.353,.318,5.3,9,14,6,0,33,5,60,353,136,0.527027,0.679054,0.7611939999999999,0.18918900000000002
David Festa,MIN,,25,253,223,1049,.296,.329,0.9479553903345725,0.5669482910582685,0.2774163568773234,0.5004055150040552,0.6319702602230484,0.6078066914498141,0.5715613382899628,0.2695167286245353,0.587360594795539,0.8085501858736059,0.1421933085501859,0.12639405204460966,0.9516728624535316,0.6802973977695167,0.9256505576208178,0.6828872668288727,0.45539033457249073,0.9349442379182156,0.9516728624535316,.220,.343,7.5,10.3,30.656934306569344,89.8,43.3,35.2,10,36.4,.242,.328,.426,.357,4,10,26,8,3,54,9,89,506,184,0.48239799999999994,0.663347,0.753754,0.163654
Cole Winn,TEX,,25,65,58,267,.255,.296,0.9460966542750929,0.7115424670186155,0.9161245353159851,0.5004055150040552,0.9061338289962825,0.6728624535315985,0.8773234200743495,0.9656133828996283,0.9368029739776952,0.1895910780669145,0.8438661710037175,0.9776951672862454,0.8615241635687733,0.23048327137546468,0.5762081784386617,0.3515815085158151,0.5613382899628253,0.13382899628252787,0.37732342007434944,.213,.269,0,6.2,23.357664233576642,85.9,20.5,30.8,17,28.2,.241,.308,.362,.324,0,0,4,1,0,14,2,20,117,33,0.44029799999999997,0.648,0.8888889999999999,0.104478
Marc Church,TEX,,24,93,85,356,.301,.270,0.9442379182156134,0.5149811287286526,0.5037174721189591,0.5004055150040552,0.5566914498141264,0.22676579925650558,0.3308550185873606,0.37825278810408924,0.845724907063197,0.8308550185873605,0.5046468401486989,0.8011152416356877,0.6617100371747212,0.06598513011152417,0.4767657992565056,0.9667477696674776,0.013011152416356878,0.25464684014869887,0.7611524163568774,.252,.377,6.5,7.5,30.939226519337016,87.8,30.6,25.8,21,26.9,.235,.290,.318,.311,4.3,4,7,4,0,20,1,24,197,53,0.5533710000000001,0.769663,0.868613,0.134831
Christian Scott,NYM,,26,164,152,688,.248,.282,0.9423791821561338,0.6710375103891234,0.5062732342007435,0.5004055150040552,0.9256505576208178,0.8763940520446096,0.7128252788104089,0.4312267657992565,0.8680297397769516,0.8717472118959108,0.48420074349442377,0.39684014869888473,0.9284386617100372,0.34851301115241634,0.70817843866171,0.7712895377128953,0.6133828996282528,0.6877323420074349,0.8271375464684015,.185,.315,6.2,7.3,31.68604651162791,87.9,37.1,33.5,15,30.3,.191,.250,.401,.218,3.7,6,12,2,0,29,10,55,340,103,0.49418599999999996,0.641304,0.817797,0.142442
Edgardo Henriquez,LAD,,23,61,51,250,.347,.339,0.9405204460966543,0.4376886875886279,0.24395910780669144,0.5004055150040552,0.17936802973977695,0.13382899628252787,0.25650557620817843,0.44609665427509293,0.16821561338289961,0.9237918215613383,0.11895910780669144,0.15427509293680297,0.8271375464684015,0.7304832713754646,0.8131970260223048,0.5255474452554745,0.6059479553903345,0.49907063197026025,0.8104089219330854,.264,.388,6.1,16.4,32.857142857142854,90,42.4,29.5,9,32.8,.275,.393,.353,.424,3.3,2,10,2,1,14,0,18,116,38,0.46215100000000003,0.641509,0.8382350000000001,0.139442
Simeon Woods Richardson,MIN,,25,59,53,229,.296,.341,0.9386617100371747,0.6411428387658274,0.8961431226765799,0.5004055150040552,0.6319702602230484,0.1496282527881041,0.7128252788104089,0.9656133828996283,0.7713754646840149,0.7304832713754646,0.9135687732342007,0.9925650557620818,0.3447955390334573,0.23048327137546468,0.75,0.7291159772911597,0.5808550185873605,0.8197026022304833,0.6672862453531598,.262,.315,0,8.5,29.464285714285715,84.7,17.1,20.3,17,31.3,.302,.373,.396,.390,0,0,5,5,0,16,0,12,112,35,0.489083,0.646018,0.794521,0.126638
Sem Robberse,STL,,24,348,315,1341,.286,.307,0.9368029739776952,0.6124873245155176,0.629182156133829,0.5004055150040552,0.7258364312267658,0.5473977695167286,0.4767657992565056,0.44609665427509293,0.8178438661710037,0.8773234200743495,0.7788104089219331,0.8150557620817844,0.4163568773234201,0.41356877323420077,0.5343866171003717,0.6285482562854826,0.5836431226765799,0.31226765799256506,0.6171003717472119,.225,.356,6.1,7.8,31.724137931034484,86.4,30.3,21.8,14,27.5,.241,.299,.410,.273,4.3,15,27,14,0,76,13,76,640,176,0.47501899999999997,0.645933,0.861728,0.123043
Angel Zerpa,KCR,,26,41,39,165,.255,.227,0.9349442379182156,0.6969823678860257,0.6902881040892194,0.5004055150040552,0.9061338289962825,0.28345724907063197,0.8345724907063197,0.9656133828996283,0.9730483271375465,0.9888475836431226,0.8345724907063197,0.12639405204460966,0.4340148698884758,0.8169144981412639,0.699814126394052,0.8994322789943228,0.21933085501858737,0.07713754646840149,0.929368029739777,.248,.282,0,4.9,37.77777777777778,86,43.3,22,7,30.2,.231,.268,.231,.300,0,0,2,0,0,9,0,9,86,26,0.515152,0.693333,0.9038459999999999,0.157576
Thomas Harrington,PIT,,24,178,164,647,.261,.256,0.9330855018587361,0.6056719589640925,0.6596189591078068,0.5004055150040552,0.8773234200743495,0.6654275092936803,0.5715613382899628,0.671003717472119,0.9786245353159851,0.8048327137546468,0.6700743494423792,0.7258364312267658,0.395910780669145,0.13011152416356878,0.27695167286245354,0.9010543390105434,0.1579925650557621,0.5111524163568774,0.5631970260223048,.214,.343,4.6,4.5,30.618892508143325,87,32.3,21.3,19,24,.207,.249,.341,.234,3.4,6,8,7,0,34,5,38,334,80,0.515432,0.706052,0.836735,0.118827
Chase Petty,CIN,,22,39,36,160,.287,.290,0.9312267657992565,0.5911893071673144,0.6484665427509293,0.5004055150040552,0.7184014869888475,0.40613382899628253,0.5111524163568774,0.32620817843866173,0.8252788104089219,0.983271375464684,0.8587360594795539,0.8977695167286245,0.2128252788104089,0.17657992565055763,0.6775092936802974,0.9562043795620438,0.0018587360594795538,0.7156133828996283,0.9163568773234201,.237,.351,6.9,7.7,35.483870967741936,85.7,27.6,17.9,18,29.9,.222,.282,.389,.276,5.1,2,3,4,1,8,0,7,87,26,0.5465840000000001,0.857143,0.814815,0.15528
Joe Boyle,TBR,,26,196,154,865,.261,.304,0.929368029739777,0.7059662588401769,0.795306691449814,0.5004055150040552,0.8773234200743495,0.9851301115241635,0.9814126394052045,0.9247211895910781,0.09386617100371747,0.46096654275092935,0.5046468401486989,0.7704460966542751,0.966542750929368,0.48977695167286245,0.9163568773234201,0.2554744525547445,0.6951672862453532,0.8661710037174721,0.8475836431226765,.141,.199,1.2,19.4,26.98744769874477,87.8,31.3,36.2,13,36.1,.169,.342,.312,.275,0.5,1,38,4,3,26,4,71,371,134,0.42658999999999997,0.625641,0.778688,0.144509
Carlos Rodriguez,MIL,,23,543,473,2141,.270,.292,0.9275092936802974,0.6319266058042413,0.7922862453531598,0.5004055150040552,0.8299256505576208,0.8262081784386617,0.8113382899628253,0.6217472118959108,0.4972118959107807,0.49814126394052044,0.8345724907063197,0.9014869888475836,0.5213754646840149,0.13011152416356878,0.6105947955390335,0.4655312246553122,0.4200743494423792,0.7769516728624535,0.5650557620817844,.194,.292,4.9,11.2,27.304048234280792,86,27.2,23.6,19,28.8,.201,.302,.349,.242,3.1,17,61,23,1,95,15,128,984,283,0.456664,0.667,0.806597,0.11929200000000001
Jack Dreyer,LAD,,26,174,165,675,.216,.286,0.9256505576208178,0.7322209056803256,0.7427973977695167,0.5004055150040552,0.9814126394052045,0.9070631970260223,0.8773234200743495,0.7053903345724907,0.9656133828996283,0.9553903345724907,0.6505576208178439,0.7379182156133829,0.8392193308550185,0.09014869888475836,0.5762081784386617,0.9651257096512572,0.026022304832713755,0.4795539033457249,0.7769516728624535,.175,.269,4.4,5.2,33.63636363636363,87.1,31.9,29.9,20,28.2,.236,.276,.382,.321,2.9,5,9,10,1,39,4,52,372,105,0.551111,0.751429,0.840304,0.136296
Zach Maxwell,CIN,,24,175,146,764,.286,.311,0.9237918215613383,0.5569575847385659,0.5975836431226766,0.5004055150040552,0.7258364312267658,0.8262081784386617,0.8271375464684015,0.8094795539033457,0.18308550185873607,0.12453531598513011,0.27137546468401486,0.48234200743494426,0.9089219330855018,0.23048327137546468,0.7936802973977695,0.2611516626115166,0.7007434944237918,0.7574349442379182,0.5724907063197026,.194,.285,3.4,16,22.137404580152673,88.8,36,32.6,17,32.4,.233,.360,.315,.375,1.7,3,28,5,2,34,1,57,327,106,0.42763999999999996,0.624324,0.809524,0.119948
Hayden Birdsong,SFG,,24,41,33,167,.294,.337,0.9219330855018587,0.5246620457051087,0.37105018587360594,0.5004055150040552,0.662639405204461,0.6171003717472119,0.8345724907063197,0.6068773234200744,0.24814126394052044,0.4312267657992565,0.031598513011152414,0.011152416356877323,0.9405204460966543,0.8615241635687733,0.550185873605948,0.3033252230332522,0.9219330855018587,0.8039033457249071,0.4851301115241636,.219,.282,5,14.6,26.744186046511626,91.3,55,34.1,6,27.8,.242,.366,.394,.368,2.4,1,6,2,0,8,1,14,72,20,0.43452399999999997,0.56962,0.8,0.113095
Zebby Matthews,MIN,,25,80,78,321,.295,.362,0.9200743494423792,0.48833924520944577,0.13057620817843865,0.5004055150040552,0.6477695167286245,0.2527881040892193,0.16821561338289961,0.07434944237918216,0.9981412639405205,0.8271375464684015,0.19052044609665428,0.08921933085501858,0.7983271375464684,0.6802973977695167,0.6328996282527881,0.9018653690186536,0.1895910780669145,0.1412639405204461,0.7397769516728625,.250,.413,11.1,1.3,30.90909090909091,89.3,44.4,28.7,10,29.1,.295,.313,.538,.373,7.5,6,1,5,1,23,4,23,165,48,0.515528,0.7012189999999999,0.886957,0.13354000000000002
Cade Povich,BAL,,25,315,284,1263,.266,.275,0.9182156133828996,0.6548510172044891,0.6981877323420075,0.5004055150040552,0.8494423791821561,0.7648698884758365,0.6970260223048327,0.44609665427509293,0.7592936802973977,0.5315985130111525,0.8215613382899628,0.8280669144981413,0.7769516728624535,0.34851301115241634,0.5343866171003717,0.3077858880778589,0.8252788104089219,0.5436802973977695,0.46096654275092935,.203,.320,6.1,8.6,27.617602427921096,86.1,29.9,28.3,15,27.5,.208,.276,.349,.272,3.8,12,27,17,1,59,7,89,550,151,0.434783,0.600969,0.833333,0.11146199999999999
Cade Horton,CHC,,24,81,67,325,.309,.354,0.9163568773234201,0.5334910419876365,0.5522769516728624,0.5004055150040552,0.4767657992565056,0.6171003717472119,0.26579925650557623,0.10130111524163568,0.3131970260223048,0.7732342007434945,0.9386617100371747,0.9033457249070632,0.7323420074349443,0.00929368029739777,0.7704460966542751,0.5693430656934306,0.4033457249070632,0.3903345724907063,0.8494423791821561,.219,.385,10.4,13.6,30.17751479289941,84.3,27.1,27.2,26,31.8,.254,.346,.493,.295,6.2,5,11,2,1,17,4,22,154,49,0.467692,0.669014,0.852632,0.14461500000000002
Ronny Henriquez,MIA,,25,236,217,908,.267,.339,0.9144981412639405,0.6152754286047369,0.41728624535315983,0.5004055150040552,0.8429368029739777,0.6970260223048327,0.6505576208178439,0.5074349442379182,0.8763940520446096,0.6431226765799256,0.2936802973977695,0.2174721189591078,0.6087360594795539,0.8615241635687733,0.6840148698884758,0.6366585563665855,0.5631970260223048,0.8215613382899628,0.7881040892193308,.211,.329,5.7,7.2,28.633405639913235,88.7,40.5,25,6,30,.272,.326,.461,.333,3.8,9,17,10,2,59,9,59,433,130,0.47634799999999994,0.647856,0.794425,0.137514
Trey McLoughlin,NYM,,26,37,32,160,.266,.345,0.912639405204461,0.6540765438463726,0.5381040892193308,0.5004055150040552,0.8494423791821561,0.9107806691449815,0.5278810408921933,0.6849442379182156,0.5446096654275093,0.9256505576208178,0.48420074349442377,0.45539033457249073,0.8345724907063197,0.34851301115241634,0.7825278810408922,0.7181670721816708,0.4944237918215613,0.8866171003717472,0.9228624535315985,.174,.349,4.5,10.8,32.92682926829269,87.9,36.4,29.7,15,32.1,.219,.297,.531,.250,2.7,1,4,4,0,7,2,11,78,25,0.4875,0.6575340000000001,0.770833,0.15625
Sean Burke,CHW,,25,276,235,1206,.273,.312,0.9107806691449815,0.6362636566096934,0.6947026022304833,0.5004055150040552,0.8150557620817844,0.8717472118959108,0.8169144981412639,0.671003717472119,0.3596654275092937,0.3754646840148699,0.4600371747211896,0.8308550185873605,0.8754646840148699,0.23048327137546468,0.8280669144981413,0.6374695863746959,0.2788104089219331,0.9182156133828996,0.8736059479553904,.186,.291,4.6,13,26.229508196721312,88,29.8,31.2,17,33.1,.196,.308,.400,.245,2.5,7,36,10,1,46,12,86,574,190,0.47638800000000003,0.684669,0.760814,0.14912999999999998
Domingo Gonzalez,SEA,,26,124,103,484,.292,.271,0.9089219330855018,0.613494139881069,0.495817843866171,0.5004055150040552,0.679368029739777,0.8262081784386617,0.7044609665427509,0.11431226765799256,0.5734200743494424,0.8029739776951673,0.7379182156133829,0.42657992565055763,0.9684014869888475,0.13011152416356878,0.8977695167286245,0.6155717761557178,0.6933085501858736,0.8726765799256505,0.9070631970260223,.194,.318,10,10.5,30.612244897959183,86.7,36.7,36.3,19,35.4,.175,.301,.282,.281,4.8,6,13,5,0,18,2,45,229,81,0.473141,0.626087,0.777778,0.15495899999999999
Cristian Mena,ARI,,22,421,370,1646,.307,.350,0.9070631970260223,0.5786428387658273,0.5887546468401487,0.5004055150040552,0.49907063197026025,0.49907063197026025,0.4117100371747212,0.47769516728624534,0.5306691449814126,0.6115241635687733,0.7118959107806692,0.7537174721189591,0.5548327137546468,0.7304832713754646,0.662639405204461,0.472830494728305,0.5074349442379182,0.25650557620817843,0.6617100371747212,.230,.362,5.9,10.9,28.35164835164835,86.8,31.6,24.2,9,29.7,.268,.354,.449,.331,3.8,16,46,18,2,99,15,102,757,225,0.457247,0.6561640000000001,0.868476,0.126137
Randy Rodríguez,SFG,,26,42,38,176,.250,.239,0.9052044609665427,0.6743677458290244,0.7432620817843865,0.5004055150040552,0.9228624535315985,0.7685873605947955,0.870817843866171,0.7927509293680297,0.662639405204461,0.9944237918215614,0.4340148698884758,0.8754646840148699,0.5408921933085502,0.23048327137546468,0.49907063197026025,0.8771289537712895,0.7825278810408922,0.3475836431226766,0.6440520446096655,.202,.271,3.6,9.5,38.75,88.1,28.6,23.8,17,27.2,.184,.262,.263,.250,2.4,1,4,3,0,7,0,10,92,25,0.511364,0.608696,0.857143,0.125
Clayton Beeter,WSN,,27,146,124,623,.239,.229,0.9033457249070632,0.7793088858538079,0.9072955390334573,0.5004055150040552,0.9479553903345725,0.9451672862453532,0.966542750929368,0.9656133828996283,0.25650557620817843,0.7565055762081785,0.7908921933085502,0.9061338289962825,0.9488847583643123,0.41356877323420077,0.9535315985130112,0.2473641524736415,0.8866171003717472,0.7007434944237918,0.8921933085501859,.164,.215,0,14.4,29.799426934097422,86.3,27,34.9,14,38.1,.145,.267,.210,.233,0,0,21,5,0,18,1,51,265,101,0.424679,0.5851850000000001,0.8164560000000001,0.15224400000000002
Jordan Wicks,CHC,,26,86,77,375,.298,.338,0.9014869888475836,0.6454798895712796,0.7511617100371748,0.5004055150040552,0.5966542750929368,0.31691449814126393,0.4340148698884758,0.7843866171003717,0.6830855018587361,0.7695167286245354,0.9433085501858736,0.8429368029739777,0.7611524163568774,0.41356877323420077,0.699814126394052,0.5312246553122466,0.4423791821561338,0.4107806691449814,0.7304832713754646,.245,.360,3.7,9.3,30.136986301369863,84.2,29.6,27.9,14,30.2,.234,.302,.494,.265,2.3,2,8,5,0,18,5,24,172,52,0.462963,0.664596,0.850467,0.132275
Andre Granillo,STL,,25,204,172,838,.302,.296,0.8996282527881041,0.5788751807732623,0.591775092936803,0.5004055150040552,0.5436802973977695,0.7462825278810409,0.6552044609665427,0.23234200743494424,0.2211895910780669,0.879182156133829,0.8345724907063197,0.6449814126394052,0.7611524163568774,0.06598513011152417,0.8615241635687733,0.635036496350365,0.24721189591078066,0.8085501858736059,0.895910780669145,.206,.328,7.8,15.2,31.732776617954073,86,33.9,27.9,21,34,.192,.319,.331,.248,4.4,9,31,4,1,33,6,57,400,136,0.476134,0.688385,0.798354,0.152745
Reggie Crawford,SFG,,24,34,25,150,.291,.215,0.8977695167286245,0.5771713393854061,0.5729553903345724,0.5004055150040552,0.6886617100371747,0.983271375464684,0.9684014869888475,0.9656133828996283,0.06691449814126393,0.0055762081784386614,0.3429368029739777,0.01486988847583643,0.9061338289962825,0.5631970260223048,0.9200743494423792,0.12084347120843472,0.7620817843866171,0.9814126394052045,0.7323420074349443,.142,.210,0,20.6,12.5,88.5,53.3,32.4,12,36.2,.080,.294,.080,.133,0,0,7,0,0,2,0,11,58,21,0.390728,0.6125,0.693878,0.13245
Quinn Mathews,STL,,25,78,64,331,.302,.376,0.895910780669145,0.6376577086543033,0.7860130111524163,0.5004055150040552,0.5436802973977695,0.7555762081784386,0.7927509293680297,0.8921933085501859,0.137546468401487,0.27137546468401486,0.7118959107806692,0.7472118959107806,0.7704460966542751,0.6802973977695167,0.8485130111524164,0.17396593673965938,0.8039033457249071,0.8643122676579925,0.7044609665427509,.205,.296,2.4,17.9,24.74226804123711,86.8,31.7,28.2,10,33.8,.281,.410,.438,.415,1.3,1,14,7,0,18,1,22,136,46,0.40963900000000003,0.605634,0.7790699999999999,0.129518
Reid Detmers,LAA,,26,341,310,1290,.280,.350,0.8940520446096655,0.6155077706121718,0.38382899628252787,0.5004055150040552,0.7778810408921933,0.7369888475836431,0.49256505576208176,0.09665427509293681,0.8141263940520446,0.9423791821561338,0.6301115241635687,0.3159851301115242,0.8327137546468402,0.41356877323420077,0.8327137546468402,0.8564476885644768,0.18401486988847585,0.6988847583643123,0.9052044609665427,.207,.354,10.5,7.9,33.18181818181819,87.2,38.6,29.6,14,33.2,.258,.323,.494,.323,6.5,22,27,13,3,80,18,101,659,219,0.508121,0.7020930000000001,0.8165140000000001,0.15467899999999998
Omar Cruz,SDP,,26,164,140,672,.257,.279,0.8921933085501859,0.7414371386419116,0.8392193308550185,0.5004055150040552,0.8949814126394052,0.895910780669145,0.9172862453531598,0.9284386617100372,0.2815985130111524,0.8996282527881041,0.8066914498141264,0.7044609665427509,0.8150557620817844,0.34851301115241634,0.904275092936803,0.8840227088402269,0.046468401486988845,0.8568773234200744,0.9628252788104089,.181,.248,1.1,14,32.075471698113205,86.2,32.6,29.3,15,35.7,.214,.323,.279,.315,0.6,1,23,6,0,30,1,48,345,123,0.5125930000000001,0.733766,0.7831859999999999,0.167407
Ian Seymour,TBR,,26,221,197,812,.244,.293,0.8903345724907064,0.752124870983919,0.825511152416357,0.5004055150040552,0.9349442379182156,0.9200743494423792,0.8773234200743495,0.6849442379182156,0.7592936802973977,0.8828996282527881,0.8810408921933085,0.8587360594795539,0.7881040892193308,0.13011152416356878,0.8076208178438662,0.7364152473641524,0.26022304832713755,0.8382899628252788,0.8754646840148699,.172,.269,4.5,8.6,31.79723502304148,85.5,29.1,28.5,19,32.7,.208,.294,.365,.268,2.7,6,19,10,0,41,7,63,398,130,0.48959600000000003,0.686813,0.792,0.149327
Jaden Hill,COL,,25,38,30,157,.294,.416,0.8884758364312267,0.6706502737100654,0.6486988847583642,0.5004055150040552,0.662639405204461,0.929368029739777,0.8977695167286245,0.47769516728624534,0.19330855018587362,0.29460966542750927,0.3652416356877323,0.854089219330855,0.9423791821561338,0.9572490706319703,0.9730483271375465,0.25790754257907544,0.7899628252788105,0.9312267657992565,0.9591078066914498,.170,.264,5.9,15.8,25,88.4,29.4,34.2,3,38.8,.300,.447,.500,.500,2.6,1,6,3,0,9,1,13,67,26,0.426752,0.608108,0.755556,0.165605
Adam Mazur,MIA,,24,263,248,1018,.299,.353,0.8866171003717472,0.4607679936604991,0.270910780669145,0.5004055150040552,0.5771375464684015,0.29460966542750927,0.24070631970260223,0.2788104089219331,0.9730483271375465,0.8754646840148699,0.17193308550185873,0.39219330855018586,0.4758364312267658,0.34851301115241634,0.40055762081784385,0.6423357664233577,0.31226765799256506,0.08364312267657993,0.2379182156133829,.247,.392,7.4,4.9,31.721470019342355,89.5,37.2,22.8,15,25.7,.282,.323,.500,.333,5.3,14,13,17,2,70,11,60,505,130,0.476965,0.6787880000000001,0.9017860000000001,0.09485089999999999
Eric Cerantola,KCR,,25,63,53,244,.313,.354,0.8847583643122676,0.4769544868451335,0.16054832713754646,0.5004055150040552,0.4349442379182156,0.6552044609665427,0.35315985130111527,0.16728624535315986,0.38011152416356875,0.6152416356877324,0.02137546468401487,0.10037174721189591,0.8884758364312267,0.6254646840148699,0.9814126394052045,0.4708029197080292,0.4721189591078067,0.9488847583643123,0.9758364312267658,.215,.373,8.8,12.7,28.35820895522388,91.6,44.1,31.7,11,40.5,.245,.349,.472,.323,4.8,3,8,3,0,13,3,20,111,45,0.457143,0.66087,0.75,0.17551
Deivi García,FA,,26,224,189,926,.277,.336,0.8828996282527881,0.7110003356679341,0.7746282527881041,0.5004055150040552,0.7964684014869888,0.7955390334572491,0.8401486988847584,0.8968401486988847,0.4256505576208178,0.862453531598513,0.7118959107806692,0.6496282527881041,0.7546468401486989,0.5631970260223048,0.7351301115241635,0.7210056772100568,0.28345724907063197,0.8680297397769516,0.8048327137546468,.198,.281,2.3,12.1,31.557377049180328,86.8,33.8,27.7,12,30.7,.254,.357,.402,.344,1.3,3,27,11,1,48,5,62,453,139,0.48814700000000005,0.6834859999999999,0.778524,0.139009
Blake Walston,ARI,,24,287,247,1125,.313,.348,0.8810408921933085,0.5691168164609947,0.6047862453531598,0.5004055150040552,0.4349442379182156,0.47769516728624534,0.4637546468401487,0.6068773234200744,0.5734200743494424,0.671003717472119,0.7379182156133829,0.6105947955390335,0.5315985130111525,0.6254646840148699,0.595724907063197,0.5871857258718572,0.4163568773234201,0.3736059479553903,0.6394052044609665,.232,.357,5,10.5,28.85906040268457,86.7,34.4,23.7,11,28.5,.267,.360,.433,.335,3.1,9,30,11,3,66,8,68,534,152,0.46991099999999997,0.667315,0.8542270000000001,0.124779
Michael McGreevy,STL,,25,635,587,2440,.284,.312,0.879182156133829,0.6508237557422833,0.733039033457249,0.5004055150040552,0.7453531598513011,0.40613382899628253,0.5381040892193308,0.7388475836431226,0.9014869888475836,0.9219330855018587,0.9014869888475836,0.7537174721189591,0.40985130111524165,0.8169144981412639,0.17565055762081785,0.7088402270884022,0.45724907063197023,0.10966542750929369,0.30855018587360594,.237,.348,4.2,6.9,32.80060882800609,85.1,31.6,21.7,7,22.1,.259,.312,.404,.316,3,19,44,33,5,152,14,138,1193,264,0.48628699999999997,0.663025,0.897338,0.100287
Joe Rock,TBR,,25,605,559,2131,.308,.329,0.8773234200743495,0.5566477953953193,0.5081319702602229,0.5004055150040552,0.48698884758364314,0.18680297397769516,0.2258364312267658,0.40892193308550184,0.9488847583643123,0.9609665427509294,0.7379182156133829,0.6598513011152416,0.4163568773234201,0.6802973977695167,0.46654275092936803,0.9440389294403893,0.2379182156133829,0.6245353159851301,0.7546468401486989,.257,.396,6.3,5.8,33.983572895277206,86.7,33.4,21.8,10,26.7,.281,.328,.431,.338,4.5,27,35,31,1,157,17,132,1141,305,0.5343939999999999,0.6900930000000001,0.8245399999999999,0.134768
Mason Montgomery,TBR,,25,401,356,1591,.326,.375,0.8754646840148699,0.46580207048825617,0.31064126394052044,0.5004055150040552,0.31226765799256506,0.18680297397769516,0.19423791821561337,0.2695167286245353,0.7128252788104089,0.8736059479553904,0.5213754646840149,0.25743494423791824,0.6830855018587361,0.34851301115241634,0.7295539033457249,0.8605028386050284,0.23234200743494424,0.828996282527881,0.8605947955390335,.257,.406,7.5,9,31.691919191919194,87.7,39.6,26.2,15,30.6,.292,.362,.514,.360,4.7,19,36,20,1,104,19,105,815,249,0.509102,0.6913100000000001,0.793621,0.146265
AJ Smith-Shawver,ATL,,22,364,320,1475,.313,.322,0.8736059479553904,0.3928466801536837,0.15845724907063197,0.5004055150040552,0.4349442379182156,0.6310408921933085,0.20074349442379183,0.08178438661710037,0.5157992565055762,0.36988847583643125,0.17193308550185873,0.17936802973977695,0.7927509293680297,0.09014869888475836,0.7453531598513011,0.6220600162206001,0.31970260223048325,0.7732342007434945,0.8197026022304833,.218,.404,11,11,26.12859097127223,89.5,41.3,28.6,20,31,.212,.302,.441,.242,6.6,24,40,13,0,68,20,104,704,218,0.474542,0.678129,0.8073020000000001,0.14053
Hans Crouse,FA,,27,129,116,575,.245,.273,0.8717472118959108,0.6357989725948238,0.39707249070631967,0.5004055150040552,0.9312267657992565,0.9377323420074349,0.8113382899628253,0.04275092936802974,0.612453531598513,0.9405204460966543,0.1812267657992565,0.5529739776951673,0.9907063197026023,0.13011152416356878,0.9981412639405205,0.6909975669099757,0.3141263940520446,0.9907063197026023,0.9944237918215614,.167,.292,12.3,10.1,33.134328358208954,89.4,35.1,45.7,19,46.8,.190,.271,.345,.340,5.4,7,13,6,0,22,4,59,280,131,0.48347799999999996,0.678715,0.662722,0.21913000000000002
Max Lazar,PHI,,26,131,118,543,.254,.240,0.8698884758364313,0.7303621696208461,0.7221189591078068,0.5004055150040552,0.9117100371747212,0.8382899628252788,0.8401486988847584,0.5864312267657993,0.8364312267657993,0.5204460966542751,0.5213754646840149,0.9405204460966543,0.7704460966542751,0.9024163568773235,0.595724907063197,0.36253041362530414,0.8810408921933085,0.17657992565055763,0.49070631970260226,.191,.281,5.1,7.6,27.49003984063745,87.7,25.6,28.2,5,28.5,.203,.275,.246,.284,3.1,4,10,2,0,24,1,37,239,68,0.441392,0.585965,0.8802399999999999,0.113553
Gavin Williams,CLE,,26,58,49,262,.296,.368,0.8680297397769516,0.5407710915539315,0.41473048327137546,0.5004055150040552,0.6319702602230484,0.6477695167286245,0.6310408921933085,0.35223048327137546,0.4256505576208178,0.5780669144981413,0.4340148698884758,0.241635687732342,0.9442379182156134,0.17657992565055763,0.9256505576208178,0.7558799675587997,0.5037174721189591,0.929368029739777,0.9572490706319703,.216,.334,6.7,12.1,28.03030303030303,88.1,40,34.5,18,36.4,.286,.379,.469,.429,3.4,2,7,3,0,14,2,20,129,47,0.49236599999999997,0.656489,0.755814,0.164122
Spencer Arrighetti,HOU,,25,37,30,156,.314,.307,0.8661710037174721,0.5403838548748733,0.5657527881040892,0.5004055150040552,0.4228624535315985,0.5622676579925651,0.8215613382899628,0.9656133828996283,0.11059479553903345,0.716542750929368,0.31691449814126393,0.15892193308550187,0.7239776951672863,0.34851301115241634,0.8364312267657993,0.3860502838605028,0.9163568773234201,0.895910780669145,0.8178438661710037,.224,.289,0,18.9,29.268292682926827,88.6,42.1,27,15,33.3,.233,.378,.267,.350,0,0,7,1,0,7,0,10,69,23,0.44586000000000003,0.573333,0.767442,0.140127
Slade Cecconi,CLE,,26,178,165,694,.247,.260,0.8643122676579925,0.6852103728426552,0.6733271375464684,0.5004055150040552,0.9275092936802974,0.8187732342007435,0.7788104089219331,0.40892193308550184,0.8680297397769516,0.36617100371747213,0.8810408921933085,0.6245353159851301,0.8522304832713755,0.5631970260223048,0.6328996282527881,0.6439578264395782,0.37732342007434944,0.7444237918215614,0.6356877323420075,.195,.298,6.3,7.3,26.073619631901842,85.5,34.2,30.3,12,29.1,.188,.247,.345,.245,3.9,7,13,9,1,31,5,54,330,96,0.47707700000000003,0.672176,0.811475,0.124642
Antonio Jimenez,SFG,,24,102,95,414,.257,.302,0.862453531598513,0.5726019465725188,0.5436802973977696,0.5004055150040552,0.8949814126394052,0.7239776951672863,0.7174721189591078,0.54182156133829,0.9014869888475836,0.5799256505576208,0.578996282527881,0.33643122676579923,0.4052044609665427,0.41356877323420077,0.27695167286245354,0.7437145174371452,0.258364312267658,0.49907063197026025,0.5306691449814126,.208,.314,5.5,6.9,28.03738317757009,87.4,38.4,21.6,14,24,.242,.294,.400,.286,3.9,4,7,6,0,23,3,22,204,49,0.490338,0.686869,0.8382350000000001,0.115942
Jeff Criswell,COL,,26,272,239,1100,.281,.391,0.8605947955390335,0.5949067792862736,0.4465613382899628,0.5004055150040552,0.7685873605947955,0.6728624535315985,0.5427509293680297,0.18587360594795538,0.6533457249070632,0.8698884758364313,0.5548327137546468,0.5027881040892194,0.8550185873605948,0.17657992565055763,0.8559479553903345,0.7493917274939172,0.4349442379182156,0.7676579925650557,0.9312267657992565,.213,.347,8.6,9.6,31.643356643356647,87.5,35.8,30.5,18,33.9,.305,.368,.561,.399,5.1,14,26,15,2,73,14,83,542,184,0.49138699999999996,0.666041,0.808451,0.157752
Ryan Weathers,MIA,,25,36,31,142,.333,.322,0.8587360594795539,0.5397642761883801,0.612685873605948,0.5004055150040552,0.24442379182156135,0.1579925650557621,0.3382899628252788,0.5269516728624535,0.2899628252788104,0.19888475836431227,0.6895910780669146,0.895910780669145,0.9637546468401487,0.6802973977695167,0.9907063197026023,0.4261962692619627,0.38382899628252787,0.983271375464684,0.9795539033457249,.261,.376,5.6,13.9,23.61111111111111,86.9,27.8,36.1,10,42.2,.258,.361,.355,.444,2.8,1,5,1,1,8,0,13,64,27,0.450704,0.671642,0.6888890000000001,0.176056
Joey Estes,ATH,,24,125,114,474,.317,.391,0.8568773234200744,0.4854736937844148,0.4532992565055762,0.5004055150040552,0.395910780669145,0.40613382899628253,0.13475836431226765,0.22304832713754646,0.8085501858736059,0.9646840148698885,0.6059479553903345,0.8494423791821561,0.370817843866171,0.23048327137546468,0.3355018587360595,0.8978102189781022,0.18773234200743494,0.6970260223048327,0.4684014869888476,.237,.423,8,8,34.309623430962354,87.3,29.5,20.8,17,24.9,.272,.336,.596,.296,5.6,7,10,8,4,31,7,26,245,61,0.514768,0.701245,0.8165680000000001,0.11181400000000001
Alec Marsh,KCR,,27,70,62,265,.230,.197,0.8550185873605948,0.8318181795341051,0.8557156133828996,0.5004055150040552,0.9721189591078067,0.95817843866171,0.949814126394052,0.8726765799256505,0.7592936802973977,0.7946096654275093,0.8810408921933085,0.7193308550185874,0.9591078066914498,0.7741635687732342,0.8410780669144982,0.4647201946472019,0.7936802973977695,0.5780669144981413,0.8122676579925651,.159,.233,2.7,8.6,30.434782608695656,85.5,32.4,35.7,8,33.6,.129,.229,.177,.194,1.4,1,6,0,0,8,1,25,122,41,0.456604,0.6074069999999999,0.829268,0.139623
Ty Madden,DET,,25,369,328,1480,.309,.400,0.8531598513011153,0.4374563455811929,0.17774163568773235,0.5004055150040552,0.4767657992565056,0.5288104089219331,0.2908921933085502,0.15520446096654275,0.5446096654275093,0.6226765799256505,0.11895910780669144,0.14591078066914498,0.7527881040892194,0.23048327137546468,0.8819702602230484,0.5709651257096513,0.41821561338289964,0.6914498141263941,0.8847583643122676,.227,.382,9,10.8,28.41191066997519,90,42.8,27.6,17,34.8,.302,.379,.558,.392,5.4,20,40,29,2,99,17,102,695,242,0.46792700000000004,0.667162,0.817372,0.149899
Hunter Bigge,TBR,,27,77,67,347,.179,.243,0.8513011152416357,0.6412202861016391,0.45608736059479554,0.5004055150040552,0.9944237918215614,0.9981412639405205,0.9962825278810409,0.40892193308550184,0.45539033457249073,0.9182156133828996,0.03810408921933085,0.38104089219330856,0.9925650557620818,0.03438661710037175,0.9767657992565055,0.8536090835360909,0.33271375464684017,0.9767657992565055,0.9851301115241635,.100,.166,6.3,11.7,32.77777777777778,91.1,37.5,46.8,23,39,.119,.221,.328,.143,2.6,2,9,2,0,8,4,36,159,62,0.507692,0.6769229999999999,0.727273,0.184615
AJ Blubaugh,HOU,,25,521,466,2206,.309,.316,0.8494423791821561,0.523035651653064,0.5295074349442379,0.5004055150040552,0.4767657992565056,0.3503717472118959,0.3671003717472119,0.4312267657992565,0.6533457249070632,0.7806691449814126,0.6301115241635687,0.6895910780669146,0.5827137546468402,0.41356877323420077,0.40055762081784385,0.6699107866991079,0.30297397769516726,0.5557620817843866,0.5446096654275093,.242,.370,6.2,9.6,30.228619813717195,87.2,33.2,24.6,14,25.7,.247,.326,.388,.312,4,21,50,22,1,115,14,128,1073,276,0.48103,0.67977,0.832158,0.117435
Brad Lord,WSN,,25,238,212,946,.297,.320,0.8475836431226765,0.5545567173284048,0.5204460966542751,0.5004055150040552,0.6180297397769516,0.40613382899628253,0.5604089219330854,0.5864312267657993,0.7778810408921933,0.8178438661710037,0.6059479553903345,0.32899628252788105,0.5139405204460966,0.48977695167286245,0.44888475836431224,0.7980535279805353,0.3345724907063197,0.49535315985130113,0.5520446096654275,.237,.344,5.1,8.4,30.816326530612244,87.3,38.5,23.5,13,26.4,.259,.336,.387,.333,3.4,8,20,11,2,55,4,56,473,125,0.499472,0.676856,0.8387100000000001,0.11826800000000001
Chayce McDermott,BAL,,27,433,369,1838,.254,.313,0.845724907063197,0.6882308189393095,0.7393122676579926,0.5004055150040552,0.9117100371747212,0.9256505576208178,0.9275092936802974,0.7927509293680297,0.2899628252788104,0.70817843866171,0.578996282527881,0.6579925650557621,0.9237918215613383,0.13011152416356878,0.9117100371747212,0.31873479318734793,0.8234200743494424,0.8587360594795539,0.8828996282527881,.171,.242,3.6,13.9,29.206963249516445,87.4,33.5,33.3,19,36,.220,.333,.366,.326,1.8,8,60,19,1,81,11,144,803,289,0.436788,0.601449,0.783133,0.149756
Jordan Balazovic,DET,,27,158,142,636,.282,.324,0.8438661710037175,0.6552382538835474,0.45910780669144985,0.5004055150040552,0.7592936802973977,0.5985130111524164,0.6700743494423792,0.7230483271375465,0.662639405204461,0.8680297397769516,0.3429368029739777,0.10037174721189591,0.8671003717472119,0.9340148698884758,0.8364312267657993,0.7023519870235199,0.5315985130111525,0.5947955390334573,0.8531598513011153,.221,.324,4.3,9.5,31.61094224924012,88.5,44.1,31,4,33.3,.261,.335,.401,.378,2.5,4,15,9,1,37,3,49,309,103,0.48517899999999997,0.653465,0.828283,0.145086
River Ryan,LAD,,27,66,58,250,.261,.271,0.8420074349442379,0.7885251188153939,0.8259758364312267,0.5004055150040552,0.8773234200743495,0.7369888475836431,0.8466542750929368,0.8856877323420075,0.699814126394052,0.6858736059479554,0.8587360594795539,0.7128252788104089,0.8029739776951673,0.9897769516728625,0.8652416356877324,0.8077858880778589,0.275092936802974,0.7063197026022305,0.8661710037174721,.207,.280,2.5,9.1,28.925619834710737,85.7,32.5,28.8,1,34.1,.224,.303,.293,.308,1.5,1,6,1,0,13,1,19,126,43,0.5,0.6850390000000001,0.816092,0.14800000000000002
Jordan Leasure,CHW,,27,40,33,156,.267,.333,0.8401486988847584,0.7652134707360876,0.7409386617100373,0.5004055150040552,0.8429368029739777,0.9414498141263941,0.9302973977695167,0.6421933085501859,0.23141263940520446,0.9275092936802974,0.4340148698884758,0.9572490706319703,0.8447955390334573,0.9572490706319703,0.9730483271375465,0.8864557988645579,0.04460966542750929,0.9200743494423792,0.983271375464684,.165,.241,4.8,15,32.95454545454545,88.1,23.8,30,3,38.8,.212,.350,.394,.300,2.5,1,6,3,0,7,1,12,80,31,0.5128199999999999,0.735294,0.76,0.17948699999999998
Justin Wrobleski,LAD,,25,130,111,529,.322,.393,0.8382899628252788,0.4324222687534358,0.3438661710037175,0.5004055150040552,0.35223048327137546,0.3299256505576208,0.35315985130111527,0.18587360594795538,0.2983271375464684,0.5882899628252788,0.2174721189591078,0.6189591078066915,0.9024163568773235,0.34851301115241634,0.49349442379182157,0.5344687753446877,0.5511152416356877,0.34014869888475835,0.41263940520446096,.244,.373,8.6,13.8,28.089887640449444,89.1,34.3,32.3,15,27.1,.306,.400,.514,.455,4.6,6,18,7,2,34,4,42,247,67,0.46327700000000005,0.65,0.857988,0.10734500000000001
Hurston Waldrep,ATL,,23,170,144,677,.316,.302,0.8364312267657993,0.477031934180945,0.3740706319702602,0.5004055150040552,0.4052044609665427,0.4879182156133829,0.39219330855018586,0.12732342007434944,0.275092936802974,0.5185873605947955,0.48420074349442377,0.49256505576208176,0.6310408921933085,0.6802973977695167,0.7295539033457249,0.4509326845093268,0.3308550185873606,0.7100371747211895,0.6486988847583643,.231,.365,9.7,14.1,27.4869109947644,87.9,35.9,25.3,10,30.6,.229,.335,.333,.300,5.9,10,24,4,1,33,3,43,310,95,0.453608,0.677083,0.815385,0.125184
Walter Pennington,BAL,,27,251,225,984,.250,.243,0.8345724907063197,0.7690858375266701,0.649860594795539,0.5004055150040552,0.9228624535315985,0.8262081784386617,0.8401486988847584,0.800185873605948,0.7778810408921933,0.9442379182156134,0.6301115241635687,0.32899628252788105,0.9117100371747212,0.8615241635687733,0.8847583643122676,0.6204379562043796,0.7453531598513011,0.5892193308550185,0.9256505576208178,.194,.281,3.5,8.4,33.20079522862823,87.2,38.5,32.7,6,34.9,.182,.257,.280,.254,2,5,21,4,0,41,6,82,473,165,0.474074,0.61674,0.828571,0.156614
Kyle Amendt,ARI,,25,63,49,301,.298,.351,0.8327137546468402,0.6670102489269177,0.9075278810408922,0.5004055150040552,0.5966542750929368,0.8763940520446096,0.9442379182156134,0.8336431226765799,0.04553903345724907,0.0762081784386617,0.9897769516728625,0.862453531598513,0.7927509293680297,0.7304832713754646,0.7555762081784386,0.2335766423357664,0.40148698884758366,0.9079925650557621,0.6152416356877324,.185,.235,3.2,22.2,20.987654320987648,80.9,29,28.6,9,31.5,.245,.413,.347,.367,1.6,1,14,2,0,12,1,18,127,40,0.42192700000000005,0.669291,0.764706,0.122924
Connor Noland,CHC,,26,209,192,820,.285,.347,0.8308550185873605,0.5989340407484792,0.6521840148698884,0.5004055150040552,0.7342007434944238,0.31691449814126393,0.5492565055762082,0.800185873605948,0.8763940520446096,0.5446096654275093,0.5548327137546468,0.7044609665427509,0.5111524163568774,0.48977695167286245,0.6050185873605948,0.6966747769667477,0.17100371747211895,0.32899628252788105,0.654275092936803,.245,.346,3.5,7.2,27.68878718535469,87.5,32.6,23.4,13,28.7,.276,.325,.484,.319,2.4,5,15,10,0,53,10,49,397,114,0.48426199999999997,0.703797,0.859712,0.125908
Eric Pardinho,TOR,,24,126,106,525,.298,.311,0.828996282527881,0.5931254905626056,0.7351301115241635,0.5004055150040552,0.5966542750929368,0.6310408921933085,0.7843866171003717,0.7732342007434945,0.26394052044609667,0.2862453531598513,0.6505576208178439,0.7323420074349443,0.4962825278810409,0.6802973977695167,0.7221189591078067,0.2360097323600973,0.5855018587360595,0.4312267657992565,0.6189591078066915,.218,.297,3.8,14.3,24.91467576791809,87.1,32.1,23,10,30.5,.226,.341,.349,.280,2.4,3,18,2,1,24,3,29,220,67,0.42234799999999995,0.64574,0.8472219999999999,0.123106
Adisyn Coffey,CHW,,26,146,129,570,.276,.261,0.8271375464684015,0.6165920333135348,0.5329925650557621,0.5004055150040552,0.8029739776951673,0.6830855018587361,0.7639405204460966,0.7053903345724907,0.46189591078066916,0.7602230483271375,0.3652416356877323,0.29739776951672864,0.7128252788104089,0.48977695167286245,0.8559479553903345,0.8248175182481752,0.08364312267657993,0.9684014869888475,0.9646840148698885,.212,.302,4.4,11.6,29.965156794425088,88.4,38.9,26.7,13,33.9,.202,.295,.271,.281,2.7,4,17,6,0,26,1,39,286,97,0.501754,0.723022,0.736318,0.16842100000000002
Logan VanWey,HOU,,26,304,257,1300,.270,.307,0.8252788104089219,0.6773881919256787,0.7927509293680297,0.5004055150040552,0.8299256505576208,0.895910780669145,0.8680297397769516,0.5864312267657993,0.3745353159851301,0.4656133828996282,0.8810408921933085,0.8355018587360595,0.8986988847583643,0.29275092936802977,0.699814126394052,0.4290348742903488,0.5427509293680297,0.4628252788104089,0.6059479553903345,.181,.272,5.1,12.8,27.02702702702703,85.5,29.7,32.2,16,30.2,.222,.336,.342,.325,2.6,8,39,10,0,57,7,98,587,177,0.450995,0.6512,0.8427520000000001,0.122511
Anderson Pilar,ATL,,27,63,55,277,.258,.291,0.8234200743494424,0.8155542390136589,0.9131040892193308,0.5004055150040552,0.8912639405204461,0.895910780669145,0.8949814126394052,0.8494423791821561,0.5037174721189591,0.895910780669145,0.9572490706319703,0.9507434944237918,0.9488847583643123,0.5631970260223048,0.9349442379182156,0.6942416869424168,0.3048327137546468,0.9535315985130112,0.9609665427509294,.181,.265,3,11.1,32.02614379084967,83.5,24.2,34.9,12,36.6,.200,.302,.345,.290,1.6,1,7,2,0,11,2,22,134,49,0.483755,0.679688,0.7471260000000001,0.16606500000000002
Chase Lee,DET,,27,144,131,539,.261,.310,0.8215613382899628,0.693342343102878,0.600139405204461,0.5004055150040552,0.8773234200743495,0.7881040892193308,0.7351301115241635,0.5074349442379182,0.8364312267657993,0.9460966542750929,0.48420074349442377,0.6737918215613383,0.8122676579925651,0.5631970260223048,0.595724907063197,0.6982968369829684,0.48141263940520446,0.7388475836431226,0.7184014869888475,.199,.310,5.7,7.6,33.203125,87.9,33.3,29.2,12,28.5,.260,.326,.374,.368,3.5,5,11,7,1,34,2,42,267,76,0.484375,0.659794,0.8125,0.130208
Yoendrys Gómez,CHW,,26,340,293,1397,.310,.302,0.8197026022304833,0.5084755525204742,0.40845724907063197,0.5004055150040552,0.47026022304832715,0.7063197026022305,0.3736059479553903,0.15520446096654275,0.4972118959107807,0.7118959107806692,0.4079925650557621,0.6970260223048327,0.7434944237918215,0.13011152416356878,0.70817843866171,0.6382806163828062,0.26765799256505574,0.7806691449814126,0.7639405204460966,.210,.369,9,11.2,29.22868741542625,88.2,33,27.4,19,30.3,.195,.303,.379,.238,5.3,18,38,10,4,57,12,93,667,202,0.476429,0.685801,0.806167,0.135
Oddanier Mosqueda,STL,,26,290,244,1198,.282,.301,0.8178438661710037,0.6281316863494706,0.6019981412639405,0.5004055150040552,0.7592936802973977,0.8048327137546468,0.8271375464684015,0.7053903345724907,0.39219330855018586,0.5427509293680297,0.5046468401486989,0.370817843866171,0.8447955390334573,0.6802973977695167,0.6050185873605948,0.3300892133008921,0.8568773234200744,0.6263940520446096,0.5223048327137546,.197,.285,4.4,12.4,27.684563758389267,87.8,37.7,30,10,28.7,.205,.324,.340,.278,2.4,7,36,7,1,50,8,87,526,151,0.438538,0.593388,0.8245129999999999,0.115448
Joey Cantillo,CLE,,25,170,143,727,.297,.324,0.8159851301115242,0.5156781547509576,0.4591078066914498,0.5004055150040552,0.6180297397769516,0.7555762081784386,0.6877323420074349,0.5539033457249071,0.24070631970260223,0.21561338289962825,0.4600371747211896,0.13475836431226765,0.8447955390334573,0.34851301115241634,0.8280669144981413,0.3730738037307381,0.5762081784386617,0.8977695167286245,0.8345724907063197,.205,.322,5.4,14.7,23.86058981233244,88,43,30,15,33.1,.231,.347,.378,.326,2.9,5,25,7,1,33,4,51,323,107,0.44368100000000005,0.6462399999999999,0.767241,0.14285699999999998
Elvis Alvarado,ATH,,26,213,168,947,.290,.301,0.8141263940520446,0.6347921572292723,0.6686802973977696,0.5004055150040552,0.6988847583643123,0.8801115241635687,0.9070631970260223,0.7574349442379182,0.14312267657992564,0.37174721189591076,0.5548327137546468,0.45539033457249073,0.9237918215613383,0.48977695167286245,0.9349442379182156,0.4639091646390917,0.5687732342007435,0.9628252788104089,0.8717472118959108,.184,.254,4,17.8,26.129666011787812,87.5,36.4,33.3,13,36.6,.196,.357,.280,.320,1.9,4,38,6,1,33,2,71,434,159,0.45627,0.647436,0.739274,0.148577
Juan Sanchez,SFG,,24,148,116,624,.308,.267,0.8122676579925651,0.6027289602032501,0.6735594795539034,0.5004055150040552,0.48698884758364314,0.8615241635687733,0.800185873605948,0.46189591078066916,0.11059479553903345,0.4423791821561338,0.7788104089219331,0.6533457249070632,0.5213754646840149,0.7741635687732342,0.8410780669144982,0.3568532035685321,0.4962825278810409,0.9163568773234201,0.828996282527881,.187,.294,6,18.9,26.80115273775216,86.4,33.7,23.6,8,33.6,.147,.318,.233,.185,3.4,5,28,2,1,17,2,35,274,92,0.440705,0.656934,0.761111,0.142628
Tobias Myers,MIL,,27,74,67,292,.209,.252,0.8104089219330854,0.752124870983919,0.8055297397769516,0.5004055150040552,0.9888475836431226,0.9535315985130112,0.9730483271375465,0.9656133828996283,0.662639405204461,0.21189591078066913,0.578996282527881,0.7044609665427509,0.9061338289962825,0.8169144981412639,0.7630111524163569,0.17193836171938362,0.9516728624535316,0.9488847583643123,0.6635687732342007,.160,.206,0,9.5,23.809523809523807,87.4,32.6,32.4,7,31.7,.194,.270,.284,.268,0,0,7,0,0,13,2,24,120,38,0.409556,0.556291,0.75,0.12628
Braxton Ashcraft,PIT,,26,78,73,286,.235,.232,0.8085501858736059,0.6497394930409204,0.5604089219330856,0.5004055150040552,0.9618959107806692,0.8131970260223048,0.8113382899628253,0.6068773234200744,0.9684014869888475,0.6765799256505576,0.48420074349442377,0.3392193308550186,0.2128252788104089,0.7741635687732342,0.6477695167286245,0.8811841038118411,0.05390334572490706,0.6933085501858736,0.8345724907063197,.196,.292,5,5.1,28.87323943661972,87.9,38.3,17.9,8,29.3,.205,.247,.274,.254,3.8,3,4,5,0,15,0,14,147,43,0.512195,0.732394,0.817308,0.14285699999999998
Landen Roupp,SFG,,27,89,75,383,.255,.269,0.8066914498141264,0.7738875723469922,0.9474907063197027,0.5004055150040552,0.9061338289962825,0.9256505576208178,0.9479553903345725,0.9033457249070632,0.19888475836431227,0.18587360594795538,0.9572490706319703,0.9814126394052045,0.9321561338289963,0.9024163568773235,0.9451672862453532,0.10786699107866993,0.9851301115241635,0.9442379182156134,0.7184014869888475,.171,.234,2.2,15.7,23.30097087378641,83.5,20,33.7,5,37,.187,.315,.253,.295,1.1,1,14,2,0,14,1,30,146,54,0.382812,0.513228,0.752577,0.130208
Bryce Elder,ATL,,26,429,385,1580,.299,.287,0.8048327137546468,0.6303776590880082,0.6726301115241635,0.5004055150040552,0.5771375464684015,0.30390334572490707,0.5427509293680297,0.7388475836431226,0.6830855018587361,0.9368029739776952,0.7118959107806692,0.6970260223048327,0.5408921933085502,0.8615241635687733,0.47026022304832715,0.6686942416869425,0.3736059479553903,0.25092936802973975,0.637546468401487,.246,.347,4.2,9.3,33.0760749724366,86.8,33,23.8,6,26.8,.239,.310,.332,.307,2.8,12,40,18,0,92,6,102,768,206,0.481013,0.672489,0.87013,0.12468399999999999
Michael Arias,NYY,,23,182,144,796,.319,.374,0.8029739776951673,0.49631632079804544,0.5562267657992566,0.5004055150040552,0.379182156133829,0.6830855018587361,0.7304832713754646,0.5864312267657993,0.11524163568773234,0.06505576208178439,0.2342007434944238,0.6737918215613383,0.6310408921933085,0.5631970260223048,0.7936802973977695,0.16220600162206,0.6394052044609665,0.8550185873605948,0.6505576208178439,.212,.311,5.1,18.7,20.642201834862387,89,33.3,25.3,12,32.4,.278,.423,.410,.385,2.7,5,34,10,0,40,3,46,324,105,0.405779,0.6381220000000001,0.78355,0.125628
Nick Nastrini,LAD,,25,391,332,1547,.327,.355,0.8011152416356877,0.4313380060520728,0.36477695167286245,0.5004055150040552,0.30018587360594795,0.3903345724907063,0.24070631970260223,0.40892193308550184,0.3382899628252788,0.6486988847583643,0.31691449814126393,0.49256505576208176,0.620817843866171,0.09014869888475836,0.8280669144981413,0.6253041362530414,0.33643122676579923,0.7044609665427509,0.879182156133829,.238,.392,6.3,13.3,28.67557715674362,88.6,35.9,25.1,20,33.1,.250,.354,.464,.300,3.8,15,52,14,3,83,17,98,734,243,0.474774,0.676554,0.816284,0.149418
Logan Workman,TBR,,26,101,88,409,.273,.326,0.7992565055762082,0.6704179317026303,0.8134293680297398,0.5004055150040552,0.8150557620817844,0.7955390334572491,0.7304832713754646,0.6421933085501859,0.5306691449814126,0.5037174721189591,0.9237918215613383,0.9572490706319703,0.654275092936803,0.06598513011152417,0.9256505576208178,0.9310624493106244,0.022304832713754646,0.9386617100371747,0.9814126394052045,.198,.311,4.8,10.9,27.363184079601982,84.6,23.8,25.7,21,36.4,.273,.356,.375,.361,3,3,11,3,0,24,2,26,214,78,0.525547,0.758621,0.753247,0.177616
Doug Nikhazy,CLE,,26,298,260,1158,.294,.279,0.7973977695167286,0.5440238796580207,0.491403345724907,0.5004055150040552,0.662639405204461,0.6830855018587361,0.6310408921933085,0.6421933085501859,0.483271375464684,0.6003717472118959,0.31691449814126393,0.3754646840148699,0.6254646840148699,0.34851301115241634,0.6589219330855018,0.6536901865369019,0.17286245353159851,0.6152416356877324,0.7137546468401487,.212,.334,4.8,11.4,28.26797385620915,88.6,37.6,25.2,15,29.6,.196,.295,.323,.242,3,9,34,7,1,51,8,75,554,164,0.47844799999999993,0.703774,0.825737,0.130172
Alfredo Zarraga,TBR,,24,65,55,262,.316,.350,0.7955390334572491,0.5229582043172525,0.566217472118959,0.5004055150040552,0.4052044609665427,0.3745353159851301,0.6310408921933085,0.5864312267657993,0.21096654275092938,0.2620817843866171,0.5548327137546468,0.49256505576208176,0.5827137546468402,0.8615241635687733,0.8131970260223048,0.5502838605028386,0.12453531598513011,0.9423791821561338,0.8215613382899628,.240,.334,5.1,15.4,24.65753424657534,87.5,35.9,24.6,6,32.8,.273,.385,.400,.368,3.1,2,10,4,0,15,1,16,122,40,0.465649,0.714286,0.752941,0.141221
Kyle Hurt,LAD,,27,65,53,272,.269,.267,0.7936802973977695,0.6625183034498422,0.7609200743494423,0.5004055150040552,0.8327137546468402,0.9377323420074349,0.9358736059479554,0.9656133828996283,0.11988847583643122,0.5594795539033457,0.6059479553903345,0.5362453531598513,0.9349442379182156,0.03438661710037175,0.9869888475836431,0.2911597729115977,0.8113382899628253,0.8438661710037175,0.9368029739776952,.167,.237,0,18.5,27.81456953642384,87.3,35.5,33.8,23,41.2,.170,.323,.226,.290,0,0,12,3,0,9,0,22,119,49,0.431734,0.603604,0.791045,0.158672
Mike Burrows,PIT,,25,168,149,667,.309,.337,0.79182156133829,0.436991661566323,0.16868029739776952,0.5004055150040552,0.4767657992565056,0.49907063197026025,0.23605947955390336,0.17657992565055763,0.724907063197026,0.38847583643122674,0.040892193308550186,0.2211895910780669,0.7193308550185874,0.48977695167286245,0.7704460966542751,0.8888888888888888,0.02973977695167286,0.8884758364312267,0.8698884758364313,.230,.393,8.7,8.9,26.33136094674556,91,40.4,26.8,13,31.8,.248,.321,.463,.303,5.4,9,15,11,0,37,7,45,343,109,0.513473,0.748466,0.770492,0.148204
DJ Herz,WSN,,24,167,136,726,.302,.280,0.7899628252788105,0.4718429626815647,0.5211431226765799,0.5004055150040552,0.5436802973977695,0.8447955390334573,0.7537174721189591,0.54182156133829,0.1171003717472119,0.10037174721189591,0.4600371747211896,0.32899628252788105,0.6942379182156134,0.047397769516728624,0.7295539033457249,0.16626115166261152,0.828996282527881,0.8243494423791822,0.5260223048327137,.190,.305,5.5,18.6,21.761658031088082,88,38.5,26.3,22,30.6,.176,.329,.257,.236,3,5,31,2,0,24,3,44,297,91,0.40633600000000003,0.6,0.794118,0.115702
George Soriano,MIA,,26,155,136,608,.296,.321,0.7881040892193308,0.604045564912048,0.5155669144981412,0.5004055150040552,0.6319702602230484,0.6654275092936803,0.4972118959107807,0.12732342007434944,0.5157992565055762,0.75,0.7118959107806692,0.7258364312267658,0.7825278810408922,0.6254646840148699,0.7146840148698885,0.4979724249797242,0.7732342007434945,0.8531598513011153,0.7862453531598513,.214,.353,9.7,11,29.6875,86.8,32.3,28.4,11,30.4,.221,.310,.426,.259,5.8,9,17,4,0,30,8,44,280,85,0.45990200000000003,0.610224,0.7853399999999999,0.13748
Shane Baz,TBR,,26,178,150,705,.307,.330,0.7862453531598513,0.5997859614424074,0.7815985130111525,0.5004055150040552,0.49907063197026025,0.5176579925650557,0.6775092936802974,0.8680297397769516,0.3671003717472119,0.7620817843866171,0.7379182156133829,0.8429368029739777,0.5901486988847584,0.34851301115241634,0.48605947955390333,0.5717761557177615,0.6319702602230484,0.2992565055762082,0.5780669144981413,.228,.323,2.8,12.9,30.026809651474533,86.7,29.6,24.7,15,27,.260,.365,.373,.349,1.7,3,23,9,1,39,2,44,330,89,0.46808500000000003,0.6393939999999999,0.862559,0.12056700000000001
Will Warren,NYY,,26,482,432,1944,.300,.334,0.7843866171003717,0.5183113641685535,0.26510223048327136,0.5004055150040552,0.5669144981412639,0.5176579925650557,0.3466542750929368,0.19516728624535315,0.800185873605948,0.5092936802973977,0.27137546468401486,0.24721189591078066,0.7704460966542751,0.8169144981412639,0.6775092936802974,0.4371451743714517,0.7026022304832714,0.6078066914498141,0.6022304832713755,.228,.374,8.4,8.1,27.417746759720842,88.8,39.9,28.2,7,29.9,.262,.333,.433,.337,5.2,25,39,15,1,113,19,136,879,263,0.451745,0.623711,0.8264459999999999,0.122177
Cody Bolton,HOU,,27,125,111,487,.242,.282,0.7825278810408922,0.7973541150979214,0.8910315985130111,0.5004055150040552,0.9395910780669146,0.9024163568773235,0.9144981412639405,0.8773234200743495,0.7379182156133829,0.7063197026022305,0.8968401486988847,0.8754646840148699,0.7323420074349443,0.8615241635687733,0.6236059479553904,0.4614760746147608,0.3429368029739777,0.48141263940520446,0.5882899628252788,.180,.249,2.6,8.8,29.182879377431913,85.2,28.6,27.2,6,29,.225,.304,.324,.303,1.6,2,11,3,1,25,2,34,224,65,0.45585200000000003,0.676056,0.8402780000000001,0.12115
Wyatt Olds,BOS,,26,123,93,538,.325,.400,0.7806691449814126,0.6154303232763602,0.8640799256505576,0.5004055150040552,0.32620817843866173,0.8262081784386617,0.7676579925650557,0.8094795539033457,0.09014869888475836,0.1412639405204461,0.9052044609665427,0.9739776951672863,0.7881040892193308,0.29275092936802977,0.9637546468401487,0.09367396593673966,0.9684014869888475,0.9219330855018587,0.8085501858736059,.194,.301,3.4,19.5,22.516556291390724,84.9,22,28.5,16,38.5,.280,.447,.452,.400,1.6,2,24,4,0,26,4,35,205,79,0.375465,0.541833,0.7573529999999999,0.139405
Porter Hodge,CHC,,24,76,64,317,.326,.343,0.7788104089219331,0.49941421423051136,0.5934014869888475,0.5004055150040552,0.31226765799256506,0.3503717472118959,0.5111524163568774,0.6849442379182156,0.19330855018587362,0.016728624535315983,0.4340148698884758,0.7434944237918215,0.6942379182156134,0.8615241635687733,0.6905204460966543,0.0665044606650446,0.966542750929368,0.4888475836431227,0.3680297397769517,.242,.351,4.5,15.8,16.455696202531644,88.1,31.8,26.3,6,30.1,.281,.395,.359,.395,2.6,2,12,2,0,18,1,20,113,34,0.35646700000000003,0.543624,0.839506,0.104101
Kyle Nicolas,PIT,,26,44,33,192,.301,.206,0.7769516728624535,0.512270471975245,0.32597583643122674,0.5004055150040552,0.5566914498141264,0.9879182156133829,0.8652416356877324,0.028810408921933085,0.0724907063197026,0.912639405204461,0.06412639405204461,0.34572490706319703,0.8271375464684015,0.026022304832713755,0.9600371747211895,0.3990267639902677,0.7565055762081785,0.9079925650557621,0.9684014869888475,.136,.273,14.3,20.5,32.45614035087719,90.6,38.1,29.5,24,38.4,.061,.273,.091,.095,6.8,3,9,1,0,2,0,13,86,33,0.447917,0.614458,0.764706,0.171875
Chad Patrick,MIL,,27,553,504,2169,.277,.288,0.775092936802974,0.5932029378984173,0.4544609665427509,0.5004055150040552,0.7964684014869888,0.6830855018587361,0.5278810408921933,0.29182156133828996,0.8838289962825279,0.9349442379182156,0.48420074349442377,0.5139405204460966,0.6830855018587361,0.17657992565055763,0.6421933085501859,0.8872668288726683,0.09479553903345725,0.7973977695167286,0.8066914498141264,.212,.349,7.2,7.1,33.072236727589214,87.9,35.7,26.2,18,29.2,.216,.280,.379,.269,4.7,26,39,30,2,109,16,145,1119,327,0.513128,0.720773,0.801609,0.139106
Jake Bloss,TOR,,24,142,125,602,.287,.336,0.7732342007434945,0.49445758473856594,0.5552973977695167,0.5004055150040552,0.7184014869888475,0.6421933085501859,0.6877323420074349,0.44609665427509293,0.5678438661710037,0.5074349442379182,0.4340148698884758,0.6533457249070632,0.31226765799256506,0.17657992565055763,0.2871747211895911,0.31549067315490675,0.9368029739776952,0.0055762081784386614,0.4284386617100372,.217,.322,6.1,10.6,27.41433021806853,88.1,33.7,19.7,18,24.1,.256,.338,.432,.290,4.2,6,15,7,0,32,5,28,266,64,0.43636400000000003,0.565217,1,0.10909100000000001
Hunter Dobbins,BOS,,26,88,76,330,.311,.317,0.7713754646840149,0.4868677458290244,0.42634758364312264,0.5004055150040552,0.46189591078066916,0.21468401486988847,0.6505576208178439,0.7843866171003717,0.6013011152416357,0.4684014869888476,0.11895910780669144,0.15148698884758363,0.6087360594795539,0.6802973977695167,0.6013011152416357,0.8459042984590429,0.16356877323420074,0.19516728624535315,0.7788104089219331,.254,.329,3.7,10.2,27.044025157232703,90,42.6,25,10,28.6,.263,.356,.342,.358,2.3,2,9,3,0,20,1,22,168,48,0.506061,0.705521,0.8782610000000001,0.136364
Austin Roberts,MIL,,27,81,69,340,.272,.279,0.7695167286245354,0.6981440779232004,0.7616171003717472,0.5004055150040552,0.8215613382899628,0.8884758364312267,0.7537174721189591,0.7053903345724907,0.3131970260223048,0.6449814126394052,0.8066914498141264,0.7806691449814126,0.8643122676579925,0.5631970260223048,0.7351301115241635,0.6845093268450932,0.17843866171003717,0.5223048327137546,0.7843866171003717,.182,.305,4.4,13.6,28.64864864864865,86.2,31.1,30.9,12,30.7,.203,.309,.304,.279,2.5,2,11,1,0,14,2,25,163,50,0.48245600000000005,0.70303,0.8362069999999999,0.137427
Jose Acuna,CIN,,23,65,58,267,.329,.458,0.7676579925650557,0.3504055401289005,0.23605947955390336,0.5004055150040552,0.2815985130111524,0.07342007434944238,0.09665427509293681,0.22304832713754646,0.9368029739776952,0.9386617100371747,0.27137546468401486,0.35315985130111527,0.10408921933085502,0.047397769516728624,0.37825278810408924,0.9156528791565288,0.00929368029739777,0.4200743494423792,0.7611524163568774,.276,.442,8,6.2,33.10344827586207,88.8,38,15.4,22,25.5,.397,.431,.672,.438,6.2,4,4,6,2,23,2,10,141,36,0.5205989999999999,0.781513,0.849462,0.134831
Andrew Morris,MIN,,24,136,123,545,.312,.280,0.7657992565055762,0.4714557260025065,0.43308550185873607,0.5004055150040552,0.4479553903345725,0.2695167286245353,0.2825278810408922,0.2843866171003718,0.800185873605948,0.7397769516728625,0.5548327137546468,0.6105947955390335,0.3271375464684015,0.6802973977695167,0.15985130111524162,0.7956204379562044,0.29739776951672864,0.21561338289962825,0.3159851301115242,.249,.383,7.3,8.1,29.571984435797674,87.5,34.4,19.9,10,21.8,.211,.287,.341,.247,5.1,7,11,5,1,26,3,27,275,60,0.499086,0.680272,0.875,0.100548
Brandon Young,BAL,,27,372,334,1438,.245,.290,0.7639405204460966,0.6938070271177481,0.8343401486988847,0.5004055150040552,0.9312267657992565,0.8262081784386617,0.8903345724907064,0.8596654275092936,0.724907063197026,0.5278810408921933,0.7379182156133829,0.8494423791821561,0.6617100371747212,0.29275092936802977,0.5232342007434945,0.7615571776155717,0.3252788104089219,0.604089219330855,0.5799256505576208,.194,.266,2.9,8.9,27.59103641456583,86.7,29.5,25.8,16,27.4,.237,.306,.347,.308,1.9,7,33,16,0,79,7,96,711,195,0.493065,0.677463,0.826693,0.12066600000000001
Gunnar Hoglund,ATH,,25,111,100,425,.297,.340,0.7620817843866171,0.5280697284808212,0.6131505576208178,0.5004055150040552,0.6180297397769516,0.5176579925650557,0.42193308550185876,0.5864312267657993,0.7128252788104089,0.7360594795539034,0.7118959107806692,0.7323420074349443,0.31970260223048325,0.09014869888475836,0.38940520446096655,0.699918896999189,0.10966542750929369,0.18680297397769516,0.3550185873605948,.228,.361,5.1,9,29.55465587044534,86.8,32.1,19.8,20,25.6,.250,.324,.460,.274,3.6,4,10,6,0,25,5,22,207,53,0.484706,0.717391,0.8787879999999999,0.103529
Sauryn Lao,WSN,,26,126,111,508,.299,.316,0.7602230483271375,0.619225242731131,0.8301579925650558,0.5004055150040552,0.5771375464684015,0.18680297397769516,0.6775092936802974,0.9284386617100372,0.662639405204461,0.7881040892193308,0.8485130111524164,0.8661710037174721,0.31970260223048325,0.7304832713754646,0.3447955390334573,0.8905109489051095,0.03531598513011153,0.24349442379182157,0.5037174721189591,.257,.323,1.1,9.5,30.357142857142854,85.8,28.7,19.8,9,25,.261,.341,.369,.326,0.8,1,12,9,0,29,1,25,260,65,0.513726,0.745614,0.8705879999999999,0.113725
Richard Fitts,BOS,,25,491,443,1888,.307,.325,0.758364312267658,0.42181198374724005,0.19052044609665428,0.5004055150040552,0.49907063197026025,0.3503717472118959,0.24070631970260223,0.24349442379182157,0.845724907063197,0.8568773234200744,0.09014869888475836,0.18773234200743494,0.4674721189591078,0.41356877323420077,0.36617100371747213,0.8694241686942417,0.241635687732342,0.4349442379182156,0.5910780669144982,.242,.392,7.7,7.5,31.42536475869809,90.3,41.1,22.6,14,25.3,.253,.314,.438,.292,5.3,26,37,23,1,112,19,111,969,245,0.510323,0.68934,0.846834,0.121228
Jackson Jobe,DET,,23,43,38,169,.296,.415,0.7565055762081785,0.41220851410659565,0.4093866171003718,0.5004055150040552,0.6319702602230484,0.38382899628252787,0.6598513011152416,0.9656133828996283,0.46189591078066916,0.8159851301115242,0.006505576208178439,0.0055762081784386614,0.11895910780669144,0.29275092936802977,0.10315985130111524,0.7875101378751014,0.3940520446096654,0.10408921933085502,0.23605947955390336,.239,.327,0,11.6,30.76923076923077,93.4,61.3,16.3,16,20.2,.316,.395,.579,.345,0,0,5,4,0,12,2,7,84,17,0.497041,0.670455,0.8983049999999999,0.09467460000000001
Francisco Morales,FA,,26,101,73,403,.364,.414,0.7546468401486989,0.4382308189393094,0.19772304832713755,0.5004055150040552,0.10687732342007435,0.7239776951672863,0.4033457249070632,0.05762081784386617,0.08085501858736059,0.6579925650557621,0.2342007434944238,0.09572490706319703,0.8578066914498141,0.5631970260223048,0.9767657992565055,0.1516626115166261,0.862453531598513,0.3680297397769517,0.8866171003717472,.208,.363,11.6,19.8,28.74015748031496,89,44.2,30.7,12,39,.274,.455,.493,.415,5,5,20,3,2,20,3,31,164,64,0.401985,0.592105,0.855556,0.151365
Prelander Berroa,CHW,,25,215,175,880,.325,.381,0.7527881040892194,0.4355201621859017,0.42309479553903345,0.5004055150040552,0.32620817843866173,0.40613382899628253,0.4767657992565056,0.5539033457249071,0.17100371747211895,0.4163568773234201,0.38661710037174724,0.275092936802974,0.4758364312267658,0.29275092936802977,0.9451672862453532,0.3795620437956204,0.4758364312267658,0.9460966542750929,0.9349442379182156,.237,.356,5.4,16.3,26.58730158730159,88.3,39.2,22.8,16,37,.286,.400,.480,.350,3.3,7,35,11,1,50,7,49,392,145,0.44507399999999997,0.6604770000000001,0.751004,0.15855
Bryan Mata,BOS,,26,48,36,214,.321,.313,0.7509293680297398,0.6144235079108088,0.8057620817843867,0.5004055150040552,0.3596654275092937,0.7955390334572491,0.7927509293680297,0.7574349442379182,0.24814126394052044,0.966542750929368,0.7788104089219331,0.8940520446096655,0.6087360594795539,0.29275092936802977,0.37825278810408924,0.34387672343876724,0.7788104089219331,0.6654275092936803,0.4758364312267658,.198,.296,4,14.6,34.375,86.4,28,25,16,25.5,.194,.375,.278,.250,2.1,1,7,0,0,7,1,12,94,24,0.43925200000000003,0.6097560000000001,0.82,0.11215
Austin Pope,ARI,,27,266,230,1080,.307,.344,0.7490706319702602,0.5763194186914778,0.5940985130111524,0.5004055150040552,0.49907063197026025,0.3382899628252788,0.6050185873605948,0.7843866171003717,0.43308550185873607,0.654275092936803,0.48420074349442377,0.5027881040892194,0.6942379182156134,0.6802973977695167,0.7397769516728625,0.6042173560421735,0.370817843866171,0.533457249070632,0.758364312267658,.243,.338,3.7,12,28.7215411558669,87.9,35.8,26.3,10,30.8,.287,.376,.400,.392,2.3,6,32,12,1,66,4,70,510,157,0.471837,0.6727270000000001,0.834835,0.134811
Mason Black,SFG,,25,366,319,1468,.293,.328,0.7472118959107806,0.5619142142305115,0.7032992565055762,0.5004055150040552,0.6719330855018587,0.6310408921933085,0.6598513011152416,0.5864312267657993,0.5594795539033457,0.43308550185873607,0.7908921933085502,0.7760223048327137,0.5408921933085502,0.34851301115241634,0.24442379182156135,0.4444444444444444,0.6356877323420075,0.36617100371747213,0.27137546468401486,.218,.327,5.1,10.7,26.754966887417222,86.3,31.2,23.8,15,23.4,.245,.333,.414,.296,3.3,12,39,14,2,78,12,87,667,156,0.452689,0.6391180000000001,0.8556030000000001,0.09666439999999998
Ryan Gusto,MIA,,26,616,551,2350,.284,.295,0.7453531598513011,0.5881688610706601,0.6438197026022304,0.5004055150040552,0.7453531598513011,0.5780669144981413,0.6449814126394052,0.6217472118959108,0.7592936802973977,0.8327137546468402,0.6700743494423792,0.6384758364312267,0.48698884758364314,0.29275092936802977,0.2871747211895911,0.8199513381995134,0.35315985130111527,0.483271375464684,0.4516728624535316,.223,.330,4.9,8.6,30.968858131487888,87,34,22.9,16,24.1,.234,.307,.361,.287,3.2,20,53,22,3,129,14,141,1186,286,0.501061,0.674361,0.8398530000000001,0.11073399999999999
Colton Gordon,HOU,,26,508,463,2014,.273,.303,0.7434944237918215,0.6076081423593838,0.6905204460966543,0.5004055150040552,0.8150557620817844,0.6552044609665427,0.6775092936802974,0.6421933085501859,0.8680297397769516,0.7546468401486989,0.7379182156133829,0.7044609665427509,0.5762081784386617,0.17657992565055763,0.18308550185873607,0.6358475263584753,0.6895910780669146,0.27137546468401486,0.2732342007434944,.215,.323,4.8,7.3,29.735234215885946,86.7,32.6,24.4,18,22.2,.235,.301,.391,.294,3.1,16,37,21,6,109,13,124,959,213,0.476308,0.627197,0.8657819999999999,0.0967423
Angel Macuare,FA,,25,186,161,695,.314,.350,0.741635687732342,0.40539314855517067,0.22606877323420074,0.5004055150040552,0.4228624535315985,0.6171003717472119,0.2620817843866171,0.1607806691449814,0.6421933085501859,0.6728624535315985,0.2936802973977695,0.18773234200743494,0.4340148698884758,0.047397769516728624,0.6236059479553904,0.9067315490673156,0.120817843866171,0.7342007434944238,0.6440520446096655,.219,.386,8.9,9.7,28.869047619047613,88.7,41.1,22,22,29,.267,.344,.472,.308,5.9,11,18,12,0,43,7,41,359,104,0.517241,0.7151,0.8127489999999999,0.125
Ryan Loutos,WSN,,26,228,205,908,.284,.311,0.7397769516728625,0.5581967421115523,0.5151022304832714,0.5004055150040552,0.7453531598513011,0.5371747211895911,0.620817843866171,0.7490706319702602,0.6533457249070632,0.5882899628252788,0.38661710037174724,0.30390334572490707,0.6663568773234201,0.6254646840148699,0.3215613382899628,0.7469586374695864,0.4888475836431227,0.38661710037174724,0.44423791821561337,.226,.335,4.1,9.6,28.089887640449444,88.3,38.8,25.9,11,24.7,.259,.329,.376,.347,2.6,6,22,9,3,53,3,59,446,110,0.49067,0.658586,0.8527610000000001,0.109769
Ryan Webb,CLE,,26,147,132,587,.303,.308,0.7379182156133829,0.5253590717274136,0.3643122676579926,0.5004055150040552,0.5325278810408922,0.5985130111524164,0.26579925650557623,0.3020446096654275,0.7379182156133829,0.6877323420074349,0.4340148698884758,0.45539033457249073,0.4516728624535316,0.5631970260223048,0.775092936802974,0.6561232765612328,0.27137546468401486,0.671003717472119,0.8401486988847584,.221,.385,7.1,8.8,28.938906752411576,88.1,36.4,22.4,12,31.9,.235,.313,.386,.292,4.8,7,13,9,1,31,3,33,282,90,0.478705,0.685512,0.8195879999999999,0.143101
Jayvien Sandridge,NYY,,26,190,152,788,.311,.361,0.7360594795539034,0.5465796417398051,0.575046468401487,0.5004055150040552,0.46189591078066916,0.7732342007434945,0.6700743494423792,0.44609665427509293,0.137546468401487,0.5576208178438662,0.6700743494423792,0.5139405204460966,0.8271375464684015,0.23048327137546468,0.7704460966542751,0.4420113544201135,0.5947955390334573,0.741635687732342,0.7286245353159851,.201,.324,6.1,17.9,27.790432801822323,87,35.7,29.5,17,31.8,.243,.384,.434,.330,3.2,6,34,8,0,37,7,56,358,114,0.452471,0.644628,0.811966,0.13181199999999998
Jacob Lopez,ATH,,27,374,321,1576,.263,.295,0.7342007434944238,0.7249408561140305,0.8696561338289963,0.5004055150040552,0.8633828996282528,0.8382899628252788,0.8773234200743495,0.8336431226765799,0.43308550185873607,0.7379182156133829,0.9135687732342007,0.854089219330855,0.7769516728624535,0.34851301115241634,0.7221189591078067,0.5117599351175993,0.5539033457249071,0.845724907063197,0.7434944237918215,.191,.269,3.2,12,29.566210045662103,84.7,29.4,28.3,15,30.5,.209,.313,.343,.267,1.9,7,45,7,0,67,12,106,730,223,0.460809,0.649596,0.7883819999999999,0.134008
Mick Abel,MIN,,24,513,424,2088,.330,.376,0.7323420074349443,0.42026303703100704,0.40636617100371747,0.5004055150040552,0.2704460966542751,0.45353159851301117,0.3466542750929368,0.37825278810408924,0.2211895910780669,0.35687732342007433,0.4079925650557621,0.49256505576208176,0.4758364312267658,0.5631970260223048,0.5762081784386617,0.33171127331711275,0.6003717472118959,0.3271375464684015,0.4200743494423792,.234,.374,6.5,15.2,25.929203539823014,88.2,35.9,22.8,12,28.2,.278,.390,.479,.344,3.9,20,78,30,5,118,15,117,916,258,0.43875600000000003,0.6427039999999999,0.859766,0.10861199999999999
Julian Aguiar,CIN,,24,199,177,774,.314,.325,0.7304832713754646,0.4168553542552946,0.4377323420074349,0.5004055150040552,0.4228624535315985,0.36338289962825276,0.4479553903345725,0.5864312267657993,0.8085501858736059,0.38661710037174724,0.5046468401486989,0.21189591078066913,0.36338289962825276,0.23048327137546468,0.17565055762081785,0.8223844282238443,0.3271375464684015,0.43308550185873607,0.3754646840148699,.241,.359,5.1,8,26.33053221288516,87.8,40.6,20.6,17,22.1,.243,.317,.435,.280,3.5,7,16,10,3,43,6,41,390,86,0.501289,0.677419,0.8469389999999999,0.10438099999999999
Tyler Myrick,SFG,,27,143,123,558,.291,.294,0.7286245353159851,0.6557029378984173,0.7430297397769516,0.5004055150040552,0.6886617100371747,0.6654275092936803,0.7472118959107806,0.800185873605948,0.4423791821561338,0.8104089219330854,0.6059479553903345,0.8187732342007435,0.6663568773234201,0.48977695167286245,0.6328996282527881,0.7834549878345499,0.06133828996282528,0.4656133828996282,0.6960966542750929,.214,.306,3.5,11.9,30.67092651757189,87.3,30.2,25.9,13,29.1,.228,.336,.301,.310,2.1,3,17,3,0,28,2,37,278,81,0.49641599999999997,0.729508,0.8426969999999999,0.12903199999999998
Trey McGough,FA,,27,245,220,893,.256,.244,0.7267657992565055,0.6962078945279092,0.7455855018587361,0.5004055150040552,0.8996282527881041,0.7806691449814126,0.8048327137546468,0.7732342007434945,0.6737918215613383,0.8011152416356877,0.6505576208178439,0.7537174721189591,0.6765799256505576,0.48977695167286245,0.550185873605948,0.4736415247364152,0.5882899628252788,0.30111524163568776,0.5074349442379182,.200,.293,3.8,9.4,30.607476635514022,87.1,31.6,26.1,13,27.8,.195,.269,.268,.258,2.4,6,23,5,1,43,3,64,425,118,0.45731700000000003,0.645161,0.8625,0.113821
Adam Kloffenstein,TOR,,25,374,323,1455,.303,.334,0.724907063197026,0.5138968660272897,0.4716542750929368,0.5004055150040552,0.5325278810408922,0.6552044609665427,0.5715613382899628,0.3392193308550186,0.5157992565055762,0.6635687732342007,0.578996282527881,0.39684014869888473,0.30390334572490707,0.7304832713754646,0.37825278810408924,0.7031630170316302,0.3382899628252788,0.4851301115241636,0.5148698884758365,.215,.343,6.8,11,28.818061088977426,87.4,37.1,19.5,9,25.5,.241,.342,.415,.273,4.5,17,41,15,1,78,13,73,710,181,0.48524399999999995,0.676269,0.839757,0.114619
Amos Willingham,ATL,,27,288,256,1163,.299,.300,0.7230483271375465,0.5224160729665709,0.38592007434944237,0.5004055150040552,0.5771375464684015,0.4228624535315985,0.5111524163568774,0.7230483271375465,0.6737918215613383,0.9014869888475836,0.09758364312267657,0.21189591078066913,0.5901486988847584,0.48977695167286245,0.5697026022304833,0.7964314679643146,0.29182156133828996,0.5576208178438662,0.7267657992565055,.236,.351,4.3,9.4,32.088285229202036,90.2,40.6,24.7,13,28.1,.238,.316,.359,.308,2.8,8,27,12,2,61,5,71,583,164,0.499141,0.6810039999999999,0.8315790000000001,0.131443
Victor Mederos,LAA,,24,35,33,141,.301,.280,0.7211895910780669,0.4405542390136589,0.19934944237918217,0.5004055150040552,0.5566914498141264,0.4879182156133829,0.1570631970260223,0.07434944237918216,0.9516728624535316,0.9507434944237918,0.16263940520446096,0.4033457249070632,0.1607806691449814,0.8615241635687733,0.019516728624535316,0.9359286293592864,0.04925650557620818,0.23048327137546468,0.09107806691449814,.231,.416,11.1,5.7,33.33333333333333,89.6,37,17.1,6,16.2,.212,.257,.394,.231,8.6,3,2,1,1,7,1,6,74,12,0.528571,0.733333,0.872727,0.0785714
Max Meyer,MIA,,26,253,227,999,.300,.343,0.7193308550185874,0.502589554998789,0.3508364312267658,0.5004055150040552,0.5669144981412639,0.40613382899628253,0.4117100371747212,0.2695167286245353,0.662639405204461,0.5650557620817844,0.4340148698884758,0.28810408921933084,0.7369888475836431,0.7304832713754646,0.4591078066914498,0.8710462287104623,0.09665427509293681,0.516728624535316,0.5947955390334573,.237,.362,7.5,9.5,27.85862785862786,88.1,39,27.3,9,26.6,.269,.340,.449,.347,4.7,12,24,14,0,61,9,69,512,136,0.51049,0.720532,0.836412,0.121878
J.T. Ginn,ATH,,26,323,287,1236,.291,.341,0.7174721189591078,0.5688070271177481,0.5518122676579925,0.5004055150040552,0.6886617100371747,0.47769516728624534,0.6635687732342007,0.7388475836431226,0.7128252788104089,0.7100371747211895,0.4340148698884758,0.370817843866171,0.3996282527881041,0.8169144981412639,0.31226765799256506,0.4793187347931874,0.5464684014869888,0.137546468401487,0.3252788104089219,.232,.326,4.2,9,29.210134128166914,88.1,37.7,21.4,7,24.6,.275,.354,.418,.332,2.8,9,29,9,1,79,10,69,568,140,0.45799700000000004,0.6508470000000001,0.888021,0.100969
Hayden Juenger,TOR,,25,292,258,1151,.321,.318,0.7156133828996283,0.43660442488726486,0.3766263940520446,0.5004055150040552,0.3596654275092937,0.3299256505576208,0.25929368029739774,0.25743494423791824,0.7592936802973977,0.48141263940520446,0.578996282527881,0.4107806691449814,0.42657992565055763,0.5631970260223048,0.31226765799256506,0.5806974858069749,0.32899628252788105,0.3066914498141264,0.3828996282527881,.244,.387,7.6,8.6,27.197346600331674,87.4,36.9,21.9,12,24.6,.256,.329,.399,.313,5.1,15,25,11,4,66,6,64,541,133,0.469211,0.677239,0.862259,0.10494400000000001
Steven Cruz,KCR,,26,215,188,898,.307,.293,0.7137546468401487,0.49066266528379515,0.33015799256505574,0.5004055150040552,0.49907063197026025,0.5622676579925651,0.4117100371747212,0.32620817843866173,0.4972118959107807,0.4107806691449814,0.3652416356877323,0.2174721189591078,0.671003717472119,0.7741635687732342,0.6524163568773235,0.5085158150851582,0.5185873605947955,0.5018587360594795,0.5836431226765799,.224,.362,6.9,11.2,26.5658747300216,88.4,40.5,26,8,29.4,.223,.321,.324,.297,4.2,9,24,7,0,42,4,56,412,121,0.460599,0.654628,0.837931,0.120977
Frankie Scalzo Jr.,CHC,,25,134,115,552,.299,.365,0.7118959107806692,0.5461924050607468,0.5850371747211897,0.5004055150040552,0.5771375464684015,0.5622676579925651,0.6449814126394052,0.46189591078066916,0.4423791821561338,0.32342007434944237,0.6700743494423792,0.5631970260223048,0.5,0.7741635687732342,0.5343866171003717,0.19951338199513385,0.7072490706319703,0.33643122676579923,0.4033457249070632,.224,.330,6,11.9,25.477707006369428,87,34.9,23.1,8,27.5,.296,.388,.443,.378,3.7,5,16,8,0,34,3,31,229,63,0.41591300000000003,0.6234310000000001,0.85906,0.10669100000000001
Ethan Roberts,CHC,,28,65,55,250,.235,.246,0.7100371747211895,0.8504829874647122,0.9426115241635689,0.5004055150040552,0.9618959107806692,0.974907063197026,0.9609665427509294,0.8596654275092936,0.6905204460966543,0.9163568773234201,0.983271375464684,0.966542750929368,0.9024163568773235,0.5631970260223048,0.9256505576208178,0.4022708840227088,0.8113382899628253,0.7825278810408922,0.8810408921933085,.151,.218,2.9,9.2,32.638888888888886,81.9,22.9,32.3,12,36.4,.164,.281,.236,.242,1.5,1,6,1,0,9,1,21,110,40,0.448276,0.603604,0.80597,0.149425
Hayden Wesneski,HOU,,27,68,61,266,.268,.296,0.70817843866171,0.6970598152218374,0.595724907063197,0.5004055150040552,0.8364312267657993,0.7555762081784386,0.7592936802973977,0.8968401486988847,0.8578066914498141,0.8494423791821561,0.27137546468401486,0.45539033457249073,0.6087360594795539,0.6802973977695167,0.8931226765799256,0.6715328467153284,0.20631970260223048,0.9079925650557621,0.9014869888475836,.205,.304,2.3,7.4,31.292517006802722,88.8,36.4,25,10,35.2,.262,.338,.311,.349,1.5,1,5,0,0,16,1,17,128,45,0.481203,0.696721,0.764706,0.154135
Michael Byrne,FA,,28,28,25,128,.242,.309,0.7063197026022305,0.8488565934126676,0.9686338289962826,0.5004055150040552,0.9395910780669146,0.7732342007434945,0.9553903345724907,0.9656133828996283,0.8838289962825279,0.9033457249070632,0.9776951672862454,0.9758364312267658,0.9795539033457249,0.34851301115241634,0.983271375464684,0.2327656123276561,0.7128252788104089,0.9767657992565055,0.9228624535315985,.201,.226,0,7.1,32.09876543209877,82.4,21.4,39.3,15,40.7,.280,.357,.320,.500,0,0,2,1,0,7,0,11,54,22,0.421875,0.622642,0.727273,0.15625
Keider Montero,DET,,25,222,190,896,.305,.361,0.7044609665427509,0.41383490815864027,0.3643122676579925,0.5004055150040552,0.5130111524163569,0.6171003717472119,0.6050185873605948,0.35223048327137546,0.3224907063197026,0.31784386617100374,0.3652416356877323,0.13475836431226765,0.5678438661710037,0.23048327137546468,0.4395910780669145,0.4866180048661801,0.5148698884758365,0.29182156133828996,0.4312267657992565,.219,.338,6.7,13.5,25.376344086021515,88.4,43,24.3,17,26.3,.268,.374,.453,.351,4.1,9,30,10,5,51,5,54,411,108,0.458797,0.65493,0.863799,0.10913099999999999
Alex Cornwell,STL,,26,65,60,257,.241,.350,0.7026022304832714,0.6502816243916019,0.6512546468401488,0.5004055150040552,0.9423791821561338,0.8615241635687733,0.8271375464684015,0.7388475836431226,0.8252788104089219,0.6505576208178439,0.3652416356877323,0.6737918215613383,0.24814126394052044,0.9739776951672863,0.19609665427509293,0.7096512570965126,0.4275092936802974,0.3243494423791822,0.38661710037174724,.187,.285,4.2,7.7,28.68217054263566,88.4,33.3,18.5,2,22.4,.300,.354,.450,.348,3.1,2,5,3,0,18,2,12,125,28,0.48638100000000006,0.666667,0.8604649999999999,0.105058
Ben Casparius,LAD,,26,283,244,1173,.279,.269,0.7007434944237918,0.5109538672664471,0.5148698884758365,0.5004055150040552,0.783457249070632,0.8131970260223048,0.7434944237918215,0.7574349442379182,0.39219330855018586,0.45353159851301117,0.25092936802973975,0.3076208178438662,0.6384758364312267,0.09014869888475836,0.40055762081784385,0.6082725060827251,0.1821561338289963,0.5260223048327137,0.5111524163568774,.196,.307,4,12.4,26.923076923076927,88.9,38.7,25.4,20,25.7,.193,.300,.283,.254,2.5,7,35,8,1,47,4,72,557,143,0.472293,0.702166,0.835476,0.11423699999999999
Victor Santos,STL,,25,328,288,1236,.319,.353,0.6988847583643123,0.4507772873407964,0.5041821561338291,0.5004055150040552,0.379182156133829,0.18680297397769516,0.25929368029739774,0.37825278810408924,0.6282527881040892,0.7230483271375465,0.6895910780669146,0.6895910780669146,0.23141263940520446,0.41356877323420077,0.3299256505576208,0.7680454176804542,0.23977695167286245,0.5539033457249071,0.5483271375464684,.257,.387,6.5,9.8,29.383116883116887,86.9,33.2,18.3,14,24.8,.288,.360,.458,.330,4.6,15,32,12,5,83,9,60,609,151,0.49395600000000006,0.6893819999999999,0.832184,0.117647
Raymond Burgos,FA,,26,104,96,402,.298,.287,0.6970260223048327,0.5188534955192351,0.31133828996282525,0.5004055150040552,0.5966542750929368,0.4358736059479554,0.3159851301115242,0.49256505576208176,0.9758364312267658,0.5669144981412639,0.31691449814126393,0.11988847583643122,0.671003717472119,0.9572490706319703,0.27695167286245354,0.4363341443633415,0.7509293680297398,0.45260223048327136,0.37174721189591076,.235,.379,5.8,4.8,27.860696517412933,88.6,43.5,26,3,24,.219,.279,.375,.273,3.8,4,5,6,0,21,3,27,183,44,0.451613,0.6153850000000001,0.84375,0.104218
Brenan Hanifee,DET,,27,202,186,813,.274,.323,0.6951672862453532,0.696052999856286,0.704228624535316,0.5004055150040552,0.8085501858736059,0.6830855018587361,0.5604089219330854,0.5539033457249071,0.9014869888475836,0.828996282527881,0.9089219330855018,0.7936802973977695,0.6830855018587361,0.9340148698884758,0.19609665427509293,0.6463909164639091,0.7434944237918215,0.13568773234200743,0.30111524163568776,.212,.344,5.4,6.9,30.927835051546392,84.8,30.8,26.2,4,22.4,.247,.302,.452,.313,3.5,7,14,14,3,46,6,53,392,88,0.47730100000000003,0.616926,0.8880870000000001,0.0993865
Sammy Peralta,MIL,,27,209,179,789,.277,.315,0.6933085501858736,0.7316013269938324,0.8568773234200744,0.5004055150040552,0.7964684014869888,0.7685873605947955,0.8048327137546468,0.7648698884758365,0.5157992565055762,0.79182156133829,0.9433085501858736,0.9144981412639405,0.6384758364312267,0.8169144981412639,0.5232342007434945,0.4103811841038119,0.8531598513011153,0.8698884758364313,0.7063197026022305,.202,.293,3.9,11,30.402010050251256,84.2,26.6,25.4,7,27.4,.223,.325,.385,.279,2.4,5,23,7,2,40,6,53,358,98,0.449378,0.594306,0.778443,0.129663
Royber Salinas,FA,,24,33,25,140,.386,.396,0.6914498141263941,0.3411893071673144,0.17611524163568773,0.5004055150040552,0.055762081784386616,0.19423791821561337,0.14591078066914498,0.47769516728624534,0.02695167286245353,0.22304832713754646,0.06412639405204461,0.016728624535315983,0.5548327137546468,0.9572490706319703,0.8773234200743495,0.08840227088402271,0.4275092936802974,0.9079925650557621,0.6840148698884758,.256,.419,5.9,24.2,24.17582417582417,90.6,52.9,24.2,3,34.6,.240,.424,.480,.313,3,1,8,1,1,6,1,8,52,18,0.371429,0.666667,0.764706,0.128571
Trevor McDonald,SFG,,24,200,179,758,.315,.323,0.6895910780669146,0.4622394930409203,0.3717472118959108,0.5004055150040552,0.4144981412639405,0.31691449814126393,0.3308550185873606,0.25743494423791824,0.8912639405204461,0.3847583643122677,0.4600371747211896,0.43866171003717475,0.2174721189591078,0.9340148698884758,0.40055762081784385,0.456609894566099,0.38661710037174724,0.18680297397769516,0.40148698884758366,.245,.377,7.6,7,26.303317535545023,88,36.6,18,4,25.7,.257,.325,.419,.298,5.5,11,14,9,4,46,4,36,346,89,0.45526300000000003,0.671512,0.8787879999999999,0.106579
Ryan Watson,SFG,,27,73,66,259,.268,.305,0.6877323420074349,0.6848231361635969,0.704460966542751,0.5004055150040552,0.8364312267657993,0.8131970260223048,0.6775092936802974,0.7230483271375465,0.7927509293680297,0.7899628252788105,0.6059479553903345,0.8113382899628253,0.7434944237918215,0.17657992565055763,0.7472118959107806,0.8994322789943228,0.4739776951672863,0.9256505576208178,0.8884758364312267,.196,.323,4.3,8.2,30.4,87.3,30.4,27.4,18,31.2,.227,.301,.394,.295,2.7,2,6,5,0,15,2,20,125,39,0.515152,0.660714,0.756757,0.151515
Edward Cabrera,MIA,,27,94,82,366,.272,.284,0.6858736059479554,0.567722764416385,0.43378252788104094,0.5004055150040552,0.8215613382899628,0.7881040892193308,0.8197026022304833,0.54182156133829,0.45539033457249073,0.6988847583643123,0.031598513011152414,0.3420074349442379,0.7983271375464684,0.29275092936802977,0.7221189591078067,0.4776966747769668,0.679368029739777,0.30297397769516726,0.6821561338289963,.199,.290,5.5,11.7,29.120879120879124,91.3,38.2,28.7,16,30.5,.220,.319,.305,.327,3.2,3,11,3,2,18,0,27,167,51,0.457766,0.630058,0.8623850000000001,0.128065
Christian Montes De Oca,ARI,,26,250,223,896,.321,.337,0.6840148698884758,0.43807592426768616,0.2560408921933085,0.5004055150040552,0.3596654275092937,0.1579925650557621,0.2128252788104089,0.35223048327137546,0.8364312267657993,0.9312267657992565,0.27137546468401486,0.18773234200743494,0.23977695167286245,0.7304832713754646,0.4767657992565056,0.9257907542579076,0.07063197026022305,0.724907063197026,0.7509293680297398,.261,.398,6.7,7.6,33.047210300429185,88.8,41.1,18.4,9,26.9,.269,.336,.444,.306,4.8,12,19,12,3,60,7,46,472,127,0.5244439999999999,0.7254,0.81388,0.134444
Fraser Ellard,CHW,,27,175,150,723,.243,.316,0.6821561338289963,0.7562295797819365,0.8138940520446096,0.5004055150040552,0.9368029739776952,0.95817843866171,0.9358736059479554,0.7230483271375465,0.5306691449814126,0.4052044609665427,0.8345724907063197,0.7620817843866171,0.9321561338289963,0.6802973977695167,0.8754646840148699,0.4720194647201946,0.6245353159851301,0.8122676579925651,0.8252788104089219,.159,.237,4.3,10.9,26.546391752577318,86,31.5,33.7,10,34.5,.227,.331,.380,.341,2.3,4,19,7,2,34,4,59,333,115,0.457182,0.6401180000000001,0.797235,0.142265
Pedro Santos,ATH,,25,174,140,738,.340,.355,0.6802973977695167,0.40229525512270464,0.3503717472118959,0.5004055150040552,0.2100371747211896,0.46654275092936803,0.4340148698884758,0.4312267657992565,0.14312267657992564,0.30855018587360594,0.19052044609665428,0.34572490706319703,0.5901486988847584,0.41356877323420077,0.7936802973977695,0.22708840227088406,0.6533457249070632,0.8159851301115242,0.620817843866171,.233,.360,6.2,17.8,25.287356321839084,89.3,38.1,24.7,14,32.4,.250,.397,.386,.326,3.4,6,31,4,0,35,5,43,312,101,0.420839,0.636364,0.795918,0.12313900000000001
Abner Uribe,MIL,,25,38,29,173,.293,.244,0.6784386617100372,0.6526050444659512,0.9821096654275093,0.5004055150040552,0.6719330855018587,0.9052044609665427,0.9776951672862454,0.9656133828996283,0.12360594795539033,0.34944237918215615,0.9962825278810409,0.9888475836431226,0.23977695167286245,0.9024163568773235,0.2100371747211896,0.2996755879967559,0.5288104089219331,0.16635687732342008,0.2137546468401487,.177,.204,0,18.4,25.806451612903228,79.5,18.2,18.4,5,22.7,.103,.316,.138,.136,0,0,7,1,0,3,0,7,75,17,0.433526,0.653846,0.882353,0.0924855
Bryan Hudson,CHW,,28,36,33,161,.214,.279,0.6765799256505576,0.8373169403767321,0.9393587360594795,0.5004055150040552,0.9860594795539034,0.8048327137546468,0.9535315985130112,0.9656133828996283,0.9572490706319703,0.6189591078066915,0.9628252788104089,0.8754646840148699,0.9637546468401487,0.5631970260223048,0.895910780669145,0.21938361719383614,0.9795539033457249,0.7026022304832714,0.7695167286245354,.197,.229,0,5.6,28.395061728395056,83.4,28.6,36.1,12,35.3,.273,.306,.333,.429,0,0,2,2,0,9,0,13,68,24,0.419753,0.521277,0.816327,0.135802
Hyun-il Choi,WSN,,25,314,272,1254,.313,.320,0.6747211895910781,0.4865579564857778,0.6057156133828997,0.5004055150040552,0.4349442379182156,0.4358736059479554,0.38940520446096655,0.3392193308550186,0.6013011152416357,0.8550185873605948,0.8066914498141264,0.887546468401487,0.20446096654275092,0.23048327137546468,0.1533457249070632,0.8450932684509327,0.13197026022304834,0.14869888475836432,0.22862453531598512,.235,.366,6.8,10.2,31.37557959814529,86.2,28.3,17.8,17,21.7,.239,.331,.393,.274,4.8,15,32,19,1,65,7,56,636,138,0.505957,0.711443,0.8857809999999999,0.0945195
Drue Hackenberg,ATL,,23,94,79,365,.293,.232,0.6728624535315985,0.5722147098934606,0.8345724907063197,0.5004055150040552,0.6719330855018587,0.6310408921933085,0.8466542750929368,0.820631970260223,0.18308550185873607,0.07063197026022305,0.8903345724907064,0.7806691449814126,0.28066914498141265,0.9340148698884758,0.25650557620817843,0.2635847526358475,0.24349442379182157,0.08178438661710037,0.2174721189591078,.218,.280,3.3,16,20.85308056872038,85.4,31.1,19.1,4,23.7,.165,.298,.165,.213,2.1,2,15,0,0,13,0,18,156,37,0.42779300000000003,0.689024,0.9026549999999999,0.0926431
Michael Soroka,CHC,,28,32,28,127,.237,.274,0.671003717472119,0.7068956268699166,0.4381970260223048,0.5004055150040552,0.9563197026022305,0.9795539033457249,0.9172862453531598,0.40892193308550184,0.9321561338289963,0.9572490706319703,0.31691449814126393,0.10966542750929369,0.9739776951672863,0.7304832713754646,0.699814126394052,0.7802108678021087,0.6598513011152416,0.4144981412639405,0.6561338289962825,.148,.248,6.3,6.3,33.87096774193548,88.6,43.8,37.5,9,30.2,.179,.281,.321,.267,3.1,1,2,1,0,5,1,12,63,19,0.49606300000000003,0.634921,0.85,0.12598399999999998
Nick Lodolo,CIN,,27,32,26,140,.346,.396,0.6691449814126395,0.5403838548748733,0.2569702602230483,0.5004055150040552,0.18401486988847585,0.36338289962825276,0.4033457249070632,0.40892193308550184,0.6737918215613383,0.9981412639405205,0.1812267657992565,0.03438661710037175,0.879182156133829,0.9897769516728625,0.8680297397769516,0.9270072992700731,0.08085501858736059,0.570631970260223,0.9200743494423792,.241,.363,6.3,9.4,40.2439024390244,89.4,50,31.3,1,34.2,.269,.406,.500,.400,3.1,1,3,3,0,7,1,10,73,25,0.5248229999999999,0.7230770000000001,0.829787,0.156028
Carson Spiers,CIN,,27,191,172,727,.265,.251,0.6672862453531598,0.7375647718513294,0.8320167286245354,0.5004055150040552,0.8559479553903345,0.7555762081784386,0.7927509293680297,0.8856877323420075,0.8141263940520446,0.929368029739777,0.8345724907063197,0.8150557620817844,0.654275092936803,0.48977695167286245,0.5232342007434945,0.7672343876723439,0.6486988847583643,0.5297397769516728,0.6003717472118959,.205,.296,2.5,7.9,32.9700272479564,86,30.3,25.7,13,27.4,.192,.272,.279,.256,1.6,3,15,5,2,33,2,49,358,98,0.493827,0.636829,0.835341,0.12208499999999999
Anthony Maldonado,ATH,,27,202,178,861,.286,.342,0.6654275092936803,0.5835220209219613,0.5253252788104089,0.5004055150040552,0.7258364312267658,0.7239776951672863,0.5975836431226765,0.6421933085501859,0.578996282527881,0.7026022304832714,0.25092936802973975,0.6105947955390335,0.6830855018587361,0.13011152416356878,0.8559479553903345,0.7972424979724251,0.11338289962825279,0.8921933085501859,0.9460966542750929,.208,.339,4.8,10.4,29.148936170212764,88.9,34.4,26.2,19,33.9,.258,.342,.444,.322,3,6,21,7,1,46,8,53,431,146,0.49941899999999995,0.716495,0.769784,0.16144
Blas Castaño,SEA,,27,313,281,1151,.290,.350,0.6635687732342007,0.5988565934126676,0.47560408921933084,0.5004055150040552,0.6988847583643123,0.5985130111524164,0.4637546468401487,0.24349442379182157,0.8252788104089219,0.8382899628252788,0.8066914498141264,0.38847583643122674,0.5213754646840149,0.8615241635687733,0.4395910780669145,0.5985401459854015,0.7304832713754646,0.5966542750929368,0.4284386617100372,.221,.357,7.7,7.7,31.07638888888889,86.2,37.3,23.6,6,26.3,.267,.335,.477,.316,5.1,16,24,16,2,75,13,74,544,143,0.470996,0.6189680000000001,0.8279569999999999,0.10909100000000001
Blade Tidwell,SFG,,24,385,324,1507,.323,.341,0.6617100371747212,0.4230511411202264,0.42936802973977695,0.5004055150040552,0.3447955390334573,0.5092936802973977,0.3671003717472119,0.32620817843866173,0.2983271375464684,0.5223048327137546,0.5213754646840149,0.5027881040892194,0.3355018587360595,0.48977695167286245,0.3587360594795539,0.4030819140308192,0.5092936802973977,0.4052044609665427,0.39776951672862454,.229,.370,6.9,13.8,27.524038461538463,87.7,35.8,20,13,25.2,.238,.353,.417,.259,4.4,17,53,7,0,77,17,77,675,170,0.44834399999999996,0.656115,0.850877,0.10595999999999998
Nelson L. Alvarez,FA,,27,73,56,299,.283,.285,0.6598513011152416,0.7021713393854062,0.9279739776951673,0.5004055150040552,0.7546468401486989,0.895910780669145,0.95817843866171,0.8856877323420075,0.0724907063197026,0.516728624535316,0.9237918215613383,0.9442379182156134,0.5901486988847584,0.5631970260223048,0.820631970260223,0.09002433090024331,0.9591078066914498,0.5650557620817844,0.5557620817843866,.181,.223,2.5,20.5,27.485380116959067,84.6,25,24.7,12,33,.196,.356,.232,.275,1.4,1,15,2,0,11,0,18,115,38,0.372822,0.546219,0.8307690000000001,0.118467
Jack O'Loughlin,FA,,25,338,299,1355,.329,.405,0.6579925650557621,0.3800678697447617,0.35315985130111527,0.5004055150040552,0.2815985130111524,0.21468401486988847,0.16356877323420074,0.25743494423791824,0.612453531598513,0.2843866171003718,0.4340148698884758,0.5576208178438662,0.5315985130111525,0.29275092936802977,0.43029739776951675,0.3077858880778589,0.7862453531598513,0.6747211895910781,0.44609665427509293,.254,.414,7.6,10.1,24.89146164978292,88.1,35,23.7,16,26.1,.321,.388,.565,.383,5,17,34,18,2,96,17,80,591,154,0.434783,0.608504,0.819277,0.109801
Forrest Whitley,TBR,,28,140,122,537,.263,.280,0.6561338289962825,0.7826391212937084,0.8032063197026023,0.5004055150040552,0.8633828996282528,0.8717472118959108,0.7927509293680297,0.5724907063197026,0.5594795539033457,0.7992565055762082,0.9721189591078067,0.8754646840148699,0.8949814126394052,0.9024163568773235,0.7871747211895911,0.35360908353609083,0.8828996282527881,0.7286245353159851,0.7118959107806692,.186,.296,5.2,10.7,30.47945205479452,83.2,28.6,32.1,5,32.2,.205,.295,.328,.284,2.9,4,15,3,0,25,4,45,236,76,0.44051999999999997,0.585938,0.813333,0.13011199999999998
Michael Mercado,PHI,,26,284,242,1149,.307,.283,0.654275092936803,0.4188689849863974,0.31900557620817843,0.5004055150040552,0.49907063197026025,0.5371747211895911,0.49256505576208176,0.5074349442379182,0.4024163568773234,0.49070631970260226,0.06412639405204461,0.21189591078066913,0.46096654275092935,0.13011152416356878,0.7295539033457249,0.4225466342254664,0.533457249070632,0.5985130111524164,0.6691449814126395,.226,.354,5.7,12.3,27.258320126782888,90.6,40.6,22.5,19,30.6,.211,.313,.310,.264,3.5,10,35,10,1,51,4,64,517,158,0.450521,0.653101,0.827893,0.126736
Jonathan Cannon,CHW,,25,167,144,700,.329,.347,0.6524163568773235,0.46254928238416687,0.6319702602230484,0.5004055150040552,0.2815985130111524,0.12453531598513011,0.4117100371747212,0.8680297397769516,0.6013011152416357,0.23234200743494424,0.8215613382899628,0.42657992565055763,0.37732342007434944,0.6802973977695167,0.22490706319702602,0.5012165450121655,0.5130111524163569,0.28345724907063197,0.2527881040892193,.265,.362,2.8,10.2,24.369747899159666,86.1,36.7,21,10,23,.271,.365,.424,.336,1.8,3,17,11,1,39,3,35,322,74,0.46,0.655556,0.8644069999999999,0.0957143
Michael Darrell-Hicks,FA,,27,90,78,332,.262,.300,0.6505576208178439,0.7113875723469922,0.6905204460966543,0.5004055150040552,0.8698884758364313,0.7806691449814126,0.9052044609665427,0.9656133828996283,0.9572490706319703,0.4395910780669145,0.2174721189591078,0.6737918215613383,0.6468401486988847,0.9024163568773235,0.6775092936802974,0.007704785077047851,0.9972118959107806,0.9972118959107806,0.004646840148698885,.200,.257,0,5.6,26.785714285714285,89.1,33.3,25.6,5,29.9,.269,.356,.295,.375,0,0,5,0,1,21,0,23,164,49,0,0,0,0
Sean Reynolds,SDP,,27,247,209,970,.295,.367,0.6486988847583643,0.5650895549987889,0.39986059479553904,0.5004055150040552,0.6477695167286245,0.6830855018587361,0.7044609665427509,0.40892193308550184,0.3299256505576208,0.8884758364312267,0.2936802973977695,0.19237918215613384,0.7276951672862454,0.6254646840148699,0.7788104089219331,0.5782643957826441,0.5808550185873605,0.5855018587360595,0.7983271375464684,.212,.318,6.3,13.4,31.94706994328923,88.7,41,27.1,11,32,.278,.381,.464,.386,3.6,9,33,15,6,58,4,67,453,145,0.468718,0.646018,0.828767,0.138462
Casey Mize,DET,,28,54,49,226,.263,.248,0.6468401486988847,0.7722611782949477,0.8150557620817844,0.5004055150040552,0.8633828996282528,0.7239776951672863,0.8048327137546468,0.8336431226765799,0.8578066914498141,0.9721189591078067,0.7592936802973977,0.862453531598513,0.8847583643122676,0.34851301115241634,0.8559479553903345,0.778183292781833,0.6412639405204461,0.9553903345724907,0.8587360594795539,.208,.293,3.2,7.4,34.645669291338585,86.6,29,31.5,15,33.9,.204,.278,.265,.313,1.9,1,4,3,0,10,0,17,112,38,0.495575,0.638095,0.746269,0.146018
Hayden Harris,ATL,,26,103,85,496,.332,.395,0.6449814126394052,0.39873267767536885,0.19516728624535312,0.5004055150040552,0.2555762081784387,0.6310408921933085,0.2732342007434944,0.05204460966542751,0.20631970260223048,0.5613382899628253,0.27137546468401486,0.18401486988847585,0.9377323420074349,0.34851301115241634,0.5631970260223048,0.3365774533657745,0.7193308550185874,0.7881040892193308,0.47769516728624534,.218,.384,11.8,15.5,27.819548872180448,88.8,41.2,34,15,28,.294,.408,.506,.435,5.8,6,16,1,1,25,5,35,218,61,0.438878,0.621739,0.804196,0.112224
Jacob Webb,PIT,,26,24,19,101,.363,.507,0.6431226765799256,0.4513968660272896,0.5778345724907064,0.5004055150040552,0.10966542750929369,0.020446096654275093,0.2527881040892193,0.9656133828996283,0.3847583643122677,0.9758364312267658,0.7118959107806692,0.38104089219330856,0.137546468401487,0.41356877323420077,0.5631970260223048,0.007704785077047851,0.9972118959107806,0.9972118959107806,0.004646840148698885,.319,.389,0,12.5,34.84848484848485,86.8,37.5,16.7,14,28,.474,.542,.684,.563,0,0,3,2,1,9,0,4,50,14,0,0,0,0
Steven Jennings,FA,,26,125,117,482,.298,.349,0.6412639405204461,0.5001886875886279,0.43889405204460963,0.5004055150040552,0.5966542750929368,0.49907063197026025,0.1979553903345725,0.16728624535315986,0.9275092936802974,0.9776951672862454,0.7592936802973977,0.6310408921933085,0.370817843866171,0.13011152416356878,0.24442379182156135,0.9708029197080292,0.027881040892193308,0.3754646840148699,0.5743494423791822,.230,.405,8.8,6.4,34.87394957983193,86.6,34.1,20.8,19,23.4,.265,.312,.504,.286,6.4,8,8,7,0,31,7,26,269,63,0.556936,0.751055,0.8539329999999999,0.120083
Riley Martin,CHC,,27,273,222,1229,.288,.334,0.6394052044609665,0.5931254905626057,0.5002323420074349,0.5004055150040552,0.7109665427509294,0.8615241635687733,0.8578066914498141,0.8494423791821561,0.1775092936802974,0.19330855018587362,0.2174721189591078,0.0762081784386617,0.9237918215613383,0.8615241635687733,0.887546468401487,0.137875101378751,0.9256505576208178,0.8810408921933085,0.724907063197026,.187,.275,3,16.1,23.502304147465445,89.1,45.1,33.3,6,35,.230,.363,.383,.352,1.5,4,44,14,1,51,6,91,486,170,0.395951,0.567426,0.774691,0.131174
Owen White,CHW,,26,444,386,1685,.318,.348,0.637546468401487,0.4838472997323701,0.5994423791821561,0.5004055150040552,0.38940520446096655,0.28345724907063197,0.4340148698884758,0.7230483271375465,0.5446096654275093,0.6933085501858736,0.6301115241635687,0.6105947955390335,0.29646840148698883,0.41356877323420077,0.2871747211895911,0.7996755879967559,0.20817843866171004,0.16171003717472118,0.4144981412639405,.248,.360,4.3,10.8,28.95981087470449,87.2,34.4,19.4,14,24.1,.277,.365,.427,.322,2.9,13,48,12,2,107,14,86,848,204,0.499704,0.696643,0.8829600000000001,0.107884
José Suarez,ATL,,27,242,217,952,.304,.371,0.6356877323420075,0.5526979812689252,0.5034851301115242,0.5004055150040552,0.5232342007434945,0.2527881040892193,0.2527881040892193,0.5074349442379182,0.8912639405204461,0.8940520446096655,0.4600371747211896,0.7936802973977695,0.6468401486988847,0.29275092936802977,0.6171003717472119,0.8933495539334956,0.08736059479553904,0.7267657992565055,0.7732342007434945,.250,.389,5.7,7,32,88,30.8,25.6,16,28.9,.309,.360,.512,.380,3.7,9,17,14,0,67,10,62,492,142,0.5141359999999999,0.721854,0.8134560000000001,0.136126
Roddery Muñoz,STL,,25,211,182,813,.311,.312,0.6338289962825279,0.45139686602728957,0.4811802973977695,0.5004055150040552,0.46189591078066916,0.5622676579925651,0.4117100371747212,0.5074349442379182,0.5306691449814126,0.23605947955390336,0.6895910780669146,0.3159851301115242,0.3475836431226766,0.41356877323420077,0.4395910780669145,0.2846715328467153,0.5882899628252788,0.5836431226765799,0.39219330855018586,.224,.362,5.7,10.9,24.42922374429224,86.9,38.6,20.4,14,26.3,.209,.313,.396,.233,3.8,8,23,9,2,38,7,43,353,93,0.431204,0.645161,0.829167,0.105651
Ricky Tiedemann,TOR,,23,49,33,209,.455,.436,0.6319702602230484,0.2827940159653317,0.1654275092936803,0.5004055150040552,0.007434944237918215,0.09572490706319703,0.011152416356877323,0.013011152416356878,0.02137546468401487,0.24907063197026022,0.06412639405204461,0.5734200743494424,0.4516728624535316,0.48977695167286245,0.9163568773234201,0.12408759124087593,0.8178438661710037,0.8828996282527881,0.7007434944237918,.270,.578,17.4,24.5,24.590163934426233,90.6,34.8,22.4,13,36.1,.242,.469,.545,.250,8.2,4,12,1,0,8,3,11,83,30,0.392345,0.602273,0.7735850000000001,0.129187
Ryan Zeferjahn,LAA,,27,142,118,563,.285,.317,0.6301115241635687,0.638587076684043,0.7574349442379182,0.5004055150040552,0.7342007434944238,0.7806691449814126,0.8513011152416357,0.6068773234200744,0.43308550185873607,0.33271375464684017,0.8587360594795539,0.7128252788104089,0.75,0.23048327137546468,0.8717472118959108,0.5231143552311436,0.22490706319702602,0.879182156133829,0.8345724907063197,.200,.278,5,12,25.6140350877193,85.7,32.5,27.5,17,34.4,.212,.338,.364,.276,2.8,4,17,4,1,25,4,39,256,88,0.462054,0.692661,0.774834,0.14285699999999998
Shane Smith,CHW,,25,28,24,117,.304,.252,0.6282527881040892,0.4682029378984173,0.33178438661710036,0.5004055150040552,0.5232342007434945,0.5892193308550185,0.6143122676579925,0.05204460966542751,0.5594795539033457,0.17565055762081785,0.6059479553903345,0.05483271375464684,0.6087360594795539,0.9897769516728625,0.3447955390334573,0.17721005677210055,0.983271375464684,0.42193308550185876,0.3420074349442379,.222,.336,11.8,10.7,23.07692307692308,87.3,47.1,25,1,25,.167,.286,.250,.235,7.1,2,3,2,0,4,0,7,48,12,0.41025600000000007,0.515625,0.848485,0.10256400000000002
Noah Murdock,KCR,,27,164,133,675,.297,.277,0.6263940520446096,0.6739805091499661,0.9263475836431226,0.5004055150040552,0.6180297397769516,0.7239776951672863,0.8903345724907064,0.9247211895910781,0.18866171003717472,0.11338289962825279,0.9795539033457249,0.9107806691449815,0.7648698884758365,0.9739776951672863,0.49907063197026025,0.1281427412814274,0.879182156133829,0.6301115241635687,0.26579925650557623,.208,.266,1.2,15.9,21.937321937321936,82.3,26.7,28,2,27.2,.203,.348,.218,.307,0.6,1,26,2,0,27,0,46,265,72,0.393491,0.586626,0.8238340000000001,0.0961538
Connor Thomas,MIL,,27,377,348,1414,.279,.306,0.6245353159851301,0.6323912898191111,0.6171003717472119,0.5004055150040552,0.783457249070632,0.45353159851301117,0.5882899628252788,0.7053903345724907,0.9414498141263941,0.8587360594795539,0.8215613382899628,0.35315985130111527,0.3671003717472119,0.8615241635687733,0.354089219330855,0.6820762368207623,0.637546468401487,0.17472118959107807,0.4479553903345725,.234,.341,4.4,6.1,31.512605042016805,86.1,38,20.7,6,25.1,.270,.318,.379,.325,3.2,12,23,14,0,94,8,78,685,172,0.48239399999999993,0.638889,0.8804350000000001,0.109859
Braydon Fisher,TOR,,25,146,120,580,.359,.364,0.6226765799256505,0.2867438300917258,0.2111988847583643,0.5004055150040552,0.12732342007434944,0.12453531598513011,0.10037174721189591,0.09665427509293681,0.19330855018587362,0.30111524163568776,0.38661710037174724,0.2611524163568773,0.6310408921933085,0.13011152416356878,0.5882899628252788,0.3892944038929441,0.8345724907063197,0.7481412639405205,0.6895910780669146,.265,.440,10.5,15.8,25.087108013937282,88.3,39.5,25.3,19,28.4,.292,.397,.433,.393,6.2,9,23,9,1,35,2,37,236,67,0.446575,0.59887,0.811321,0.12876700000000002
Ryan Garcia,TEX,,27,174,154,690,.281,.309,0.620817843866171,0.5979272253829278,0.6684479553903346,0.5004055150040552,0.7685873605947955,0.6477695167286245,0.6663568773234201,0.5074349442379182,0.6282527881040892,0.7137546468401487,0.6505576208178439,0.8494423791821561,0.7983271375464684,0.09014869888475836,0.354089219330855,0.6196269261962692,0.5111524163568774,0.42936802973977695,0.28810408921933084,.216,.325,5.7,9.8,29.26136363636364,87.1,29.5,28.7,20,25.1,.234,.316,.383,.310,3.4,6,17,8,0,36,5,50,327,82,0.474063,0.655882,0.847534,0.0979827
Mike Vasil,CHW,,25,605,531,2330,.305,.370,0.6189591078066915,0.4714557260025065,0.47815985130111527,0.5004055150040552,0.5130111524163569,0.40613382899628253,0.4033457249070632,0.40892193308550184,0.7592936802973977,0.5,0.5371747211895911,0.5631970260223048,0.2174721189591078,0.6802973977695167,0.16821561338289961,0.5417680454176804,0.45353159851301117,0.19888475836431227,0.22490706319702602,.237,.363,6.3,8.6,27.310924369747895,87.6,34.9,18,10,21.9,.292,.366,.493,.323,4.5,27,52,29,3,155,24,109,1087,238,0.464408,0.663503,0.8764629999999999,0.0939108
Jack Anderson,FA,,26,75,66,292,.321,.353,0.6171003717472119,0.39617691559358453,0.3322490706319703,0.5004055150040552,0.3596654275092937,0.10780669144981413,0.14591078066914498,0.3131970260223048,0.8085501858736059,0.9869888475836431,0.31691449814126393,0.5529739776951673,0.0724907063197026,0.13011152416356878,0.4591078066914498,0.007704785077047851,0.9972118959107806,0.9972118959107806,0.004646840148698885,.268,.419,7,8,35.91549295774648,88.6,35.1,13.3,19,26.6,.288,.338,.500,.304,5.3,4,6,4,2,19,2,10,158,42,0,0,0,0
Blayne Enlow,FA,,26,36,32,127,.312,.349,0.6152416356877324,0.5503745611945758,0.5464684014869889,0.5004055150040552,0.4479553903345725,0.18680297397769516,0.5176579925650557,0.22304832713754646,0.7862453531598513,0.8866171003717472,0.9628252788104089,0.48234200743494426,0.29646840148698883,0.9024163568773235,0.4117100371747212,0.7542579075425792,0.15427509293680297,0.37825278810408924,0.4368029739776952,.257,.350,8,8.3,31.944444444444446,83.4,36,19.4,5,25.8,.281,.361,.438,.360,5.6,2,3,3,1,9,0,7,62,16,0.492188,0.706897,0.8536590000000001,0.109375
Will Dion,CLE,,25,515,455,2072,.326,.353,0.6133828996282528,0.33948546577945815,0.21538104089219332,0.5004055150040552,0.31226765799256506,0.2695167286245353,0.19423791821561337,0.2843866171003718,0.587360594795539,0.2899628252788104,0.20353159851301114,0.17936802973977695,0.46096654275092935,0.41356877323420077,0.37825278810408924,0.3771289537712895,0.7174721189591078,0.4033457249070632,0.35687732342007433,.249,.406,7.3,10.3,24.951644100580268,89.2,41.3,22.5,14,25.5,.264,.340,.484,.307,4.9,25,53,35,1,120,21,116,923,235,0.44460600000000006,0.622201,0.8513299999999999,0.103532
Robert Gasser,MIL,,26,49,42,193,.382,.441,0.6115241635687733,0.33638757234699224,0.12802044609665428,0.5004055150040552,0.06319702602230483,0.12453531598513011,0.027881040892193308,0.008364312267657992,0.4154275092936803,0.18029739776951673,0.2342007434944238,0.241635687732342,0.9460966542750929,0.6254646840148699,0.6691449814126395,0.7550689375506894,0.1979553903345725,0.8903345724907064,0.7983271375464684,.265,.511,20,12.2,23.255813953488367,89,40,34.7,11,29.8,.286,.388,.667,.381,10.2,5,6,4,0,12,4,17,94,28,0.49230799999999997,0.698113,0.77027,0.138462
Carlos Vargas,SEA,,26,230,209,813,.300,.326,0.6096654275092936,0.5077785264981693,0.5315985130111524,0.5004055150040552,0.5669144981412639,0.28345724907063197,0.48698884758364314,0.7388475836431226,0.8578066914498141,0.4944237918215613,0.6301115241635687,0.2704460966542751,0.18029739776951673,0.9340148698884758,0.1496282527881041,0.7502027575020276,0.22304832713754646,0.2527881040892193,0.36988847583643125,.248,.355,4.2,7.4,27.27272727272727,87.2,39.3,17.4,4,21.6,.278,.339,.402,.317,3,7,17,4,2,58,6,40,398,86,0.491422,0.693002,0.869707,0.10416700000000001
Andrew Saalfrank,ARI,,28,94,83,351,.298,.269,0.6078066914498141,0.6379674979975498,0.4993029739776952,0.5004055150040552,0.5966542750929368,0.5176579925650557,0.4563197026022305,0.5539033457249071,0.5678438661710037,0.9739776951672863,0.6059479553903345,0.38104089219330856,0.8364312267657993,0.8169144981412639,0.8485130111524164,0.4752635847526359,0.9144981412639405,0.4656133828996282,0.8977695167286245,.228,.358,5.4,10.6,34.78260869565217,87.3,37.5,29.8,7,33.8,.205,.287,.313,.278,3.2,3,10,1,1,17,2,28,160,54,0.45738599999999996,0.574194,0.8426969999999999,0.153409
Kris Bubic,KCR,,28,114,103,477,.253,.271,0.6059479553903345,0.7704024422354682,0.912407063197026,0.5004055150040552,0.9154275092936803,0.7806691449814126,0.8578066914498141,0.921003717472119,0.7379182156133829,0.6970260223048327,0.9349442379182156,0.9358736059479554,0.6384758364312267,0.6254646840148699,0.699814126394052,0.6796431467964315,0.5650557620817844,0.6189591078066915,0.6784386617100372,.200,.275,1.4,8.8,29.059829059829067,84.5,25.7,25.4,11,30.2,.223,.298,.301,.301,0.9,1,10,3,1,23,1,29,232,70,0.48218,0.647826,0.8255030000000001,0.127883
Ethan Small,SFG,,28,38,36,151,.215,.288,0.604089219330855,0.7785344124956911,0.8852230483271376,0.5004055150040552,0.983271375464684,0.8615241635687733,0.921003717472119,0.9656133828996283,0.9628252788104089,0.8345724907063197,0.6895910780669146,0.9646840148698885,0.6942379182156134,0.016728624535315983,0.9479553903345725,0.6407137064071371,0.9033457249070632,0.6468401486988847,0.9721189591078067,.187,.245,0,5.3,30.985915492957744,86.9,23.1,26.3,25,37.5,.278,.316,.333,.385,0,0,2,2,0,10,0,10,72,27,0.476821,0.576923,0.8222219999999999,0.172185
Brandon Williamson,CIN,,27,48,43,195,.283,.209,0.6022304832713755,0.6313070271177482,0.7448884758364313,0.5004055150040552,0.7546468401486989,0.40613382899628253,0.7843866171003717,0.8429368029739777,0.9321561338289963,0.048327137546468404,0.4079925650557621,0.9442379182156134,0.48698884758364314,0.6802973977695167,0.7871747211895911,0.5182481751824818,0.03903345724907063,0.8726765799256505,0.7983271375464684,.237,.297,3.1,6.3,19.626168224299064,88.2,25,22.9,10,32.2,.163,.250,.186,.219,2.1,1,3,1,0,7,0,11,90,29,0.461538,0.7411760000000001,0.777778,0.138462
Ricky Vanasco,DET,,27,180,148,748,.302,.286,0.6003717472118959,0.5051453170805734,0.5552973977695167,0.5004055150040552,0.5436802973977695,0.5780669144981413,0.7843866171003717,0.8494423791821561,0.20353159851301114,0.20446096654275092,0.27137546468401486,0.3159851301115242,0.7128252788104089,0.5631970260223048,0.5343866171003717,0.3402270884022709,0.6449814126394052,0.7936802973977695,0.5985130111524164,.223,.297,3,15.6,23.65853658536585,88.8,38.6,26.7,12,27.5,.209,.339,.270,.290,1.7,3,28,3,0,31,2,48,309,85,0.43902399999999997,0.637037,0.802326,0.121951
Nick Robertson,KCR,,27,171,145,698,.298,.361,0.5985130111524164,0.6429241274894952,0.7829925650557621,0.5004055150040552,0.5966542750929368,0.6421933085501859,0.7472118959107806,0.5269516728624535,0.3224907063197026,0.775092936802974,0.9349442379182156,0.9228624535315985,0.4423791821561338,0.6802973977695167,0.6236059479553904,0.5247364152473641,0.11895910780669144,0.7992565055762082,0.5055762081784386,.217,.306,5.6,13.5,30.20833333333333,84.5,26.2,22.2,10,29,.283,.392,.421,.359,3.5,6,23,6,1,41,4,38,338,98,0.462085,0.715789,0.801471,0.11374400000000001
Blake Holub,MIL,,27,114,89,480,.335,.361,0.5966542750929368,0.420495379038442,0.3687267657992565,0.5004055150040552,0.23141263940520446,0.36338289962825276,0.5278810408921933,0.6421933085501859,0.09758364312267657,0.3736059479553903,0.08085501858736059,0.22397769516728624,0.6942379182156134,0.48977695167286245,0.820631970260223,0.1930251419302514,0.8085501858736059,0.7899628252788105,0.6133828996282528,.241,.349,4.8,19.3,26.181818181818183,90.4,40.3,26.3,13,33,.292,.421,.382,.400,2.6,3,22,2,0,26,2,30,200,66,0.414583,0.60396,0.803279,0.12291700000000001
Jared Shuster,ATH,,27,54,51,234,.312,.387,0.5947955390334573,0.5686521324461248,0.5137081784386617,0.5004055150040552,0.4479553903345725,0.30390334572490707,0.12360594795539033,0.6217472118959108,0.9572490706319703,0.8652416356877324,0.870817843866171,0.43866171003717475,0.137546468401487,0.8169144981412639,0.7397769516728625,0.494728304947283,0.758364312267658,0.7230483271375465,0.775092936802974,.246,.428,4.9,5.6,31.578947368421048,85.6,36.6,16.7,7,30.8,.275,.315,.608,.263,3.7,2,3,3,1,14,4,9,107,33,0.459574,0.614035,0.814286,0.13617
Nic Enright,CLE,,28,62,57,294,.203,.196,0.5929368029739777,0.6938070271177482,0.48582713754646834,0.5004055150040552,0.9907063197026023,0.9776951672862454,0.95817843866171,0.24349442379182157,0.800185873605948,0.9962825278810409,0.1524163568773234,0.5892193308550185,0.9944237918215614,0.13011152416356878,0.9925650557620818,0.9643146796431468,0.21561338289962825,0.912639405204461,0.9962825278810409,.150,.223,7.7,8.1,39.62264150943396,89.7,34.6,50,19,44.1,.158,.226,.193,.346,3.2,2,5,2,0,9,0,31,161,71,0.549153,0.69403,0.763441,0.22711900000000002
Lyon Richardson,CIN,,25,439,370,1733,.306,.326,0.5910780669144982,0.49376055871626107,0.5699349442379182,0.5004055150040552,0.5074349442379182,0.5780669144981413,0.6552044609665427,0.5539033457249071,0.3299256505576208,0.2527881040892193,0.6059479553903345,0.4646840148698885,0.387546468401487,0.7304832713754646,0.3587360594795539,0.36496350364963503,0.5743494423791822,0.48698884758364314,0.36059479553903345,.223,.328,5.4,13.4,24.618736383442265,87.3,36.3,21.2,9,25.2,.243,.353,.378,.300,3.4,15,59,22,2,90,8,93,770,194,0.44213,0.6463409999999999,0.839623,0.10358800000000001
Brent Headrick,NYY,,27,74,68,323,.237,.280,0.5892193308550185,0.6458671262503379,0.5564591078066914,0.5004055150040552,0.9563197026022305,0.8838289962825279,0.8615241635687733,0.7053903345724907,0.800185873605948,0.24349442379182157,0.13197026022304834,0.5269516728624535,0.8717472118959108,0.9024163568773235,0.36617100371747213,0.4063260340632603,0.5288104089219331,0.23234200743494424,0.2620817843866171,.183,.274,4.4,8.1,24.52830188679245,89.9,35.6,31.1,5,25.3,.206,.270,.368,.262,2.7,2,6,2,0,14,3,23,146,37,0.448916,0.653846,0.872549,0.0959752
Nate Lavender,TBR,,25,34,27,143,.316,.366,0.587360594795539,0.5301608065477358,0.5966542750929368,0.5004055150040552,0.4052044609665427,0.9609665427509294,0.4340148698884758,0.01858736059479554,0.06691449814126393,0.05018587360594796,0.9628252788104089,0.9711895910780669,0.7072490706319703,0.7741635687732342,0.5102230483271375,0.09975669099756693,0.9014869888475836,0.9275092936802974,0.38104089219330856,.158,.360,16.7,20.6,19.718309859154925,83.4,22.2,26.5,8,27.3,.222,.382,.444,.250,8.8,3,7,0,0,6,2,9,55,15,0.37762199999999996,0.577465,0.7560979999999999,0.104895
Jack Little,PIT,,27,153,142,615,.283,.352,0.5855018587360595,0.5486707198067196,0.4091542750929368,0.5004055150040552,0.7546468401486989,0.7137546468401487,0.3048327137546468,0.05204460966542751,0.8763940520446096,0.724907063197026,0.6059479553903345,0.6737918215613383,0.6765799256505576,0.016728624535315983,0.6840148698884758,0.8637469586374696,0.13475836431226765,0.8494423791821561,0.8345724907063197,.209,.380,11.8,7.2,29.39297124600639,87.3,33.3,26.1,25,30,.261,.314,.514,.323,7.8,12,11,16,1,37,6,40,313,94,0.50974,0.709677,0.7863640000000001,0.14285699999999998
Brandon Eisert,CHW,,27,224,201,933,.311,.322,0.5836431226765799,0.47943280159110624,0.11593866171003718,0.5004055150040552,0.46189591078066916,0.4228624535315985,0.21933085501858737,0.07434944237918216,0.724907063197026,0.9089219330855018,0.08085501858736059,0.08921933085501858,0.8271375464684015,0.7741635687732342,0.6691449814126395,0.7607461476074615,0.379182156133829,0.550185873605948,0.7936802973977695,.236,.397,11.1,8.9,32.41106719367589,90.4,44.4,29.5,8,29.8,.254,.326,.408,.341,6.7,15,20,10,0,51,7,66,460,137,0.493033,0.672131,0.8327530000000001,0.138264
Orlando Ribalta,WSN,,27,156,129,696,.312,.308,0.5817843866171004,0.54681198374724,0.5817843866171004,0.5004055150040552,0.4479553903345725,0.7137546468401487,0.5111524163568774,0.21561338289962825,0.21096654275092938,0.6951672862453532,0.6895910780669146,0.9107806691449815,0.7704460966542751,0.016728624535315983,0.879182156133829,0.8077858880778589,0.09107806691449814,0.966542750929368,0.9535315985130112,.209,.351,8.1,15.4,29.032258064516128,86.9,26.7,28.2,25,34.7,.217,.340,.341,.289,4.5,7,24,4,0,28,4,44,349,121,0.5,0.721154,0.7377779999999999,0.163793
Yerry Rodríguez,FA,,28,94,74,401,.279,.324,0.5799256505576208,0.6917933963866453,0.8673327137546469,0.5004055150040552,0.783457249070632,0.8801115241635687,0.9395910780669146,0.9656133828996283,0.10408921933085502,0.25929368029739774,0.8903345724907064,0.6737918215613383,0.9144981412639405,0.48977695167286245,0.9005576208178439,0.7068126520681265,0.4674721189591078,0.8327137546468402,0.8643122676579925,.184,.236,0,19.1,24.63768115942029,85.4,33.3,33,13,35.5,.230,.372,.338,.364,0,0,18,5,0,17,1,31,186,66,0.48571400000000003,0.6612899999999999,0.792683,0.14693900000000001
Randy Vásquez,SDP,,26,199,179,717,.327,.403,0.5780669144981413,0.436991661566323,0.2897304832713755,0.5004055150040552,0.30018587360594795,0.1579925650557621,0.12825278810408922,0.14033457249070633,0.921003717472119,0.8141263940520446,0.31691449814126393,0.5734200743494424,0.43866171003717475,0.5631970260223048,0.38940520446096655,0.6772100567721006,0.516728624535316,0.1895910780669145,0.42193308550185876,.261,.427,9.4,6.5,30.72463768115942,88.6,34.8,22.1,12,25.6,.330,.382,.570,.383,6.5,13,13,7,3,59,10,44,348,89,0.48189399999999993,0.654795,0.878661,0.108635
Gavin Hollowell,CHC,,27,140,116,602,.281,.302,0.5762081784386617,0.6639898028302634,0.7660315985130111,0.5004055150040552,0.7685873605947955,0.8717472118959108,0.8773234200743495,0.5269516728624535,0.26394052044609667,0.620817843866171,0.8587360594795539,0.8011152416356877,0.8949814126394052,0.29275092936802977,0.6905204460966543,0.478507704785077,0.34944237918215615,0.7862453531598513,0.4107806691449814,.186,.269,5.6,14.3,28.3987915407855,85.7,30.6,32.1,16,30.1,.216,.336,.328,.324,2.9,4,20,7,0,25,2,45,272,82,0.457971,0.675,0.805556,0.10724600000000001
Luke Little,CHC,,25,29,20,128,.356,.307,0.5743494423791822,0.5460375103891236,0.9270446096654276,0.5004055150040552,0.14776951672862454,0.7369888475836431,0.9024163568773235,0.9656133828996283,0.02973977695167286,0.03345724907063197,0.8438661710037175,0.9962825278810409,0.5464684014869888,0.7741635687732342,0.07527881040892194,0.0267639902676399,0.9925650557620818,0.43866171003717475,0.016728624535315983,.207,.258,0,24.1,18.30985915492958,85.9,15.4,24.1,8,19.4,.150,.414,.150,.231,0,0,7,0,0,3,0,7,36,7,0.28682199999999997,0.41935500000000003,0.8461540000000001,0.0465116
Eric Orze,TBR,,28,253,219,1038,.277,.280,0.5724907063197026,0.6625183034498423,0.5078996282527881,0.5004055150040552,0.7964684014869888,0.8615241635687733,0.70817843866171,0.16728624535315986,0.4024163568773234,0.7472118959107806,0.7379182156133829,0.41821561338289964,0.9200743494423792,0.7304832713754646,0.9600371747211895,0.2976480129764801,0.870817843866171,0.8513011152416357,0.8996282527881041,.187,.317,8.8,12.3,29.674099485420246,86.7,36.8,33.2,9,38.4,.187,.292,.329,.258,4.7,12,31,7,0,41,8,84,448,172,0.43282200000000004,0.5897439999999999,0.7862319999999999,0.153551
Braxton Garrett,MIA,,28,101,94,407,.256,.268,0.570631970260223,0.6772332972540553,0.5002323420074349,0.5004055150040552,0.8996282527881041,0.7462825278810409,0.724907063197026,0.7053903345724907,0.9014869888475836,0.8066914498141264,0.1524163568773234,0.41821561338289964,0.654275092936803,0.9024163568773235,0.7146840148698885,0.5733982157339822,0.6672862453531598,0.2732342007434944,0.7565055762081785,.206,.312,4.4,6.9,30.630630630630627,89.7,36.8,25.7,5,30.4,.213,.267,.340,.262,3,3,7,3,0,20,3,26,191,58,0.46813699999999997,0.632979,0.8655459999999999,0.134804
Luis Frías,FA,,27,149,128,584,.320,.323,0.5687732342007435,0.5069266058042413,0.35223048327137546,0.5004055150040552,0.36895910780669144,0.38382899628252787,0.2825278810408922,0.13382899628252787,0.5594795539033457,0.8531598513011153,0.5213754646840149,0.4711895910780669,0.5548327137546468,0.6254646840148699,0.8280669144981413,0.4172749391727494,0.4674721189591078,0.37825278810408924,0.8420074349442379,.239,.383,9.6,10.7,31.360946745562128,87.7,36.2,24.2,11,33.1,.242,.336,.398,.292,6,9,16,3,1,31,5,36,275,91,0.44976099999999997,0.6612899999999999,0.8536590000000001,0.143541
Carson Seymour,SFG,,26,589,519,2196,.294,.360,0.5669144981412639,0.5293863331896193,0.4605018587360594,0.5004055150040552,0.662639405204461,0.5780669144981413,0.6143122676579925,0.5539033457249071,0.6013011152416357,0.3903345724907063,0.4079925650557621,0.26579925650557623,0.4516728624535316,0.9024163568773235,0.42379182156133827,0.3868613138686132,0.6189591078066915,0.048327137546468404,0.3345724907063197,.223,.336,5.4,10.2,26.34315424610052,88.2,39.4,22.4,5,26,.283,.366,.459,.345,3.6,21,60,27,2,147,20,132,978,254,0.446007,0.640417,0.9140739999999999,0.102087
Mason Hickman,FA,,26,149,127,657,.329,.386,0.5650557620817844,0.3555945116282809,0.1187267657992565,0.5004055150040552,0.2815985130111524,0.6970260223048327,0.11895910780669144,0.032527881040892194,0.3745353159851301,0.13568773234200743,0.20353159851301114,0.11988847583643122,0.8057620817843866,0.09014869888475836,0.9070631970260223,0.1492295214922952,0.9349442379182156,0.9795539033457249,0.8159851301115242,.211,.431,14.1,12.8,22.41379310344828,89.2,43.5,28.9,20,35.8,.252,.356,.551,.284,8.1,12,19,5,0,32,11,43,265,95,0.401826,0.565495,0.723164,0.14003
Alek Jacob,SDP,,27,253,220,1033,.308,.399,0.5631970260223048,0.5611397408723949,0.6310408921933085,0.5004055150040552,0.48698884758364314,0.5288104089219331,0.4767657992565056,0.24349442379182157,0.4024163568773234,0.5390334572490706,0.9684014869888475,0.8355018587360595,0.654275092936803,0.41356877323420077,0.6840148698884758,0.24817518248175185,0.9237918215613383,0.7360594795539034,0.4962825278810409,.227,.356,7.7,12.3,27.66355140186916,83.3,29.7,25.7,14,30,.291,.383,.550,.364,4.7,12,31,17,2,64,12,65,437,131,0.42485600000000007,0.5675680000000001,0.8126979999999999,0.11367999999999999
Josh Winckowski,BOS,,27,138,130,501,.252,.268,0.5613382899628253,0.6347921572292722,0.7425650557620818,0.5004055150040552,0.9182156133828996,0.5176579925650557,0.7639405204460966,0.9079925650557621,0.9814126394052045,0.22490706319702602,0.578996282527881,0.7193308550185874,0.37732342007434944,0.9024163568773235,0.22490706319702602,0.6147607461476075,0.5780669144981413,0.05762081784386617,0.25464684014869887,.228,.302,2,4.3,24.2152466367713,87.4,32.4,21,5,23,.254,.290,.315,.317,1.4,2,6,5,0,33,1,29,239,55,0.473054,0.646209,0.910615,0.09580839999999999
Valente Bellozo,MIA,,25,155,133,647,.354,.343,0.5594795539033457,0.34761743603968115,0.3111059479553903,0.5004055150040552,0.1579925650557621,0.13382899628252787,0.09293680297397769,0.09014869888475836,0.5157992565055762,0.6347583643122676,0.6505576208178439,0.4107806691449814,0.395910780669145,0.17657992565055763,0.4117100371747212,0.8613138686131386,0.06319702602230483,0.620817843866171,0.5966542750929368,.264,.444,10.7,11,28.57142857142857,87.1,36.9,21.3,18,25.8,.241,.329,.474,.260,7.1,11,17,4,3,32,7,33,329,85,0.509259,0.729299,0.8253280000000001,0.12191400000000001
Shane Drohan,BOS,,26,57,45,246,.344,.372,0.5576208178438662,0.5082432105130392,0.7904275092936802,0.5004055150040552,0.19237918215613384,0.22676579925650558,0.6877323420074349,0.9656133828996283,0.0604089219330855,0.22862453531598512,0.7379182156133829,0.7704460966542751,0.4758364312267658,0.48977695167286245,0.7630111524163569,0.5223033252230332,0.08085501858736059,0.9014869888475836,0.8550185873605948,.252,.322,0,21.1,24.285714285714285,86.7,31.3,22.8,13,31.7,.289,.439,.378,.406,0,0,12,4,0,13,0,13,101,32,0.462025,0.7230770000000001,0.765957,0.14557
Nathan Wiles,ATL,,27,390,352,1430,.316,.364,0.5557620817843866,0.5166075227806973,0.47095724907063197,0.5004055150040552,0.4052044609665427,0.20260223048327136,0.20446096654275092,0.46189591078066916,0.912639405204461,0.9330855018587361,0.578996282527881,0.6384758364312267,0.24814126394052044,0.5631970260223048,0.550185873605948,0.9302514193025142,0.0724907063197026,0.6728624535315985,0.8141263940520446,.255,.403,6,6.7,33.063427800269906,87.4,34,18.5,12,27.8,.293,.349,.503,.328,4.4,17,26,28,2,103,14,72,755,210,0.5251399999999999,0.72518,0.8194440000000001,0.139665
Evan Sisk,PIT,,28,227,197,931,.233,.224,0.5539033457249071,0.8075771634250591,0.9179832713754646,0.5004055150040552,0.9674721189591078,0.9479553903345725,0.9637546468401487,0.9144981412639405,0.4711895910780669,0.5241635687732342,0.9089219330855018,0.8847583643122676,0.9591078066914498,0.8615241635687733,0.7871747211895911,0.2619626926196269,0.8847583643122676,0.7639405204460966,0.6858736059479554,.162,.216,1.7,11.5,27.526881720430108,84.8,28.4,35.7,6,32.2,.162,.269,.198,.274,0.9,2,26,7,0,32,0,81,397,128,0.42765299999999995,0.585624,0.808664,0.128617
Anthony Hoopii-Tuionetoa,FA,,25,42,35,183,.339,.350,0.5520446096654275,0.3516446975018868,0.5018587360594795,0.5004055150040552,0.21468401486988847,0.06505576208178439,0.2258364312267658,0.32620817843866173,0.4423791821561338,0.3429368029739777,0.6700743494423792,0.7853159851301115,0.27137546468401486,0.00929368029739777,0.36617100371747213,0.3077858880778589,0.4275092936802974,0.654275092936803,0.4247211895910781,.278,.396,6.9,11.9,25.71428571428571,87,31,19,26,25.3,.314,.381,.429,.357,4.8,2,5,1,0,11,1,8,79,20,0.434783,0.666667,0.8214290000000001,0.108696
Enmanuel Mejia,FA,,26,253,213,967,.316,.367,0.550185873605948,0.5062295797819364,0.48373605947955395,0.5004055150040552,0.4052044609665427,0.5780669144981413,0.5492565055762082,0.37825278810408924,0.3299256505576208,0.4349442379182156,0.4340148698884758,0.5734200743494424,0.5065055762081785,0.7741635687732342,0.6105947955390335,0.3471208434712084,0.5669144981412639,0.5204460966542751,0.5817843866171004,.223,.346,6.5,13.4,26.755218216318788,88.1,34.8,23.3,8,28.8,.258,.372,.469,.301,4,10,34,5,2,55,12,59,424,122,0.43962799999999996,0.647465,0.836299,0.120743
Brandon Komar,CIN,,26,100,89,383,.346,.346,0.5483271375464684,0.4524036813928411,0.4386617100371747,0.5004055150040552,0.18401486988847585,0.05390334572490706,0.12825278810408922,0.18587360594795538,0.7128252788104089,0.9591078066914498,0.8215613382899628,0.6189591078066915,0.27137546468401486,0.6802973977695167,0.31226765799256506,0.6763990267639902,0.2137546468401487,0.03345724907063197,0.5427509293680297,.286,.427,8.6,9,33.93665158371041,86.1,34.3,19,10,24.6,.303,.370,.416,.362,6,6,9,4,0,27,2,19,187,46,0.481771,0.6954020000000001,0.9173549999999999,0.11718800000000001
Peter Lambert,FA,,28,122,108,489,.231,.297,0.5464684014869888,0.7743522563618622,0.7776486988847584,0.5004055150040552,0.9702602230483272,0.9711895910780669,0.9024163568773235,0.5269516728624535,0.5594795539033457,0.9200743494423792,0.7908921933085502,0.8903345724907064,0.8717472118959108,0.6254646840148699,0.7630111524163569,0.8661800486618005,0.08921933085501858,0.775092936802974,0.8029739776951673,.154,.258,5.6,10.7,32.800000000000004,86.3,28.2,31.1,11,31.7,.222,.303,.370,.309,3.3,4,13,5,1,24,3,38,249,79,0.510204,0.721739,0.807229,0.138776
Brady Basso,ATH,,28,288,266,1064,.281,.358,0.5446096654275093,0.5612946355440182,0.35060408921933084,0.5004055150040552,0.7685873605947955,0.6078066914498141,0.4767657992565056,0.3903345724907063,0.8364312267657993,0.8977695167286245,0.3429368029739777,0.19237918215613384,0.7128252788104089,0.41356877323420077,0.595724907063197,0.819140308191403,0.22862453531598512,0.5483271375464684,0.741635687732342,.220,.356,6.4,7.6,32.03703703703704,88.5,41,26.7,14,28.5,.259,.316,.526,.310,4.2,12,22,22,2,69,15,77,534,152,0.5009359999999999,0.691715,0.8328690000000001,0.13389500000000001
Edwin Uceta,TBR,,27,156,136,630,.327,.366,0.5427509293680297,0.48407964173980517,0.3531598513011152,0.5004055150040552,0.30018587360594795,0.5092936802973977,0.10780669144981413,0.01858736059479554,0.587360594795539,0.6598513011152416,0.7592936802973977,0.5269516728624535,0.8494423791821561,0.047397769516728624,0.9423791821561338,0.64882400648824,0.5055762081784386,0.9646840148698885,0.9442379182156134,.229,.434,16.7,10.3,28.74617737003058,86.6,35.6,30.1,22,36.8,.272,.353,.500,.349,9.6,15,16,7,0,37,8,47,302,111,0.47784799999999994,0.65625,0.738095,0.161392
Travis Adams,MIN,,25,77,70,291,.284,.335,0.5408921933085502,0.43536526751427834,0.42890334572490707,0.5004055150040552,0.7453531598513011,0.5473977695167286,0.5975836431226765,0.820631970260223,0.699814126394052,0.3940520446096654,0.2342007434944238,0.06319702602230483,0.039962825278810406,0.41356877323420077,0.16821561338289961,0.5977291159772912,0.10780669144981413,0.06319702602230483,0.21189591078066913,.225,.339,3.3,9.1,26.34730538922156,89,45.9,11.7,14,21.9,.229,.299,.486,.211,2.6,2,7,4,1,16,4,9,137,30,0.47098999999999996,0.718518,0.907216,0.0921502
Paxton Schultz,TOR,,27,386,333,1646,.292,.307,0.5390334572490706,0.5515362712317506,0.5185873605947955,0.5004055150040552,0.679368029739777,0.7063197026022305,0.620817843866171,0.3643122676579926,0.483271375464684,0.6468401486988847,0.6505576208178439,0.43866171003717475,0.8094795539033457,0.17657992565055763,0.54182156133829,0.5798864557988646,0.6877323420074349,0.5687732342007435,0.533457249070632,.210,.335,6.6,11.4,28.65566037735849,87.1,36.6,29,18,27.6,.231,.319,.378,.307,3.9,15,44,15,2,77,10,112,772,213,0.469203,0.6273529999999999,0.83,0.116546
Isaiah Campbell,BOS,,28,69,62,282,.259,.283,0.5371747211895911,0.6252661349244395,0.4663104089219331,0.5004055150040552,0.887546468401487,0.8447955390334573,0.7537174721189591,0.3392193308550186,0.8763940520446096,0.6022304832713755,0.31691449814126393,0.45539033457249073,0.75,0.41356877323420077,0.7630111524163569,0.30494728304947283,0.8596654275092936,0.8039033457249071,0.6245353159851301,.190,.305,6.8,7.2,28.27586206896552,88.6,36.4,27.5,14,31.7,.210,.275,.371,.244,4.3,3,5,1,0,13,3,19,123,39,0.434629,0.592593,0.8,0.123675
Andrew Magno,DET,,27,236,194,961,.323,.372,0.5353159851301115,0.56749042240895,0.6967936802973979,0.5004055150040552,0.3447955390334573,0.31691449814126393,0.5492565055762082,0.8596654275092936,0.354089219330855,0.8243494423791822,0.7788104089219331,0.5994423791821561,0.5065055762081785,0.6254646840148699,0.550185873605948,0.26034063260340634,0.845724907063197,0.03717472118959108,0.46654275092936803,.245,.346,2.9,13.1,30.8641975308642,86.4,34.5,23.3,11,27.8,.299,.404,.443,.388,1.7,4,31,14,1,58,4,55,417,116,0.42753599999999997,0.596535,0.917012,0.111801
Wil Jensen,CHC,,28,28,22,105,.277,.426,0.533457249070632,0.7158795178240679,0.987453531598513,0.5004055150040552,0.7964684014869888,0.9154275092936803,0.9842007434944238,0.9656133828996283,0.05483271375464684,0.4758364312267658,1,1,0.6087360594795539,0.29275092936802977,0.9962825278810409,0.09205190592051904,0.9191449814126395,0.9879182156133829,0.949814126394052,.173,.196,0,21.4,27.142857142857146,74.8,6.7,25,16,45,.364,.500,.455,.533,0,0,6,2,0,8,0,7,40,18,0.375,0.571429,0.666667,0.163462
Trevor Rogers,BAL,,27,120,110,475,.267,.297,0.5315985130111525,0.5971527520248112,0.5195167286245352,0.5004055150040552,0.8429368029739777,0.7955390334572491,0.5817843866171004,0.16728624535315986,0.845724907063197,0.7946096654275093,0.5046468401486989,0.8243494423791822,0.6087360594795539,0.17657992565055763,0.5232342007434945,0.4233576642335766,0.7769516728624535,0.39312267657992567,0.49814126394052044,.198,.342,8.8,7.5,30.434782608695656,87.8,30,25,18,27.4,.236,.292,.391,.295,5.8,7,9,8,0,26,3,30,215,59,0.45052600000000004,0.61,0.852459,0.113684
Justin Armbruester,BAL,,27,553,467,2277,.321,.375,0.5297397769516728,0.4194885636728906,0.37105018587360594,0.5004055150040552,0.3596654275092937,0.6421933085501859,0.2732342007434944,0.24349442379182157,0.4024163568773234,0.47026022304832715,0.2936802973977695,0.6737918215613383,0.5315985130111525,0.026022304832713755,0.6171003717472119,0.5409570154095702,0.395910780669145,0.7620817843866171,0.5929368029739777,.217,.384,7.7,12.3,27.088402270884018,88.7,33.3,23.7,24,28.9,.257,.367,.501,.298,4.7,26,68,23,5,120,27,131,1056,305,0.464067,0.669759,0.808864,0.12138499999999999
Francisco Pérez,ATH,,28,167,148,678,.285,.389,0.5278810408921933,0.6236397408723949,0.5020910780669144,0.5004055150040552,0.7342007434944238,0.7137546468401487,0.620817843866171,0.44609665427509293,0.483271375464684,0.8513011152416357,0.5548327137546468,0.38661710037174724,0.8150557620817844,0.48977695167286245,0.887546468401487,0.4817518248175183,0.7472118959107806,0.6226765799256505,0.9275092936802974,.209,.335,6.1,11.4,31.351351351351358,87.5,37.4,29.3,13,35,.297,.377,.527,.396,3.6,6,19,10,0,44,8,49,311,109,0.45815,0.616162,0.8251370000000001,0.157122
Hagen Danner,SEA,,27,144,129,592,.278,.314,0.5260223048327137,0.444039369125183,0.2736988847583643,0.5004055150040552,0.7890334572490706,0.6970260223048327,0.5604089219330854,0.40892193308550184,0.7128252788104089,0.4628252788104089,0.015799256505576207,0.10966542750929369,0.5213754646840149,0.41356877323420077,0.1366171003717472,0.5847526358475263,0.620817843866171,0.17286245353159851,0.21561338289962825,.211,.344,6.3,9,26.989619377162636,92,43.8,23.6,14,21.2,.248,.313,.411,.301,4.2,6,13,9,0,32,4,34,278,59,0.46969700000000003,0.640264,0.881443,0.09259260000000001
Riley Pint,CLE,,27,185,137,786,.313,.307,0.5241635687732342,0.6557029378984173,0.7962360594795539,0.5004055150040552,0.4349442379182156,0.8327137546468402,0.9302973977695167,0.921003717472119,0.0724907063197026,0.20260223048327136,0.8066914498141264,0.5269516728624535,0.9591078066914498,0.7304832713754646,0.9507434944237918,0.0689375506893755,0.9869888475836431,0.8847583643122676,0.7091078066914498,.193,.241,1.4,20.5,23.64864864864865,86.2,35.6,35.7,9,37.8,.190,.389,.226,.356,0.5,1,38,5,0,26,0,66,283,107,0.358779,0.511429,0.77095,0.129771
Will Klein,LAD,,25,191,156,793,.329,.298,0.5223048327137546,0.33615523033955724,0.1967936802973978,0.5004055150040552,0.2815985130111524,0.49907063197026025,0.42193308550185876,0.22769516728624536,0.15892193308550187,0.275092936802974,0.0724907063197026,0.06505576208178439,0.46096654275092935,0.34851301115241634,0.7221189591078067,0.08069748580697486,0.8513011152416357,0.654275092936803,0.38940520446096655,.230,.361,7.9,16.8,24.76851851851852,90.5,45.6,22.5,15,30.5,.199,.337,.308,.239,4.7,9,32,2,0,31,5,43,338,103,0.368421,0.595745,0.8214290000000001,0.10526300000000001
Grant Anderson,MIL,,28,120,102,490,.262,.269,0.5204460966542751,0.7346992204262982,0.8657063197026023,0.5004055150040552,0.8698884758364313,0.8884758364312267,0.9107806691449815,0.7230483271375465,0.45539033457249073,0.6412639405204461,0.9535315985130112,0.8754646840148699,0.7769516728624535,0.41356877323420077,0.8076208178438662,0.4476885644768857,0.7156133828996283,0.6654275092936803,0.8345724907063197,.182,.252,4.3,11.7,28.627450980392155,83.7,28.6,28.3,14,32.7,.216,.317,.265,.314,2.5,3,14,3,1,22,0,34,226,74,0.453061,0.6224069999999999,0.82,0.14285699999999998
Robby Ahlstrom,TEX,,26,90,79,355,.325,.371,0.5185873605947955,0.48074940629990426,0.5936338289962825,0.5004055150040552,0.32620817843866173,0.20260223048327136,0.2825278810408922,0.4312267657992565,0.724907063197026,0.5947955390334573,0.7379182156133829,0.9228624535315985,0.137546468401487,0.5631970260223048,0.3447955390334573,0.6626115166261152,0.15613382899628253,0.47769516728624534,0.44052044609665425,.255,.383,6.2,8.9,28.140703517587944,86.7,26.2,16.7,12,25,.304,.378,.481,.349,4.4,4,8,4,2,24,2,15,172,43,0.480337,0.70625,0.840708,0.109551
Evan Fitterer,MIA,,25,125,99,509,.367,.404,0.516728624535316,0.38711557730362167,0.42890334572490707,0.5004055150040552,0.09851301115241635,0.19423791821561337,0.20446096654275092,0.49256505576208176,0.2211895910780669,0.12174721189591078,0.7379182156133829,0.28066914498141265,0.5018587360594795,0.8615241635687733,0.43029739776951675,0.16382806163828062,0.7072490706319703,0.14684014869888476,0.14312267657992564,.256,.403,5.8,15.2,22.058823529411764,86.7,39.1,23.2,6,26.1,.283,.424,.505,.358,3.2,4,19,10,0,28,4,29,207,54,0.405882,0.6234310000000001,0.885906,0.0862745
Alek Manoah,ATL,,27,80,72,349,.323,.400,0.5148698884758365,0.44620789452790915,0.14451672862453532,0.5004055150040552,0.3447955390334573,0.29460966542750927,0.11245353159851301,0.10130111524163568,0.7379182156133829,0.6561338289962825,0.10687732342007435,0.25743494423791824,0.879182156133829,0.7304832713754646,0.6328996282527881,0.2712895377128954,0.9386617100371747,0.5315985130111525,0.6096654275092936,.247,.433,10.4,8.8,28.73563218390805,90.1,39.6,31.3,9,29.1,.319,.375,.569,.432,6.3,5,7,6,0,23,4,25,151,44,0.428571,0.563954,0.835052,0.122857
Sam Bachman,LAA,,26,65,60,204,.271,.315,0.5130111524163569,0.5807339168327419,0.7016728624535317,0.5004055150040552,0.8262081784386617,0.7806691449814126,0.5027881040892194,0.7732342007434945,0.9368029739776952,0.26579925650557623,0.7118959107806692,0.8187732342007435,0.02973977695167286,0.8169144981412639,0.0055762081784386614,0.91889699918897,0.06691449814126393,0.027881040892193308,0.026022304832713755,.200,.352,3.8,6.2,24.705882352941174,86.8,30.2,10.8,7,13,.233,.292,.433,.220,3.1,2,4,3,0,14,3,7,108,14,0.521951,0.7258060000000001,0.922222,0.053658500000000005
Carlos Romero,FA,,26,91,75,336,.318,.381,0.5111524163568774,0.5432494062999043,0.8489776951672863,0.5004055150040552,0.38940520446096655,0.5622676579925651,0.6877323420074349,0.8336431226765799,0.3475836431226766,0.604089219330855,0.9237918215613383,0.9507434944237918,0.06784386617100371,0.29275092936802977,0.3587360594795539,0.4314679643146797,0.17472118959107807,0.6356877323420075,0.4340148698884758,.224,.322,3.2,13.2,28.292682926829265,84.6,24.2,13.2,16,25.2,.253,.385,.493,.267,2.2,2,12,5,2,19,3,12,151,38,0.45132700000000003,0.703448,0.8235290000000001,0.109145
Brandon Sproat,NYM,,25,128,114,463,.332,.411,0.5092936802973977,0.37247803083522024,0.4193773234200744,0.5004055150040552,0.2555762081784387,0.10315985130111524,0.20446096654275092,0.7230483271375465,0.7592936802973977,0.4368029739776952,0.48420074349442377,0.26579925650557623,0.10966542750929369,0.5631970260223048,0.06412639405204461,0.6861313868613139,0.31691449814126393,0.1970260223048327,0.10594795539033457,.269,.403,4.3,8.6,26.760563380281692,87.9,39.4,15.6,12,19.2,.316,.386,.579,.333,3.1,4,11,7,1,36,7,20,224,43,0.482684,0.678571,0.877193,0.08225110000000001
Jackson Rutledge,WSN,,26,557,469,2243,.320,.358,0.5074349442379182,0.42901458597772324,0.4574814126394052,0.5004055150040552,0.36895910780669144,0.46654275092936803,0.5027881040892194,0.5659851301115242,0.2983271375464684,0.28810408921933084,0.4079925650557621,0.35315985130111527,0.4962825278810409,0.41356877323420077,0.48605947955390333,0.4436334144363341,0.3754646840148699,0.5353159851301115,0.45724907063197023,.233,.352,5.3,13.8,24.93827160493827,88.2,38,23,14,27,.267,.379,.433,.331,3.2,18,77,17,5,125,17,128,1017,275,0.452646,0.672381,0.8342780000000001,0.111161
Dugan Darnell,COL,,28,183,162,709,.301,.366,0.5055762081784386,0.560055478171032,0.42193308550185876,0.5004055150040552,0.5566914498141264,0.29460966542750927,0.5715613382899628,0.7053903345724907,0.6282527881040892,0.9507434944237918,0.20353159851301114,0.20724907063197026,0.7369888475836431,0.5631970260223048,0.8020446096654275,0.8588807785888077,0.19330855018587362,0.7193308550185874,0.8940520446096655,.247,.343,4.4,9.8,33.33333333333333,89.2,40.7,27.3,12,32.6,.290,.361,.494,.391,2.7,5,18,13,4,47,4,50,362,118,0.5084029999999999,0.700906,0.814655,0.152661
Graham Ashcraft,CIN,,27,48,45,186,.344,.252,0.5037174721189591,0.5501422191871409,0.5518122676579925,0.5004055150040552,0.19237918215613384,0.024163568773234202,0.06133828996282528,0.47769516728624534,0.983271375464684,0.6347583643122676,0.9488847583643123,0.7193308550185874,0.6087360594795539,0.9572490706319703,0.49349442379182157,0.9030819140308192,0.2211895910780669,0.4600371747211896,0.7490706319702602,.312,.470,5.9,4.2,28.57142857142857,84.1,32.4,25,3,27.1,.222,.250,.333,.273,4.2,2,2,2,0,10,1,12,96,26,0.516129,0.6930689999999999,0.842857,0.134409
Mason Adams,CHW,,25,82,72,289,.302,.327,0.5018587360594795,0.5197828635489748,0.7755576208178439,0.5004055150040552,0.5436802973977695,0.2379182156133829,0.7044609665427509,0.9163568773234201,0.5157992565055762,0.41263940520446096,0.6059479553903345,0.8754646840148699,0.031598513011152414,0.8615241635687733,0.031598513011152414,0.5040551500405515,0.7342007434944238,0.07434944237918216,0.0724907063197026,.251,.318,1.6,11,26.57342657342657,87.3,28.6,11,6,17.3,.278,.366,.361,.306,1.2,1,9,3,0,20,1,9,133,23,0.460208,0.618421,0.9042549999999999,0.07612460000000001
Robinson Piña,TOR,,26,127,111,530,.311,.346,0.5,0.4737791460768559,0.3454925650557621,0.5004055150040552,0.46189591078066916,0.5780669144981413,0.3466542750929368,0.2016728624535316,0.5157992565055762,0.5985130111524164,0.2342007434944238,0.5994423791821561,0.31226765799256506,0.6802973977695167,0.6561338289962825,0.2384428223844282,0.8401486988847584,0.3187732342007435,0.516728624535316,.223,.374,8.3,11,28.239202657807308,89,34.5,19.7,10,29.5,.243,.339,.459,.280,5.5,7,14,10,1,27,4,25,224,66,0.422932,0.59751,0.8611110000000001,0.11466199999999999
Shane Murphy,CHW,,24,44,37,193,.313,.320,0.49814126394052044,0.444039369125183,0.7091078066914498,0.5004055150040552,0.4349442379182156,0.5985130111524164,0.5715613382899628,0.8094795539033457,0.18866171003717472,0.137546468401487,0.6700743494423792,0.7853159851301115,0.22490706319702602,0.29275092936802977,0.11431226765799256,0.2489862124898621,0.8197026022304833,0.491635687732342,0.08364312267657993,.221,.343,3.4,15.9,22.448979591836732,87,31,18.2,16,20.7,.189,.318,.405,.185,2.3,1,7,2,0,7,2,8,82,17,0.42486999999999997,0.602151,0.8392860000000001,0.0777202
Andrew Hoffmann,ARI,,25,312,269,1259,.340,.373,0.4962825278810409,0.40655485859234536,0.516728624535316,0.5004055150040552,0.2100371747211896,0.09014869888475836,0.1979553903345725,0.49256505576208176,0.587360594795539,0.19609665427509293,0.7379182156133829,0.6384758364312267,0.387546468401487,0.6254646840148699,0.21468401486988847,0.4152473641524737,0.4646840148698885,0.3159851301115242,0.16171003717472118,.271,.405,5.8,10.3,23.529411764705877,86.7,34,21.2,11,22.8,.309,.391,.465,.374,3.8,12,32,13,1,83,9,66,567,129,0.449723,0.661392,0.861244,0.087886
Tony Santillan,CIN,,28,171,144,703,.259,.304,0.4944237918215613,0.7013194186914781,0.7026022304832713,0.5004055150040552,0.887546468401487,0.9451672862453532,0.8996282527881041,0.37825278810408924,0.4024163568773234,0.8605947955390335,0.8066914498141264,0.7258364312267658,0.8671003717472119,0.23048327137546468,0.9117100371747212,0.6885644768856448,0.5223048327137546,0.6951672862453532,0.8903345724907064,.164,.259,6.5,12.3,31.549295774647888,86.2,32.3,31,17,36,.222,.333,.340,.322,3.5,6,21,8,0,32,3,53,339,122,0.482955,0.6542859999999999,0.8165939999999999,0.151989
Jorge Benitez,LAD,,26,177,137,751,.349,.389,0.49256505576208176,0.4922890593358397,0.6270910780669146,0.5004055150040552,0.17565055762081785,0.5473977695167286,0.4563197026022305,0.3903345724907063,0.08085501858736059,0.18773234200743494,0.9237918215613383,0.7379182156133829,0.5678438661710037,0.6802973977695167,0.6589219330855018,0.0851581508515815,0.8921933085501859,0.6598513011152416,0.30297397769516726,.225,.358,6.4,19.8,23.34905660377359,84.6,31.9,24.3,10,29.6,.270,.432,.438,.360,3.4,6,35,6,1,37,5,43,284,84,0.37051799999999996,0.5828220000000001,0.821053,0.09960160000000001
Logan Allen,CLE,,27,212,185,830,.327,.382,0.49070631970260226,0.4337388734622339,0.3652416356877324,0.5004055150040552,0.30018587360594795,0.3903345724907063,0.17657992565055763,0.29182156133828996,0.5446096654275093,0.6821561338289963,0.5213754646840149,0.4711895910780669,0.4674721189591078,0.34851301115241634,0.5102230483271375,0.4111922141119221,0.6635687732342007,0.3382899628252788,0.5371747211895911,.238,.411,7.2,10.8,28.893905191873582,87.7,36.2,22.6,15,27.3,.265,.354,.546,.294,4.7,10,23,8,4,49,12,48,373,102,0.44939799999999996,0.633333,0.8583,0.11686700000000001
Griff McGarry,PHI,,26,146,106,619,.371,.348,0.4888475836431227,0.30804184743992896,0.16496282527881043,0.5004055150040552,0.08178438661710037,0.4358736059479554,0.3159851301115242,0.15520446096654275,0.031598513011152414,0.1524163568773234,0.10687732342007435,0.08178438661710037,0.7434944237918215,0.29275092936802977,0.7983271375464684,0.09651257096512572,0.9479553903345725,0.6895910780669146,0.5669144981412639,.235,.379,9,24,22.6628895184136,90.1,44.8,27.4,16,32.5,.217,.404,.358,.299,4.1,6,35,4,1,23,3,40,234,76,0.37641399999999997,0.558491,0.8175680000000001,0.119548
Kevin Gowdy,FA,,27,226,197,846,.290,.332,0.48698884758364314,0.6978342885799537,0.820864312267658,0.5004055150040552,0.6988847583643123,0.49907063197026025,0.7843866171003717,0.8773234200743495,0.6421933085501859,0.7862453531598513,0.9089219330855018,0.7128252788104089,0.3271375464684015,0.9739776951672863,0.662639405204461,0.7047850770478508,0.09293680297397769,0.45724907063197023,0.7342007434944238,.230,.297,2.6,9.7,30.34934497816593,84.8,32.5,19.9,2,29.7,.284,.376,.360,.364,1.8,4,22,8,2,56,1,45,411,122,0.485311,0.721106,0.8432059999999999,0.132785
Colin Selby,BAL,,28,165,144,672,.297,.301,0.4851301115241636,0.5585839787906105,0.395910780669145,0.5004055150040552,0.6180297397769516,0.6552044609665427,0.5817843866171004,0.24349442379182157,0.5306691449814126,0.24721189591078066,0.2936802973977695,0.4646840148698885,0.9117100371747212,0.7741635687732342,0.8819702602230484,0.4071370640713706,0.5576208178438662,0.6356877323420075,0.9033457249070632,.215,.342,7.7,10.9,24.585635359116026,88.7,36.3,32.7,8,34.8,.222,.315,.361,.322,4.2,7,18,8,0,32,4,54,282,98,0.44912299999999994,0.6488550000000001,0.8235290000000001,0.154386
Aaron Brown,FA,,26,92,83,382,.278,.331,0.483271375464684,0.5319420952714037,0.6503252788104089,0.5004055150040552,0.7890334572490706,0.6970260223048327,0.5278810408921933,0.7053903345724907,0.7481412639405205,0.45724907063197023,0.578996282527881,0.7890334572490706,0.11895910780669144,0.41356877323420077,0.05762081784386617,0.7810218978102191,0.38104089219330856,0.12267657992565056,0.120817843866171,.211,.349,4.4,8.7,26.966292134831463,87.4,30.9,16.3,14,18.9,.241,.304,.470,.234,3.3,3,8,4,0,20,5,15,190,36,0.496084,0.671875,0.891473,0.08355089999999998
Gregory Santos,SEA,,26,28,21,118,.298,.267,0.48141263940520446,0.45108707668404296,0.4879182156133829,0.5004055150040552,0.5966542750929368,0.9107806691449815,0.9758364312267658,0.9656133828996283,0.017657992565055763,0.08550185873605948,0.006505576208178439,0.0037174721189591076,0.6087360594795539,0.7304832713754646,0.011152416356877323,0.052716950527169515,0.9739776951672863,0.7713754646840149,0.020446096654275093,.174,.205,0,25,21.428571428571427,93.4,64.3,25,9,14.6,.143,.357,.143,.214,0,0,7,0,0,3,0,7,41,6,0.338983,0.530612,0.807692,0.050847500000000004
Beau Brieske,DET,,27,90,77,396,.274,.305,0.4795539033457249,0.5792624174523205,0.7118959107806692,0.5004055150040552,0.8085501858736059,0.8447955390334573,0.854089219330855,0.5269516728624535,0.4154275092936803,0.25092936802973975,0.5371747211895911,0.929368029739777,0.5762081784386617,0.23048327137546468,0.4767657992565056,0.7664233576642335,0.1524163568773234,0.4600371747211896,0.395910780669145,.190,.277,5.6,12.2,24.598930481283425,87.6,25.9,24.4,17,26.9,.234,.344,.325,.327,3.3,3,11,5,1,18,0,22,197,53,0.49370299999999995,0.707071,0.842857,0.10579300000000001
Emerson Hancock,SEA,,26,387,346,1405,.303,.306,0.47769516728624534,0.4332741894473639,0.41682156133828996,0.5004055150040552,0.5325278810408922,0.4358736059479554,0.3671003717472119,0.6068773234200744,0.7128252788104089,0.6802973977695167,0.4600371747211896,0.23327137546468402,0.14869888475836432,0.41356877323420077,0.10780669144981413,0.7477696674776967,0.1412639405204461,0.20446096654275092,0.23048327137546468,.235,.370,5,9,28.87989203778677,88,40.1,16.8,14,20.4,.240,.313,.384,.266,3.6,14,35,18,1,83,10,65,691,141,0.491116,0.7085140000000001,0.875764,0.09452739999999998
Freddy Tarnok,MIA,,26,134,111,531,.350,.410,0.4758364312267658,0.30447926999259317,0.15938661710037175,0.5004055150040552,0.1691449814126394,0.2695167286245353,0.17657992565055763,0.14869888475836432,0.27137546468401486,0.3141263940520446,0.024163568773234202,0.28810408921933084,0.6384758364312267,0.06598513011152417,0.7871747211895911,0.2497972424979724,0.26579925650557623,0.046468401486988845,0.11802973977695168,.249,.411,9.1,14.2,25.34246575342466,91.5,39,25.4,21,32.2,.288,.403,.559,.352,5.2,7,19,5,2,32,7,34,236,76,0.425,0.686275,0.914286,0.08333330000000001
Kyle Leahy,STL,,28,120,109,450,.267,.349,0.4739776951672863,0.6449377582205982,0.39358736059479554,0.5004055150040552,0.8429368029739777,0.7648698884758365,0.5817843866171004,0.25743494423791824,0.912639405204461,0.9507434944237918,0.4600371747211896,0.275092936802974,0.6617100371747212,0.8169144981412639,0.7146840148698885,0.8321167883211679,0.34572490706319703,0.7518587360594795,0.845724907063197,.203,.342,7.6,6.7,33.33333333333333,88,39.2,25.8,7,30.4,.275,.325,.495,.324,5,6,8,6,0,30,6,31,227,69,0.503326,0.6757989999999999,0.810811,0.144124
Logan Gragg,FA,,27,35,30,135,.305,.269,0.4721189591078067,0.42312858845603807,0.3359665427509294,0.5004055150040552,0.5130111524163569,0.7369888475836431,0.49256505576208176,0.7230483271375465,0.483271375464684,0.5055762081784386,0.10687732342007435,0.02137546468401487,0.3355018587360595,0.016728624535315983,0.6421933085501859,0.6739659367396593,0.13475836431226765,0.6821561338289963,0.5576208178438662,.207,.354,4.3,11.4,27.397260273972602,90.1,52.2,20,25,29.2,.167,.286,.300,.182,2.9,1,4,1,0,5,1,7,65,19,0.48148100000000005,0.709677,0.818182,0.118519
Brusdar Graterol,LAD,,27,40,37,121,.279,.330,0.47026022304832715,0.5960684893234484,0.8863847583643123,0.5004055150040552,0.783457249070632,0.06505576208178439,0.6877323420074349,0.9656133828996283,0.9702602230483272,0.1171003717472119,0.9237918215613383,0.9684014869888475,0.18494423791821563,0.9024163568773235,0.08364312267657993,0.8357664233576643,0.04275092936802974,0.02973977695167286,0.031598513011152414,.278,.322,0,5,22,84.6,22.6,17.5,5,19.7,.351,.375,.378,.419,0,0,2,1,0,13,0,7,61,12,0.504132,0.7391300000000001,0.9215690000000001,0.05785119999999999
Erik Sabrowski,CLE,,27,168,135,711,.312,.341,0.4684014869888476,0.5200926528922214,0.5448420074349443,0.5004055150040552,0.4479553903345725,0.6552044609665427,0.7397769516728625,0.6421933085501859,0.137546468401487,0.34014869888475835,0.38661710037174724,0.4107806691449814,0.8847583643122676,0.23048327137546468,0.8652416356877324,0.2343876723438767,0.6858736059479554,0.8401486988847584,0.6960966542750929,.215,.308,4.8,17.9,25.6997455470738,88.3,36.9,31.5,17,34.1,.244,.381,.378,.378,2.4,4,30,8,2,33,2,53,299,102,0.42216000000000004,0.627451,0.791667,0.12903199999999998
Andrew Alvarez,WSN,,26,342,302,1274,.319,.331,0.46654275092936803,0.4290145859777233,0.4138011152416357,0.5004055150040552,0.379182156133829,0.2379182156133829,0.2908921933085502,0.6068773234200744,0.6737918215613383,0.6282527881040892,0.3652416356877323,0.39219330855018586,0.20446096654275092,0.7741635687732342,0.09479553903345725,0.4047039740470397,0.5966542750929368,0.031598513011152414,0.12453531598513011,.251,.382,5,9.4,28.448275862068968,88.4,37.2,17.8,8,20,.268,.345,.407,.306,3.5,12,32,11,2,81,9,61,576,115,0.44862700000000005,0.643979,0.921409,0.0839216
Tyler Stuart,WSN,,26,76,63,301,.320,.360,0.4646840148698885,0.41352511881539367,0.49721189591078063,0.5004055150040552,0.36895910780669144,0.30390334572490707,0.620817843866171,0.9079925650557621,0.3475836431226766,0.42193308550185876,0.10687732342007435,0.35315985130111527,0.1607806691449814,0.6802973977695167,0.1895910780669145,0.5206812652068127,0.3429368029739777,0.45260223048327136,0.21933085501858737,.246,.335,2,13.2,26.623376623376625,90.1,38,17.1,10,22.3,.270,.382,.444,.320,1.3,1,10,4,2,17,1,13,139,31,0.461794,0.676056,0.84375,0.0930233
Ky Bush,CHW,,25,115,99,447,.301,.358,0.4628252788104089,0.480129827613411,0.5759758364312267,0.5004055150040552,0.5566914498141264,0.49907063197026025,0.7007434944237918,0.8773234200743495,0.4154275092936803,0.10315985130111524,0.5548327137546468,0.17100371747211895,0.28066914498141265,0.9572490706319703,0.1449814126394052,0.42741281427412814,0.26394052044609667,0.1821561338289963,0.18401486988847585,.230,.319,2.6,12.2,21.794871794871803,87.5,41.6,19.1,3,21.4,.263,.365,.455,.311,1.7,2,14,8,1,26,3,22,201,43,0.45089300000000004,0.6866359999999999,0.8791950000000001,0.0892857
Zach Penrod,LAD,,28,121,101,549,.304,.340,0.46096654275092935,0.6407556020867692,0.7197955390334573,0.5004055150040552,0.5232342007434945,0.6310408921933085,0.7472118959107806,0.820631970260223,0.19888475836431227,0.4879182156133829,0.8345724907063197,0.4767657992565056,0.9172862453531598,0.6254646840148699,0.9256505576208178,0.4582319545823195,0.23048327137546468,0.9033457249070632,0.9405204460966543,.218,.306,3.3,15.7,27.21518987341772,86,36.1,33.1,11,36.4,.248,.372,.386,.390,1.7,2,19,6,1,25,2,40,250,91,0.455535,0.691667,0.7650600000000001,0.15971
Nolan Hoffman,PHI,,28,270,230,1168,.271,.330,0.4591078066914498,0.7047271014671906,0.8761617100371748,0.5004055150040552,0.8262081784386617,0.7732342007434945,0.8903345724907064,0.8336431226765799,0.3382899628252788,0.3345724907063197,0.9237918215613383,0.8568773234200744,0.7881040892193308,0.7741635687732342,0.6171003717472119,0.19708029197080293,0.9107806691449815,0.8773234200743495,0.4721189591078067,.201,.266,3.2,13.3,25.636672325976228,84.6,29.2,28.5,8,28.9,.278,.378,.352,.405,1.9,5,36,9,1,64,2,77,485,140,0.41538500000000006,0.575809,0.775148,0.11196600000000001
Connor Cooke,TOR,,25,145,117,571,.316,.329,0.45724907063197023,0.40508335921192407,0.45353159851301117,0.5004055150040552,0.4052044609665427,0.8131970260223048,0.6403345724907064,0.5074349442379182,0.09758364312267657,0.2788104089219331,0.5046468401486989,0.16171003717472118,0.3355018587360595,0.13011152416356878,0.48605947955390333,0.3041362530413625,0.7267657992565055,0.5613382899628253,0.41821561338289964,.196,.331,5.7,19.3,24.834437086092716,87.8,42,20,19,27,.205,.359,.368,.247,3.4,5,28,8,1,24,3,29,244,66,0.434555,0.6194029999999999,0.831325,0.10820199999999999
Gordon Graceffo,STL,,25,579,520,2199,.329,.349,0.45539033457249073,0.29549537903844203,0.1312732342007435,0.5004055150040552,0.2815985130111524,0.17936802973977695,0.13475836431226765,0.24349442379182157,0.7592936802973977,0.483271375464684,0.04275092936802974,0.10408921933085502,0.24814126394052044,0.48977695167286245,0.07899628252788105,0.5855636658556367,0.4144981412639405,0.08736059479553904,0.137546468401487,.258,.423,7.7,8.6,27.199281867145423,90.9,44,18.5,13,19.5,.288,.353,.450,.327,5.5,32,50,24,0,150,20,107,1042,203,0.469814,0.667585,0.900963,0.08533819999999999
Yariel Rodríguez,TOR,,28,87,72,384,.239,.233,0.45353159851301117,0.6591880680099415,0.6953996282527881,0.5004055150040552,0.9479553903345725,0.9674721189591078,0.9795539033457249,0.8856877323420075,0.2342007434944238,0.3048327137546468,0.20353159851301114,0.7128252788104089,0.9767657992565055,0.34851301115241634,0.8485130111524164,0.14760746147607462,0.9702602230483272,0.2620817843866171,0.570631970260223,.155,.200,2.5,14.9,25.125628140703515,89.2,32.5,37.9,15,33.8,.167,.299,.167,.300,1.1,1,13,0,0,12,0,33,154,52,0.401042,0.5414359999999999,0.867347,0.11979200000000001
Antoine Kelly,COL,,25,130,100,570,.350,.364,0.4516728624535316,0.36271966652295246,0.349907063197026,0.5004055150040552,0.1691449814126394,0.5985130111524164,0.4767657992565056,0.2788104089219331,0.05204460966542751,0.03717472118959108,0.09758364312267657,0.5464684014869888,0.5827137546468402,0.48977695167286245,0.5232342007434945,0.1443633414436334,0.679368029739777,0.38104089219330856,0.15055762081784388,.221,.356,7.4,21.5,18.506493506493506,90.2,35.3,24.6,13,27.4,.240,.415,.380,.323,3.8,5,28,5,0,24,3,32,223,61,0.4,0.630058,0.853211,0.0871795
Dylan Dodd,ATL,,27,478,439,1792,.314,.366,0.44981412639405205,0.4181719589640926,0.23815055762081785,0.5004055150040552,0.4228624535315985,0.2379182156133829,0.17657992565055763,0.14312267657992564,0.912639405204461,0.7527881040892194,0.31691449814126393,0.3159851301115242,0.3550185873605948,0.41356877323420077,0.47026022304832715,0.9164639091646389,0.15985130111524162,0.6654275092936803,0.6802973977695167,.251,.411,9.3,6.7,29.701834862385322,88.6,38.6,20.5,14,26.8,.296,.345,.513,.343,6.7,32,32,33,4,130,18,98,935,251,0.520601,0.705755,0.82,0.12806199999999998
Misael Tamarez,SDP,,25,324,275,1318,.325,.377,0.4479553903345725,0.31609637036434046,0.26440520446096655,0.5004055150040552,0.32620817843866173,0.4358736059479554,0.3382899628252788,0.47769516728624534,0.3131970260223048,0.36059479553903345,0.09014869888475836,0.15148698884758363,0.37732342007434944,0.29275092936802977,0.129182156133829,0.3446877534468775,0.5910780669144982,0.04460966542750929,0.10223048327137546,.235,.376,5.9,13.6,25.96685082872928,90.3,42.6,21,16,20.9,.265,.370,.505,.295,3.7,12,44,14,2,73,16,68,580,121,0.43939399999999995,0.645108,0.915167,0.08106060000000001
Alan Rangel,PHI,,28,116,106,432,.262,.285,0.44609665427509293,0.5784879440942041,0.524860594795539,0.5004055150040552,0.8698884758364313,0.7369888475836431,0.6403345724907064,0.19237918215613384,0.9014869888475836,0.912639405204461,0.4600371747211896,0.8066914498141264,0.4052044609665427,0.0055762081784386614,0.5102230483271375,0.6950527169505272,0.49907063197026025,0.5929368029739777,0.6728624535315985,.207,.331,8.5,6.9,32.45614035087719,88,30.5,21.6,27,27.3,.217,.267,.396,.241,6,7,8,7,0,23,4,25,209,57,0.483796,0.656863,0.828358,0.127315
Ray Gaither,FA,,27,271,234,1079,.307,.314,0.44423791821561337,0.4994916615663232,0.5950278810408922,0.5004055150040552,0.49907063197026025,0.3745353159851301,0.6310408921933085,0.8494423791821561,0.3847583643122677,0.5148698884758365,0.31691449814126393,0.5827137546468402,0.48698884758364314,0.41356877323420077,0.4395910780669145,0.4249797242497973,0.3643122676579926,0.13940520446096655,0.38940520446096655,.240,.334,3,12.5,27.479674796747965,88.6,34.7,22.9,14,26.3,.244,.339,.363,.312,1.8,5,34,14,1,57,4,62,490,129,0.4506,0.6736840000000001,0.8875,0.10526300000000001
Yosver Zulueta,CIN,,27,241,206,972,.281,.312,0.4423791821561338,0.535349778047116,0.4328531598513011,0.5004055150040552,0.7685873605947955,0.6830855018587361,0.854089219330855,0.7388475836431226,0.3671003717472119,0.15055762081784388,0.08085501858736059,0.05762081784386617,0.7239776951672863,0.9572490706319703,0.54182156133829,0.12327656123276562,0.9460966542750929,0.13197026022304834,0.32899628252788105,.212,.277,4.2,12.9,22.64875239923225,90.4,46.5,27,3,27.6,.252,.357,.325,.353,2.5,6,31,6,0,52,3,65,381,105,0.391572,0.559735,0.8893280000000001,0.101747
Ryan Jensen,CHC,,27,261,207,1127,.291,.333,0.44052044609665425,0.5872394930409203,0.5309014869888475,0.5004055150040552,0.6886617100371747,0.9200743494423792,0.8847583643122676,0.40892193308550184,0.10130111524163568,0.10315985130111524,0.578996282527881,0.25092936802973975,0.8578066914498141,0.8169144981412639,0.9349442379182156,0.17274939172749393,0.6505576208178439,0.8996282527881041,0.7676579925650557,.172,.267,6.3,19.2,21.794871794871803,87.4,39.8,30.7,7,36.6,.222,.379,.348,.339,3.1,8,50,12,1,46,4,80,464,170,0.409574,0.6365460000000001,0.766562,0.135638
Bailey Horn,DET,,27,169,143,714,.300,.319,0.43866171003717475,0.4534104967583925,0.3231877323420075,0.5004055150040552,0.5669144981412639,0.6654275092936803,0.5278810408921933,0.2016728624535316,0.3131970260223048,0.2211895910780669,0.2342007434944238,0.32899628252788105,0.8094795539033457,0.29275092936802977,0.7788104089219331,0.19626926196269265,0.9330855018587361,0.9368029739776952,0.6524163568773235,.214,.349,8.3,13.6,24.09972299168975,89,38.5,29,16,32,.217,.320,.413,.275,4.7,8,23,8,1,31,6,49,300,96,0.41517,0.565891,0.753425,0.125749
Carson Palmquist,COL,,25,165,137,651,.329,.393,0.4368029739776952,0.3239959986171285,0.44609665427509293,0.5004055150040552,0.2815985130111524,0.4358736059479554,0.4340148698884758,0.662639405204461,0.16821561338289961,0.12639405204460966,0.31691449814126393,0.370817843866171,0.26301115241635686,0.06598513011152417,0.2620817843866171,0.22384428223844285,0.6152416356877324,0.2100371747211896,0.241635687732342,.235,.360,4.7,16.4,22.253521126760567,88.6,37.7,18.8,21,23.8,.277,.400,.504,.306,3,5,27,7,0,38,8,31,273,65,0.420245,0.641196,0.875648,0.095092
Wander Guante,ATH,,25,79,70,264,.326,.385,0.4349442379182156,0.34808212005455114,0.39753717472118955,0.5004055150040552,0.31226765799256506,0.1496282527881041,0.2732342007434944,0.3020446096654275,0.483271375464684,0.3680297397769517,0.20353159851301114,0.8113382899628253,0.19609665427509293,0.48977695167286245,0.08736059479553904,0.6326034063260341,0.3550185873605948,0.20074349442379183,0.14869888475836432,.262,.384,7.1,11.4,26.08695652173913,89.2,30.4,17.7,13,19.8,.300,.380,.514,.340,5.1,4,9,4,1,21,3,14,126,25,0.475472,0.674242,0.8764040000000001,0.08679239999999999
Chad Dallas,TOR,,25,281,247,1015,.338,.362,0.43308550185873607,0.2734228883321223,0.1412639405204461,0.5004055150040552,0.2184014869888476,0.11338289962825279,0.12825278810408922,0.21561338289962825,0.7713754646840149,0.4721189591078067,0.08085501858736059,0.14033457249070633,0.20446096654275092,0.34851301115241634,0.08736059479553904,0.5539334955393349,0.38847583643122674,0.05947955390334572,0.13197026022304834,.267,.427,8.1,8.5,27.115384615384606,90.4,42.9,17.8,15,19.8,.296,.367,.470,.330,5.7,16,24,11,1,73,10,50,475,94,0.46601000000000004,0.6712060000000001,0.9101450000000001,0.0847291
Carson Ragsdale,BAL,,27,235,205,969,.325,.385,0.4312267657992565,0.34335783257004054,0.10199814126394052,0.5004055150040552,0.32620817843866173,0.45353159851301117,0.14869888475836432,0.11431226765799256,0.5037174721189591,0.6895910780669146,0.0724907063197026,0.0724907063197026,0.5678438661710037,0.047397769516728624,0.6236059479553904,0.7128953771289538,0.39776951672862454,0.8141263940520446,0.6877323420074349,.234,.418,10,11.1,28.952772073921967,90.5,45.3,24.3,22,29,.288,.366,.541,.348,6.4,15,26,20,1,59,10,57,473,137,0.48712700000000003,0.669546,0.796774,0.128733
Ricky Karcher,FA,,28,109,76,490,.309,.338,0.42936802973977695,0.6742902984932128,0.924488847583643,0.5004055150040552,0.4767657992565056,0.9711895910780669,0.9842007434944238,0.9656133828996283,0.0055762081784386614,0.11524163568773234,0.8215613382899628,0.9265799256505576,0.7825278810408922,0.6254646840148699,0.9163568773234201,0.07380373073803731,0.929368029739777,0.9516728624535316,0.6338289962825279,.154,.196,0,28.4,21.959459459459463,86.1,26.1,28.4,11,36.1,.171,.413,.289,.267,0,0,31,2,2,13,1,31,180,65,0.363265,0.5665020000000001,0.747826,0.12449
Stevie Emanuels,ATH,,26,74,59,304,.389,.465,0.4275092936802974,0.2540610543792103,0.08015799256505576,0.5004055150040552,0.05018587360594796,0.06133828996282528,0.07527881040892194,0.12174721189591078,0.11059479553903345,0.17007434944237917,0.08085501858736059,0.04275092936802974,0.654275092936803,0.23048327137546468,0.9507434944237918,0.1273317112733171,0.895910780669145,0.8364312267657993,0.7230483271375465,.279,.457,9.8,18.9,22.988505747126432,90.4,48.8,25.7,17,37.8,.322,.446,.678,.389,5.4,4,14,4,1,19,5,19,119,45,0.393443,0.578947,0.792208,0.13114800000000001
Kade Strowd,BAL,,28,193,163,815,.318,.383,0.4256505576208178,0.5806564694969302,0.6305762081784386,0.5004055150040552,0.38940520446096655,0.40613382899628253,0.5715613382899628,0.7732342007434945,0.2815985130111524,0.20631970260223048,0.6505576208178439,0.5269516728624535,0.8717472118959108,0.9739776951672863,0.8159851301115242,0.3463098134630981,0.5724907063197026,0.8345724907063197,0.7806691449814126,.237,.343,3.8,14,23.696682464454977,87.1,35.6,31.1,2,32.9,.294,.399,.479,.423,2.1,4,27,9,0,48,7,60,359,118,0.43941199999999997,0.646766,0.792308,0.137087
Josh Simpson,MIA,,28,48,41,195,.287,.354,0.42379182156133827,0.5623788982453813,0.4112453531598513,0.5004055150040552,0.7184014869888475,0.6830855018587361,0.724907063197026,0.2788104089219331,0.7862453531598513,0.241635687732342,0.4340148698884758,0.20724907063197026,0.879182156133829,0.6254646840148699,0.6691449814126395,0.2895377128953771,0.671003717472119,0.8039033457249071,0.4628252788104089,.212,.312,7.4,8.3,24.489795918367342,88.1,40.7,31.3,11,29.8,.268,.354,.463,.360,4.2,2,4,2,0,11,2,15,84,25,0.431472,0.631579,0.8,0.111675
Wilkin Ramos,PIT,,24,86,69,316,.341,.346,0.42193308550185876,0.3775121076629773,0.49860594795539037,0.5004055150040552,0.20446096654275092,0.36338289962825276,0.4340148698884758,0.5269516728624535,0.22676579925650558,0.29460966542750927,0.6301115241635687,0.4033457249070632,0.2537174721189591,0.48977695167286245,0.20260223048327136,0.3008921330089213,0.7286245353159851,0.5436802973977695,0.23977695167286245,.241,.360,5.6,15.1,25,87.2,37,18.6,13,22.5,.232,.376,.391,.288,3.5,3,13,8,0,16,1,16,138,31,0.433544,0.619355,0.833333,0.0949367
Kyle Whitten,TBR,,27,72,62,294,.298,.323,0.4200743494423792,0.48160132699383235,0.49070631970260226,0.5004055150040552,0.5966542750929368,0.7955390334572491,0.5381040892193308,0.3392193308550186,0.2899628252788104,0.16356877323420074,0.6301115241635687,0.45539033457249073,0.5213754646840149,0.48977695167286245,0.4591078066914498,0.23195458231954585,0.5557620817843866,0.40892193308550184,0.33271375464684017,.198,.348,6.8,13.9,22.839506172839503,87.2,36.4,23.6,13,26.6,.194,.306,.435,.195,4.2,3,10,3,0,12,4,17,124,33,0.42176899999999995,0.649254,0.850575,0.10204099999999999
Michael Bienlien,FA,,27,34,27,155,.430,.487,0.41821561338289964,0.39137518077326233,0.1387081784386617,0.5004055150040552,0.010223048327137546,0.04275092936802974,0.013011152416356878,0.01858736059479554,0.24070631970260223,0.8122676579925651,0.4340148698884758,0.08921933085501858,0.8197026022304833,0.9572490706319703,0.758364312267658,0.8629359286293593,0.0055762081784386614,0.654275092936803,0.6960966542750929,.295,.562,16.7,14.7,30.681818181818183,88.1,44.4,29.4,3,31.6,.407,.500,.667,.563,8.8,3,5,1,0,11,2,10,79,25,0.509677,0.8,0.8214290000000001,0.12903199999999998
Aidan Anderson,TEX,,28,250,227,1010,.274,.324,0.4163568773234201,0.6264278449616143,0.6644981412639406,0.5004055150040552,0.8085501858736059,0.7369888475836431,0.5427509293680297,0.3643122676579926,0.8763940520446096,0.7639405204460966,0.8587360594795539,0.8921933085501859,0.5966542750929368,0.09014869888475836,0.48605947955390333,0.7299270072992701,0.5260223048327137,0.6013011152416357,0.5464684014869888,.207,.347,6.6,7.2,30.05893909626719,85.7,28.1,24.8,20,27,.242,.304,.449,.282,4.4,11,18,10,2,55,11,62,496,134,0.48913,0.654135,0.827586,0.11758900000000001
Clay Helvey,FA,,28,315,271,1250,.277,.324,0.4144981412639405,0.5936676219132871,0.42890334572490707,0.5004055150040552,0.7964684014869888,0.7555762081784386,0.7973977695167286,0.6068773234200744,0.5734200743494424,0.5724907063197026,0.13197026022304834,0.17936802973977695,0.8615241635687733,0.41356877323420077,0.9349442379182156,0.5766423357664233,0.4628252788104089,0.8271375464684015,0.9107806691449815,.205,.295,5,10.5,27.952167414050823,89.9,41.3,30.8,14,36.6,.247,.337,.402,.345,2.9,9,33,18,0,67,8,97,587,215,0.468425,0.661616,0.7938930000000001,0.155076
Zack Thompson,STL,,27,394,329,1707,.285,.307,0.41263940520446096,0.6215486628054804,0.7458178438661711,0.5004055150040552,0.7342007434944238,0.8615241635687733,0.7741635687732342,0.5539033457249071,0.27137546468401486,0.3643122676579926,0.8485130111524164,0.8066914498141264,0.7434944237918215,0.48977695167286245,0.5102230483271375,0.2822384428223844,0.7230483271375465,0.5743494423791822,0.4591078066914498,.187,.299,5.4,14.2,26.049515608180837,85.8,30.5,27.4,13,27.3,.207,.330,.353,.271,3,12,56,12,3,68,10,108,739,202,0.43058,0.620915,0.8294739999999999,0.11130599999999999
Carmen Mlodzinski,PIT,,26,79,69,322,.408,.421,0.4107806691449814,0.3670567173284049,0.22723048327137546,0.5004055150040552,0.027881040892193308,0.028810408921933085,0.020446096654275093,0.06412639405204461,0.612453531598513,0.5483271375464684,0.6505576208178439,0.1737918215613383,0.3447955390334573,0.6802973977695167,0.7527881040892194,0.5660989456609895,0.30855018587360594,0.7156133828996283,0.7360594795539034,.309,.548,11.3,10.1,27.710843373493976,87.1,41.5,20.3,10,31.4,.319,.405,.580,.367,7.6,6,8,6,0,22,4,16,153,48,0.467492,0.679245,0.814815,0.133127
Humberto Castellanos,FA,,27,414,371,1583,.290,.323,0.40892193308550184,0.49964655623794635,0.458410780669145,0.5004055150040552,0.6988847583643123,0.7239776951672863,0.3736059479553903,0.17657992565055763,0.6905204460966543,0.637546468401487,0.7908921933085502,0.49256505576208176,0.5315985130111525,0.17657992565055763,0.20260223048327136,0.5863746958637469,0.2992565055762082,0.4479553903345725,0.3066914498141264,.208,.369,8.7,9.2,28.604651162790688,86.3,35.9,23.7,18,22.5,.221,.295,.458,.239,5.8,24,38,13,6,82,21,98,747,168,0.46990200000000004,0.68021,0.843931,0.100123
Chris Roycroft,STL,,28,193,175,750,.240,.275,0.4070631970260223,0.7546806330657034,0.8898698884758365,0.5004055150040552,0.9442379182156134,0.8048327137546468,0.9107806691449815,0.9182156133828996,0.7379182156133829,0.6914498141263941,0.9237918215613383,0.8066914498141264,0.5065055762081785,0.9990706319702602,0.31226765799256506,0.4412003244120032,0.8327137546468402,0.3141263940520446,0.22676579925650558,.197,.252,1.5,8.8,28.9544235924933,84.6,30.5,23.3,0,24.6,.234,.302,.309,.299,1,2,17,4,0,41,3,45,341,84,0.452128,0.5989300000000001,0.861607,0.09441489999999998
Evan McKendry,CHW,,27,364,322,1410,.291,.315,0.4052044609665427,0.4919018226567815,0.48745353159851307,0.5004055150040552,0.6886617100371747,0.5780669144981413,0.5539033457249071,0.7230483271375465,0.699814126394052,0.7973977695167286,0.2342007434944238,0.43866171003717475,0.27137546468401486,0.13011152416356878,0.2871747211895911,0.8394160583941606,0.25650557620817843,0.3104089219330855,0.43866171003717475,.223,.345,4.3,9.1,30.441176470588232,89,36.6,19,19,24.1,.233,.310,.413,.257,3,11,33,16,3,75,12,69,711,171,0.504943,0.6869689999999999,0.861856,0.109463
Ian Anderson,ATL,,27,227,198,905,.323,.325,0.4033457249070632,0.511186209273882,0.5092936802973977,0.5004055150040552,0.3447955390334573,0.2695167286245353,0.3048327137546468,0.2695167286245353,0.4423791821561338,0.5836431226765799,0.8066914498141264,0.6561338289962825,0.5065055762081785,0.8615241635687733,0.5882899628252788,0.2303325223033252,0.8680297397769516,0.26765799256505574,0.5,.249,.380,7.5,11.9,28.06324110671937,86.2,33.6,23.3,6,28.4,.237,.330,.409,.288,4.8,11,27,13,0,47,7,53,384,109,0.421634,0.590551,0.866667,0.11368699999999998
Eduardo Salazar,WSN,,27,217,193,800,.304,.355,0.40148698884758366,0.5517686132391856,0.6280204460966542,0.5004055150040552,0.5232342007434945,0.29460966542750927,0.5492565055762082,0.820631970260223,0.7862453531598513,0.7657992565055762,0.6059479553903345,0.5362453531598513,0.2174721189591078,0.8615241635687733,0.15985130111524162,0.6127331711273317,0.6579925650557621,0.15427509293680297,0.7026022304832714,.247,.346,3.3,8.3,30.068337129840547,87.3,35.5,18,6,21.8,.306,.378,.430,.368,2.3,5,18,15,0,59,3,39,367,80,0.472637,0.635417,0.8852459999999999,0.129353
Eric Torres,FA,,26,39,27,179,.403,.381,0.3996282527881041,0.38068744843125485,0.5157992565055761,0.5004055150040552,0.031598513011152414,0.21468401486988847,0.35780669144981414,0.5269516728624535,0.007434944237918215,0.11059479553903345,0.8810408921933085,0.29739776951672864,0.3550185873605948,0.41356877323420077,0.8717472118959108,0.0681265206812652,0.9442379182156134,0.3475836431226766,0.31784386617100374,.254,.372,5.6,28.2,21.904761904761905,85.5,38.9,20.5,14,34.4,.259,.487,.296,.368,2.6,1,11,1,0,7,0,8,64,22,0.357542,0.56,0.857143,0.10055900000000001
Adrian Hernandez,FA,,25,30,20,126,.417,.457,0.39776951672862454,0.3201236318265461,0.3561802973977695,0.5004055150040552,0.024163568773234202,0.00929368029739777,0.2825278810408922,0.9656133828996283,0.07806691449814127,0.5483271375464684,0.1421933085501859,0.03438661710037175,0.137546468401487,0.7741635687732342,0.3447955390334573,0.10462287104622872,0.7825278810408922,0.1171003717472119,0.1524163568773234,.325,.383,0,20,27.710843373493976,89.8,50,16.7,8,25,.400,.567,.450,.500,0,0,6,1,0,8,0,5,48,12,0.380952,0.608696,0.892857,0.08730160000000001
Connor Gillispie,MIN,,27,474,417,1874,.303,.325,0.395910780669145,0.46394333442877667,0.3090148698884758,0.5004055150040552,0.5325278810408922,0.6970260223048327,0.2732342007434944,0.15520446096654275,0.612453531598513,0.6672862453531598,0.2936802973977695,0.5139405204460966,0.620817843866171,0.09014869888475836,0.6105947955390335,0.624493106244931,0.3066914498141264,0.5130111524163569,0.6579925650557621,.211,.384,9,10.1,28.84801548886738,88.7,35.7,25.1,20,28.8,.221,.308,.441,.251,5.7,27,48,24,1,92,22,119,890,256,0.47474700000000003,0.679634,0.8367,0.125997
Nicholas Padilla,FA,,28,126,108,471,.258,.295,0.3940520446096654,0.72726427618838,0.6347583643122676,0.5004055150040552,0.8912639405204461,0.9321561338289963,0.8847583643122676,0.3131970260223048,0.38011152416356875,0.9070631970260223,0.7908921933085502,0.550185873605948,0.8197026022304833,0.8169144981412639,0.9405204460966543,0.4574209245742093,0.7527881040892194,0.6282527881040892,0.9553903345724907,.169,.267,7,12.7,32.27091633466135,86.3,35.2,29.4,7,36.7,.194,.302,.361,.239,4,5,16,3,0,21,5,37,215,79,0.455319,0.615023,0.824427,0.16383
Matt Manning,PHI,,27,287,260,1135,.284,.312,0.39219330855018586,0.45983862563075933,0.3187732342007435,0.5004055150040552,0.7453531598513011,0.6552044609665427,0.4637546468401487,0.18587360594795538,0.7481412639405205,0.39776951672862454,0.4079925650557621,0.2174721189591078,0.620817843866171,0.23048327137546468,0.3447955390334573,0.6545012165450121,0.48698884758364314,0.28066914498141265,0.3996282527881041,.215,.357,8.6,8.7,26.411657559198538,88.2,40.5,25.1,17,25,.238,.303,.415,.289,5.6,16,25,12,2,62,10,72,544,136,0.47845200000000004,0.659504,0.864662,0.10642
Joe La Sorsa,NYM,,27,220,206,778,.295,.278,0.3903345724907063,0.5410034335613664,0.6326672862453532,0.5004055150040552,0.6477695167286245,0.2695167286245353,0.3048327137546468,0.6421933085501859,0.9786245353159851,0.5929368029739777,0.8215613382899628,0.7620817843866171,0.22490706319702602,0.6254646840148699,0.12174721189591078,0.51338199513382,0.8754646840148699,0.5055762081784386,0.1979553903345725,.249,.380,4.8,4.5,28.106508875739642,86.1,31.5,18.2,11,20.8,.214,.259,.383,.231,3.6,8,10,12,1,44,7,40,360,75,0.46094799999999997,0.58913,0.8376379999999999,0.0909091
Michael Grove,LAD,,28,43,39,169,.233,.211,0.38847583643122674,0.7870536194349723,0.8773234200743494,0.5004055150040552,0.9674721189591078,0.8531598513011153,0.9395910780669146,0.7927509293680297,0.8912639405204461,0.9907063197026023,0.9014869888475836,0.8754646840148699,0.6468401486988847,0.8169144981412639,0.26858736059479554,0.9172749391727494,0.6691449814126395,0.06133828996282528,0.5539033457249071,.188,.236,3.6,7,38.2716049382716,85.1,28.6,25.6,7,23.9,.128,.209,.256,.148,2.3,1,3,0,1,5,1,11,88,21,0.52071,0.632184,0.909091,0.118343
Joander Suarez,NYM,,25,42,40,162,.391,.479,0.38661710037174724,0.31036526751427845,0.22560408921933084,0.5004055150040552,0.046468401486988845,0.015799256505576207,0.0055762081784386614,0.026022304832713755,0.9944237918215614,0.44423791821561337,0.7704460966542751,0.10037174721189591,0.07899628252788105,0.29275092936802977,0.44888475836431224,0.3982157339821573,0.8382899628252788,0.3475836431226766,0.3736059479553903,.321,.606,14.7,2.4,26.82926829268293,86.5,44.1,14.3,16,26.4,.375,.381,.775,.333,11.9,5,1,1,0,15,5,6,72,19,0.447853,0.597561,0.857143,0.10429400000000001
Bryan King,HOU,,28,149,132,587,.245,.257,0.3847583643122677,0.804943954007463,0.9544609665427509,0.5004055150040552,0.9312267657992565,0.8503717472118959,0.9442379182156134,0.9656133828996283,0.6737918215613383,0.7267657992565055,0.9897769516728625,0.9182156133828996,0.8271375464684015,0.8615241635687733,0.47026022304832715,0.42011354420113545,0.8420074349442379,0.5892193308550185,0.4739776951672863,.189,.235,0,9.4,29.431438127090306,80.9,26.4,29.5,6,26.8,.205,.295,.258,.299,0,0,14,4,0,27,1,44,265,71,0.44991499999999995,0.59727,0.828571,0.112054
Louis Varland,TOR,,27,363,325,1384,.298,.322,0.3828996282527881,0.5011955029541794,0.3020446096654275,0.5004055150040552,0.5966542750929368,0.5371747211895911,0.39684014869888473,0.11431226765799256,0.7379182156133829,0.3828996282527881,0.2936802973977695,0.4033457249070632,0.7035315985130112,0.8615241635687733,0.48605947955390333,0.5677210056772101,0.5483271375464684,0.41263940520446096,0.5204460966542751,.226,.364,10,8.8,26.29179331306991,88.7,37,26.4,6,27,.252,.320,.418,.318,6.3,23,32,14,2,82,12,96,648,175,0.467579,0.650418,0.850107,0.115274
Connor Phillips,CIN,,24,390,318,1564,.356,.415,0.38104089219330856,0.23973329725405543,0.17867100371747213,0.5004055150040552,0.14776951672862454,0.20260223048327136,0.1421933085501859,0.32620817843866173,0.21096654275092938,0.31226765799256506,0.09758364312267657,0.14869888475836432,0.31226765799256506,0.29275092936802977,0.18308550185873607,0.3146796431467964,0.5408921933085502,0.06505576208178439,0.17843866171003717,.255,.420,6.9,15.4,25.317919075144506,90.2,42.7,19.7,16,22.2,.311,.426,.544,.361,4.4,17,60,18,4,99,16,77,684,152,0.435783,0.652111,0.90625,0.08881789999999999
Darius Vines,FA,,27,323,295,1198,.302,.354,0.379182156133829,0.4570505215415399,0.3447955390334573,0.5004055150040552,0.5436802973977695,0.47769516728624534,0.2527881040892193,0.23234200743494424,0.9079925650557621,0.7843866171003717,0.5548327137546468,0.3392193308550186,0.137546468401487,0.23048327137546468,0.5232342007434945,0.8158961881589619,0.1654275092936803,0.7118959107806692,0.7379182156133829,.232,.389,7.8,6.8,30.303030303030305,87.5,38.3,16.7,17,27.4,.275,.328,.502,.291,5.9,19,22,23,1,81,14,54,602,165,0.500416,0.705467,0.815,0.133222
Cole Wilcox,TBR,,26,167,147,662,.315,.335,0.37732342007434944,0.4165455649120479,0.43052973977695164,0.5004055150040552,0.4144981412639405,0.2695167286245353,0.4479553903345725,0.8094795539033457,0.6013011152416357,0.25464684014869887,0.20353159851301114,0.2611524163568773,0.14869888475836432,0.9340148698884758,0.1533457249070632,0.5425790754257908,0.41263940520446096,0.15055762081784388,0.15427509293680297,.249,.359,3.4,10.2,24.620060790273556,89.2,39.5,16.8,4,21.7,.265,.353,.401,.304,2.4,4,17,8,0,39,4,28,309,67,0.464555,0.667647,0.8854629999999999,0.0874811
Brendan Cellucci,FA,,27,34,20,139,.384,.407,0.3754646840148699,0.5193956268699166,0.6844795539033457,0.5004055150040552,0.05855018587360595,0.8615241635687733,0.8652416356877324,0.9656133828996283,0.0037174721189591076,0.09665427509293681,0.031598513011152414,0.8754646840148699,0.36338289962825276,0.6254646840148699,0.9851301115241635,0.1524736415247364,0.7685873605947955,0.6821561338289963,0.9330855018587361,.187,.273,0,29.4,21.686746987951807,91.3,28.6,20.6,11,41.1,.250,.529,.300,.357,0,0,10,1,0,5,0,7,56,23,0.402878,0.611111,0.818182,0.158273
Ethan Routzahn,SDP,,27,91,86,326,.272,.269,0.3736059479553903,0.6269699763122959,0.7495353159851301,0.5004055150040552,0.8215613382899628,0.5288104089219331,0.5975836431226765,0.46189591078066916,0.9888475836431226,0.395910780669145,0.9851301115241635,0.9535315985130112,0.25743494423791824,0.9340148698884758,0.09851301115241635,0.6098945660989457,0.3513011152416357,0.491635687732342,0.2100371747211896,.227,.339,6,3.3,26.380368098159515,81.8,23.9,18.7,4,20.1,.233,.275,.337,.279,4.4,4,3,4,1,20,1,17,154,31,0.472393,0.6746989999999999,0.8392860000000001,0.0920245
Wilmer Flores,FA,,24,126,99,491,.362,.389,0.37174721189591076,0.2547580804015151,0.14893122676579926,0.5004055150040552,0.11431226765799256,0.1421933085501859,0.19052044609665428,0.24349442379182157,0.15148698884758363,0.17007434944237917,0.047397769516728624,0.11431226765799256,0.23141263940520446,0.5631970260223048,0.5882899628252788,0.2424979724249797,0.6617100371747212,0.19144981412639406,0.5092936802973977,.263,.407,7.7,17.5,22.988505747126432,90.8,43.6,18.3,12,28.4,.293,.413,.495,.338,4.8,6,22,11,0,29,3,23,208,59,0.423625,0.633484,0.8785709999999999,0.114053
Kyle Backhus,ARI,,27,142,119,564,.297,.295,0.36988847583643125,0.5798819961388139,0.6979553903345725,0.5004055150040552,0.6180297397769516,0.6171003717472119,0.7695167286245354,0.6217472118959108,0.43308550185873607,0.2342007434944238,0.8587360594795539,0.54182156133829,0.7193308550185874,0.8615241635687733,0.18308550185873607,0.2060016220600162,0.8550185873605948,0.20817843866171004,0.11338289962825279,.219,.300,4.9,12,24.372759856630825,85.7,35.4,26.8,6,22.2,.202,.324,.319,.256,2.8,4,17,2,0,24,4,38,239,53,0.41798900000000005,0.59396,0.875706,0.08289239999999999
Kody Funderburk,MIN,,28,58,50,256,.225,.296,0.3680297397769517,0.801226481888504,0.9430762081784387,0.5004055150040552,0.9758364312267658,0.974907063197026,0.9907063197026023,0.7927509293680297,0.587360594795539,0.14684014869888476,0.9981412639405205,0.9907063197026023,0.9767657992565055,0.9897769516728625,0.6905204460966543,0.0786699107866991,0.9758364312267658,0.49535315985130113,0.3215613382899628,.151,.183,3.6,10.3,22.62773722627737,79,17.9,37.9,1,30.1,.220,.328,.320,.370,1.7,1,6,2,0,11,1,22,93,28,0.368217,0.5299149999999999,0.8387100000000001,0.100775
Bobby Miller,LAD,,26,121,100,510,.302,.312,0.36617100371747213,0.5526979812689253,0.837592936802974,0.5004055150040552,0.5436802973977695,0.5473977695167286,0.7537174721189591,0.8856877323420075,0.2815985130111524,0.07434944237918216,0.9572490706319703,0.7537174721189591,0.27137546468401486,0.9340148698884758,0.129182156133829,0.2875101378751014,0.4107806691449814,0.08921933085501858,0.08921933085501858,.225,.305,2.5,14,20.955882352941178,83.5,31.6,19,4,20.9,.240,.355,.330,.295,1.7,2,17,6,0,24,1,23,220,46,0.43137299999999995,0.6679689999999999,0.9005850000000001,0.0784314
Tanner Burns,CLE,,26,305,253,1275,.333,.329,0.3643122676579926,0.3619451931648361,0.35734200743494426,0.5004055150040552,0.24442379182156135,0.5092936802973977,0.2908921933085502,0.3131970260223048,0.22676579925650558,0.14312267657992564,0.38661710037174724,0.43866171003717475,0.4962825278810409,0.23048327137546468,0.5631970260223048,0.19059205190592046,0.7992565055762082,0.5799256505576208,0.2899628252788104,.229,.382,7,15.1,22.575757575757574,88.3,36.6,23,17,28,.225,.344,.399,.261,4.3,13,46,7,2,57,11,70,529,148,0.413983,0.60601,0.8292010000000001,0.09819320000000001
Luis Medina,ATH,,26,33,27,132,.357,.389,0.362453531598513,0.4025275971301397,0.44632899628252787,0.5004055150040552,0.13847583643122677,0.08178438661710037,0.3308550185873606,0.6068773234200744,0.699814126394052,0.0724907063197026,0.6059479553903345,0.241635687732342,0.387546468401487,0.9024163568773235,0.2620817843866171,0.6451743714517437,0.10594795539033457,0.42657992565055763,0.4944237918215613,.273,.377,5,9.1,20.8955223880597,87.3,40,21.2,5,23.8,.296,.424,.444,.368,3,1,3,1,0,8,1,7,63,15,0.47727299999999995,0.71875,0.847826,0.11363599999999999
Michel Otañez,ATH,,28,171,138,720,.319,.326,0.36059479553903345,0.5354272253829278,0.4375,0.5004055150040552,0.379182156133829,0.6728624535315985,0.6505576208178439,0.46189591078066916,0.24814126394052044,0.44702602230483274,0.38661710037174724,0.25092936802973975,0.8986988847583643,0.7304832713754646,0.7983271375464684,0.26277372262773724,0.8475836431226765,0.8308550185873605,0.7527881040892194,.213,.329,6,14.6,26.861702127659573,88.3,39.8,32.2,9,32.5,.217,.363,.355,.341,2.9,5,25,7,3,30,2,55,308,100,0.427778,0.596386,0.792929,0.134722
Justin Jarvis,LAD,,25,223,193,907,.326,.378,0.3587360594795539,0.2817872005997803,0.2632434944237918,0.5004055150040552,0.31226765799256506,0.28345724907063197,0.2128252788104089,0.3131970260223048,0.587360594795539,0.3550185873605948,0.2936802973977695,0.23327137546468402,0.18494423791821563,0.026022304832713755,0.07899628252788105,0.6601784266017843,0.13011152416356878,0.21561338289962825,0.1654275092936803,.248,.398,7,10.3,25.87991718426501,88.7,40.1,17.5,24,19.5,.301,.377,.508,.338,4.9,11,23,13,3,58,7,39,436,85,0.47964799999999996,0.7119439999999999,0.875,0.08800880000000001
Danis Correa,FA,,26,64,45,269,.354,.421,0.35687732342007433,0.392536890810437,0.5202137546468402,0.5004055150040552,0.1579925650557621,0.8615241635687733,0.8169144981412639,0.820631970260223,0.0362453531598513,0.011152416356877323,0.31691449814126393,0.12639405204460966,0.42657992565055763,0.17657992565055763,0.4591078066914498,0.0624493106244931,0.8215613382899628,0.258364312267658,0.1449814126394052,.187,.291,3.3,23.4,15.18987341772152,88.6,43.3,21.9,18,26.6,.289,.500,.422,.400,1.6,1,15,3,0,13,1,14,94,25,0.353383,0.60177,0.867647,0.0864662
Jose E. Hernandez,FA,,27,153,134,613,.325,.333,0.3550185873605948,0.4788906702404247,0.5945631970260223,0.5004055150040552,0.32620817843866173,0.20260223048327136,0.3243494423791822,0.44609665427509293,0.44981412639405205,0.533457249070632,0.8066914498141264,0.8011152416356877,0.48698884758364314,0.29275092936802977,0.5762081784386617,0.1711273317112733,0.9553903345724907,0.6440520446096655,0.7657992565055762,.255,.378,6.1,11.8,27.639751552795033,86.2,30.6,22.9,16,28.2,.269,.359,.388,.351,3.9,6,18,10,0,36,2,35,277,78,0.40924099999999997,0.5524479999999999,0.822785,0.13531400000000002
Konnor Pilkington,WSN,,28,354,301,1494,.311,.359,0.35315985130111527,0.5513813765601273,0.5908457249070632,0.5004055150040552,0.46189591078066916,0.4228624535315985,0.5975836431226765,0.7574349442379182,0.3131970260223048,0.6654275092936803,0.5371747211895911,0.4711895910780669,0.44423791821561337,0.7304832713754646,0.7146840148698885,0.6017842660178426,0.3587360594795539,0.5148698884758365,0.7156133828996283,.236,.339,4,13.6,28.846153846153847,87.6,36.2,22.3,9,30.4,.286,.387,.425,.364,2.5,9,48,17,2,86,7,79,704,214,0.47129499999999996,0.674107,0.8366450000000001,0.130174
Tanner Gordon,COL,,28,226,209,856,.295,.369,0.3513011152416357,0.48764221918714096,0.4851301115241635,0.5004055150040552,0.6477695167286245,0.2527881040892193,0.3243494423791822,0.6421933085501859,0.9488847583643123,0.7453531598513011,0.4600371747211896,0.5139405204460966,0.30390334572490707,0.29275092936802977,0.21933085501858737,0.940794809407948,0.07434944237918216,0.2871747211895911,0.4070631970260223,.250,.378,4.8,5.8,29.65686274509804,88,35.7,19.5,16,22.9,.292,.332,.541,.318,3.5,8,13,15,2,61,11,44,458,105,0.531395,0.7248319999999999,0.8641979999999999,0.106977
John McMillon,PHI,,27,148,121,618,.323,.378,0.34944237918215615,0.4328095054324941,0.20562267657992567,0.5004055150040552,0.3447955390334573,0.7555762081784386,0.4479553903345725,0.08643122676579926,0.14776951672862454,0.42936802973977695,0.13197026022304834,0.15613382899628253,0.6087360594795539,0.6802973977695167,0.904275092936803,0.2773722627737226,0.7323420074349443,0.862453531598513,0.8438661710037175,.205,.359,10.8,17.6,26.74094707520891,89.9,42.2,25,10,35.7,.256,.392,.471,.312,6.1,9,26,3,1,31,7,37,263,94,0.429766,0.618474,0.779221,0.14381300000000002
José Buttó,SFG,,27,184,165,723,.305,.287,0.3475836431226766,0.46797059589098233,0.43052973977695164,0.5004055150040552,0.5130111524163569,0.40613382899628253,0.3736059479553903,0.22769516728624536,0.6905204460966543,0.3382899628252788,0.578996282527881,0.54182156133829,0.3671003717472119,0.48977695167286245,0.5882899628252788,0.2587185725871857,0.6282527881040892,0.5631970260223048,0.5613382899628253,.237,.369,7.9,9.2,25.672371638141808,87.4,35.4,20.7,13,28.4,.218,.299,.345,.260,5.4,10,17,7,1,36,4,38,310,88,0.426796,0.63964,0.8309860000000001,0.11878499999999999
Guillo Zuñiga,SEA,,27,106,96,399,.294,.324,0.34572490706319703,0.48942350791080874,0.5964219330855018,0.5004055150040552,0.662639405204461,0.46654275092936803,0.42193308550185876,0.4312267657992565,0.845724907063197,0.3587360594795539,0.6895910780669146,0.8429368029739777,0.09944237918215613,0.48977695167286245,0.06412639405204461,0.8759124087591241,0.11152416356877323,0.1524163568773234,0.12825278810408922,.233,.361,6.2,7.5,25.94594594594595,86.9,29.6,15.1,13,19.2,.250,.311,.438,.260,4.7,5,8,6,0,24,4,16,203,39,0.511166,0.716895,0.88535,0.0843673
Chris Clarke,FA,,27,198,177,804,.319,.355,0.34386617100371747,0.4796651435985411,0.5580855018587361,0.5004055150040552,0.379182156133829,0.1579925650557621,0.35315985130111527,0.800185873605948,0.7592936802973977,0.7825278810408922,0.5213754646840149,0.5576208178438662,0.1691449814126394,0.7304832713754646,0.04460966542750929,0.6127331711273317,0.5446096654275093,0.08550185873605948,0.10408921933085502,.261,.373,3.5,8.6,30.295566502463053,87.7,35,17.2,9,18.4,.294,.369,.441,.341,2.5,5,17,11,0,52,5,34,381,70,0.472637,0.65099,0.901141,0.08208960000000001
Jake Eder,WSN,,27,167,137,677,.349,.420,0.3420074349442379,0.4036893071673144,0.38917286245353155,0.5004055150040552,0.17565055762081785,0.3382899628252788,0.18587360594795538,0.08643122676579926,0.1737918215613383,0.3996282527881041,0.7379182156133829,0.5464684014869888,0.4052044609665427,0.6254646840148699,0.6691449814126395,0.29278183292781834,0.6301115241635687,0.4423791821561338,0.49256505576208176,.243,.409,10.8,16.2,26.439790575916227,86.7,35.3,21.6,11,29.8,.307,.425,.555,.368,6.6,11,27,11,1,42,7,36,292,87,0.43215299999999995,0.639456,0.8457450000000001,0.113569
William Fleming,SEA,,26,94,84,350,.346,.351,0.34014869888475835,0.4044637805254308,0.43006505576208176,0.5004055150040552,0.18401486988847585,0.07713754646840149,0.11245353159851301,0.47769516728624534,0.8578066914498141,0.4516728624535316,0.7118959107806692,0.41821561338289964,0.15427509293680297,0.7741635687732342,0.13382899628252787,0.7939983779399837,0.2527881040892193,0.1579925650557621,0.10780669144981413,.275,.433,5.9,7.4,26.900584795321635,86.8,36.8,17,8,21,.274,.351,.452,.308,4.3,4,7,6,0,23,3,16,176,37,0.498576,0.6878310000000001,0.8846149999999999,0.0826211
Ryan Shreve,TBR,,27,144,128,582,.295,.352,0.3382899628252788,0.4994142142305114,0.5729553903345724,0.5004055150040552,0.6477695167286245,0.45353159851301117,0.6310408921933085,0.49256505576208176,0.5037174721189591,0.6263940520446096,0.578996282527881,0.5892193308550185,0.137546468401487,0.5631970260223048,0.26858736059479554,0.7842660178426601,0.055762081784386616,0.5520446096654275,0.4646840148698885,.234,.334,5.8,11.1,28.440366972477065,87.4,34.6,16.7,12,23.9,.281,.361,.445,.320,4.2,6,16,7,1,36,4,24,289,69,0.496564,0.732342,0.8324870000000001,0.11168399999999999
Grant Wolfram,BAL,,28,235,208,938,.284,.301,0.33643122676579923,0.6669328015911061,0.750232342007435,0.5004055150040552,0.7453531598513011,0.5473977695167286,0.7174721189591078,0.8094795539033457,0.6013011152416357,0.7211895910780669,0.7118959107806692,0.7620817843866171,0.671003717472119,0.5631970260223048,0.6524163568773235,0.4541768045417681,0.6654275092936803,0.5390334572490706,0.6765799256505576,.225,.314,3.4,10.2,29.313929313929314,86.8,31.5,26,12,29.4,.226,.311,.370,.294,2.1,5,24,9,3,47,5,61,428,126,0.45473900000000006,0.6331100000000001,0.8339219999999999,0.127796
R.J. Dabovich,SFG,,26,26,19,112,.372,.433,0.3345724907063197,0.36240987717970596,0.3912639405204461,0.5004055150040552,0.07806691449814127,0.22676579925650558,0.5604089219330854,0.9656133828996283,0.039962825278810406,0.6078066914498141,0.031598513011152414,0.007434944237918215,0.28810408921933084,0.7741635687732342,0.26858736059479554,0.2003244120032441,0.8643122676579925,0.11152416356877323,0.17100371747211895,.252,.344,0,23.1,28.33333333333333,91.3,57.1,19.2,8,23.9,.316,.500,.474,.429,0,0,6,3,0,6,0,5,46,11,0.415929,0.591837,0.896552,0.08849560000000001
Corey Avant,ATH,,23,63,51,252,.341,.315,0.33271375464684017,0.31416018696904924,0.24883828996282528,0.5004055150040552,0.20446096654275092,0.3503717472118959,0.23327137546468402,0.11431226765799256,0.26394052044609667,0.2174721189591078,0.09014869888475836,0.5576208178438662,0.27137546468401486,0.9024163568773235,0.06412639405204461,0.11435523114355232,0.912639405204461,0.026022304832713755,0.040892193308550186,.242,.394,10,14.3,23.91304347826087,90.3,35,19,5,19.2,.255,.381,.294,.325,6.3,4,9,2,0,13,0,12,99,19,0.384921,0.575221,0.923077,0.0634921
Andrew Misiaszek,FA,,28,74,63,326,.297,.296,0.3308550185873606,0.5079334211697927,0.4284386617100372,0.5004055150040552,0.6180297397769516,0.8838289962825279,0.5278810408921933,0.12174721189591078,0.4154275092936803,0.4944237918215613,0.8903345724907064,0.1737918215613383,0.7825278810408922,0.17657992565055763,0.5102230483271375,0.5969180859691808,0.2342007434944238,0.8754646840148699,0.604089219330855,.183,.349,9.8,12.2,27.27272727272727,85.4,41.5,28.4,18,27.3,.175,.297,.365,.225,5.4,4,9,6,0,11,2,21,154,42,0.470948,0.691275,0.776699,0.122324
Nick Fraze,SEA,,28,156,137,646,.295,.321,0.32899628252788105,0.5303931485551707,0.5113847583643123,0.5004055150040552,0.6477695167286245,0.5780669144981413,0.5817843866171004,0.32620817843866173,0.7128252788104089,0.7788104089219331,0.5548327137546468,0.5827137546468402,0.4516728624535316,0.48977695167286245,0.15985130111524162,0.3527980535279805,0.7211895910780669,0.15985130111524162,0.14684014869888476,.223,.342,6.9,9,30.225988700564972,87.5,34.7,22.4,13,21.8,.241,.327,.401,.286,4.5,7,14,7,0,33,5,35,284,62,0.44049499999999997,0.621451,0.883249,0.0865533
Tim Cate,FA,,28,246,212,974,.319,.334,0.3271375464684015,0.4472147098934606,0.3408457249070632,0.5004055150040552,0.379182156133829,0.4358736059479554,0.38011152416356875,0.5659851301115242,0.4154275092936803,0.4795539033457249,0.27137546468401486,0.14591078066914498,0.5966542750929368,0.5631970260223048,0.6328996282527881,0.28548256285482565,0.6988847583643123,0.3996282527881041,0.5882899628252788,.235,.368,5.3,12.2,27.18631178707224,88.8,42.8,24.8,12,29.1,.264,.362,.387,.342,3.3,8,30,8,0,56,6,61,422,123,0.431212,0.624434,0.851449,0.12115
Patrick Halligan,HOU,,26,29,20,132,.366,.342,0.3252788104089219,0.48601582513509634,0.9326208178438662,0.5004055150040552,0.10223048327137546,0.11338289962825279,0.7741635687732342,0.9656133828996283,0.011152416356877323,0.18401486988847585,0.9925650557620818,0.9981412639405205,0.1691449814126394,0.8615241635687733,0.15985130111524162,0.16991078669910786,0.7128252788104089,0.0055762081784386614,0.11802973977695168,.267,.299,0,27.6,23.28767123287671,80.3,12.5,17.2,6,21.8,.250,.448,.250,.313,0,0,8,0,0,5,0,5,55,12,0.409091,0.622642,1,0.08333330000000001
Casey Legumina,SEA,,28,235,211,934,.291,.294,0.32342007434944237,0.5127351559901149,0.4621282527881041,0.5004055150040552,0.6886617100371747,0.5892193308550185,0.3671003717472119,0.5074349442379182,0.8252788104089219,0.5130111524163569,0.4600371747211896,0.5139405204460966,0.5678438661710037,0.23048327137546468,0.38940520446096655,0.6180048661800487,0.5929368029739777,0.6171003717472119,0.48141263940520446,.222,.370,5.7,7.7,27.43362831858407,88,35.7,24.3,17,25.6,.218,.285,.393,.255,3.8,9,18,7,3,46,8,57,442,113,0.473797,0.6449699999999999,0.8256879999999999,0.112299
Yerry De los Santos,NYY,,27,256,233,993,.294,.342,0.3215613382899628,0.49476737408181254,0.37290892193308545,0.5004055150040552,0.662639405204461,0.3503717472118959,0.38011152416356875,0.35223048327137546,0.8578066914498141,0.31970260223048325,0.5046468401486989,0.25464684014869887,0.40148698884758366,0.9340148698884758,0.4191449814126394,0.6638280616382806,0.604089219330855,0.5724907063197026,0.5130111524163569,.242,.368,6.7,7.4,25.389755011135854,87.8,39.7,21.5,4,25.9,.279,.332,.464,.326,4.7,12,19,12,2,65,9,55,478,124,0.480441,0.64193,0.8294799999999999,0.114343
Alex Speas,FA,,27,164,119,715,.359,.418,0.31970260223048325,0.4382308189393094,0.421003717472119,0.5004055150040552,0.12732342007434944,0.6171003717472119,0.6970260223048327,0.3392193308550186,0.01486988847583643,0.03903345724907063,0.48420074349442377,0.16356877323420074,0.7434944237918215,0.5631970260223048,0.9693308550185874,0.030819140308191405,0.9907063197026023,0.9721189591078067,0.362453531598513,.219,.320,6.8,25.6,18.76484560570071,87.9,41.9,27.4,12,38.7,.294,.476,.471,.423,3,5,42,4,1,35,5,45,271,105,0.298755,0.509804,0.730769,0.10373399999999999
Zak Kent,CLE,,27,115,95,478,.336,.363,0.31784386617100374,0.36264221918714085,0.3413104089219331,0.5004055150040552,0.22769516728624536,0.31691449814126393,0.4767657992565056,0.6849442379182156,0.19888475836431227,0.26765799256505574,0.09758364312267657,0.10594795539033457,0.6254646840148699,0.29275092936802977,0.5566914498141264,0.1678832116788321,0.8039033457249071,0.38847583643122674,0.34014869888475835,.245,.356,4.5,15.7,24.714828897338403,90.2,43.9,25.2,16,27.9,.274,.400,.411,.375,2.6,3,18,7,0,26,2,29,197,55,0.40795,0.605634,0.8527129999999999,0.10250999999999999
Jackson Wolf,SDP,,26,430,363,1631,.332,.383,0.3159851301115242,0.3882772873407964,0.5717936802973977,0.5004055150040552,0.2555762081784387,0.21468401486988847,0.3382899628252788,0.5724907063197026,0.3382899628252788,0.2992565055762082,0.6505576208178439,0.7258364312267658,0.19609665427509293,0.34851301115241634,0.21933085501858737,0.5296025952960259,0.24907063197026022,0.24535315985130113,0.275092936802974,.254,.376,5.2,13.3,25.057736720554274,87.1,32.3,17.7,15,22.9,.300,.400,.482,.345,3.5,15,57,17,5,109,13,76,759,174,0.46295200000000003,0.6881189999999999,0.8705040000000001,0.0967544
Davis Martin,CHW,,28,31,28,124,.234,.232,0.3141263940520446,0.6807184273655796,0.7279275092936803,0.5004055150040552,0.9646840148698885,0.8884758364312267,0.9256505576208178,0.6421933085501859,0.6421933085501859,0.9795539033457249,0.38661710037174724,0.9572490706319703,0.4674721189591078,0.5631970260223048,0.25092936802973975,0.9878345498783456,0.020446096654275093,0.43866171003717475,0.6960966542750929,.182,.243,4.8,9.7,35.08771929824561,88.3,23.8,22.6,12,23.6,.179,.258,.250,.238,3.2,1,3,0,1,5,0,7,72,17,0.580645,0.764706,0.8461540000000001,0.12903199999999998
Dom Hamel,TEX,,26,579,492,2317,.333,.381,0.31226765799256506,0.31780021175219664,0.3006505576208179,0.5004055150040552,0.24442379182156135,0.31691449814126393,0.21933085501858737,0.2016728624535316,0.3382899628252788,0.3159851301115242,0.3429368029739777,0.43866171003717475,0.387546468401487,0.23048327137546468,0.27695167286245354,0.4306569343065693,0.4479553903345725,0.39312267657992567,0.2992565055762082,.245,.397,8.3,13.3,25.36704730831974,88.5,36.6,21.2,17,24,.287,.385,.496,.336,5.4,31,77,30,2,141,23,123,1048,252,0.45129300000000006,0.664247,0.852459,0.09913789999999999
Brett Kerry,LAA,,26,372,340,1322,.347,.363,0.3104089219330855,0.25785597383398107,0.10757434944237917,0.5004055150040552,0.17936802973977695,0.07342007434944238,0.05018587360594796,0.23234200743494424,0.9460966542750929,0.4275092936802974,0.06412639405204461,0.08364312267657993,0.18494423791821563,0.23048327137546468,0.12174721189591078,0.8288726682887266,0.09851301115241635,0.18401486988847585,0.2342007434944238,.276,.479,7.8,5.9,26.737160120845925,90.6,44.5,17.5,17,20.8,.300,.344,.506,.322,5.9,22,22,17,1,102,17,65,669,139,0.503026,0.720301,0.878914,0.09455369999999999
Jared Kollar,SDP,,27,202,180,777,.281,.311,0.30855018587360594,0.4595288362875127,0.6006040892193308,0.5004055150040552,0.7685873605947955,0.5622676579925651,0.5882899628252788,0.662639405204461,0.7778810408921933,0.20817843866171004,0.4079925650557621,0.7434944237918215,0.17657992565055763,0.09014869888475836,0.027881040892193308,0.6269261962692619,0.12453531598513011,0.05204460966542751,0.05018587360594796,.224,.341,4.7,8.4,23.75,88.2,31.8,17.3,20,17.1,.250,.312,.406,.273,3.5,7,17,10,0,45,6,35,369,63,0.47496800000000006,0.714286,0.9127270000000001,0.06931960000000001
Easton McGee,MIL,,27,110,102,396,.288,.337,0.3066914498141264,0.5115734459529402,0.5285780669144982,0.5004055150040552,0.7109665427509294,0.2527881040892193,0.3159851301115242,0.47769516728624534,0.9962825278810409,0.6096654275092936,0.6895910780669146,0.6310408921933085,0.22490706319702602,0.6802973977695167,0.04925650557620818,0.9091646390916464,0.28345724907063197,0.06691449814126393,0.07063197026022305,.250,.379,5.9,1.8,28.34224598930481,86.9,34.1,18.2,10,18.5,.314,.336,.451,.361,4.5,5,2,8,0,32,2,20,205,38,0.517677,0.6834859999999999,0.90604,0.07575760000000001
Lael Lockhart,DET,,27,414,354,1677,.331,.347,0.3048327137546468,0.38889686602728957,0.22955390334572492,0.5004055150040552,0.26394052044609667,0.4358736059479554,0.2100371747211896,0.137546468401487,0.4256505576208178,0.23048327137546468,0.3429368029739777,0.22769516728624536,0.6942379182156134,0.48977695167286245,0.70817843866171,0.19383617193836167,0.8736059479553904,0.42379182156133827,0.5353159851301115,.235,.399,9.5,12.1,24.336283185840703,88.5,40.2,26.3,13,30.3,.237,.345,.449,.296,5.6,23,50,19,4,84,16,109,697,211,0.41478000000000004,0.5896100000000001,0.848018,0.116806
Jordan Geber,NYM,,26,52,45,207,.331,.346,0.30297397769516726,0.3160189230285288,0.23815055762081783,0.5004055150040552,0.26394052044609667,0.09014869888475836,0.3856877323420074,0.5269516728624535,0.3224907063197026,0.29460966542750927,0.02137546468401487,0.01858736059479554,0.17657992565055763,0.8615241635687733,0.3299256505576208,0.7445255474452555,0.13847583643122677,0.6486988847583643,0.3940520446096654,.271,.367,5.6,13.5,25,91.6,52.8,17.3,6,24.8,.244,.346,.444,.265,3.8,2,7,3,0,11,2,9,101,25,0.490385,0.708738,0.821918,0.105769
Hunter Parsons,FA,,28,33,24,138,.284,.336,0.30111524163568776,0.5959910419876365,0.795771375464684,0.5004055150040552,0.7453531598513011,0.9879182156133829,0.9330855018587361,0.35223048327137546,0.02695167286245353,0.0687732342007435,0.9869888475836431,0.9107806691449815,0.8522304832713755,0.047397769516728624,0.7397769516728625,0.09813463098134632,0.8884758364312267,0.70817843866171,0.5306691449814126,.136,.238,6.7,24.2,20.779220779220783,81.5,26.7,30.3,22,30.8,.208,.394,.333,.286,3,1,8,0,0,5,1,10,52,16,0.376812,0.584615,0.815789,0.115942
Kenyon Yovan,LAA,,27,145,125,527,.305,.352,0.2992565055762082,0.49012053393311367,0.6698420074349443,0.5004055150040552,0.5130111524163569,0.2211895910780669,0.6310408921933085,0.9107806691449815,0.6421933085501859,0.4395910780669145,0.6895910780669146,0.4479553903345725,0.1691449814126394,0.29275092936802977,0.42379182156133827,0.7883211678832117,0.05947955390334572,0.7546468401486989,0.6115241635687733,.253,.334,1.9,9.7,26.785714285714285,86.9,36.5,17.2,16,26,.304,.372,.440,.347,1.4,2,14,8,0,38,3,25,262,68,0.49716400000000005,0.730159,0.809783,0.122873
Luis Quinones,TOR,,28,335,281,1343,.312,.325,0.29739776951672864,0.5317097532639687,0.7153810408921932,0.5004055150040552,0.4479553903345725,0.47769516728624534,0.6598513011152416,0.5864312267657993,0.24814126394052044,0.5297397769516728,0.8215613382899628,0.7936802973977695,0.5966542750929368,0.06598513011152417,0.6524163568773235,0.6050283860502839,0.20074349442379183,0.8420074349442379,0.7211895910780669,.232,.327,5.1,14.6,27.595628415300546,86.1,30.8,24.8,21,29.4,.246,.364,.352,.333,3,10,49,16,1,69,4,83,639,188,0.47211899999999996,0.697712,0.791569,0.130855
Aaron Ashby,MIL,,27,416,334,1650,.336,.365,0.2955390334572491,0.4683578325700406,0.5780669144981413,0.5004055150040552,0.22769516728624536,0.28345724907063197,0.6449814126394052,0.8856877323420075,0.15148698884758363,0.27695167286245354,0.48420074349442377,0.29739776951672864,0.43866171003717475,0.9897769516728625,0.4395910780669145,0.12895377128953772,0.9070631970260223,0.3475836431226766,0.3104089219330855,.248,.330,2.5,17.5,24.782608695652176,87.9,38.9,22.1,1,26.3,.278,.416,.392,.368,1.4,6,73,17,3,93,5,92,658,173,0.393829,0.576361,0.857143,0.100423
Luis Moreno,NYM,,26,33,23,135,.329,.378,0.2936802973977695,0.4554241274894953,0.6512546468401488,0.5004055150040552,0.2815985130111524,0.5985130111524164,0.8466542750929368,0.9656133828996283,0.05762081784386617,0.0037174721189591076,0.11895910780669144,0.6737918215613383,0.387546468401487,0.9897769516728625,0.040892193308550186,0.03974047039740471,0.9405204460966543,0.040892193308550186,0.022304832713754646,.221,.280,0,21.2,10.526315789473683,90,33.3,21.2,1,18.2,.304,.455,.391,.389,0,0,7,2,0,7,0,7,44,8,0.32592600000000005,0.5625,0.916667,0.0518519
Ryan Rolison,COL,,28,142,134,539,.260,.334,0.29182156133828996,0.6377351559901149,0.6742565055762082,0.5004055150040552,0.8838289962825279,0.7369888475836431,0.5920074349442379,0.3903345724907063,0.9572490706319703,0.7434944237918215,0.7788104089219331,0.9358736059479554,0.19144981412639406,0.6802973977695167,0.2620817843866171,0.6650446066504461,0.4275092936802974,0.10037174721189591,0.2936802973977695,.207,.340,6.4,5.6,29.602888086642604,86.4,25.7,17.6,10,23.8,.261,.303,.478,.275,4.9,7,8,6,1,35,7,25,260,62,0.480519,0.666667,0.898809,0.0983302
Christian Roa,MIA,,26,222,188,917,.352,.384,0.2899628252788104,0.3699997160892474,0.3887081784386617,0.5004055150040552,0.16263940520446096,0.2527881040892193,0.1570631970260223,0.19237918215613384,0.3224907063197026,0.12825278810408922,0.6059479553903345,0.5994423791821561,0.387546468401487,0.7304832713754646,0.40055762081784385,0.2457420924574209,0.38382899628252787,0.2211895910780669,0.3141263940520446,.250,.416,8.5,13.5,22.267206477732792,87.3,34.5,21.2,9,25.7,.293,.396,.484,.346,5.4,12,30,9,0,55,9,47,389,100,0.424044,0.671642,0.874074,0.10054600000000001
Jonathan Bowlan,KCR,,28,448,404,1796,.286,.325,0.28810408921933084,0.6306100010954433,0.6719330855018588,0.5004055150040552,0.7258364312267658,0.45353159851301117,0.6105947955390335,0.8336431226765799,0.8578066914498141,0.8810408921933085,0.6700743494423792,0.5734200743494424,0.42657992565055763,0.48977695167286245,0.5446096654275093,0.8856447688564477,0.07806691449814127,0.3828996282527881,0.6319702602230484,.234,.337,3.2,7.4,31.751054852320674,87,34.8,21.9,13,27.7,.262,.326,.421,.311,2.2,10,33,18,2,106,14,98,924,256,0.5128060000000001,0.723699,0.853035,0.12416500000000001
Carlos Hernández,FA,,28,111,97,469,.295,.328,0.2862453531598513,0.4452010791623577,0.15752788104089221,0.5004055150040552,0.6477695167286245,0.8447955390334573,0.4479553903345725,0.07434944237918216,0.5446096654275093,0.35223048327137546,0.047397769516728624,0.0604089219330855,0.8847583643122676,0.13011152416356878,0.8076208178438662,0.5401459854014599,0.483271375464684,0.9572490706319703,0.8513011152416357,.190,.359,11.1,10.8,25.86206896551724,90.8,46,31.5,19,32.7,.227,.315,.443,.293,6.3,7,12,4,1,22,5,35,217,71,0.46383,0.659664,0.745223,0.144681
Joey Gerber,TBR,,28,62,55,244,.316,.380,0.2843866171003718,0.4740114880842909,0.4586431226765799,0.5004055150040552,0.4052044609665427,0.47769516728624534,0.16821561338289961,0.6217472118959108,0.6421933085501859,0.5910780669144982,0.6059479553903345,0.43866171003717475,0.5548327137546468,0.03438661710037175,0.6477695167286245,0.8077858880778589,0.2174721189591078,0.6821561338289963,0.7453531598513011,.232,.413,4.9,9.7,28.09917355371901,87.3,36.6,24.2,23,29.3,.291,.361,.527,.368,3.2,2,6,7,0,16,2,15,123,36,0.5,0.6936939999999999,0.818182,0.13414600000000002
Davis Daniel,ATL,,28,518,478,1996,.288,.343,0.2825278810408922,0.48524135177697986,0.3617565055762082,0.5004055150040552,0.7109665427509294,0.46654275092936803,0.42193308550185876,0.35223048327137546,0.9275092936802974,0.7323420074349443,0.3652416356877323,0.3076208178438662,0.5213754646840149,0.34851301115241634,0.16821561338289961,0.67558799675588,0.6096654275092936,0.07992565055762081,0.19237918215613384,.233,.361,6.7,6.4,29.518716577540108,88.4,38.7,23.6,15,21.9,.287,.338,.456,.356,4.6,24,33,28,4,137,15,122,962,211,0.4815,0.6413989999999999,0.9030299999999999,0.09
Grant Hartwig,FA,,27,169,143,652,.299,.306,0.28066914498141265,0.5664836070433986,0.7588289962825279,0.5004055150040552,0.5771375464684015,0.5473977695167286,0.7174721189591078,0.7732342007434945,0.4972118959107807,0.3252788104089219,0.870817843866171,0.6737918215613383,0.42657992565055763,0.7741635687732342,0.11431226765799256,0.24168694241686944,0.8661710037174721,0.09107806691449814,0.17657992565055763,.225,.314,3.8,11.2,25.51319648093841,85.6,33.3,21.9,8,20.7,.231,.339,.336,.295,2.4,4,19,5,2,33,2,37,275,57,0.423547,0.591331,0.900524,0.088685
Woo-Suk Go,DET,,27,91,82,337,.298,.363,0.2788104089219331,0.43590739886495994,0.633131970260223,0.5004055150040552,0.5966542750929368,0.40613382899628253,0.4972118959107807,0.8596654275092936,0.8252788104089219,0.04460966542750929,0.38661710037174724,0.7890334572490706,0.10408921933085502,0.13011152416356878,0.09107806691449814,0.3811841038118409,0.1449814126394052,0.3308550185873606,0.1412639405204461,.237,.353,2.9,7.7,19.540229885057467,88.3,30.9,15.4,19,19.9,.280,.352,.488,.297,2.2,2,7,3,1,23,4,14,151,30,0.445104,0.708075,0.859649,0.0860534
Hunter Stanley,CLE,,27,136,121,517,.334,.416,0.27695167286245354,0.33344457358614954,0.14405204460966542,0.5004055150040552,0.23605947955390336,0.3382899628252788,0.07992565055762081,0.08364312267657993,0.6533457249070632,0.6394052044609665,0.13197026022304834,0.28066914498141265,0.4758364312267658,0.047397769516728624,0.5343866171003717,0.6926196269261963,0.25092936802973975,0.6115241635687733,0.6263940520446096,.243,.455,10.9,9.6,28.62190812720848,89.9,39.1,22.8,22,27.5,.314,.375,.620,.365,7.4,10,13,12,2,38,7,31,251,69,0.483559,0.688034,0.8260870000000001,0.12379100000000001
Justin Bruihl,TOR,,28,184,152,681,.324,.316,0.275092936802974,0.5791075227806973,0.6552044609665428,0.5004055150040552,0.33643122676579923,0.45353159851301117,0.5027881040892194,0.37825278810408924,0.587360594795539,0.44702602230483274,0.8968401486988847,0.8429368029739777,0.6431226765799256,0.8615241635687733,0.49907063197026025,0.21330089213300893,0.8596654275092936,0.21561338289962825,0.22304832713754646,.234,.352,6.5,10.3,26.861702127659573,85.2,29.6,25.5,6,27.2,.237,.353,.342,.321,3.8,7,19,8,1,36,2,47,290,79,0.419263,0.592593,0.875,0.0934844
Brant Hurter,DET,,27,321,286,1216,.339,.345,0.2732342007434944,0.31485721299135405,0.10966542750929369,0.5004055150040552,0.21468401486988847,0.1579925650557621,0.1421933085501859,0.2016728624535316,0.8763940520446096,0.16171003717472118,0.047397769516728624,0.047397769516728624,0.4163568773234201,0.7741635687732342,0.2379182156133829,0.38523925385239255,0.7602230483271375,0.5074349442379182,0.26394052044609667,.261,.420,8.3,7.2,22.81639928698752,90.8,48.5,21.8,8,23.3,.280,.352,.437,.343,5.3,17,23,15,3,80,8,70,545,127,0.445813,0.613933,0.836879,0.0960591
Ryan Middendorf,FA,,27,268,228,1038,.333,.347,0.27137546468401486,0.3952475475638448,0.27067843866171004,0.5004055150040552,0.24442379182156135,0.2695167286245353,0.24814126394052044,0.37825278810408924,0.578996282527881,0.5687732342007435,0.19052044609665428,0.26579925650557623,0.4516728624535316,0.6802973977695167,0.36617100371747213,0.7250608272506083,0.21189591078066913,0.7304832713754646,0.4795539033457249,.249,.390,6.5,10.4,27.871939736346523,89.3,39.4,22.4,10,25.3,.254,.354,.439,.302,4.1,11,28,15,0,58,9,60,510,129,0.48848400000000003,0.6959850000000001,0.813187,0.112284
Eli Villalobos,FA,,28,99,81,409,.292,.393,0.2695167286245353,0.5811986008476118,0.8187732342007434,0.5004055150040552,0.679368029739777,0.8048327137546468,0.870817843866171,0.912639405204461,0.1737918215613383,0.3066914498141264,0.7379182156133829,0.7537174721189591,0.5548327137546468,0.23048327137546468,0.44888475836431224,0.0227088402270884,0.9814126394052045,0.0055762081784386614,0.011152416356877323,.197,.271,1.8,16.2,25.210084033613445,86.7,31.6,24.2,17,26.4,.284,.414,.481,.370,1,1,16,7,0,23,3,24,174,46,0.279412,0.52,1,0.0294118
Nick Krauth,TEX,,26,34,29,121,.373,.361,0.26765799256505574,0.3371620457051086,0.17518587360594792,0.5004055150040552,0.07434944237918216,0.3503717472118959,0.02973977695167286,0.01858736059479554,0.44981412639405205,0.9684014869888475,0.48420074349442377,0.16821561338289961,0.09107806691449814,0.8615241635687733,0.04925650557620818,0.9480940794809408,0.011152416356877323,0.21561338289962825,0.1979553903345725,.242,.510,16.7,11.8,34.42622950819672,87.9,41.7,14.7,6,18.5,.207,.324,.517,.143,11.8,4,4,0,0,6,3,5,65,12,0.53719,0.7741939999999999,0.875,0.0909091
Nick Dombkowski,PIT,,27,156,131,620,.344,.358,0.26579925650557623,0.3884321820124197,0.5562267657992565,0.5004055150040552,0.19237918215613384,0.11338289962825279,0.3308550185873606,0.5864312267657993,0.18308550185873607,0.28066914498141265,0.5371747211895911,0.7704460966542751,0.3550185873605948,0.48977695167286245,0.3215613382899628,0.4955393349553934,0.18029739776951673,0.3643122676579926,0.379182156133829,.267,.377,5.1,16,24.84662576687117,87.6,31.3,20.5,13,24.7,.275,.391,.412,.337,3.2,5,25,6,0,36,4,32,288,71,0.45967700000000006,0.702797,0.855721,0.10483900000000002
Kyle Muller,FA,,28,107,96,369,.281,.327,0.26394052044609667,0.5212543629293961,0.5171933085501859,0.5004055150040552,0.7685873605947955,0.5622676579925651,0.4479553903345725,0.5864312267657993,0.845724907063197,0.5855018587360595,0.7592936802973977,0.275092936802974,0.20446096654275092,0.48977695167286245,0.2295539033457249,0.7948094079480941,0.30111524163568776,0.12639405204460966,0.3513011152416357,.224,.359,5.1,7.5,28.070175438596486,86.6,39.2,17.8,13,23.1,.240,.292,.479,.233,3.7,4,8,3,1,23,6,19,186,43,0.498645,0.68,0.889706,0.10298099999999999
John Rooney,HOU,,28,269,225,1026,.309,.346,0.2620817843866171,0.6261180556183678,0.7246747211895912,0.5004055150040552,0.4767657992565056,0.49907063197026025,0.7211895910780669,0.8336431226765799,0.4711895910780669,0.3475836431226766,0.7704460966542751,0.5734200743494424,0.7035315985130112,0.9739776951672863,0.6421933085501859,0.1321978913219789,0.9535315985130112,0.3475836431226766,0.3847583643122677,.230,.313,3.2,11.5,25.735294117647058,86.5,34.8,26.4,2,29.2,.258,.372,.404,.342,1.9,5,31,10,1,58,7,71,407,119,0.394558,0.552632,0.857143,0.104956
Seth Johnson,PHI,,27,95,80,407,.322,.272,0.26022304832713755,0.4239805091499662,0.629182156133829,0.5004055150040552,0.35223048327137546,0.6421933085501859,0.39684014869888473,0.3131970260223048,0.24070631970260223,0.13382899628252787,0.8587360594795539,0.9479553903345725,0.3355018587360595,0.06598513011152417,0.30018587360594795,0.32441200324412,0.29460966542750927,0.5241635687732342,0.2862453531598513,.217,.364,7,14.7,22.321428571428577,85.7,24.6,20,21,24.3,.175,.305,.275,.203,4.2,4,14,2,0,14,2,19,177,43,0.43765299999999996,0.680851,0.835938,0.0977995
Carlos Guzman,NYM,,27,49,34,219,.311,.287,0.258364312267658,0.5749253666468682,0.7702137546468402,0.5004055150040552,0.46189591078066916,0.9674721189591078,0.8847583643122676,0.7843866171003717,0.02137546468401487,0.4200743494423792,0.7379182156133829,0.6737918215613383,0.23977695167286245,0.9024163568773235,0.3048327137546468,0.3698296836982968,0.4275092936802974,0.45260223048327136,0.25929368029739774,.155,.267,3.7,24.5,26.612903225806452,86.7,33.3,18.4,5,24.5,.118,.347,.235,.115,2,1,12,1,0,4,1,9,98,24,0.44292200000000004,0.666667,0.84375,0.0958904
DL Hall,MIL,,27,178,145,731,.358,.327,0.25650557620817843,0.35125746082282866,0.36059479553903345,0.5004055150040552,0.13197026022304834,0.21468401486988847,0.1821561338289963,0.16728624535315986,0.2815985130111524,0.32899628252788105,0.27137546468401486,0.8215613382899628,0.31226765799256506,0.5631970260223048,0.4395910780669145,0.3495539334955393,0.7044609665427509,0.2342007434944238,0.24907063197026022,.254,.410,8.8,14,25.54945054945055,88.8,30.1,19.7,12,26.3,.241,.360,.372,.282,5.6,10,25,7,0,35,4,35,323,85,0.439891,0.623626,0.8722469999999999,0.0956284
Jimmy Robbins,FA,,27,58,46,244,.330,.379,0.25464684014869887,0.3941632848624817,0.45167286245353155,0.5004055150040552,0.2704460966542751,0.47769516728624534,0.5111524163568774,0.47769516728624534,0.10594795539033457,0.5966542750929368,0.27137546468401486,0.5464684014869888,0.4516728624535316,0.09014869888475836,0.43029739776951675,0.5012165450121655,0.1171003717472119,0.7574349442379182,0.6440520446096655,.232,.351,5.9,19,28.169014084507047,88.8,35.3,22.4,20,26.1,.261,.397,.478,.313,3.4,2,11,4,0,12,2,13,111,29,0.46,0.715909,0.809524,0.125
Blake Beers,ATH,,27,98,84,364,.328,.456,0.2527881040892193,0.3570660110087023,0.29228624535315983,0.5004055150040552,0.29182156133828996,0.31691449814126393,0.17193308550185873,0.29182156133828996,0.6013011152416357,0.5817843866171004,0.2342007434944238,0.4711895910780669,0.17657992565055763,0.41356877323420077,0.23327137546468402,0.5328467153284672,0.6747211895910781,0.28345724907063197,0.25929368029739774,.245,.412,7.2,10.2,28.061224489795915,89,36.2,17.3,14,23.2,.357,.429,.667,.391,5.1,5,10,7,2,30,5,17,168,39,0.46301400000000004,0.631016,0.8644069999999999,0.0958904
Tommy Henry,ARI,,28,469,409,1819,.314,.336,0.25092936802973975,0.44202573839408027,0.37662639405204457,0.5004055150040552,0.4228624535315985,0.40613382899628253,0.38011152416356875,0.24349442379182157,0.4711895910780669,0.570631970260223,0.5213754646840149,0.36152416356877326,0.5678438661710037,0.34851301115241634,0.5102230483271375,0.6577453365774534,0.2695167286245353,0.5092936802973977,0.5762081784386617,.237,.368,7.7,11.5,27.889713679745487,87.7,37.9,24.3,15,27.3,.264,.350,.418,.339,4.9,23,54,27,3,108,10,114,874,239,0.478858,0.685682,0.8368680000000001,0.12026400000000001
Kyle Luckham,WSN,,26,76,64,316,.364,.435,0.24907063197026022,0.2648262340570294,0.2079460966542751,0.5004055150040552,0.10687732342007435,0.10315985130111524,0.08828996282527882,0.2843866171003718,0.3475836431226766,0.6617100371747212,0.2174721189591078,0.241635687732342,0.06784386617100371,0.41356877323420077,0.1449814126394052,0.7274939172749392,0.024163568773234202,0.7518587360594795,0.32342007434944237,.269,.446,7.3,13.2,28.813559322033896,89.1,40,13.2,14,21.4,.328,.421,.609,.320,5.3,4,10,3,0,21,5,10,154,33,0.48895900000000003,0.755102,0.810811,0.10094600000000001
Landon Knack,LAD,,28,268,235,1104,.296,.304,0.24721189591078066,0.42537456119457584,0.31761152416356875,0.5004055150040552,0.6319702602230484,0.6970260223048327,0.4340148698884758,0.21561338289962825,0.46189591078066916,0.30297397769516726,0.31691449814126393,0.30390334572490707,0.7648698884758365,0.13011152416356878,0.3447955390334573,0.5879967558799676,0.44981412639405205,0.5371747211895911,0.40892193308550184,.211,.360,8.1,11.6,25.088967971530252,88.6,38.8,28,19,25,.221,.313,.374,.292,4.9,13,31,9,3,52,7,75,517,129,0.469974,0.66422,0.834254,0.10705
Michael Plassmeyer,TEX,,28,316,289,1202,.302,.394,0.24535315985130113,0.4599935203023826,0.25673791821561337,0.5004055150040552,0.5436802973977695,0.38382899628252787,0.20817843866171004,0.20910780669144982,0.9851301115241635,0.758364312267658,0.2936802973977695,0.3159851301115242,0.7323420074349443,0.13011152416356878,0.4591078066914498,0.851581508515815,0.32342007434944237,0.5436802973977695,0.6226765799256505,.239,.400,8.2,4.1,29.82142857142857,88.7,38.6,27.2,19,26.6,.322,.367,.564,.421,5.4,17,13,28,6,93,10,86,610,162,0.50745,0.677711,0.833333,0.12334400000000001
Max Kranick,NYM,,28,258,236,982,.295,.325,0.24349442379182157,0.4295567173284049,0.24233271375464682,0.5004055150040552,0.6477695167286245,0.6171003717472119,0.24814126394052044,0.17657992565055763,0.8578066914498141,0.6524163568773235,0.1524163568773234,0.39219330855018586,0.3550185873605948,0.17657992565055763,0.37825278810408924,0.7161394971613949,0.3215613382899628,0.39776951672862454,0.5855018587360595,.219,.390,8.7,7.4,28.68525896414343,89.7,37.2,20.5,18,25.5,.237,.298,.458,.256,6.2,16,19,16,0,56,12,53,478,122,0.487284,0.677824,0.851852,0.121058
Gus Varland,ARI,,28,169,153,668,.311,.362,0.241635687732342,0.5157556020867692,0.3447955390334573,0.5004055150040552,0.46189591078066916,0.28345724907063197,0.3159851301115242,0.40892193308550184,0.8252788104089219,0.8215613382899628,0.17193308550185873,0.48234200743494426,0.5678438661710037,0.6802973977695167,0.6691449814126395,0.9695863746958636,0.870817843866171,0.6115241635687733,0.7983271375464684,.248,.379,6.3,7.7,30.860534124629076,89.5,36,24.3,10,29.8,.294,.361,.471,.368,4.1,7,13,7,1,45,6,41,332,99,0.553846,0.5897439999999999,0.8260870000000001,0.138462
Joan Adon,WSN,,27,326,270,1290,.332,.353,0.23977695167286245,0.3680635326939563,0.3905669144981413,0.5004055150040552,0.2555762081784387,0.4879182156133829,0.38940520446096655,0.32620817843866173,0.3671003717472119,0.44981412639405205,0.4079925650557621,0.43866171003717475,0.18494423791821563,0.23048327137546468,0.37825278810408924,0.5474452554744526,0.36617100371747213,0.6394052044609665,0.44981412639405205,.231,.366,6.9,12.9,26.883308714918762,88.2,36.6,17.5,17,25.5,.263,.380,.415,.300,4.6,15,42,14,0,71,9,57,600,153,0.465116,0.673633,0.8233889999999999,0.110078
Adonis Medina,PHI,,28,274,242,1047,.280,.327,0.2379182156133829,0.6155077706121718,0.5741171003717472,0.5004055150040552,0.7778810408921933,0.6310408921933085,0.7351301115241635,0.8726765799256505,0.662639405204461,0.7676579925650557,0.4079925650557621,0.28066914498141265,0.42657992565055763,0.9340148698884758,0.38940520446096655,0.4055150040551501,0.7546468401486989,0.362453531598513,0.35315985130111527,.218,.310,2.7,9.5,30.124777183600717,88.2,39.1,21.9,4,25.6,.260,.339,.405,.316,1.8,5,26,12,1,63,7,60,472,121,0.448902,0.614919,0.8557379999999999,0.103152
Sam Benschoter,CIN,,27,92,81,316,.372,.388,0.23605947955390336,0.31965894781167625,0.10130111524163568,0.5004055150040552,0.07806691449814127,0.046468401486988845,0.06784386617100371,0.1449814126394052,0.6282527881040892,0.8921933085501859,0.16263940520446096,0.02973977695167286,0.24814126394052044,0.6254646840148699,0.4117100371747212,0.8296836982968371,0.03345724907063197,0.37174721189591076,0.5408921933085502,.294,.465,9.2,9.8,31.976744186046513,89.6,50.8,18.5,11,25.8,.309,.380,.531,.365,6.5,6,9,8,2,25,2,17,159,41,0.503165,0.7463770000000001,0.854369,0.11708900000000001
Logan Allen,FA,,28,435,383,1613,.298,.365,0.2342007434944238,0.4725399887038695,0.4563197026022305,0.5004055150040552,0.5966542750929368,0.2695167286245353,0.48698884758364314,0.8336431226765799,0.7128252788104089,0.741635687732342,0.27137546468401486,0.23327137546468402,0.28066914498141265,0.41356877323420077,0.3299256505576208,0.7931873479318735,0.16171003717472118,0.2955390334572491,0.5241635687732342,.249,.355,3.2,9,29.584352078239608,88.8,40.1,19.1,14,24.8,.303,.361,.496,.346,2.3,10,39,33,1,116,13,83,808,200,0.498454,0.7056560000000001,0.8633879999999999,0.115646
Caleb Kilian,CHC,,28,185,169,683,.268,.265,0.23234200743494424,0.5918088858538076,0.7402416356877324,0.5004055150040552,0.8364312267657993,0.6654275092936803,0.724907063197026,0.8968401486988847,0.8912639405204461,0.22676579925650558,0.6895910780669146,0.6496282527881041,0.3550185873605948,0.48977695167286245,0.17565055762081785,0.7226277372262774,0.14869888475836432,0.3048327137546468,0.3643122676579926,.214,.312,2.3,7,24.22360248447205,86.9,33.8,20.5,13,22.1,.219,.286,.302,.271,1.6,3,13,8,0,37,2,38,335,74,0.488304,0.7077359999999999,0.862348,0.103801
Edgar Barclay,NYY,,27,646,566,2426,.357,.361,0.23048327137546468,0.3277134707360876,0.27137546468401486,0.5004055150040552,0.13847583643122677,0.10315985130111524,0.07063197026022305,0.11431226765799256,0.5446096654275093,0.5260223048327137,0.4079925650557621,0.49256505576208176,0.23141263940520446,0.29275092936802977,0.5102230483271375,0.7793998377939984,0.040892193308550186,0.6505576208178439,0.671003717472119,.269,.460,10,10.8,27.578304048892285,88.2,35.9,18.3,16,27.3,.263,.350,.488,.283,7,45,70,35,1,149,30,118,1206,329,0.495881,0.740451,0.8218049999999999,0.12726500000000002
Chandler Champlain,KCR,,26,462,411,1728,.335,.357,0.22862453531598512,0.29619240506074684,0.304135687732342,0.5004055150040552,0.23141263940520446,0.12453531598513011,0.18773234200743494,0.5269516728624535,0.6180297397769516,0.2100371747211896,0.25092936802973975,0.25092936802973975,0.10966542750929369,0.48977695167286245,0.05390334572490706,0.5352798053527981,0.44609665427509293,0.11338289962825279,0.07992565055762081,.265,.408,5.6,10,23.75757575757576,88.9,39.8,15.6,13,18.6,.280,.357,.462,.303,4.1,19,46,20,2,115,17,72,801,149,0.463316,0.664481,0.896382,0.07741189999999999
Kai-Wei Teng,SFG,,26,356,300,1340,.332,.397,0.22676579925650558,0.35234172352419174,0.358271375464684,0.5004055150040552,0.2555762081784387,0.3745353159851301,0.2295539033457249,0.44609665427509293,0.39219330855018586,0.35223048327137546,0.38661710037174724,0.370817843866171,0.1607806691449814,0.5631970260223048,0.19609665427509293,0.3884833738848337,0.6226765799256505,0.22304832713754646,0.16356877323420074,.240,.395,6.1,12.4,25.86206896551724,88.3,37.7,17.1,12,22.4,.300,.396,.533,.330,4.2,15,44,24,2,90,14,61,602,135,0.446349,0.6402439999999999,0.8738100000000001,0.08792849999999999
Ian Bedell,STL,,26,187,160,744,.304,.340,0.22490706319702602,0.3870381299678101,0.4697955390334573,0.5004055150040552,0.5232342007434945,0.8503717472118959,0.35780669144981414,0.05762081784386617,0.3745353159851301,0.13011152416356878,0.7592936802973977,0.7044609665427509,0.12732342007434944,0.13011152416356878,0.129182156133829,0.3284671532846715,0.3475836431226766,0.22676579925650558,0.10037174721189591,.189,.372,11.6,12.8,22.303921568627448,86.6,32.6,16.6,19,20.9,.212,.326,.456,.202,8,15,24,5,2,34,10,31,326,68,0.438338,0.675516,0.8733620000000001,0.080429
Evan Kravetz,CIN,,28,219,189,880,.289,.355,0.22304832713754646,0.5427847222850343,0.5234665427509293,0.5004055150040552,0.7053903345724907,0.7555762081784386,0.6050185873605948,0.49256505576208176,0.4423791821561338,0.41821561338289964,0.3652416356877323,0.6310408921933085,0.5548327137546468,0.29275092936802977,0.75,0.22546634225466344,0.8773234200743495,0.3847583643122677,0.6078066914498141,.205,.338,5.8,11.9,26.611226611226613,88.4,34.1,24.2,16,31.3,.265,.352,.471,.315,3.7,8,26,10,1,50,9,53,368,115,0.42069700000000004,0.589109,0.852941,0.12261
Trenton Wallace,TOR,,26,161,128,670,.332,.400,0.2211895910780669,0.40864593665925986,0.6245353159851301,0.5004055150040552,0.2555762081784387,0.5622676579925651,0.4479553903345725,0.21561338289962825,0.15892193308550187,0.11895910780669144,0.9349442379182156,0.8996282527881041,0.3271375464684015,0.29275092936802977,0.1895910780669145,0.1922141119221411,0.79182156133829,0.2899628252788104,0.13568773234200743,.224,.359,8.1,16.8,22.005571030640674,84.5,27.3,19.9,16,22.3,.281,.410,.523,.315,5,8,27,10,0,36,7,32,278,62,0.414307,0.6076699999999999,0.864078,0.0849478
Ty Adcock,NYM,,28,131,116,486,.301,.361,0.21933085501858737,0.5155232600793342,0.5450743494423792,0.5004055150040552,0.5566914498141264,0.45353159851301117,0.48698884758364314,0.6421933085501859,0.620817843866171,0.4079925650557621,0.5371747211895911,0.5139405204460966,0.5762081784386617,0.41356877323420077,0.4767657992565056,0.8896999188969992,0.2899628252788104,0.7444237918215614,0.6282527881040892,.234,.355,4.8,9.9,26.548672566371685,87.6,35.7,24.4,14,26.9,.319,.389,.431,.415,3.1,4,13,4,0,37,3,32,242,65,0.513595,0.6815640000000001,0.811475,0.123867
Nick Avila,FA,,28,54,47,226,.337,.434,0.2174721189591078,0.4096527520248113,0.33736059479553904,0.5004055150040552,0.22304832713754646,0.31691449814126393,0.1570631970260223,0.040892193308550186,0.3596654275092937,0.4256505576208178,0.7704460966542751,0.38104089219330856,0.7574349442379182,0.41356877323420077,0.5697026022304833,0.13138686131386862,0.8903345724907064,0.0055762081784386614,0.05204460966542751,.245,.416,12.5,13,26.7175572519084,86.5,37.5,27.8,14,28.1,.340,.426,.596,.484,7.4,4,7,7,1,16,1,15,96,27,0.394366,0.583333,1,0.0704225
Ivan Armstrong,FA,,25,55,47,199,.356,.422,0.21561338289962825,0.267536890810437,0.3868494423791822,0.5004055150040552,0.14776951672862454,0.06505576208178439,0.1570631970260223,0.6421933085501859,0.5306691449814126,0.09293680297397769,0.2342007434944238,0.5139405204460966,0.01858736059479554,0.29275092936802977,0.01486988847583643,0.5644768856447688,0.22676579925650558,0.01486988847583643,0.03531598513011153,.278,.416,4.8,10.9,21.64948453608248,89,35.7,9.1,16,15.1,.362,.455,.511,.390,3.6,2,6,4,0,17,1,5,93,14,0.467337,0.692308,0.9444440000000001,0.0603015
Tyler Phillips,MIA,,27,506,453,1843,.320,.325,0.2137546468401487,0.4060901745774755,0.33875464684014867,0.5004055150040552,0.36895910780669144,0.1421933085501859,0.29739776951672864,0.662639405204461,0.6421933085501859,0.5408921933085502,0.19052044609665428,0.20446096654275092,0.31970260223048325,0.7741635687732342,0.2295539033457249,0.5466342254663422,0.6765799256505576,0.22490706319702602,0.29739776951672864,.263,.381,4.7,9.7,27.66666666666667,89.3,40.8,19.8,8,23.1,.256,.330,.413,.299,3.2,16,49,27,1,116,14,100,859,198,0.465041,0.630879,0.873582,0.09864500000000001
Christian Romero,LAD,,22,84,72,288,.394,.407,0.21189591078066913,0.2194420952714036,0.15311338289962825,0.5004055150040552,0.040892193308550186,0.05855018587360595,0.03345724907063197,0.04553903345724907,0.9442379182156134,0.07992565055762081,0.17193308550185873,0.36152416356877326,0.022304832713754646,0.34851301115241634,0.026022304832713755,0.6342254663422546,0.04925650557620818,0.2936802973977695,0.055762081784386616,.282,.497,12.1,6,21.12676056338028,89.5,37.9,9.5,15,16.8,.306,.386,.569,.283,9.5,8,5,4,0,22,5,8,137,23,0.475862,0.733333,0.8636360000000001,0.0724138
Noah Davis,FA,,28,315,273,1197,.285,.359,0.2100371747211896,0.5606750568575252,0.6591542750929367,0.5004055150040552,0.7342007434944238,0.5780669144981413,0.7592936802973977,0.8596654275092936,0.6282527881040892,0.2695167286245353,0.578996282527881,0.43866171003717475,0.48698884758364314,0.6254646840148699,0.26858736059479554,0.28629359286293593,0.7100371747211895,0.36988847583643125,0.2843866171003718,.223,.304,2.9,9.8,24.719101123595504,87.4,36.6,22.9,11,23.9,.293,.375,.451,.369,1.9,6,31,14,4,80,7,72,518,124,0.431307,0.623116,0.8548389999999999,0.0974188
Grant Gambrell,FA,,27,365,322,1376,.314,.315,0.20817843866171004,0.4344358994845387,0.4921003717472119,0.5004055150040552,0.4228624535315985,0.29460966542750927,0.3466542750929368,0.49256505576208176,0.6830855018587361,0.38104089219330856,0.5046468401486989,0.6245353159851301,0.20446096654275092,0.41356877323420077,0.3447955390334573,0.4858069748580697,0.5241635687732342,0.3550185873605948,0.4247211895910781,.247,.374,5.8,9.3,26.25,87.8,34.2,17.8,14,25,.258,.338,.370,.304,4.1,15,34,16,1,83,6,65,633,158,0.458696,0.654179,0.856828,0.108696
Logan Gillaspie,SDP,,28,193,169,740,.308,.300,0.20631970260223048,0.49771037284265524,0.4862918215613383,0.5004055150040552,0.48698884758364314,0.40613382899628253,0.26579925650557623,0.25743494423791824,0.6282527881040892,0.8401486988847584,0.6895910780669146,0.7323420074349443,0.4163568773234201,0.41356877323420077,0.3355018587360595,0.8678021086780211,0.2732342007434944,0.19330855018587362,0.48698884758364314,.237,.385,7.6,9.8,31.099195710455767,86.9,32.1,21.8,14,24.9,.237,.311,.373,.278,5.2,10,19,8,0,40,5,42,378,94,0.510232,0.685484,0.878431,0.11323299999999999
Jonathan Heasley,KCR,,28,124,115,442,.290,.299,0.20446096654275092,0.5339557260025064,0.5620353159851301,0.5004055150040552,0.6988847583643123,0.31691449814126393,0.4767657992565056,0.6849442379182156,0.921003717472119,0.4944237918215613,0.7704460966542751,0.3159851301115242,0.4163568773234201,0.48977695167286245,0.3215613382899628,0.7769667477696675,0.6263940520446096,0.6579925650557621,0.45353159851301117,.245,.356,4.5,6.5,27.27272727272727,86.5,38.6,21.8,13,24.7,.252,.306,.374,.306,3.2,4,8,3,1,29,3,27,219,54,0.495475,0.639831,0.821192,0.11085999999999999
Evan Gates,FA,,27,167,150,579,.326,.390,0.20260223048327136,0.363958823895939,0.27555762081784385,0.5004055150040552,0.31226765799256506,0.12453531598513011,0.13940520446096655,0.2016728624535316,0.7778810408921933,0.6691449814126395,0.4079925650557621,0.35315985130111527,0.28810408921933084,0.48977695167286245,0.10315985130111524,0.007704785077047851,0.9972118959107806,0.9972118959107806,0.004646840148698885,.265,.422,8.3,8.4,28.852459016393446,88.2,38,19.2,13,20.2,.327,.377,.540,.374,6,10,14,14,0,49,6,32,277,56,0,0,0,0
Andre Pallante,STL,,27,73,57,298,.325,.317,0.20074349442379183,0.5374408561140306,0.9484200743494423,0.5004055150040552,0.32620817843866173,0.3503717472118959,0.8466542750929368,0.9656133828996283,0.14312267657992564,0.3429368029739777,0.9944237918215614,0.9869888475836431,0.04925650557620818,0.9340148698884758,0.00929368029739777,0.09732360097323603,0.9628252788104089,0.0055762081784386614,0.013011152416356878,.242,.280,0,17.8,25.71428571428571,80,18.4,12.3,4,14.4,.246,.397,.263,.286,0,0,13,1,0,14,0,9,111,16,0.37666700000000003,0.544,1,0.043333300000000005
Huascar Ynoa,FA,,27,115,99,478,.333,.359,0.19888475836431227,0.31973639514748786,0.21770446096654278,0.5004055150040552,0.24442379182156135,0.1737918215613383,0.23327137546468402,0.37825278810408924,0.491635687732342,0.5353159851301115,0.11895910780669144,0.14033457249070633,0.28066914498141265,0.6254646840148699,0.11431226765799256,0.4387672343876723,0.5985130111524164,0.01858736059479554,0.15985130111524162,.259,.394,6.5,11.3,27.65151515151515,90,42.9,19.1,11,20.7,.273,.365,.465,.320,4.3,5,13,4,3,27,3,22,217,45,0.451883,0.642857,0.9407409999999999,0.0878661
Kyle Tyler,CHW,,28,349,309,1365,.292,.307,0.1970260223048327,0.5822054162131632,0.6617100371747212,0.5004055150040552,0.679368029739777,0.49907063197026025,0.637546468401487,0.6421933085501859,0.6421933085501859,0.39219330855018586,0.6700743494423792,0.6970260223048327,0.48698884758364314,0.6802973977695167,0.4591078066914498,0.3057583130575831,0.775092936802974,0.5278810408921933,0.45539033457249073,.230,.332,4.8,9.7,26.344827586206893,87,33,22.9,10,26.6,.243,.325,.366,.305,3.2,11,34,15,1,75,7,80,598,159,0.434705,0.610039,0.835443,0.11091199999999998
Triston McKenzie,FA,,28,236,199,958,.324,.369,0.19516728624535315,0.3525740655316267,0.22932156133828993,0.5004055150040552,0.33643122676579923,0.5288104089219331,0.24070631970260223,0.2695167286245353,0.2815985130111524,0.362453531598513,0.11895910780669144,0.28810408921933084,0.5315985130111525,0.13011152416356878,0.6421933085501859,0.35523114355231145,0.4851301115241636,0.5817843866171004,0.550185873605948,.227,.392,7.5,14,26.003824091778213,90,39,23.7,19,29.2,.266,.369,.487,.316,4.7,11,33,14,0,53,10,56,421,123,0.440625,0.659624,0.829181,0.117708
Garrett Stallings,MIL,,28,343,301,1346,.325,.344,0.19330855018587362,0.38215894781167625,0.3366635687732342,0.5004055150040552,0.32620817843866173,0.20260223048327136,0.21933085501858737,0.29182156133828996,0.5446096654275093,0.6747211895910781,0.3429368029739777,0.49256505576208176,0.30390334572490707,0.17657992565055763,0.5102230483271375,0.6609894566098946,0.19516728624535315,0.09665427509293681,0.26765799256505574,.255,.397,7.2,10.8,28.87029288702929,88.5,35.9,19.5,18,27.3,.262,.344,.449,.298,5,17,37,18,1,79,12,67,649,177,0.47965699999999994,0.699531,0.899329,0.09635969999999999
Evan Justice,COL,,27,136,96,578,.350,.397,0.19144981412639406,0.4655697284808211,0.7279275092936802,0.5004055150040552,0.1691449814126394,0.6970260223048327,0.7843866171003717,0.7388475836431226,0.017657992565055763,0.020446096654275093,0.6505576208178439,0.7379182156133829,0.28066914498141265,0.41356877323420077,0.5762081784386617,0.06731549067315491,0.8159851301115242,0.6059479553903345,0.20817843866171004,.211,.297,4.2,25,16.51376146788991,87.1,31.9,19.1,14,28.2,.281,.478,.385,.357,2.2,3,34,4,0,27,2,26,206,58,0.357513,0.60241,0.826667,0.09153710000000001
Rhett Kouba,HOU,,26,199,163,784,.330,.366,0.1895910780669145,0.347230199360623,0.5492565055762082,0.5004055150040552,0.2704460966542751,0.45353159851301117,0.5604089219330854,0.5659851301115242,0.1775092936802974,0.16728624535315986,0.4600371747211896,0.6105947955390335,0.09944237918215613,0.23048327137546468,0.07063197026022305,0.24493106244931065,0.570631970260223,0.07156133828996282,0.07434944237918216,.234,.344,5.3,16.1,22.96983758700696,88,34.4,15.1,17,19.3,.264,.392,.436,.295,3.5,7,32,11,1,43,5,30,332,64,0.423858,0.647059,0.9047620000000001,0.0761421
Kolby Allard,CLE,,28,371,332,1415,.315,.376,0.18773234200743494,0.3997394930409204,0.39939591078066916,0.5004055150040552,0.4144981412639405,0.2379182156133829,0.2295539033457249,0.3643122676579926,0.6905204460966543,0.5520446096654275,0.5213754646840149,0.48234200743494426,0.3271375464684015,0.17657992565055763,0.30018587360594795,0.5993511759935117,0.5390334572490706,0.33271375464684017,0.33643122676579923,.251,.395,6.6,9.2,27.714285714285715,87.7,36,19.9,18,24.3,.292,.357,.524,.333,4.6,17,34,32,0,97,15,74,666,162,0.471127,0.652295,0.859275,0.102113
Billy Sullivan,FA,,26,36,22,151,.420,.409,0.18587360594795538,0.4735468040694209,0.9063661710037175,0.5004055150040552,0.02137546468401487,0.13382899628252787,0.6970260223048327,0.9656133828996283,0.00929368029739777,0.03531598513011153,0.9684014869888475,0.9944237918215614,0.03345724907063197,0.9340148698884758,0.38940520446096655,0.025141930251419302,0.9776951672862454,0.3475836431226766,0.05762081784386617,.264,.320,0,27.8,18.446601941747574,83.3,15.8,11.1,4,25.6,.273,.528,.318,.316,0,0,10,1,0,6,0,4,43,11,0.28476799999999997,0.528302,0.857143,0.0728477
Josimar Cousin,FA,,27,105,93,416,.328,.286,0.18401486988847585,0.4146093815167568,0.5425185873605948,0.5004055150040552,0.29182156133828996,0.3503717472118959,0.15148698884758363,0.3392193308550186,0.483271375464684,0.4144981412639405,0.8438661710037175,0.8355018587360595,0.2211895910780669,0.29275092936802977,0.25092936802973975,0.33495539334955393,0.8066914498141264,0.22862453531598512,0.12639405204460966,.242,.417,6.8,11.4,26.576576576576578,85.9,29.7,18.1,16,23.6,.204,.295,.344,.214,4.8,5,12,1,0,19,4,19,182,43,0.438849,0.605128,0.8728809999999999,0.0839328
Travis MacGregor,MIL,,28,349,309,1281,.318,.304,0.1821561338289963,0.4109693567336093,0.3389869888475836,0.5004055150040552,0.38940520446096655,0.20260223048327136,0.3048327137546468,0.5539033457249071,0.7862453531598513,0.3104089219330855,0.3652416356877323,0.13197026022304834,0.3736059479553903,0.8169144981412639,0.19609665427509293,0.7193836171938361,0.15055762081784388,0.35687732342007433,0.3587360594795539,.255,.380,5.4,8.3,25.31645569620253,88.4,43.1,20.9,7,22.4,.243,.321,.362,.290,3.7,13,29,11,1,75,8,73,625,140,0.48753900000000006,0.7074630000000001,0.85654,0.103583
Clayton Andrews,FA,,28,105,83,456,.307,.315,0.18029739776951673,0.59521656862952,0.6828531598513012,0.5004055150040552,0.49907063197026025,0.9024163568773235,0.7397769516728625,0.5269516728624535,0.13104089219330856,0.09851301115241635,0.7908921933085502,0.6737918215613383,0.7128252788104089,0.7304832713754646,0.8364312267657993,0.0908353609083536,0.8996282527881041,0.9330855018587361,0.5687732342007435,.180,.308,5.6,18.1,21.73913043478261,86.3,33.3,26.7,9,33.3,.181,.343,.349,.226,2.9,3,19,5,0,15,3,28,171,57,0.37472300000000003,0.57868,0.754386,0.119734
Anthony Veneziano,STL,,28,389,340,1551,.323,.330,0.17843866171003717,0.46115523033955724,0.6198884758364311,0.5004055150040552,0.3447955390334573,0.1737918215613383,0.29739776951672864,0.6217472118959108,0.5446096654275093,0.40148698884758366,0.870817843866171,0.6895910780669146,0.30390334572490707,0.48977695167286245,0.2955390334572491,0.4452554744525548,0.6821561338289963,0.36059479553903345,0.3382899628252788,.259,.381,4.9,10.8,26.504481434058896,85.6,33.2,19.5,13,24.2,.256,.339,.415,.293,3.3,13,42,16,1,87,12,76,703,170,0.452733,0.6297229999999999,0.856,0.102251
Jake Woodford,FA,,28,397,362,1587,.300,.325,0.17657992565055763,0.5629210295960629,0.5954925650557621,0.5004055150040552,0.5669144981412639,0.36338289962825276,0.36152416356877326,0.6421933085501859,0.9079925650557621,0.7193308550185874,0.7592936802973977,0.6189591078066915,0.48698884758364314,0.6254646840148699,0.20260223048327136,0.3901054339010544,0.8494423791821561,0.17100371747211895,0.09479553903345725,.241,.371,4.8,6.8,29.2713567839196,86.6,34.3,22.9,11,22.5,.257,.317,.431,.310,3.3,13,27,23,2,93,12,91,738,166,0.44670699999999997,0.596372,0.882129,0.0790419
Eduarniel Núñez,ATH,,26,117,88,480,.360,.378,0.17472118959107807,0.35722090568032555,0.3601301115241635,0.5004055150040552,0.12267657992565056,0.5892193308550185,0.4767657992565056,0.4312267657992565,0.05483271375464684,0.046468401486988845,0.20353159851301114,0.32899628252788105,0.26301115241635686,0.9739776951672863,0.2955390334572491,0.145985401459854,0.46096654275092935,0.3475836431226766,0.2211895910780669,.222,.356,6.2,21.4,19.565217391304348,89.2,38.5,18.8,2,24.2,.261,.444,.375,.317,3.4,4,25,1,0,23,3,22,194,47,0.400415,0.6616920000000001,0.857143,0.093361
Kade Morris,ATH,,23,29,25,114,.388,.462,0.17286245353159851,0.2152599391375746,0.07318773234200743,0.5004055150040552,0.05297397769516728,0.03903345724907063,0.039962825278810406,0.17657992565055763,0.2983271375464684,0.1449814126394052,0.05483271375464684,0.02137546468401487,0.007434944237918215,0.9024163568773235,0.3447955390334573,0.11597729115977293,0.9888475836431226,0.013011152416356878,0.1579925650557621,.300,.492,8.7,13.8,22.58064516129032,90.7,52.2,6.9,5,25,.360,.448,.640,.333,6.9,2,4,1,0,9,2,2,44,11,0.385965,0.510638,0.958333,0.0877193
Tommy Romero,CHC,,28,294,255,1221,.317,.306,0.17100371747211895,0.3827785264981694,0.30367100371747213,0.5004055150040552,0.395910780669145,0.5288104089219331,0.2908921933085502,0.40892193308550184,0.4154275092936803,0.3215613382899628,0.2174721189591078,0.29739776951672864,0.4516728624535316,0.23048327137546468,0.5343866171003717,0.5620437956204379,0.3996282527881041,0.4163568773234201,0.5278810408921933,.227,.382,6.3,12.2,25.43443917851501,89.1,38.9,22.4,17,27.5,.216,.316,.373,.258,4.1,12,36,14,1,55,8,66,568,156,0.46693900000000005,0.669506,0.849873,0.11591800000000001
Robert Kwiatkowski,FA,,28,29,27,134,.350,.297,0.1691449814126394,0.33119860084761177,0.24279739776951673,0.5004055150040552,0.1691449814126394,0.046468401486988845,0.06133828996282528,0.6849442379182156,0.9869888475836431,0.7713754646840149,0.026022304832713755,0.19888475836431227,0.1691449814126394,0.047397769516728624,0.31226765799256506,0.4557988645579886,0.6970260223048327,0.21561338289962825,0.28066914498141265,.294,.470,4.5,3.4,30.158730158730158,91.4,40.9,17.2,22,24.6,.222,.276,.407,.238,3.4,1,1,2,0,6,1,5,61,15,0.45522399999999996,0.625,0.875,0.09701489999999999
Anthony Simonelli,KCR,,26,69,57,289,.372,.321,0.16728624535315986,0.21789314855517064,0.036013011152416355,0.5004055150040552,0.07806691449814127,0.2379182156133829,0.04460966542750929,0.024163568773234202,0.3596654275092937,0.4879182156133829,0.047397769516728624,0.027881040892193308,0.26301115241635686,0.29275092936802977,0.25092936802973975,0.3333333333333333,0.8011152416356877,0.26022304832713755,0.1691449814126394,.251,.489,15.6,13,27.21518987341772,90.8,51.1,18.8,16,23.6,.175,.304,.439,.167,10.1,7,9,4,1,10,3,13,127,30,0.438776,0.605839,0.8674700000000001,0.0884354
Nick Bennett,FA,,28,158,143,620,.298,.342,0.1654275092936803,0.4331192947757407,0.42518587360594795,0.5004055150040552,0.5966542750929368,0.5176579925650557,0.36152416356877326,0.35223048327137546,0.724907063197026,0.5631970260223048,0.48420074349442377,0.5027881040892194,0.08736059479553904,0.17657992565055763,0.3299256505576208,0.4963503649635037,0.49907063197026025,0.4758364312267658,0.3475836431226766,.228,.371,6.7,8.9,27.84431137724551,87.9,35.8,14.6,18,24.8,.259,.329,.462,.278,5.1,8,14,14,0,37,5,23,286,71,0.45980699999999997,0.656863,0.8407959999999999,0.102894
Patrick Monteverde,MIA,,28,309,277,1194,.324,.364,0.16356877323420074,0.3651979812689253,0.32690520446096655,0.5004055150040552,0.33643122676579923,0.2527881040892193,0.1821561338289963,0.20910780669144982,0.699814126394052,0.7007434944237918,0.31691449814126393,0.5994423791821561,0.26301115241635686,0.17657992565055763,0.1449814126394052,0.7639902676399026,0.17657992565055763,0.2788104089219331,0.2788104089219331,.250,.410,8.2,9.1,29.132569558101476,88.6,34.5,18.8,18,21.4,.271,.343,.505,.289,5.8,18,28,15,1,75,16,58,588,126,0.49332200000000004,0.70339,0.86506,0.0968281
Jake Rice,ARI,,28,33,26,131,.369,.383,0.16171003717472118,0.287131066770784,0.2386152416356877,0.5004055150040552,0.09014869888475836,0.16635687732342008,0.21933085501858737,0.5269516728624535,0.12732342007434944,0.4656133828996282,0.11895910780669144,0.08921933085501858,0.5548327137546468,0.0037174721189591076,0.5827137546468402,0.4801297648012977,0.31691449814126393,0.46933085501858735,0.7091078066914498,.260,.397,5.6,18.2,27.02702702702703,90,44.4,24.2,28,28.3,.308,.455,.385,.444,3,1,6,2,0,8,0,8,60,17,0.45801499999999995,0.678571,0.8421049999999999,0.129771
Jimmy Burnette,TOR,,27,51,40,206,.358,.352,0.15985130111524162,0.3754210295960629,0.6761152416356877,0.5004055150040552,0.13197026022304834,0.08550185873605948,0.3159851301115242,0.47769516728624534,0.30576208178438663,0.14869888475836432,0.9488847583643123,0.9618959107806692,0.0762081784386617,0.23048327137546468,0.3215613382899628,0.43390105433901055,0.29460966542750927,0.45260223048327136,0.3308550185873606,.272,.379,5.9,13.7,22.641509433962263,84.1,23.5,13.7,17,24.7,.300,.431,.325,.353,3.9,2,7,1,0,12,0,7,93,23,0.451456,0.680851,0.84375,0.10194199999999999
Elvis Peguero,CHW,,28,26,22,109,.317,.345,0.1579925650557621,0.4627816243916019,0.4286710037174721,0.5004055150040552,0.395910780669145,0.30390334572490707,0.7304832713754646,0.9656133828996283,0.4711895910780669,0.75,0.00929368029739777,0.00929368029739777,0.10408921933085502,0.7304832713754646,0.5827137546468402,0.708029197080292,0.015799256505576207,0.26765799256505574,0.7899628252788105,.246,.311,0,11.5,29.6875,93.1,55.6,15.4,9,28.3,.318,.423,.318,.389,0,0,3,0,0,7,0,4,53,15,0.48623900000000003,0.769231,0.866667,0.13761500000000002
Drew Parrish,CIN,,27,28,23,113,.255,.245,0.15613382899628253,0.5435591956431508,0.8919609665427509,0.5004055150040552,0.9061338289962825,0.9535315985130112,0.9702602230483272,0.9656133828996283,0.26394052044609667,0.026022304832713755,0.7118959107806692,0.9200743494423792,0.07899628252788105,0.17657992565055763,0.04925650557620818,0.6496350364963503,0.16728624535315986,0.3243494423791822,0.09665427509293681,.160,.208,0,14.3,17.647058823529417,86.8,26.3,14.3,18,18.5,.130,.286,.217,.158,0,0,4,2,0,3,0,4,54,10,0.477876,0.704918,0.8604649999999999,0.07964600000000001
Chase Plymell,CHW,,27,158,140,635,.340,.294,0.15427509293680297,0.32484791931105667,0.3743029739776952,0.5004055150040552,0.2100371747211896,0.18680297397769516,0.11245353159851301,0.13382899628252787,0.5446096654275093,0.6133828996282528,0.6059479553903345,0.6449814126394052,0.11524163568773234,0.09014869888475836,0.14033457249070633,0.7169505271695052,0.35687732342007433,0.241635687732342,0.20074349442379183,.257,.433,9.6,10.8,28.353658536585364,87.3,33.9,15.8,20,21.3,.214,.304,.357,.234,7,11,17,6,1,30,4,25,314,67,0.487421,0.674194,0.870813,0.091195
Adam Leverett,SEA,,27,48,40,184,.338,.254,0.1524163568773234,0.38672834062456346,0.31644981412639406,0.5004055150040552,0.2184014869888476,0.5288104089219331,0.4637546468401487,0.07434944237918216,0.7862453531598513,0.041821561338289966,0.25092936802973975,0.4767657992565056,0.026022304832713755,0.7741635687732342,0.49907063197026025,0.3714517437145175,0.1691449814126394,0.7788104089219331,0.4888475836431227,.227,.357,11.1,8.3,19.354838709677423,88.9,36.1,10.4,8,27.2,.150,.250,.325,.114,8.3,4,4,1,0,6,2,5,81,22,0.44324300000000005,0.704545,0.8064520000000001,0.113514
Austin Cox,ATL,,28,248,204,1001,.344,.347,0.15055762081784388,0.37580826627512115,0.3480483271375464,0.5004055150040552,0.19237918215613384,0.1737918215613383,0.24535315985130113,0.54182156133829,0.21654275092936803,0.379182156133829,0.31691449814126393,0.28810408921933084,0.5548327137546468,0.48977695167286245,0.6105947955390335,0.3138686131386861,0.7713754646840149,0.20260223048327136,0.483271375464684,.259,.391,5.5,15.3,26.24768946395564,88.6,39,24.2,13,28.8,.255,.371,.417,.314,3.2,8,38,7,1,52,8,60,437,126,0.43569300000000005,0.61039,0.875886,0.11266199999999998
Tyson Guerrero,KCR,,26,97,82,386,.358,.412,0.14869888475836432,0.23338261571750027,0.16984200743494424,0.5004055150040552,0.13197026022304834,0.2379182156133829,0.06784386617100371,0.05762081784386617,0.25650557620817843,0.716542750929368,0.4340148698884758,0.11988847583643122,0.08271375464684015,0.06598513011152417,0.129182156133829,0.6034063260340633,0.4070631970260223,0.1449814126394052,0.25650557620817843,.251,.465,11.6,14.4,29.268292682926827,88.1,43.5,14.4,21,20.9,.293,.392,.585,.297,8.2,8,14,7,1,24,5,14,182,38,0.47150299999999995,0.668478,0.886179,0.09585489999999999
Harold Chirino,SDP,,27,169,135,669,.352,.398,0.14684014869888476,0.3936211535118001,0.5157992565055762,0.5004055150040552,0.16263940520446096,0.21468401486988847,0.38011152416356875,0.662639405204461,0.15427509293680297,0.15985130111524162,0.48420074349442377,0.5362453531598513,0.23141263940520446,0.6802973977695167,0.5566914498141264,0.1549067315490673,0.6171003717472119,0.6115241635687733,0.34572490706319703,.254,.368,4.7,17.2,22.81167108753316,87.9,35.5,18.3,10,27.9,.319,.438,.474,.379,3,5,29,7,1,43,4,31,272,76,0.403875,0.641115,0.8260870000000001,0.10283199999999999
Zac Leigh,CHC,,27,78,57,339,.377,.458,0.1449814126394052,0.4224315624337333,0.6147769516728624,0.5004055150040552,0.0687732342007435,0.22676579925650558,0.5278810408921933,0.6068773234200744,0.039962825278810406,0.45539033457249073,0.9433085501858736,0.38104089219330856,0.3550185873605948,0.5631970260223048,0.40055762081784385,0.31792376317923765,0.6561338289962825,0.7955390334572491,0.4340148698884758,.252,.349,5,23.1,26.94300518134715,84.2,37.5,20.5,12,25.7,.368,.538,.491,.500,2.6,2,18,2,1,21,1,16,148,38,0.43657799999999997,0.6357619999999999,0.802083,0.109145
Carlos Tavera,BAL,,27,228,190,901,.362,.428,0.14312267657992564,0.20790244223546805,0.1108271375464684,0.5004055150040552,0.11431226765799256,0.13382899628252787,0.09665427509293681,0.09014869888475836,0.21096654275092938,0.24535315985130113,0.1421933085501859,0.11431226765799256,0.23977695167286245,0.17657992565055763,0.43029739776951675,0.3819951338199513,0.5353159851301115,0.5669144981412639,0.4423791821561338,.264,.442,10.7,15.4,24.5360824742268,89.8,43.6,18.4,18,26.1,.311,.417,.595,.345,7,16,35,19,1,59,11,42,402,105,0.445183,0.653012,0.8302579999999999,0.109635
Max Castillo,FA,,26,208,179,823,.403,.431,0.1412639405204461,0.18737889824538131,0.03485130111524164,0.5004055150040552,0.031598513011152414,0.03345724907063197,0.022304832713754646,0.06691449814126393,0.4711895910780669,0.23977695167286245,0.011152416356877323,0.03903345724907063,0.20446096654275092,0.41356877323420077,0.21468401486988847,0.3260340632603406,0.828996282527881,0.2871747211895911,0.11152416356877323,.305,.541,11.2,11.5,24.475524475524484,92.5,49.7,17.8,14,22.8,.330,.404,.626,.356,7.7,16,24,18,1,59,11,37,359,82,0.43795600000000007,0.6,0.8641979999999999,0.08272510000000001
Bryce Tassin,FA,,28,147,126,580,.361,.352,0.13940520446096655,0.3984228883321223,0.2567379182156134,0.5004055150040552,0.11895910780669144,0.2527881040892193,0.07806691449814127,0.048327137546468404,0.46189591078066916,0.5371747211895911,0.38661710037174724,0.5139405204460966,0.5408921933085502,0.5631970260223048,0.7788104089219331,0.5433901054339011,0.2862453531598513,0.7695167286245354,0.7713754646840149,.250,.456,11.9,11.6,27.652733118971067,88.3,35.7,23.8,12,32,.230,.340,.468,.253,6.8,10,17,6,0,29,8,35,269,86,0.46471599999999996,0.683398,0.80791,0.135972
Tanner Dodson,ATH,,28,283,234,1124,.319,.327,0.137546468401487,0.5500647718513293,0.7555762081784386,0.5004055150040552,0.379182156133829,0.4358736059479554,0.6775092936802974,0.7574349442379182,0.23605947955390336,0.37732342007434944,0.7592936802973977,0.8280669144981413,0.3550185873605948,0.9897769516728625,0.3048327137546468,0.2643957826439578,0.34014869888475835,0.26765799256505574,0.24349442379182157,.235,.323,4,14.8,26.24223602484472,86.6,29.9,20.5,1,24.5,.239,.367,.355,.305,2.5,7,42,8,5,56,3,58,482,118,0.427936,0.67623,0.866667,0.0951957
Austin Kitchen,SEA,,28,185,171,699,.289,.288,0.13568773234200743,0.5389898028302637,0.64567843866171,0.5004055150040552,0.7053903345724907,0.20260223048327136,0.5604089219330854,0.8680297397769516,0.8912639405204461,0.6319702602230484,0.5548327137546468,0.5994423791821561,0.08736059479553904,0.8169144981412639,0.04925650557620818,0.25060827250608275,0.7825278810408922,0.011152416356877323,0.02973977695167286,.255,.344,2.8,7,28.490028490028486,87.5,34.5,14.6,7,18.5,.251,.303,.351,.282,2.2,4,13,4,2,43,3,27,308,57,0.42528699999999997,0.608696,0.9642860000000001,0.05747130000000001
Hogan Harris,ATH,,28,264,222,1060,.321,.365,0.13382899628252787,0.48113664297896247,0.6647304832713754,0.5004055150040552,0.3596654275092937,0.3745353159851301,0.5278810408921933,0.6849442379182156,0.25650557620817843,0.2732342007434944,0.6700743494423792,0.7760223048327137,0.5827137546468402,0.34851301115241634,0.4191449814126394,0.4825628548256286,0.5018587360594795,0.7657992565055762,0.4163568773234201,.240,.349,4.5,14.4,24.75822050290136,87,31.2,24.6,15,25.9,.275,.386,.441,.353,2.7,7,38,11,1,61,8,65,487,126,0.458216,0.65666,0.808571,0.107981
Brett de Geus,FA,,27,172,156,646,.295,.323,0.13197026022304834,0.49414779539531933,0.5659851301115242,0.5004055150040552,0.6477695167286245,0.40613382899628253,0.5278810408921933,0.662639405204461,0.800185873605948,0.20074349442379183,0.6700743494423792,0.4033457249070632,0.11338289962825279,0.9739776951672863,0.023234200743494422,0.4663422546634226,0.43866171003717475,0.0687732342007435,0.03903345724907063,.237,.349,4.7,8.1,23.642172523961662,87,37,15.7,2,16.7,.282,.349,.378,.325,3.5,6,14,4,1,44,3,27,299,50,0.45681400000000005,0.665428,0.905028,0.0633397
Matt Tabor,FA,,27,41,32,167,.327,.426,0.13011152416356878,0.3052537433507097,0.44028810408921937,0.5004055150040552,0.30018587360594795,0.4228624535315985,0.620817843866171,0.7732342007434945,0.09014869888475836,0.17565055762081785,0.03810408921933085,0.32899628252788105,0.1607806691449814,0.13011152416356878,0.12174721189591078,0.28386050283860503,0.49070631970260226,0.275092936802974,0.08550185873605948,.236,.335,3.8,19.5,23.07692307692308,91.1,38.5,17.1,19,20.8,.344,.463,.531,.400,2.4,1,8,1,1,11,1,7,72,15,0.431138,0.6582279999999999,0.8653850000000001,0.0778443
John Michael Bertrand,SFG,,27,41,36,162,.298,.213,0.12825278810408922,0.5035963703643405,0.7367565055762082,0.5004055150040552,0.5966542750929368,0.3903345724907063,0.6933085501858736,0.820631970260223,0.4154275092936803,0.031598513011152414,0.7592936802973977,0.6737918215613383,0.08736059479553904,0.9990706319702602,0.07527881040892194,0.1897810218978102,0.7397769516728625,0.17936802973977695,0.046468401486988845,.238,.321,3.3,12.2,18.29268292682927,86.6,33.3,14.6,0,19.4,.167,.268,.167,.200,2.4,1,5,0,0,6,0,6,67,13,0.41358,0.617284,0.88,0.0679012
Xzavion Curry,COL,,27,268,236,1015,.365,.393,0.12639405204460966,0.19171594905083358,0.03787174721189591,0.5004055150040552,0.10408921933085502,0.08550185873605948,0.039962825278810406,0.07434944237918216,0.6421933085501859,0.25929368029739774,0.013011152416356878,0.024163568773234202,0.25743494423791824,0.09014869888475836,0.2100371747211896,0.8329278183292782,0.12825278810408922,0.1691449814126394,0.4052044609665427,.272,.492,11.1,9.7,24.63768115942029,92.3,52.1,18.7,20,22.7,.275,.348,.589,.279,7.8,21,26,19,2,65,17,50,510,116,0.503371,0.7136359999999999,0.882166,0.106742
Jack Cushing,ATH,,28,146,130,575,.308,.333,0.12453531598513011,0.4043863331896192,0.441682156133829,0.5004055150040552,0.48698884758364314,0.2379182156133829,0.5027881040892194,0.9033457249070632,0.5157992565055762,0.13197026022304834,0.1812267657992565,0.17936802973977695,0.6310408921933085,0.34851301115241634,0.23327137546468402,0.4322789943227899,0.741635687732342,0.10687732342007435,0.17286245353159851,.251,.352,2.2,11,22.30483271375465,89.4,41.3,25.3,15,23.2,.262,.342,.415,.344,1.4,2,16,11,0,34,3,37,259,60,0.45138900000000004,0.617089,0.897436,0.08854169999999999
Hayden Seig,LAA,,27,54,49,185,.382,.392,0.12267657992565056,0.31795510642381997,0.3027416356877324,0.5004055150040552,0.06319702602230483,0.0037174721189591076,0.031598513011152414,0.3020446096654275,0.9572490706319703,0.17843866171003717,0.20353159851301114,0.6737918215613383,0.06133828996282528,0.8169144981412639,0.023234200743494422,0.8418491484184915,0.01858736059479554,0.10223048327137546,0.06691449814126393,.331,.498,7.1,5.6,23.157894736842106,89.2,33.3,13,7,16.7,.347,.389,.531,.381,5.6,3,3,6,0,17,1,7,96,16,0.505319,0.766667,0.898551,0.07446810000000001
Nick Garcia,FA,,26,107,85,436,.376,.391,0.120817843866171,0.2702475475638447,0.3180762081784387,0.5004055150040552,0.07063197026022305,0.09572490706319703,0.16356877323420074,0.14869888475836432,0.08736059479553904,0.09107806691449814,0.38661710037174724,0.5734200743494424,0.20446096654275092,0.6254646840148699,0.2955390334572491,0.1978913219789132,0.7881040892193308,0.3587360594795539,0.20260223048327136,.270,.414,9.1,19.6,21.621621621621625,88.3,34.8,17.8,11,24.2,.259,.411,.482,.290,5.6,6,21,5,1,22,4,19,182,44,0.415525,0.608295,0.8560610000000001,0.0913242
Cody Morris,FA,,28,170,141,761,.330,.288,0.11895910780669144,0.43025374335070965,0.4140334572490707,0.5004055150040552,0.2704460966542751,0.45353159851301117,0.4117100371747212,0.5724907063197026,0.21654275092936803,0.1579925650557621,0.3429368029739777,0.32899628252788105,0.7276951672862454,0.48977695167286245,0.6905204460966543,0.27656123276561234,0.4795539033457249,0.6319702602230484,0.5390334572490706,.234,.362,5.2,15.3,22.769953051643192,88.5,38.5,27.1,13,30.1,.199,.329,.291,.269,2.9,5,26,4,0,28,3,46,329,99,0.42969799999999997,0.659884,0.823789,0.116951
Tyler McKay,FA,,28,145,122,575,.327,.282,0.1171003717472119,0.38572152525901204,0.3622211895910781,0.5004055150040552,0.30018587360594795,0.36338289962825276,0.4340148698884758,0.5269516728624535,0.39219330855018586,0.17286245353159851,0.2174721189591078,0.2704460966542751,0.43866171003717475,0.7741635687732342,0.2379182156133829,0.21654501216545013,0.8977695167286245,0.20631970260223048,0.16728624535315986,.241,.360,5.6,12.4,23.02405498281787,89.1,39.3,22.1,8,23.3,.213,.324,.287,.267,3.4,5,18,3,0,26,2,32,240,56,0.419411,0.578767,0.87574,0.0883882
Tyler Woessner,FA,,26,193,155,780,.356,.395,0.11524163568773234,0.29580516838168863,0.44911710037174724,0.5004055150040552,0.14776951672862454,0.3299256505576208,0.21933085501858737,0.40892193308550184,0.14776951672862454,0.05390334572490706,0.578996282527881,0.5892193308550185,0.09572490706319703,0.41356877323420077,0.06412639405204461,0.16463909164639093,0.6840148698884758,0.13011152416356878,0.04460966542750929,.244,.397,6.3,17.6,20.095693779904302,87.4,34.6,15,14,19.2,.277,.415,.490,.288,4.1,8,34,4,1,43,9,29,318,61,0.40589000000000003,0.629526,0.889381,0.0665813
Jhony Brito,SDP,,27,73,63,279,.375,.433,0.11338289962825279,0.4002816243916019,0.4681691449814126,0.5004055150040552,0.0724907063197026,0.05204460966542751,0.06505576208178439,0.2695167286245353,0.4024163568773234,0.7044609665427509,0.6505576208178439,0.887546468401487,0.04925650557620818,0.9897769516728625,0.15985130111524162,0.8596918085969181,0.44423791821561337,0.44609665427509293,0.36617100371747213,.288,.469,7.5,12.3,29.16666666666667,87.1,28.3,12.3,1,21.8,.349,.438,.571,.385,5.5,4,9,6,1,22,2,9,142,31,0.508961,0.664516,0.8446600000000001,0.10394300000000001
Alec Gamboa,LAD,,28,311,276,1176,.297,.303,0.11152416356877323,0.5440238796580207,0.7467472118959109,0.5004055150040552,0.6180297397769516,0.3382899628252788,0.6050185873605948,0.7574349442379182,0.6180297397769516,0.6301115241635687,0.8587360594795539,0.7657992565055762,0.12360594795539033,0.5631970260223048,0.1496282527881041,0.7599351175993512,0.10223048327137546,0.26394052044609667,0.19516728624535315,.243,.338,4,10,28.48,85.7,31.4,16.4,12,21.6,.254,.329,.351,.299,2.9,9,31,16,1,70,3,51,579,125,0.492803,0.719858,0.8669950000000001,0.09060119999999999
Daniel Lynch IV,KCR,,28,490,452,1863,.287,.317,0.10966542750929369,0.5066942637968063,0.46607806691449816,0.5004055150040552,0.7184014869888475,0.4358736059479554,0.42193308550185876,0.44609665427509293,0.921003717472119,0.42379182156133827,0.3652416356877323,0.6310408921933085,0.29646840148698883,0.7304832713754646,0.1895910780669145,0.7347931873479319,0.20446096654275092,0.4070631970260223,0.3271375464684015,.235,.361,6.1,6.5,26.66666666666667,88.4,34.1,19.4,9,22.3,.257,.307,.427,.293,4.5,22,32,26,3,116,15,95,915,204,0.489555,0.6969069999999999,0.850592,0.101232
Josiah Gray,WSN,,27,38,35,145,.334,.327,0.10780669144981413,0.24012053393311364,0.07295539033457249,0.5004055150040552,0.23605947955390336,0.11338289962825279,0.03531598513011153,0.12732342007434944,0.9925650557620818,0.33643122676579923,0.05483271375464684,0.07434944237918216,0.06784386617100371,0.06598513011152417,0.27695167286245354,0.9148418491484184,0.0037174721189591076,0.24814126394052044,0.34386617100371747,.267,.495,9.7,2.6,25.64102564102564,90.7,45.2,13.2,21,24,.257,.289,.486,.241,7.9,3,1,2,0,9,2,5,75,18,0.520548,0.818182,0.8703700000000001,0.10274000000000001
Zac Kristofak,FA,,27,77,72,282,.281,.317,0.10594795539033457,0.41011743603968115,0.4621282527881041,0.5004055150040552,0.7685873605947955,0.5473977695167286,0.39684014869888473,0.37825278810408924,0.921003717472119,0.024163568773234202,0.5371747211895911,0.5362453531598513,0.06133828996282528,0.23048327137546468,0.019516728624535316,0.1950527169505272,0.828996282527881,0.040892193308550186,0.03345724907063197,.225,.364,6.5,6.5,17.29323308270677,87.6,35.5,13,17,16.2,.264,.312,.417,.283,5.2,4,5,5,0,19,2,10,117,19,0.414894,0.6,0.916667,0.060283699999999996
Chris Rodriguez,CHW,,27,167,135,635,.362,.395,0.10408921933085502,0.2882153294721471,0.30227695167286245,0.5004055150040552,0.11431226765799256,0.1496282527881041,0.19052044609665428,0.37825278810408924,0.13382899628252787,0.1654275092936803,0.3429368029739777,0.29739776951672864,0.14869888475836432,0.6254646840148699,0.4117100371747212,0.20843471208434716,0.7490706319702602,0.5037174721189591,0.31970260223048325,.262,.407,6.5,18,22.857142857142854,88.5,38.9,16.8,11,25.8,.281,.413,.496,.314,4.2,7,30,11,0,38,6,28,267,69,0.418239,0.616129,0.8376959999999999,0.100629
Stephen Jones,SDP,,28,132,102,552,.390,.488,0.10223048327137546,0.28016080654773573,0.16798327137546468,0.5004055150040552,0.048327137546468404,0.03717472118959108,0.10594795539033457,0.40892193308550184,0.12732342007434944,0.34572490706319703,0.10687732342007435,0.05018587360594796,0.31226765799256506,0.5631970260223048,0.7555762081784386,0.4760746147607461,0.40892193308550184,0.79182156133829,0.6598513011152416,.302,.435,6.3,18.2,25.732899022801305,90.1,47.5,19.7,12,31.5,.402,.508,.667,.480,3.8,5,24,10,1,41,5,26,251,79,0.457658,0.6679999999999999,0.802395,0.126126
John Doxakis,FA,,27,151,114,617,.388,.396,0.10037174721189591,0.3317407321982933,0.40845724907063197,0.5004055150040552,0.05297397769516728,0.13382899628252787,0.10315985130111524,0.09665427509293681,0.11988847583643122,0.13940520446096655,0.870817843866171,0.5631970260223048,0.3271375464684015,0.8169144981412639,0.25650557620817843,0.1192214111922141,0.8438661710037175,0.11524163568773234,0.12267657992565056,.264,.439,10.5,18.5,22.507122507122507,85.6,34.9,19.9,7,23.7,.281,.440,.456,.341,6,9,28,6,1,32,4,30,241,57,0.390323,0.597015,0.89375,0.083871
Peyton Battenfield,FA,,28,532,472,1897,.334,.405,0.09851301115241635,0.34924383009172577,0.44052044609665425,0.5004055150040552,0.23605947955390336,0.09572490706319703,0.120817843866171,0.46189591078066916,0.7592936802973977,0.5018587360594795,0.5548327137546468,0.6245353159851301,0.09572490706319703,0.13011152416356878,0.10966542750929369,0.7518248175182481,0.05762081784386617,0.15613382899628253,0.23234200743494424,.270,.429,6,8.6,27.32732732732733,87.5,34.2,15,19,20.6,.316,.374,.591,.322,4.5,24,46,29,7,149,29,80,934,192,0.491597,0.730853,0.8847309999999999,0.0945378
Matt Sauer,LAD,,26,53,44,220,.403,.523,0.09665427509293681,0.15562549056260558,0.07434944237918215,0.5004055150040552,0.031598513011152414,0.0055762081784386614,0.048327137546468404,0.18587360594795538,0.22676579925650558,0.08550185873605948,0.01858736059479554,0.04460966542750929,0.15427509293680297,0.17657992565055763,0.38940520446096655,0.16991078669910786,0.7639405204460966,0.3345724907063197,0.24535315985130113,.328,.486,8.6,15.1,21.428571428571427,91.7,48.6,17,18,25.6,.409,.500,.750,.452,5.7,3,8,3,0,18,4,9,90,23,0.409091,0.612069,0.8591549999999999,0.0954546
Cam Sanders,PIT,,28,173,130,702,.357,.411,0.09479553903345725,0.36930269006694266,0.14428438661710039,0.5004055150040552,0.13847583643122677,0.7555762081784386,0.3308550185873606,0.06412639405204461,0.04275092936802974,0.08550185873605948,0.0724907063197026,0.10966542750929369,0.8057620817843866,0.6254646840148699,0.9005576208178439,0.0948905109489051,0.9191449814126395,0.7388475836431226,0.6654275092936803,.205,.377,11.3,22.5,21.428571428571427,90.5,43.8,28.9,11,35.5,.269,.445,.492,.378,5.2,9,39,8,0,35,7,50,265,94,0.375533,0.571429,0.8125,0.1266
Ryan Langford,FA,,26,34,29,124,.328,.279,0.09293680297397769,0.2997549825080827,0.32829925650557623,0.5004055150040552,0.29182156133828996,0.3745353159851301,0.29739776951672864,0.06133828996282528,0.24070631970260223,0.12174721189591078,0.3652416356877323,0.5892193308550185,0.01486988847583643,0.6254646840148699,0.11431226765799256,0.570154095701541,0.12453531598513011,0.8039033457249071,0.27695167286245354,.240,.381,11.5,14.7,22.058823529411764,88.4,34.6,8.8,11,20.7,.207,.324,.276,.231,8.8,3,5,2,0,6,0,3,58,12,0.467742,0.714286,0.8,0.09677419999999999
Aaron Shortridge,FA,,28,215,192,788,.295,.330,0.09107806691449814,0.37286526751427845,0.28926579925650553,0.5004055150040552,0.6477695167286245,0.6310408921933085,0.3159851301115242,0.3020446096654275,0.6830855018587361,0.25650557620817843,0.25092936802973975,0.28810408921933084,0.2537174721189591,0.17657992565055763,0.16821561338289961,0.4809407948094079,0.4516728624535316,0.055762081784386616,0.15613382899628253,.218,.379,7.1,9.3,24.623115577889447,88.9,39,18.6,18,21.9,.250,.321,.443,.279,5.1,11,20,12,2,48,7,40,365,80,0.45812200000000003,0.664122,0.911877,0.08756339999999999
Abdiel Mendoza,MIL,,27,26,20,105,.369,.352,0.08921933085501858,0.29681198374724005,0.12197955390334572,0.5004055150040552,0.09014869888475836,0.8187732342007435,0.08550185873605948,0.008364312267657992,0.10130111524163568,0.01486988847583643,0.1524163568773234,0.241635687732342,0.28810408921933084,0.7741635687732342,0.48605947955390333,0.060016220600162214,0.9646840148698885,0.23884758364312267,0.0762081784386617,.195,.447,20,19.2,15.789473684210524,89.7,40,19.2,8,27,.150,.346,.450,.077,11.5,3,5,0,0,3,2,5,37,10,0.352381,0.54386,0.8709680000000001,0.0761905
Chase Silseth,LAA,,25,131,110,465,.362,.395,0.08736059479553904,0.18203503207437763,0.15636617100371747,0.5004055150040552,0.11431226765799256,0.07992565055762081,0.08364312267657993,0.2016728624535316,0.30576208178438663,0.06133828996282528,0.17193308550185873,0.16821561338289961,0.04553903345724907,0.41356877323420077,0.03810408921933085,0.3584752635847526,0.36059479553903345,0.020446096654275093,0.03717472118959108,.274,.449,8.3,13.7,20.24793388429752,89.5,41.7,12.2,14,18,.300,.397,.527,.300,6.1,8,18,5,1,33,6,16,205,37,0.44086000000000003,0.674009,0.9346409999999999,0.06236559999999999
Nick Mikolajchak,FA,,27,160,138,672,.331,.339,0.08550185873605948,0.2834135946518249,0.36082713754646845,0.5004055150040552,0.26394052044609667,0.1421933085501859,0.2825278810408922,0.40892193308550184,0.354089219330855,0.2379182156133829,0.10687732342007435,0.6449814126394052,0.11895910780669144,0.13011152416356878,0.2100371747211896,0.3609083536090835,0.3680297397769517,0.4739776951672863,0.2695167286245353,.263,.383,6.3,13.1,24.46808510638298,90.1,33.9,16.3,19,22.7,.261,.356,.413,.294,4.4,7,21,7,1,36,4,26,300,68,0.441308,0.673139,0.8413459999999999,0.0965825
Bryan Chi,FA,,26,48,33,189,.459,.592,0.08364312267657993,0.24771037284265515,0.3015799256505576,0.5004055150040552,0.0055762081784386614,0.03345724907063197,0.01858736059479554,0.03531598513011153,0.06319702602230483,0.4079925650557621,0.7908921933085502,0.36152416356877326,0.05483271375464684,0.41356877323420077,0.2871747211895911,0.3422546634225466,0.2620817843866171,0.05390334572490706,0.31226765799256506,.305,.551,13.8,20.8,26.548672566371685,86.3,37.9,12.5,14,24.1,.424,.574,.939,.440,8.3,4,10,4,2,14,3,6,83,20,0.43915299999999996,0.686747,0.9122809999999999,0.100529
Stevie Branche,FA,,28,137,107,557,.357,.405,0.08178438661710037,0.366592033313535,0.47142193308550184,0.5004055150040552,0.13847583643122677,0.3382899628252788,0.3856877323420074,0.7648698884758365,0.0845724907063197,0.00929368029739777,0.31691449814126393,0.41821561338289964,0.4674721189591078,0.5631970260223048,0.4117100371747212,0.08921330089213303,0.9089219330855018,0.7843866171003717,0.20446096654275092,.243,.367,3.9,19.7,13.98601398601399,88.6,36.8,22.6,12,25.8,.271,.431,.495,.338,2.2,3,27,9,0,29,5,31,209,54,0.37276,0.576271,0.805882,0.09139789999999999
Kevin Kopps,SDP,,28,244,197,905,.337,.366,0.07992565055762081,0.4945350320743776,0.7239776951672863,0.5004055150040552,0.22304832713754646,0.1737918215613383,0.4637546468401487,0.7490706319702602,0.20353159851301114,0.6245353159851301,0.8587360594795539,0.8243494423791822,0.07434944237918216,0.9340148698884758,0.3048327137546468,0.3665855636658557,0.6728624535315985,0.16635687732342008,0.2825278810408922,.259,.357,4.1,15.6,28.427419354838708,85.7,30,13.5,4,24.5,.289,.402,.431,.315,2.9,7,38,13,0,57,5,33,404,99,0.442605,0.631188,0.882353,0.0971302
Collin Lowe,FA,,27,34,29,119,.393,.511,0.07806691449814127,0.2792314385179959,0.21073420074349444,0.5004055150040552,0.04460966542750929,0.022304832713754646,0.05762081784386617,0.3020446096654275,0.44981412639405205,0.5111524163568774,0.3429368029739777,0.14033457249070633,0.0018587360594795538,0.9739776951672863,0.0037174721189591076,0.5924574209245742,0.4275092936802974,0.09386617100371747,0.01858736059479554,.313,.473,7.1,11.8,27.41935483870968,88.5,42.9,2.9,2,12.5,.483,.559,.621,.481,5.9,2,4,1,0,14,1,1,56,7,0.470588,0.666667,0.9,0.0504202
Nolan Watson,FA,,28,160,145,569,.350,.394,0.0762081784386617,0.28883490815864027,0.10432156133828997,0.5004055150040552,0.1691449814126394,0.11338289962825279,0.05483271375464684,0.07434944237918216,0.800185873605948,0.4033457249070632,0.2174721189591078,0.07063197026022305,0.5408921933085502,0.48977695167286245,0.031598513011152414,0.3779399837793999,0.7360594795539034,0.03531598513011153,0.06133828996282528,.267,.476,11.1,8.1,26.51515151515152,89.1,45.4,23.8,13,17.3,.276,.338,.600,.299,7.5,12,13,14,0,40,11,38,255,44,0.44464,0.617747,0.917127,0.0738137
Fineas Del Bonta-Smith,FA,,28,145,125,571,.313,.396,0.07434944237918216,0.3623324298438943,0.3152881040892193,0.5004055150040552,0.4349442379182156,0.3745353159851301,0.2732342007434944,0.3131970260223048,0.5157992565055762,0.4851301115241636,0.27137546468401486,0.4033457249070632,0.29182156133828996,0.41356877323420077,0.07063197026022305,0.8183292781832928,0.13847583643122677,0.23605947955390336,0.18029739776951673,.240,.384,7,11,27.20588235294117,88.8,37,19.3,14,19.3,.296,.372,.568,.323,4.8,7,16,13,0,37,7,28,285,55,0.5008729999999999,0.708738,0.8721459999999999,0.0890052
Houston Harding,LAA,,27,80,70,302,.370,.446,0.0724907063197026,0.21611185983150275,0.18982342007434944,0.5004055150040552,0.0845724907063197,0.09572490706319703,0.03717472118959108,0.11431226765799256,0.3847583643122677,0.5483271375464684,0.1812267657992565,0.42657992565055763,0.05483271375464684,0.13011152416356878,0.03531598513011153,0.7011354420113545,0.11524163568773234,0.12453531598513011,0.048327137546468404,.270,.493,10,12.5,27.710843373493976,89.4,36.7,12.5,19,17.7,.343,.425,.629,.357,7.5,6,10,8,0,24,4,10,147,26,0.485149,0.716312,0.8910889999999999,0.06930689999999999
Zach Barnes,ARI,,26,90,74,343,.430,.444,0.07063197026022305,0.1991508932887518,0.06830855018587362,0.5004055150040552,0.010223048327137546,0.012081784386617101,0.016728624535315983,0.14033457249070633,0.3382899628252788,0.10594795539033457,0.09014869888475836,0.026022304832713755,0.04553903345724907,0.8169144981412639,0.2871747211895911,0.2392538523925385,0.49256505576208176,0.09386617100371747,0.25092936802973975,.323,.555,9.4,13.3,21.827411167512693,90.3,51.6,12.2,7,24.1,.365,.467,.568,.393,6.7,6,12,6,0,27,3,11,145,35,0.423188,0.657895,0.9,0.09565219999999999
Troy Watson,DET,,28,370,315,1553,.344,.426,0.0687732342007435,0.2591725785427791,0.15357806691449816,0.5004055150040552,0.19237918215613384,0.2527881040892193,0.1171003717472119,0.10780669144981413,0.3596654275092937,0.3271375464684015,0.19052044609665428,0.19888475836431227,0.42657992565055763,0.23048327137546468,0.20631970260223048,0.28304947283049475,0.8364312267657993,0.41821561338289964,0.3048327137546468,.250,.432,10.1,13,25.537294563843236,89.3,40.9,21.9,17,22.6,.321,.411,.597,.374,6.5,24,48,22,4,101,19,81,664,150,0.43094799999999994,0.598616,0.8497110000000001,0.0998336
Levi Stoudt,FA,,27,296,256,1134,.344,.401,0.06691449814126393,0.2702475475638447,0.28113382899628253,0.5004055150040552,0.19237918215613384,0.31691449814126393,0.10315985130111524,0.1050185873605948,0.4154275092936803,0.3308550185873606,0.3429368029739777,0.5734200743494424,0.1691449814126394,0.09014869888475836,0.10315985130111524,0.7055961070559611,0.14312267657992564,0.8605947955390335,0.6440520446096655,.245,.439,10.3,12.2,25.561312607944732,88.5,34.8,17.2,20,20.2,.281,.375,.566,.280,7.1,21,36,9,2,72,20,51,514,104,0.48557700000000004,0.708333,0.779412,0.125
Colby White,FA,,27,46,34,189,.468,.449,0.06505576208178439,0.18443589948453867,0.007434944237918215,0.5004055150040552,0.0037174721189591076,0.026022304832713755,0.007434944237918215,0.0055762081784386614,0.05018587360594796,0.007434944237918215,0.0037174721189591076,0.013011152416356878,0.40985130111524165,0.7741635687732342,0.4117100371747212,0.051905920519059214,0.9721189591078067,0.9591078066914498,0.1895910780669145,.310,.600,20.8,21.7,13.861386138613865,94.6,54.2,21.7,8,25.8,.294,.478,.559,.333,10.9,5,10,0,0,10,3,10,66,17,0.338624,0.534091,0.744681,0.0899471
Nick Payero,SEA,,25,41,37,153,.426,.426,0.06319702602230483,0.13494705190089556,0.07876394052044611,0.5004055150040552,0.01486988847583643,0.007434944237918215,0.0037174721189591076,0.028810408921933085,0.6282527881040892,0.05204460966542751,0.1421933085501859,0.14033457249070633,0.0037174721189591076,0.09014869888475836,0.007434944237918215,0.2875101378751014,0.08550185873605948,0.07713754646840149,0.01486988847583643,.327,.610,14.3,9.8,19.767441860465123,89.8,42.9,4.9,20,13.6,.297,.366,.649,.250,12.2,5,4,4,0,11,3,2,66,9,0.43137299999999995,0.722222,0.9038459999999999,0.045751599999999996
Nash Walters,FA,,28,61,54,257,.298,.398,0.06133828996282528,0.3652754286047369,0.36988847583643125,0.5004055150040552,0.5966542750929368,0.5473977695167286,0.4637546468401487,0.6849442379182156,0.4711895910780669,0.19144981412639406,0.13197026022304834,0.19888475836431227,0.12360594795539033,0.41356877323420077,0.05947955390334572,0.1184103811841038,0.949814126394052,0.05018587360594796,0.06319702602230483,.225,.357,4.5,11.5,23.484848484848484,89.9,40.9,16.4,14,19,.296,.377,.556,.317,3.3,2,7,5,0,16,3,10,100,19,0.38910500000000003,0.5564520000000001,0.913043,0.07393
Juan Then,FA,,25,32,24,112,.423,.540,0.05947955390334572,0.22052635797276668,0.17983271375464682,0.5004055150040552,0.016728624535315983,0.2527881040892193,0.026022304832713755,0.0037174721189591076,0.048327137546468404,0.041821561338289966,0.27137546468401486,0.41821561338289964,0.10966542750929369,0.8169144981412639,0.14033457249070633,0.2177615571776156,0.47769516728624534,0.5892193308550185,0.05390334572490706,.250,.530,21.1,21.9,19.354838709677423,88.8,36.8,15.6,7,21.3,.333,.500,.833,.267,12.5,4,7,0,0,8,4,5,47,10,0.41964300000000004,0.660377,0.828571,0.07142860000000001
Morgan McSweeney,MIA,,28,28,25,100,.384,.288,0.05762081784386617,0.2872859614424073,0.2495353159851301,0.5004055150040552,0.05855018587360595,0.015799256505576207,0.05483271375464684,0.6849442379182156,0.5594795539033457,0.5752788104089219,0.19052044609665428,0.06784386617100371,0.027881040892193308,0.6802973977695167,0.031598513011152414,0.9128142741281428,0.10037174721189591,0.3187732342007435,0.19237918215613384,.321,.476,4.5,10.7,28.000000000000004,89.3,45.5,10.7,10,17.3,.240,.321,.320,.273,3.6,1,3,0,1,6,0,3,52,9,0.52,0.72,0.8611110000000001,0.09
J.C. Flowers,FA,,27,111,81,431,.394,.448,0.055762081784386616,0.27140925760101947,0.33736059479553904,0.5004055150040552,0.040892193308550186,0.05855018587360595,0.17193308550185873,0.8494423791821561,0.0362453531598513,0.02973977695167286,0.16263940520446096,0.1654275092936803,0.08271375464684015,0.9024163568773235,0.25650557620817843,0.154095701540957,0.6022304832713755,0.29739776951672864,0.13940520446096655,.282,.412,3,23.4,18.02575107296137,89.6,41.8,14.4,5,23.7,.333,.495,.543,.365,1.8,2,26,5,0,27,4,16,173,41,0.403712,0.642157,0.8625950000000001,0.08584689999999999
Blair Henley,FA,,28,304,250,1184,.369,.390,0.05390334572490706,0.2763658870929649,0.15427509293680297,0.5004055150040552,0.09014869888475836,0.07713754646840149,0.13475836431226765,0.2695167286245353,0.2983271375464684,0.2137546468401487,0.1524163568773234,0.0604089219330855,0.34014869888475835,0.7304832713754646,0.44888475836431224,0.2035685320356853,0.8141263940520446,0.27695167286245354,0.34944237918215615,.275,.423,7.5,13.8,23.85466034755134,89.7,46,20.1,9,26.4,.284,.408,.484,.339,4.6,14,42,16,2,71,10,61,496,131,0.41687799999999997,0.602888,0.8652690000000001,0.10295399999999999
Garvin Alston,FA,,28,80,68,328,.326,.322,0.05204460966542751,0.3435901745774754,0.34781598513011147,0.5004055150040552,0.31226765799256506,0.7137546468401487,0.39684014869888473,0.13382899628252787,0.2983271375464684,0.19609665427509293,0.27137546468401486,0.5892193308550185,0.395910780669145,0.09014869888475836,0.22490706319702602,0.2262773722627737,0.7657992565055762,0.23884758364312267,0.20631970260223048,.209,.364,9.6,13.8,23.529411764705877,88.8,34.6,21.3,20,23,.221,.325,.412,.245,6.3,5,11,2,1,15,3,17,139,32,0.420732,0.611842,0.8709680000000001,0.09146339999999999
Chris Vallimont,FA,,28,199,169,766,.356,.418,0.05018587360594796,0.2906936442181199,0.31226765799256506,0.5004055150040552,0.14776951672862454,0.16635687732342008,0.09665427509293681,0.3643122676579926,0.3131970260223048,0.4591078066914498,0.5548327137546468,0.23327137546468402,0.12732342007434944,0.06598513011152417,0.4591078066914498,0.7510137875101379,0.05204460966542751,0.6691449814126395,0.5594795539033457,.260,.442,6.6,13.6,26.980198019801986,87.5,40.1,16.6,21,26.6,.308,.407,.574,.325,4.5,9,27,12,0,52,11,33,380,101,0.491525,0.733154,0.819853,0.118644
Tyler Baum,ATH,,27,54,42,199,.400,.458,0.048327137546468404,0.35884729973237023,0.6138475836431228,0.5004055150040552,0.03717472118959108,0.055762081784386616,0.08828996282527882,0.5074349442379182,0.0762081784386617,0.29460966542750927,0.9237918215613383,0.9358736059479554,0.06133828996282528,0.7304832713754646,0.09479553903345725,0.1030008110300081,0.9423791821561338,0.42657992565055763,0.0687732342007435,.285,.446,5.7,20.4,25,84.6,25.7,13,9,20,.310,.463,.619,.313,3.7,2,11,2,1,13,3,7,75,15,0.38,0.560976,0.847826,0.075
Cesar Gomez,ARI,,27,66,51,259,.394,.491,0.046468401486988845,0.2464712154696688,0.3768587360594795,0.5004055150040552,0.040892193308550186,0.01858736059479554,0.11245353159851301,0.7053903345724907,0.0845724907063197,0.09479553903345725,0.16263940520446096,0.5269516728624535,0.04275092936802974,0.6254646840148699,0.04275092936802974,0.21248986212489865,0.6914498141263941,0.3215613382899628,0.05947955390334572,.320,.433,4.4,19.7,21.67832167832168,89.6,35.6,12.1,11,18.3,.451,.554,.588,.512,3,2,13,4,0,23,1,8,109,20,0.419231,0.626984,0.860759,0.07307689999999999
Reid Birlingmair,FA,,28,102,78,402,.342,.462,0.04460966542750929,0.4622394930409204,0.783457249070632,0.5004055150040552,0.20074349442379183,0.47769516728624534,0.5920074349442379,0.6421933085501859,0.06691449814126393,0.1821561338289963,0.9684014869888475,0.9312267657992565,0.19144981412639406,0.23048327137546468,0.5631970260223048,0.4460665044606649,0.0687732342007435,0.6765799256505576,0.47026022304832715,.232,.340,4.8,20.6,23.27586206896552,83.3,25.8,17.6,17,28,.359,.490,.603,.414,2.9,3,21,5,1,28,4,18,182,51,0.45273599999999997,0.7257140000000001,0.8188979999999999,0.11194000000000001
Adam Wolf,FA,,28,38,28,155,.312,.342,0.04275092936802974,0.43582995152914833,0.43052973977695164,0.5004055150040552,0.4479553903345725,0.9637546468401487,0.9516728624535316,0.5659851301115242,0.0604089219330855,0.15427509293680297,0.1524163568773234,0.05204460966542751,0.38104089219330856,0.8169144981412639,0.18308550185873607,0.0543390105433901,0.9572490706319703,0.46933085501858735,0.07806691449814127,.156,.231,5.3,21.1,22.680412371134018,89.7,47.4,21.1,7,22.2,.214,.421,.286,.300,2.6,1,8,2,0,6,0,8,54,12,0.346154,0.550725,0.8421049999999999,0.07692310000000001
Austin Bergner,DET,,28,163,135,682,.354,.430,0.040892193308550186,0.30192350791080874,0.33596654275092935,0.5004055150040552,0.1579925650557621,0.22676579925650558,0.13475836431226765,0.1607806691449814,0.18308550185873607,0.08921933085501858,0.5213754646840149,0.5269516728624535,0.3420074349442379,0.41356877323420077,0.36617100371747213,0.23519870235198706,0.6115241635687733,0.5762081784386617,0.29182156133828996,.252,.423,8.9,16,21.60664819944598,87.7,35.6,20.2,14,25.3,.333,.442,.563,.408,5.5,9,26,12,2,45,5,33,289,73,0.42228699999999997,0.6413369999999999,0.829384,0.0982405
Logan Rinehart,BAL,,28,36,27,133,.343,.367,0.03903345724907063,0.35915708907561666,0.4732806691449814,0.5004055150040552,0.19888475836431227,0.29460966542750927,0.6663568773234201,0.6849442379182156,0.04553903345724907,0.06319702602230483,0.3429368029739777,0.19888475836431227,0.137546468401487,0.9572490706319703,0.21933085501858737,0.0624493106244931,0.8940520446096655,0.30855018587360594,0.10966542750929369,.247,.325,4.5,22.2,20.253164556962027,88.5,40.9,16.7,3,22.9,.259,.417,.407,.286,2.8,1,8,1,0,7,1,6,48,11,0.353383,0.58,0.8620690000000001,0.0827068
Drake Fellows,PIT,,27,54,43,203,.360,.306,0.03717472118959108,0.24577418944736398,0.34386617100371747,0.5004055150040552,0.12267657992565056,0.16635687732342008,0.08178438661710037,0.21561338289962825,0.16356877323420074,0.05947955390334572,0.7118959107806692,0.36617100371747213,0.09293680297397769,0.23048327137546468,0.2379182156133829,0.24330900243309006,0.19144981412639406,0.6356877323420075,0.2955390334572491,.260,.454,8.1,16.7,20.175438596491226,86.8,37.8,14.8,17,23.3,.233,.352,.326,.270,5.6,3,9,4,0,10,0,8,86,20,0.423645,0.7010310000000001,0.8235290000000001,0.0985222
Juan Hillman,FA,,28,256,225,944,.341,.395,0.03531598513011153,0.34041483380919785,0.37871747211895906,0.5004055150040552,0.20446096654275092,0.06970260223048327,0.1821561338289963,0.671003717472119,0.6013011152416357,0.21933085501858737,0.4340148698884758,0.22769516728624536,0.05762081784386617,0.8615241635687733,0.055762081784386616,0.4768856447688564,0.18587360594795538,0.12825278810408922,0.08736059479553904,.277,.410,4.6,10.2,24.040404040404038,88.1,40.2,12.9,6,18.7,.311,.387,.538,.330,3.5,9,26,18,3,70,9,33,433,81,0.457717,0.701327,0.88959,0.0782241
Miguel Cienfuegos,SDP,,28,107,88,365,.369,.416,0.03345724907063197,0.35118001348701694,0.4684014869888476,0.5004055150040552,0.09014869888475836,0.040892193308550186,0.15148698884758363,0.7732342007434945,0.2815985130111524,0.6059479553903345,0.48420074349442377,0.4646840148698885,0.020446096654275093,0.7304832713754646,0.07063197026022305,0.6666666666666666,0.0762081784386617,0.11895910780669144,0.13011152416356878,.296,.417,3.8,14,28.301886792452827,87.9,36.3,9.3,9,19.3,.330,.430,.545,.338,2.8,3,15,8,1,29,3,10,176,34,0.48087399999999997,0.7245510000000001,0.8925620000000001,0.0846995
Thaddeus Ward,BAL,,28,551,441,2299,.355,.354,0.031598513011152414,0.34467443727883856,0.43262081784386613,0.5004055150040552,0.15427509293680297,0.2695167286245353,0.3048327137546468,0.46189591078066916,0.15613382899628253,0.08178438661710037,0.5371747211895911,0.42657992565055763,0.29646840148698883,0.6254646840148699,0.3215613382899628,0.13463098134630982,0.7955390334572491,0.395910780669145,0.17472118959107807,.249,.380,6,16.9,21.27659574468085,87.6,36.7,19.4,11,24.7,.256,.401,.379,.310,3.6,20,93,13,1,113,13,107,911,225,0.395046,0.607379,0.852025,0.0886571
Colin Peluse,ATH,,27,31,24,118,.367,.447,0.02973977695167286,0.2522023183197308,0.4086895910780669,0.5004055150040552,0.09851301115241635,0.1496282527881041,0.12360594795539033,0.17657992565055763,0.09386617100371747,0.15613382899628253,0.4079925650557621,0.9265799256505576,0.0055762081784386614,0.29275092936802977,0.09479553903345725,0.2441200324412003,0.5204460966542751,0.040892193308550186,0.13382899628252787,.262,.428,8.7,19.4,22.72727272727273,88.2,26.1,6.5,16,20,.333,.452,.625,.318,6.5,2,6,4,0,8,1,2,50,10,0.423729,0.6545449999999999,0.916667,0.08474580000000001
Karl Kauffmann,COL,,28,631,543,2429,.368,.450,0.027881040892193308,0.24205671732840484,0.21514869888475838,0.5004055150040552,0.09479553903345725,0.046468401486988845,0.07527881040892194,0.35223048327137546,0.43308550185873607,0.26394052044609667,0.2342007434944238,0.19888475836431227,0.039962825278810406,0.48977695167286245,0.17565055762081785,0.3787510137875101,0.20260223048327136,0.16356877323420074,0.18773234200743494,.294,.457,6.7,12,24.676258992805764,89,40.9,11.7,13,22.1,.354,.431,.639,.357,5.1,32,76,43,5,192,34,74,1091,241,0.444992,0.697332,0.8825860000000001,0.089491
Cole McDonald,FA,,28,98,83,392,.370,.417,0.026022304832713755,0.2449222687534358,0.11756505576208179,0.5004055150040552,0.0845724907063197,0.06970260223048327,0.09107806691449814,0.12732342007434944,0.26394052044609667,0.06691449814126393,0.13197026022304834,0.11988847583643122,0.23977695167286245,0.6802973977695167,0.5631970260223048,0.2712895377128954,0.44052044609665425,0.6821561338289963,0.5185873605947955,.277,.445,9.7,14.3,20.772946859903378,89.9,43.5,18.4,10,28,.301,.408,.566,.322,6.1,6,14,4,0,25,6,18,168,47,0.428571,0.6648350000000001,0.818182,0.11479600000000001
Adrián Martínez,FA,,28,114,99,426,.380,.471,0.024163568773234202,0.23771966652295254,0.07132899628252788,0.5004055150040552,0.06691449814126393,0.05018587360594796,0.046468401486988845,0.1050185873605948,0.3475836431226766,0.47769516728624534,0.05483271375464684,0.07899628252788105,0.137546468401487,0.5631970260223048,0.42379182156133827,0.5563665855636658,0.5371747211895911,0.4721189591078067,0.5018587360594795,.291,.488,10.3,13.2,27.149321266968325,90.7,44.9,16.7,12,26,.374,.456,.657,.411,7,8,15,7,0,37,7,19,200,52,0.46635699999999997,0.652582,0.841727,0.11368900000000001
Jaime Arias,FA,,26,105,91,425,.427,.480,0.022304832713754646,0.0981595673903627,0.03810408921933085,0.5004055150040552,0.013011152416356878,0.012081784386617101,0.00929368029739777,0.032527881040892194,0.39219330855018586,0.022304832713754646,0.031598513011152414,0.07899628252788105,0.05204460966542751,0.016728624535315983,0.016728624535315983,0.3722627737226277,0.24535315985130113,0.024163568773234202,0.027881040892193308,.323,.582,14.1,12.4,16.9811320754717,91.3,44.9,12.4,25,15.3,.374,.457,.681,.380,10.5,11,13,7,0,34,7,13,189,29,0.443662,0.688679,0.924658,0.056338
Ryan Boyer,DET,,28,24,19,108,.402,.514,0.020446096654275093,0.22811619688230822,0.28485130111524165,0.5004055150040552,0.03531598513011153,0.11895910780669144,0.01486988847583643,0.011152416356877323,0.16356877323420074,0.4739776951672863,0.3429368029739777,0.7704460966542751,0.137546468401487,0.13011152416356878,0.03810408921933085,0.5312246553122466,0.370817843866171,0.120817843866171,0.06505576208178439,.266,.560,18.8,16.7,27.118644067796605,88.5,31.3,16.7,19,18,.368,.458,.842,.357,12.5,3,4,1,1,7,2,4,50,9,0.462963,0.6727270000000001,0.891892,0.0740741
Andrew Quezada,COL,,28,41,31,157,.367,.358,0.01858736059479554,0.3202785264981694,0.43378252788104094,0.5004055150040552,0.09851301115241635,0.17936802973977695,0.6105947955390335,0.7843866171003717,0.024163568773234202,0.07806691449814127,0.25092936802973975,0.08921933085501858,0.00929368029739777,0.9739776951672863,0.24442379182156135,0.14841849148418493,0.724907063197026,0.14312267657992564,0.1821561338289963,.258,.337,3.7,24.4,21.11111111111111,88.9,44.4,7.3,2,23.4,.258,.439,.323,.286,2.4,1,10,2,0,8,0,3,64,15,0.40127399999999996,0.619718,0.8863639999999999,0.089172
Eury Ramos,FA,,28,38,28,157,.413,.544,0.016728624535315983,0.2270319341809451,0.3385223048327137,0.5004055150040552,0.026022304832713755,0.1421933085501859,0.05204460966542751,0.03903345724907063,0.013011152416356878,0.01858736059479554,0.6895910780669146,0.5734200743494424,0.06784386617100371,0.23048327137546468,0.37174721189591076,0.0957015409570154,0.47026022304832715,0.10687732342007435,0.24721189591078066,.263,.477,13,26.3,16.483516483516482,86.9,34.8,13.2,17,25.4,.357,.526,.821,.350,7.9,3,10,2,1,10,3,5,59,15,0.375796,0.661017,0.897436,0.0955414
Blake Goldsberry,FA,,28,53,42,212,.337,.409,0.01486988847583643,0.2745071510334854,0.4579460966542751,0.5004055150040552,0.22304832713754646,0.3299256505576208,0.5176579925650557,0.5539033457249071,0.11059479553903345,0.027881040892193308,0.6301115241635687,0.13011152416356878,0.03717472118959108,0.13011152416356878,0.10315985130111524,0.36171938361719386,0.1979553903345725,0.40148698884758366,0.09851301115241635,.244,.350,5.4,18.9,17.75700934579439,87.2,43.2,11.3,19,20.2,.310,.434,.524,.333,3.8,2,10,2,2,13,1,6,94,19,0.44131499999999996,0.698113,0.851351,0.0798122
Chris Gau,FA,,28,102,83,393,.382,.383,0.013011152416356878,0.2212233839950715,0.25394981412639406,0.5004055150040552,0.06319702602230483,0.08550185873605948,0.04275092936802974,0.03717472118959108,0.16356877323420074,0.2825278810408922,0.7118959107806692,0.22397769516728624,0.19144981412639406,0.23048327137546468,0.12174721189591078,0.3641524736415248,0.6533457249070632,0.09851301115241635,0.09293680297397769,.272,.491,13.4,16.7,24.87804878048781,86.8,40.3,17.6,17,20.8,.265,.382,.518,.286,8.8,9,17,7,1,22,4,18,173,36,0.44162399999999996,0.636364,0.8991600000000001,0.0786802
Tim Brennan,FA,,28,197,165,768,.360,.407,0.011152416356877323,0.36310690320201083,0.6119888475836431,0.5004055150040552,0.12267657992565056,0.10315985130111524,0.16356877323420074,0.6421933085501859,0.27137546468401486,0.05762081784386617,0.8066914498141264,0.8355018587360595,0.024163568773234202,0.8169144981412639,0.013011152416356878,0.2141119221411192,0.7379182156133829,0.022304832713754646,0.024163568773234202,.269,.414,4.8,14.2,20.14742014742015,86.2,29.7,10.2,7,14.9,.309,.421,.515,.314,3.6,7,28,8,1,51,8,20,323,48,0.419271,0.617571,0.9288700000000001,0.052083300000000006
Angel Reyes,FA,,28,98,76,361,.421,.427,0.00929368029739777,0.15802635797276668,0.12569702602230484,0.5004055150040552,0.01858736059479554,0.03345724907063197,0.06133828996282528,0.32620817843866173,0.12360594795539033,0.055762081784386616,0.08085501858736059,0.03438661710037175,0.03531598513011153,0.48977695167286245,0.1366171003717472,0.2562854825628548,0.4591078066914498,0.44423791821561337,0.11524163568773234,.305,.470,6.9,18.4,20.103092783505154,90.4,50,11.2,13,21.2,.289,.449,.539,.306,4.1,4,18,8,1,22,3,11,156,33,0.42659300000000006,0.662651,0.845455,0.0831025
Bobby Milacki,TOR,,28,47,41,178,.356,.509,0.007434944237918215,0.21278162439160186,0.057388475836431224,0.5004055150040552,0.14776951672862454,0.16635687732342008,0.0724907063197026,0.04553903345724907,0.3745353159851301,0.11059479553903345,0.06412639405204461,0.047397769516728624,0.15427509293680297,0.6254646840148699,0.24442379182156135,0.2798053527980535,0.27695167286245354,0.17936802973977695,0.18587360594795538,.260,.459,12.1,12.8,21.904761904761905,90.6,48.5,17,11,23.4,.390,.468,.756,.433,8.5,4,6,4,1,16,3,8,77,18,0.43016800000000005,0.684932,0.88,0.0893855
Triston Polley,FA,,28,34,24,138,.333,.347,0.0055762081784386614,0.42165708907561666,0.637546468401487,0.5004055150040552,0.24442379182156135,0.8048327137546468,0.8308550185873605,0.6849442379182156,0.03345724907063197,0.013011152416356878,0.578996282527881,0.45539033457249073,0.01486988847583643,0.8169144981412639,0.08178438661710037,0.040551500405515,0.9275092936802974,0.8243494423791822,0.04275092936802974,.197,.283,4.5,23.5,15.730337078651687,87.4,36.4,8.8,7,19.6,.208,.412,.333,.190,2.9,1,8,0,0,5,1,3,46,9,0.326241,0.566667,0.794118,0.0638298
Florencio Serrano,TEX,,25,34,22,140,.572,.592,0.0037174721189591076,0.045108142359383784,0.0018587360594795538,0.5004055150040552,0.0018587360594795538,0.0018587360594795538,0.0018587360594795538,0.0018587360594795538,0.0018587360594795538,0.0018587360594795538,0.0018587360594795538,0.0018587360594795538,0.01486988847583643,0.00929368029739777,0.0018587360594795538,0.027575020275750203,0.7973977695167286,0.016728624535315983,0.00929368029739777,.391,.798,23.5,32.4,8.641975308641975,95.6,70.6,8.8,26,9.5,.409,.618,.864,.375,11.8,4,11,1,0,9,3,3,42,4,0.29078000000000004,0.607143,0.941176,0.0212766
Thomas Ponticelli,FA,,28,160,129,590,.420,.538,0.0018587360594795538,0.13122957978193647,0.08457249070631971,0.5004055150040552,0.02137546468401487,0.028810408921933085,0.024163568773234202,0.25743494423791824,0.13104089219330856,0.10780669144981413,0.015799256505576207,0.040892193308550186,0.011152416356877323,0.34851301115241634,0.08736059479553904,0.3746958637469586,0.031598513011152414,0.07156133828996282,0.08178438661710037,.309,.538,7.6,18.1,21.902017291066283,92,49.2,7.5,15,19.8,.403,.506,.814,.380,5.6,9,29,16,2,52,11,12,262,52,0.44425699999999996,0.7470359999999999,0.9047620000000001,0.0777027