Name,Org,Pos,Age,PA,AB,Pitches,xwOBA,wOBA,PS Score,Agg,Power,Discipline,xBA,xSLG,Barrels,BB%,Chase%,EV,Max EV,50th% EV,90th% EV,Hard Hit%,K%,L°,Whiff%,Swing%,Z-Swing%,Z-Contact%,SwStr%,Speed,wBsR/PA,Pull,Pull Air,Spd,wBsR,wBsR/PA,xBA,xSLG,Barrels,BB%,Chase%,EV,Max EV,50th% EV,90th% EV,Hard Hit%,K%,L°,Whiff%,Swing%,Z-Swing%,Z-Contact%,SwStr%,PullAir%,BA,OBP,SLG,BABIP,PA/Barrels,Barrels,BB,2B,3B,Hits,HR,K,Swings,Whiffs
James Wood,WSN,OF,23,230,190,914,0.9865771812080537,0.9798657718120806,1,0.7365771812080537,0.9498881431767338,0.6359859379993608,0.9854586129753915,0.9619686800894854,0.8165548098434005,0.9552572706935123,0.6554809843400448,0.9977628635346756,0.9776286353467561,0.9977628635346756,0.9888143176733781,0.9955257270693513,0.7953020134228188,0.07494407158836688,0.5850111856823266,0.2604166666666667,0.2639821029082774,0.5973154362416108,0.5995525727069351,0.5369127516778524,0.8366890380313199,0.21476510067114093,0.14221218961625282,4.9545,0.9127790000000001,0.003968604347826087,.304,.498,10.1,17,25.196850393700785,95.1,115.3,98.1,108.8,59.5,18.3,4,26,0.421225,0.616505,0.854331,0.107221,10.1,.353,.461,.595,.410,6.5,15,39,16,0,67,10,42,385,100
Roman Anthony,BOS,OF,21,164,131,705,0.9351230425055929,0.9586129753914989,0.9977628635346756,0.6857522371364654,0.7281879194630874,0.7002237136465325,0.802013422818792,0.7114093959731543,0.6476510067114094,0.9753914988814317,0.901565995525727,0.5257270693512305,0.8948545861297539,0.7248322147651006,0.9776286353467561,0.8612975391498882,0.7651006711409396,0.04138702460850112,0.738255033557047,0.07523148148148147,0.05145413870246085,0.6331096196868009,0.8366890380313199,0.6510067114093959,0.22595078299776286,0.7807606263982103,0.28555304740406323,5.67814,"'-0.403396","'-0.002459731707317073",.257,.393,7.9,18.9,20.161290322580644,88,112.5,92,108.4,45.5,18.9,3,23.4,0.37588699999999997,0.559375,0.8603350000000001,0.08226950000000001,12.7,.344,.463,.519,.424,4.9,8,31,12,1,45,3,31,265,62
Nick Yorke,PIT,2B,23,342,297,1470,0.941834451901566,0.889261744966443,0.9955257270693513,0.7063758389261745,0.7961968680089486,0.6484499840204538,0.9888143176733781,0.8747203579418344,0.4552572706935123,0.6051454138702461,0.7181208053691275,0.9362416107382551,0.772930648769575,0.9463087248322147,0.8523489932885906,0.941834451901566,0.7595078299776287,0.2986577181208054,0.8478747203579419,0.16666666666666666,0.11409395973154363,0.6241610738255033,0.8702460850111857,0.5525727069351231,0.6733780760626398,0.0447427293064877,0.1275395033860045,5.04327,0.30554000000000003,0.000893391812865497,.305,.442,5.6,11.7,24.151436031331592,91.5,110.9,94.5,105.7,48.9,19,9,20.8,0.402685,0.579832,0.8599030000000001,0.0791946,9.9,.333,.416,.498,.404,3.8,13,40,25,0,99,8,65,634,132
Drake Baldwin,ATL,C,24,334,275,1293,0.9832214765100671,0.8456375838926175,0.9932885906040269,0.7715324384787472,0.9225950782997764,0.7662192393736019,0.9787472035794184,0.9720357941834452,0.8411633109619687,0.8948545861297539,0.7807606263982103,0.9787472035794184,0.8568232662192393,0.9787472035794184,0.8814317673378076,0.9642058165548099,0.8747203579418344,0.24049217002237136,0.7706935123042505,0.4652777777777778,0.70917225950783,0.5950782997762863,0.738255033557047,0.16554809843400448,0.3042505592841163,0.29977628635346754,0.19074492099322798,2.6294299999999997,"'-0.648151","'-0.0019405718562874245",.300,.503,10.6,15.6,22.943722943722943,92.8,111.9,96.2,106.2,53.1,16.2,8,22.9,0.45630299999999996,0.690096,0.854167,0.0935808,11.1,.298,.407,.484,.327,7.2,24,52,13,1,82,12,54,590,135
Kristian Campbell,BOS,2B,23,85,70,389,0.9328859060402684,0.8713646532438478,0.9910514541387024,0.7067953020134228,0.7337807606263983,0.7468839884947267,0.889261744966443,0.7986577181208053,0.6263982102908278,0.883668903803132,0.8366890380313199,0.5592841163310962,0.8064876957494407,0.7248322147651006,0.814317673378076,0.8780760626398211,0.6252796420581656,0.04138702460850112,0.9183445190156599,0.13310185185185186,0.22818791946308725,0.8098434004474273,0.9261744966442953,0.5480984340044742,0.12080536912751678,0.12304250559284116,0.31715575620767494,5.02479,"'-0.364372","'-0.004286729411764704",.267,.415,7.7,15.3,21.73913043478261,88.2,111.2,92,105.3,46.2,21.2,3,18.2,0.395887,0.610526,0.8879309999999999,0.0719794,13.5,.286,.412,.486,.333,4.7,4,13,2,0,20,4,18,154,28
Jackson Holliday,BAL,2B,21,344,265,1431,0.9205816554809844,0.8747203579418344,0.9888143176733781,0.635486577181208,0.7029082774049217,0.6177692553531481,0.5436241610738255,0.6935123042505593,0.6476510067114094,0.9932885906040269,0.9373601789709173,0.8467561521252797,0.40268456375838924,0.9049217002237137,0.5805369127516778,0.9239373601789709,0.5771812080536913,0.2986577181208054,0.5234899328859061,0.09722222222222222,0.2214765100671141,0.33109619686800895,0.7404921700223713,0.5659955257270693,0.6599552572706935,0.21252796420581654,0.3600451467268623,5.0845199999999995,0.258333,0.0007509680232558139,.233,.390,7.9,21.5,18.946047678795484,90.3,108.2,93.6,103.6,48.2,22.4,9,27.3,0.38407800000000003,0.608232,0.8170430000000001,0.09357539999999999,14.1,.268,.427,.475,.337,4.4,15,74,25,0,71,10,77,550,150
Junior Caminero,TBR,3B,22,236,217,927,0.7360178970917226,0.6510067114093959,0.9865771812080537,0.6216442953020134,0.9422818791946309,0.483381271971876,0.8467561521252797,0.8657718120805369,0.8780760626398211,0.14317673378076062,0.42058165548098436,0.9843400447427293,0.9944071588366891,0.9854586129753915,0.9977628635346756,0.9888143176733781,0.6252796420581656,0.13646532438478748,0.6387024608501118,0.5960648148148148,0.5570469798657718,0.4753914988814318,0.5234899328859061,0.1319910514541387,0.19686800894854586,0.4228187919463087,0.3724604966139955,2.3395799999999998,"'-0.70217","'-0.0029752966101694914",.262,.436,11.4,6.8,29.258517034068138,93.3,117.2,97,109.7,56.9,21.2,6,25.2,0.475728,0.668132,0.838816,0.114347,14.3,.276,.331,.498,.303,8.1,19,16,9,0,60,13,50,441,111
Dylan Crews,WSN,OF,23,238,211,891,0.6733780760626398,0.5492170022371364,0.9843400447427293,0.6731683445190156,0.7756152125279642,0.6145733461169703,0.6812080536912751,0.772930648769575,0.5827740492170023,0.2975391498881432,0.407158836689038,0.8378076062639821,0.901565995525727,0.814317673378076,0.8948545861297539,0.7829977628635347,0.8277404921700223,0.354586129753915,0.7158836689038032,0.7129629629629629,0.6308724832214765,0.8277404921700223,0.5950782997762863,0.8814317673378076,0.7695749440715883,0.6543624161073825,0.2945823927765237,7.219289999999999,0.596604,0.0025067394957983195,.245,.407,7,8.4,29.519450800915326,90.2,112.6,92.7,106.3,43.3,17.6,10,23.8,0.494949,0.678652,0.8907280000000001,0.107744,12.9,.265,.340,.455,.294,5,12,20,10,3,56,8,42,441,105
Tyler Soderstrom,ATH,1B/OF,23,142,122,577,0.9384787472035794,0.941834451901566,0.9821029082774049,0.6631012304250559,0.904026845637584,0.5148609779482263,0.9149888143176734,0.9217002237136466,0.7706935123042505,0.49217002237136465,0.5615212527964206,0.9787472035794184,0.8624161073825504,0.9821029082774049,0.9720357941834452,0.9865771812080537,0.4463087248322148,0.354586129753915,0.5604026845637584,0.19328703703703706,0.08277404921700224,0.7785234899328859,0.6823266219239373,0.27740492170022374,0.09172259507829977,0.35011185682326623,0.3363431151241535,3.39145,"'-0.7065560000000001","'-0.004975746478873239",.273,.460,9.3,10.6,26.537216828478964,92.8,112.1,96.4,108,55.8,24.6,10,26.7,0.40830500000000003,0.574074,0.883871,0.100346,13.8,.279,.380,.607,.312,5.6,8,15,8,1,34,10,35,236,63
Jasson Domínguez,NYY,OF,22,193,175,682,0.8534675615212528,0.727069351230425,0.9798657718120806,0.6938618568232662,0.7174496644295303,0.6236816874400767,0.9228187919463087,0.9060402684563759,0.7774049217002237,0.28523489932885904,0.2841163310961969,0.4742729306487696,0.8400447427293065,0.4563758389261745,0.9586129753914989,0.5894854586129754,0.7740492170022372,0.4888143176733781,0.6957494407158836,0.7766203703703703,0.9239373601789709,0.8299776286353467,0.5727069351230425,0.883668903803132,0.959731543624161,0.8970917225950783,0.6997742663656885,7.25422,2.09783,0.01086958549222798,.278,.452,9.4,8.3,31.56498673740053,87.7,111.6,89.9,107.5,38.8,18.7,12,24.3,0.505865,0.7459279999999999,0.8908299999999999,0.109971,20,.309,.368,.480,.353,6.7,13,16,7,1,54,7,36,345,84
Andy Pages,LAD,OF,24,114,101,422,0.9932885906040269,0.9899328859060402,0.9776286353467561,0.7968400447427293,0.8633109619686801,0.6780121444550975,0.9910514541387024,1,0.9105145413870246,0.33221476510067116,0.4161073825503356,0.8635346756152126,0.7158836689038032,0.9463087248322147,0.8691275167785235,0.8266219239373602,0.7885906040268457,0.9172259507829977,0.8299776286353467,0.7951388888888888,0.814317673378076,0.9071588366890381,0.6577181208053692,0.785234899328859,0.4988814317673378,0.232662192393736,0.628668171557562,6.53271,"'-0.10085","'-0.0008846491228070175",.310,.592,12.3,8.8,29.30232558139535,90.5,110.3,94.5,106,44.4,18.4,20,21.4,0.509479,0.715,0.909091,0.101896,18.5,.356,.421,.663,.384,8.8,10,10,5,1,36,8,21,215,46
Kyle Manzardo,CLE,1B/DH,25,362,292,1483,0.9507829977628636,0.9026845637583892,0.9753914988814317,0.7718819910514542,0.8514541387024609,0.725790987535954,0.7505592841163311,0.9496644295302014,0.9138702460850112,0.9272930648769575,0.8187919463087249,0.703579418344519,0.8400447427293065,0.8355704697986577,0.7416107382550335,0.8501118568232662,0.7829977628635347,0.9172259507829977,0.8131991051454138,0.1111111111111111,0.10738255033557047,0.7404921700223713,0.8903803131991052,0.39373601789709173,0.32662192393736017,0.5906040268456376,0.881489841986456,4.13238,"'-0.656852","'-0.0018145082872928176",.251,.485,12.6,16.3,22.318125770653516,89.2,111.6,92.9,104.6,45.2,18.5,20,21.8,0.38907600000000003,0.578869,0.876607,0.0768712,24.3,.267,.395,.548,.276,8,29,59,20,1,78,20,67,578,126
Dalton Rushing,LAD,C,24,169,139,673,0.9664429530201343,0.8624161073825504,0.9731543624161074,0.7355984340044743,0.7923937360178971,0.736816874400767,0.9038031319910514,0.9530201342281879,0.831096196868009,0.8859060402684564,0.930648769574944,0.8937360178970917,0.6196868008948546,0.8355704697986577,0.8277404921700223,0.6644295302013423,0.6923937360178971,0.5536912751677853,0.7181208053691275,0.22106481481481485,0.5145413870246085,0.6465324384787472,0.7695749440715883,0.22595078299776286,0.24161073825503357,0.44854586129753915,0.6862302483069977,2.9380900000000003,"'-0.40355100000000005","'-0.0023878757396449705",.270,.491,10.4,15.4,19.3029490616622,90.8,109.7,92.9,105.4,40.6,20.1,13,23.7,0.414562,0.661238,0.8620690000000001,0.0906389,19.8,.273,.396,.511,.299,6.5,11,26,6,0,38,9,34,279,66
Leo Jiménez,TOR,2B/SS,24,225,180,860,0.9787472035794184,0.8266219239373602,0.970917225950783,0.7170721476510067,0.6821029082774049,0.782678171939917,0.9552572706935123,0.9194630872483222,0.6096196868008948,0.7762863534675615,0.9082774049217002,0.5760626398210291,0.5044742729306487,0.6935123042505593,0.46420581655480986,0.8008948545861297,0.9060402684563759,0.24049217002237136,0.8859060402684564,0.14467592592592593,0.2080536912751678,0.8926174496644296,0.901565995525727,0.40939597315436244,0.28635346756152125,0.5436241610738255,0.3227990970654628,4.24394,"'-0.47951099999999997","'-0.00213116",.290,.457,7.5,13.3,19.911504424778762,88.3,109,91.8,102.7,43.8,15.1,8,19.8,0.399535,0.605769,0.9047620000000001,0.07549360000000001,13.6,.272,.418,.433,.302,4.9,11,30,8,0,49,7,34,343,68
Jett Williams,NYM,SS,21,30,22,112,0.970917225950783,0.9977628635346756,0.9686800894854586,0.615072706935123,0.5268456375838926,0.5564077980185362,0.860178970917226,0.6152125279642058,0.04697986577181208,1,0.9955257270693513,0.7639821029082774,0.3187919463087248,0.4261744966442953,0.6152125279642058,0.889261744966443,0.5268456375838926,0.8076062639821029,0.32550335570469796,0.027777777777777776,0.025727069351230425,0.31767337807606266,0.703579418344519,0.6733780760626398,0.8210290827740492,0.2684563758389262,0.5214446952595937,5.79024,0.107474,0.0035824666666666666,.263,.372,0,26.7,12.5,89.6,107.5,89.6,103.8,46.7,23.3,17,30.6,0.321429,0.5,0.814815,0.0982143,16.7,.364,.533,.545,.533,0,0,8,4,0,8,0,7,36,11
Coby Mayo,BAL,1B,23,388,345,1504,0.8959731543624161,0.8624161073825504,0.9664429530201343,0.6585570469798658,0.8865771812080536,0.4354426334292106,0.79082774049217,0.9351230425055929,0.9440715883668904,0.4250559284116331,0.5659955257270693,0.8870246085011185,0.9675615212527964,0.7651006711409396,0.9228187919463087,0.6991051454138703,0.4228187919463087,0.8926174496644296,0.4373601789709172,0.40046296296296297,0.40268456375838924,0.3624161073825503,0.4317673378076063,0.47651006711409394,0.10514541387024609,0.5659955257270693,0.9503386004514672,4.63778,"'-1.7909","'-0.004615721649484536",.255,.475,13.7,9.8,26.42947903430749,90.7,114.9,92.3,106.7,41.4,25,19,28.7,0.44747299999999995,0.644414,0.8202959999999999,0.12367,28,.287,.361,.562,.338,8.8,34,38,23,3,99,22,97,673,193
Iván Herrera,STL,C/DH,25,112,93,460,0.8769574944071589,0.8322147651006712,0.9642058165548099,0.7166526845637584,0.7429530201342281,0.7168424416746565,0.6812080536912751,0.761744966442953,0.5715883668903803,0.9552572706935123,0.6823266219239373,0.9261744966442953,0.6051454138702461,0.7818791946308725,0.814317673378076,0.8501118568232662,0.8154362416107382,0.4217002237136465,0.6845637583892618,0.3773148148148148,0.48322147651006714,0.6901565995525727,0.7069351230425056,0.7539149888143176,0.7874720357941835,0.5682326621923938,0.7291196388261851,6.29286,0.307002,0.002741089285714285,.245,.405,6.8,17,24.8,91.2,109.6,92.4,105.3,45.2,17.9,11,24.5,0.443478,0.6570050000000001,0.867647,0.09782610000000001,20.5,.280,.402,.473,.309,4.5,5,19,1,1,26,5,20,204,50
Owen Caissie,CHC,OF,23,545,471,2168,0.7024608501118568,0.7203579418344519,0.9619686800894854,0.5910234899328859,0.7863534675615211,0.43144774688398846,0.639821029082774,0.7114093959731543,0.7237136465324385,0.7058165548098434,0.5257270693512305,0.7472035794183445,0.9821029082774049,0.7069351230425056,0.9161073825503355,0.767337807606264,0.2494407158836689,0.62751677852349,0.24161073825503357,0.6064814814814815,0.6375838926174496,0.3713646532438479,0.28859060402684567,0.5346756152125279,0.6174496644295302,0.18791946308724833,0.36343115124153497,4.92218,0.0872409,0.00016007504587155962,.241,.393,8.6,12.5,27.280858676207515,89.5,115.5,91.9,106.5,42.9,28.6,14,32.1,0.47763900000000004,0.679337,0.822095,0.139235,14.2,.276,.371,.471,.372,5,27,68,29,3,130,19,156,1038,333
Jordan Walker,STL,OF,23,377,342,1391,0.5503355704697986,0.4217002237136465,0.959731543624161,0.5645973154362416,0.825503355704698,0.4338446788111218,0.6510067114093959,0.6756152125279642,0.7897091722595079,0.2695749440715884,0.13646532438478748,0.9261744966442953,0.9228187919463087,0.814317673378076,0.9485458612975392,0.8131991051454138,0.7281879194630873,0.2986577181208054,0.5156599552572707,0.7824074074074074,0.5727069351230425,0.4272930648769575,0.3870246085011186,0.3691275167785235,0.17225950782997762,0.4317673378076063,0.26410835214446954,4.03794,"'-1.28967","'-0.003420875331564987",.242,.385,9.6,8.2,34.903047091412745,91.2,113.3,92.7,107.3,44.1,19.4,9,27.4,0.50683,0.6733520000000001,0.831915,0.128684,12.5,.263,.326,.427,.309,6.9,26,31,23,3,90,9,73,705,193
Marco Luciano,SFG,SS,24,383,316,1613,0.7662192393736018,0.5380313199105146,0.9574944071588367,0.5645274049217002,0.7476510067114095,0.5046340683924576,0.5436241610738255,0.6230425055928411,0.7114093959731543,0.9429530201342282,0.9351230425055929,0.7941834451901566,0.6923937360178971,0.912751677852349,0.9082774049217002,0.9172259507829977,0.3400447427293065,0.13646532438478748,0.29642058165548096,0.18981481481481485,0.34451901565995524,0.21252796420581654,0.4608501118568233,0.31543624161073824,0.14988814317673377,0.4541387024608501,0.2765237020316027,3.6508300000000005,"'-1.4337799999999998","'-0.00374355091383812",.233,.373,8.5,16.7,19.153936545240885,89.8,110.1,93.7,106.4,47.9,26.9,6,31.1,0.407316,0.635188,0.796334,0.120273,12.6,.250,.379,.380,.338,4.7,18,64,9,1,79,10,103,657,204
Jordan Beck,COL,OF,24,189,163,691,0.889261744966443,0.9272930648769575,0.9552572706935123,0.6434563758389262,0.7843400447427293,0.4600511345477788,0.8467561521252797,0.901565995525727,0.8478747203579419,0.6722595078299777,0.4809843400447427,0.8378076062639821,0.4519015659955257,0.9217002237136466,0.7046979865771812,0.8825503355704698,0.5268456375838926,0.5536912751677853,0.2897091722595078,0.5787037037037037,0.6756152125279642,0.2930648769574944,0.28187919463087246,0.8635346756152126,0.7337807606263982,0.47874720357941836,0.35214446952595935,7.045210000000001,0.379332,0.0020070476190476192,.262,.450,10.7,12.2,28.10810810810811,90.2,108.6,93.8,104.4,46.3,23.3,13,31.2,0.47254300000000005,0.684543,0.81106,0.140173,14,.319,.402,.558,.389,6.9,13,23,11,2,52,8,44,327,102
Jonatan Clase,TOR,OF,23,417,361,1702,0.7975391498881432,0.48322147651006714,0.9530201342281879,0.6466722595078299,0.6407158836689038,0.5455417066155321,0.8691275167785235,0.8288590604026845,0.6890380313199105,0.6196868008948546,0.4519015659955257,0.5257270693512305,0.6733780760626398,0.4563758389261745,0.3814317673378076,0.4865771812080537,0.35570469798657717,0.7024608501118568,0.5995525727069351,0.34953703703703703,0.2751677852348993,0.854586129753915,0.6621923937360179,0.9552572706935123,0.6420581655480985,0.25727069351230425,0.5485327313769752,8.29243,0.18751600000000002,0.00044967865707434053,.264,.422,8.2,11.8,28.555555555555557,88,110,89.9,102.1,36.6,26.4,15,25.6,0.43836800000000004,0.618596,0.895706,0.101562,17.2,.255,.338,.435,.325,5,21,49,21,4,92,12,110,784,201
Chase Meidroth,CHW,2B/SS,24,558,437,2462,0.8210290827740492,0.8042505592841164,0.9507829977628636,0.6243708053691275,0.38277404921700225,0.8366890380313199,0.7404921700223713,0.36129753914988816,0.15883668903803133,0.9731543624161074,0.9686800894854586,0.6196868008948546,0.38814317673378074,0.6375838926174496,0.3098434004474273,0.3859060402684564,0.9552572706935123,0.10738255033557047,0.9888143176733781,0.02199074074074074,0.017897091722595078,0.9686800894854586,0.9843400447427293,0.5503355704697986,0.1789709172259508,0.10961968680089486,0.22460496613995484,5.0248800000000005,"'-1.8723400000000001","'-0.003355448028673835",.250,.329,2.2,18.8,17.26094003241491,88.6,108.1,91.2,101.6,34.3,12.7,5,11.6,0.30747399999999997,0.43170699999999995,0.9359700000000001,0.0324939,11.6,.293,.437,.400,.332,1.4,8,105,20,3,128,7,71,757,88
Zach Dezenzo,HOU,1B/OF,25,112,96,413,0.9753914988814317,0.9552572706935123,0.9485458612975392,0.7068652125279642,0.883668903803132,0.6172898689677213,0.9675615212527964,0.9664429530201343,0.9653243847874721,0.7058165548098434,0.6465324384787472,0.8467561521252797,0.6733780760626398,0.9686800894854586,0.8624161073825504,0.9664429530201343,0.5816554809843401,0.24049217002237136,0.6174496644295302,0.33796296296296297,0.4272930648769575,0.610738255033557,0.7315436241610739,0.3870246085011186,0.07829977628635347,0.7595078299776287,0.5993227990970654,4.0955,"'-0.613416","'-0.005476928571428571",.295,.500,14.5,12.5,25.23809523809524,90.3,110,95.6,105.9,53.6,22.3,8,25.4,0.437198,0.64878,0.857143,0.0942029,18.1,.333,.420,.573,.403,8.9,10,14,8,0,32,5,25,181,46
Matt Shaw,CHC,3B,23,151,130,584,0.9105145413870246,0.912751677852349,0.9463087248322147,0.6211549217002238,0.6715883668903804,0.5019175455417065,0.883668903803132,0.8769574944071589,0.5906040268456376,0.569351230425056,0.32662192393736017,0.7214765100671141,0.5917225950782998,0.7248322147651006,0.8624161073825504,0.5771812080536913,0.7460850111856824,0.7024608501118568,0.48210290827740493,0.2986111111111111,0.17002237136465326,0.6644295302013423,0.5548098434004475,0.5704697986577181,0.15659955257270694,0.09395973154362416,0.2945823927765237,5.10951,"'-0.550413","'-0.0036451192052980134",.266,.443,7.1,11.3,31.003039513677805,89.3,109.5,92,105.9,38.4,19.2,15,28,0.43321899999999997,0.596899,0.8636360000000001,0.111301,12.9,.300,.397,.538,.340,4.6,7,17,8,1,39,7,29,254,71
Lawrence Butler,ATH,OF,25,125,109,486,0.5190156599552572,0.529082774049217,0.9440715883668904,0.6530341163310962,0.6979865771812082,0.699264940875679,0.5637583892617449,0.441834451901566,0.4988814317673378,0.7315436241610739,0.7002237136465325,0.941834451901566,0.8400447427293065,0.8355704697986577,0.9586129753914989,0.767337807606264,0.7460850111856824,0.24049217002237136,0.8758389261744967,0.2175925925925926,0.09395973154362416,0.8366890380313199,0.9105145413870246,0.7404921700223713,0.883668903803132,0.09060402684563758,0.1162528216704289,6.26091,0.69915,0.0055931999999999996,.234,.342,6,12.8,24.354243542435427,91.6,111.6,92.9,107.5,42.9,19.2,8,19.9,0.41358,0.575893,0.891473,0.0740741,9.4,.257,.352,.422,.296,4,5,16,6,0,28,4,24,201,40
Nacho Alvarez Jr.,ATL,3B,22,288,246,1161,0.8769574944071589,0.7986577181208053,0.941834451901566,0.6327600671140939,0.445413870246085,0.7567913071268776,0.860178970917226,0.7807606263982103,0.5346756152125279,0.7058165548098434,0.7427293064876958,0.26174496644295303,0.23378076062639822,0.5246085011185683,0.2930648769574944,0.4161073825503356,0.8970917225950783,0.24049217002237136,0.9653243847874721,0.2638888888888889,0.174496644295302,0.8590604026845637,0.9530201342281879,0.6219239373601789,0.6935123042505593,0.15883668903803133,0.20993227990970656,5.46436,0.334448,0.0011612777777777778,.263,.410,6.4,12.5,23.64864864864865,86.3,106.7,90.3,101.5,35.1,15.6,8,16.1,0.42205,0.597884,0.896755,0.0585702,11.4,.297,.396,.463,.328,4.5,13,36,9,1,73,10,45,490,79
Orelvis Martinez,WSN,2B,23,317,281,1198,0.9384787472035794,0.7516778523489933,0.9395973154362416,0.6147231543624161,0.8944071588366891,0.36257590284435925,0.8467561521252797,0.9798657718120806,0.9261744966442953,0.2348993288590604,0.38926174496644295,0.7214765100671141,0.9720357941834452,0.8970917225950783,0.9440715883668904,0.87248322147651,0.48210290827740493,0.8076062639821029,0.15212527964205816,0.7696759259259259,0.9373601789709173,0.2505592841163311,0.09172259507829977,0.232662192393736,0.34451901565995524,0.6778523489932886,0.9334085778781038,2.98845,"'-0.547443","'-0.0017269495268138805",.262,.513,13,7.9,29.721362229102173,89.3,115.2,93.5,107.2,45.9,24,17,34.7,0.505008,0.751361,0.801932,0.170284,27.5,.267,.342,.523,.305,8.5,27,25,19,1,75,17,76,605,210
Tyler Locklear,ARI,1B,24,317,265,1171,0.8064876957494407,0.6152125279642058,0.9373601789709173,0.6171700223713646,0.7787472035794185,0.5020773410035155,0.5782997762863534,0.7583892617449665,0.8008948545861297,0.6420581655480985,0.43847874720357943,0.7472035794183445,0.9228187919463087,0.6252796420581656,0.9395973154362416,0.6644295302013423,0.48210290827740493,0.24049217002237136,0.31208053691275167,0.7025462962962963,0.8612975391498882,0.5055928411633109,0.27293064876957496,0.8411633109619687,0.7069351230425056,0.5861297539149888,0.6467268623024831,6.852410000000001,0.48079099999999997,0.001516690851735016,.235,.404,9.9,12,28.81619937694704,89.5,113.3,91.1,107.1,40.6,24,8,30.8,0.492741,0.725953,0.8425,0.140905,18.7,.260,.369,.430,.330,6,19,38,15,3,69,8,76,577,178
Addison Barger,TOR,3B/OF,25,249,204,1062,0.959731543624161,0.7885906040268457,0.9351230425055929,0.7320329977628636,0.8331096196868009,0.6951102588686481,0.9328859060402684,0.8959731543624161,0.7114093959731543,0.9149888143176734,0.6241610738255033,0.8378076062639821,0.9194630872483222,0.912751677852349,0.9161073825503355,0.8008948545861297,0.7360178970917226,0.4217002237136465,0.7919463087248322,0.16319444444444445,0.11409395973154363,0.8344519015659956,0.8501118568232662,0.3668903803131991,0.49217002237136465,0.7639821029082774,0.6399548532731377,4.03487,"'-0.233248","'-0.0009367389558232931",.281,.449,8.5,16.1,25.506756756756754,90.2,113.2,93.7,106.5,43.8,19.3,11,22.1,0.40113000000000004,0.579832,0.8913040000000001,0.0809793,18.6,.260,.391,.466,.299,5.2,13,40,15,0,53,9,48,426,94
Kevin Alcántara,CHC,OF,23,148,130,579,0.5044742729306487,0.7516778523489933,0.9328859060402684,0.49776286353467564,0.710738255033557,0.3755193352508789,0.5906040268456376,0.4519015659955257,0.4809843400447427,0.5861297539149888,0.41834451901565994,0.9082774049217002,0.772930648769575,0.9384787472035794,0.685682326621924,0.9395973154362416,0.2214765100671141,0.10738255033557047,0.26174496644295303,0.3912037037037037,0.203579418344519,0.5145413870246085,0.4228187919463087,0.5794183445190156,0.8411633109619687,0.796420581655481,0.48081264108352145,5.16245,0.598066,0.0040409864864864855,.236,.343,5.8,11.5,29.29936305732484,91,110.9,94.3,104.3,48.8,29.1,5,31.8,0.445596,0.605634,0.843023,0.124352,16.1,.292,.378,.469,.402,3.4,5,17,8,0,38,5,43,258,82
Pete Crow-Armstrong,CHC,OF,23,111,105,429,0.5044742729306487,0.5234899328859061,0.930648769574944,0.5852908277404921,0.8281879194630873,0.33541067433684885,0.5637583892617449,0.8389261744966443,0.6890380313199105,0.03803131991051454,0.017897091722595078,0.9362416107382551,0.7595078299776287,0.8668903803131991,0.8411633109619687,0.9172259507829977,0.2360178970917226,0.8076062639821029,0.5413870246085011,0.976851851851852,0.9865771812080537,0.348993288590604,0.1789709172259508,1,0.9888143176733781,0.8993288590604027,0.9717832957110609,10,1.8612099999999998,0.01676765765765766,.234,.429,8.2,4.5,43.88185654008439,91.5,110.8,93.2,105.6,47.9,28.8,17,27.1,0.601382,0.792553,0.818792,0.154378,29.5,.248,.288,.514,.309,5.4,6,5,9,2,26,5,32,258,70
Agustín Ramírez,MIA,C/DH,24,287,248,1107,0.5044742729306487,0.4753914988814318,0.9284116331096197,0.5717281879194631,0.6178970917225951,0.6276765739852987,0.4563758389261745,0.441834451901566,0.5346756152125279,0.5861297539149888,0.5413870246085011,0.5592841163310962,0.901565995525727,0.5704697986577181,0.8747203579418344,0.6521252796420581,0.6644295302013423,0.24049217002237136,0.6577181208053692,0.5902777777777778,0.8344519015659956,0.5391498881431768,0.5704697986577181,0.46308724832214765,0.6756152125279642,0.8791946308724832,0.6173814898419865,4.5554,0.26746,0.0009319163763066203,.227,.342,6.4,11.5,26.910299003322255,88.2,112.6,90.6,106.1,40.4,20.6,8,25,0.474542,0.7212390000000001,0.846626,0.10998,18.4,.246,.345,.411,.287,4.2,12,33,12,1,61,9,59,509,127
Emmanuel Rodriguez,MIN,OF,22,29,23,138,0.18344519015659955,0.48322147651006714,0.9261744966442953,0.43875838926174493,0.6901565995525727,0.4266538830297219,0.024608501118568233,0.039149888143176735,0.7628635346756152,0.9821029082774049,1,0.8288590604026845,0.9586129753914989,1,1,0.8612975391498882,0.024608501118568233,0.24049217002237136,0.09395973154362416,0.035300925925925916,0.18120805369127516,0.1185682326621924,0.5861297539149888,0.1342281879194631,0.19910514541387025,0.9888143176733781,0.43905191873589167,2.3587700000000003,"'-0.0848151","'-0.002924658620689655",.150,.215,9.1,20.7,8.108108108108109,90.1,114.6,101,112.8,45.5,41.4,8,37,0.333333,0.6,0.769231,0.108696,15.4,.217,.379,.348,.400,3.4,1,6,0,0,5,1,12,46,17
George Valera,CLE,DH/OF,24,374,323,1489,0.5727069351230425,0.529082774049217,0.9239373601789709,0.5922818791946309,0.8308724832214764,0.5298817513582614,0.3769574944071588,0.6890380313199105,0.8411633109619687,0.6420581655480985,0.87248322147651,0.8635346756152126,0.9172259507829977,0.7818791946308725,0.8411633109619687,0.843400447427293,0.3344519015659955,0.354586129753915,0.4373601789709172,0.2962962962962963,0.39373601789709173,0.49217002237136465,0.5369127516778524,0.3087248322147651,0.4429530201342282,0.680089485458613,0.7426636568848759,3.5728699999999995,"'-0.465552","'-0.0012447914438502676",.220,.389,10.6,12,20.94594594594595,90.5,113.1,92.4,105.6,45.1,27,10,28.7,0.432886,0.6432359999999999,0.8412370000000001,0.113423,20.7,.248,.337,.452,.300,6.4,24,45,15,0,80,17,101,645,185
Alex Freeland,LAD,2B/3B,24,163,143,658,0.6387024608501118,0.36577181208053694,0.9217002237136466,0.6225531319910514,0.6993288590604027,0.6403004154682007,0.48322147651006714,0.7237136465324385,0.7628635346756152,0.6051454138702461,0.9552572706935123,0.9474272930648769,0.20134228187919462,0.8501118568232662,0.6308724832214765,0.8612975391498882,0.3344519015659955,0.4888143176733781,0.7706935123042505,0.1701388888888889,0.25279642058165547,0.6901565995525727,0.8736017897091722,0.3713646532438479,0.6778523489932886,0.3221476510067114,0.23702031602708803,4.05333,0.15466,0.0009488343558282207,.229,.395,9.1,11.7,18.01801801801802,91.7,106.5,93,103.9,45.5,27,12,22.9,0.403642,0.614458,0.867647,0.07890739999999999,12,.238,.331,.392,.309,5.5,9,19,7,0,34,5,44,266,61
Deyvison De Los Santos,MIA,1B/3B,22,419,389,1523,0.6476510067114094,0.639821029082774,0.9194630872483222,0.49370805369127513,0.8765100671140938,0.28044103547459254,0.5906040268456376,0.9149888143176734,0.8970917225950783,0.05480984340044743,0.013422818791946308,0.8769574944071589,0.9865771812080537,0.7651006711409396,0.9720357941834452,0.7069351230425056,0.39485458612975394,0.10738255033557047,0.13870246085011187,0.949074074074074,0.9060402684563759,0.37919463087248323,0.07606263982102908,0.2080536912751678,0.5279642058165548,0.5100671140939598,0.31376975169300225,2.75842,"'-0.239635","'-0.0005719212410501192",.236,.454,11.8,5,45.01133786848073,90.6,116,92.3,108,41.6,25.8,5,35.1,0.569892,0.736842,0.8235290000000001,0.176075,13.4,.265,.310,.524,.298,7.9,33,21,21,1,103,26,108,877,308
José Tena,WSN,3B,24,437,400,1693,0.6532438478747203,0.6230425055928411,0.9172259507829977,0.560332774049217,0.843847874720358,0.3565036752956216,0.7606263982102909,0.8042505592841164,0.6778523489932886,0.22371364653243847,0.11409395973154363,0.9172259507829977,0.8624161073825504,0.9328859060402684,0.8948545861297539,0.9574944071588367,0.3624161073825503,0.13646532438478748,0.3389261744966443,0.8298611111111112,0.7606263982102909,0.40268456375838924,0.2930648769574944,0.7002237136465325,0.6353467561521253,0.035794183445190156,0.38826185101580135,6.0035300000000005,0.15373699999999998,0.00035180091533180784,.252,.417,8.1,7.8,35.66739606126915,91.1,112.1,94.1,106.3,50.2,26.3,6,30.4,0.518717,0.702703,0.826923,0.139037,14.5,.280,.339,.477,.351,5.3,23,34,21,2,112,18,115,871,265
Miguel Vargas,CHW,3B,25,191,145,797,0.9485458612975392,0.9630872483221476,0.9149888143176734,0.7468540268456376,0.6447427293064878,0.7847555129434324,0.7136465324384788,0.8859060402684564,0.785234899328859,0.9798657718120806,0.9821029082774049,0.7785234899328859,0.3512304250559284,0.6129753914988815,0.3098434004474273,0.4228187919463087,0.8411633109619687,0.941834451901566,0.8758389261744967,0.12037037037037035,0.3131991051454139,0.5794183445190156,0.9217002237136466,0.6286353467561522,0.029082774049217,0.7427293064876958,0.9751693002257337,5.49779,"'-1.7892","'-0.009367539267015706",.247,.447,9.5,19.9,15.63275434243176,89.7,107.8,91,101.6,35.3,17.3,21,19.9,0.391468,0.628141,0.852,0.07277289999999999,30.2,.290,.440,.566,.315,5.8,11,38,14,1,42,8,33,312,62
Johnathan Rodríguez,CLE,OF,25,507,439,2085,0.8109619686800895,0.889261744966443,0.912751677852349,0.6154921700223714,0.93668903803132,0.4605305209332055,0.6308724832214765,0.8389261744966443,0.901565995525727,0.6935123042505593,0.680089485458613,0.9720357941834452,0.9910514541387024,0.9753914988814317,0.9753914988814317,0.9798657718120806,0.407158836689038,0.1789709172259508,0.4004474272930649,0.2731481481481481,0.15212527964205816,0.39149888143176736,0.4988814317673378,0.319910514541387,0.4899328859060403,0.22371364653243847,0.16027088036117382,3.66753,"'-0.497338","'-0.0009809428007889547",.240,.429,11.9,12.4,24.83537158984008,92.5,116.8,96.1,108.2,54.8,25.2,7,29.2,0.426859,0.593598,0.8251629999999999,0.117026,10.5,.301,.389,.540,.361,7.3,37,63,18,0,132,29,128,890,260
Adrian Del Castillo,ARI,C/DH,26,466,410,1757,0.9451901565995525,0.9463087248322147,0.9105145413870246,0.7553131991051454,0.8787472035794183,0.6778523489932885,0.9272930648769575,0.9720357941834452,0.8780760626398211,0.5033557046979866,0.610738255033557,0.8534675615212528,0.7885906040268457,0.9217002237136466,0.814317673378076,0.901565995525727,0.8456375838926175,0.8076062639821029,0.7293064876957495,0.5138888888888888,0.7002237136465325,0.6621923937360179,0.6935123042505593,0.2662192393736018,0.40268456375838924,0.407158836689038,0.8047404063205418,3.2995,"'-0.684671","'-0.0014692510729613735",.279,.503,11.4,10.7,25.71428571428571,90.4,111,93.8,105.3,47.3,17,17,23.5,0.460668,0.688504,0.863555,0.0996038,21.9,.310,.391,.602,.330,8.2,38,50,36,3,127,26,79,808,190
Heliot Ramos,SFG,OF,26,133,115,521,0.9630872483221476,0.912751677852349,0.9082774049217002,0.6992449664429531,0.9337807606263983,0.50431447746884,0.9149888143176734,0.9888143176733781,0.9217002237136466,0.569351230425056,0.46756152125279643,0.9082774049217002,0.9138702460850112,0.9530201342281879,0.9832214765100671,0.9362416107382551,0.28859060402684567,0.2986577181208054,0.5089485458612976,0.5891203703703703,0.7762863534675615,0.4451901565995526,0.4742729306487696,0.8120805369127517,0.6957494407158836,0.174496644295302,0.09932279909706546,6.68398,0.177482,0.001334451127819549,.273,.527,12.8,11.3,28.417266187050362,91,112.9,94.8,108.6,48.7,27.8,9,27.5,0.474088,0.705394,0.8352940000000001,0.119002,8.9,.296,.383,.565,.366,7.5,10,15,3,2,34,8,37,247,68
Alan Roden,MIN,OF,25,283,243,1100,0.8355704697986577,0.8568232662192393,0.9060402684563759,0.6758948545861297,0.5966442953020133,0.7241930329178652,0.9228187919463087,0.7181208053691275,0.36465324384787473,0.6420581655480985,0.5637583892617449,0.5257270693512305,0.8713646532438478,0.6040268456375839,0.5503355704697986,0.5033557046979866,0.9228187919463087,0.24049217002237136,0.9183445190156599,0.2708333333333333,0.14988814317673377,0.9574944071588367,0.9149888143176734,0.7628635346756152,0.8053691275167785,0.843400447427293,0.8431151241534989,6.32148,0.921479,0.0032561095406360425,.278,.394,4.4,12,26.530612244897963,88,112.2,90.9,103.4,36.9,14.5,8,18.2,0.42558999999999997,0.5935729999999999,0.9299360000000001,0.07350269999999999,22.8,.309,.399,.506,.338,3.2,9,34,15,3,75,9,41,468,85
Juan Brito,CLE,2B,24,647,549,2500,0.6476510067114094,0.6297539149888143,0.9038031319910514,0.6272371364653244,0.45592841163310965,0.7718120805369127,0.5011185682326622,0.5615212527964206,0.5078299776286354,0.785234899328859,0.7158836689038032,0.4742729306487696,0.37583892617449666,0.540268456375839,0.3523489932885906,0.36017897091722595,0.8747203579418344,0.860178970917226,0.8187919463087249,0.4594907407407408,0.7427293064876958,0.7069351230425056,0.7583892617449665,0.34451901565995524,0.3512304250559284,0.668903803131991,0.8431151241534989,3.85239,"'-1.10125","'-0.0017020865533230295",.230,.364,6.1,13.4,24.161073825503358,87.7,108,90.4,101.9,33.4,16.2,18,21.7,0.45607,0.699138,0.869297,0.091853,22.8,.255,.363,.443,.279,4.2,27,87,40,0,140,21,105,1141,248
Jace Jung,DET,3B,25,415,339,1735,0.7874720357941835,0.6868008948545862,0.901565995525727,0.5965464205816555,0.6306487695749441,0.5918823905401087,0.4563758389261745,0.7237136465324385,0.7404921700223713,0.9149888143176734,0.8590604026845637,0.43400447427293065,0.8221476510067114,0.3098434004474273,0.5246085011185683,0.43288590604026844,0.5771812080536913,0.8076062639821029,0.5480984340044742,0.21296296296296294,0.26174496644295303,0.3131991051454139,0.668903803131991,0.19686800894854586,0.16554809843400448,0.8232662192393736,0.5948081264108352,2.69977,"'-1.4506","'-0.0034954216867469877",.227,.395,8.8,16.1,21.18551042810099,87.5,111.4,88.7,103.2,35.7,22.4,17,27,0.41268,0.616322,0.814229,0.101441,18,.257,.377,.454,.307,5.3,22,67,23,1,87,14,93,716,193
Moisés Ballesteros,CHC,DH,21,285,260,1083,0.6834451901565995,0.558165548098434,0.8993288590604027,0.5644574944071589,0.6798657718120806,0.4829018855864494,0.8076062639821029,0.8210290827740492,0.7539149888143176,0.25838926174496646,0.10738255033557047,0.6319910514541387,0.6532438478747203,0.5704697986577181,0.7248322147651006,0.5391498881431768,0.6308724832214765,0.7024608501118568,0.6174496644295302,0.8460648148148148,0.8299776286353467,0.5089485458612976,0.4272930648769575,0.058165548098434,0.1610738255033557,0.47651006711409394,0.7573363431151241,1.25234,"'-1.02554","'-0.00359838596491228",.258,.420,9,8.1,35.749588138385505,88.7,109.9,90.6,104.5,37.8,21.1,15,25.4,0.523546,0.7186859999999999,0.842857,0.12372999999999999,20.9,.281,.340,.454,.330,6.3,18,23,15,0,73,10,60,567,144
Jhonkensy Noel,CLE,OF,24,284,258,1043,0.7248322147651006,0.8959731543624161,0.8970917225950783,0.565576062639821,0.7850111856823266,0.3883029721955897,0.6185682326621924,0.8859060402684564,0.8903803131991052,0.1331096196868009,0.029082774049217,0.5906040268456376,1,0.4697986577181208,0.9798657718120806,0.558165548098434,0.6308724832214765,0.7024608501118568,0.5313199105145414,0.8946759259259259,0.8008948545861297,0.3221476510067114,0.27069351230425054,0.36017897091722595,0.4720357941834452,0.6062639821029083,0.6467268623024831,4.00821,"'-0.316601","'-0.001114792253521127",.239,.447,11.7,6.7,40.955631399317404,88.4,118.4,90,108.5,38.1,21.1,15,27.2,0.545542,0.7125,0.815789,0.14094,18.7,.295,.359,.578,.322,8.1,23,19,15,2,76,18,60,569,155
Brennen Davis,NYY,OF,25,181,145,664,0.9161073825503355,0.6868008948545862,0.8948545861297539,0.6407298657718121,0.9026845637583893,0.46037072547139674,0.3982102908277405,0.901565995525727,0.8780760626398211,0.7225950782997763,0.8568232662192393,0.9317673378076062,0.9340044742729307,0.9272930648769575,0.7046979865771812,0.8680089485458613,0.5369127516778524,0.941834451901566,0.11073825503355705,0.5381944444444444,0.7941834451901566,0.07158836689038031,0.1297539149888143,0.2595078299776286,0.15883668903803133,0.9373601789709173,0.9717832957110609,3.26198,"'-0.655907","'-0.003623795580110498",.222,.450,11.4,12.7,21.19402985074627,91.3,113.7,93.9,104.4,45.7,23.2,21,36.2,0.46536099999999997,0.711309,0.748954,0.161145,29.5,.214,.359,.469,.213,6.6,12,23,4,0,31,11,42,309,112
Luis Matos,SFG,OF,23,373,326,1326,0.5727069351230425,0.46756152125279643,0.8926174496644296,0.6327600671140939,0.5181208053691275,0.7056567593480344,0.732662192393736,0.5615212527964206,0.3187919463087248,0.20134228187919462,0.14093959731543623,0.5257270693512305,0.7595078299776287,0.5033557046979866,0.7046979865771812,0.4250559284116331,0.9686800894854586,0.941834451901566,0.9753914988814317,0.8078703703703703,0.7494407158836689,0.970917225950783,0.9328859060402684,0.34675615212527966,0.6241610738255033,0.9284116331096197,0.9841986455981941,3.89099,0.089893,0.000241,.249,.364,3.7,7.5,34.82658959537572,88,110.8,90.2,104.4,35.4,10.7,21,14.4,0.512048,0.701095,0.9375,0.0677711,31.1,.252,.324,.448,.243,2.9,11,28,22,0,82,14,40,681,98
Everson Pereira,TBR,OF,24,182,162,666,0.8668903803131991,0.7404921700223713,0.8903803131991052,0.5464904921700224,0.8129753914988814,0.2831575583253435,0.6185682326621924,0.9451901565995525,0.9407158836689038,0.33221476510067116,0.5011185682326622,0.8131991051454138,0.6532438478747203,0.6935123042505593,0.8747203579418344,0.7125279642058165,0.13087248322147652,0.4217002237136465,0.035794183445190156,0.7673611111111112,0.9082774049217002,0.05145413870246085,0.02237136465324385,0.7897091722595079,0.38478747203579416,0.4105145413870246,0.2765237020316027,6.54166,"'-0.280029","'-0.0015386208791208788",.239,.481,13.6,8.8,27.696793002915452,89.9,109.9,91.8,106.1,41.7,32.4,11,41.2,0.504505,0.737342,0.729614,0.1997,12.6,.265,.346,.512,.355,7.7,14,16,8,1,43,10,59,337,139
Bryan Ramos,CHW,3B,23,279,243,1119,0.7181208053691275,0.44854586129753915,0.8881431767337807,0.5383808724832215,0.6185682326621924,0.4426334292106104,0.8243847874720358,0.732662192393736,0.6017897091722595,0.31655480984340045,0.7404921700223713,0.5592841163310962,0.6733780760626398,0.7069351230425056,0.46420581655480986,0.5257270693512305,0.6510067114093959,0.5536912751677853,0.32550335570469796,0.3807870370370369,0.3691275167785235,0.29977628635346754,0.3959731543624161,0.32662192393736017,0.21252796420581654,0.18568232662192394,0.47404063205417607,3.73234,"'-0.766306","'-0.0027466164874551968",.260,.397,7.4,8.6,23.69337979094077,88.2,110,91.9,102.7,37.4,20.8,13,30.6,0.444147,0.639576,0.8121550000000001,0.12779300000000002,16,.263,.339,.416,.313,5,14,24,13,0,64,8,58,497,152
Brett Baty,NYM,3B,25,268,229,1117,0.970917225950783,0.727069351230425,0.8859060402684564,0.6866610738255033,0.8628635346756152,0.58596995845318,0.9071588366890381,0.9865771812080537,0.9809843400447428,0.6845637583892618,0.5123042505592841,0.5592841163310962,0.9776286353467561,0.6935123042505593,0.9261744966442953,0.8098434004474273,0.6196868008948546,0.5536912751677853,0.6073825503355704,0.3634259259259259,0.27740492170022374,0.7158836689038032,0.6845637583892618,0.13870246085011187,0.4519015659955257,0.38031319910514544,0.40970654627539504,2.40125,"'-0.324312","'-0.0012101194029850745",.271,.525,15.4,12.3,27.483443708609272,88.2,115.3,91.8,106.8,44,21.3,13,25.5,0.440072,0.618959,0.870871,0.10017899999999999,14.8,.253,.351,.507,.264,10.1,27,33,10,0,58,16,57,491,125
Lenyn Sosa,CHW,2B,25,112,102,455,0.8769574944071589,0.7158836689038032,0.883668903803132,0.6622623042505592,0.8038031319910515,0.5351550015979546,0.8243847874720358,0.9686800894854586,0.9351230425055929,0.24608501118568232,0.14988814317673377,0.7785234899328859,0.5044742729306487,0.674496644295302,0.5973154362416108,0.8322147651006712,0.8154362416107382,0.756152125279642,0.8612975391498882,0.5324074074074074,0.07158836689038031,0.7583892617449665,0.843400447427293,0.37360178970917224,0.27293064876957496,0.5715883668903803,0.8329571106094809,4.0541,"'-0.247725","'-0.002211830357142857",.260,.501,13.3,8,34.55284552845529,89.7,109,91.6,103.7,44.6,17.9,16,20.2,0.464912,0.570136,0.8809520000000001,0.0811403,22.6,.275,.330,.529,.286,9.8,11,9,8,0,28,6,20,213,43
Matthew Lugo,LAA,OF,24,146,129,555,0.7360178970917226,0.656599552572707,0.8814317673378076,0.5916526845637584,0.6695749440715882,0.46085011185682323,0.668903803131991,0.8098434004474273,0.8579418344519015,0.2695749440715884,0.6442953020134228,0.29194630872483224,0.8064876957494407,0.24272930648769575,0.7583892617449665,0.5816554809843401,0.38031319910514544,0.756152125279642,0.5234899328859061,0.5763888888888888,0.6062639821029083,0.35570469798657717,0.4463087248322148,0.7315436241610739,0.9261744966442953,0.8579418344519015,0.9334085778781038,6.24863,1.14555,0.00784623287671233,.244,.418,11,8.2,25.26690391459075,86.5,111.2,88.1,104.7,38.5,26,16,27.3,0.472325,0.675277,0.819672,0.121771,27.5,.256,.342,.481,.318,6.8,10,12,11,0,33,6,38,264,72
Hunter Goodman,COL,C,26,139,121,505,0.8702460850111857,0.9239373601789709,0.8791946308724832,0.6482102908277405,0.9250559284116331,0.430648769574944,0.5436241610738255,0.9496644295302014,0.9899328859060402,0.5201342281879194,0.08501118568232663,0.901565995525727,0.8713646532438478,0.7404921700223713,0.9686800894854586,0.912751677852349,0.5492170022371364,0.8076062639821029,0.29642058165548096,0.8726851851851852,0.9463087248322147,0.4407158836689038,0.1767337807606264,0.5100671140939598,0.6263982102908278,0.9138702460850112,0.9435665914221218,4.77671,0.0345379,0.0002484741007194245,.233,.485,17.8,10.8,36.61971830985916,90.9,112.2,92.1,107.9,47.8,23,17,31.1,0.5346529999999999,0.754464,0.8343200000000001,0.154455,27.8,.281,.367,.603,.317,11.5,16,15,13,1,34,8,32,270,84
Nolan Gorman,STL,2B,25,98,88,402,0.7662192393736018,0.3982102908277405,0.8769574944071589,0.588506711409396,0.885682326621924,0.43176733780760623,0.3668903803131991,0.9317673378076062,0.9731543624161074,0.3713646532438479,0.6778523489932886,0.8131991051454138,0.8176733780760627,0.912751677852349,0.685682326621924,0.8926174496644296,0.5123042505592841,0.7024608501118568,0.30201342281879195,0.4780092592592592,0.2953020134228188,0.48322147651006714,0.38031319910514544,0.1297539149888143,0.4407158836689038,0.7516778523489933,0.43002257336343114,2.3303599999999998,"'-0.123367","'-0.0012588469387755106",.219,.474,15.2,9.2,24.86772486772487,89.9,111.3,93.7,104.3,47,23.5,15,31,0.457711,0.6238100000000001,0.8396950000000001,0.129353,15.2,.205,.276,.489,.186,10.2,10,9,4,0,18,7,23,184,57
Josh Kasevich,TOR,SS,24,173,157,634,0.529082774049217,0.656599552572707,0.8747203579418344,0.5992030201342282,0.505145413870246,0.743688079258549,0.9004474272930649,0.5413870246085011,0.17002237136465326,0.25838926174496646,0.8612975391498882,0.7639821029082774,0.5044742729306487,0.6476510067114094,0.6711409395973155,0.5458612975391499,0.9228187919463087,0.04138702460850112,0.9932885906040269,0.2280092592592593,0.19686800894854586,0.9955257270693513,0.9776286353467561,0.38478747203579416,0.6823266219239373,0.06487695749440715,0.019187358916478554,4.0838,0.175924,0.0010169017341040464,.269,.360,2.3,8.1,21.1038961038961,89.6,109,91.3,104.2,37.9,14.5,3,10.6,0.416404,0.604938,0.9642860000000001,0.039432199999999994,5.3,.325,.382,.433,.369,1.7,3,14,8,0,51,3,25,264,28
Jordan Diaz,ATH,2B/3B,25,436,395,1569,0.8534675615212528,0.8266219239373602,0.87248322147651,0.6112276286353467,0.7572706935123042,0.5762224352828379,0.9351230425055929,0.8803131991051454,0.5559284116331096,0.22371364653243847,0.15212527964205816,0.7214765100671141,0.8713646532438478,0.7953020134228188,0.8411633109619687,0.7572706935123042,0.8154362416107382,0.07494407158836688,0.6387024608501118,0.8877314814814815,0.9351230425055929,0.8657718120805369,0.40268456375838924,0.09619686800894854,0.3982102908277405,0.7080536912751678,0.31715575620767494,1.83083,"'-0.644732","'-0.0014787431192660552",.282,.444,6.6,7.8,34.52807646356034,89.3,112.2,92.5,105.6,42.8,17.9,4,25.2,0.5404720000000001,0.748971,0.897436,0.126195,13.5,.301,.362,.529,.327,4.8,21,34,22,1,119,22,78,849,214
Grant McCray,SFG,OF,24,208,186,792,0.5592841163310962,0.639821029082774,0.8702460850111857,0.5345357941834452,0.6778523489932885,0.42058165548098436,0.5637583892617449,0.6644295302013423,0.6196868008948546,0.4552572706935123,0.348993288590604,0.7472035794183445,0.6051454138702461,0.7069351230425056,0.7583892617449665,0.7527964205816555,0.38031319910514544,0.1789709172259508,0.28523489932885904,0.8518518518518519,0.854586129753915,0.4116331096196868,0.2080536912751678,0.9172259507829977,0.47874720357941836,0.06263982102908278,0.17607223476297967,7.60001,"'-0.217272","'-0.001044576923076923",.234,.383,7.6,10.1,30.568720379146924,89.5,109.6,91.9,104.7,42.7,26,7,31.3,0.525721,0.7245659999999999,0.828767,0.14931,10.9,.269,.346,.473,.349,4.8,10,21,12,4,50,6,54,418,131
Ben Rice,NYY,1B/DH,26,138,109,541,0.9787472035794184,0.9821029082774049,0.8680089485458613,0.7461549217002237,0.8693512304250559,0.6492489613294982,0.8948545861297539,0.9753914988814317,0.9765100671140939,0.9664429530201343,0.9261744966442953,0.9720357941834452,0.47651006711409394,0.9563758389261745,0.8948545861297539,0.9463087248322147,0.7695749440715883,0.860178970917226,0.6073825503355704,0.1875,0.29082774049217003,0.2550335570469799,0.7293064876957495,0.3131991051454139,0.203579418344519,0.7941834451901566,0.9108352144469526,3.61976,"'-0.401934","'-0.002912565217391305",.268,.505,15.3,18.1,19.42446043165468,92.5,108.8,94.9,106.3,49.4,18.8,18,25.5,0.406654,0.623077,0.802469,0.09426989999999999,25.9,.294,.428,.661,.274,9.4,13,25,4,0,32,12,26,220,56
Kyle Teel,CHW,C,23,123,102,526,0.5995525727069351,0.4217002237136465,0.8657718120805369,0.48531879194630867,0.37718120805369126,0.5894854586129753,0.35906040268456374,0.4250559284116331,0.4552572706935123,0.9272930648769575,0.8098434004474273,0.26174496644295303,0.6051454138702461,0.19463087248322147,0.4105145413870246,0.13870246085011187,0.5055928411633109,0.1789709172259508,0.5055928411633109,0.21180555555555555,0.4407158836689038,0.3691275167785235,0.5682326621923938,0.6152125279642058,0.756152125279642,0.37360178970917224,0.07562076749435666,5.39956,0.283871,0.002307894308943089,.218,.337,5.6,16.3,22.456140350877188,86.3,109.6,87.6,102.3,26.4,23.6,7,27.6,0.41254799999999997,0.651452,0.8216559999999999,0.110266,8.1,.255,.374,.343,.333,3.3,4,20,3,0,26,2,29,217,60
Joey Loperfido,TOR,OF,26,187,162,719,0.9530201342281879,0.8624161073825504,0.8635346756152126,0.6858221476510067,0.9378076062639821,0.4918504314477468,0.8076062639821029,0.9843400447427293,0.9977628635346756,0.46308724832214765,0.6152125279642058,0.8937360178970917,0.9429530201342282,0.7516778523489933,0.8814317673378076,0.8702460850111857,0.2595078299776286,0.1789709172259508,0.5883668903803132,0.3587962962962963,0.3087248322147651,0.5771812080536913,0.6308724832214765,0.901565995525727,0.8791946308724832,0.5559284116331096,0.2765237020316027,7.52676,1.0306799999999998,0.005511657754010696,.258,.522,18.7,10.2,25.66844919786097,90.8,113.9,92.2,106.2,45.8,28.3,7,25.9,0.439499,0.626087,0.851852,0.10431199999999999,12.6,.272,.358,.568,.316,10.7,20,19,7,1,44,13,53,316,82
Nathan Hickey,BOS,C/1B,25,365,300,1580,0.7975391498881432,0.412751677852349,0.8612975391498882,0.6005313199105144,0.7944071588366891,0.43560242889101947,0.43288590604026844,0.7483221476510067,0.8411633109619687,0.9060402684563759,0.9239373601789709,0.8769574944071589,0.6196868008948546,0.8970917225950783,0.7718120805369127,0.8859060402684564,0.15883668903803133,0.860178970917226,0.18791946308724833,0.08796296296296298,0.06487695749440715,0.31096196868008946,0.4966442953020134,0.4966442953020134,0.6196868008948546,0.7337807606263982,0.7878103837471784,4.71125,0.0675058,0.000184947397260274,.225,.399,10.6,15.9,19.596199524940612,90.6,109.7,93.5,104.8,46.6,31.2,18,33.5,0.381646,0.567268,0.814181,0.11708900000000001,21.6,.210,.340,.397,.282,5.5,20,58,15,1,63,13,114,603,202
Gabriel Arias,CLE,SS,25,177,167,611,0.6387024608501118,0.8355704697986577,0.8590604026845637,0.5820749440715883,0.8619686800894855,0.3525087887503995,0.7606263982102909,0.8579418344519015,0.8221476510067114,0.026845637583892617,0.04697986577181208,0.7941834451901566,0.9138702460850112,0.8791946308724832,0.9586129753914989,0.9217002237136466,0.5648769574944071,0.1789709172259508,0.2740492170022371,0.9641203703703703,0.9776286353467561,0.4899328859060403,0.087248322147651,0.9574944071588367,0.9552572706935123,0.24720357941834453,0.022573363431151242,8.293330000000001,1.8761599999999998,0.010599774011299436,.252,.434,10.2,4,38.819875776397524,89.8,112.9,93.3,107.5,48,22.6,7,31.5,0.581015,0.7792640000000001,0.841202,0.171849,5.5,.317,.356,.545,.388,7.3,13,7,10,5,53,6,40,355,112
Max Muncy,ATH,2B/3B,23,202,172,780,0.540268456375839,0.761744966442953,0.8568232662192393,0.45309004474272935,0.5604026845637584,0.3883029721955896,0.3288590604026846,0.49328859060402686,0.5458612975391499,0.34563758389261745,0.2953020134228188,0.5257270693512305,0.5917225950782998,0.7248322147651006,0.7046979865771812,0.645413870246085,0.436241610738255,0.2986577181208054,0.3187919463087248,0.6319444444444444,0.5973154362416108,0.3982102908277405,0.32662192393736017,0.5615212527964206,0.21476510067114093,0.7740492170022372,0.5790067720090294,5.06644,"'-0.533234","'-0.002639772277227723",.215,.352,6.5,8.9,31.36792452830189,88,109.5,92,104.4,40.3,24.8,9,30.7,0.48072,0.67507,0.8257260000000001,0.134961,17.6,.273,.371,.488,.336,4,8,18,11,1,47,8,50,374,115
Ryan Bliss,SEA,2B,25,430,359,1766,0.7975391498881432,0.6991051454138703,0.854586129753915,0.6191275167785235,0.6268456375838927,0.566474912112496,0.6812080536912751,0.7046979865771812,0.6096196868008948,0.8277404921700223,0.738255033557047,0.7214765100671141,0.30313199105145416,0.8579418344519015,0.5503355704697986,0.7953020134228188,0.5648769574944071,0.4217002237136465,0.38926174496644295,0.5995370370370371,0.941834451901566,0.15659955257270694,0.34675615212527966,0.9060402684563759,0.8970917225950783,0.21029082774049218,0.2765237020316027,7.5622,2.70903,0.00630006976744186,.245,.392,7.5,14,23.78435517970402,89.3,107.3,93.1,103.4,43.7,22.6,11,29.3,0.47624399999999995,0.752727,0.784219,0.132353,12.6,.270,.377,.457,.332,4.7,20,60,25,3,97,12,97,850,249
Tyler Black,MIL,1B/DH,25,459,386,1798,0.7494407158836689,0.639821029082774,0.8523489932885906,0.6612835570469799,0.42796420581655487,0.7975391498881432,0.6510067114093959,0.6487695749440716,0.5559284116331096,0.7460850111856824,0.854586129753915,0.18344519015659955,0.4519015659955257,0.27628635346756153,0.3243847874720358,0.29977628635346754,0.7740492170022372,0.62751677852349,0.8859060402684564,0.3923611111111111,0.6152125279642058,0.8501118568232662,0.8568232662192393,0.8299776286353467,0.8098434004474273,0.34116331096196867,0.48645598194130923,6.81641,1.51709,0.0033052069716775602,.242,.380,6.6,12.9,21.350762527233115,85.7,108.6,88.5,101.7,31.9,18.7,14,19.8,0.44605100000000003,0.676709,0.895548,0.0806452,16.2,.259,.373,.430,.299,4.4,20,59,14,5,100,14,86,804,159
Colson Montgomery,CHW,SS,23,572,485,2341,0.5190156599552572,0.3366890380313199,0.8501118568232662,0.5141219239373602,0.5225950782997763,0.4846596356663471,0.3288590604026846,0.4608501118568233,0.6263982102908278,0.6319910514541387,0.5838926174496645,0.20022371364653244,0.9395973154362416,0.3098434004474273,0.7248322147651006,0.3859060402684564,0.24272930648769575,0.860178970917226,0.4552572706935123,0.4548611111111111,0.49440715883668906,0.49440715883668906,0.4899328859060403,0.5123042505592841,0.5078299776286354,0.8456375838926175,0.8860045146726863,4.80315,"'-0.45878599999999997","'-0.0008020734265734267",.215,.345,7.7,11.9,26.15131578947368,85.8,113.8,88.7,104.5,34.3,28.7,18,28.5,0.454934,0.6583899999999999,0.841352,0.117471,24.4,.214,.327,.381,.281,4.4,25,68,21,3,104,18,164,1065,304
Trey Sweeney,DET,SS,25,483,430,1887,0.540268456375839,0.5492170022371364,0.8478747203579419,0.5541806487695748,0.7476510067114094,0.41882390540108666,0.639821029082774,0.6230425055928411,0.6991051454138703,0.3959731543624161,0.5861297539149888,0.901565995525727,0.6532438478747203,0.8668903803131991,0.8523489932885906,0.8612975391498882,0.3400447427293065,0.354586129753915,0.48210290827740493,0.4496527777777778,0.6420581655480985,0.12527964205816555,0.36017897091722595,0.6621923937360179,0.6442953020134228,0.09843400447427293,0.3431151241534989,5.709,0.22938000000000003,0.00047490683229813664,.241,.373,8.3,9.5,26.142401700318807,90.9,109.9,93.2,105.7,45.5,26.9,10,28,0.454545,0.679612,0.771429,0.131313,13.9,.267,.342,.451,.347,5.2,25,46,28,3,115,15,130,870,244
Parker Meadows,DET,OF,25,234,200,942,0.7125279642058165,0.7885906040268457,0.8456375838926175,0.6709312080536913,0.5843400447427294,0.6765739852988176,0.5145413870246085,0.7539149888143176,0.598434004474273,0.6935123042505593,0.7628635346756152,0.42058165548098436,0.7505592841163311,0.3568232662192394,0.7583892617449665,0.3982102908277405,0.7460850111856824,0.9172259507829977,0.703579418344519,0.2314814814814815,0.25727069351230425,0.796420581655481,0.7762863534675615,0.9328859060402684,0.8322147651006712,0.6845637583892618,0.8081264108352144,7.92528,0.916057,0.003914773504273504,.231,.401,7.3,12.4,23.274161735700197,87.4,110.7,89,104.7,34.7,19.2,20,24.1,0.41737299999999994,0.615711,0.886207,0.0900424,22,.285,.380,.490,.329,4.7,11,29,11,3,57,8,45,394,95
Alek Thomas,ARI,OF,25,69,63,250,0.5727069351230425,0.48322147651006714,0.843400447427293,0.641079418344519,0.6277404921700224,0.7032598274209013,0.8758389261744967,0.6890380313199105,0.46756152125279643,0.1756152125279642,0.6890380313199105,0.7941834451901566,0.40268456375838924,0.8970917225950783,0.7248322147651006,0.785234899328859,0.8847874720357942,0.1789709172259508,0.9317673378076062,0.4328703703703704,0.45861297539149887,0.8881431767337807,0.8948545861297539,0.5682326621923938,0.7046979865771812,0.24049217002237136,0.2020316027088036,5.09196,0.103005,0.0014928260869565215,.265,.389,5.7,7.2,24.615384615384613,89.8,108.2,93.5,104.5,43.4,15.9,7,17.7,0.452,0.653543,0.9036139999999999,0.076,11.3,.286,.333,.444,.314,4.3,3,5,4,0,18,2,11,113,20
Alexander Canario,PIT,OF,25,282,246,1140,0.8445190156599552,0.6633109619686801,0.8411633109619687,0.5557186800894854,0.8492170022371365,0.2983381271971876,0.5782997762863534,0.9284116331096197,0.9865771812080537,0.569351230425056,0.3243847874720358,0.703579418344519,0.772930648769575,0.8232662192393736,0.9485458612975392,0.854586129753915,0.18344519015659955,0.756152125279642,0.0738255033557047,0.6458333333333334,0.756152125279642,0.10738255033557047,0.0738255033557047,0.378076062639821,0.3825503355704698,0.767337807606264,0.7291196388261851,4.063269999999999,"'-0.434238","'-0.0015398510638297872",.235,.467,16.8,11.3,31.03448275862069,89.2,110.9,92.8,107.3,45.3,30.5,16,37.5,0.48291000000000006,0.702544,0.7660170000000001,0.17616099999999998,20.5,.240,.333,.500,.292,9.6,27,32,13,0,59,17,86,550,206
Jordan Groshans,KCR,3B,25,63,57,241,0.4597315436241611,0.14988814317673377,0.8389261744966443,0.6439457494407159,0.7161073825503357,0.7647810802173218,0.5782997762863534,0.6062639821029083,0.5458612975391499,0.3959731543624161,0.970917225950783,0.9753914988814317,0.47651006711409394,0.9731543624161074,0.685682326621924,0.9765100671140939,0.8333333333333334,0.13646532438478748,0.9373601789709173,0.2777777777777778,0.4373601789709172,0.8411633109619687,0.9373601789709173,0.19463087248322147,0.026845637583892617,0.21923937360178972,0.08803611738148984,2.69841,"'-0.5937520000000001","'-0.00942463492063492",.235,.371,6.5,9.5,17.24137931034483,92.6,108.8,96,104.3,54.3,17.5,6,17.5,0.427386,0.651163,0.892857,0.06639,8.7,.228,.302,.316,.267,4.8,3,6,2,0,13,1,11,103,18
Brooks Baldwin,CHW,OF,25,34,29,118,0.9977628635346756,0.9932885906040269,0.8366890380313199,0.6682046979865772,0.4825503355704698,0.7166826462128475,1,0.9955257270693513,0.8657718120805369,0.860178970917226,0.5503355704697986,0.1342281879194631,0.29194630872483224,0.026845637583892617,0.06599552572706935,0.12527964205816555,0.9977628635346756,0.9910514541387024,0.8277404921700223,0.8958333333333334,0.9910514541387024,0.30313199105145416,0.4865771812080537,0.27293064876957496,0.024608501118568233,0.35011185682326623,0.9627539503386005,3.33471,"'-0.347489","'-0.010220264705882352",.367,.544,11.1,14.7,26.66666666666667,85.1,107.2,82.7,98.4,25.9,5.9,26,21.5,0.546219,0.8,0.8125,0.117647,28.6,.345,.441,.655,.320,8.8,3,5,3,0,10,2,2,65,14
Luisangel Acuña,NYM,2B,23,581,543,2011,0.25615212527964204,0.19239373601789708,0.8344519015659956,0.5217421700223713,0.4438478747203579,0.5960370725471397,0.6812080536912751,0.38478747203579416,0.27181208053691275,0.0738255033557047,0.15883668903803133,0.5111856823266219,0.6051454138702461,0.4463087248322148,0.5067114093959731,0.4463087248322148,0.8646532438478747,0.07494407158836688,0.7953020134228188,0.8125,0.8322147651006712,0.8456375838926175,0.6017897091722595,0.9440715883668904,0.6487695749440716,0.6006711409395973,0.0835214446952596,7.9961,0.319736,0.0005503201376936319,.245,.332,3.3,5.5,34.39490445859873,87.9,109.6,89.8,103,35.9,16.4,4,22,0.512897,0.720302,0.893553,0.107143,8.5,.258,.299,.355,.299,2.6,15,32,20,6,140,7,95,1036,228
Mark Vientos,NYM,3B/DH,25,132,116,549,0.7494407158836689,0.7986577181208053,0.8322147651006712,0.5058724832214765,0.8691275167785235,0.29194630872483224,0.5637583892617449,0.8501118568232662,0.9328859060402684,0.5771812080536913,0.4407158836689038,0.9530201342281879,0.6733780760626398,0.8881431767337807,0.8948545861297539,0.9362416107382551,0.2360178970917226,0.10738255033557047,0.20134228187919462,0.3032407407407408,0.19239373601789708,0.116331096196868,0.2796420581655481,0.2841163310961969,0.27069351230425054,0.2539149888143177,0.01580135440180587,3.44809,"'-0.292998","'-0.002219681818181818",.234,.432,13.2,11.4,28.762541806020064,91.8,110,93.4,106.3,48.7,28.8,5,33.2,0.433515,0.603774,0.76875,0.140255,5.1,.284,.371,.500,.375,7.6,10,15,5,1,33,6,38,238,79
Tirso Ornelas,SDP,OF,25,543,482,2116,0.6834451901565995,0.7404921700223713,0.8299776286353467,0.6284256152125279,0.6225950782997762,0.6741770533716842,0.860178970917226,0.7404921700223713,0.5223713646532439,0.3814317673378076,0.3221476510067114,0.5257270693512305,0.7046979865771812,0.6040268456375839,0.7583892617449665,0.6196868008948546,0.8747203579418344,0.2986577181208054,0.8411633109619687,0.6296296296296297,0.5883668903803132,0.9105145413870246,0.8008948545861297,0.38031319910514544,0.5033557046979866,0.6185682326621924,0.5090293453724605,4.07315,"'-0.469559","'-0.0008647495395948435",.263,.398,6.3,9.4,31.040564373897706,88,110.2,90.9,104.7,39.8,16.2,9,20.9,0.480415,0.674349,0.9093610000000001,0.0877772,16.6,.295,.363,.496,.316,4.6,25,51,24,2,142,23,88,1023,214
Drew Cavanaugh,SFG,C,23,35,30,152,0.8769574944071589,0.412751677852349,0.8277404921700223,0.5880173378076063,0.39127516778523497,0.7038990092681369,0.9519015659955258,0.6778523489932886,0.04697986577181208,0.5771812080536913,0.9798657718120806,0.703579418344519,0.12416107382550336,0.5246085011185683,0.7046979865771812,0.40380313199105144,0.7013422818791947,0.5536912751677853,0.7449664429530202,0.06712962962962964,0.15436241610738255,0.9530201342281879,0.8165548098434005,0.14205816554809844,0.25279642058165547,0.7114093959731543,0.08803611738148984,2.40247,"'-0.0798783","'-0.002282237142857143",.289,.386,0,11.4,15.853658536585364,89.2,105.1,90.3,104.4,34.8,20,13,23.2,0.368421,0.5942029999999999,0.9268290000000001,0.0855263,8.7,.300,.400,.300,.391,0,0,4,0,0,9,0,7,56,13
Jacob Berry,MIA,3B/OF,24,102,91,418,0.2181208053691275,0.22930648769574943,0.825503355704698,0.5661353467561521,0.4624161073825504,0.6759348034515819,0.38814317673378074,0.31655480984340045,0.2203579418344519,0.33221476510067116,0.3534675615212528,0.8131991051454138,0.18232662192393737,0.7516778523489933,0.3668903803131991,0.7796420581655481,0.8277404921700223,0.5536912751677853,0.8646532438478747,0.6331018518518519,0.6442953020134228,0.9149888143176734,0.7941834451901566,0.854586129753915,0.738255033557047,0.40492170022371365,0.4018058690744921,6.97946,0.21494899999999997,0.002107343137254902,.221,.319,2.7,8.8,30.472103004291853,89.9,106.2,92.2,102,43.2,17.6,13,20.1,0.480861,0.680203,0.9104479999999999,0.08851669999999999,14.7,.242,.304,.374,.274,2,2,9,4,1,22,2,18,204,41
Ronny Simon,PIT,2B/OF,25,513,456,2050,0.34675615212527966,0.5123042505592841,0.8232662192393736,0.5587248322147651,0.5595078299776287,0.6126558005752637,0.5436241610738255,0.3333333333333333,0.3713646532438479,0.3713646532438479,0.3870246085011186,0.6868008948545862,0.772930648769575,0.6621923937360179,0.7248322147651006,0.6331096196868009,0.7550335570469798,0.24049217002237136,0.7953020134228188,0.494212962962963,0.4004474272930649,0.8120805369127517,0.767337807606264,0.7225950782997763,0.5123042505592841,0.3042505592841163,0.4198645598194131,6.17929,"'-0.387575","'-0.0007555068226120857",.233,.323,4.5,9.2,29.762949956101842,89.1,110.9,91.5,104.5,40.1,19.1,8,22,0.45903999999999995,0.644374,0.8879739999999999,0.0906447,15,.274,.349,.423,.328,3.1,16,47,30,4,125,10,98,945,208
Payton Eeles,MIN,2B/SS,25,255,209,1062,0.8355704697986577,0.889261744966443,0.8210290827740492,0.6368148769574944,0.41856823266219234,0.7798018536273571,0.6017897091722595,0.7114093959731543,0.5827740492170023,0.7460850111856824,0.8791946308724832,0.3098434004474273,0.2695749440715884,0.3422818791946309,0.21029082774049218,0.21923937360178972,0.9105145413870246,0.24049217002237136,0.9563758389261745,0.2152777777777778,0.34675615212527966,0.668903803131991,0.9507829977628636,0.959731543624161,0.9194630872483222,0.2751677852348993,0.05304740406320542,8.414860000000001,1.92575,0.007551960784313727,.237,.393,7,12.9,20.646319569120287,86.6,107,88.9,100.7,29.2,14.9,8,16.3,0.413308,0.635271,0.864353,0.0599813,7.1,.292,.416,.498,.323,4.7,12,33,11,4,61,8,38,443,72
Curtis Mead,CHW,2B/3B,25,409,364,1476,0.4172259507829978,0.6756152125279642,0.8187919463087249,0.5526426174496644,0.5335570469798657,0.5420262064557366,0.46868008948545864,0.5123042505592841,0.5559284116331096,0.14317673378076062,0.09619686800894854,0.29194630872483224,0.7885906040268457,0.4261744966442953,0.5973154362416108,0.5190156599552572,0.8970917225950783,0.7024608501118568,0.8031319910514542,0.8321759259259259,0.6912751677852349,0.5503355704697986,0.6129753914988815,0.7919463087248322,0.16331096196868009,0.41498881431767337,0.5383747178329571,6.551,"'-1.45504","'-0.003557555012224938",.228,.354,6.6,6.8,36.14303959131546,86.5,111,89.6,103.7,37.2,15.6,15,21.9,0.519648,0.6873239999999999,0.848361,0.106369,17.1,.288,.357,.481,.316,4.9,20,28,19,6,105,13,64,767,168
Edouard Julien,MIN,2B,26,232,186,1016,0.9105145413870246,0.668903803131991,0.8165548098434005,0.6272371364653244,0.7590604026845637,0.5586449344838608,0.5257270693512305,0.825503355704698,0.8411633109619687,0.9776286353467561,0.959731543624161,0.7941834451901566,0.49105145413870244,0.8355704697986577,0.6711409395973155,0.843400447427293,0.14429530201342283,0.24049217002237136,0.5917225950782998,0.0775462962962963,0.09619686800894854,0.36017897091722595,0.7807606263982103,0.6532438478747203,0.7807606263982103,0.5615212527964206,0.21896162528216703,5.6788300000000005,0.621715,0.0026798060344827585,.232,.421,10.6,19.4,17.625231910946194,89.8,108.9,92.9,104.2,45.1,31.5,8,25.8,0.376969,0.576764,0.8201440000000001,0.0895669,11.5,.242,.392,.409,.358,5.2,12,45,8,1,45,7,73,384,99
Malcom Nuñez,PIT,1B/3B,24,526,468,2112,0.3959731543624161,0.2348993288590604,0.814317673378076,0.5032857941834452,0.5825503355704698,0.4894534995206136,0.6812080536912751,0.47874720357941836,0.378076062639821,0.24608501118568232,0.4563758389261745,0.4742729306487696,0.9843400447427293,0.5246085011185683,0.47874720357941836,0.5973154362416108,0.6677852348993288,0.4217002237136465,0.6174496644295302,0.3726851851851852,0.2550335570469799,0.5637583892617449,0.6196868008948546,0.21476510067114093,0.3579418344519016,0.7829977628635347,0.6106094808126411,2.8129,"'-0.8804549999999999","'-0.0016738688212927756",.245,.349,4.6,8,28.533801580333627,87.7,115.6,90.3,102.8,38.9,20.5,11,25.4,0.44223500000000004,0.6153850000000001,0.8503290000000001,0.10606099999999999,18.3,.250,.310,.365,.294,3.2,17,42,21,0,117,11,108,934,237
Cristhian Rodriguez,FA,3B/SS,23,27,23,107,0.16890380313199105,0.02796420581655481,0.8120805369127517,0.3897511185682327,0.5753914988814317,0.4207414509427932,0.024608501118568233,0.22595078299776286,0.9586129753914989,0.8668903803131991,0.9888143176733781,0.6868008948545862,0.5727069351230425,0.25615212527964204,0.645413870246085,0.43288590604026844,0.11185682326621924,0.04138702460850112,0.16331096196868009,0.05381944444444445,0.03803131991051454,0.1319910514541387,0.6442953020134228,0.1789709172259508,0.348993288590604,0.10514541387024609,0.002257336343115124,2.6428599999999998,"'-0.04626280000000001","'-0.001713437037037037",.150,.305,14.3,14.8,12.962962962962964,89.1,109.4,88.3,104,35.7,33.3,3,34.2,0.35514,0.54386,0.7741939999999999,0.10280399999999999,1.2,.130,.259,.174,.214,7.4,2,4,1,0,3,0,9,38,13
T.J. Rumfield,NYY,1B,25,473,421,1857,0.7662192393736018,0.668903803131991,0.8098434004474273,0.6362555928411633,0.5570469798657718,0.7302652604666028,0.8758389261744967,0.8154362416107382,0.5078299776286354,0.34563758389261745,0.5883668903803132,0.4742729306487696,0.436241610738255,0.7248322147651006,0.3970917225950783,0.5514541387024608,0.860178970917226,0.4217002237136465,0.9038031319910514,0.5752314814814815,0.6711409395973155,0.8568232662192393,0.8859060402684564,0.21923937360178972,0.14093959731543623,0.3680089485458613,0.4198645598194131,2.84544,"'-1.82122","'-0.0038503594080338266",.265,.419,6.1,8.9,26.05932203389831,87.7,108.5,92,102.2,38,16.5,11,18.9,0.472267,0.683585,0.8957350000000001,0.0775444,15,.292,.364,.461,.326,4.4,21,42,26,0,123,15,78,877,166
Bryce Eldridge,SFG,1B/DH,21,35,31,137,0.37360178970917224,0.1610738255033557,0.8076062639821029,0.4247063758389262,0.5422818791946309,0.4060402684563758,0.5782997762863534,0.28859060402684567,0.04697986577181208,0.5771812080536913,0.49440715883668906,0.941834451901566,0.4519015659955257,0.9642058165548099,0.645413870246085,0.9821029082774049,0.15100671140939598,0.24049217002237136,0.25615212527964204,0.7650462962962963,0.901565995525727,0.2360178970917226,0.22595078299776286,0.049217002237136466,0.30201342281879195,0.07941834451901567,0.1343115124153499,1.08036,"'-0.0684671","'-0.0019562028571428573",.235,.315,0,11.4,27.777777777777782,91.6,108.6,95.3,104,55,31.4,8,31.9,0.50365,0.735294,0.8,0.145985,10,.258,.343,.258,.400,0,0,4,0,0,8,0,11,69,22
Angel Martínez,CLE,OF,23,244,212,962,0.34675615212527966,0.569351230425056,0.8053691275167785,0.5322986577181208,0.34563758389261745,0.699264940875679,0.4161073825503356,0.3389261744966443,0.3378076062639821,0.46308724832214765,0.3087248322147651,0.35570469798657717,0.4519015659955257,0.29194630872483224,0.25615212527964204,0.24384787472035793,0.8646532438478747,0.62751677852349,0.9317673378076062,0.6145833333333334,0.4563758389261745,0.9642058165548099,0.9060402684563759,0.5033557046979866,0.07158836689038031,0.8232662192393736,0.7663656884875847,4.73495,"'-1.37501","'-0.005635286885245902",.224,.324,4,10.2,31.128404669260696,86.9,108.6,88.6,101.2,30.6,16.4,14,17.7,0.47921,0.6534220000000001,0.9324319999999999,0.0748441,21.1,.264,.348,.448,.292,2.9,7,25,16,1,56,7,40,464,82
Triston Casas,BOS,1B,25,49,42,217,0.6923937360178971,0.8624161073825504,0.8031319910514542,0.5810262863534675,0.7843400447427293,0.511185682326622,0.2550335570469799,0.8042505592841164,0.9932885906040269,0.6722595078299777,0.8120805369127517,0.941834451901566,0.41498881431767337,0.7248322147651006,0.7874720357941835,0.767337807606264,0.2494407158836689,0.8076062639821029,0.48210290827740493,0.0787037037037037,0.029082774049217,0.6219239373601789,0.7114093959731543,0.04138702460850112,0.3422818791946309,0.6308724832214765,0.16930022573363432,0.988445,"'-0.0848151","'-0.0017309204081632655",.207,.417,17.9,12.2,22.41379310344828,91.6,108.3,92,105,42.9,28.6,17,28,0.37788,0.508929,0.859649,0.09677419999999999,10.7,.286,.388,.524,.407,10.2,5,6,7,0,12,1,14,82,23
Edgar Quero,CHW,C/DH,22,110,95,434,0.5861297539149888,0.732662192393736,0.8008948545861297,0.5002796420581656,0.3344519015659955,0.6786513263023329,0.7718120805369127,0.441834451901566,0.3378076062639821,0.6196868008948546,0.5749440715883669,0.4082774049217002,0.23378076062639822,0.4261744966442953,0.3243847874720358,0.2505592841163311,0.7550335570469798,0.1789709172259508,0.7785234899328859,0.6018518518518519,0.6174496644295302,0.7046979865771812,0.7002237136465325,0.0447427293064877,0.24384787472035793,0.49440715883668906,0.11173814898419865,1.03813,"'-0.262156","'-0.002383236363636364",.253,.342,4,11.8,26.267281105990783,87.3,106.7,89.6,101.7,30.7,19.1,7,22.7,0.476959,0.676991,0.869281,0.09907830000000001,9.3,.295,.382,.463,.338,2.7,3,13,4,0,28,4,21,207,47
Samuel Basallo,BAL,C,21,85,80,338,0.10738255033557047,0.0894854586129754,0.7986577181208053,0.32997762863534674,0.6722595078299777,0.1674656439757111,0.19015659955257272,0.36129753914988816,0.46756152125279643,0.09395973154362416,0.1040268456375839,0.9172259507829977,0.7158836689038032,0.9217002237136466,0.9161073825503355,0.8993288590604027,0.13758389261744966,0.01901565995525727,0.09619686800894854,0.8032407407407407,0.5928411633109619,0.07606263982102908,0.07158836689038031,0.42953020134228187,0.6711409395973155,0.4004474272930649,0.4255079006772009,4.31025,0.0689221,0.0008108482352941176,.200,.329,5.7,5.9,35.83815028901734,91.1,110.3,93.8,106.5,47.2,31.8,2,36.6,0.510324,0.674847,0.754545,0.176991,15.1,.212,.259,.325,.294,3.5,3,5,3,0,17,2,27,172,63
Nick Gonzales,PIT,2B,26,153,134,536,0.8210290827740492,0.9753914988814317,0.796420581655481,0.6530341163310962,0.7223713646532438,0.5468200703100032,0.7718120805369127,0.87248322147651,0.6778523489932886,0.4250559284116331,0.16554809843400448,0.8937360178970917,0.38814317673378074,0.7818791946308725,0.7416107382550335,0.7796420581655481,0.8914988814317674,0.756152125279642,0.49776286353467564,0.9085648148148148,0.9664429530201343,0.6442953020134228,0.2371364653243848,0.6599552572706935,0.020134228187919462,0.5559284116331096,0.38261851015801357,5.7045,"'-1.7581200000000001","'-0.011490980392156862",.253,.440,8.1,9.8,34.23728813559322,90.8,108.1,92.4,104.6,43.2,15.7,16,27.8,0.549348,0.773809,0.8615379999999999,0.14338900000000002,14.4,.358,.431,.604,.406,5.9,9,15,14,2,48,5,24,295,82
Rece Hinds,CIN,OF,25,420,379,1668,0.3959731543624161,0.19798657718120805,0.7941834451901566,0.4460989932885906,0.7800894854586129,0.1831255992329818,0.27628635346756153,0.6543624161073825,0.9407158836689038,0.31655480984340045,0.12080536912751678,0.6711409395973155,0.9888143176733781,0.6252796420581656,0.9865771812080537,0.645413870246085,0.04809843400447427,0.4888143176733781,0.042505592841163314,0.8113425925925926,0.6487695749440716,0.07829977628635347,0.026845637583892617,0.7941834451901566,0.8568232662192393,0.5033557046979866,0.5383747178329571,6.558860000000001,1.94117,0.0046218333333333346,.210,.381,13.6,8.6,35.42354235423542,89,116.3,91.1,108.7,40.3,37.9,12,40.1,0.51259,0.680683,0.754826,0.194245,17.1,.208,.281,.377,.313,7.1,30,36,18,2,79,14,159,855,343
Thomas Saggese,STL,2B/SS,23,524,476,1990,0.470917225950783,0.3982102908277405,0.7919463087248322,0.5025866890380313,0.5029082774049216,0.42745286033876645,0.6185682326621924,0.6543624161073825,0.4809843400447427,0.09395973154362416,0.0738255033557047,0.49776286353467564,0.40268456375838924,0.5704697986577181,0.5167785234899329,0.47874720357941836,0.5447427293064877,0.8076062639821029,0.6577181208053692,0.8645833333333334,0.6219239373601789,0.5816554809843401,0.41834451901565994,0.6375838926174496,0.31096196868008946,0.5973154362416108,0.7799097065462754,5.517469999999999,"'-0.999082","'-0.001906645038167939",.239,.381,5.8,5.9,37.34115347018573,87.8,108.2,90.6,103.1,36.5,23.1,17,25,0.53136,0.677083,0.852308,0.12493699999999999,21.3,.250,.311,.437,.292,4,21,31,23,3,119,20,121,1061,265
Andrés Chaparro,WSN,1B/DH,26,454,401,1705,0.9205816554809844,0.9384787472035794,0.7897091722595079,0.6603048098434003,0.8299776286353466,0.5465004793863854,0.9373601789709173,0.9261744966442953,0.7539149888143176,0.4798657718120805,0.2080536912751678,0.8131991051454138,0.8064876957494407,0.8791946308724832,0.814317673378076,0.8501118568232662,0.8076062639821029,0.7024608501118568,0.5671140939597316,0.6967592592592593,0.727069351230425,0.48769574944071586,0.5480984340044742,0.029082774049217,0.5682326621923938,0.9642058165548099,0.8679458239277652,0.857143,"'-0.100236","'-0.00022078414096916298",.283,.466,9,10.4,33.4375,89.9,111.2,93.3,105.3,45.2,18.1,15,26.5,0.49162,0.694444,0.84,0.111732,24,.329,.403,.574,.366,6.4,29,47,27,1,132,23,82,897,238
Chase DeLauter,CLE,OF,24,27,23,105,0.8064876957494407,1,0.7874720357941835,0.6305229306487695,0.2608501118568233,0.8911792905081495,0.8467561521252797,0.6442953020134228,0.39485458612975394,0.8668903803131991,0.8970917225950783,0.17002237136465326,0.05592841163310962,0.10626398210290827,0.008948545861297539,0.039149888143176735,0.9921700223713646,0.860178970917226,0.9977628635346756,0.5474537037037037,0.5704697986577181,0.9340044742729307,0.9798657718120806,0.03243847874720358,0.4161073825503356,0.5503355704697986,0.664785553047404,0.9067459999999999,"'-0.038552300000000005","'-0.0014278629629629626",.262,.379,4.8,14.8,20.37037037037037,85.6,103,86.1,96.2,19,7.4,18,8.2,0.466667,0.673077,0.914286,0.0380952,19,.304,.407,.739,.263,3.7,1,4,4,0,7,2,2,49,4
Brandon Valenzuela,TOR,C,25,89,77,352,0.42841163310961966,0.06599552572706935,0.785234899328859,0.5278942953020135,0.556599552572707,0.5784595717481622,0.6185682326621924,0.31655480984340045,0.29642058165548096,0.6935123042505593,0.6711409395973155,0.8131991051454138,0.4519015659955257,0.8501118568232662,0.44407158836689037,0.9049217002237137,0.5055928411633109,0.4888143176733781,0.34451901565995524,0.7037037037037037,0.930648769574944,0.6375838926174496,0.2662192393736018,0.07829977628635347,0.049217002237136466,0.24384787472035793,0.3363431151241535,1.5619999999999998,"'-0.638089","'-0.0071695393258426965",.239,.319,3.5,12.4,25,89.9,108.6,93,102.5,47.4,23.6,12,30.3,0.492918,0.748466,0.860656,0.14164300000000002,13.8,.195,.292,.234,.263,2.2,2,11,3,0,15,0,21,175,53
Wes Clarke,HOU,C/1B,26,372,321,1605,0.7494407158836689,0.569351230425056,0.7829977628635347,0.5320190156599552,0.8230425055928412,0.2932246724193033,0.48322147651006714,0.8322147651006712,0.9373601789709173,0.6196868008948546,0.825503355704698,0.8635346756152126,0.6923937360178971,0.8668903803131991,0.7718120805369127,0.7897091722595079,0.07718120805369127,0.8076062639821029,0.040268456375838924,0.3263888888888889,0.37583892617449666,0.017897091722595078,0.09619686800894854,0.3042505592841163,0.4966442953020134,0.6465324384787472,0.8860045146726863,3.5541199999999997,"'-0.332494","'-0.0008938010752688172",.229,.427,13.5,11.8,22.069825436408976,90.5,110.1,93.2,104.8,43.5,35.2,17,40.6,0.435514,0.640741,0.674374,0.170093,24.4,.243,.339,.458,.343,7,26,44,13,1,78,18,131,699,284
Spencer Torkelson,DET,1B,26,274,226,1220,0.6677852348993288,0.5782997762863534,0.7807606263982103,0.5589345637583892,0.7351230425055928,0.4581335890060722,0.19798657718120805,0.6152125279642058,0.7941834451901566,0.8747203579418344,0.9574944071588367,0.7941834451901566,0.7595078299776287,0.814317673378076,0.8333333333333334,0.7125279642058165,0.16554809843400448,0.9776286353467561,0.2360178970917226,0.1226851851851852,0.27293064876957496,0.18568232662192394,0.5145413870246085,0.21700223713646533,0.4317673378076063,0.30648769574944074,0.8679458239277652,2.82356,"'-0.36286399999999996","'-0.0013243211678832115",.201,.372,9.7,15,17.829457364341085,89.8,110.8,92.7,105.5,41.7,31,23,32.2,0.392623,0.618557,0.791667,0.115574,24,.239,.354,.442,.319,5.1,14,41,13,0,54,11,85,479,154
Tim Tawa,ARI,2B/OF,26,157,138,603,0.9004474272930649,0.9351230425055929,0.7785234899328859,0.638003355704698,0.7901565995525728,0.494407158836689,0.883668903803132,0.9239373601789709,0.8266219239373602,0.28523489932885904,0.4004474272930649,0.9172259507829977,0.3344519015659955,0.9463087248322147,0.7874720357941835,0.9485458612975392,0.6733780760626398,0.354586129753915,0.6387024608501118,0.6157407407407407,0.5011185682326622,0.40492170022371365,0.5570469798657718,0.6577181208053692,0.767337807606264,0.7315436241610739,0.628668171557562,5.702030000000001,0.388893,0.0024770254777070067,.266,.463,10.3,8.3,29.553264604811,91.1,107.7,94.5,105,49.5,20.4,10,25.2,0.47927,0.658863,0.827411,0.11111099999999999,18.5,.304,.376,.616,.327,7,11,13,11,1,42,10,32,290,73
Ji Hwan Bae,PIT,2B/OF,26,286,242,1170,0.6923937360178971,0.9183445190156599,0.7762863534675615,0.6164709172259508,0.4899328859060402,0.6756152125279643,0.7986577181208053,0.5033557046979866,0.22706935123042504,0.802013422818792,0.767337807606264,0.7348993288590604,0.4261744966442953,0.6476510067114094,0.5659955257270693,0.558165548098434,0.5973154362416108,0.2986577181208054,0.6677852348993288,0.4641203703703704,0.5592841163310962,0.6554809843400448,0.680089485458613,0.8948545861297539,0.7360178970917226,0.058165548098434,0.08126410835214447,7.33755,0.60238,0.002106223776223776,.256,.353,2.8,13.6,23.240589198036012,89.4,108.4,91.3,103.5,38.1,22,9,24.8,0.45616999999999996,0.668459,0.8632709999999999,0.100426,8.4,.339,.428,.504,.429,1.7,5,39,11,4,82,7,63,532,132
Yunior Severino,FA,2B/3B,26,564,489,2223,0.6387024608501118,0.5033557046979866,0.7740492170022372,0.4918903803131991,0.7774049217002237,0.32550335570469796,0.48322147651006714,0.6890380313199105,0.7628635346756152,0.6051454138702461,0.383668903803132,0.7785234899328859,0.9261744966442953,0.7248322147651006,0.8008948545861297,0.7304250559284117,0.3221476510067114,0.24049217002237136,0.14429530201342283,0.5439814814814815,0.4988814317673378,0.14988814317673377,0.174496644295302,0.3422818791946309,0.5212527964205816,0.2930648769574944,0.2528216704288939,3.8404199999999995,"'-0.341149","'-0.0006048741134751772",.229,.389,9.1,11.7,29.765886287625424,89.7,113.5,92,105.2,42.2,27.3,8,35,0.466037,0.658723,0.7829229999999999,0.155196,12.3,.254,.340,.434,.321,5.5,31,66,21,2,124,21,154,1036,363
Jacob Melton,HOU,OF,25,191,173,700,0.16890380313199105,0.3243847874720358,0.7718120805369127,0.5025866890380313,0.6302013422818792,0.5132630233301374,0.27628635346756153,0.36129753914988816,0.598434004474273,0.14317673378076062,0.30201342281879195,0.5592841163310962,0.9284116331096197,0.7818791946308725,0.8523489932885906,0.703579418344519,0.412751677852349,0.10738255033557047,0.62751677852349,0.7638888888888888,0.785234899328859,0.6756152125279642,0.6465324384787472,0.7449664429530202,0.9530201342281879,0.026845637583892617,0.06884875846501129,6.2757,1.94895,0.01020392670157068,.210,.329,7.3,6.8,31.232876712328768,88.2,113.6,92.4,105.7,41.5,25.1,5,25.3,0.503566,0.707101,0.866109,0.10271,7.9,.260,.314,.405,.331,4.7,9,13,10,0,45,5,48,352,89
Brooks Lee,MIN,3B/SS,24,113,104,392,0.7360178970917226,0.930648769574944,0.7695749440715883,0.5302013422818792,0.49977628635346766,0.5364333652924257,0.8948545861297539,0.8445190156599552,0.6633109619686801,0.24608501118568232,0.17225950782997762,0.3098434004474273,0.38814317673378074,0.27628635346756153,0.2662192393736018,0.2930648769574944,0.9317673378076062,0.24049217002237136,0.5727069351230425,0.7071759259259259,0.6644295302013423,0.767337807606264,0.4004474272930649,0.3579418344519016,0.5883668903803132,0.5816554809843401,0.5711060948081265,4.00495,"'-0.00818257","'-0.00007241212389380531",.268,.430,8,8,34.15841584158416,86.6,108.1,88.5,101.3,31.8,14.2,8,26.3,0.49363900000000005,0.682796,0.88189,0.127226,17.5,.308,.363,.606,.300,6.2,7,9,7,0,32,8,16,194,51
Jorbit Vivas,NYY,2B/3B,24,421,346,1657,0.42841163310961966,0.378076062639821,0.767337807606264,0.5262164429530201,0.24720357941834453,0.7117289868967721,0.2986577181208054,0.2080536912751678,0.19015659955257272,0.8154362416107382,0.5190156599552572,0.0592841163310962,0.6364653243847874,0.06935123042505593,0.2214765100671141,0.14205816554809844,0.8568232662192393,0.756152125279642,0.6476510067114094,0.5578703703703703,0.7360178970917226,0.7718120805369127,0.6353467561521253,0.7181208053691275,0.7203579418344519,0.5771812080536913,0.5790067720090294,6.15796,0.7536649999999999,0.0017901781472684085,.212,.298,2.5,13.8,27.43169398907104,83.9,109.8,85,100.8,26.6,16.6,16,25.1,0.468034,0.6960109999999999,0.8833989999999999,0.10373900000000001,17.6,.225,.348,.367,.255,1.7,7,58,18,2,78,9,70,778,195
Heston Kjerstad,BAL,OF,26,257,213,976,0.9284116331096197,0.9384787472035794,0.7651006711409396,0.6742170022371365,0.8545861297539151,0.4979226589964845,0.7718120805369127,0.8914988814317674,0.9138702460850112,0.656599552572707,0.14541387024608501,0.8870246085011185,0.6532438478747203,0.9463087248322147,0.7583892617449665,0.9272930648769575,0.3724832214765101,0.8076062639821029,0.5033557046979866,0.7835648148148148,0.7404921700223713,0.6823266219239373,0.38478747203579416,0.5212527964205816,0.5257270693512305,0.07158836689038031,0.3058690744920993,4.86303,"'-0.14744300000000002","'-0.0005737081712062258",.253,.448,12.6,12.1,34.742647058823536,90.7,109.9,94.5,104.7,48.3,26.1,17,27.7,0.5071720000000001,0.6984130000000001,0.866883,0.129098,13.2,.300,.395,.601,.353,7.4,19,31,14,1,64,16,67,495,137
Javier Sanoja,MIA,3B/OF,23,483,430,1780,0.29082774049217003,0.49328859060402686,0.7628635346756152,0.4996504474272931,0.21789709172259508,0.7117289868967721,0.7136465324384788,0.21476510067114093,0.04697986577181208,0.36465324384787473,0.3288590604026846,0.17002237136465326,0.5503355704697986,0.1487695749440716,0.12639821029082773,0.10738255033557047,0.9955257270693513,0.2986577181208054,0.9955257270693513,0.5127314814814815,0.3288590604026846,0.9865771812080537,0.9821029082774049,0.6196868008948546,0.28859060402684567,0.11409395973154363,0.4018058690744921,5.43863,"'-1.02467","'-0.002121469979296066",.247,.299,0,9.1,30.99352051835853,85.6,109.3,86.9,99.5,25.6,6.2,9,9.5,0.46059300000000003,0.631455,0.9442379999999999,0.036333199999999996,14.7,.284,.348,.426,.289,0,0,44,31,6,122,6,30,829,79
Heriberto Hernández,MIA,DH/OF,25,182,150,696,0.44854586129753915,0.36577181208053694,0.7606263982102909,0.4957354586129753,0.6364653243847875,0.4138702460850111,0.07046979865771812,0.4742729306487696,0.7941834451901566,0.8456375838926175,0.6935123042505593,0.38926174496644295,0.7293064876957495,0.39149888143176736,0.3814317673378076,0.7953020134228188,0.3400447427293065,0.7024608501118568,0.049217002237136466,0.5300925925925926,0.7472035794183445,0.11185682326621924,0.10961968680089486,0.6308724832214765,0.6286353467561522,0.9395973154362416,0.8194130925507901,5.4983699999999995,0.053029,0.0002913681318681319,.175,.347,9.7,14.3,24.538258575197894,87.1,110.4,89.3,102.1,43.7,26.9,15,39.4,0.46408,0.7,0.766234,0.16523,22.3,.187,.319,.407,.202,5.5,10,26,4,1,28,9,49,325,128
Eguy Rosario,SDP,3B,26,412,354,1657,0.6532438478747203,0.814317673378076,0.7583892617449665,0.5461409395973155,0.5776286353467561,0.4670821348673697,0.5011185682326622,0.6588366890380313,0.6353467561521253,0.656599552572707,0.41387024608501116,0.3389261744966443,0.8568232662192393,0.4261744966442953,0.5346756152125279,0.3982102908277405,0.6140939597315436,0.5536912751677853,0.4463087248322148,0.4826388888888889,0.4854586129753915,0.22371364653243847,0.42953020134228187,0.87248322147651,0.7181208053691275,0.9038031319910514,0.891647855530474,7.16228,0.6951390000000001,0.0016872305825242715,.230,.382,7.8,12.1,29.31769722814499,86.8,111.9,89.6,103.3,34.7,21.4,13,28.6,0.458057,0.6571819999999999,0.797938,0.12371800000000001,24.9,.263,.359,.531,.290,5.1,21,50,24,4,93,21,88,766,219
Otto Lopez,MIA,2B/SS,27,49,45,159,0.9250559284116331,0.9955257270693513,0.756152125279642,0.6986856823266219,0.8789709172259508,0.6527644614892937,0.9742729306487695,0.9373601789709173,0.8344519015659956,0.1029082774049217,0.6845637583892618,0.9686800894854586,0.6923937360178971,0.970917225950783,0.5973154362416108,0.9619686800894854,0.9272930648769575,0.13646532438478748,0.8478747203579419,0.02430555555555556,0.011185682326621925,1,0.9955257270693513,0.1789709172259508,0.5838926174496645,0.9753914988814317,0.6173814898419865,2.6428599999999998,"'-0.00570559","'-0.00011644061224489794",.298,.476,10.5,6.1,24.65753424657534,92.2,110.1,95.8,103.7,52.6,14.3,6,20.8,0.315789,0.333333,1,0,18.4,.400,.449,.644,.444,8.2,4,3,5,0,18,2,7,77,16
Canaan Smith-Njigba,FA,OF,26,245,201,1044,0.5592841163310962,0.28747203579418346,0.7539149888143176,0.5216023489932886,0.669351230425056,0.4739533397251518,0.3076062639821029,0.38478747203579416,0.7404921700223713,0.9429530201342282,0.7829977628635347,0.7214765100671141,0.9340044742729307,0.6129753914988815,0.814317673378076,0.5659955257270693,0.28859060402684567,0.13646532438478748,0.19239373601789708,0.4016203703703704,0.680089485458613,0.08612975391498881,0.34451901565995524,0.6778523489932886,0.7449664429530202,0.674496644295302,0.09480812641083522,5.81197,0.530606,0.0021657387755102037,.213,.332,8.8,16.7,22.93577981651376,89.3,113.7,91,105.3,38.2,27.8,6,33.4,0.44761899999999993,0.685185,0.756757,0.13333299999999998,8.8,.214,.344,.323,.308,4.9,12,41,12,2,43,2,68,428,143
Graham Pauley,MIA,3B,25,319,272,1202,0.3825503355704698,0.38926174496644295,0.7516778523489933,0.5289429530201342,0.41454138702460847,0.6674656439757111,0.31543624161073824,0.28859060402684567,0.23378076062639822,0.6319910514541387,0.5391498881431768,0.43400447427293065,0.5503355704697986,0.4854586129753915,0.3814317673378076,0.5659955257270693,0.6387024608501118,0.756152125279642,0.7639821029082774,0.5358796296296297,0.639821029082774,0.7315436241610739,0.727069351230425,0.2639821029082774,0.05592841163310962,0.6868008948545862,0.791196388261851,3.2947300000000004,"'-2.06677","'-0.0064789028213166145",.214,.315,2.9,11.9,26.959247648902828,87.5,109.3,90.1,102.1,38.2,21,16,23,0.46519799999999994,0.679417,0.8739950000000001,0.09427310000000001,21.7,.224,.332,.397,.259,1.9,6,38,15,1,61,10,67,564,130
Grant Lavigne,FA,1B,26,523,437,2075,0.6733780760626398,0.5447427293064877,0.7494407158836689,0.5397091722595079,0.6279642058165548,0.4651645893256632,0.40604026845637586,0.5917225950782998,0.7046979865771812,0.802013422818792,0.7718120805369127,0.4507829977628635,0.7595078299776287,0.5559284116331096,0.7248322147651006,0.6331096196868009,0.3221476510067114,0.5536912751677853,0.18791946308724833,0.4212962962962963,0.7046979865771812,0.19015659955257272,0.27740492170022374,0.6062639821029083,0.06263982102908278,0.5324384787472036,0.5993227990970654,5.306690000000001,"'-3.10502","'-0.005936940726577438",.223,.368,8.4,13.6,23.12614259597806,87.6,110.8,90.5,104.5,40.1,27.3,13,33.5,0.450962,0.689311,0.792754,0.14038499999999998,18.1,.240,.356,.426,.310,4.8,25,71,15,6,105,18,143,937,314
Ryan Vilade,CIN,OF,26,440,392,1690,0.7774049217002237,0.5447427293064877,0.7472035794183445,0.6693232662192393,0.816331096196868,0.5348354106743368,0.8948545861297539,0.8389261744966443,0.7114093959731543,0.2975391498881432,0.5548098434004475,0.8378076062639821,0.8713646532438478,0.7651006711409396,0.8747203579418344,0.8221476510067114,0.4574944071588367,0.62751677852349,0.5570469798657718,0.71875,0.8076062639821029,0.5883668903803132,0.4809843400447427,0.5838926174496645,0.5458612975391499,0.17114093959731544,0.38826185101580135,5.1799800000000005,"'-0.15626099999999998","'-0.0003551386363636364",.268,.429,8.5,8.4,26.588235294117645,90.2,112.2,92.3,106.1,44.3,24.5,14,26.8,0.495575,0.713956,0.852989,0.117994,14.5,.278,.343,.449,.347,5.5,24,37,24,2,109,13,108,838,225
Vaughn Grissom,BOS,2B,24,233,192,922,0.6733780760626398,0.558165548098434,0.7449664429530202,0.467841163310962,0.2651006711409396,0.5906040268456376,0.48322147651006714,0.4015659955257271,0.14988814317673377,0.889261744966443,0.7203579418344519,0.15212527964205816,0.3512304250559284,0.21364653243847875,0.18232662192393737,0.27069351230425054,0.7651006711409396,0.4217002237136465,0.49776286353467564,0.12731481481481485,0.06935123042505593,0.5749440715883669,0.6174496644295302,0.44742729306487694,0.8344519015659956,0.18120805369127516,0.20993227990970656,4.442080000000001,0.9127790000000001,0.0039175064377682395,.229,.334,2,15.5,24.14486921529175,85.3,107.8,87.8,100.3,31.3,18.9,11,27.8,0.39370900000000003,0.568493,0.851406,0.10629100000000001,11.4,.260,.386,.375,.308,1.3,3,36,4,0,50,6,44,363,101
Dillon Dingler,DET,C,27,301,263,1168,0.9832214765100671,0.889261744966443,0.7427293064876958,0.746015100671141,0.8744966442953019,0.632949824224992,0.9787472035794184,0.9977628635346756,0.9552572706935123,0.44742729306487694,0.5995525727069351,0.9082774049217002,0.6364653243847874,0.8791946308724832,0.7874720357941835,0.8747203579418344,0.6823266219239373,0.860178970917226,0.62751677852349,0.6736111111111112,0.7986577181208053,0.7539149888143176,0.5212527964205816,0.31096196868008946,0.5480984340044742,0.3982102908277405,0.7799097065462754,3.5739400000000003,"'-0.10264200000000001","'-0.0003410033222591362",.300,.564,14.1,10,25.91973244147157,91,109.8,93.3,105,46.1,20.3,18,25.3,0.48801400000000006,0.711806,0.8804879999999999,0.114726,21.3,.308,.379,.559,.337,9.6,29,30,15,0,81,17,61,570,144
Cal Mitchell,FA,OF,26,468,408,1824,0.8534675615212528,0.7695749440715883,0.7404921700223713,0.6709312080536913,0.6883668903803131,0.638702460850112,0.8243847874720358,0.901565995525727,0.7404921700223713,0.6196868008948546,0.7449664429530202,0.7941834451901566,0.25727069351230425,0.8232662192393736,0.4955257270693512,0.7483221476510067,0.6823266219239373,0.62751677852349,0.674496644295302,0.3831018518518519,0.4966442953020134,0.5436241610738255,0.70917225950783,0.5167785234899329,0.2080536912751678,0.7427293064876958,0.6839729119638827,4.837680000000001,"'-1.3144200000000001","'-0.0028085897435897434",.260,.450,8.8,11.8,23.634453781512605,89.8,106.9,92.8,102.9,42.6,20.3,14,24.7,0.444384,0.658648,0.8469559999999999,0.0975342,19.7,.277,.359,.512,.307,6,28,55,26,2,113,22,95,813,201
Justin Foscue,TEX,DH,26,219,174,867,0.8355704697986577,0.8713646532438478,0.738255033557047,0.6368847874720358,0.4861297539149888,0.8016938318951742,0.6308724832214765,0.49328859060402686,0.5458612975391499,0.9619686800894854,0.8926174496644296,0.3389261744966443,0.5201342281879194,0.4854586129753915,0.3668903803131991,0.5324384787472036,0.8501118568232662,0.4888143176733781,0.9317673378076062,0.1400462962962963,0.1342281879194631,0.901565995525727,0.9395973154362416,0.19239373601789708,0.09843400447427293,0.7360178970917226,0.654627539503386,2.67286,"'-1.04164","'-0.00475634703196347",.240,.352,6.5,17.8,20.39911308203991,86.8,109.1,90.1,102,37.7,16.9,12,17.7,0.397924,0.5882350000000001,0.9079999999999999,0.0657439,18.8,.276,.420,.477,.302,4.1,9,39,8,0,48,9,37,345,61
Shay Whitcomb,HOU,2B/3B,27,480,413,1799,0.889261744966443,0.8456375838926175,0.7360178970917226,0.6783417225950783,0.7970917225950782,0.522211569191435,0.8355704697986577,0.8859060402684564,0.7404921700223713,0.5201342281879194,0.3691275167785235,0.7472035794183445,0.8221476510067114,0.7248322147651006,0.8948545861297539,0.7897091722595079,0.714765100671141,0.8076062639821029,0.47315436241610737,0.5775462962962963,0.5279642058165548,0.5917225950782998,0.45861297539149887,0.680089485458613,0.6644295302013423,0.8747203579418344,0.891647855530474,5.81453,0.374863,0.0007809645833333332,.261,.447,8.8,10.8,30.14705882352941,89.5,111.4,92,106.3,43.5,19.8,17,28.1,0.47248500000000004,0.664376,0.853448,0.12062300000000001,24.9,.293,.377,.530,.320,5.8,28,52,19,2,121,25,95,850,239
Henry Davis,PIT,C/OF,26,252,218,960,0.8355704697986577,0.9272930648769575,0.7337807606263982,0.5949384787472036,0.6720357941834453,0.43208692873122406,0.7606263982102909,0.8478747203579419,0.6633109619686801,0.28523489932885904,0.29082774049217003,0.6319910514541387,0.6196868008948546,0.6040268456375839,0.7953020134228188,0.5973154362416108,0.5648769574944071,0.9630872483221476,0.348993288590604,0.7800925925925926,0.8635346756152126,0.4519015659955257,0.21923937360178972,0.5749440715883669,0.7494407158836689,0.785234899328859,0.9153498871331829,5.12629,0.574462,0.0022796111111111107,.252,.431,8,8.3,31.4453125,88.7,109.7,90.9,105.1,38.9,22.6,22,30.2,0.50625,0.726681,0.8358209999999999,0.146875,26.1,.307,.396,.555,.365,5.2,13,21,15,0,67,13,57,486,147
Jonathan Ornelas,ATL,3B/SS,25,358,323,1443,0.14317673378076062,0.19239373601789708,0.7315436241610739,0.44162472035794187,0.5125279642058166,0.4627676573985299,0.3288590604026846,0.15659955257270694,0.20693512304250558,0.25838926174496646,0.5346756152125279,0.6711409395973155,0.8400447427293065,0.3691275167785235,0.7046979865771812,0.6879194630872483,0.4720357941834452,0.10738255033557047,0.62751677852349,0.19907407407407407,0.042505592841163314,0.5548098434004475,0.7494407158836689,0.6845637583892618,0.6510067114093959,0.16331096196868009,0.14785553047404063,5.837619999999999,0.210015,0.0005866340782122905,.215,.282,2.6,8.1,27.134986225895318,89,111.6,89.1,104.4,41.2,24.3,5,25.3,0.409091,0.5468109999999999,0.848635,0.0929752,10.2,.245,.316,.322,.325,1.7,6,29,10,3,79,3,87,586,148
Garrett Mitchell,MIL,OF,27,52,44,190,0.970917225950783,0.9697986577181208,0.7293064876957495,0.736087807606264,0.7534675615212528,0.7422499201022691,0.9675615212527964,0.9776286353467561,0.9586129753914989,0.5861297539149888,0.9977628635346756,0.5111856823266219,0.8064876957494407,0.12304250559284116,0.5346756152125279,0.5134228187919463,0.7460850111856824,0.4217002237136465,0.756152125279642,0.1909722222222222,0.4317673378076063,0.8993288590604027,0.7785234899328859,0.4541387024608501,0.843400447427293,0.2684563758389262,0.3724604966139955,4.4802599999999995,0.213959,0.004114596153846153,.295,.506,14.3,11.5,12.371134020618555,87.9,111.2,86.5,103.3,37.1,19.2,11,23.1,0.407407,0.65,0.907692,0.0899471,14.3,.318,.404,.636,.323,9.6,5,6,2,0,14,4,10,78,18
Brett Wisely,ATL,2B,26,176,152,683,0.6387024608501118,0.7695749440715883,0.727069351230425,0.6167505592841164,0.4697986577181208,0.7197187599872165,0.6510067114093959,0.5413870246085011,0.27181208053691275,0.761744966442953,0.5212527964205816,0.49776286353467564,0.6923937360178971,0.39149888143176736,0.2930648769574944,0.34563758389261745,0.8847874720357942,0.62751677852349,0.9183445190156599,0.3310185185185185,0.15659955257270694,0.8959731543624161,0.8993288590604027,0.5637583892617449,0.03803131991051454,0.2841163310961969,0.7505643340857788,5.0839,"'-1.33554","'-0.007588295454545454",.242,.360,3.3,13.1,27.374301675977648,87.8,110.1,89.3,101.5,33.3,15.9,14,18.2,0.436047,0.594427,0.90625,0.07558139999999999,20.8,.289,.381,.480,.319,2.3,4,23,9,1,44,6,28,297,54
Will Wagner,SDP,2B/3B,27,352,284,1464,0.8668903803131991,0.8355704697986577,0.7248322147651006,0.6830956375838926,0.5552572706935123,0.8213486736976671,0.8355704697986577,0.5861297539149888,0.3713646532438479,0.9507829977628636,0.7941834451901566,0.6196868008948546,0.7595078299776287,0.6252796420581656,0.5973154362416108,0.4395973154362416,0.9731543624161074,0.24049217002237136,0.9731543624161074,0.16435185185185186,0.1185682326621924,0.9753914988814317,0.9642058165548099,0.4608501118568233,0.37360178970917224,0.12751677852348994,0.20993227990970656,4.49182,"'-0.574414","'-0.0016318579545454544",.261,.367,4.5,16.8,22.7445997458704,88.6,110.8,91.1,103.7,35.8,10.5,8,14.5,0.401481,0.581649,0.9385030000000001,0.0540741,11.4,.310,.429,.440,.333,3.1,11,59,15,2,88,6,37,585,85
Wenceel Pérez,DET,OF,25,63,55,256,0.18344519015659955,0.1789709172259508,0.7225950782997763,0.5595637583892618,0.5161073825503355,0.5947587088526686,0.06487695749440715,0.29977628635346754,0.6096196868008948,0.7225950782997763,0.697986577181208,0.8769574944071589,0.052572706935123045,0.912751677852349,0.23937360178970918,0.7416107382550335,0.49105145413870244,0.9630872483221476,0.7293064876957495,0.1412037037037037,0.0447427293064877,0.743847874720358,0.7337807606263982,0.9977628635346756,0.9731543624161074,0.697986577181208,0.9334085778781038,9.65365,0.7151850000000001,0.011352142857142856,.173,.317,7.5,12.7,24.444444444444446,90.6,102.9,93.7,101,42.5,23.8,22,23.5,0.398438,0.550847,0.876923,0.09375,27.5,.164,.270,.382,.184,4.8,3,8,2,2,9,2,15,102,24
Christian Cairo,CLE,2B/3B,24,248,202,1025,0.25615212527964204,0.22930648769574943,0.7203579418344519,0.4373601789709172,0.22550335570469798,0.6230425055928412,0.09284116331096197,0.11521252796420582,0.28747203579418346,0.9149888143176734,0.8881431767337807,0.42058165548098436,0.17225950782997762,0.3277404921700224,0.10067114093959731,0.1319910514541387,0.5178970917225951,0.2986577181208054,0.5525727069351231,0.0763888888888889,0.053691275167785234,0.6510067114093959,0.7829977628635347,0.8612975391498882,0.5391498881431768,0.6185682326621924,0.35214446952595935,7.027480000000001,"'-0.106084","'-0.000427758064516129",.183,.267,3.4,16.1,20.48872180451128,87.4,106,88.8,99.1,26.2,23.4,9,26.9,0.376812,0.560158,0.862676,0.08888889999999999,14,.213,.343,.297,.281,2,5,40,5,3,43,2,58,398,107
Connor Norby,MIA,3B,25,440,379,1723,0.7181208053691275,0.8087248322147651,0.7181208053691275,0.5263562639821029,0.5366890380313198,0.4234579737935443,0.6599552572706935,0.761744966442953,0.8165548098434005,0.6420581655480985,0.2483221476510067,0.4742729306487696,0.25727069351230425,0.5033557046979866,0.2930648769574944,0.37360178970917224,0.27293064876957496,0.7024608501118568,0.3624161073825503,0.7141203703703703,0.8031319910514542,0.2841163310961969,0.3512304250559284,0.6935123042505593,0.668903803131991,0.8814317673378076,0.7200902934537246,5.90431,0.356117,0.0008093568181818183,.243,.405,10.1,12,32.16187433439829,87.7,106.9,90.2,101.5,33.9,28,15,29.8,0.49523199999999995,0.7127979999999999,0.807933,0.132153,20.4,.293,.382,.496,.387,5.9,26,53,24,1,111,17,123,883,263
Justyn-Henry Malloy,DET,DH/OF,25,236,186,1018,0.7975391498881432,0.7986577181208053,0.7158836689038032,0.5039149888143177,0.4868008948545861,0.5100671140939598,0.43288590604026844,0.5123042505592841,0.6991051454138703,0.9686800894854586,0.9328859060402684,0.6073825503355704,0.2695749440715884,0.7404921700223713,0.3378076062639821,0.34563758389261745,0.27293064876957496,0.7024608501118568,0.33109619686800895,0.10532407407407407,0.1610738255033557,0.37360178970917224,0.5302013422818792,0.12527964205816555,0.06711409395973154,0.8948545861297539,0.6467268623024831,2.31163,"'-1.3663100000000001","'-0.005789449152542372",.225,.354,8.3,18.2,19.238095238095237,88.5,107,92.1,101.8,33.3,28,15,30.5,0.387033,0.595618,0.822742,0.113949,18.7,.258,.403,.457,.353,4.2,10,43,16,0,48,7,66,394,120
Esteury Ruiz,LAD,OF,26,52,43,200,0.9451901565995525,0.9630872483221476,0.7136465324384788,0.6730285234899329,0.6559284116331096,0.6267178012144454,0.814317673378076,0.9574944071588367,0.8970917225950783,0.5861297539149888,0.8277404921700223,0.7348993288590604,0.37583892617449666,0.39149888143176736,0.814317673378076,0.3143176733780761,0.7460850111856824,0.756152125279642,0.4373601789709172,0.5335648148148148,0.7874720357941835,0.5861297539149888,0.4161073825503356,0.5861297539149888,0.9865771812080537,0.9082774049217002,0.7370203160270881,5.1956,0.796145,0.015310480769230769,.259,.494,11.8,11.5,22.01834862385321,89.4,108,89.3,105.3,32.4,19.2,16,28.7,0.465,0.708333,0.852941,0.125,20.6,.326,.423,.581,.355,7.7,4,6,2,0,14,3,10,94,27
Niko Kavadas,LAA,1B/DH,26,383,307,1733,0.9049217002237137,0.8769574944071589,0.7114093959731543,0.5902544742729307,0.8814317673378076,0.40923617769255355,0.27628635346756153,0.9105145413870246,0.9899328859060402,0.9205816554809844,0.9440715883668904,0.9630872483221476,0.5727069351230425,0.9787472035794184,0.8008948545861297,0.970917225950783,0.09843400447427293,0.8926174496644296,0.16778523489932887,0.03935185185185185,0.02237136465324385,0.12751677852348994,0.5838926174496645,0.09843400447427293,0.18120805369127516,0.27740492170022374,0.6884875846501128,1.91533,"'-1.27998","'-0.003341984334203655",.210,.453,17.8,16.2,18.75,92,109.4,96.2,105.2,53.9,33.9,19,34,0.339227,0.497878,0.772727,0.10870999999999999,19.9,.264,.399,.521,.383,8.4,32,62,22,0,81,19,130,594,202
Enmanuel Valdez,PIT,2B,26,224,193,976,0.7360178970917226,0.5033557046979866,0.70917225950783,0.6612136465324385,0.7230425055928411,0.6238414829018856,0.6017897091722595,0.8008948545861297,0.8411633109619687,0.656599552572707,0.8232662192393736,0.703579418344519,0.6364653243847874,0.6834451901565995,0.685682326621924,0.6331096196868009,0.49776286353467564,0.9776286353467561,0.7203579418344519,0.20717592592592596,0.1767337807606264,0.7181208053691275,0.7740492170022372,0.28187919463087246,0.6666666666666666,0.28859060402684567,0.791196388261851,3.42825,0.175924,0.0007853749999999999,.237,.416,10.6,12.1,22.17821782178218,89.2,109.8,91.7,104.3,40.1,23.7,23,23.6,0.41146400000000005,0.597917,0.87108,0.0900716,21.7,.233,.330,.446,.260,6.7,15,27,8,0,45,11,53,403,95
Carson Taylor,PHI,C/1B,26,27,19,122,1,0.9071588366890381,0.7069351230425056,0.6395413870246085,0.4281879194630872,0.8159156279961649,0.9977628635346756,0.8534675615212528,0.04697986577181208,0.9955257270693513,0.70917225950783,0.4082774049217002,0.14429530201342283,0.4373601789709172,0.1621923937360179,0.6879194630872483,0.9921700223713646,0.2986577181208054,0.8478747203579419,0.3113425925925926,0.5771812080536913,0.7505592841163311,0.8389261744966443,0.08389261744966443,0.1342281879194631,0.32997762863534674,0,1.60119,"'-0.107947","'-0.003998037037037037",.345,.433,0,22.2,24.285714285714285,87.3,105.4,89.7,100,41.2,7.4,9,20.8,0.43442600000000003,0.673469,0.8787879999999999,0.0819672,0,.316,.519,.316,.353,0,0,6,0,0,6,0,2,53,11
Billy Cook,PIT,1B/OF,26,428,366,1727,0.7774049217002237,0.7762863534675615,0.7046979865771812,0.6404502237136465,0.6964205816554809,0.5338766379034835,0.5637583892617449,0.8210290827740492,0.785234899328859,0.6051454138702461,0.5458612975391499,0.5906040268456376,0.8064876957494407,0.4854586129753915,0.6588366890380313,0.47874720357941836,0.4720357941834452,0.9172259507829977,0.42058165548098436,0.5208333333333334,0.46308724832214765,0.727069351230425,0.5033557046979866,0.7695749440715883,0.4228187919463087,0.5637583892617449,0.8329571106094809,6.350619999999999,"'-0.591889","'-0.0013829182242990653",.234,.420,9.5,11.7,26.842684268426844,88.4,111.2,90.1,104.1,36.5,24.3,20,28.9,0.462384,0.654255,0.8726290000000001,0.11665299999999999,22.6,.279,.376,.486,.345,5.8,25,50,22,3,102,16,104,786,227
Caleb Durbin,MIL,3B,25,368,309,1391,0.6196868008948546,0.7885906040268457,0.7024608501118568,0.5645274049217002,0.2279642058165548,0.729945669542985,0.6085011185682326,0.4105145413870246,0.27181208053691275,0.6722595078299777,0.4608501118568233,0.05145413870246085,0.30313199105145416,0.07941834451901567,0.19463087248322147,0.1029082774049217,0.9753914988814317,0.7024608501118568,0.9653243847874721,0.2800925925925926,0.16331096196868009,0.9261744966442953,0.9463087248322147,0.8523489932885906,0.9507829977628636,0.9619686800894854,0.8769751693002258,6.960610000000001,3.5329900000000003,0.009600516304347826,.238,.335,3.3,12.2,28.496042216358838,83.8,107.3,85.2,100.5,25.5,10.1,15,16.1,0.42765,0.595912,0.9129290000000001,0.061604599999999995,24.2,.285,.391,.469,.294,2.4,9,45,23,2,88,10,37,597,96
Nelson Velázquez,PIT,DH/OF,26,224,188,905,0.8210290827740492,0.5123042505592841,0.7002237136465325,0.6139541387024608,0.6503355704697987,0.5632790028763183,0.7136465324384788,0.7662192393736018,0.6263982102908278,0.860178970917226,0.8053691275167785,0.6465324384787472,0.6733780760626398,0.5246085011185683,0.6152125279642058,0.5391498881431768,0.6387024608501118,0.7024608501118568,0.3389261744966443,0.3703703703703704,0.5637583892617449,0.2953020134228188,0.4407158836689038,0.39149888143176736,0.19239373601789708,0.6006711409395973,0.5711060948081265,4.11342,"'-0.681491","'-0.003042370535714285",.247,.406,7.7,14.7,22.560975609756103,88.8,110,90.3,103.8,37.8,21,15,30.4,0.441989,0.670561,0.811847,0.122652,17.5,.239,.353,.415,.279,4.9,11,33,10,1,45,7,47,401,122
Jorge Barrosa,ARI,OF,24,324,281,1313,0.40604026845637586,0.5380313199105146,0.697986577181208,0.4847595078299776,0.2592841163310962,0.6492489613294982,0.48322147651006714,0.3087248322147651,0.17002237136465326,0.6051454138702461,0.3579418344519016,0.38926174496644295,0.17225950782997762,0.3422818791946309,0.23937360178970918,0.25615212527964204,0.802013422818792,0.4217002237136465,0.8557046979865772,0.3680555555555556,0.14317673378076062,0.9071588366890381,0.8736017897091722,0.6040268456375839,0.5369127516778524,0.4854586129753915,0.654627539503386,5.29796,"'-0.152356","'-0.0004702345679012346",.229,.318,2.3,11.7,30.374479889043,87.1,106,88.9,101,30.8,18.2,11,20.5,0.44157799999999997,0.593137,0.909091,0.07890739999999999,18.8,.267,.358,.420,.310,1.5,5,38,17,1,75,8,59,584,120
Darell Hernaiz,ATH,3B/SS,24,157,142,555,0.40604026845637586,0.7695749440715883,0.6957494407158836,0.512653803131991,0.31431767337807603,0.6746564397571108,0.7718120805369127,0.436241610738255,0.27181208053691275,0.20917225950782997,0.383668903803132,0.39932885906040266,0.20134228187919462,0.18791946308724833,0.3970917225950783,0.26286353467561524,0.9384787472035794,0.24049217002237136,0.8758389261744967,0.7175925925925926,0.7214765100671141,0.7472035794183445,0.8467561521252797,0.4899328859060403,0.7897091722595079,0.2953020134228188,0.43905191873589167,4.692819999999999,0.430683,0.002743203821656051,.253,.340,3.3,7.6,29.765886287625424,87.2,106.5,87.5,102.2,30.9,14,8,19.9,0.49549499999999996,0.692308,0.8777780000000001,0.0810811,15.4,.331,.376,.493,.356,2.5,4,12,8,0,47,5,22,276,55
Damiano Palmegiani,TOR,1B/3B,25,500,433,2049,0.22595078299776286,0.29082774049217003,0.6935123042505593,0.4765799776286353,0.6467561521252797,0.4201022690955577,0.10850111856823266,0.2930648769574944,0.5715883668903803,0.4798657718120805,0.7337807606263982,0.7214765100671141,0.8948545861297539,0.7953020134228188,0.7248322147651006,0.7527964205816555,0.2651006711409396,0.9172259507829977,0.23042505592841164,0.4814814814814815,0.6845637583892618,0.27181208053691275,0.2751677852348993,0.19910514541387025,0.2975391498881432,0.9194630872483222,0.9390519187358917,2.71687,"'-0.99564","'-0.00199128",.187,.316,6.8,10.4,23.908918406072107,89.3,112.5,92.5,104.5,42.7,28.2,20,32.3,0.458049,0.686058,0.805556,0.140488,27.7,.210,.310,.381,.261,4,20,52,17,0,91,19,141,939,303
Victor Scott II,STL,OF,24,337,295,1193,0.1767337807606264,0.09619686800894854,0.6912751677852349,0.47154642058165547,0.22214765100671138,0.6933525087887504,0.2684563758389262,0.14429530201342283,0.15548098434004473,0.5033557046979866,0.6219239373601789,0.12192393736017897,0.5727069351230425,0.07606263982102908,0.19463087248322147,0.116331096196868,0.8501118568232662,0.2986577181208054,0.8691275167785235,0.40625,0.3243847874720358,0.8232662192393736,0.8612975391498882,0.8366890380313199,0.9373601789709173,0.4899328859060403,0.16591422121896163,6.8436699999999995,2.95414,0.0087659940652819,.209,.275,2.1,10.7,25.52845528455285,84.9,109.4,85.1,100.5,25.7,16.9,9,20,0.447908,0.630894,0.889175,0.0803938,10.6,.190,.282,.288,.213,1.5,5,36,7,2,56,6,57,534,107
Eddys Leonard,ATL,SS,24,282,255,1000,0.43512304250559286,0.5123042505592841,0.6890380313199105,0.4779781879194631,0.5675615212527965,0.3288590604026846,0.6185682326621924,0.5201342281879194,0.5078299776286354,0.10067114093959731,0.10961968680089486,0.3389261744966443,0.9519015659955258,0.29194630872483224,0.5503355704697986,0.5190156599552572,0.3680089485458613,0.8076062639821029,0.25615212527964204,0.8599537037037037,0.8277404921700223,0.4563758389261745,0.18344519015659955,0.6465324384787472,0.3243847874720358,0.6644295302013423,0.7426636568848759,5.6464300000000005,"'-0.512333","'-0.0018167836879432625",.239,.356,6.1,6,35.700934579439256,86.8,114.3,88.6,103.4,37.2,26.2,17,31.9,0.528643,0.717949,0.836309,0.152764,20.7,.263,.326,.455,.329,3.9,11,17,15,2,67,10,74,529,169
Wade Meckler,SFG,OF,25,191,172,720,0.7662192393736018,0.732662192393736,0.6868008948545862,0.5880173378076063,0.3136465324384788,0.764461489293704,0.9194630872483222,0.7841163310961968,0.39485458612975394,0.43512304250559286,0.8993288590604027,0.09060402684563758,0.1040268456375839,0.1487695749440716,0.2214765100671141,0.19463087248322147,0.9496644295302014,0.13646532438478748,0.970917225950783,0.24421296296296294,0.28635346756152125,0.8523489932885906,0.9574944071588367,0.6666666666666666,0.48322147651006714,0.41498881431767337,0.26410835214446954,5.7159,"'-0.19214","'-0.0010059685863874346",.274,.411,4.8,9.9,20.334261838440113,84.4,104.5,86.9,100.8,28.6,13.1,6,15,0.41931,0.621622,0.895652,0.056551699999999996,12.5,.279,.351,.506,.288,3.7,7,19,9,3,48,8,25,300,45
Jacob Wilson,ATH,SS,23,116,106,385,0.7181208053691275,0.9865771812080537,0.6845637583892618,0.5292225950782998,0.2476510067114094,0.7443272611057845,0.9742729306487695,0.6375838926174496,0.14988814317673377,0.22371364653243847,0.2930648769574944,0.06823266219239374,0.17785234899328858,0.06935123042505593,0.17337807606263983,0.20469798657718122,1,0.1789709172259508,1,0.7199074074074074,0.7069351230425056,0.9977628635346756,0.9888143176733781,0.1476510067114094,0.3221476510067114,0.9440715883668904,0.7505643340857788,2.44339,"'-0.21110700000000002","'-0.0018198879310344824",.298,.377,2,7.8,31.37254901960784,84,106.1,85,100.2,28.7,4.3,7,4.7,0.496104,0.68984,0.9922479999999999,0.0207792,20.8,.396,.448,.613,.392,1.7,2,9,11,0,42,4,5,191,9
Kyren Paris,LAA,2B/OF,23,156,138,656,0.07606263982102908,0.18456375838926176,0.6823266219239373,0.38989093959731547,0.40246085011185684,0.3859060402684564,0.07606263982102908,0.13534675615212527,0.46756152125279643,0.4720357941834452,0.7069351230425056,0.5425055928411633,0.47651006711409394,0.41387024608501116,0.4272930648769575,0.39038031319910516,0.11185682326621924,0.4217002237136465,0.21588366890380314,0.3738425925925926,0.378076062639821,0.46756152125279643,0.348993288590604,0.9507829977628636,0.8859060402684564,0.9261744966442953,0.24492099322799096,8.202639999999999,0.89915,0.005763782051282051,.176,.273,5.7,10.3,24.30769230769231,88.1,108.8,89.5,102.4,34.5,33.3,11,32.7,0.442249,0.64095,0.8379629999999999,0.132219,12.1,.210,.288,.362,.298,3.2,5,16,5,2,29,4,52,297,97
Liover Peguero,PIT,2B/SS,24,552,495,2136,0.3187919463087248,0.3366890380313199,0.680089485458613,0.4039429530201342,0.49060402684563764,0.30313199105145416,0.4563758389261745,0.441834451901566,0.4317673378076063,0.28523489932885904,0.38031319910514544,0.5425055928411633,0.5503355704697986,0.6252796420581656,0.5659955257270693,0.4865771812080537,0.407158836689038,0.4217002237136465,0.24161073825503357,0.5625,0.36465324384787473,0.19910514541387025,0.24384787472035793,0.6912751677852349,0.6532438478747203,0.8389261744966443,0.5654627539503386,5.90305,0.38648699999999997,0.0007001576086956522,.227,.342,5.2,8.3,29.777365491651203,88.1,109.3,91.1,103.5,36.6,25.2,11,32.1,0.46891099999999997,0.639091,0.793741,0.143057,17.4,.257,.319,.410,.325,3.4,19,46,29,4,127,13,139,1006,323
Justice Bigbie,DET,OF,26,558,488,2119,0.6286353467561522,0.2516778523489933,0.6778523489932886,0.5959871364653244,0.6156599552572708,0.6612336209651646,0.7718120805369127,0.5749440715883669,0.3713646532438479,0.5201342281879194,0.5279642058165548,0.7785234899328859,0.6051454138702461,0.8042505592841164,0.5659955257270693,0.7483221476510067,0.7785234899328859,0.07494407158836688,0.703579418344519,0.5590277777777778,0.6666666666666666,0.7651006711409396,0.6666666666666666,0.3534675615212528,0.17002237136465326,0.10738255033557047,0.0327313769751693,3.9931900000000002,"'-1.93933","'-0.0034755017921146948",.253,.366,4.5,10.8,27.256637168141594,89.7,109.6,92.6,103.5,42.6,18.6,4,24.1,0.468145,0.683317,0.8815790000000001,0.101463,5.9,.248,.333,.334,.304,3,17,60,26,2,121,4,104,992,239
Símon Muzziotti,FA,OF,26,236,215,951,0.4172259507829978,0.19239373601789708,0.6756152125279642,0.6178691275167786,0.6845637583892618,0.5773410035155002,0.6185682326621924,0.5615212527964206,0.5223713646532439,0.20917225950782997,0.27293064876957496,0.8131991051454138,0.8064876957494407,0.8042505592841164,0.7785234899328859,0.7192393736017897,0.70917225950783,0.62751677852349,0.9261744966442953,0.5520833333333334,0.18344519015659955,0.8478747203579419,0.8926174496644296,0.7583892617449665,0.6465324384787472,0.12080536912751678,0.15575620767494355,6.310919999999999,0.12096099999999999,0.0005125466101694915,.239,.364,6.3,7.6,31.70212765957447,89.9,111.2,92.6,104.9,41.8,19.9,14,17.9,0.467505,0.6012270000000001,0.894558,0.0765199,10.4,.228,.288,.367,.267,4.2,10,18,9,3,49,5,47,447,80
Ezequiel Duran,TEX,3B,26,86,83,294,0.4172259507829978,0.6868008948545862,0.6733780760626398,0.5901146532438478,0.6899328859060403,0.45637583892617445,0.8355704697986577,0.680089485458613,0.6476510067114094,0.020134228187919462,0.03355704697986577,0.5257270693512305,0.8288590604026845,0.3422818791946309,0.4105145413870246,0.767337807606264,0.5928411633109619,0.5536912751677853,0.7114093959731543,0.9363425925925926,0.8881431767337807,0.5659955257270693,0.3825503355704698,0.9910514541387024,0.8590604026845637,0.06711409395973154,0.5485327313769752,9.1355,0.407556,0.0047390232558139535,.261,.387,7.9,3.5,40.645161290322584,88,111.5,88.9,102.3,42.9,22.1,13,24,0.5646260000000001,0.732877,0.850467,0.129252,17.2,.277,.302,.554,.305,5.8,5,3,4,2,23,5,19,167,40
Tucker Flint,LAA,OF,24,55,45,228,0.29977628635346754,0.40492170022371365,0.6711409395973155,0.3933864653243848,0.38635346756152134,0.5425055928411633,0.053691275167785234,0.14429530201342283,0.5458612975391499,0.9328859060402684,0.9284116331096197,0.4082774049217002,0.11073825503355705,0.41387024608501116,0.12639821029082773,0.7225950782997763,0.5055928411633109,0.1789709172259508,0.2203579418344519,0.08564814814814815,0.22371364653243847,0.407158836689038,0.5794183445190156,0.03243847874720358,0.4116331096196868,0.8713646532438478,0.43002257336343114,0.9067459999999999,"'-0.0798783","'-0.0014523327272727273",.170,.275,6.5,16.4,19.402985074626862,87.3,104.7,89.5,99.5,41.9,23.6,7,32.6,0.379913,0.609524,0.828125,0.10917,15.2,.200,.345,.378,.258,3.6,2,9,5,0,9,1,13,86,28
James Triantos,CHC,2B/3B,22,93,85,337,0.25615212527964204,0.412751677852349,0.668903803131991,0.46308724832214765,0.1825503355704698,0.650846915947587,0.7505592841163311,0.2595078299776286,0.13534675615212527,0.20134228187919462,0.203579418344519,0.21252796420581654,0.11073825503355705,0.3098434004474273,0.4272930648769575,0.19463087248322147,0.8803131991051454,0.01901565995525727,0.9530201342281879,0.7662037037037037,0.5055928411633109,0.9485458612975392,0.8635346756152126,0.9149888143176734,0.912751677852349,0.6353467561521253,0.3600451467268623,7.59162,0.651049,0.007000526881720429,.251,.311,1.4,7.5,33.540372670807464,85.9,104.7,88.7,102.4,28.6,16.1,2,16.4,0.504451,0.65896,0.921053,0.0801187,14.1,.306,.355,.388,.366,1.1,1,7,5,1,26,0,15,171,28
Zac Veen,COL,OF,23,86,79,315,0.203579418344519,0.32997762863534674,0.6666666666666666,0.44183445190156595,0.532662192393736,0.45365931607542337,0.12192393736017897,0.5548098434004475,0.8534675615212528,0.25838926174496646,0.22595078299776286,0.3713646532438479,0.1644295302013423,0.11297539149888143,0.5346756152125279,0.7192393736017897,0.2785234899328859,0.24049217002237136,0.42841163310961966,0.8263888888888888,0.8568232662192393,0.7293064876957495,0.3982102908277405,0.6644295302013423,0.9105145413870246,0.7472035794183445,0.49887133182844245,5.711790000000001,0.60185,0.006998255813953488,.188,.363,10.9,8.1,32.75862068965517,87,105.9,86.2,103.3,41.8,27.9,8,28.8,0.517134,0.72549,0.8738739999999999,0.127726,16.4,.203,.267,.468,.204,7,6,7,3,0,16,6,24,163,47
Drew Waters,KCR,OF,26,457,393,1836,0.7024608501118568,0.7885906040268457,0.6644295302013423,0.5639681208053691,0.6843400447427294,0.4137104506232024,0.639821029082774,0.7181208053691275,0.732662192393736,0.5950782997762863,0.40939597315436244,0.6319910514541387,0.7416107382550335,0.6621923937360179,0.7416107382550335,0.5973154362416108,0.35011185682326623,0.4888143176733781,0.30648769574944074,0.7094907407407407,0.738255033557047,0.24608501118568232,0.2505592841163311,0.8747203579418344,0.5302013422818792,0.639821029082774,0.5586907449209932,7.1684600000000005,"'-0.241076","'-0.0005275185995623632",.241,.394,8.7,11.6,29.46708463949843,88.7,110.5,91.5,104.6,38.9,26.5,12,30.9,0.49400900000000003,0.696449,0.800987,0.142702,17.3,.290,.379,.494,.383,5.3,24,53,33,4,114,13,121,907,280
Tim Elko,CHW,1B,26,219,197,894,0.7774049217002237,0.6868008948545862,0.6621923937360179,0.49189038031319915,0.8767337807606264,0.21796100990731865,0.802013422818792,0.8612975391498882,0.8780760626398211,0.412751677852349,0.2371364653243848,0.8769574944071589,0.9060402684563759,0.8355704697986577,0.9395973154362416,0.8612975391498882,0.21700223713646533,0.07494407158836688,0.14429530201342283,0.5833333333333334,0.31767337807606266,0.058165548098434,0.13870246085011187,0.30648769574944074,0.174496644295302,0.06935123042505593,0.23702031602708803,3.56411,"'-0.748433","'-0.003417502283105023",.257,.435,11.4,9.6,32.421052631578945,90.6,112.7,92.9,107.1,45.5,29.2,4,35,0.473154,0.629797,0.738351,0.15995499999999999,12,.289,.361,.472,.387,6.8,15,21,7,1,57,9,64,423,148
Luis De Los Santos,NYM,3B,27,154,127,569,0.8277404921700223,0.668903803131991,0.6599552572706935,0.5896252796420582,0.8199105145413871,0.46452540747842763,0.7136465324384788,0.7483221476510067,0.785234899328859,0.802013422818792,0.46308724832214765,0.8769574944071589,0.8713646532438478,0.7069351230425056,0.9317673378076062,0.8176733780760627,0.5559284116331096,0.13646532438478748,0.20917225950782997,0.2916666666666667,0.18791946308724833,0.6577181208053692,0.37583892617449666,0.40492170022371365,0.40492170022371365,0.8232662192393736,0.2765237020316027,4.1901,"'-0.225066","'-0.0014614675324675325",.247,.399,9.5,13.6,28.481012658227854,90.6,112.2,91.9,106.9,44.2,22.7,6,32.9,0.43233699999999997,0.602996,0.8633540000000001,0.130053,12.6,.260,.375,.441,.310,5.8,9,21,5,0,33,6,35,246,81
Buddy Kennedy,TOR,2B/3B,27,462,389,1737,0.6789709172259508,0.6868008948545862,0.6577181208053692,0.6563898210290828,0.5507829977628635,0.7635027165228507,0.668903803131991,0.5313199105145414,0.3534675615212528,0.7315436241610739,0.7472035794183445,0.7472035794183445,0.5201342281879194,0.7404921700223713,0.47874720357941836,0.6017897091722595,0.802013422818792,0.756152125279642,0.8557046979865772,0.2164351851851852,0.48769574944071586,0.7897091722595079,0.930648769574944,0.29977628635346754,0.3713646532438479,0.6263982102908278,0.7133182844243793,3.53551,"'-0.756616","'-0.0016376969696969695",.244,.359,4.2,12.8,23.606557377049178,89.5,109.1,92.1,102.8,39,18.2,16,20.5,0.41331,0.65725,0.885387,0.06917689999999999,20.3,.272,.374,.458,.312,2.8,13,59,31,1,106,13,84,743,152
Colby Thomas,ATH,OF,24,314,279,1188,0.37360178970917224,0.8266219239373602,0.6554809843400448,0.4342841163310962,0.5939597315436241,0.2788430808565037,0.2986577181208054,0.5749440715883669,0.7237136465324385,0.18568232662192394,0.09843400447427293,0.5111856823266219,0.6733780760626398,0.6252796420581656,0.9082774049217002,0.4865771812080537,0.18791946308724833,0.860178970917226,0.17002237136465326,0.9305555555555556,0.9888143176733781,0.27181208053691275,0.049217002237136466,0.49440715883668906,0.1297539149888143,0.9463087248322147,0.9796839729119639,4.7058,"'-1.2857399999999999","'-0.004094713375796179",.212,.366,8.6,7.3,36.0062893081761,87.9,110,91.1,106.4,36.6,30.3,18,33.9,0.561448,0.7955800000000001,0.805556,0.180976,30.5,.272,.344,.559,.347,5.1,16,23,25,2,76,17,95,667,226
Carlos Narváez,BOS,C,26,402,335,1665,0.610738255033557,0.569351230425056,0.6532438478747203,0.5181767337807606,0.651006711409396,0.42617449664429535,0.3982102908277405,0.45861297539149887,0.5346756152125279,0.8098434004474273,0.5436241610738255,0.7785234899328859,0.7416107382550335,0.7651006711409396,0.8008948545861297,0.7416107382550335,0.3724832214765101,0.62751677852349,0.2695749440715884,0.3657407407407408,0.2662192393736018,0.31543624161073824,0.40604026845637586,0.4161073825503356,0.6845637583892618,0.7639821029082774,0.7291196388261851,4.2653099999999995,0.427491,0.0010634104477611939,.222,.344,6.4,13.7,26.87927107061504,89.7,110.5,92.3,105.2,42.5,26.1,14,31.6,0.44023999999999996,0.617684,0.814516,0.126126,20.5,.254,.368,.412,.332,3.7,15,55,20,0,85,11,105,734,232
Raynel Delgado,MIL,2B/3B,25,340,298,1338,0.6196868008948546,0.598434004474273,0.6510067114093959,0.4821728187919463,0.4100671140939598,0.48050495365931606,0.6308724832214765,0.6062639821029083,0.4552572706935123,0.5615212527964206,0.40492170022371365,0.2225950782997763,0.4519015659955257,0.4261744966442953,0.46420581655480986,0.3143176733780761,0.4228187919463087,0.354586129753915,0.42841163310961966,0.6840277777777778,0.6957494407158836,0.5369127516778524,0.3131991051454139,0.6957494407158836,0.5413870246085011,0.9105145413870246,0.7663656884875847,5.92018,"'-0.126409","'-0.0003717911764705882",.240,.371,5.6,11.2,29.522431259044858,86,108.6,89.6,102.7,32.4,25,10,28.8,0.48994799999999994,0.687783,0.846491,0.136262,21.1,.275,.365,.426,.358,3.5,12,38,14,2,82,9,85,673,194
Jeferson Morales,FA,C/OF,26,60,53,236,0.6196868008948546,0.9697986577181208,0.6487695749440716,0.5708892617449666,0.38926174496644295,0.6700223713646533,0.883668903803132,0.4519015659955257,0.04697986577181208,0.44742729306487694,0.44854586129753915,0.6073825503355704,0.28187919463087246,0.7404921700223713,0.3970917225950783,0.558165548098434,0.7953020134228188,0.04138702460850112,0.8859060402684564,0.4131944444444444,0.3534675615212528,0.9340044742729307,0.825503355704698,0.9530201342281879,0.8501118568232662,0.8926174496644296,0.23137697516930023,8.26153,0.268922,0.004482033333333333,.266,.343,0,10,28.57142857142857,88.5,107.1,92.1,102.2,38.1,18.3,3,19.8,0.44915299999999997,0.636364,0.914286,0.08474580000000001,11.9,.358,.433,.585,.439,0,0,6,7,1,19,1,11,106,21
Nolan Jones,CLE,OF,27,83,71,357,0.9630872483221476,0.8400447427293065,0.6465324384787472,0.647581096196868,0.9194630872483222,0.45829338446788104,0.8243847874720358,0.9821029082774049,0.9955257270693513,0.5201342281879194,0.9485458612975392,1,0.6196868008948546,0.9944071588366891,0.9530201342281879,1,0.12751677852348994,0.24049217002237136,0.4004474272930649,0.05787037037037038,0.020134228187919462,0.43512304250559286,0.756152125279642,0.5279642058165548,0.4250559284116331,0.3131991051454139,0.20993227990970656,4.90247,"'-0.11411199999999999","'-0.001374843373493976",.260,.516,18.2,10.8,18.497109826589593,95.6,109.7,97.5,107.4,68.2,32.5,8,29.2,0.362117,0.489796,0.833333,0.091922,11.4,.268,.373,.521,.390,9.6,8,9,7,1,19,3,27,130,38
José Fermín,STL,2B/3B,26,236,195,938,0.8769574944071589,0.912751677852349,0.6442953020134228,0.6381431767337807,0.2731543624161074,0.8116011505273251,0.9149888143176734,0.6062639821029083,0.17002237136465326,0.8277404921700223,0.9060402684563759,0.21252796420581654,0.18232662192393737,0.24272930648769575,0.10067114093959731,0.19463087248322147,0.9821029082774049,0.7024608501118568,0.9910514541387024,0.04398148148148148,0.025727069351230425,0.9619686800894854,0.9865771812080537,0.668903803131991,0.9351230425055929,0.9351230425055929,0.9334085778781038,5.74107,2.04239,0.008654194915254237,.273,.371,2.3,14,19.95967741935484,85.9,106.2,88.1,99.1,28.6,9.3,15,11.1,0.347503,0.5,0.931818,0.031881,27.5,.313,.424,.503,.317,1.7,4,33,13,0,61,8,22,325,36
Ivan Johnson,CIN,2B/OF,27,167,149,663,0.7874720357941835,0.819910514541387,0.6420581655480985,0.5926314317673378,0.8214765100671141,0.36673058485139026,0.7505592841163311,0.8959731543624161,0.8903803131991052,0.3579418344519016,0.18120805369127516,0.8769574944071589,0.5346756152125279,0.9463087248322147,0.6588366890380313,0.9093959731543624,0.2684563758389262,0.5536912751677853,0.2695749440715884,0.8773148148148148,0.959731543624161,0.38926174496644295,0.14093959731543623,0.7158836689038032,0.14317673378076062,0.4105145413870246,0.39503386004514673,6.111000000000001,"'-0.641476","'-0.003841173652694611",.251,.449,11.7,9,34.08450704225352,90.6,109.2,94.5,104.1,47.6,28.1,13,31.6,0.536953,0.767213,0.824786,0.159879,14.6,.289,.359,.537,.381,7.2,12,15,11,4,43,6,47,358,113
Luis Vázquez,BAL,3B/SS,26,266,234,1037,0.3400447427293065,0.529082774049217,0.639821029082774,0.4898629753914989,0.5642058165548098,0.5405880472994566,0.35906040268456374,0.3389261744966443,0.5223713646532439,0.3814317673378076,0.34116331096196867,0.5592841163310962,0.8288590604026845,0.5816554809843401,0.6308724832214765,0.5715883668903803,0.5861297539149888,0.4217002237136465,0.6387024608501118,0.5196759259259259,0.407158836689038,0.7695749440715883,0.6599552572706935,0.11185682326621924,0.09619686800894854,0.5078299776286354,0.40970654627539504,2.1322,"'-1.2727899999999999","'-0.004784924812030075",.218,.324,6.3,9.4,30.76923076923077,88.2,111.5,90.7,103.9,38.3,22.2,11,25.2,0.462128,0.644841,0.883077,0.10163,14.8,.261,.346,.432,.315,4.1,11,25,16,0,61,8,59,480,121
Victor Mesa Jr.,MIA,OF,24,351,319,1288,0.25615212527964204,0.38926174496644295,0.6375838926174496,0.42652404921700227,0.4069351230425056,0.44407158836689037,0.43288590604026844,0.41834451901565994,0.43847874720357943,0.21476510067114093,0.19015659955257272,0.3713646532438479,0.47651006711409394,0.5246085011185683,0.6711409395973155,0.32997762863534674,0.6017897091722595,0.5536912751677853,0.49776286353467564,0.9432870370370372,0.9932885906040269,0.4004474272930649,0.21029082774049218,0.43847874720357943,0.3534675615212528,0.5346756152125279,0.7426636568848759,4.37093,"'-0.596158","'-0.0016984558404558405",.225,.336,5.3,7.7,34.02366863905325,87,108.8,90.3,104.2,33.2,21.9,13,27.8,0.567757,0.813758,0.8268040000000001,0.148754,20.7,.257,.316,.429,.297,3.7,13,27,14,1,82,13,77,740,206
Brady House,WSN,3B,22,236,224,828,0.2841163310961969,0.174496644295302,0.6353467561521253,0.41142337807606266,0.5190156599552573,0.3652924256951103,0.732662192393736,0.5749440715883669,0.4228187919463087,0.011185682326621925,0.06040268456375839,0.42058165548098436,0.5201342281879194,0.7516778523489933,0.6308724832214765,0.656599552572707,0.2360178970917226,0.1789709172259508,0.4373601789709172,0.9652777777777778,0.9642058165548099,0.6778523489932886,0.17002237136465326,0.2348993288590604,0.21029082774049218,0.116331096196868,0.06320541760722348,3.0364400000000002,"'-0.655907","'-0.0027792669491525424",.249,.366,5.1,3,38.242280285035626,87.4,109.1,92.2,103.9,40.5,28.8,7,28.7,0.582126,0.7714989999999999,0.866242,0.155797,7.6,.250,.280,.375,.329,3.4,8,7,10,0,56,6,68,484,139
Casey Schmitt,SFG,2B/3B,26,333,291,1233,0.7583892617449665,0.5883668903803132,0.6331096196868009,0.5681627516778524,0.6592841163310962,0.4247363374880154,0.8243847874720358,0.8657718120805369,0.6991051454138703,0.3579418344519016,0.1789709172259508,0.5760626398210291,0.4519015659955257,0.5816554809843401,0.6152125279642058,0.703579418344519,0.6387024608501118,0.62751677852349,0.4105145413870246,0.75,0.5995525727069351,0.44742729306487694,0.3400447427293065,0.610738255033557,0.7404921700223713,0.28187919463087246,0.7200902934537246,5.34474,0.70701,0.002123153153153153,.260,.436,8.3,9,34.087481146304675,88.3,108.6,90.7,103.8,41.5,21,14,29,0.5008100000000001,0.675084,0.835411,0.133712,20.4,.275,.342,.471,.310,5.7,19,30,16,1,80,13,70,617,179
Carlos Rodríguez,ATL,OF,24,128,110,487,0.43512304250559286,0.23937360178970918,0.6308724832214765,0.5276845637583893,0.09552572706935122,0.8584212208373282,0.6968680089485458,0.19686800894854586,0.04697986577181208,0.7762863534675615,0.796420581655481,0.10961968680089486,0.1040268456375839,0.087248322147651,0.025727069351230425,0.020134228187919462,0.9865771812080537,0.2986577181208054,0.9821029082774049,0.4583333333333333,0.5234899328859061,0.9731543624161074,0.970917225950783,0.5257270693512305,0.05145413870246085,0.12527964205816555,0.04853273137697517,4.8762300000000005,"'-0.841476","'-0.00657403125",.246,.294,0,13.3,22.633744855967077,84.7,104.5,85.5,97.2,16,8.6,9,12.6,0.45585200000000003,0.663934,0.9382719999999999,0.04928130000000001,7,.245,.344,.309,.270,0,0,17,3,2,27,0,11,222,28
Andrew Pinckney,WSN,OF,24,93,83,411,0.2348993288590604,0.26174496644295303,0.6286353467561522,0.30795581655480986,0.5413870246085011,0.1257590284435922,0.18456375838926176,0.3333333333333333,0.5637583892617449,0.20134228187919462,0.18344519015659955,0.26174496644295303,0.8176733780760627,0.18120805369127516,0.6588366890380313,0.7304250559284117,0.03355704697986577,0.007829977628635347,0.02348993288590604,0.6782407407407407,0.31096196868008946,0.10961968680089486,0.017897091722595078,0.912751677852349,0.814317673378076,0.21923937360178972,0.17607223476297967,7.582269999999999,0.32143299999999997,0.0034562688172043014,.199,.323,6.7,7.5,34.080717488789226,86.3,111.3,87.4,104.1,42.2,39.8,1,43.1,0.489051,0.626263,0.766129,0.20194600000000001,10.9,.253,.333,.337,.444,3.2,3,7,2,1,21,1,37,202,87
JT Schwartz,NYM,1B,25,178,160,666,0.36129753914988816,0.21588366890380314,0.6263982102908278,0.5564177852348994,0.46196868008948544,0.641259188239054,0.3434004474272931,0.5548098434004475,0.43847874720357943,0.07941834451901567,0.24161073825503357,0.4742729306487696,0.4261744966442953,0.4015659955257271,0.3668903803131991,0.4161073825503356,0.8691275167785235,0.9630872483221476,0.912751677852349,0.8171296296296297,0.6733780760626398,0.9205816554809844,0.7919463087248322,0.436241610738255,0.6554809843400448,0.1331096196868009,0.45936794582392776,4.357469999999999,0.130134,0.0007310898876404494,.216,.363,5.3,5.6,32.369942196531795,87.7,108.4,89.4,102,35.1,16.3,22,18.6,0.515015,0.683706,0.911215,0.0885886,15.8,.219,.287,.381,.234,3.9,7,10,11,0,35,5,29,344,64
Drew Romo,COL,C,24,365,339,1194,0.3959731543624161,0.6633109619686801,0.6241610738255033,0.5092980984340044,0.3315436241610738,0.5835730265260466,0.7505592841163311,0.5413870246085011,0.3378076062639821,0.03355704697986577,0.10067114093959731,0.2225950782997763,0.3512304250559284,0.29194630872483224,0.18232662192393737,0.20469798657718122,0.8076062639821029,0.7024608501118568,0.8232662192393736,0.8969907407407407,0.8366890380313199,0.9239373601789709,0.5592841163310962,0.5570469798657718,0.4697986577181208,0.8478747203579419,0.9018058690744921,5.05804,"'-0.408952","'-0.0011204164383561642",.251,.360,4,4.4,35.842880523731594,86,107.8,88.6,100.3,28.7,18.1,15,21.6,0.546289,0.7213930000000001,0.912644,0.110926,25.3,.295,.337,.499,.328,3,11,16,19,4,100,14,66,657,142
Michael Toglia,COL,1B,27,135,119,510,0.48210290827740493,0.8814317673378076,0.6219239373601789,0.6156319910514542,0.7970917225950782,0.5356343879833813,0.24161073825503357,0.6487695749440716,0.930648769574944,0.5514541387024608,0.6308724832214765,0.8131991051454138,0.8803131991051454,0.8668903803131991,0.9317673378076062,0.7125279642058165,0.38926174496644295,0.8926174496644296,0.5089485458612976,0.6481481481481481,0.5861297539149888,0.6152125279642058,0.46756152125279643,0.4988814317673378,0.042505592841163314,0.6308724832214765,0.8329571106094809,4.71465,"'-1.00771","'-0.0074645185185185205",.205,.380,13.1,11.1,25.409836065573767,89.9,112.3,93.2,106.9,41.7,25.9,19,27.5,0.48336599999999996,0.67433,0.8579549999999999,0.119374,22.6,.277,.363,.571,.320,8.1,11,15,4,2,33,9,35,247,68
Blaze Alexander,ARI,3B,26,223,194,872,0.529082774049217,0.558165548098434,0.6196868008948546,0.4831515659955257,0.6033557046979865,0.3648130393096836,0.6185682326621924,0.49328859060402686,0.6353467561521253,0.3053691275167785,0.6912751677852349,0.6073825503355704,0.5503355704697986,0.5246085011185683,0.5167785234899329,0.7304250559284117,0.16890380313199105,0.24049217002237136,0.2360178970917226,0.5694444444444444,0.6532438478747203,0.24384787472035793,0.2550335570469799,0.7718120805369127,0.5749440715883669,0.18344519015659955,0.2528216704288939,6.35467,"'-0.0434902","'-0.00019502331838565023",.239,.352,7.8,8.5,24.58233890214797,88.5,109.3,90.3,103.1,42.2,30.9,8,32.2,0.47025200000000006,0.681499,0.800687,0.141876,12.3,.273,.351,.443,.390,4.5,10,19,12,3,53,5,69,410,132
José Devers,FA,2B/SS,25,207,188,805,0.470917225950783,0.22483221476510068,0.6174496644295302,0.5404781879194631,0.37494407158836685,0.558165548098434,0.79082774049217,0.5033557046979866,0.20693512304250558,0.1756152125279642,0.0447427293064877,0.20022371364653244,0.7293064876957495,0.3814317673378076,0.23937360178970918,0.2348993288590604,0.8501118568232662,0.8076062639821029,0.7293064876957495,0.914351851851852,0.8657718120805369,0.7248322147651006,0.5167785234899329,0.796420581655481,0.45861297539149887,0.36017897091722595,0.47404063205417607,6.562539999999999,"'-0.24819699999999997","'-0.0011990193236714975",.255,.353,2.6,7.2,38.91509433962264,85.8,110.4,89.2,101,30.1,16.9,17,23.5,0.552109,0.7267899999999999,0.8722629999999999,0.11538499999999999,16,.239,.304,.362,.278,1.9,4,15,8,3,45,3,35,451,106
Ed Howard,CHC,2B/SS,23,39,36,133,0.27069351230425054,0.008948545861297539,0.6152125279642058,0.3347315436241611,0.5156599552572707,0.2182806008309364,0.7248322147651006,0.2796420581655481,0.04697986577181208,0.0592841163310962,0.026845637583892617,0.9865771812080537,0.29194630872483224,0.9563758389261745,0.4552572706935123,0.9731543624161074,0.2651006711409396,0.07494407158836688,0.15212527964205816,0.9016203703703703,0.7807606263982103,0.12304250559284116,0.12080536912751678,0.1789709172259508,0.42058165548098436,0.5201342281879194,0.19074492099322798,2.6428599999999998,"'-0.05397330000000001","'-0.0013839307692307696",.248,.314,0,5.1,41.42857142857143,93.5,107.2,94.9,102.6,54.2,28.2,4,34.7,0.548148,0.705882,0.770833,0.16296300000000002,11.1,.139,.205,.167,.200,0,0,2,1,0,5,0,11,72,25
Brice Matthews,HOU,2B,23,48,42,201,0.18344519015659955,0.02796420581655481,0.6129753914988815,0.4475671140939598,0.32841163310961974,0.48210290827740493,0.2080536912751678,0.1297539149888143,0.04697986577181208,0.10738255033557047,0.9619686800894854,0.5111856823266219,0.1644295302013423,0.5033557046979866,0.3243847874720358,0.7897091722595079,0.03691275167785235,0.9966442953020134,0.6577181208053692,0.05555555555555555,0.03131991051454139,0.7136465324384788,0.8657718120805369,0.756152125279642,0.9686800894854586,0.9328859060402684,0.9153498871331829,6.29638,0.542944,0.011311333333333331,.202,.272,0,6.3,17.525773195876287,87.9,105.9,90.2,101.7,43.5,39.6,28,25,0.358209,0.514286,0.8703700000000001,0.07960199999999999,26.1,.143,.250,.190,.261,0,0,3,2,0,6,0,19,72,18
BJ Murray Jr.,CHC,1B/3B,25,353,299,1430,0.36129753914988816,0.2550335570469799,0.610738255033557,0.466582774049217,0.32326621923937354,0.6029082774049217,0.28635346756152125,0.21476510067114093,0.3187919463087248,0.8400447427293065,0.785234899328859,0.3713646532438479,0.3344519015659955,0.3814317673378076,0.3814317673378076,0.3769574944071588,0.4664429530201342,0.4888143176733781,0.48210290827740493,0.3043981481481481,0.4519015659955257,0.6129753914988815,0.5816554809843401,0.49217002237136465,0.7583892617449665,0.465324384787472,0.38261851015801357,4.70205,0.8202530000000001,0.0023236628895184136,.211,.299,3.7,14.2,22.90575916230367,87,107.7,89.2,102.1,34,24.4,12,28,0.433566,0.652439,0.857477,0.10909100000000001,14.4,.204,.320,.348,.245,2.3,8,50,10,0,61,11,86,625,175
Karson Simas,BOS,2B/OF,24,45,41,177,0.13087248322147652,0.19798657718120805,0.6085011185682326,0.40813758389261745,0.4720357941834452,0.41019495046340687,0.3523489932885906,0.23154362416107382,0.8266219239373602,0.03355704697986577,0.13870246085011187,0.12863534675615212,0.21364653243847875,0.9664429530201343,0.47874720357941836,0.959731543624161,0.23042505592841164,0.04138702460850112,0.703579418344519,0.5642361111111112,0.33557046979865773,0.8322147651006712,0.5973154362416108,0.7740492170022372,0.8993288590604027,0.35011185682326623,0.1523702031602709,6.36397,0.299764,0.006661422222222222,.217,.307,10.3,4.4,34.883720930232556,85,106.6,95.5,102.8,51.7,28.9,3,24.1,0.46892700000000004,0.632184,0.8909090000000001,0.10734500000000001,10.3,.268,.311,.341,.357,6.7,3,2,0,0,11,1,13,83,20
Landon Wallace,FA,OF,23,54,48,208,0.2181208053691275,0.27293064876957496,0.6062639821029083,0.3637444071588367,0.494854586129754,0.3839884947267498,0.2550335570469799,0.26733780760626397,0.5771812080536913,0.5514541387024608,0.9664429530201343,0.6319910514541387,0.07046979865771812,0.8501118568232662,0.44407158836689037,0.9272930648769575,0.07718120805369127,0.1789709172259508,0.08612975391498881,0.006944444444444444,0.005592841163310962,0.005592841163310962,0.9955257270693513,0.005592841163310962,0.6051454138702461,0.006711409395973154,0.5214446952595937,0,0,0,.207,.312,6.9,11.1,17.307692307692307,88.7,103.5,93,102.5,48.3,35.2,7,37.2,0,0,0,0,16.7,.229,.315,.375,.379,3.7,2,6,3,2,11,0,19,86,32
Nick Allen,ATL,SS,27,375,319,1418,0.7360178970917226,0.9183445190156599,0.6040268456375839,0.6256291946308725,0.3181208053691275,0.8467561521252797,0.9272930648769575,0.4519015659955257,0.12080536912751678,0.761744966442953,0.9038031319910514,0.18344519015659955,0.6733780760626398,0.3098434004474273,0.11297539149888143,0.1610738255033557,0.9664429530201343,0.2986577181208054,0.9776286353467561,0.30671296296296297,0.3713646532438479,0.9776286353467561,0.9686800894854586,0.5302013422818792,0.12304250559284116,0.20022371364653244,0.48081264108352145,4.91026,"'-1.5909","'-0.0042424",.279,.343,1.1,13.1,20.086083213773318,85.7,110,88.7,99.3,27.3,10.9,9,13.5,0.433896,0.639676,0.9388190000000001,0.0520394,16.1,.345,.432,.498,.375,0.8,3,49,26,1,110,7,41,621,84
Tristan Peters,TBR,OF,25,475,408,1936,0.33109619686800895,0.43288590604026844,0.6017897091722595,0.4792365771812081,0.2644295302013423,0.6088207094918504,0.23378076062639822,0.29977628635346754,0.39485458612975394,0.7315436241610739,0.6577181208053692,0.14205816554809844,0.40268456375838924,0.13087248322147652,0.18232662192393737,0.08277404921700224,0.714765100671141,0.8926174496644296,0.62751677852349,0.5081018518518519,0.5257270693512305,0.4161073825503356,0.5883668903803132,0.6263982102908278,0.07606263982102908,0.7897091722595079,0.9108352144469526,5.47464,"'-2.6565","'-0.005592631578947368",.204,.317,4.8,12.8,25.122669283611387,85.2,108.2,86.6,100.3,23.5,19.8,19,25.3,0.45998999999999995,0.664147,0.829268,0.10841500000000001,25.9,.238,.341,.402,.280,3.2,15,61,21,5,97,12,94,890,225
Akil Baddoo,FA,OF,27,374,321,1470,0.6286353467561522,0.44854586129753915,0.5995525727069351,0.5630592841163311,0.6355704697986577,0.4228187919463088,0.46868008948545864,0.5917225950782998,0.732662192393736,0.7170022371364653,0.5727069351230425,0.3713646532438479,0.9630872483221476,0.3277404921700224,0.7248322147651006,0.5190156599552572,0.34563758389261745,0.8076062639821029,0.26174496644295303,0.4178240740740741,0.4116331096196868,0.28859060402684567,0.3624161073825503,0.9664429530201343,0.8187919463087249,0.9060402684563759,0.9018058690744921,8.48136,1.32756,0.0035496256684491977,.228,.368,8.7,12.6,26.281208935611037,87,114.8,88.8,104.5,37.2,26.7,17,31.8,0.450408,0.645161,0.808696,0.131114,25.3,.237,.338,.417,.313,5.1,19,47,21,5,76,9,100,664,211
Jakob Marsee,MIA,OF,24,89,77,390,0.33109619686800895,0.31543624161073824,0.5973154362416108,0.4224692393736018,0.12348993288590604,0.5743048897411314,0.3769574944071588,0.20246085011185683,0.14429530201342283,0.7919463087248322,0.8702460850111857,0.013422818791946308,0.21364653243847875,0.05145413870246085,0.21029082774049218,0.0436241610738255,0.5715883668903803,0.7024608501118568,0.703579418344519,0.13425925925925927,0.09172259507829977,0.203579418344519,0.7874720357941835,0.7114093959731543,0.9821029082774049,0.1610738255033557,0.8521444695259593,6.09178,1.1764,0.013217977528089888,.220,.296,1.8,13.5,20.97560975609756,81.2,106.6,84,100.7,19.3,22.5,15,24.1,0.395939,0.5752689999999999,0.794393,0.08883250000000001,23,.247,.348,.338,.321,1.1,1,12,4,0,19,1,20,158,38
Bob Seymour,TBR,1B,27,217,193,859,0.883668903803132,0.9071588366890381,0.5950782997762863,0.5346057046979866,0.8402684563758388,0.2440076701821668,0.5436241610738255,0.959731543624161,0.9653243847874721,0.49217002237136465,0.02237136465324385,0.8243847874720358,0.9552572706935123,0.6621923937360179,0.9586129753914989,0.4966442953020134,0.08389261744966443,0.8926174496644296,0.053691275167785234,0.9560185185185184,0.9821029082774049,0.06040268456375839,0.013422818791946308,0.3243847874720358,0.680089485458613,0.8076062639821029,0.95372460496614,3.6933199999999995,0.214477,0.0009883732718894008,.233,.497,14.5,10.6,41.80327868852459,90,114.4,91.5,107.5,36.8,35,19,39.1,0.571595,0.7813329999999999,0.740614,0.21187399999999998,28.2,.269,.350,.601,.337,7.8,17,23,7,0,52,19,76,491,192
César Prieto,STL,2B/DH,26,521,490,1750,0.44854586129753915,0.38926174496644295,0.5928411633109619,0.580397091722595,0.5393736017897092,0.6516458932566316,0.860178970917226,0.6375838926174496,0.3825503355704698,0.03355704697986577,0.015659955257270694,0.5760626398210291,0.6364653243847874,0.5559284116331096,0.3668903803131991,0.46420581655480986,0.959731543624161,0.354586129753915,0.9507829977628636,0.9479166666666666,0.7897091722595079,0.9888143176733781,0.8232662192393736,0.36465324384787473,0.1185682326621924,0.40268456375838924,0.5214446952595937,4.03287,"'-2.25405","'-0.0043263915547024955",.263,.377,4.7,4.4,44.59601259181533,88.3,109.8,90.5,102,36.1,12.1,10,16.6,0.56957,0.709677,0.9461280000000001,0.0848416,16.7,.269,.309,.439,.284,3.8,20,23,35,3,132,14,63,1017,169
Brett Johnson,FA,OF,25,92,76,422,0.4172259507829978,0.5380313199105146,0.5906040268456376,0.4365212527964206,0.3512304250559284,0.4734739533397251,0.0894854586129754,0.29977628635346754,0.6890380313199105,0.959731543624161,0.9172259507829977,0.12192393736017897,0.15324384787472037,0.3814317673378076,0.5503355704697986,0.49217002237136465,0.21476510067114093,0.7024608501118568,0.29642058165548096,0.0960648148148148,0.16778523489932887,0.22595078299776286,0.5324384787472036,0.7046979865771812,0.1029082774049217,0.19686800894854586,0.3724604966139955,6.03543,"'-0.432383","'-0.004699815217391304",.181,.317,8.2,17.4,19.82758620689655,84.9,105.7,89.2,103.4,36.7,29.3,15,31.1,0.383886,0.596859,0.798246,0.11374400000000001,14.3,.211,.348,.434,.298,4.3,4,16,5,3,16,2,27,167,52
Gilberto Celestino,NYM,OF,26,283,254,1130,0.4172259507829978,0.348993288590604,0.5883668903803132,0.4946168903803132,0.5187919463087247,0.5266858421220836,0.668903803131991,0.3434004474272931,0.30648769574944074,0.3959731543624161,0.7651006711409396,0.4507829977628635,0.6923937360178971,0.5939597315436241,0.6152125279642058,0.8008948545861297,0.6923937360178971,0.04138702460850112,0.5525727069351231,0.3645833333333333,0.37360178970917224,0.37919463087248323,0.5279642058165548,0.5055928411633109,0.7740492170022372,0.1476510067114094,0.02708803611738149,4.73769,0.7282,0.0025731448763250887,.244,.325,3.6,9.5,23.251748251748253,87.6,110.1,90.8,103.8,43.8,20.1,3,26.9,0.440187,0.640301,0.8235290000000001,0.11401900000000001,5.6,.276,.350,.362,.345,2.5,7,27,13,0,70,3,57,506,136
Elehuris Montero,FA,1B,27,294,256,1230,0.7774049217002237,0.9328859060402684,0.5861297539149888,0.5801873601789709,0.7514541387024609,0.38478747203579416,0.6599552572706935,0.7941834451901566,0.8903803131991052,0.5615212527964206,0.3624161073825503,0.5906040268456376,0.8568232662192393,0.5559284116331096,0.9485458612975392,0.6252796420581656,0.35011185682326623,0.9630872483221476,0.29642058165548096,0.2523148148148148,0.049217002237136466,0.6085011185682326,0.465324384787472,0.4317673378076063,0.5011185682326622,0.14541387024608501,0.8137697516930023,4.324730000000001,"'-0.256447","'-0.0008722687074829931",.243,.414,11.7,11.2,30.32069970845481,88.4,111.9,90.5,107.3,40,26.5,22,31.1,0.420325,0.556918,0.8553459999999999,0.119512,22.2,.309,.391,.582,.384,7.1,21,33,16,3,79,16,78,517,161
Nick Schnell,WSN,OF,25,95,89,372,0.09619686800894854,0.10961968680089486,0.5838926174496645,0.38793344519015655,0.6948545861297539,0.17705337168424418,0.12192393736017897,0.3288590604026846,0.6353467561521253,0.06487695749440715,0.09172259507829977,0.8937360178970917,0.772930648769575,0.5816554809843401,0.7953020134228188,0.843400447427293,0.03131991051454139,0.8076062639821029,0.029082774049217,0.9375,0.9731543624161074,0.04697986577181208,0.0022371364653243847,0.46756152125279643,0.7785234899328859,0.5123042505592841,0.7731376975169301,4.591419999999999,0.24579099999999998,0.0025872736842105265,.188,.322,7.8,5.3,36.36363636363637,90.8,110.9,90.7,105.1,45.1,40,17,42.4,0.565684,0.777174,0.72028,0.22788200000000003,21.2,.213,.263,.337,.333,4.2,4,5,2,0,19,3,38,210,89
Jordan Lawlar,ARI,3B/SS,23,57,49,209,0.48210290827740493,0.9731543624161074,0.5816554809843401,0.39038031319910516,0.2232662192393736,0.4181847235538511,0.79082774049217,0.3333333333333333,0.04697986577181208,0.6845637583892618,0.7583892617449665,0.29194630872483224,0.09843400447427293,0.4697986577181208,0.2494407158836689,0.34563758389261745,0.20022371364653244,0.4888143176733781,0.38926174496644295,0.3460648148148148,0.2684563758389262,0.20134228187919462,0.4250559284116331,0.4407158836689038,0.0044742729306487695,0.22818791946308725,0.9683972911963883,4.3811,"'-0.922127","'-0.01617766666666667",.255,.323,0,12.3,23.30097087378641,86.5,104.4,90,101.1,33.3,29.8,12,29.3,0.43809499999999996,0.618182,0.794118,0.12380999999999999,29.4,.367,.439,.592,.516,0,0,7,3,1,18,2,17,92,27
Oswald Peraza,LAA,3B,25,404,350,1589,0.3825503355704698,0.40492170022371365,0.5794183445190156,0.4379893736017897,0.280089485458613,0.5551294343240653,0.3982102908277405,0.2796420581655481,0.3534675615212528,0.4798657718120805,0.6644295302013423,0.0592841163310962,0.41498881431767337,0.13646532438478748,0.5067114093959731,0.2930648769574944,0.6387024608501118,0.2986577181208054,0.465324384787472,0.4861111111111111,0.5324384787472036,0.6420581655480985,0.46308724832214765,0.6420581655480985,0.7114093959731543,0.6129753914988815,0.5485327313769752,5.61632,0.651449,0.001612497524752475,.222,.314,4.2,10.4,25.09270704573548,83.9,108.3,86.7,103,31.8,21,9,28.3,0.458491,0.66581,0.8610040000000001,0.120126,17.2,.246,.339,.394,.286,2.7,11,42,13,0,86,13,85,729,206
Joey Wiemer,MIA,OF,26,352,294,1463,0.36129753914988816,0.28187919463087246,0.5771812080536913,0.40338366890380317,0.46599552572706937,0.34867369766698625,0.15771812080536912,0.18120805369127516,0.4228187919463087,0.8948545861297539,0.6174496644295302,0.4742729306487696,0.9586129753914989,0.41387024608501116,0.7874720357941835,0.2930648769574944,0.28859060402684567,0.2986577181208054,0.17225950782997762,0.2951388888888889,0.22595078299776286,0.053691275167785234,0.18791946308724833,0.8657718120805369,0.7136465324384788,0.5,0.5586907449209932,7.06359,0.5686859999999999,0.0016155852272727274,.196,.289,5.1,15.6,25.58139534883721,87.7,114.6,89.5,105,31.8,27.8,9,33.8,0.432489,0.610442,0.736842,0.151899,17.3,.221,.349,.310,.321,2.8,10,55,15,1,65,3,98,601,203
Yanquiel Fernández,COL,DH/OF,22,138,128,511,0.12080536912751678,0.09619686800894854,0.5749440715883669,0.3595497762863535,0.36935123042505597,0.48018536273569834,0.3076062639821029,0.2203579418344519,0.4228187919463087,0.12192393736017897,0.03131991051454139,0.20022371364653244,0.4261744966442953,0.09843400447427293,0.685682326621924,0.5771812080536913,0.6823266219239373,0.07494407158836688,0.5727069351230425,0.957175925925926,0.9843400447427293,0.6733780760626398,0.2953020134228188,0.04138702460850112,0.4608501118568233,0.5201342281879194,0.35214446952595935,0.988445,"'-0.15975699999999998","'-0.0011576594202898553",.213,.301,5.1,6.5,40.766550522648075,85.8,108.4,85.8,104.3,38.4,20.3,4,26.3,0.573386,0.784404,0.865497,0.138943,14,.211,.268,.313,.255,3.6,5,9,7,0,27,2,28,293,77
Jack Suwinski,PIT,OF,27,201,180,855,0.48210290827740493,0.36577181208053694,0.5727069351230425,0.5823545861297539,0.8082774049217003,0.4108341323106424,0.35906040268456374,0.772930648769575,0.9082774049217002,0.24608501118568232,0.831096196868009,0.8243847874720358,0.7293064876957495,0.814317673378076,0.7583892617449665,0.8064876957494407,0.21252796420581654,0.756152125279642,0.3624161073825503,0.31828703703703703,0.38031319910514544,0.36465324384787473,0.47874720357941836,0.8031319910514542,0.7002237136465325,0.09843400447427293,0.2945823927765237,6.600789999999999,0.283871,0.0014122935323383086,.218,.407,12.2,8,21.962616822429904,90,110.4,92.7,104.7,43.9,29.4,16,29.8,0.43508800000000003,0.641084,0.8204229999999999,0.118129,12.9,.239,.303,.444,.308,7.5,15,16,10,3,43,7,59,372,111
Luis Campusano,SDP,C,27,37,35,120,0.6610738255033557,0.8959731543624161,0.5704697986577181,0.5702600671140939,0.7344519015659956,0.5185362735698306,0.9071588366890381,0.8445190156599552,0.8076062639821029,0.07046979865771812,0.24496644295302014,0.9172259507829977,0.21364653243847875,0.8355704697986577,0.685682326621924,0.889261744966443,0.9440715883668904,0.07494407158836688,0.5413870246085011,0.9670138888888888,0.9977628635346756,0.5704697986577181,0.2606263982102908,0.1789709172259508,0.31767337807606266,0.6498881431767338,0.5214446952595937,2.6428599999999998,"'-0.0684671","'-0.0018504621621621626",.271,.430,10,5.4,32.20338983050847,91.1,106.6,92.9,104.3,46.7,13.5,4,27.1,0.583333,0.8545450000000001,0.8510639999999999,0.14166700000000002,16.7,.371,.405,.514,.414,8.1,3,2,2,0,13,1,5,70,19
Austin Gauthier,LAD,2B,26,421,360,1624,0.3098434004474273,0.30313199105145416,0.5682326621923938,0.5020274049217002,0.29552572706935126,0.7401725790987534,0.28635346756152125,0.17002237136465326,0.20693512304250558,0.7762863534675615,0.7785234899328859,0.42058165548098436,0.31208053691275167,0.4697986577181208,0.25615212527964204,0.3680089485458613,0.6733780760626398,0.04138702460850112,0.8031319910514542,0.4375,0.5480984340044742,0.7740492170022372,0.8277404921700223,0.7360178970917226,0.8165548098434005,0.05592841163310962,0.04288939051918736,6.2541199999999995,1.4639799999999998,0.003477387173396675,.211,.286,2.6,13.3,22.992700729927012,87.4,107.4,90,101.2,33.6,20.4,3,21.9,0.453211,0.667488,0.883764,0.0844037,6.9,.244,.354,.319,.319,1.7,7,56,16,4,88,1,86,735,161
Cole Roederer,FA,OF,26,185,159,700,0.3825503355704698,0.27293064876957496,0.5659955257270693,0.43554250559284113,0.4879194630872483,0.34148290188558644,0.24161073825503357,0.4015659955257271,0.4552572706935123,0.6319910514541387,0.639821029082774,0.6868008948545862,0.3243847874720358,0.4854586129753915,0.4955257270693512,0.5715883668903803,0.2494407158836689,0.941834451901566,0.09955257270693513,0.4803240740740741,0.47651006711409394,0.14093959731543623,0.15212527964205816,0.5727069351230425,0.7606263982102909,0.3131991051454139,0.7979683972911964,5.10956,0.453029,0.002448805405405405,.205,.334,5.6,11.9,25.274725274725274,89.1,107.6,90.1,102.9,38.3,28.6,21,36.5,0.45803699999999997,0.6561600000000001,0.777293,0.157895,21.8,.208,.314,.365,.275,3.2,6,22,10,0,33,5,53,323,118
Oscar Colás,LAA,OF,27,459,401,1826,0.33109619686800895,0.3366890380313199,0.5637583892617449,0.5245385906040269,0.6192393736017897,0.5017577500798976,0.3982102908277405,0.3926174496644295,0.46756152125279643,0.46308724832214765,0.36465324384787473,0.6711409395973155,0.8288590604026845,0.8042505592841164,0.814317673378076,0.7360178970917226,0.5268456375838926,0.4217002237136465,0.5313199105145414,0.6180555555555556,0.6331096196868009,0.5167785234899329,0.47651006711409394,0.6331096196868009,0.09395973154362416,0.4429530201342282,0.4492099322799097,5.50667,"'-2.24207","'-0.004884684095860565",.222,.333,5.7,10.2,30.29381965552178,89,111.5,92.6,105.3,42.3,23.3,11,27.2,0.479475,0.6787380000000001,0.8433729999999999,0.118774,15.6,.244,.325,.399,.300,3.7,17,47,21,4,98,11,107,883,240
Trevor Hauver,TEX,OF,26,419,353,1827,0.5995525727069351,0.558165548098434,0.5615212527964206,0.5146812080536913,0.5586129753914989,0.5268456375838927,0.38814317673378074,0.49328859060402686,0.6476510067114094,0.8154362416107382,0.941834451901566,0.6577181208053692,0.5201342281879194,0.6129753914988815,0.5503355704697986,0.4742729306487696,0.20022371364653244,0.5536912751677853,0.4463087248322148,0.19791666666666666,0.2975391498881432,0.3959731543624161,0.5906040268456376,0.21252796420581654,0.2662192393736018,0.19463087248322147,0.48081264108352145,2.80639,"'-0.934475","'-0.0022302505966587107",.221,.352,7.9,13.8,18.81081081081081,88.9,109.1,91,103.4,36.4,29.8,13,28.6,0.408867,0.624722,0.825312,0.10782699999999999,16.1,.246,.359,.425,.347,4.3,18,58,28,1,87,11,125,747,214
Connor Pavolony,BAL,C,26,43,36,197,0.6610738255033557,0.8534675615212528,0.5592841163310962,0.4667225950782998,0.4619686800894855,0.4592521572387343,0.3288590604026846,0.5659955257270693,0.6633109619686801,0.9272930648769575,0.40268456375838924,0.5592841163310962,0.06487695749440715,0.27628635346756153,0.16778523489932887,0.4563758389261745,0.3982102908277405,0.8926174496644296,0.2494407158836689,0.7245370370370371,0.8814317673378076,0.1610738255033557,0.19463087248322147,0.06040268456375839,0.27740492170022374,0.970917225950783,0.8137697516930023,1.25397,"'-0.09252560000000001","'-0.002151758139534884",.215,.365,8,16.3,29.523809523809533,88.2,103.3,88.5,100.1,36,25.6,19,32,0.497487,0.731481,0.78481,0.150754,22.2,.306,.419,.472,.440,4.7,2,7,6,0,11,0,11,100,32
Ryan Wrobleski,FA,C/1B,25,33,29,119,0.5727069351230425,0.26174496644295303,0.5570469798657718,0.4168763982102908,0.4340044742729307,0.4324065196548417,0.7136465324384788,0.4843400447427293,0.39485458612975394,0.656599552572707,0.4250559284116331,0.3389261744966443,0.042505592841163314,0.5033557046979866,0.18232662192393737,0.9093959731543624,0.47651006711409394,0.007829977628635347,0.19686800894854586,0.4432870370370369,0.232662192393736,0.5525727069351231,0.4865771812080537,0.1789709172259508,0.44966442953020136,0.9821029082774049,0.664785553047404,2.6428599999999998,"'-0.0399391","'-0.0012102757575757574",.247,.351,4.8,12.1,29.16666666666667,86.8,102.6,90.2,100.3,47.6,24.2,1,33.3,0.45378199999999996,0.611111,0.848485,0.117647,19,.207,.303,.379,.250,3,1,4,2,0,6,1,8,54,18
Spencer Horwitz,PIT,1B,27,259,212,1026,0.9563758389261745,0.9507829977628636,0.5548098434004475,0.7390939597315436,0.6272930648769575,0.8288590604026845,0.9586129753914989,0.8534675615212528,0.43847874720357943,0.9552572706935123,0.8948545861297539,0.7639821029082774,0.49105145413870244,0.6935123042505593,0.645413870246085,0.5894854586129754,0.8881431767337807,0.5536912751677853,0.9317673378076062,0.18055555555555555,0.2483221476510067,0.941834451901566,0.941834451901566,0.41834451901565994,0.06487695749440715,0.2348993288590604,0.45936794582392776,4.276619999999999,"'-1.50509","'-0.005811158301158303",.291,.433,5.3,17,20.373831775700936,89.6,108.9,91.8,104,38.8,15.8,13,17.7,0.405458,0.613169,0.916107,0.0643275,15.8,.335,.456,.514,.401,3.5,9,44,22,2,71,4,41,417,74
Michael Trautwein,CIN,C,26,288,259,1148,0.13646532438478748,0.14093959731543623,0.5525727069351231,0.40499161073825507,0.583668903803132,0.272770853307766,0.10067114093959731,0.2796420581655481,0.6890380313199105,0.32550335570469796,0.4697986577181208,0.5257270693512305,0.8064876957494407,0.5816554809843401,0.5346756152125279,0.6174496644295302,0.087248322147651,0.62751677852349,0.05592841163310962,0.7291666666666666,0.7583892617449665,0.17225950782997762,0.040268456375838924,0.7874720357941835,0.5637583892617449,0.5950782997762863,0.628668171557562,6.535,"'-0.0713284","'-0.0002476680555555556",.186,.314,8.2,8.7,28.327645051194533,88,111.2,90.7,103.3,39.6,34.7,14,38.7,0.49826099999999995,0.702609,0.787129,0.183478,18.5,.189,.267,.363,.270,4.5,13,25,15,3,49,8,100,574,222
Diego Cartaya,SFG,C,24,208,183,816,0.2651006711409396,0.18456375838926176,0.5503355704697986,0.3747902684563758,0.3807606263982103,0.3678491530840525,0.2080536912751678,0.31655480984340045,0.5223713646532439,0.412751677852349,0.4742729306487696,0.14205816554809844,0.47651006711409394,0.17225950782997762,0.44407158836689037,0.4463087248322148,0.3131991051454139,0.8076062639821029,0.13087248322147652,0.7847222222222222,0.8926174496644296,0.2483221476510067,0.1029082774049217,0.2371364653243848,0.5503355704697986,0.5749440715883669,0.8047404063205418,3.05353,"'-0.06816280000000001","'-0.00032770576923076916",.202,.319,6.3,9.6,28.22966507177033,85.2,108.8,87.3,102.5,35.9,27.4,17,35.3,0.5073529999999999,0.734015,0.8013939999999999,0.166667,21.9,.208,.293,.350,.262,3.8,8,20,8,0,38,6,57,414,146
Austin Martin,MIN,OF,26,129,95,557,0.9105145413870246,0.8400447427293065,0.5480984340044742,0.6139541387024608,0.12885906040268458,0.8552253116011505,0.8758389261744967,0.3926174496644295,0.12751677852348994,0.9865771812080537,0.9843400447427293,0.07829977628635347,0.030201342281879196,0.06935123042505593,0.03131991051454139,0.015659955257270694,0.9619686800894854,0.860178970917226,0.941834451901566,0.08217592592592593,0.27069351230425054,0.8814317673378076,0.959731543624161,0.5458612975391499,0.8747203579418344,0.07606263982102908,0.38826185101580135,4.98225,0.70554,0.005469302325581396,.265,.333,1.2,20.9,15.050167224080267,84.2,102.1,85,97.4,15.7,11.6,18,17.1,0.378815,0.618321,0.901235,0.0556553,14.5,.305,.465,.379,.341,0.8,1,27,4,0,29,1,15,211,36
Jerar Encarnacion,SFG,OF,28,146,125,584,0.9888143176733781,0.9776286353467561,0.5458612975391499,0.6422678970917226,0.9503355704697987,0.43959731543624164,0.9586129753914989,0.9910514541387024,0.9049217002237137,0.6845637583892618,0.23937360178970918,0.9932885906040269,0.8713646532438478,0.9910514541387024,0.9910514541387024,0.9910514541387024,0.48210290827740493,0.354586129753915,0.5234899328859061,0.4340277777777778,0.24384787472035793,0.39373601789709173,0.5100671140939598,0.14541387024608501,0.5190156599552572,0.04697986577181208,0.09480812641083522,2.40707,"'-0.09098510000000001","'-0.0006231856164383561",.291,.529,12.1,12.3,32.38095238095238,94.7,112.2,97.4,108.9,57.1,24,10,27.3,0.45205500000000004,0.612546,0.8253010000000001,0.11643800000000001,8.8,.352,.438,.616,.420,7.5,11,18,3,0,44,10,35,264,72
Trey Lipscomb,WSN,3B,25,264,240,932,0.36129753914988816,0.412751677852349,0.5436241610738255,0.41890380313199105,0.3387024608501118,0.4883349312879514,0.6599552572706935,0.4015659955257271,0.2595078299776286,0.28523489932885904,0.06263982102908278,0.20022371364653244,0.5503355704697986,0.16554809843400448,0.23042505592841164,0.28187919463087246,0.7651006711409396,0.24049217002237136,0.5313199105145414,0.9166666666666666,0.9194630872483222,0.5480984340044742,0.30648769574944074,0.3288590604026846,0.0894854586129754,0.3624161073825503,0.19074492099322798,3.7527800000000004,"'-1.3147799999999998","'-0.0049802272727272725",.243,.334,3.2,8.3,38.24130879345603,85.8,109.3,87.2,100.9,31.6,18.9,8,27.2,0.552575,0.744541,0.847507,0.13733900000000002,11.1,.283,.346,.392,.344,2.3,6,22,14,0,68,4,50,515,140
Pedro León,HOU,OF,27,525,465,2059,0.7024608501118568,0.8042505592841164,0.5413870246085011,0.6014401565995525,0.8035794183445191,0.4193032917865133,0.6510067114093959,0.8154362416107382,0.8780760626398211,0.24608501118568232,0.4966442953020134,0.5592841163310962,0.9977628635346756,0.540268456375839,0.9653243847874721,0.767337807606264,0.3131991051454139,0.62751677852349,0.24161073825503357,0.7210648148148148,0.8993288590604027,0.5033557046979866,0.2348993288590604,0.6890380313199105,0.465324384787472,0.8903803131991052,0.9051918735891648,5.88924,"'-0.602774","'-0.0011481409523809525",.242,.419,11.4,8,27.752502274795276,88.2,117.5,90.4,107.8,42.9,27.4,14,32.1,0.49612799999999996,0.735264,0.842475,0.14424,25.6,.295,.368,.512,.375,7,37,42,25,2,137,24,144,1031,331
Jacob Amaya,FA,SS,27,302,267,1208,0.44854586129753915,0.18456375838926176,0.5391498881431768,0.5515240492170022,0.5404921700223714,0.5751038670501758,0.5011185682326622,0.49328859060402686,0.5134228187919463,0.49217002237136465,0.9463087248322147,0.7941834451901566,0.21364653243847875,0.8970917225950783,0.4272930648769575,0.6879194630872483,0.49105145413870244,0.4217002237136465,0.6957494407158836,0.0625,0.03355704697986577,0.5257270693512305,0.8411633109619687,0.7248322147651006,0.7762863534675615,0.29082774049217003,0.10609480812641084,6.18007,0.777786,0.002575450331125828,.230,.352,6.2,10.6,18.668831168831172,89.8,106.6,93.5,102.4,41.2,23.8,11,24.3,0.36572899999999997,0.537671,0.843949,0.0818414,9.2,.221,.308,.330,.283,4,12,32,10,2,59,5,72,444,108
Riley Tirotta,TOR,1B/3B,27,340,285,1395,0.6610738255033557,0.569351230425056,0.5369127516778524,0.4860178970917226,0.6038031319910515,0.4193032917865133,0.3434004474272931,0.5749440715883669,0.7483221476510067,0.7684563758389261,0.8769574944071589,0.43400447427293065,0.7293064876957495,0.5033557046979866,0.5973154362416108,0.5324384787472036,0.2785234899328859,0.4217002237136465,0.174496644295302,0.22685185185185186,0.3333333333333333,0.1297539149888143,0.37360178970917224,0.3959731543624161,0.41834451901565994,0.854586129753915,0.3724604966139955,4.1451400000000005,"'-0.473263","'-0.00139195",.216,.366,8.9,13.2,20.679886685552407,87.5,110.4,90.2,103.7,37.7,27.9,11,33.7,0.415473,0.6315029999999999,0.773455,0.13037200000000002,14.3,.239,.359,.425,.313,5,17,45,15,1,68,12,95,579,195
Jeter Downs,FA,2B/3B/SS,27,271,226,1091,0.5503355704697986,0.70917225950783,0.5346756152125279,0.6003914988814317,0.5539149888143177,0.5797379354426334,0.3288590604026846,0.598434004474273,0.7628635346756152,0.5514541387024608,0.6331096196868009,0.4082774049217002,0.49105145413870244,0.5559284116331096,0.3243847874720358,0.5089485458612976,0.412751677852349,0.9776286353467561,0.6677852348993288,0.4050925925925926,0.5100671140939598,0.5917225950782998,0.6912751677852349,0.9217002237136466,0.43847874720357943,0.7539149888143176,0.9243792325056434,7.69871,"'-0.346617","'-0.0012790295202952029",.215,.369,9.1,11.1,25.38593481989708,87.3,108.9,90.5,101.7,37,25.1,23,24.8,0.44789799999999996,0.660342,0.853448,0.0996344,26.8,.261,.358,.496,.316,5.5,15,30,17,3,59,10,68,488,121
Bryan Lavastida,ATH,C,26,340,293,1394,0.441834451901566,0.35570469798657717,0.5324384787472036,0.48105425055928414,0.47651006711409394,0.49840204538191113,0.2550335570469799,0.43288590604026844,0.7114093959731543,0.5357941834451901,0.6129753914988815,0.43400447427293065,0.3344519015659955,0.5246085011185683,0.2930648769574944,0.4697986577181208,0.5369127516778524,0.24049217002237136,0.4697986577181208,0.4918981481481482,0.4608501118568233,0.4161073825503356,0.4563758389261745,0.8881431767337807,0.9082774049217002,0.5279642058165548,0.1343115124153499,7.322830000000001,2.37727,0.006991970588235296,.207,.339,8.5,10.9,25.698324022346373,87.5,107.7,90.3,101.5,36.2,23.2,8,28.2,0.458899,0.653623,0.829268,0.120801,10,.229,.332,.386,.285,5.3,18,37,18,2,67,8,79,642,181
Steward Berroa,MIL,OF,26,290,251,1222,0.5044742729306487,0.6991051454138703,0.5302013422818792,0.4897231543624161,0.3,0.5391498881431767,0.5257270693512305,0.41834451901565994,0.4116331096196868,0.656599552572707,0.6532438478747203,0.26174496644295303,0.29194630872483224,0.3098434004474273,0.1342281879194631,0.116331096196868,0.4574944071588367,0.5536912751677853,0.6073825503355704,0.3298611111111111,0.23042505592841164,0.465324384787472,0.703579418344519,0.9776286353467561,0.9284116331096197,0.39149888143176736,0.654627539503386,8.57806,2.3507,0.008105862068965516,.232,.336,5,12.1,25.200642054574644,86.3,107.2,88.7,99.6,25.7,24.5,13,25.5,0.43587700000000007,0.610927,0.837398,0.0982143,18.8,.279,.372,.458,.351,3.1,9,35,9,3,70,10,71,548,140
Matt Wallner,MIN,OF,27,297,259,1156,0.889261744966443,0.7885906040268457,0.5279642058165548,0.6348573825503356,0.9503355704697987,0.3585810162991371,0.6017897091722595,0.941834451901566,0.9809843400447428,0.5201342281879194,0.4429530201342282,0.9630872483221476,0.9485458612975392,0.9049217002237137,0.9832214765100671,0.9172259507829977,0.18008948545861297,0.8076062639821029,0.19686800894854586,0.7962962962962963,0.8478747203579419,0.16331096196868009,0.15883668903803133,0.5973154362416108,0.7158836689038032,0.48322147651006714,0.7291196388261851,5.23497,0.48339899999999997,0.0016276060606060607,.237,.480,15.4,10.8,28.64493996569468,92,114.2,93.6,108.6,47.9,30.6,17,33.3,0.509516,0.72344,0.7855479999999999,0.15743900000000002,20.5,.259,.343,.544,.316,8.8,26,32,15,1,67,19,91,589,196
Nick Loftin,KCR,2B/OF,27,253,212,912,0.6387024608501118,0.819910514541387,0.5257270693512305,0.5680928411633109,0.3228187919463087,0.7863534675615212,0.668903803131991,0.4105145413870246,0.3713646532438479,0.8400447427293065,0.8456375838926175,0.2348993288590604,0.38814317673378074,0.1185682326621924,0.23042505592841164,0.20917225950782997,0.9183445190156599,0.4217002237136465,0.9071588366890381,0.13773148148148148,0.14541387024608501,0.930648769574944,0.9172259507829977,0.24161073825503357,0.19015659955257272,0.9239373601789709,0.7133182844243793,3.0819900000000002,"'-0.788447","'-0.003116391304347826",.244,.335,4.5,14.2,21.632653061224488,86.1,108.1,86.3,100.9,28.8,14.6,11,18.8,0.39693,0.593333,0.913858,0.07346489999999999,20.3,.302,.407,.462,.335,3.2,8,36,13,0,64,7,37,362,68
Lazaro Armenteros,FA,OF,26,111,93,485,0.27069351230425054,0.2203579418344519,0.5234899328859061,0.36926733780760623,0.4373601789709173,0.3207094918504314,0.08277404921700224,0.1767337807606264,0.8076062639821029,0.7919463087248322,0.7986577181208053,0.3098434004474273,0.436241610738255,0.4015659955257271,0.4272930648769575,0.4563758389261745,0.04138702460850112,0.13646532438478748,0.06935123042505593,0.15393518518518515,0.18568232662192394,0.05592841163310962,0.30201342281879195,0.9865771812080537,0.9172259507829977,0.674496644295302,0.35214446952595935,8.99808,0.815112,0.00734335135135135,.177,.288,10,13.5,22.619047619047624,86.6,108.5,89.4,102.4,36,38.7,6,37.9,0.4,0.602564,0.737589,0.13814400000000002,14,.194,.324,.312,.333,4.5,5,15,3,1,18,2,43,195,74
Taylor Trammell,HOU,OF,28,404,333,1646,0.8445190156599552,0.7796420581655481,0.5212527964205816,0.6451342281879195,0.8827740492170022,0.4204218600191755,0.4563758389261745,0.8098434004474273,0.9261744966442953,0.8948545861297539,0.5525727069351231,0.8534675615212528,0.9463087248322147,0.8501118568232662,0.8948545861297539,0.8780760626398211,0.34563758389261745,0.9172259507829977,0.15659955257270694,0.5289351851851852,0.6286353467561522,0.15212527964205816,0.21252796420581654,0.7472035794183445,0.7293064876957495,0.3579418344519016,0.8555304740406321,6.28134,0.761376,0.0018845940594059405,.227,.418,13,15.6,26.651216685979144,90.4,114.1,93,106.3,46.2,26.7,20,34.5,0.463592,0.678617,0.7830189999999999,0.14866500000000002,23.1,.252,.379,.486,.316,7.2,29,63,20,2,84,18,108,763,263
Johan Rojas,PHI,OF,25,34,32,123,0.035794183445190156,0.8814317673378076,0.5190156599552572,0.4401565995525727,0.21834451901565996,0.5714285714285714,0.19798657718120805,0.04697986577181208,0.04697986577181208,0.09395973154362416,0.21476510067114093,0.3389261744966443,0.40268456375838924,0.07941834451901567,0.645413870246085,0.25615212527964204,0.8277404921700223,0.860178970917226,0.901565995525727,0.6759259259259259,0.668903803131991,0.4161073825503356,0.8769574944071589,0.8568232662192393,1,0.7427293064876958,0.6997742663656885,6.9798800000000005,1.09976,0.032345882352941176,.201,.227,0,5.9,33.33333333333333,86.8,108.2,85.2,104,30.8,17.6,18,19,0.48818900000000004,0.683333,0.829268,0.0787402,20,.375,.412,.500,.440,0,0,2,1,0,12,1,6,58,11
Ismael Munguia,NYY,OF,27,164,134,625,0.4597315436241611,0.44407158836689037,0.5167785234899329,0.522231543624161,0.2111856823266219,0.7690955576861617,0.43288590604026844,0.15100671140939598,0.10626398210290827,0.785234899328859,0.5570469798657718,0.15212527964205816,0.4664429530201342,0.06935123042505593,0.14317673378076062,0.18008948545861297,0.9463087248322147,0.24049217002237136,0.9474272930648769,0.20949074074074076,0.21923937360178972,0.9798657718120806,0.9485458612975392,0.7829977628635347,0.0738255033557047,0.2058165548098434,0.14785553047404063,6.5132900000000005,"'-0.924132","'-0.005634951219512195",.225,.280,0.9,13.4,26.575342465753426,85.3,108.7,85,99.7,28.1,13.4,8,16.7,0.41222600000000004,0.608059,0.939759,0.061128499999999995,10.2,.239,.366,.366,.268,0.6,1,22,9,1,32,2,22,258,43
Livan Soto,BAL,SS,25,353,300,1422,0.5592841163310962,0.4563758389261745,0.5145413870246085,0.5432046979865771,0.14675615212527965,0.8100031959092362,0.7505592841163311,0.3434004474272931,0.14093959731543623,0.7225950782997763,0.465324384787472,0.15212527964205816,0.04697986577181208,0.14093959731543623,0.042505592841163314,0.050335570469798654,0.8411633109619687,0.756152125279642,0.8131991051454138,0.9618055555555556,0.9552572706935123,0.9910514541387024,0.8814317673378076,0.2214765100671141,0.5592841163310962,0.4373601789709172,0.44469525959367945,2.8511900000000003,"'-0.09252560000000001","'-0.00026211218130311613",.251,.325,1.7,12.7,28.437917222963954,85.3,102.8,86.8,97.6,20,17.3,16,21.8,0.577922,0.761905,0.953125,0.0779221,15.5,.270,.368,.373,.322,1.1,4,45,17,1,81,4,61,678,148
Patrick Winkel,MIN,C,25,297,276,1132,0.33109619686800895,0.16554809843400448,0.5123042505592841,0.417435682326622,0.6217002237136465,0.304729945669543,0.5906040268456376,0.5861297539149888,0.7237136465324385,0.11409395973154363,0.28635346756152125,0.49776286353467564,0.6364653243847874,0.7818791946308725,0.5346756152125279,0.6644295302013423,0.18791946308724833,0.4888143176733781,0.3389261744966443,0.7627314814814815,0.5346756152125279,0.4429530201342282,0.22818791946308725,0.026845637583892617,0.37583892617449666,0.7986577181208053,0.8724604966139955,0.85119,"'-0.462628","'-0.0015576700336700335",.236,.367,8.6,6.4,31.550802139037433,87.8,109.8,92.4,103.3,40.6,30.3,12,30.4,0.503534,0.666093,0.834625,0.14576,24.1,.228,.279,.362,.311,5.4,16,19,16,0,63,7,90,570,173
Jair Camargo,ATL,C/DH,26,315,283,1217,0.3187919463087248,0.2516778523489933,0.5100671140939598,0.39848993288590606,0.6760626398210291,0.22035794183445193,0.18456375838926176,0.6331096196868009,0.8579418344519015,0.18568232662192394,0.19910514541387025,0.703579418344519,0.9093959731543624,0.5246085011185683,0.814317673378076,0.27628635346756153,0.20022371364653244,0.62751677852349,0.08053691275167785,0.7164351851851852,0.5794183445190156,0.21700223713646533,0.08053691275167785,0.3221476510067114,0.34675615212527966,0.4697986577181208,0.24492099322799096,3.68246,"'-0.540723","'-0.0017165809523809524",.199,.376,11,7.3,33.63499245852187,89.2,112.8,90.3,105.3,31.4,29.8,14,37.3,0.49548100000000006,0.673611,0.796392,0.173377,12.1,.212,.286,.403,.268,6.7,21,23,16,1,60,12,94,603,225
Anthony Prato,PIT,2B/OF,27,411,334,1637,0.529082774049217,0.43288590604026844,0.5078299776286354,0.5474692393736018,0.32729306487695753,0.7181208053691276,0.31543624161073824,0.19015659955257272,0.1029082774049217,0.9272930648769575,0.9395973154362416,0.42058165548098436,0.4261744966442953,0.6252796420581656,0.16778523489932887,0.4966442953020134,0.6599552572706935,0.354586129753915,0.7885906040268457,0.12962962962962962,0.2505592841163311,0.6017897091722595,0.8590604026845637,0.8970917225950783,0.7024608501118568,0.3680089485458613,0.19074492099322798,7.34265,0.581229,0.0014141824817518248,.214,.292,0.8,16.3,18.918918918918923,87.4,108.4,91.1,100.1,36.8,20.7,10,22.5,0.39414299999999997,0.614173,0.854701,0.0805369,11.1,.228,.370,.350,.296,0.5,2,67,20,6,76,3,85,648,146
Oscar Gonzalez,FA,OF,27,306,286,1042,0.7975391498881432,0.558165548098434,0.5055928411633109,0.6121364653243848,0.8011185682326621,0.42505592841163314,0.9519015659955258,0.8803131991051454,0.6096196868008948,0.050335570469798654,0.0044742729306487695,0.7639821029082774,0.9340044742729307,0.9272930648769575,0.8948545861297539,0.8176733780760627,0.6823266219239373,0.24049217002237136,0.5413870246085011,0.96875,0.9038031319910514,0.5604026845637584,0.232662192393736,0.8232662192393736,0.7941834451901566,0.6621923937360179,0.4153498871331828,6.767689999999999,0.860267,0.002811330065359477,.289,.444,7.5,4.9,45.83333333333333,89.6,113.7,93.9,106.3,44.2,20.3,8,27.1,0.587332,0.736196,0.85,0.14491400000000002,14.9,.294,.333,.469,.349,5.6,17,15,22,2,84,8,62,612,166
Brett Auerbach,FA,2B,27,212,187,827,0.49217002237136465,0.44407158836689037,0.5033557046979866,0.45071308724832215,0.5919463087248322,0.33173537871524456,0.5637583892617449,0.4843400447427293,0.6096196868008948,0.43512304250559286,0.2975391498881432,0.5257270693512305,0.5727069351230425,0.5559284116331096,0.6152125279642058,0.767337807606264,0.38926174496644295,0.07494407158836688,0.2494407158836689,0.5798611111111112,0.4899328859060403,0.21923937360178972,0.24161073825503357,0.7986577181208053,0.36465324384787473,0.31767337807606266,0.39503386004514673,6.5789800000000005,"'-0.35035","'-0.0016525943396226415",.234,.351,7.5,9.9,31.36363636363637,88,109.4,90.5,103.8,42.9,25.9,4,32,0.472554,0.658098,0.796875,0.143198,14.6,.251,.335,.422,.333,4.7,10,21,12,4,47,4,55,394,126
John Rave,KCR,OF,27,566,494,2385,0.5995525727069351,0.6152125279642058,0.5011185682326622,0.625,0.6548098434004475,0.6030680728667306,0.5436241610738255,0.6297539149888143,0.7237136465324385,0.5861297539149888,0.7114093959731543,0.5906040268456376,0.8064876957494407,0.5559284116331096,0.5805369127516778,0.5234899328859061,0.5928411633109619,0.5536912751677853,0.7293064876957495,0.26273148148148145,0.13870246085011187,0.6666666666666666,0.796420581655481,0.8076062639821029,0.5928411633109619,0.5794183445190156,0.8103837471783296,6.62252,"'-0.023675400000000003","'-0.000041829328621908117",.233,.375,8.6,11.5,24.264705882352942,88.4,111.2,90.5,103.6,37.3,22.1,13,23.5,0.42177700000000007,0.59253,0.8638969999999999,0.08844389999999999,22.1,.257,.345,.470,.301,5.7,32,65,32,5,127,21,125,1012,238
Tyler Gentry,KCR,OF,26,482,426,2028,0.27740492170022374,0.46756152125279643,0.4988814317673378,0.430648769574944,0.5543624161073825,0.41291147331415784,0.17337807606263983,0.378076062639821,0.7539149888143176,0.5201342281879194,0.7516778523489933,0.5906040268456376,0.49105145413870244,0.5559284116331096,0.4105145413870246,0.558165548098434,0.1756152125279642,0.2986577181208054,0.3668903803131991,0.28935185185185186,0.28187919463087246,0.34451901565995524,0.44966442953020136,0.47874720357941836,0.639821029082774,0.8859060402684564,0.4932279909706546,4.645969999999999,0.173518,0.00035999585062240666,.198,.331,9,10.8,23.4375,88.4,108.9,90.5,102.3,38.1,30.7,9,29.7,0.430187,0.6210220000000001,0.8183229999999999,0.12143599999999999,16.3,.249,.336,.423,.344,5.2,25,52,24,1,106,16,148,878,261
Drew Gilbert,SFG,OF,25,245,212,888,0.3187919463087248,0.32997762863534674,0.4966442953020134,0.42428691275167785,0.22818791946308722,0.5602428891019494,0.24161073825503357,0.31655480984340045,0.3534675615212528,0.46308724832214765,0.6062639821029083,0.12863534675615212,0.21364653243847875,0.19463087248322147,0.2214765100671141,0.12863534675615212,0.7013422818791947,0.941834451901566,0.5671140939597316,0.5231481481481481,0.5682326621923938,0.4966442953020134,0.5190156599552572,0.22371364653243847,0.42953020134228187,0.9217002237136466,0.9209932279909706,2.8675900000000003,"'-0.325302","'-0.0013277632653061224",.205,.319,4.2,10.2,25.86206896551724,85,106.6,87.6,100.8,26.1,20,21,26.5,0.462838,0.672986,0.841549,0.11486500000000001,26.7,.217,.316,.396,.234,2.9,7,25,8,0,46,10,49,411,109
Pedro Pagés,STL,C,27,24,18,101,0.33109619686800895,0.8993288590604027,0.49440715883668906,0.4869267337807606,0.403579418344519,0.7254713966123362,0.015659955257270694,0.026845637583892617,0.04697986577181208,0.9843400447427293,0.7695749440715883,0.9530201342281879,0.02237136465324385,0.9619686800894854,0.21029082774049218,0.9686800894854586,0.6510067114093959,0.2986577181208054,0.756152125279642,0.10185185185185183,0.05592841163310962,0.9932885906040269,0.8680089485458613,0.049217002237136466,0.2639821029082774,0.6185682326621924,0.43905191873589167,1.08036,"'-0.05397330000000001","'-0.0022488875",.146,.205,0,20.8,23.214285714285715,91.8,101.7,95.2,100.7,53.8,20.8,9,23.1,0.386139,0.560976,0.956522,0.0792079,15.4,.222,.417,.500,.250,0,0,5,2,0,4,1,5,39,9
Juan Yepez,WSN,1B/DH/OF,27,319,274,1264,0.7248322147651006,0.5883668903803132,0.49217002237136465,0.6568092841163311,0.5563758389261746,0.7590284435922019,0.7248322147651006,0.7181208053691275,0.6353467561521253,0.7058165548098434,0.4899328859060403,0.38926174496644295,0.772930648769575,0.3568232662192394,0.4105145413870246,0.2662192393736018,0.9351230425055929,0.8076062639821029,0.8758389261744967,0.5428240740740741,0.5906040268456376,0.8635346756152126,0.8523489932885906,0.15659955257270694,0.18791946308724833,0.42953020134228187,0.628668171557562,2.5411799999999998,"'-1.01929","'-0.0031952664576802513",.248,.394,7.8,12.5,27.96486090775988,87.1,110.9,89,102.3,31.2,14.1,17,19.9,0.46598100000000003,0.6745760000000001,0.896985,0.0806962,18.5,.263,.357,.438,.276,5.6,18,40,15,0,72,11,45,589,117
Dominic Canzone,SEA,OF,28,130,115,483,0.930648769574944,0.7516778523489933,0.4899328859060403,0.6681347874720358,0.905145413870246,0.4923298178331735,0.9429530201342282,0.9552572706935123,0.7941834451901566,0.3713646532438479,0.22371364653243847,0.9586129753914989,0.8870246085011185,0.8881431767337807,0.8411633109619687,0.930648769574944,0.7829977628635347,0.4888143176733781,0.5313199105145414,0.7939814814814815,0.8590604026845637,0.3668903803131991,0.31096196868008946,0.35570469798657717,0.70917225950783,0.6241610738255033,0.6106094808126411,3.99568,0.20601,0.0015846923076923078,.286,.493,9.7,9.2,32.83582089552239,91.9,112.4,93.4,105.6,48.4,18.5,12,27.2,0.509317,0.725581,0.8205129999999999,0.13664600000000002,18.3,.287,.354,.513,.302,6.9,9,12,5,0,33,7,24,246,67
Julio Carreras,COL,3B/SS,25,328,302,1257,0.05704697986577181,0.12080536912751678,0.48769574944071586,0.31753355704697983,0.3910514541387024,0.26893576222435284,0.17337807606263983,0.1040268456375839,0.19015659955257272,0.1331096196868009,0.17002237136465326,0.4742729306487696,0.6733780760626398,0.4015659955257271,0.5659955257270693,0.5134228187919463,0.16331096196868009,0.01901565995525727,0.33109619686800895,0.7256944444444444,0.4809843400447427,0.2796420581655481,0.3243847874720358,0.9932885906040269,0.9485458612975392,0.44854586129753915,0.03611738148984198,9.31897,3.06291,0.00933814024390244,.198,.262,2.5,6.7,34.17322834645669,87.7,110,89.4,103.5,37.1,31.1,2,30.5,0.497634,0.6563939999999999,0.807512,0.135647,6.6,.225,.280,.334,.330,1.5,5,22,17,5,68,2,102,633,193
Matt Koperniak,STL,OF,27,513,463,2067,0.6677852348993288,0.8087248322147651,0.4854586129753915,0.5936101789709172,0.6903803131991052,0.5621604346436562,0.79082774049217,0.772930648769575,0.5715883668903803,0.2975391498881432,0.3378076062639821,0.6577181208053692,0.6733780760626398,0.7818791946308725,0.645413870246085,0.7762863534675615,0.7740492170022372,0.354586129753915,0.756152125279642,0.6122685185185185,0.42953020134228187,0.7114093959731543,0.6286353467561522,0.2975391498881432,0.06935123042505593,0.2684563758389262,0.23137697516930023,3.52805,"'-2.8940599999999996","'-0.005641442495126706",.255,.407,6.8,8.4,30.811808118081178,88.9,110,92.4,104,43,18.7,10,23.1,0.478471,0.6493369999999999,0.8697020000000001,0.104499,11.9,.309,.370,.512,.351,4.9,25,43,28,3,143,20,96,992,229
Francisco Urbaez,CIN,2B,28,98,85,394,0.8534675615212528,0.7404921700223713,0.48322147651006714,0.6785514541387024,0.612751677852349,0.7182806008309364,0.930648769574944,0.732662192393736,0.24384787472035793,0.6722595078299777,0.6375838926174496,0.8534675615212528,0.3512304250559284,0.8579418344519015,0.5973154362416108,0.8825503355704698,0.7281879194630873,0.2986577181208054,0.7706935123042505,0.625,0.7136465324384788,0.7874720357941835,0.7181208053691275,0.6823266219239373,0.8903803131991052,0.9507829977628636,0.4672686230248307,5.83401,0.576397,0.005881602040816327,.280,.397,3,12.2,25.36585365853659,90.4,107.8,93.1,103.7,46.3,19.4,9,22.9,0.47979799999999995,0.691542,0.884892,0.0959596,15.9,.306,.388,.459,.369,2,2,12,7,0,26,2,19,188,43
Eric Wagaman,MIA,1B,28,107,100,365,0.9161073825503355,0.7203579418344519,0.4809843400447427,0.753076062639821,0.8152125279642057,0.6912751677852348,0.9821029082774049,0.9642058165548099,0.6633109619686801,0.07941834451901567,0.4116331096196868,0.7639821029082774,0.7885906040268457,0.9328859060402684,0.9317673378076062,0.8959731543624161,0.9496644295302014,0.62751677852349,0.9239373601789709,0.8657407407407407,0.8456375838926175,0.883668903803132,0.7449664429530202,0.6085011185682326,0.11185682326621924,0.17114093959731544,0.2765237020316027,5.33511,"'-0.466617","'-0.004360906542056075",.301,.499,8,5.6,29.347826086956523,89.6,111,94.1,106.9,47.1,13.1,14,18,0.531507,0.722826,0.902256,0.09315069999999999,12.6,.320,.355,.500,.345,6.5,7,6,5,2,32,3,14,194,35
Kyle Stowers,MIA,OF,27,264,229,983,0.7975391498881432,0.727069351230425,0.47874720357941836,0.5698406040268456,0.8876957494407159,0.36097794822627044,0.38814317673378074,0.9317673378076062,0.9697986577181208,0.4250559284116331,0.33109619686800895,0.9261744966442953,0.7885906040268457,0.7953020134228188,0.8333333333333334,0.8221476510067114,0.4228187919463087,0.756152125279642,0.18008948545861297,0.9340277777777778,0.9955257270693513,0.1029082774049217,0.06935123042505593,0.21029082774049218,0.407158836689038,0.6308724832214765,0.7505643340857788,2.7996,"'-0.385523","'-0.001460314393939394",.221,.474,15,9.8,30.95723014256619,91.2,111,92.5,105.5,44.3,25,16,33.6,0.563581,0.818182,0.7629630000000001,0.177009,20.8,.240,.322,.555,.247,9.5,25,26,16,1,55,18,66,554,186
AJ Lewis,COL,1B,27,44,35,163,0.9910514541387024,0.8814317673378076,0.47651006711409394,0.5834731543624161,0.38031319910514544,0.670341962288271,0.9955257270693513,0.9172259507829977,0.04697986577181208,0.9060402684563759,0.8165548098434005,0.3389261744966443,0.0145413870246085,0.20469798657718122,0.14317673378076062,0.5838926174496645,0.9642058165548099,0.354586129753915,0.6577181208053692,0.2303240740740741,0.30201342281879195,0.2360178970917226,0.8098434004474273,0.4004474272930649,0.7986577181208053,0.09843400447427293,0.2945823927765237,4.17293,0.125827,0.002859704545454545,.339,.455,0,15.9,22.35294117647059,86.8,100.9,87.7,99.7,38.7,11.4,10,25,0.417178,0.625,0.8,0.08588960000000001,12.9,.314,.432,.486,.355,0,0,7,6,0,11,0,5,68,17
Greg Jones,HOU,OF,27,405,361,1604,0.37360178970917224,0.6062639821029083,0.4742729306487696,0.4777684563758389,0.7903803131991051,0.265899648449984,0.2986577181208054,0.5123042505592841,0.7706935123042505,0.36465324384787473,0.39373601789709173,0.9474272930648769,0.7885906040268457,0.9384787472035794,0.8277404921700223,0.9328859060402684,0.07158836689038031,0.1789709172259508,0.05145413870246085,0.7523148148148148,0.8232662192393736,0.09843400447427293,0.058165548098434,0.9798657718120806,0.9910514541387024,0.2371364653243848,0.17607223476297967,8.71902,7.08033,0.017482296296296298,.212,.354,9.3,9.1,29.70059880239521,91.7,111,94.3,105.4,48.6,35.3,7,39.2,0.501558,0.7176779999999999,0.759191,0.17943900000000002,10.9,.269,.346,.460,.399,4.9,20,37,17,2,97,16,143,806,316
Ryan Ward,LAD,OF,27,516,473,2042,0.6196868008948546,0.6756152125279642,0.4720357941834452,0.5619407158836689,0.8008948545861297,0.34164269734739533,0.4563758389261745,0.8657718120805369,0.9183445190156599,0.1756152125279642,0.1319910514541387,0.8378076062639821,0.5503355704697986,0.8501118568232662,0.685682326621924,0.8322147651006712,0.3221476510067114,0.7024608501118568,0.4105145413870246,0.8379629629629629,0.7337807606263982,0.28187919463087246,0.33557046979865773,0.8165548098434005,0.6219239373601789,0.6666666666666666,0.8329571106094809,6.7568399999999995,0.11456600000000002,0.00022202713178294571,.227,.436,12.7,7.2,35.14760147601476,90.2,109.3,93,104.3,44.6,27.3,15,29,0.521569,0.695652,0.8079270000000001,0.13431400000000002,22.6,.258,.312,.543,.294,8.1,42,37,22,7,122,33,141,1065,309
Isaac Collins,MIL,OF,28,498,417,2019,0.8109619686800895,0.7695749440715883,0.4697986577181208,0.7063059284116331,0.6129753914988815,0.7372962607861936,0.732662192393736,0.6711409395973155,0.4809843400447427,0.8221476510067114,0.9753914988814317,0.6073825503355704,0.6923937360178971,0.6834451901565995,0.6152125279642058,0.6129753914988815,0.7360178970917226,0.62751677852349,0.8523489932885906,0.12152777777777778,0.13646532438478748,0.7505592841163311,0.8881431767337807,0.9038031319910514,0.785234899328859,0.6890380313199105,0.7979683972911964,7.55755,1.35319,0.0027172489959839357,.249,.384,5.8,13.9,17.06114398422091,88.5,110.1,91.7,103.8,39.4,19.3,14,20.7,0.391778,0.589286,0.8787879999999999,0.077266,21.8,.273,.384,.475,.322,3.8,19,69,28,7,114,14,96,792,164
Zach DeLoach,CHW,OF,27,411,356,1597,0.6789709172259508,0.5782997762863534,0.46756152125279643,0.48224272930648776,0.4559284116331096,0.39373601789709173,0.814317673378076,0.5749440715883669,0.4988814317673378,0.6051454138702461,0.6196868008948546,0.4082774049217002,0.3512304250559284,0.41387024608501116,0.47874720357941836,0.4463087248322148,0.38031319910514544,0.354586129753915,0.2203579418344519,0.3333333333333333,0.23937360178970918,0.3243847874720358,0.3668903803131991,0.8322147651006712,0.8657718120805369,0.13646532438478748,0.3431151241534989,6.83046,2.1031299999999997,0.005117104622871046,.259,.366,6,11.7,25.539568345323744,87.3,107.8,89.5,102.8,35.9,26,10,32.6,0.436443,0.6119020000000001,0.816068,0.13087000000000001,13.9,.287,.375,.410,.390,3.6,15,48,22,2,102,6,107,697,227
Brett Harris,ATH,3B,27,312,265,1248,0.6532438478747203,0.639821029082774,0.465324384787472,0.5323685682326622,0.3295302013422819,0.6820070310003196,0.7404921700223713,0.41834451901565994,0.24384787472035793,0.761744966442953,0.7762863534675615,0.3098434004474273,0.31208053691275167,0.4463087248322148,0.44407158836689037,0.3635346756152125,0.70917225950783,0.10738255033557047,0.7114093959731543,0.24305555555555555,0.2348993288590604,0.819910514541387,0.7606263982102909,0.5950782997762863,0.2058165548098434,0.36465324384787473,0.21896162528216703,5.21685,"'-0.908257","'-0.0029110801282051287",.250,.336,3,13.1,23.04075235109718,86.6,107.4,89.8,102.5,33.5,19.9,5,24,0.418994,0.611382,0.8882979999999999,0.0917797,11.5,.275,.381,.415,.332,1.9,6,41,9,2,73,8,62,521,125
Alika Williams,PIT,SS,26,184,163,729,0.4172259507829978,0.5782997762863534,0.46308724832214765,0.5029362416107382,0.23982102908277403,0.6473314157877917,0.6968680089485458,0.29977628635346754,0.13870246085011187,0.5357941834451901,0.33557046979865773,0.07829977628635347,0.5346756152125279,0.14093959731543623,0.3668903803131991,0.1476510067114094,0.7829977628635347,0.5536912751677853,0.8031319910514542,0.6273148148148148,0.4697986577181208,0.9507829977628636,0.6532438478747203,0.6487695749440716,0.5570469798657718,0.16778523489932887,0.20993227990970656,5.6725,"'-0.054917499999999994","'-0.0002984646739130435",.246,.317,1.5,10.9,30.83109919571045,84.2,109.2,86.8,102,26.9,18.5,13,21.9,0.48016400000000004,0.654795,0.924686,0.102599,11.4,.313,.386,.399,.392,1.1,2,20,10,2,51,0,34,351,77
Corey Rosier,BOS,OF,26,184,161,749,0.12639821029082773,0.06599552572706935,0.4608501118568233,0.3881431767337808,0.22259507829977626,0.5468200703100031,0.14988814317673377,0.1040268456375839,0.2203579418344519,0.5357941834451901,0.4541387024608501,0.2225950782997763,0.40268456375838924,0.15548098434004473,0.4955257270693512,0.16331096196868009,0.4574944071588367,0.10738255033557047,0.7449664429530202,0.4097222222222222,0.16554809843400448,0.7225950782997763,0.7472035794183445,0.8859060402684564,0.7718120805369127,0.319910514541387,0.1275395033860045,7.277430000000001,0.465008,0.002527217391304348,.192,.262,2.7,10.9,28.534031413612567,86,108.2,87,102.9,27.4,24.5,5,23.2,0.44813800000000004,0.59673,0.8721459999999999,0.09308510000000002,9.9,.180,.272,.267,.233,1.6,3,20,4,2,29,2,45,340,79
Quincy Hamilton,FA,OF,27,406,346,1707,0.29977628635346754,0.6297539149888143,0.45861297539149887,0.49972035794183445,0.4476510067114094,0.5549696388622564,0.14093959731543623,0.26733780760626397,0.5715883668903803,0.7762863534675615,0.45861297539149887,0.49776286353467564,0.3243847874720358,0.5033557046979866,0.4105145413870246,0.5771812080536913,0.5369127516778524,0.7024608501118568,0.6476510067114094,0.4456018518518519,0.3668903803131991,0.42058165548098436,0.6778523489932886,0.7293064876957495,0.22371364653243847,0.8120805369127517,0.8431151241534989,6.21245,"'-1.0094100000000001","'-0.002486231527093596",.191,.312,6.8,13.3,28.52459016393443,87.8,107.6,90.2,102.3,38.4,23.2,15,25.1,0.45411999999999997,0.6390979999999999,0.829412,0.100526,22.8,.246,.350,.465,.292,4.2,17,54,21,5,85,15,94,777,195
Robert Hassell III,WSN,OF,24,68,63,254,0.049217002237136466,0.006711409395973154,0.4563758389261745,0.30718680089485456,0.22885906040268456,0.3978906999041228,0.12192393736017897,0.08165548098434004,0.36129753914988816,0.19463087248322147,0.6353467561521253,0.3232662192393736,0.2494407158836689,0.29194630872483224,0.0894854586129754,0.12863534675615212,0.4228187919463087,0.10738255033557047,0.23042505592841164,0.6863425925925926,0.9395973154362416,0.18120805369127516,0.18120805369127516,0.7069351230425056,0.9239373601789709,0.03131991051454139,0.007900677200902935,6.0395,0.515185,0.00757625,.188,.252,4.3,7.4,25.373134328358212,86.7,106.8,88.6,98.8,26.1,25,5,32.3,0.490196,0.752066,0.791209,0.15294100000000002,4.3,.127,.191,.159,.174,2.9,2,5,2,0,8,0,17,124,40
Carson McCusker,FA,OF,27,98,91,374,0.7583892617449665,0.6297539149888143,0.4541387024608501,0.526915548098434,0.880536912751678,0.26302333013742407,0.8691275167785235,0.9105145413870246,0.9474272930648769,0.16778523489932887,0.3668903803131991,0.7639821029082774,0.9429530201342282,0.8881431767337807,0.9955257270693513,0.8378076062639821,0.1029082774049217,0.5536912751677853,0.19686800894854586,0.006944444444444444,0.005592841163310962,0.005592841163310962,0.9955257270693513,0.005592841163310962,0.6051454138702461,0.006711409395973154,0.3363431151241535,0,0,0,.264,.453,13.8,7.1,30.158730158730158,89.6,113.9,93.4,109.6,44.8,33.7,13,33.3,0,0,0,0,13.8,.286,.337,.484,.407,8.2,8,7,4,1,26,4,33,171,57
Andrew Navigato,DET,2B/SS,27,512,446,2008,0.7024608501118568,0.761744966442953,0.4519015659955257,0.549496644295302,0.5302013422818792,0.447427293064877,0.5436241610738255,0.772930648769575,0.7483221476510067,0.5033557046979866,0.4228187919463087,0.3232662192393736,0.47651006711409394,0.3422818791946309,0.4272930648769575,0.32997762863534674,0.4463087248322148,0.9172259507829977,0.4463087248322148,0.6215277777777778,0.5548098434004475,0.3870246085011186,0.3713646532438479,0.8456375838926175,0.21923937360178972,0.6599552572706935,0.7855530474040632,6.90517,"'-1.3139100000000001","'-0.00256623046875",.233,.407,8.9,10.7,29.211295034079843,86.7,108.8,88.9,102.4,33.2,24.6,20,28.6,0.47958199999999995,0.668024,0.8246950000000001,0.130478,21.5,.271,.363,.500,.333,5.5,28,55,29,5,121,21,126,963,275
Noelvi Marte,CIN,3B/OF,24,53,53,207,0.011185682326621925,0.0044742729306487695,0.44966442953020136,0.3205397091722595,0.32885906040268453,0.36465324384787473,0.19798657718120805,0.09731543624161074,0.20693512304250558,0.003355704697986577,0.1342281879194631,0.3098434004474273,0.41498881431767337,0.4697986577181208,0.4552572706935123,0.6152125279642058,0.2595078299776286,0.1789709172259508,0.38926174496644295,0.9282407407407408,0.9697986577181208,0.6532438478747203,0.14317673378076062,0.5436241610738255,0.7919463087248322,0.3825503355704698,0.45936794582392776,4.97696,0.146027,0.0027552264150943395,.201,.256,2.6,0,34.90566037735849,86.6,108.3,90,102.6,39.5,28.3,7,29.3,0.5603859999999999,0.776596,0.863014,0.15942,15.8,.151,.151,.170,.211,1.9,1,0,1,0,8,0,15,116,34
Jonathan Aranda,TBR,1B,27,144,118,602,0.5727069351230425,0.6152125279642058,0.44742729306487694,0.4769994407158837,0.6366890380313199,0.4234579737935443,0.12192393736017897,0.5246085011185683,0.9765100671140939,0.9105145413870246,0.8635346756152126,0.6711409395973155,0.36577181208053694,0.6621923937360179,0.4552572706935123,0.645413870246085,0.12527964205816555,0.7024608501118568,0.21252796420581654,0.2511574074074074,0.2796420581655481,0.12080536912751678,0.4519015659955257,0.087248322147651,0.2371364653243848,0.15212527964205816,0.26410835214446954,1.6485400000000001,"'-0.34697100000000003","'-0.002409520833333333",.188,.357,15.3,16,21.052631578947366,89,107.9,91.5,102.6,40.3,32.6,15,32.8,0.420266,0.6203390000000001,0.770492,0.121262,12.5,.237,.368,.424,.323,7.6,11,23,1,0,28,7,47,253,83
Sandro Fabian,FA,OF,27,500,448,1920,0.6879194630872483,0.5883668903803132,0.4451901565995526,0.6022790827740492,0.5324384787472035,0.6484499840204538,0.8758389261744967,0.7046979865771812,0.4451901565995526,0.33221476510067116,0.2684563758389262,0.26174496644295303,0.8870246085011185,0.3568232662192394,0.5503355704697986,0.3635346756152125,0.9026845637583892,0.62751677852349,0.8859060402684564,0.6377314814814815,0.4429530201342282,0.8859060402684564,0.8210290827740492,0.24384787472035793,0.14541387024608501,0.7874720357941835,0.7133182844243793,3.0899799999999997,"'-1.91782","'-0.00383564",.265,.392,5.4,8.8,31.81367690782953,86.3,112.4,89,103.4,33.5,15.2,14,19.8,0.481771,0.651466,0.9033329999999999,0.08489580000000001,20.3,.270,.342,.462,.291,4,20,44,31,2,121,17,76,925,183
Noelberth Romero,BAL,2B/3B,23,127,110,461,0.203579418344519,0.0894854586129754,0.4429530201342282,0.3024328859060403,0.27874720357941835,0.3052093320549697,0.3769574944071588,0.1767337807606264,0.19015659955257272,0.3814317673378076,0.21476510067114093,0.49776286353467564,0.1185682326621924,0.3691275167785235,0.2662192393736018,0.4105145413870246,0.38031319910514544,0.62751677852349,0.2494407158836689,0.7858796296296297,0.49217002237136465,0.2214765100671141,0.19686800894854586,0.10067114093959731,0.013422818791946308,0.5715883668903803,0.590293453724605,1.94088,"'-1.6964400000000002","'-0.01335779527559055",.220,.288,2.5,9.4,33.33333333333333,87.8,105,89.1,101.3,35,26,14,32,0.5075270000000001,0.658333,0.7974680000000001,0.150538,17.9,.218,.299,.264,.291,1.6,2,12,2,0,24,1,33,241,77
Jonathan Araúz,FA,2B/3B/SS,27,244,225,981,0.19239373601789708,0.12416107382550336,0.4407158836689038,0.4910514541387025,0.5161073825503356,0.5212527964205816,0.5011185682326622,0.24496644295302014,0.30648769574944074,0.22371364653243847,0.4720357941834452,0.703579418344519,0.6532438478747203,0.7651006711409396,0.7416107382550335,0.6722595078299777,0.5492170022371364,0.4888143176733781,0.7449664429530202,0.4849537037037037,0.24161073825503357,0.761744966442953,0.6554809843400448,0.4451901565995526,0.6375838926174496,0.883668903803132,0.6783295711060948,4.42732,0.08619249999999999,0.00035324795081967213,.230,.309,3.6,7.8,28.24742268041237,89.2,109.9,92.3,104.6,40.7,23,12,23.2,0.45841800000000005,0.6120329999999999,0.8813559999999999,0.102434,19.5,.227,.287,.324,.289,2.5,6,19,11,1,51,3,56,452,105
Will Holland,MIN,SS/OF,27,144,116,577,0.889261744966443,0.9440715883668904,0.43847874720357943,0.5404781879194631,0.41991051454138706,0.45158197507190795,0.6185682326621924,0.7404921700223713,0.5827740492170023,0.6196868008948546,0.7494407158836689,0.24720357941834453,0.29194630872483224,0.21364653243847875,0.3243847874720358,0.2371364653243848,0.610738255033557,0.9172259507829977,0.38926174496644295,0.13078703703703706,0.0894854586129754,0.13870246085011187,0.5637583892617449,0.9619686800894854,0.9463087248322147,0.9865771812080537,1,8.44938,1.31226,0.009112916666666668,.239,.398,7,11.8,23.509933774834444,86.2,107.2,87.8,101.7,30.2,21.5,20,29.3,0.394464,0.575092,0.7770699999999999,0.11072699999999999,42.5,.293,.424,.552,.350,4.2,6,17,10,1,34,6,31,229,67
Jose Miranda,MIN,1B/3B,27,40,34,135,0.34675615212527966,0.70917225950783,0.436241610738255,0.5645973154362416,0.3340044742729306,0.767178012144455,0.4563758389261745,0.3243847874720358,0.04697986577181208,0.7058165548098434,0.42953020134228187,0.5760626398210291,0.49105145413870244,0.6621923937360179,0.2930648769574944,0.23154362416107382,0.9574944071588367,0.756152125279642,0.8366890380313199,0.6770833333333334,0.8747203579418344,0.9284116331096197,0.6375838926174496,0.43400447427293065,0.8008948545861297,0.6498881431767338,0.8577878103837472,4.32845,0.115185,0.002879625,.227,.321,0,12.5,28.947368421052637,88.3,108.9,91.5,101.5,30,12.5,16,21.2,0.488889,0.730159,0.913043,0.10370399999999999,23.3,.294,.375,.471,.310,0,0,5,3,0,10,1,5,66,14
Osleivis Basabe,SFG,SS,25,282,261,1056,0.11521252796420582,0.15659955257270694,0.43400447427293065,0.3657019015659955,0.2608501118568233,0.537392138063279,0.3668903803131991,0.2080536912751678,0.27181208053691275,0.05480984340044743,0.040268456375838924,0.26174496644295303,0.2695749440715884,0.2639821029082774,0.6152125279642058,0.2930648769574944,0.8232662192393736,0.07494407158836688,0.756152125279642,0.8715277777777778,0.697986577181208,0.8389261744966443,0.5503355704697986,0.22818791946308725,0.1319910514541387,0.2796420581655481,0.1523702031602709,2.93997,"'-1.15088","'-0.004081134751773049",.219,.298,3.3,5,39.61937716262976,86.3,107,88.4,103.8,31.8,17.7,4,23.1,0.534532,0.687898,0.891975,0.11163699999999999,10.3,.249,.294,.337,.287,2.5,7,14,8,0,65,5,50,566,131
Will Brennan,CLE,OF,27,39,35,154,0.7583892617449665,0.9664429530201343,0.4317673378076063,0.5989233780760627,0.5917225950782998,0.5533716842441675,0.9854586129753915,0.697986577181208,0.30648769574944074,0.0592841163310962,0.12527964205816555,0.9530201342281879,0.23378076062639822,0.912751677852349,0.4955257270693512,0.767337807606264,0.6677852348993288,0.1789709172259508,0.7293064876957495,0.8535879629629629,0.9440715883668904,0.7818791946308725,0.5659955257270693,0.8277404921700223,0.9932885906040269,0.14205816554809844,0.40970654627539504,6.81234,0.7151850000000001,0.01833807692307692,.304,.391,3.6,5.1,35.365853658536594,91.8,106.7,93.7,102.9,42.9,20.5,7,23.5,0.5259739999999999,0.7536229999999999,0.8846149999999999,0.11039000000000002,14.8,.371,.421,.571,.462,2.6,1,2,4,0,13,1,8,81,19
D'Shawn Knowles,FA,OF,24,93,78,405,0.07606263982102908,0.11521252796420582,0.42953020134228187,0.2801314317673378,0.12393736017897092,0.4351230425055928,0.04697986577181208,0.039149888143176735,0.04697986577181208,0.8769574944071589,0.37360178970917224,0.1599552572706935,0.31208053691275167,0.02237136465324385,0.08165548098434004,0.06152125279642058,0.4395973154362416,0.1789709172259508,0.33109619686800895,0.3819444444444444,0.32662192393736017,0.3087248322147651,0.38926174496644295,0.5145413870246085,0.5145413870246085,0.5201342281879194,0.11963882618510158,4.8203,"'-0.0666168","'-0.0007163096774193549",.164,.215,0,15.1,29.955947136563875,85.4,107.4,82.1,98.7,21.4,24.7,7,30.5,0.444175,0.631016,0.813559,0.128641,9.5,.192,.312,.256,.255,0,0,14,2,0,15,1,23,190,58
Blaine Crim,COL,1B,28,585,504,2145,0.8355704697986577,0.6991051454138703,0.4272930648769575,0.6665967561521253,0.7337807606263983,0.5933205496963886,0.8467561521252797,0.8098434004474273,0.5950782997762863,0.6420581655480985,0.47651006711409394,0.6868008948545862,0.8948545861297539,0.6935123042505593,0.8948545861297539,0.6823266219239373,0.8411633109619687,0.7024608501118568,0.62751677852349,0.5,0.4250559284116331,0.5324384787472036,0.6085011185682326,0.45861297539149887,0.5906040268456376,0.8657718120805369,0.7832957110609481,4.486759999999999,"'-0.031166000000000003","'-0.00005327521367521367",.262,.418,7.2,12,28.22510822510823,89.1,112.5,91.8,106.3,41.1,17.3,15,25.3,0.459459,0.647648,0.845441,0.10670999999999999,21.4,.276,.369,.466,.307,5,29,70,32,2,139,20,101,985,249
Trey Cabbage,FA,OF,28,290,246,1196,0.7360178970917226,0.656599552572707,0.4250559284116331,0.6050055928411633,0.941834451901566,0.33285394694790665,0.4451901565995526,0.7785234899328859,0.9474272930648769,0.8344519015659956,0.4451901565995526,0.9955257270693513,0.9944071588366891,0.9944071588366891,0.9932885906040269,0.9932885906040269,0.0894854586129754,0.4888143176733781,0.11073825503355705,0.4733796296296297,0.5525727069351231,0.1342281879194631,0.16331096196868009,0.970917225950783,0.8635346756152126,0.3870246085011186,0.6783295711060948,8.53322,1.4434799999999999,0.0049775172413793105,.226,.409,13.8,14.1,28.592814371257486,94.8,117.2,97.5,109.5,57.9,34.5,12,36.2,0.45697600000000005,0.667932,0.775568,0.156224,19.5,.244,.352,.476,.348,6.9,20,41,12,3,60,13,100,549,199
Luke Berryhill,FA,C/1B,27,220,192,880,0.3959731543624161,0.32662192393736017,0.4228187919463087,0.4855285234899328,0.6006711409395973,0.4068392457654203,0.2483221476510067,0.4519015659955257,0.5637583892617449,0.6196868008948546,0.8747203579418344,0.7941834451901566,0.4519015659955257,0.7069351230425056,0.7046979865771812,0.7416107382550335,0.15100671140939598,0.8076062639821029,0.13870246085011187,0.6435185185185185,0.8165548098434005,0.09284116331096197,0.15436241610738255,0.465324384787472,0.8031319910514542,0.38926174496644295,0.628668171557562,4.57608,0.66337,0.003015318181818182,.206,.343,6.7,11.8,20.714285714285715,89.8,108.6,91.9,104.4,42.5,31.4,17,35.1,0.48240600000000006,0.715835,0.757576,0.157775,18.5,.234,.332,.370,.333,3.6,8,26,8,0,45,6,69,425,149
Carlos De La Cruz,WSN,OF,26,175,163,690,0.06823266219239374,0.0447427293064877,0.42058165548098436,0.27838366890380317,0.582102908277405,0.13151166506871206,0.1621923937360179,0.1610738255033557,0.3534675615212528,0.04138702460850112,0.2214765100671141,0.6711409395973155,0.8870246085011185,0.5816554809843401,0.7785234899328859,0.8378076062639821,0.05592841163310962,0.24049217002237136,0.04697986577181208,0.6550925925925926,0.38926174496644295,0.10067114093959731,0.06487695749440715,0.15212527964205816,0.5436241610738255,0.17785234899328858,0.06884875846501129,2.48753,"'-0.0621558","'-0.000355176",.197,.283,4.2,4.6,32.95774647887324,89,112.4,90.7,104.9,44.8,36,8,39.5,0.484058,0.642229,0.7625569999999999,0.178261,7.9,.190,.240,.276,.286,2.3,4,8,5,0,31,3,63,334,132
Jesús Bastidas,ATL,2B/SS,27,604,525,2238,0.5592841163310962,0.529082774049217,0.41834451901565994,0.5183864653243848,0.4825503355704698,0.4781080217321828,0.3769574944071588,0.6152125279642058,0.5906040268456376,0.31655480984340045,0.12751677852348994,0.39932885906040266,0.3512304250559284,0.5939597315436241,0.3814317673378076,0.4563758389261745,0.5369127516778524,0.9630872483221476,0.4552572706935123,0.875,0.9485458612975392,0.697986577181208,0.2639821029082774,0.6353467561521253,0.6868008948545862,0.727069351230425,0.891647855530474,5.5159400000000005,0.652108,0.0010796490066225166,.220,.372,7.1,8.6,35.26058631921824,87.2,107.8,90.8,102.1,36,23.2,22,28.5,0.535299,0.7554029999999999,0.868661,0.141644,24.9,.242,.334,.448,.280,4.5,27,52,31,1,127,25,140,1199,342
Drew Millas,WSN,C,27,240,222,903,0.5861297539149888,0.7796420581655481,0.4161073825503356,0.614163870246085,0.4890380313199104,0.6986257590284436,0.9004474272930649,0.6834451901565995,0.36129753914988816,0.16778523489932887,0.5682326621923938,0.4742729306487696,0.6196868008948546,0.5246085011185683,0.46420581655480986,0.30648769574944074,0.9317673378076062,0.1789709172259508,0.8937360178970917,0.6203703703703703,0.6241610738255033,0.8747203579418344,0.8299776286353467,0.825503355704698,0.8478747203579419,0.8098434004474273,0.5327313769751693,6.778630000000001,1.05928,0.0044136666666666656,.269,.388,4.3,7.1,26.419213973799128,87.7,109.7,90.3,102.7,32.1,14.2,7,19.6,0.479513,0.677704,0.8990229999999999,0.08416389999999999,16.9,.311,.358,.518,.333,3.3,8,17,13,3,69,9,34,433,85
Tommy Sacco Jr.,HOU,SS,26,84,69,348,0.6286353467561522,0.6062639821029083,0.41387024608501116,0.4425335570469799,0.16152125279642057,0.558325343560243,0.5906040268456376,0.23825503355704697,0.15548098434004473,0.9429530201342282,0.7136465324384788,0.17002237136465326,0.087248322147651,0.3098434004474273,0.3378076062639821,0.15659955257270694,0.3680089485458613,0.7024608501118568,0.5771812080536913,0.17939814814814814,0.06263982102908278,0.6286353467561522,0.6152125279642058,0.4429530201342282,0.8702460850111857,0.040268456375838924,0.5214446952595937,4.42446,0.445949,0.0053089166666666675,.236,.308,2.1,16.7,24.22680412371134,85.6,104,88.7,101.8,27.1,26.2,15,26.2,0.405172,0.5670729999999999,0.860215,0.106322,16.7,.275,.393,.391,.383,1.2,1,14,5,0,19,1,22,141,37
Will Robertson,PIT,OF,27,462,403,1858,0.6196868008948546,0.3982102908277405,0.4116331096196868,0.4985318791946309,0.8022371364653245,0.30105465004793863,0.48322147651006714,0.6644295302013423,0.6778523489932886,0.4798657718120805,0.29977628635346754,0.8635346756152126,0.9093959731543624,0.9328859060402684,0.9317673378076062,0.8959731543624161,0.15100671140939598,0.4217002237136465,0.11968680089485459,0.7118055555555556,0.7214765100671141,0.2080536912751678,0.12751677852348994,0.3333333333333333,0.22818791946308725,0.7494407158836689,0.5790067720090294,3.79145,"'-1.13495","'-0.002456601731601732",.229,.383,8.1,10.4,31.25628140703517,90.5,112.8,94.1,106.9,47.1,31.4,11,35.9,0.494618,0.692308,0.794613,0.162002,17.6,.226,.316,.429,.296,4.5,21,48,23,1,91,19,145,919,330
Matt Gorski,LAD,1B/OF,27,431,389,1650,0.540268456375839,0.6476510067114094,0.40939597315436244,0.5188059284116331,0.8304250559284115,0.21955896452540744,0.4161073825503356,0.8210290827740492,0.8859060402684564,0.31655480984340045,0.1476510067114094,0.6868008948545862,0.9519015659955258,0.7404921700223713,0.8624161073825504,0.8064876957494407,0.2360178970917226,0.8076062639821029,0.08053691275167785,0.8148148148148148,0.6510067114093959,0.06711409395973154,0.03803131991051454,0.8478747203579419,0.10961968680089486,0.756152125279642,0.7979683972911964,6.91155,"'-1.88885","'-0.004382482598607888",.224,.420,11.5,8.6,34.58382180539273,89.1,114.3,92.1,105.9,43.9,28.8,17,37.3,0.513628,0.681088,0.745917,0.18473699999999998,21.8,.257,.318,.522,.312,7.2,31,37,24,5,100,23,124,847,316
Jordyn Adams,FA,OF,26,535,472,1988,0.24496644295302014,0.31543624161073824,0.407158836689038,0.3798238255033557,0.3093959731543624,0.38590604026845643,0.3523489932885906,0.27293064876957496,0.4228187919463087,0.3959731543624161,0.21923937360178972,0.27628635346756153,0.3187919463087248,0.24272930648769575,0.3523489932885906,0.25615212527964204,0.3053691275167785,0.4217002237136465,0.3624161073825503,0.7581018518518519,0.7315436241610739,0.3534675615212528,0.3333333333333333,0.8098434004474273,0.38926174496644295,0.15436241610738255,0.11173814898419865,6.68385,"'-0.802774","'-0.0015005121495327105",.217,.313,5.1,9.5,33.011583011583014,86.4,107.5,88.1,101.9,30.8,27.5,11,29.8,0.502497,0.6949649999999999,0.819602,0.134366,9.3,.252,.326,.379,.340,3.2,17,51,22,4,119,10,147,1017,303
Spencer Packard,SEA,OF,28,176,154,687,0.8624161073825504,0.5190156599552572,0.40492170022371365,0.6609340044742729,0.5501118568232661,0.7567913071268776,0.9429530201342282,0.7941834451901566,0.3825503355704698,0.5201342281879194,0.9194630872483222,0.5906040268456376,0.5503355704697986,0.3814317673378076,0.4552572706935123,0.43288590604026844,0.9149888143176734,0.62751677852349,0.9608501118568232,0.09953703703703703,0.1476510067114094,0.87248322147651,0.9619686800894854,0.09395973154362416,0.39149888143176736,0.13870246085011187,0.39503386004514673,1.80952,"'-0.262457","'-0.0014912329545454545",.286,.414,4.7,10.8,19.767441860465123,88.4,109.3,89.2,102.6,35.7,14.8,14,16.2,0.385735,0.5933729999999999,0.8984770000000001,0.055313,14.6,.279,.358,.416,.320,3.4,6,19,15,0,43,2,26,265,43
Dustin Harris,TEX,OF,26,557,485,2238,0.36129753914988816,0.43288590604026844,0.40268456375838924,0.4676314317673378,0.19306487695749439,0.567913071268776,0.5145413870246085,0.2796420581655481,0.27181208053691275,0.46308724832214765,0.39149888143176736,0.07829977628635347,0.25727069351230425,0.1029082774049217,0.14317673378076062,0.07829977628635347,0.5928411633109619,0.860178970917226,0.7785234899328859,0.39814814814814814,0.20134228187919462,0.8053691275167785,0.7427293064876958,0.8053691275167785,0.7225950782997763,0.7718120805369127,0.8194130925507901,6.622000000000001,1.00709,0.0018080610412926391,.231,.314,3.3,10.2,29.705400981996732,84.2,106.9,86,99.7,23.2,22.1,18,22.7,0.44692200000000004,0.605487,0.8875,0.09322029999999999,22.3,.270,.352,.390,.337,2.2,12,57,22,3,131,10,123,1008,229
Kobe Kato,FA,2B,26,69,59,260,0.7494407158836689,0.9026845637583892,0.4004474272930649,0.5199244966442953,0.17293064876957495,0.5922019814637264,0.9429530201342282,0.5861297539149888,0.04697986577181208,0.5950782997762863,0.8008948545861297,0.09060402684563758,0.04697986577181208,0.030201342281879196,0.0894854586129754,0.09395973154362416,0.6073825503355704,0.62751677852349,0.6073825503355704,0.15393518518518515,0.21029082774049218,0.5727069351230425,0.7516778523489933,0.9888143176733781,0.930648769574944,0.9138702460850112,0.9661399548532731,9.079260000000001,0.5619109999999999,0.008143637681159421,.286,.367,0,11.6,22.602739726027394,84.4,102.8,83,98.8,24.4,21.7,14,25.5,0.4,0.606557,0.851351,0.0923077,28.9,.356,.435,.492,.467,0,0,8,6,1,21,0,15,106,27
Estevan Florial,FA,OF,27,231,197,979,0.5727069351230425,0.30313199105145416,0.3982102908277405,0.5220917225950783,0.6586129753914989,0.3902205177372963,0.31543624161073824,0.598434004474273,0.6476510067114094,0.756152125279642,0.8076062639821029,0.6196868008948546,0.7885906040268457,0.3422818791946309,0.7785234899328859,0.6387024608501118,0.15883668903803133,0.7024608501118568,0.06711409395973154,0.5092592592592593,0.7718120805369127,0.06935123042505593,0.10067114093959731,0.738255033557047,0.941834451901566,0.5391498881431768,0.5586907449209932,6.260680000000001,2.04813,0.008866363636363636,.214,.369,7.9,13,22.519083969465647,88.6,111,88.9,104.9,40.2,31.2,15,38,0.460204,0.704595,0.748447,0.16836700000000002,17.3,.213,.320,.371,.280,4.3,10,30,4,0,42,9,72,453,172
Jahmai Jones,DET,2B/DH/OF,28,114,98,423,0.8534675615212528,0.70917225950783,0.3959731543624161,0.6789709172259508,0.6724832214765101,0.6227229146692235,0.6968680089485458,0.7841163310961968,0.6778523489932886,0.412751677852349,0.5771812080536913,0.6319910514541387,0.436241610738255,0.7818791946308725,0.6308724832214765,0.8322147651006712,0.6017897091722595,0.62751677852349,0.5727069351230425,0.5219907407407407,0.767337807606264,0.8008948545861297,0.6263982102908278,0.9642058165548099,0.9664429530201343,0.941834451901566,0.9435665914221218,8.45566,1.25204,0.01098280701754386,.246,.411,8.1,9.6,26.244343891402718,88.7,108.5,92.4,103.9,44.6,21.9,14,26.3,0.462617,0.704225,0.886667,0.10514000000000001,27.8,.276,.368,.469,.329,5.3,6,11,5,1,27,4,25,194,51
Xavier Edwards,MIA,2B/SS,26,116,108,427,0.7024608501118568,0.6476510067114094,0.39373601789709173,0.5306208053691276,0.15503355704697988,0.7296260786193673,0.9932885906040269,0.6420581655480985,0.04697986577181208,0.15436241610738255,0.6487695749440716,0.042505592841163314,0.020134228187919462,0.11297539149888143,0.02237136465324385,0.02348993288590604,0.9776286353467561,0.2986577181208054,0.9798657718120806,0.4409722222222222,0.42058165548098436,0.959731543624161,0.9664429530201343,0.6129753914988815,0.7539149888143176,0.042505592841163314,0.1343115124153499,5.3651599999999995,0.26746,0.002305689655172413,.311,.378,0,6.9,25.233644859813083,83.4,101.6,86.2,97.1,17.5,9.5,9,13.4,0.453488,0.647059,0.9300700000000001,0.0534884,10,.324,.371,.444,.354,0,0,8,8,1,35,1,11,201,27
James Outman,MIN,OF,28,309,256,1261,0.8624161073825504,0.8501118568232662,0.39149888143176736,0.679180648769575,0.8042505592841163,0.5548098434004475,0.43288590604026844,0.8579418344519015,0.9530201342281879,0.8221476510067114,0.7315436241610739,0.6465324384787472,0.7505592841163311,0.6252796420581656,0.7583892617449665,0.8131991051454138,0.38926174496644295,0.8076062639821029,0.3187919463087248,0.5879629629629629,0.8501118568232662,0.4809843400447427,0.29082774049217003,0.8590604026845637,0.8299776286353467,0.3713646532438479,0.8724604966139955,7.01515,1.18534,0.003836051779935275,.225,.434,14,13.9,23.93538913362702,88.8,110.7,91.1,104.7,44.1,25.9,17,30.7,0.47405699999999995,0.724252,0.83945,0.139151,24.1,.262,.377,.535,.309,8.1,25,43,15,2,67,17,80,597,183
Wade Stauss,FA,C,26,42,34,187,0.14988814317673377,0.08389261744966443,0.38926174496644295,0.3292086129753915,0.4440715883668904,0.34467881112176413,0.049217002237136466,0.020134228187919462,0.04697986577181208,0.9429530201342282,0.9217002237136466,0.9664429530201343,0.23378076062639822,0.8668903803131991,0.4272930648769575,0.9530201342281879,0.006711409395973154,0.4217002237136465,0.0044742729306487695,0.22916666666666666,0.465324384787472,0.040268456375838924,0.03131991051454139,0.013422818791946308,0.2953020134228188,0.8232662192393736,0.9627539503386005,0.14285699999999998,"'-0.0848151","'-0.0020194071428571428",.168,.202,0,16.7,19.607843137254907,92.1,106.7,93.2,102.4,50,47.6,11,47.4,0.417112,0.654321,0.7169810000000001,0.187166,28.6,.147,.310,.206,.357,0,0,7,2,0,5,0,20,78,37
Daz Cameron,MIL,OF,28,164,137,666,0.9049217002237137,0.9586129753914989,0.3870246085011186,0.7594379194630873,0.7093959731543624,0.7534356024288911,0.889261744966443,0.7662192393736018,0.40604026845637586,0.9060402684563759,0.8657718120805369,0.8378076062639821,0.8489932885906041,0.8791946308724832,0.9395973154362416,0.6879194630872483,0.6196868008948546,0.62751677852349,0.8232662192393736,0.26967592592592593,0.3870246085011186,0.825503355704698,0.8467561521252797,0.9082774049217002,0.7315436241610739,0.17785234899328858,0.5214446952595937,7.5697600000000005,0.323822,0.0019745243902439024,.267,.406,4.9,15.9,21.037463976945244,90.2,111.7,93.3,107.1,41.2,21.3,14,21.6,0.424925,0.642173,0.890547,0.0810811,16.7,.307,.421,.577,.375,3,5,26,15,2,42,6,35,283,61
Carter Bins,FA,C,27,47,40,164,0.07606263982102908,0.6152125279642058,0.38478747203579416,0.3263422818791946,0.7076062639821029,0.174496644295302,0.013422818791946308,0.05592841163310962,0.9697986577181208,0.3053691275167785,0.31208053691275167,0.6577181208053692,0.901565995525727,0.5246085011185683,0.9653243847874721,0.9530201342281879,0.013422818791946308,0.354586129753915,0.03131991051454139,0.6365740740740741,0.5167785234899329,0.02237136465324385,0.020134228187919462,0.017897091722595078,0.2829977628635347,0.9988814317673378,0.9909706546275395,0.35119,"'-0.100236","'-0.0021326808510638297",.144,.235,15,8.5,31.11111111111111,88.9,112.6,90.3,107.8,50,42.6,10,41.8,0.481707,0.6625,0.679245,0.20122,35,.275,.383,.400,.550,6.4,3,4,5,0,11,0,20,79,33
Nick Pratto,KCR,1B,27,487,429,2040,0.27069351230425054,0.378076062639821,0.3825503355704698,0.43882829977628635,0.43579418344519016,0.3831895174177053,0.31543624161073824,0.3243847874720358,0.4988814317673378,0.5357941834451901,0.5145413870246085,0.38926174496644295,0.5503355704697986,0.3422818791946309,0.5167785234899329,0.4161073825503356,0.18008948545861297,0.860178970917226,0.3187919463087248,0.42476851851851855,0.28859060402684567,0.4753914988814318,0.3691275167785235,0.7136465324384788,0.8076062639821029,0.20022371364653244,0.5857787810383747,6.09584,1.60436,0.003294373716632444,.214,.321,6,10.9,27.458256029684602,87.1,109.3,88.9,103.1,35.1,30.6,18,30.7,0.451297,0.621677,0.838816,0.13069,17.8,.242,.324,.410,.328,3.5,17,53,20,2,104,16,149,924,284
Hunter Feduccia,TBR,C,28,348,284,1406,0.9004474272930649,0.7583892617449665,0.38031319910514544,0.6687639821029083,0.5997762863534677,0.7229146692233941,0.8355704697986577,0.732662192393736,0.4552572706935123,0.9429530201342282,0.9149888143176734,0.6868008948545862,0.4519015659955257,0.6476510067114094,0.5346756152125279,0.6722595078299777,0.6599552572706935,0.5536912751677853,0.8131991051454138,0.14351851851851852,0.1789709172259508,0.6957494407158836,0.854586129753915,0.3512304250559284,0.2751677852348993,0.4272930648769575,0.5485327313769752,3.98388,"'-0.768709","'-0.002208933908045977",.261,.397,5.6,16.7,19.864864864864863,89.1,108.6,91.3,103.3,40.7,20.7,13,21.8,0.39915100000000003,0.598811,0.8684860000000001,0.0806794,17.2,.285,.408,.430,.359,3.4,12,58,17,3,81,6,72,564,123
Rhylan Thomas,SEA,OF,25,381,353,1349,0.11185682326621924,0.28187919463087246,0.378076062639821,0.4500139821029083,0.11901565995525727,0.7235538510706296,0.4161073825503356,0.16666666666666666,0.09507829977628636,0.14317673378076062,0.087248322147651,0.10961968680089486,0.15771812080536912,0.12304250559284116,0.03691275167785235,0.06599552572706935,0.9798657718120806,0.4217002237136465,0.9843400447427293,0.9583333333333334,0.9798657718120806,0.9664429530201343,0.9239373601789709,0.5906040268456376,0.5167785234899329,0.2080536912751678,0.24492099322799096,5.21371,"'-0.249187","'-0.0006540341207349081",.224,.285,0.3,6.8,36.429608127721345,84.7,105.8,86.5,97.5,21.6,9.4,11,12.4,0.575221,0.779762,0.9351149999999999,0.0722714,12.1,.272,.320,.371,.288,0.3,1,26,17,0,96,6,36,772,96
Blake Sabol,CHW,C/OF,27,394,339,1499,0.610738255033557,0.378076062639821,0.37583892617449666,0.5534116331096197,0.565771812080537,0.5381911153723234,0.5011185682326622,0.6297539149888143,0.6353467561521253,0.6722595078299777,0.5973154362416108,0.38926174496644295,0.7416107382550335,0.2505592841163311,0.4955257270693512,0.43288590604026844,0.43288590604026844,0.5536912751677853,0.348993288590604,0.6712962962962963,0.8769574944071589,0.4854586129753915,0.3534675615212528,0.5928411633109619,0.7829977628635347,0.1029082774049217,0.4198645598194131,5.21529,1.06552,0.0027043654822335025,.230,.375,7.8,12.2,25.95907928388747,87.1,110.5,88.2,102.9,35.7,24.9,13,30.2,0.48740100000000003,0.730612,0.839851,0.13196300000000002,15,.242,.338,.386,.303,4.8,19,48,14,1,82,11,98,735,222
Matt Fraizer,PIT,OF,27,151,138,631,0.4597315436241611,0.36577181208053694,0.37360178970917224,0.5426454138702461,0.5733780760626399,0.4814637264301695,0.7248322147651006,0.5503355704697986,0.4809843400447427,0.2348993288590604,0.28859060402684567,0.5906040268456376,0.7416107382550335,0.4463087248322148,0.5503355704697986,0.5033557046979866,0.5369127516778524,0.4217002237136465,0.6901565995525727,0.6388888888888888,0.4720357941834452,0.6040268456375839,0.5436241610738255,0.8389261744966443,0.5816554809843401,0.30201342281879195,0.08803611738148984,6.847989999999999,"'-0.018345","'-0.00012149006622516555",.248,.362,5.8,7.9,31.498470948012233,88.4,110.5,89.8,103.4,36.9,23.2,11,24.4,0.481775,0.655738,0.855,0.11252000000000001,8.7,.261,.325,.406,.330,4,6,12,9,1,36,3,35,307,75
Kenny Piper,TBR,C,27,115,101,432,0.540268456375839,0.21029082774049218,0.3713646532438479,0.4758808724832215,0.59082774049217,0.31431767337807603,0.2214765100671141,0.7897091722595079,0.8165548098434005,0.412751677852349,0.4854586129753915,0.6577181208053692,0.15771812080536912,0.7818791946308725,0.5659955257270693,0.5324384787472036,0.24272930648769575,1,0.11073825503355705,0.6516203703703703,0.7740492170022372,0.09619686800894854,0.07829977628635347,0.697986577181208,0.825503355704698,0.2505592841163311,0.9864559819413092,6.000290000000001,0.43037,0.0037423478260869563,.203,.413,10.1,9.6,28.01724137931034,88.9,105.8,92.4,103.5,37.7,28.7,30,36.2,0.483796,0.705,0.758865,0.173611,31.9,.188,.278,.386,.219,6.1,7,11,5,0,19,5,33,210,76
Blake Dunn,CIN,OF,27,407,353,1612,0.33109619686800895,0.30313199105145416,0.3691275167785235,0.47462248322147654,0.3523489932885906,0.519335250878875,0.28635346756152125,0.2595078299776286,0.4809843400447427,0.5514541387024608,0.5302013422818792,0.27628635346756153,0.3344519015659955,0.13087248322147652,0.4105145413870246,0.4105145413870246,0.28859060402684567,0.7024608501118568,0.5805369127516778,0.4560185185185186,0.4228187919463087,0.6868008948545862,0.5749440715883669,0.8769574944071589,0.8881431767337807,0.087248322147651,0.1162528216704289,7.199739999999999,2.38024,0.005848255528255529,.211,.311,5.8,11.1,27.195121951219512,86.4,107.7,86.6,102.3,35,27.8,15,26.1,0.45510500000000004,0.647436,0.8673270000000001,0.109471,9.4,.235,.334,.351,.325,3.4,14,45,16,2,83,7,113,752,196
Kameron Misner,TBR,OF,27,516,437,2298,0.5044742729306487,0.598434004474273,0.3668903803131991,0.48427013422818793,0.5221476510067113,0.38494726749760305,0.3434004474272931,0.43288590604026844,0.4552572706935123,0.8277404921700223,0.6263982102908278,0.6465324384787472,0.5727069351230425,0.6621923937360179,0.6308724832214765,0.5033557046979866,0.2080536912751678,0.7024608501118568,0.18008948545861297,0.36689814814814814,0.2930648769574944,0.2595078299776286,0.29977628635346754,0.8926174496644296,0.9038031319910514,0.8635346756152126,0.8431151241534989,7.33645,3.51709,0.006816065891472868,.216,.339,5.6,14,25.50167224080268,88.8,109.4,91.5,103.9,36.9,29.5,15,33.6,0.44087,0.623188,0.803779,0.138261,22.8,.245,.357,.439,.333,3.1,16,72,26,4,107,17,152,1017,342
Royce Lewis,MIN,3B,26,31,29,120,0.02237136465324385,0.024608501118568233,0.36465324384787473,0.30327181208053694,0.5038031319910515,0.16458932566315118,0.03691275167785235,0.07829977628635347,0.8657718120805369,0.12192393736017897,0.07158836689038031,0.8635346756152126,0.36577181208053694,0.8042505592841164,0.23937360178970918,0.34563758389261745,0.06040268456375839,0.354586129753915,0.09955257270693513,0.8506944444444444,0.3579418344519016,0.29082774049217003,0.14988814317673377,0.767337807606264,0.8680089485458613,0.9944071588366891,0.9435665914221218,6.3383199999999995,0.161448,0.005208,.160,.249,11.1,6.5,37.87878787878788,90.5,107.9,92.6,101,33.3,35.5,10,36.5,0.525,0.637931,0.810811,0.158333,27.8,.172,.226,.241,.278,6.5,2,2,2,0,5,0,11,63,23
Tyler McDonough,BOS,OF,26,129,113,522,0.3098434004474273,0.18456375838926176,0.3624161073825503,0.3835989932885906,0.2906040268456375,0.44902524768296576,0.3434004474272931,0.25279642058165547,0.3534675615212528,0.5950782997762863,0.7046979865771812,0.38926174496644295,0.21364653243847875,0.29194630872483224,0.47874720357941836,0.24384787472035793,0.19239373601789708,0.1789709172259508,0.465324384787472,0.25462962962962965,0.10514541387024609,0.5190156599552572,0.5615212527964206,0.70917225950783,0.4809843400447427,0.14988814317673377,0.07223476297968397,6.080419999999999,"'-0.13254000000000002","'-0.0010274418604651165",.216,.310,4.2,11.6,24.344569288389515,87.1,106.6,88.6,102.8,30.6,30.2,7,28.3,0.42065,0.5787399999999999,0.8435370000000001,0.110899,8,.221,.318,.310,.329,2.3,3,15,5,1,25,1,39,219,62
Daniel Schneemann,CLE,2B/OF,28,222,180,922,0.9563758389261745,0.9507829977628636,0.36017897091722595,0.6940715883668904,0.8366890380313199,0.5653563438798338,0.9105145413870246,0.8914988814317674,0.7237136465324385,0.970917225950783,0.8523489932885906,0.8769574944071589,0.7472035794183445,0.8970917225950783,0.6711409395973155,0.9440715883668904,0.5178970917225951,0.62751677852349,0.2740492170022371,0.16203703703703706,0.319910514541387,0.4697986577181208,0.5525727069351231,0.4697986577181208,0.08277404921700224,0.0738255033557047,0.22460496613995484,4.59221,"'-1.14317","'-0.005149414414414415",.272,.448,8.6,18.5,21.456692913385826,90.6,110.6,93.5,104.2,49.2,23.4,14,31.5,0.40086700000000003,0.630332,0.8383459999999999,0.11159300000000001,11.6,.294,.428,.556,.364,5,11,41,15,1,53,10,52,371,117
Luke Waddell,ATL,2B/SS,27,456,400,1847,0.29977628635346754,0.174496644295302,0.3579418344519016,0.5300615212527964,0.24272930648769578,0.736816874400767,0.5782997762863534,0.26733780760626397,0.12751677852348994,0.31655480984340045,0.5950782997762863,0.29194630872483224,0.4261744966442953,0.24272930648769575,0.08165548098434004,0.10067114093959731,0.9384787472035794,0.4888143176733781,0.9608501118568232,0.4895833333333333,0.5123042505592841,0.8903803131991052,0.9440715883668904,0.7427293064876958,0.6152125279642058,0.35570469798657717,0.2945823927765237,6.27268,0.0713022,0.00015636447368421052,.235,.312,1.2,8.6,25.98187311178248,86.5,108.4,88.1,98.7,25.4,14,12,16.2,0.458716,0.66055,0.9045139999999999,0.0636805,12.9,.233,.312,.320,.268,0.9,4,39,21,4,93,2,64,850,138
Jud Fabian,BAL,OF,25,124,112,494,0.039149888143176735,0.039149888143176735,0.35570469798657717,0.28817114093959734,0.3111856823266219,0.22834771492489617,0.029082774049217,0.09731543624161074,0.39485458612975394,0.34563758389261745,0.831096196868009,0.24720357941834453,0.5727069351230425,0.4015659955257271,0.3378076062639821,0.24384787472035793,0.026845637583892617,0.9630872483221476,0.008948545861297539,0.4699074074074074,0.35011185682326623,0.020134228187919462,0.015659955257270694,0.4250559284116331,0.5525727069351231,0.4228187919463087,0.3724604966139955,4.30181,"'-0.0400144","'-0.0003226967741935484",.153,.256,4.8,8.9,21.962616822429904,86.2,109.4,89.4,101.8,30.6,41.1,22,47.1,0.45656599999999997,0.636029,0.676301,0.20404,14.3,.161,.234,.259,.267,2.4,3,11,5,0,18,2,51,225,106
Ruben Cardenas,FA,OF,28,321,289,1168,0.8210290827740492,0.814317673378076,0.3534675615212528,0.5955676733780761,0.655704697986577,0.4581335890060722,0.860178970917226,0.9105145413870246,0.7986577181208053,0.12192393736017897,0.27740492170022374,0.4507829977628635,0.5727069351230425,0.4563758389261745,0.44407158836689037,0.5458612975391499,0.8366890380313199,0.8076062639821029,0.5525727069351231,0.8668981481481481,0.8702460850111857,0.3825503355704698,0.16554809843400448,0.5548098434004475,0.13870246085011187,0.37583892617449666,0.6106094808126411,5.05126,"'-1.24393","'-0.0038751713395638633",.263,.453,9.8,6.5,31.65829145728643,87.6,109.4,89.9,102.5,37.9,17.4,17,26.9,0.531629,0.72905,0.8237549999999999,0.156124,18.3,.277,.343,.550,.279,7.2,23,21,17,1,80,20,56,606,163
Tyler Nevin,FA,1B/3B,28,63,54,256,0.5861297539149888,0.9507829977628636,0.3512304250559284,0.6707913870246085,0.7409395973154362,0.6652285075103868,0.5257270693512305,0.7874720357941835,0.8657718120805369,0.3959731543624161,0.5816554809843401,0.8534675615212528,0.5727069351230425,0.5939597315436241,0.3523489932885906,0.6252796420581656,0.8333333333333334,0.8076062639821029,0.8859060402684564,0.5810185185185185,0.4451901565995526,0.6353467561521253,0.8791946308724832,0.4519015659955257,0.47651006711409394,0.3378076062639821,0.4492099322799097,4.44841,"'-0.0684671","'-0.0010867793650793651",.232,.412,11.1,9.5,26.190476190476193,90.4,109.4,90.8,101.9,40,17.5,17,19.8,0.472656,0.651515,0.8604649999999999,0.078125,15.6,.296,.365,.667,.293,7.9,5,6,6,1,16,4,11,121,24
Will Banfield,CIN,C,25,371,340,1375,0.08389261744966443,0.22483221476510068,0.348993288590604,0.31816275167785235,0.4078299776286354,0.2807606263982103,0.17337807606263983,0.18456375838926176,0.3277404921700224,0.12192393736017897,0.1297539149888143,0.3713646532438479,0.8489932885906041,0.4373601789709172,0.3814317673378076,0.30648769574944074,0.2595078299776286,0.62751677852349,0.30648769574944074,0.7731481481481481,0.5838926174496645,0.34675615212527966,0.21700223713646533,0.20134228187919462,0.3378076062639821,0.7293064876957495,0.6704288939051919,2.72493,"'-0.6553899999999999","'-0.0017665498652291109",.198,.291,3.8,6.5,35.25469168900804,87,111.7,89.7,102.1,32.1,28.3,14,30.9,0.505455,0.674312,0.8185939999999999,0.14690899999999998,19.2,.247,.296,.379,.325,2.4,9,24,14,2,84,9,105,695,215
Rafael Lantigua,PHI,2B,27,516,442,2028,0.5861297539149888,0.378076062639821,0.34675615212527966,0.5324384787472036,0.2619686800894855,0.7711728986896772,0.6968680089485458,0.36129753914988816,0.23378076062639822,0.802013422818792,0.8389261744966443,0.29194630872483224,0.19463087248322147,0.3691275167785235,0.21029082774049218,0.22818791946308725,0.7281879194630873,0.1789709172259508,0.8031319910514542,0.29398148148148145,0.5458612975391499,0.8612975391498882,0.8187919463087249,0.348993288590604,0.3400447427293065,0.41834451901565994,0.17607223476297967,3.9322699999999995,"'-0.909953","'-0.0017634748062015503",.246,.329,2.9,13.6,21.73507462686567,86.5,106.4,89.1,100.7,29.9,19.4,7,21.9,0.432446,0.667362,0.896875,0.0853057,10.9,.265,.368,.337,.333,1.9,10,70,20,0,117,4,100,886,194
Gustavo Campero,LAA,OF,28,56,48,221,0.814317673378076,0.40492170022371365,0.34451901565995524,0.6047259507829977,0.4680089485458613,0.6358261425375519,0.9642058165548099,0.5033557046979866,0.04697986577181208,0.34563758389261745,0.2662192393736018,0.8288590604026845,0.28187919463087246,0.6375838926174496,0.7046979865771812,0.6789709172259508,0.8803131991051454,0.354586129753915,0.7639821029082774,0.7418981481481481,0.6085011185682326,0.9373601789709173,0.6487695749440716,0.7516778523489933,0.9798657718120806,0.9821029082774049,0.3724604966139955,6.29229,0.6915939999999999,0.012349892857142858,.293,.353,0,8.9,31.932773109243694,90.1,107.1,91.2,104.4,41,16.1,10,23,0.5,0.67619,0.915493,0.10267899999999999,14.3,.271,.375,.333,.333,0,0,5,3,0,13,0,9,113,26
Hunter Bishop,SFG,OF,27,411,362,1567,0.27740492170022374,0.2953020134228188,0.3422818791946309,0.4287611856823266,0.5026845637583892,0.35586449344838605,0.3288590604026846,0.34675615212527966,0.5559284116331096,0.28523489932885904,0.35570469798657717,0.4742729306487696,0.7595078299776287,0.3568232662192394,0.814317673378076,0.3769574944071588,0.3053691275167785,0.4888143176733781,0.2494407158836689,0.6469907407407407,0.6017897091722595,0.46308724832214765,0.23042505592841164,0.7606263982102909,0.40939597315436244,0.4373601789709172,0.4255079006772009,6.31721,"'-0.598","'-0.0014549878345498782",.215,.327,6.6,8.3,30.402930402930398,87.7,110.8,89,105.3,34,27.5,12,32,0.48311000000000004,0.675168,0.8369780000000001,0.145315,15.1,.246,.316,.387,.323,4.1,17,34,18,3,89,9,113,762,244
Samad Taylor,SEA,2B/OF,27,571,491,2461,0.3825503355704698,0.348993288590604,0.3400447427293065,0.42932046979865773,0.31700223713646536,0.4602109300095877,0.35906040268456374,0.2796420581655481,0.29642058165548096,0.6319910514541387,0.6040268456375839,0.2225950782997763,0.5727069351230425,0.27628635346756153,0.15771812080536912,0.21364653243847875,0.3221476510067114,0.4217002237136465,0.49105145413870244,0.2569444444444444,0.1319910514541387,0.42953020134228187,0.610738255033557,0.8993288590604027,0.7651006711409396,0.28635346756152125,0.19074492099322798,7.4813,1.41003,0.002469404553415061,.218,.314,3.5,11.9,25.885129819040127,86,109.4,88.5,99.9,28.9,27.3,11,27.9,0.42081999999999997,0.5879439999999999,0.832865,0.106511,11.1,.248,.343,.371,.336,2.1,12,68,19,4,122,11,156,1043,291
Cam Eden,FA,DH/OF,27,364,316,1410,0.22595078299776286,0.14093959731543623,0.3378076062639821,0.4386884787472036,0.43310961968680084,0.4343240651965484,0.19015659955257272,0.25279642058165547,0.3713646532438479,0.569351230425056,0.4317673378076063,0.4082774049217002,0.7293064876957495,0.4697986577181208,0.3098434004474273,0.40380313199105144,0.35570469798657717,0.5536912751677853,0.48210290827740493,0.6076388888888888,0.5816554809843401,0.26174496644295303,0.3579418344519016,0.843400447427293,0.8232662192393736,0.39485458612975394,0.4932279909706546,6.896669999999999,1.30589,0.0035876098901098897,.200,.310,4.5,11.3,28.90733056708161,87.3,110.4,90,101.6,34.8,26.4,13,28,0.47784799999999994,0.673633,0.804296,0.131329,16.3,.196,.292,.326,.251,2.7,10,41,11,3,62,8,96,676,189
Noah Campbell,FA,OF,26,138,112,631,0.2348993288590604,0.27293064876957496,0.33557046979865773,0.3206795302013423,0.1843400447427293,0.457174816235219,0.06487695749440715,0.06040268456375839,0.2595078299776286,0.9429530201342282,0.9105145413870246,0.2348993288590604,0.17225950782997762,0.540268456375839,0.12639821029082773,0.19463087248322147,0.06040268456375839,0.10738255033557047,0.38926174496644295,0.1087962962962963,0.09843400447427293,0.2058165548098434,0.5928411633109619,0.6017897091722595,0.017897091722595078,0.33557046979865773,0.19074492099322798,5.29326,"'-1.72728","'-0.012516521739130437",.173,.240,3.2,16.7,19.877675840978593,86.1,106,90.4,99.5,28.6,35.5,5,29.3,0.388273,0.576923,0.7944439999999999,0.10776500000000001,11.1,.196,.348,.304,.339,1.4,2,23,3,3,22,1,49,246,72
Bryce Teodosio,LAA,OF,26,450,402,1535,0.10738255033557047,0.43288590604026844,0.3333333333333333,0.38157158836689037,0.27807606263982104,0.4301693831895174,0.19015659955257272,0.13534675615212527,0.25279642058165547,0.22371364653243847,0.2058165548098434,0.03131991051454139,0.8288590604026845,0.03803131991051454,0.3098434004474273,0.14205816554809844,0.35570469798657717,0.4217002237136465,0.38926174496644295,0.7916666666666666,0.8053691275167785,0.7337807606263982,0.2975391498881432,0.9843400447427293,0.9753914988814317,0.4608501118568233,0.2528216704288939,8.93173,5.29359,0.011763533333333331,.200,.273,3.1,7.8,33.49514563106796,82.9,111.5,83.5,101.6,26.6,26.4,11,29.3,0.508738,0.713704,0.874525,0.138511,12.3,.274,.338,.418,.370,2,9,35,19,12,110,5,119,786,230
Darren Baker,FA,2B/DH,26,471,427,1814,0.33109619686800895,0.2953020134228188,0.33109619686800895,0.4394574944071588,0.16040268456375842,0.5993927772451262,0.79082774049217,0.23154362416107382,0.09507829977628636,0.34563758389261745,0.5369127516778524,0.18344519015659955,0.14429530201342283,0.3098434004474273,0.09395973154362416,0.1476510067114094,0.7360178970917226,0.04138702460850112,0.8590604026845637,0.3344907407407408,0.14093959731543623,0.680089485458613,0.8970917225950783,0.8702460850111857,0.9395973154362416,0.03355704697986577,0.011286681715575621,7.09457,4.13777,0.008785074309978769,.255,.307,0.3,8.9,27.030033370411573,85.7,105.4,88.7,98.9,26.9,19.3,3,20.3,0.436712,0.593074,0.8667879999999999,0.0756164,4.6,.283,.346,.340,.358,0.2,1,42,20,2,121,0,91,803,163
Luken Baker,LAD,1B/DH,28,449,376,1877,0.7360178970917226,0.7516778523489933,0.3288590604026846,0.6329697986577181,0.8787472035794183,0.5391498881431767,0.3434004474272931,0.8288590604026845,0.9507829977628636,0.8456375838926175,0.7248322147651006,0.9172259507829977,0.9720357941834452,0.7651006711409396,0.8691275167785235,0.7248322147651006,0.4574944071588367,0.860178970917226,0.5156599552572707,0.16782407407407407,0.1029082774049217,0.4541387024608501,0.6733780760626398,0.020134228187919462,0.3333333333333333,0.6085011185682326,0.8611738148984198,0.6449060000000001,"'-0.801888","'-0.0017859420935412028",.216,.422,13.9,14.3,24.089068825910932,91.1,115.2,92.3,106,42.1,24.5,18,27.4,0.40276999999999996,0.577878,0.835938,0.101225,23.8,.231,.341,.535,.228,8.5,38,64,18,0,87,32,110,756,207
Andruw Monasterio,MIL,2B/3B,28,47,37,198,0.7024608501118568,0.27293064876957496,0.32662192393736017,0.608571029082774,0.523937360178971,0.6056248002556728,0.7718120805369127,0.46756152125279643,0.28747203579418346,0.8713646532438478,0.9910514541387024,0.9317673378076062,0.23378076062639822,0.8355704697986577,0.47874720357941836,0.6991051454138703,0.6196868008948546,0.5536912751677853,0.49776286353467564,0.059606481481481476,0.035794183445190156,0.45861297539149887,0.7651006711409396,0.8501118568232662,0.9955257270693513,0.35011185682326623,0.5485327313769752,6.94742,1.0843399999999999,0.023071063829787238,.253,.346,3.4,14.9,12.76595744680851,91.3,106.7,92.9,102.8,41.4,21.3,13,27.8,0.363636,0.539216,0.836364,0.0909091,17.2,.243,.362,.297,.310,2.1,1,7,2,0,9,0,10,72,20
Alvaro Gonzalez,FA,2B,25,34,28,138,0.19910514541387025,0.5782997762863534,0.3243847874720358,0.32354586129753915,0.15100671140939598,0.38942154042825183,0.12192393736017897,0.0447427293064877,0.04697986577181208,0.860178970917226,0.5100671140939598,0.43400447427293065,0.19463087248322147,0.19463087248322147,0.2930648769574944,0.03467561521252797,0.07158836689038031,0.9854586129753915,0.116331096196868,0.3715277777777778,0.8680089485458613,0.11409395973154363,0.18568232662192394,0.38926174496644295,0.2595078299776286,0.4697986577181208,0.05981941309255079,4.10119,"'-0.0771047","'-0.002267785294117647",.188,.225,0,14.7,27.500000000000004,87.5,106.4,87.6,101.5,18.8,35.3,24,36.1,0.442029,0.7288140000000001,0.767442,0.152174,7.5,.250,.382,.393,.438,0,0,5,2,1,7,0,12,61,22
Diego Castillo,KCR,2B/SS,27,470,398,1891,0.5190156599552572,0.5033557046979866,0.3221476510067114,0.5067114093959731,0.40827740492170017,0.6546820070310003,0.5436241610738255,0.3512304250559284,0.27181208053691275,0.785234899328859,0.6621923937360179,0.4507829977628635,0.7046979865771812,0.4563758389261745,0.2662192393736018,0.26286353467561524,0.9105145413870246,0.354586129753915,0.8970917225950783,0.025462962962962958,0.013422818791946308,0.34116331096196867,0.9731543624161074,0.06599552572706935,0.5861297539149888,0.5201342281879194,0.4492099322799097,1.3035700000000001,"'-0.04626280000000001","'-0.00009843148936170213",.233,.328,3.3,13.4,25.106382978723406,87.6,110.2,89.9,101.3,30.9,14.9,10,19.3,0.31745999999999996,0.34375,0.818182,0.047619,15.6,.261,.364,.397,.293,2.3,11,63,23,2,104,9,70,693,134
Michael Massey,KCR,2B,27,54,51,203,0.3187919463087248,0.9217002237136466,0.319910514541387,0.561241610738255,0.4237136465324385,0.6257590284435922,0.7818791946308725,0.5123042505592841,0.17002237136465326,0.07941834451901567,0.319910514541387,0.6073825503355704,0.15324384787472037,0.5559284116331096,0.2662192393736018,0.6756152125279642,0.9530201342281879,0.756152125279642,0.9105145413870246,0.8414351851851852,0.87248322147651,0.5089485458612976,0.7360178970917226,0.6241610738255033,0.7427293064876958,0.3131991051454139,0.4672686230248307,5.47253,0.115185,0.002133055555555556,.254,.354,2.3,5.6,31.067961165048537,88.5,105.7,90.5,101.3,40.9,13,16,18.7,0.5221680000000001,0.729167,0.842857,0.0935961,15.9,.333,.370,.588,.357,1.9,1,3,7,0,17,2,7,107,20
Alex McGarry,FA,1B,27,28,24,131,0.07606263982102908,0.015659955257270694,0.31767337807606266,0.35871085011185677,0.6004474272930648,0.2927452860338767,0.011185682326621925,0.08612975391498881,0.8076062639821029,0.8456375838926175,0.7897091722595079,0.9910514541387024,0.1644295302013423,0.5939597315436241,0.645413870246085,0.9530201342281879,0.003355704697986577,0.4217002237136465,0.006711409395973154,0.17708333333333334,0.12527964205816555,0.2360178970917226,0.042505592841163314,0.1789709172259508,0.30648769574944074,0.013422818791946308,0,2.6428599999999998,"'-0.05397330000000001","'-0.0019276178571428575",.142,.253,10,14.3,22.857142857142854,94.2,105.9,90.8,104,50,50,11,47.2,0.40458,0.583333,0.8,0.183206,0,.125,.250,.125,.300,3.6,1,4,0,0,3,0,14,53,25
TT Bowens,BAL,1B,27,94,84,323,0.4172259507829978,0.06263982102908278,0.31543624161073824,0.4210011185682327,0.6306487695749441,0.32662192393736017,0.19798657718120805,0.756152125279642,0.6476510067114094,0.412751677852349,0.2348993288590604,0.3389261744966443,0.7158836689038032,0.5033557046979866,0.7248322147651006,0.6946308724832215,0.5178970917225951,0.62751677852349,0.1476510067114094,0.7314814814814815,0.7539149888143176,0.10514541387024609,0.11409395973154363,0.053691275167785234,0.46308724832214765,0.5201342281879194,0.7370203160270881,1.16259,"'-0.107947","'-0.001148372340425532",.201,.402,7.9,9.6,32.51533742331289,86.8,110.3,90.2,104.5,41.3,23.4,14,34.8,0.49845200000000006,0.7025319999999999,0.765766,0.16408699999999998,20.6,.155,.234,.321,.167,5.3,5,9,5,0,13,3,22,161,56
Diego Infante,FA,OF,26,92,78,405,0.04697986577181208,0.11185682326621924,0.3131991051454139,0.24119127516778524,0.3116331096196868,0.2371364653243848,0.008948545861297539,0.006711409395973154,0.2203579418344519,0.8803131991051454,0.27069351230425054,0.20022371364653244,0.5917225950782998,0.7248322147651006,0.7248322147651006,0.5391498881431768,0.016778523489932886,0.4217002237136465,0.02348993288590604,0.3969907407407408,0.41834451901565994,0.015659955257270694,0.03467561521252797,0.16331096196868009,0.5794183445190156,0.11185682326621924,0,2.6125,"'-0.015893","'-0.00017275",.140,.184,2.7,15.2,31.759656652360512,85.8,109.5,92,104.5,37.8,42.4,11,43.1,0.44691400000000003,0.6467390000000001,0.663866,0.185185,0,.205,.326,.231,.410,1.1,1,14,2,0,16,0,39,181,78
Freddy Zamora,MIL,SS,26,253,218,977,0.25615212527964204,0.08053691275167785,0.31096196868008946,0.4131711409395973,0.1941834451901566,0.6268775966762544,0.3668903803131991,0.17225950782997762,0.12751677852348994,0.5514541387024608,0.8903803131991052,0.17002237136465326,0.3344519015659955,0.2214765100671141,0.11968680089485459,0.16666666666666666,0.6073825503355704,0.1789709172259508,0.7841163310961968,0.2488425925925926,0.21252796420581654,0.5570469798657718,0.785234899328859,0.44966442953020136,0.5659955257270693,0.8680089485458613,0.3724604966139955,4.44448,"'-0.057369500000000004","'-0.00022675691699604745",.219,.287,1.2,11.1,20.464135021097047,85.6,107.7,87.9,99.4,27.7,21.7,7,22.6,0.41981599999999997,0.606589,0.8498399999999999,0.08886619999999999,14.3,.193,.292,.248,.244,0.8,2,28,6,0,42,2,55,412,93
Josh Lowe,TBR,OF,27,55,51,245,0.2181208053691275,0.48322147651006714,0.3087248322147651,0.4612695749440716,0.8060402684563759,0.24193032917865134,0.2080536912751678,0.5548098434004475,0.8657718120805369,0.18568232662192394,0.34451901565995524,0.9888143176733781,0.6364653243847874,0.9854586129753915,0.9082774049217002,0.9843400447427293,0.011185682326621925,0.8926174496644296,0.13087248322147652,0.6603009259259259,0.5950782997762863,0.1789709172259508,0.24720357941834453,0.3378076062639821,0.319910514541387,0.015659955257270694,0.19074492099322798,3.8035699999999997,"'-0.100236","'-0.0018224727272727274",.202,.363,11.1,7.3,30.70866141732284,93.7,109.8,97,106.4,55.6,43.6,19,35.3,0.48571400000000003,0.675,0.7901229999999999,0.14285699999999998,11.1,.255,.309,.471,.417,5.5,3,4,0,1,13,3,24,119,42
Hudson Haskin,BAL,OF,26,327,269,1320,0.29082774049217003,0.27293064876957496,0.30648769574944074,0.37723713646532436,0.2031319910514541,0.45701502077341,0.12192393736017897,0.11968680089485459,0.28747203579418346,0.761744966442953,0.7539149888143176,0.1342281879194631,0.3512304250559284,0.27628635346756153,0.14317673378076062,0.12304250559284116,0.28859060402684567,0.62751677852349,0.3568232662192394,0.2743055555555556,0.19910514541387025,0.3378076062639821,0.5011185682326622,0.7807606263982103,0.7628635346756152,0.6935123042505593,0.47404063205417607,6.47574,0.806649,0.0024668165137614675,.188,.269,3.4,13.1,23.42606149341142,85.1,107.8,88.5,99.7,25.8,27.8,14,30,0.426958,0.6049770000000001,0.817481,0.116717,16,.216,.349,.305,.307,1.8,6,43,10,1,58,4,91,573,172
Fabian Pertuz,FA,2B/SS,25,42,39,169,0.14317673378076062,0.24720357941834453,0.3042505592841163,0.3594798657718121,0.38926174496644295,0.339245765420262,0.2483221476510067,0.3713646532438479,0.6633109619686801,0.16778523489932887,0.31208053691275167,0.35570469798657717,0.4664429530201342,0.4015659955257271,0.8523489932885906,0.0894854586129754,0.11185682326621924,0.9172259507829977,0.2796420581655481,0.7604166666666666,0.6868008948545862,0.4988814317673378,0.31767337807606266,0.12192393736017897,0.4742729306487696,0.2684563758389262,0.9932279909706546,2.29563,"'-0.04626280000000001","'-0.001101495238095238",.206,.330,8,7.1,31.11111111111111,86.9,108.7,89.4,105.7,24,33.3,20,31.4,0.502959,0.686747,0.8421049999999999,0.136095,36,.205,.262,.436,.261,4.8,2,3,3,0,8,2,14,86,27
Payton Henry,PHI,C,28,104,95,366,0.9250559284116331,0.49328859060402686,0.30201342281879195,0.5755732662192394,0.8259507829977629,0.43815915627996166,0.9619686800894854,0.9395973154362416,0.8970917225950783,0.1331096196868009,0.058165548098434,0.7348993288590604,0.6532438478747203,0.7953020134228188,0.8277404921700223,0.9049217002237137,0.7953020134228188,0.04138702460850112,0.30648769574944074,0.9247685185185184,0.9217002237136466,0.7360178970917226,0.116331096196868,0.08389261744966443,0.3087248322147651,0.7248322147651006,0.16027088036117382,1.60119,"'-0.200472","'-0.0019276153846153848",.292,.477,11.8,6.7,38.38383838383838,89.4,109.9,92.5,105.4,47.4,18.3,3,30.9,0.557377,0.7456649999999999,0.875969,0.163934,10.5,.274,.337,.432,.315,8.7,9,7,6,0,26,3,19,204,63
Micah Pries,FA,1B/OF,27,263,238,1053,0.610738255033557,0.2203579418344519,0.29977628635346754,0.5353048098434005,0.5393736017897092,0.46468520294023646,0.7136465324384788,0.732662192393736,0.46756152125279643,0.20917225950782997,0.18791946308724833,0.3713646532438479,0.7046979865771812,0.4697986577181208,0.5805369127516778,0.42058165548098436,0.48210290827740493,0.8076062639821029,0.4608501118568233,0.8425925925925926,0.7829977628635347,0.8076062639821029,0.3221476510067114,0.48322147651006714,0.12751677852348994,0.7225950782997763,0.7618510158013544,4.66943,"'-1.09691","'-0.004170760456273764",.247,.397,5.7,7.6,34.065934065934066,87,110.2,90,103.6,35.2,24,17,28.4,0.522317,0.706349,0.88764,0.135802,21,.227,.297,.366,.274,3.8,10,20,7,1,54,8,63,550,156
Griffin Conine,MIA,OF,28,437,385,1723,0.7774049217002237,0.656599552572707,0.2975391498881432,0.5285234899328859,0.8523489932885905,0.32790028763183127,0.6510067114093959,0.8702460850111857,0.8534675615212528,0.5201342281879194,0.3959731543624161,0.8131991051454138,0.9675615212527964,0.8791946308724832,0.9228187919463087,0.7572706935123042,0.2080536912751678,0.354586129753915,0.11968680089485459,0.6956018518518519,0.6935123042505593,0.19686800894854586,0.1610738255033557,0.116331096196868,0.29977628635346754,0.5302013422818792,0.5857787810383747,2.17625,"'-0.8635719999999999","'-0.0019761372997711673",.242,.439,10.9,10.8,29.64601769911505,89.9,114.9,93.3,106.7,42.8,29.5,10,35.9,0.491584,0.687654,0.7935369999999999,0.156703,17.8,.268,.350,.475,.351,6.4,28,47,21,1,103,19,129,847,304
Matt Mervis,ARI,1B/DH,27,350,302,1410,0.24496644295302014,0.4563758389261745,0.2953020134228188,0.42533557046979864,0.5973154362416107,0.3326941514860978,0.10850111856823266,0.29977628635346754,0.6096196868008948,0.49217002237136465,0.3042505592841163,0.49776286353467564,0.9340044742729307,0.3568232662192394,0.8948545861297539,0.645413870246085,0.19463087248322147,0.9776286353467561,0.16554809843400448,0.8402777777777778,0.8859060402684564,0.19239373601789708,0.09395973154362416,0.15883668903803133,0.2550335570469799,0.9552572706935123,0.9887133182844243,2.56086,"'-0.796158","'-0.002274737142857143",.187,.317,7.5,10.6,31.22476446837147,87.8,113.7,89,106.3,40.3,30,23,34.1,0.521986,0.7326590000000001,0.792899,0.170213,34.8,.235,.329,.434,.301,4.3,15,37,15,0,71,15,105,737,251
Carter Kieboom,FA,3B,28,358,305,1378,0.441834451901566,0.49328859060402686,0.2930648769574944,0.5390799776286354,0.47270693512304246,0.6303930968360498,0.4563758389261745,0.26733780760626397,0.24384787472035793,0.7315436241610739,0.7740492170022372,0.5425055928411633,0.8400447427293065,0.24272930648769575,0.685682326621924,0.4697986577181208,0.6923937360178971,0.7024608501118568,0.5637583892617449,0.36921296296296297,0.43400447427293065,0.5413870246085011,0.6756152125279642,0.2483221476510067,0.18344519015659955,0.46308724832214765,0.5586907449209932,3.16321,"'-1.1735","'-0.0032779329608938553",.227,.312,3,12.8,23.11046511627907,88.1,111.6,88.1,104.3,36.2,20.1,15,26.6,0.44162399999999996,0.6500729999999999,0.8468469999999999,0.100798,17.3,.266,.366,.387,.323,2,7,46,16,0,81,7,72,608,162
Cooper Bowman,ATH,2B,25,147,132,555,0.02237136465324385,0.09619686800894854,0.29082774049217003,0.31473713646532436,0.145413870246085,0.3937360178970918,0.0592841163310962,0.020134228187919462,0.11297539149888143,0.2695749440715884,0.2550335570469799,0.042505592841163314,0.5044742729306487,0.0447427293064877,0.2494407158836689,0.04697986577181208,0.407158836689038,0.4888143176733781,0.4463087248322148,0.5844907407407407,0.3422818791946309,0.5995525727069351,0.436241610738255,0.9821029082774049,0.8948545861297539,0.8031319910514542,0.6817155756207675,8.739939999999999,0.9105610000000001,0.0061942925170068025,.172,.202,1,8.2,32.131147540983605,83.4,109,83.8,101.1,19.6,25.2,12,28.6,0.473214,0.634686,0.854651,0.123214,19.6,.212,.279,.303,.289,0.7,1,12,8,2,28,0,37,262,75
Corey Joyce,CHC,2B/SS,27,28,22,116,0.34675615212527966,0.4563758389261745,0.28859060402684567,0.3204697986577181,0.17315436241610738,0.41514860977948226,0.09619686800894854,0.052572706935123045,0.04697986577181208,0.9910514541387024,0.6711409395973155,0.27628635346756153,0.14429530201342283,0.2214765100671141,0.07494407158836688,0.34563758389261745,0.4228187919463087,0.13646532438478748,0.2796420581655481,0.3599537037037037,0.19239373601789708,0.0447427293064877,0.3042505592841163,0.7762863534675615,0.9776286353467561,0.9944071588366891,0.26410835214446954,6.3995,0.330606,0.011807357142857144,.185,.234,0,21.4,25,86.4,105.4,87.9,98.6,33.3,25,6,31.4,0.439655,0.603774,0.71875,0.137931,12.5,.227,.393,.318,.333,0,0,6,2,0,5,0,7,51,16
Chase Strumpf,CHC,2B/3B,27,323,277,1391,0.5995525727069351,0.4563758389261745,0.28635346756152125,0.4769295302013423,0.5554809843400448,0.42233940556088206,0.28635346756152125,0.6487695749440716,0.9049217002237137,0.802013422818792,0.8411633109619687,0.3389261744966443,0.37583892617449666,0.3098434004474273,0.4272930648769575,0.5089485458612976,0.08389261744966443,0.8926174496644296,0.12527964205816555,0.4143518518518519,0.796420581655481,0.08612975391498881,0.2214765100671141,0.1185682326621924,0.11409395973154363,0.5838926174496645,0.8611738148984198,2.2143200000000003,"'-1.4038700000000002","'-0.004346346749226006",.211,.380,12.1,13.6,21.659634317862167,86.8,108,88.7,102.4,37,35,19,35.6,0.44978500000000005,0.711538,0.756757,0.146341,23.8,.235,.341,.412,.346,6.2,20,44,13,0,65,12,113,624,222
Ronaldo Hernández,BOS,C,27,237,219,843,0.5995525727069351,0.7695749440715883,0.2841163310961969,0.5664149888143176,0.6272930648769575,0.5528922978587408,0.8467561521252797,0.7483221476510067,0.5906040268456376,0.04138702460850112,0.042505592841163314,0.35570469798657717,0.8523489932885906,0.3422818791946309,0.7583892617449665,0.5894854586129754,0.9026845637583892,0.5536912751677853,0.7449664429530202,0.9328703703703703,0.912751677852349,0.7919463087248322,0.43400447427293065,0.05592841163310962,0.3870246085011186,0.2595078299776286,0.3295711060948081,1.1722700000000001,"'-0.359452","'-0.001516675105485232",.262,.399,7.1,4.6,39.130434782608695,86.9,111.8,88.9,104.7,38.8,15.2,13,23.2,0.5634640000000001,0.7391300000000001,0.8856209999999999,0.123369,13.7,.311,.357,.507,.331,5.5,13,11,10,0,68,11,36,475,110
Will Wilson,CLE,2B/3B,27,100,85,388,0.5503355704697986,0.07494407158836688,0.28187919463087246,0.46525447427293065,0.4644295302013422,0.47698945349952065,0.38814317673378074,0.5313199105145414,0.5637583892617449,0.44742729306487694,0.1767337807606264,0.6319910514541387,0.2494407158836689,0.5816554809843401,0.5167785234899329,0.34563758389261745,0.38031319910514544,0.8076062639821029,0.5413870246085011,0.8020833333333334,0.7114093959731543,0.743847874720358,0.3378076062639821,0.03691275167785235,0.38031319910514544,0.9686800894854586,0.9571106094808126,0.9601649999999999,"'-0.154051","'-0.00154051",.221,.359,6.7,10,34.123222748815174,88.7,106.8,90.7,103.1,33.3,26,17,27.1,0.510309,0.691489,0.876923,0.134021,28.3,.188,.300,.224,.267,4,4,10,3,0,16,0,26,199,54
Logan Davidson,LAA,1B,27,342,310,1279,0.49217002237136465,0.814317673378076,0.2796420581655481,0.4914010067114094,0.6973154362416107,0.25854905720677535,0.48322147651006714,0.6834451901565995,0.8501118568232662,0.11409395973154363,0.174496644295302,0.7941834451901566,0.5503355704697986,0.7516778523489933,0.6308724832214765,0.6085011185682326,0.14093959731543623,0.756152125279642,0.13087248322147652,0.8564814814814815,0.825503355704698,0.34116331096196867,0.08277404921700224,0.8344519015659956,0.5615212527964206,0.6577181208053692,0.8487584650112867,6.83092,"'-0.0872846","'-0.0002552181286549708",.229,.388,10.8,6.4,34.156976744186046,89.8,109.3,92.2,103.9,39.2,31.6,16,35.3,0.526192,0.717781,0.818182,0.172791,22.9,.300,.357,.535,.414,6.4,22,22,23,4,93,14,108,674,238
Otto Kemp,PHI,1B/3B,26,54,45,215,0.1017897091722595,0.14988814317673377,0.27740492170022374,0.23168344519015663,0.32058165548098433,0.20421860019175456,0.04138702460850112,0.030201342281879196,0.04697986577181208,0.37583892617449666,0.36017897091722595,0.4507829977628635,0.7293064876957495,0.1487695749440716,0.6588366890380313,0.34563758389261745,0.11185682326621924,0.24049217002237136,0.0447427293064877,0.4571759259259259,0.21588366890380314,0.2360178970917226,0.08501118568232663,0.29082774049217003,0.04697986577181208,0.14205816554809844,0.019187358916478554,3.4796199999999997,"'-0.393752","'-0.007291703703703705",.161,.207,0,9.3,30.327868852459016,87.6,110.4,86.9,104.1,33.3,33.3,8,39.8,0.45581400000000005,0.607477,0.8,0.172093,5.3,.200,.333,.244,.333,0,0,5,2,0,9,0,18,98,39
Brandon Lockridge,MIL,OF,28,387,328,1569,0.5995525727069351,0.639821029082774,0.2751677852348993,0.5692813199105146,0.5293064876957494,0.6353467561521252,0.668903803131991,0.28859060402684567,0.20693512304250558,0.8534675615212528,0.727069351230425,0.7472035794183445,0.6733780760626398,0.4854586129753915,0.5973154362416108,0.7304250559284117,0.49105145413870244,0.07494407158836688,0.6845637583892618,0.4166666666666667,0.40939597315436244,0.6174496644295302,0.6644295302013423,0.6711409395973155,0.796420581655481,0.4574944071588367,0.10609480812641084,5.77773,1.08959,0.0028154780361757106,.244,.315,2.6,14.5,24.03486924034869,89.5,110,90.1,103.7,42.2,23.8,4,24.5,0.45018400000000003,0.645038,0.857988,0.101476,9.2,.293,.401,.387,.402,1.6,6,56,21,2,96,2,92,674,165
Luis Urías,MIL,2B/3B,28,349,287,1336,0.8355704697986577,0.6062639821029083,0.27293064876957496,0.6555508948545861,0.44563758389261743,0.7334611697027803,0.7505592841163311,0.697986577181208,0.4988814317673378,0.8154362416107382,0.48769574944071586,0.3713646532438479,0.2695749440715884,0.6375838926174496,0.4272930648769575,0.39038031319910516,0.8691275167785235,0.9630872483221476,0.8411633109619687,0.474537037037037,0.5503355704697986,0.7986577181208053,0.7718120805369127,0.5771812080536913,0.697986577181208,0.8881431767337807,0.9593679458239278,5.134930000000001,0.47123000000000004,0.0013502292263610314,.251,.391,6,13.8,28.000000000000004,87,107,91.2,102.4,34.5,16.3,22,20.9,0.45699300000000004,0.667722,0.8862559999999999,0.09050110000000001,28.5,.258,.376,.411,.286,4,14,48,12,1,74,10,57,612,128
Moisés Gómez,SDP,OF,27,162,144,657,0.1767337807606264,0.10067114093959731,0.27069351230425054,0.3849972035794183,0.5774049217002237,0.2684563758389262,0.14988814317673377,0.4015659955257271,0.7404921700223713,0.43512304250559286,0.378076062639821,0.5760626398210291,0.7885906040268457,0.4015659955257271,0.3814317673378076,0.38031319910514544,0.09507829977628636,0.9910514541387024,0.0738255033557047,0.6689814814814815,0.7651006711409396,0.06487695749440715,0.06711409395973154,0.07606263982102908,0.31543624161073824,0.08501118568232663,0.5033860045146726,1.55274,"'-0.300708","'-0.0018562222222222218",.192,.334,8.8,9.9,29.88505747126437,88.3,111,89.4,102.1,34.1,34,26,37.5,0.487062,0.703226,0.743119,0.178082,16.5,.208,.284,.299,.307,4.9,8,16,4,0,30,3,55,320,120
Mike Jarvis,PIT,2B,27,70,61,293,0.19239373601789708,0.21588366890380314,0.2684563758389262,0.35039149888143173,0.44832214765100664,0.2046979865771812,0.2214765100671141,0.23154362416107382,0.4228187919463087,0.44742729306487694,0.0894854586129754,0.7214765100671141,0.5201342281879194,0.7069351230425056,0.3970917225950783,0.34563758389261745,0.12304250559284116,0.62751677852349,0.18008948545861297,0.7222222222222222,0.4373601789709172,0.03691275167785235,0.1185682326621924,0.8903803131991052,0.13646532438478748,0.9485458612975392,0.8261851015801355,7.3343,"'-0.271846","'-0.0038835142857142854",.203,.307,5.1,10,36.419753086419746,89.3,109.1,91.9,102.2,33.3,32.9,14,33.6,0.49659899999999996,0.651163,0.714286,0.16326500000000002,22.5,.213,.300,.361,.297,2.9,2,7,1,1,13,2,23,146,49
Alex Isola,FA,C/1B,27,273,237,1121,0.21029082774049218,0.16778523489932887,0.2662192393736018,0.4439317673378076,0.25100671140939596,0.5835730265260466,0.31543624161073824,0.2080536912751678,0.2595078299776286,0.5425055928411633,0.6510067114093959,0.0592841163310962,0.6532438478747203,0.06935123042505593,0.1621923937360179,0.07494407158836688,0.7281879194630873,0.941834451901566,0.7114093959731543,0.3900462962962963,0.3400447427293065,0.4250559284116331,0.6868008948545862,0.2953020134228188,0.5234899328859061,0.8008948545861297,0.927765237020316,3.51585,"'-0.163854","'-0.0006001978021978022",.214,.298,3.2,11,25.21588946459413,83.9,109.9,85,100,22.9,19.4,21,24,0.44513800000000003,0.634545,0.830946,0.09991080000000001,27,.215,.300,.333,.250,2.2,6,30,13,0,51,5,53,499,120
Rodolfo Durán,SDP,C,27,107,102,365,0.4172259507829978,0.21029082774049218,0.2639821029082774,0.5455117449664431,0.4959731543624161,0.5942793224672419,0.79082774049217,0.6644295302013423,0.30648769574944074,0.02348993288590604,0.06935123042505593,0.26174496644295303,0.5346756152125279,0.6834451901565995,0.47874720357941836,0.7125279642058165,0.854586129753915,0.62751677852349,0.8411633109619687,0.9131944444444444,0.8389261744966443,0.9552572706935123,0.5771812080536913,0.25279642058165547,0.5995525727069351,0.203579418344519,0.43340857787810383,3.2205,"'-0.000472105","'-0.000004412196261682243",.255,.383,3.6,3.7,37.894736842105274,86.3,109.2,91.7,102.8,41.7,16.8,14,20.9,0.551913,0.721591,0.929134,0.10929000000000001,15.3,.265,.299,.363,.305,2.8,3,4,4,0,27,2,18,201,42
Leo Rivas,SEA,2B/SS,28,260,200,1176,0.7774049217002237,0.8456375838926175,0.26174496644295303,0.5446029082774049,0.17181208053691274,0.7369766698625758,0.5436241610738255,0.3087248322147651,0.20693512304250558,0.9888143176733781,0.9865771812080537,0.21252796420581654,0.039149888143176735,0.3568232662192394,0.07494407158836688,0.09172259507829977,0.7225950782997763,0.5536912751677853,0.8232662192393736,0.04513888888888889,0.07829977628635347,0.6308724832214765,0.9284116331096197,0.8210290827740492,0.854586129753915,0.19015659955257272,0.6602708803611738,6.767,1.1939799999999998,0.00459223076923077,.233,.318,2.6,21.2,13.934426229508196,85.9,102.3,89,98.6,24.2,19.6,13,21.6,0.349408,0.571688,0.860317,0.06937389999999999,18.9,.295,.442,.425,.369,1.5,4,55,12,1,59,4,51,422,91
Kellen Strahm,TEX,OF,28,165,136,685,0.29977628635346754,0.4563758389261745,0.2595078299776286,0.5180369127516778,0.4577181208053691,0.6388622563119207,0.23378076062639822,0.15659955257270694,0.24384787472035793,0.8803131991051454,0.7874720357941835,0.703579418344519,0.5201342281879194,0.5033557046979866,0.5246085011185683,0.6644295302013423,0.5771812080536913,0.01901565995525727,0.6476510067114094,0.17592592592592593,0.2058165548098434,0.6196868008948546,0.7539149888143176,0.9753914988814317,0.9843400447427293,0.09060402684563758,0.04288939051918736,8.567110000000001,2.4976,0.015136969696969697,.204,.282,3,15.2,22.872340425531913,89.2,109.1,90.2,103.2,40.6,22.4,2,25.1,0.40438,0.6056779999999999,0.859375,0.0919708,6.9,.265,.376,.368,.347,1.8,3,25,5,3,36,1,37,279,70
Nick Podkul,FA,1B/3B,28,219,181,959,0.7494407158836689,0.598434004474273,0.25727069351230425,0.5724972035794182,0.7067114093959732,0.5023969319271332,0.26174496644295303,0.7483221476510067,0.9619686800894854,0.889261744966443,0.9507829977628636,0.7639821029082774,0.40268456375838924,0.6476510067114094,0.6711409395973155,0.656599552572707,0.14429530201342283,0.8926174496644296,0.42058165548098436,0.07060185185185185,0.06040268456375839,0.40939597315436244,0.6420581655480985,0.2058165548098434,0.16778523489932887,0.8411633109619687,0.9243792325056434,2.75169,"'-0.763854","'-0.0034879178082191783",.208,.399,14.4,15.5,18.482490272373546,89.6,108.2,91.3,104.2,40.5,31.5,19,28.9,0.373569,0.565401,0.828358,0.10301800000000001,26.8,.232,.365,.420,.320,7.3,16,34,7,0,42,9,69,360,104
Nick Sogard,BOS,2B,28,433,363,1791,0.7024608501118568,0.70917225950783,0.2550335570469799,0.5618008948545862,0.32572706935123047,0.696868008948546,0.7404921700223713,0.5201342281879194,0.3378076062639821,0.8534675615212528,0.8814317673378076,0.3232662192393736,0.23378076062639822,0.3277404921700224,0.10626398210290827,0.21364653243847875,0.6510067114093959,0.62751677852349,0.8031319910514542,0.16087962962962962,0.12080536912751678,0.6845637583892618,0.883668903803132,0.4116331096196868,0.116331096196868,0.48769574944071586,0.6467268623024831,4.24902,"'-1.87864","'-0.004338660508083141",.250,.356,4,14.5,20.636663007683865,86.7,106.7,88.8,99.2,28.9,20.8,14,21.9,0.40066799999999997,0.581678,0.867173,0.07790760000000001,18.7,.278,.386,.444,.333,2.5,11,63,19,1,101,13,90,716,157
Andre Lipcius,CHW,3B,27,634,560,2612,0.4597315436241611,0.6152125279642058,0.25279642058165547,0.4535095078299777,0.37852348993288587,0.45254074784276127,0.4161073825503356,0.5749440715883669,0.5346756152125279,0.49217002237136465,0.4988814317673378,0.3389261744966443,0.18791946308724833,0.4697986577181208,0.11297539149888143,0.25615212527964204,0.5559284116331096,0.8926174496644296,0.37024608501118567,0.6655092592592593,0.7248322147651006,0.18344519015659955,0.3422818791946309,0.4272930648769575,0.5100671140939598,0.7046979865771812,0.6997742663656885,4.3038099999999995,"'-0.48482600000000003","'-0.0007647097791798108",.224,.366,6.4,10.6,27.731725697061037,86.8,106.3,90,99.3,30.8,22.7,19,29.6,0.48642399999999997,0.694036,0.791295,0.133461,20,.271,.350,.459,.322,4.3,27,67,26,2,152,25,144,1270,376
Luke Ritter,NYM,2B/3B,28,567,479,2255,0.7874720357941835,0.7404921700223713,0.2505592841163311,0.5271951901565997,0.801565995525727,0.35442633429210607,0.46868008948545864,0.7941834451901566,0.9183445190156599,0.7460850111856824,0.5928411633109619,0.7639821029082774,0.7046979865771812,0.8355704697986577,0.8411633109619687,0.8266219239373602,0.1756152125279642,0.354586129753915,0.12304250559284116,0.4224537037037037,0.5391498881431768,0.13646532438478748,0.16778523489932887,0.33557046979865773,0.24608501118568232,0.6420581655480985,0.5090293453724605,3.80093,"'-1.3436","'-0.002369664902998236",.228,.414,12.7,12.9,26.02965403624382,89.6,110.2,92.9,105.6,44.4,30.7,10,35.7,0.45099799999999995,0.666352,0.775887,0.15609800000000001,16.6,.257,.369,.480,.345,6.9,39,73,25,2,123,26,174,1017,363
Caleb Ketchup,LAA,2B/OF,23,29,27,118,0.08389261744966443,0.11521252796420582,0.2483221476510067,0.28369686800894856,0.17360178970917228,0.31431767337807603,0.17337807606263983,0.19463087248322147,0.5223713646532439,0.15436241610738255,0.24496644295302014,0.035794183445190156,0.017897091722595078,0.007829977628635347,0.0145413870246085,0.09731543624161074,0.04809843400447427,0.24049217002237136,0.38926174496644295,0.7418981481481481,0.5425055928411633,0.5604026845637584,0.2606263982102908,0.9731543624161074,0.08501118568232663,0.9776286353467561,0.5214446952595937,8.5433,"'-0.146799","'-0.005062034482758621",.198,.293,6.3,6.9,32.20338983050847,83.3,101.2,80,96.8,25,37.9,8,29.3,0.5,0.666667,0.85,0.14166700000000002,16.7,.222,.276,.333,.375,3.4,1,2,1,1,6,0,11,58,17
Kody Hoese,LAD,3B,28,524,463,1934,0.5995525727069351,0.6868008948545862,0.24608501118568232,0.5745246085011185,0.5348993288590604,0.596995845317993,0.7818791946308725,0.598434004474273,0.4116331096196868,0.43512304250559286,0.232662192393736,0.6073825503355704,0.49105145413870244,0.5559284116331096,0.2494407158836689,0.5659955257270693,0.7192393736017897,0.7024608501118568,0.7293064876957495,0.7534722222222222,0.6353467561521253,0.7762863534675615,0.6510067114093959,0.2550335570469799,0.29082774049217003,0.34451901565995524,0.5790067720090294,3.23703,"'-1.09423","'-0.0020882251908396947",.254,.369,5,9.9,32.565130260521045,88.5,108.9,90.5,101.1,38.2,19.7,15,23.5,0.5018050000000001,0.679128,0.883792,0.10263,17.6,.287,.361,.475,.334,3.4,18,52,32,2,133,17,103,970,228
Oliver Dunn,MIL,3B,28,33,29,151,0.7125279642058165,0.8680089485458613,0.24384787472035793,0.5089485458612975,0.5185682326621924,0.5047938638542665,0.6968680089485458,0.727069351230425,0.8076062639821029,0.656599552572707,0.9642058165548099,0.18344519015659955,0.2494407158836689,0.12304250559284116,0.7583892617449665,0.6252796420581656,0.3221476510067114,0.007829977628635347,0.4004474272930649,0.29050925925925924,0.4541387024608501,0.32662192393736017,0.40939597315436244,0.5995525727069351,0.12527964205816555,0.5503355704697986,0.6997742663656885,5.23906,"'-0.13977799999999999","'-0.00423569696969697",.246,.396,10,12.1,17.333333333333336,85.7,106.8,86.5,104.7,40,27.3,1,29.2,0.430464,0.6533329999999999,0.816327,0.125828,20,.310,.394,.517,.421,6.1,2,4,3,0,9,1,9,65,19
Sam Huff,SFG,C,27,477,435,1764,0.2841163310961969,0.3366890380313199,0.24161073825503357,0.41519854586129756,0.6973154362416107,0.28475551294343243,0.2986577181208054,0.5246085011185683,0.5827740492170023,0.2695749440715884,0.07606263982102908,0.7214765100671141,0.9630872483221476,0.7651006711409396,0.8814317673378076,0.6946308724832215,0.15100671140939598,0.4888143176733781,0.18791946308724833,0.8680555555555556,0.8187919463087249,0.3579418344519016,0.1319910514541387,0.09172259507829977,0.4541387024608501,0.7024608501118568,0.5711060948081265,1.7095900000000002,"'-0.5762649999999999","'-0.0012081027253668766",.212,.357,7,8.2,37.30242360379346,89.3,114.8,92.3,106.2,41.3,31.4,12,33.5,0.532084,0.716507,0.8197,0.16070399999999999,17.5,.246,.310,.416,.344,4.2,20,39,33,1,107,13,150,939,315
Jesus Valdez,ARI,3B,27,30,29,100,0.8210290827740492,0.9843400447427293,0.23937360178970918,0.5456515659955257,0.6706935123042506,0.3622563119207415,0.9429530201342282,0.9451901565995525,0.9261744966442953,0.016778523489932886,0.020134228187919462,0.6073825503355704,0.2695749440715884,0.4854586129753915,0.7046979865771812,0.6051454138702461,0.7013422818791947,0.9966442953020134,0.13870246085011187,0.9502314814814816,0.8109619686800895,0.7941834451901566,0.053691275167785234,0.08053691275167785,0.0022371364653243847,0.4574944071588367,0.9774266365688488,1.58819,"'-0.5696220000000001","'-0.0189874",.286,.481,13,3.3,43.137254901960794,88.5,107,90.1,104.4,39.1,20,28,35.1,0.57,0.714286,0.8857139999999999,0.18,30.4,.414,.433,.621,.476,10,3,1,0,0,12,2,6,57,20
Conner Capel,ATL,OF,28,284,231,1212,0.5592841163310962,0.48322147651006714,0.2371364653243848,0.5561381431767338,0.47986577181208057,0.6075423457973794,0.2080536912751678,0.5123042505592841,0.6196868008948546,0.9004474272930649,0.8344519015659956,0.3713646532438479,0.7158836689038032,0.23042505592841164,0.4272930648769575,0.18008948545861297,0.5861297539149888,0.9776286353467561,0.5604026845637584,0.20601851851851846,0.17225950782997762,0.5279642058165548,0.6711409395973155,0.5011185682326622,0.25727069351230425,0.6823266219239373,0.8645598194130926,4.73158,"'-0.644401","'-0.002269017605633803",.202,.354,7.6,15.8,21.9435736677116,87,110.3,88,102.4,28.1,22.2,23,26.7,0.4107,0.597015,0.8444440000000001,0.101235,23.9,.212,.339,.429,.230,4.6,13,45,12,1,49,12,63,501,134
Brandon Martorano,FA,C,27,62,54,238,0.19239373601789708,0.26174496644295303,0.2348993288590604,0.4186940715883669,0.5474272930648769,0.5182166826462129,0.0447427293064877,0.3713646532438479,0.8657718120805369,0.7460850111856824,0.9731543624161074,0.24720357941834453,0.7885906040268457,0.8232662192393736,0.7718120805369127,0.46420581655480986,0.22706935123042504,0.07494407158836688,0.4105145413870246,0.2372685185185185,0.5659955257270693,0.21029082774049218,0.49440715883668906,0.02237136465324385,0.4004474272930649,0.9731543624161074,0.48645598194130923,0.689732,"'-0.0912895","'-0.0014724112903225805",.162,.330,11.1,12.9,17.073170731707318,86.2,111,92.8,104.8,36.1,29,4,29,0.41841000000000006,0.6724140000000001,0.794872,0.117155,16.2,.204,.306,.370,.242,6.5,4,8,0,0,11,3,18,100,29
Rafael Marchán,PHI,C,26,140,118,571,0.5044742729306487,0.21029082774049218,0.232662192393736,0.4590324384787472,0.0988814317673378,0.6891978267817195,0.639821029082774,0.25279642058165547,0.12080536912751678,0.7460850111856824,0.6017897091722595,0.029082774049217,0.07606263982102908,0.04809843400447427,0.025727069351230425,0.015659955257270694,0.7013422818791947,0.8076062639821029,0.7885906040268457,0.3761574074074074,0.3378076062639821,0.814317673378076,0.8344519015659956,0.0738255033557047,0.232662192393736,0.2975391498881432,0.6399548532731377,1.5064899999999999,"'-0.33926","'-0.002423285714285714",.241,.310,1.1,12.9,25.88996763754045,82.7,103.6,83.9,97.2,15.7,20,17,22.5,0.443082,0.633858,0.888199,0.0840631,18.6,.229,.336,.297,.278,0.7,1,18,2,0,27,2,28,253,57
Phil Clarke,TOR,C,27,192,160,719,0.6610738255033557,0.3221476510067114,0.23042505592841164,0.5474692393736018,0.12662192393736016,0.7954618088846278,0.6968680089485458,0.3512304250559284,0.17002237136465326,0.8344519015659956,0.5055928411633109,0.042505592841163314,0.03467561521252797,0.09619686800894854,0.03691275167785235,0.03467561521252797,0.9183445190156599,0.860178970917226,0.9183445190156599,0.5821759259259259,0.5749440715883669,0.912751677852349,0.9038031319910514,0.3400447427293065,0.6621923937360179,0.6711409395973155,0.6749435665914221,3.82836,0.145083,0.0007556406249999999,.246,.328,2.3,14.1,27.61394101876676,83.4,102.2,85.7,97.5,18.8,14.6,18,18.2,0.472879,0.6734100000000001,0.9098709999999999,0.0751043,19.4,.231,.354,.325,.262,1.6,3,27,6,0,37,3,28,341,62
Tyler Fitzgerald,SFG,2B/SS,28,87,71,353,0.36129753914988816,0.9899328859060402,0.22818791946308725,0.4942673378076063,0.5519015659955258,0.4905720677532758,0.14988814317673377,0.4105145413870246,0.6633109619686801,0.4720357941834452,0.6420581655480985,0.5425055928411633,0.5917225950782998,0.814317673378076,0.2785234899328859,0.5514541387024608,0.2986577181208054,0.941834451901566,0.5961968680089486,0.21875,0.058165548098434,0.6711409395973155,0.6957494407158836,0.26174496644295303,0.02237136465324385,0.610738255033557,0.5948081264108352,3.2786800000000005,"'-0.9392440000000001","'-0.010795908045977009",.192,.335,8,10.3,25.268817204301076,88.1,109.5,92.7,101.4,38,27.6,21,25.7,0.41359799999999997,0.561404,0.864583,0.0991501,18,.310,.402,.718,.333,4.6,4,9,5,0,22,8,24,148,38
Cade Marlowe,SEA,OF,28,402,339,1650,0.4597315436241611,0.36577181208053694,0.22595078299776286,0.5123042505592841,0.5496644295302013,0.4149888143176734,0.17337807606263983,0.5480984340044742,0.7774049217002237,0.7460850111856824,0.5592841163310962,0.5425055928411633,0.5346756152125279,0.540268456375839,0.3523489932885906,0.34563758389261745,0.11968680089485459,0.941834451901566,0.21588366890380314,0.5972222222222222,0.7516778523489933,0.30648769574944074,0.2058165548098434,0.9686800894854586,0.9642058165548099,0.4451901565995526,0.8769751693002258,8.52143,4.41295,0.010977487562189057,.198,.361,9.4,12.9,26.566125290023198,88.1,109.2,90.4,101.9,33.3,33.1,21,32.7,0.47584499999999996,0.701531,0.8127270000000001,0.149758,24.2,.230,.333,.392,.325,5,20,52,8,4,78,13,133,798,261
C.J. Stubbs,WSN,C,28,31,22,124,0.9955257270693513,0.6230425055928411,0.22371364653243847,0.572986577181208,0.8648769574944073,0.31815276446148927,0.5637583892617449,0.9932885906040269,1,0.9977628635346756,0.8859060402684564,0.9821029082774049,0.3512304250559284,0.9888143176733781,0.9161073825503355,0.9977628635346756,0.04138702460850112,0.9910514541387024,0.0022371364653243847,0.1857638888888889,0.24608501118568232,0.024608501118568233,0.029082774049217,0.06599552572706935,0.4451901565995526,0.8232662192393736,0.6997742663656885,1.3035700000000001,"'-0.038552300000000005","'-0.0012436225806451613",.234,.537,20,22.6,20.588235294117645,93.1,107.8,97.3,106.5,60,38.7,26,50.9,0.40625,0.612903,0.684211,0.1875,20,.182,.419,.318,.400,6.5,2,7,3,0,4,0,12,53,27
Christian Koss,SFG,2B,27,190,168,705,0.2841163310961969,0.4217002237136465,0.2214765100671141,0.40275447427293065,0.38456375838926177,0.3938958133589006,0.43288590604026844,0.24496644295302014,0.39485458612975394,0.19463087248322147,0.19463087248322147,0.29194630872483224,0.5346756152125279,0.24272930648769575,0.5346756152125279,0.4563758389261745,0.49776286353467564,0.1789709172259508,0.37472035794183445,0.8229166666666666,0.7449664429530202,0.43512304250559286,0.31543624161073824,0.8680089485458613,0.8277404921700223,0.4809843400447427,0.16591422121896163,7.082510000000001,0.726132,0.003821747368421053,.225,.309,4.8,7.4,33.9622641509434,86.5,109.2,88.1,103.3,36,23.7,7,29.5,0.516854,0.699708,0.833333,0.136236,10.6,.256,.332,.417,.317,3.2,6,14,10,1,43,5,45,366,108
Konner Piotto,FA,C/1B,27,37,31,142,0.5044742729306487,0.203579418344519,0.21923937360178972,0.41219239373601785,0.4550335570469799,0.36545222115691917,0.6968680089485458,0.3713646532438479,0.43847874720357943,0.5201342281879194,0.47874720357941836,0.901565995525727,0.06711409395973154,0.4463087248322148,0.12639821029082773,0.4966442953020134,0.08053691275167785,0.04138702460850112,0.42841163310961966,0.19560185185185186,0.07606263982102908,0.43512304250559286,0.5391498881431768,0.5190156599552572,0.378076062639821,0.1331096196868009,0.16027088036117382,4.85877,"'-0.0570559","'-0.0015420513513513512",.246,.330,5.3,10.8,28.2051282051282,90.9,103.4,89.8,99.5,36.8,35.1,3,28.8,0.408451,0.571429,0.833333,0.112676,10.5,.226,.324,.323,.368,2.7,1,4,1,1,7,0,13,59,17
Jake Alu,FA,2B/OF,28,219,194,793,0.4597315436241611,0.12863534675615212,0.21700223713646533,0.572986577181208,0.5040268456375838,0.6069031639501439,0.7136465324384788,0.5313199105145414,0.30648769574944074,0.412751677852349,0.25727069351230425,0.6319910514541387,0.7046979865771812,0.4563758389261745,0.3523489932885906,0.34563758389261745,0.941834451901566,0.7024608501118568,0.8131991051454138,0.4027777777777778,0.15883668903803133,0.9395973154362416,0.7248322147651006,0.5234899328859061,0.8120805369127517,0.6543624161073825,0.5383747178329571,4.87605,0.728672,0.003327269406392694,.247,.359,3.6,9.6,32.093023255813954,88.7,110.2,89.9,101.9,33.3,13.7,15,21.8,0.447799,0.595238,0.9155559999999999,0.09433960000000001,17.1,.222,.292,.325,.242,2.7,6,21,11,0,43,3,30,357,78
Miguel Hiraldo,FA,2B,25,82,72,323,0.09619686800894854,0.052572706935123045,0.21476510067114093,0.25244686800894856,0.1970917225950783,0.2970597635027165,0.14988814317673377,0.09172259507829977,0.17002237136465326,0.3053691275167785,0.11185682326621924,0.35570469798657717,0.14429530201342283,0.20469798657718122,0.23042505592841164,0.22371364653243847,0.06599552572706935,0.24049217002237136,0.20469798657718122,0.9097222222222222,0.9172259507829977,0.37583892617449666,0.09843400447427293,0.48769574944071586,0.5346756152125279,0.7762863534675615,0.31038374717832956,4.68168,"'-0.0400144","'-0.00048798048780487803",.192,.255,2.3,8.5,35.67251461988304,86.9,105.4,87.7,100.9,29.5,35.4,8,33.1,0.549383,0.743421,0.823009,0.169753,13.3,.194,.280,.222,.318,1.2,1,7,2,0,14,0,29,178,59
Trevor Boone,COL,OF,28,187,170,718,0.16890380313199105,0.46756152125279643,0.21252796420581654,0.4082774049217002,0.6521252796420582,0.1922339405560882,0.13534675615212527,0.4105145413870246,0.831096196868009,0.36465324384787473,0.20134228187919462,0.4742729306487696,0.8803131991051454,0.3691275167785235,0.8523489932885906,0.6644295302013423,0.03691275167785235,0.7024608501118568,0.015659955257270694,0.8194444444444444,0.6890380313199105,0.026845637583892617,0.011185682326621925,0.9194630872483222,0.9060402684563759,0.930648769574944,0.9187358916478555,7.60037,1.27633,0.00682529411764706,.190,.335,10.4,9.1,33.6,87.7,112.3,89.1,105.7,40.6,39.6,15,43.9,0.515278,0.686782,0.690377,0.2125,26.5,.235,.305,.471,.349,5.3,10,17,8,1,40,10,74,369,162
Peyton Burdick,FA,OF,28,257,219,1049,0.43512304250559286,0.24272930648769575,0.21029082774049218,0.4616890380313199,0.7832214765100672,0.24464685202940234,0.09284116331096197,0.5413870246085011,0.9843400447427293,0.656599552572707,0.6286353467561522,0.6711409395973155,0.9776286353467561,0.4373601789709172,0.8624161073825504,0.7416107382550335,0.02237136465324385,0.756152125279642,0.020134228187919462,0.2881944444444444,0.10067114093959731,0.08277404921700224,0.20134228187919462,0.4742729306487696,0.6308724832214765,0.8232662192393736,0.7731376975169301,4.6288,0.07663260000000001,0.00029818132295719843,.183,.360,15.9,12.1,25.426944971536997,89,115.3,89.7,105.9,42.5,42,16,43.2,0.43007,0.577465,0.7560979999999999,0.15035,21.2,.187,.300,.370,.294,7,18,31,7,0,41,11,108,468,202
Blake Hunt,SEA,C,26,246,226,947,0.12080536912751678,0.14988814317673377,0.2080536912751678,0.3430508948545862,0.2912751677852349,0.37615851709811443,0.2684563758389262,0.23154362416107382,0.24384787472035793,0.06487695749440715,0.34675615212527966,0.2348993288590604,0.5201342281879194,0.16554809843400448,0.3243847874720358,0.22595078299776286,0.4664429530201342,0.62751677852349,0.5805369127516778,0.8206018518518519,0.5078299776286354,0.33557046979865773,0.33109619686800895,0.3825503355704698,0.5950782997762863,0.5,0.3295711060948081,4.07785,"'-0.00818257","'-0.00003326247967479675",.209,.307,3,5.3,30.585683297180047,86.1,109.1,87.2,101.7,29.8,24.4,14,26.1,0.516026,0.6596390000000001,0.8173520000000001,0.134615,13.7,.217,.272,.363,.261,2,5,13,8,2,49,7,60,472,123
Logan Driscoll,TBR,C,27,292,260,1110,0.43512304250559286,0.6868008948545862,0.2058165548098434,0.4433025727069351,0.4612975391498882,0.44534995206136146,0.5257270693512305,0.47874720357941836,0.6196868008948546,0.34563758389261745,0.5234899328859061,0.27628635346756153,0.5044742729306487,0.41387024608501116,0.5067114093959731,0.4272930648769575,0.6442953020134228,0.4217002237136465,0.2662192393736018,0.6574074074074074,0.7785234899328859,0.319910514541387,0.23937360178970918,0.28635346756152125,0.436241610738255,0.6375838926174496,0.590293453724605,3.46,"'-0.378285","'-0.0012954965753424654",.232,.349,7.6,8.9,27.33446519524618,86.4,109,89.5,103,35.5,20.9,11,31.7,0.48468500000000003,0.7056600000000001,0.815508,0.143243,17.9,.292,.363,.473,.356,5.1,15,26,24,1,76,7,61,539,171
Nick Maton,FA,2B/3B,28,343,291,1382,0.8534675615212528,0.6756152125279642,0.203579418344519,0.6052852348993288,0.551454138702461,0.62464046021093,0.732662192393736,0.8344519015659956,0.7774049217002237,0.7315436241610739,0.8031319910514542,0.38926174496644295,0.2695749440715884,0.5559284116331096,0.4955257270693512,0.4865771812080537,0.6733780760626398,0.8076062639821029,0.5850111856823266,0.3553240740740741,0.47874720357941836,0.47874720357941836,0.6219239373601789,0.1610738255033557,0.20134228187919462,0.5055928411633109,0.7618510158013544,2.5988,"'-1.00288","'-0.0029238483965014573",.249,.428,9.4,12.8,22.562674094707518,87.1,107,90.5,102.9,36.6,20.4,17,26,0.43921899999999997,0.65625,0.839002,0.105644,21,.258,.362,.471,.284,6.1,21,44,12,1,75,16,70,608,158
Tristin English,ARI,1B,28,478,433,1711,0.470917225950783,0.43288590604026844,0.20134228187919462,0.511744966442953,0.59082774049217,0.4789069990412272,0.5906040268456376,0.6263982102908278,0.49105145413870244,0.1331096196868009,0.035794183445190156,0.703579418344519,0.6051454138702461,0.674496644295302,0.5805369127516778,0.5279642058165548,0.70917225950783,0.4217002237136465,0.7293064876957495,0.9027777777777778,0.6263982102908278,0.6062639821029083,0.5123042505592841,0.3982102908277405,0.10738255033557047,0.3333333333333333,0.2945823927765237,4.15918,"'-2.11211","'-0.004418640167364017",.236,.374,5.9,6.7,39.864864864864856,89.2,109.6,91.6,103.6,37.5,19.9,11,23.5,0.548161,0.678106,0.8551479999999999,0.115587,12.9,.263,.326,.425,.302,4.2,20,32,18,2,114,16,95,937,220
José Barrero,BAL,SS,27,188,165,800,0.15548098434004473,0.14093959731543623,0.19910514541387025,0.3434004474272931,0.4024608501118568,0.19574944071588368,0.14988814317673377,0.19015659955257272,0.4809843400447427,0.15436241610738255,0.2516778523489933,0.35570469798657717,0.5917225950782998,0.6040268456375839,0.7874720357941835,0.39373601789709173,0.10514541387024609,0.860178970917226,0.15212527964205816,0.5868055555555556,0.3624161073825503,0.15436241610738255,0.19015659955257272,0.9463087248322147,0.901565995525727,0.9530201342281879,0.7731376975169301,8.02347,1.27062,0.0067586170212765966,.192,.292,5.8,6.9,32.142857142857146,86.9,109.5,90.9,105,34.6,33.5,18,34.7,0.47375,0.638462,0.783133,0.15125,21.2,.188,.277,.345,.255,3.2,6,13,6,1,31,6,63,380,132
Arquímedes Gamboa,FA,SS,28,181,156,791,0.36129753914988816,0.2348993288590604,0.19686800894854586,0.4466582774049217,0.3319910514541387,0.6096196868008948,0.3288590604026846,0.24496644295302014,0.3187919463087248,0.8154362416107382,0.8478747203579419,0.24720357941834453,0.6733780760626398,0.3277404921700224,0.19463087248322147,0.1756152125279642,0.33109619686800895,0.2986577181208054,0.680089485458613,0.3506944444444444,0.40492170022371365,0.4720357941834452,0.7158836689038032,0.23042505592841164,0.087248322147651,0.15659955257270694,0.4018058690744921,2.9407900000000002,"'-0.9108709999999999","'-0.0050324364640883966",.215,.309,3.7,13.8,21.55388471177945,86.2,110,88.8,100.5,28,27.1,9,24.6,0.43853000000000003,0.64467,0.838583,0.09632450000000001,14.7,.212,.320,.333,.282,2.2,4,25,7,0,33,4,49,349,86
Matt Kroon,FA,OF,28,277,246,1163,0.470917225950783,0.4753914988814318,0.19463087248322147,0.514261744966443,0.7223713646532438,0.3574624480664749,0.4451901565995526,0.6152125279642058,0.7237136465324385,0.2348993288590604,0.5906040268456376,0.7472035794183445,0.8870246085011185,0.5033557046979866,0.5973154362416108,0.6387024608501118,0.43288590604026844,0.5536912751677853,0.37919463087248323,0.2476851851851852,0.0738255033557047,0.2651006711409396,0.5257270693512305,0.6442953020134228,0.9149888143176734,0.22595078299776286,0.5383747178329571,5.63131,2.0284400000000002,0.007322888086642598,.226,.372,8.6,7.9,26.05752961082911,89.5,112.4,90.2,103.7,40.2,24.9,13,29.4,0.419383,0.570435,0.804878,0.11406500000000001,17.1,.252,.326,.443,.304,5.4,15,22,14,0,62,11,69,490,144
Nick Raposo,SEA,C,27,279,253,1069,0.27740492170022374,0.13534675615212527,0.19239373601789708,0.4198825503355705,0.2863534675615213,0.5354745925215724,0.43288590604026844,0.36129753914988816,0.25279642058165547,0.3579418344519016,0.2751677852348993,0.24720357941834453,0.37583892617449666,0.3814317673378076,0.2494407158836689,0.19463087248322147,0.6308724832214765,0.756152125279642,0.8646532438478747,0.6412037037037037,0.2371364653243848,0.5682326621923938,0.814317673378076,0.07158836689038031,0.4854586129753915,0.6442953020134228,0.8329571106094809,1.4623,"'-0.277577","'-0.0009948996415770608",.225,.329,3.1,9,31.68141592920354,86.2,108,89.2,101.1,28.6,21.1,16,20.1,0.482097,0.611675,0.850622,0.0856778,22.6,.206,.280,.340,.237,2.2,6,25,10,0,52,8,59,488,98
Ryan Kreidler,MIN,3B/SS,27,200,170,777,0.48210290827740493,0.24272930648769575,0.19015659955257272,0.43379474272930646,0.37785234899328857,0.37951422179610095,0.23378076062639822,0.4250559284116331,0.7628635346756152,0.7058165548098434,0.7225950782997763,0.2348993288590604,0.2494407158836689,0.2639821029082774,0.19463087248322147,0.21700223713646533,0.2080536912751678,0.860178970917226,0.08053691275167785,0.5949074074074074,0.7695749440715883,0.08053691275167785,0.0894854586129754,0.8187919463087249,0.8612975391498882,0.8501118568232662,0.5654627539503386,6.7580100000000005,0.991345,0.004956725,.204,.337,9.1,12.5,24.111675126903553,86.1,106.8,88.4,100.5,29.1,29.5,18,37.3,0.475641,0.7043699999999999,0.755474,0.170513,17.4,.200,.320,.335,.274,5,10,25,4,2,34,5,59,370,138
Jacob Hurtubise,FA,OF,27,224,187,905,0.34675615212527966,0.46756152125279643,0.18791946308724833,0.4863674496644295,0.07919463087248323,0.7540747842761266,0.3434004474272931,0.12639821029082773,0.10067114093959731,0.7460850111856824,0.883668903803132,0.021252796420581657,0.1040268456375839,0.030201342281879196,0.05145413870246085,0.0436241610738255,0.7460850111856824,0.4888143176733781,0.9563758389261745,0.19675925925925927,0.087248322147651,0.9038031319910514,0.9552572706935123,0.9284116331096197,0.9328859060402684,0.8612975391498882,0.6681715575620768,7.8029,1.9282,0.008608035714285714,.216,.271,0.7,12.9,20.59496567505721,81.6,104.5,83,97.9,19.3,19.2,12,16.3,0.408543,0.5750529999999999,0.9080879999999999,0.0580504,19.1,.267,.383,.348,.338,0.4,1,29,5,2,50,2,43,369,60
Nick Dunn,PHI,2B,28,361,323,1347,0.7248322147651006,0.70917225950783,0.18568232662192394,0.5901845637583892,0.4487695749440716,0.682806008309364,0.9485458612975392,0.697986577181208,0.18120805369127516,0.28523489932885904,0.5167785234899329,0.5425055928411633,0.41498881431767337,0.6476510067114094,0.3378076062639821,0.407158836689038,0.9843400447427293,0.4888143176733781,0.9865771812080537,0.25,0.04697986577181208,0.9843400447427293,0.9753914988814317,0.25727069351230425,0.19463087248322147,0.16554809843400448,0.3227990970654628,3.24585,"'-1.07998","'-0.002991634349030471",.288,.391,2.4,8.3,27.442528735632187,88.1,108.3,91.3,101.8,34.9,9.1,12,11.7,0.42019300000000004,0.552194,0.942466,0.046770599999999996,13.6,.316,.374,.467,.328,1.9,7,30,19,3,102,8,33,566,66
Yonny Hernández,NYM,2B/3B,27,312,272,1238,0.1621923937360179,0.203579418344519,0.18344519015659955,0.4498741610738255,0.08791946308724832,0.7540747842761266,0.27628635346756153,0.10738255033557047,0.10626398210290827,0.5615212527964206,0.6868008948545862,0.12192393736017897,0.09284116331096197,0.09284116331096197,0.011185682326621925,0.011185682326621925,0.7953020134228188,0.354586129753915,0.8993288590604027,0.6111111111111112,0.7181208053691275,0.785234899328859,0.8322147651006712,0.6868008948545862,0.06040268456375839,0.1297539149888143,0.21896162528216703,5.86338,"'-1.8878599999999999","'-0.0060508333333333325",.210,.263,0.9,11.2,24.64,84.9,104.1,85.6,96.5,14.9,18.3,10,19.1,0.478365,0.692185,0.884793,0.0841346,11.5,.235,.330,.305,.290,0.6,2,35,7,3,64,2,57,596,114
Willie MacIver,ATH,C,28,367,317,1421,0.6879194630872483,0.8534675615212528,0.18120805369127516,0.5246784116331097,0.6514541387024608,0.3843080856503675,0.639821029082774,0.7046979865771812,0.5458612975391499,0.4552572706935123,0.3333333333333333,0.7348993288590604,0.6196868008948546,0.6252796420581656,0.7416107382550335,0.6521252796420581,0.4574944071588367,0.354586129753915,0.1599552572706935,0.7928240740740741,0.9105145413870246,0.22818791946308725,0.14541387024608501,0.7651006711409396,0.5055928411633109,0.4742729306487696,0.4672686230248307,6.32241,"'-0.296846","'-0.0008088446866485014",.241,.392,6.5,10.1,30.913978494623656,89.4,109.7,91.1,104.6,40.4,24.5,10,34.3,0.509116,0.738701,0.799235,0.159187,15.9,.297,.381,.530,.366,4.1,15,37,19,5,94,15,90,725,249
Gionti Turner,FA,2B/OF,25,36,34,132,0.042505592841163314,0.017897091722595078,0.1789709172259508,0.1902265100671141,0.1597315436241611,0.18823905401086607,0.07606263982102908,0.15100671140939598,0.3378076062639821,0.07941834451901567,0.1610738255033557,0.0044742729306487695,0.30313199105145416,0.011185682326621925,0.0044742729306487695,0.0022371364653243847,0.4228187919463087,0.07494407158836688,0.058165548098434,0.7002314814814815,0.2841163310961969,0.2651006711409396,0.04697986577181208,0.7337807606263982,0.8523489932885906,0.7181208053691275,0.23702031602708803,6.25212,0.161448,0.004484666666666667,.176,.280,4,5.6,34.375,78.4,107.3,80.1,94.5,4,25,4,38.5,0.492424,0.621212,0.804878,0.181818,12,.147,.194,.265,.167,2.8,1,2,1,0,5,1,9,65,25
Yoyner Fajardo,FA,OF,26,114,105,438,0.05704697986577181,0.14988814317673377,0.1767337807606264,0.2741890380313199,0.3123042505592841,0.24688398849472673,0.1621923937360179,0.12639821029082773,0.22706935123042504,0.06487695749440715,0.18568232662192394,0.43400447427293065,0.37583892617449666,0.27628635346756153,0.2930648769574944,0.3982102908277405,0.20022371364653244,0.4217002237136465,0.06040268456375839,0.9004629629629629,0.9149888143176734,0.27740492170022374,0.024608501118568233,0.4563758389261745,0.03355704697986577,0.5201342281879194,0.04288939051918736,4.48053,"'-1.00391","'-0.008806228070175441",.197,.271,2.8,5.3,34.070796460176986,87.5,108,88.5,101.5,34.7,29.8,11,38.3,0.547945,0.741935,0.807453,0.196347,6.9,.229,.274,.362,.294,1.8,2,6,2,0,24,4,34,240,92
Andy Blake,FA,IF,25,49,44,190,0.12639821029082773,0.10514541387024609,0.174496644295302,0.26216442953020136,0.24071588366890376,0.34691594758708855,0.07606263982102908,0.2595078299776286,0.7774049217002237,0.2695749440715884,0.34116331096196867,0.010067114093959731,0.087248322147651,0.04809843400447427,0.10626398210290827,0.06935123042505593,0.4574944071588367,0.354586129753915,0.3534675615212528,0.006944444444444444,0.005592841163310962,0.005592841163310962,0.9955257270693513,0.005592841163310962,0.6051454138702461,0.006711409395973154,0.10158013544018059,0,0,0,.176,.311,9.4,8.2,30.76923076923077,80.8,104,83.9,99.2,21.9,24.5,10,30.1,0,0,0,0,9.1,.182,.265,.318,.200,6.1,3,4,0,0,8,2,12,83,25
Quincy McAfee,FA,2B/OF,28,28,24,123,0.8959731543624161,0.5380313199105146,0.17225950782997762,0.5568372483221476,0.23847874720357948,0.6008309364014063,0.970917225950783,0.6711409395973155,0.43847874720357943,0.5033557046979866,0.2639821029082774,0.0022371364653243847,0.07606263982102908,0.0022371364653243847,0.0022371364653243847,0.0044742729306487695,0.8154362416107382,0.941834451901566,0.7449664429530202,0.5023148148148148,0.19239373601789708,0.8959731543624161,0.7897091722595079,0.7024608501118568,0.8769574944071589,0.5503355704697986,0.6997742663656885,6.02768,0.15373699999999998,0.0054906071428571426,.296,.384,5.3,10.7,31.944444444444446,76.8,103.6,75.9,93.3,10.5,17.9,21,23.2,0.45967700000000006,0.603774,0.90625,0.0887097,20,.250,.357,.417,.316,3.6,1,3,4,0,6,0,5,56,13
Troy Johnston,MIA,1B/OF,28,525,476,1812,0.6387024608501118,0.46756152125279643,0.17002237136465326,0.5202740492170023,0.39977628635346757,0.5349952061361457,0.860178970917226,0.6588366890380313,0.39485458612975394,0.1621923937360179,0.15436241610738255,0.3389261744966443,0.28187919463087246,0.4261744966442953,0.3523489932885906,0.3243847874720358,0.7595078299776287,0.354586129753915,0.6957494407158836,0.8761574074074074,0.8523489932885906,0.6487695749440716,0.4720357941834452,0.727069351230425,0.7248322147651006,0.26174496644295303,0.30248306997742663,6.1992199999999995,0.9556450000000001,0.0018202761904761906,.263,.382,4.8,7,34.52256033578173,86.8,107.1,89.6,101.9,33,19,10,24.3,0.5366390000000001,0.724256,0.862559,0.11900799999999999,13.1,.275,.339,.424,.327,3.4,18,37,30,4,131,11,100,980,238
DaShawn Keirsey Jr.,MIN,OF,28,503,441,2033,0.44854586129753915,0.6991051454138703,0.16778523489932887,0.5256571588366891,0.3780760626398211,0.5643975711089805,0.6968680089485458,0.3926174496644295,0.2203579418344519,0.3959731543624161,0.6085011185682326,0.4742729306487696,0.3243847874720358,0.5816554809843401,0.3970917225950783,0.47874720357941836,0.5447427293064877,0.4888143176733781,0.6476510067114094,0.5706018518518519,0.6040268456375839,0.5458612975391499,0.6040268456375839,0.9351230425055929,0.8814317673378076,0.08277404921700224,0.14221218961625282,7.941660000000001,2.80471,0.0055759642147117285,.246,.333,2.7,9.5,25.730994152046787,87.7,107.6,90.7,102.2,36.5,23.1,12,25.1,0.47026999999999997,0.675172,0.847384,0.107125,10.1,.299,.368,.476,.369,1.8,9,48,22,7,132,14,116,955,240
Stephen Scott,FA,C,28,175,161,669,0.5044742729306487,0.558165548098434,0.16554809843400448,0.5313898210290828,0.5872483221476511,0.4749121124960051,0.6017897091722595,0.6711409395973155,0.7114093959731543,0.10738255033557047,0.30648769574944074,0.6868008948545862,0.18791946308724833,0.6476510067114094,0.5973154362416108,0.6789709172259508,0.5178970917225951,0.62751677852349,0.5156599552572707,0.8611111111111112,0.8970917225950783,0.6599552572706935,0.319910514541387,0.5078299776286354,0.15212527964205816,0.5592841163310962,0.6602708803611738,4.73859,"'-0.649187","'-0.00370964",.237,.384,8.5,6.3,31.17283950617284,89.1,106.3,91.3,103.7,41,23.4,14,27.4,0.529148,0.734513,0.863454,0.136024,18.9,.292,.337,.466,.364,5.7,10,11,14,1,47,4,41,354,97
Dalton Shuffield,FA,2B/OF,26,81,74,285,0.06263982102908278,0.13534675615212527,0.16331096196868009,0.25734060402684567,0.14093959731543623,0.3179929689996804,0.14093959731543623,0.07494407158836688,0.04697986577181208,0.19463087248322147,0.08053691275167785,0.0592841163310962,0.20134228187919462,0.013422818791946308,0.3523489932885906,0.3221476510067114,0.3288590604026846,0.04138702460850112,0.5413870246085011,0.6817129629629629,0.38478747203579416,0.25279642058165547,0.4429530201342282,0.941834451901566,0.5973154362416108,0.24049217002237136,0.05981941309255079,7.97553,"'-0.00146206","'-0.000018050123456790125",.191,.248,0,7.4,36.774193548387096,83.9,106.5,80.6,101.9,32.7,27.2,3,27.1,0.48951000000000006,0.641791,0.802326,0.122378,7.5,.216,.284,.338,.294,0,0,6,4,1,16,1,22,140,38
Hayden Cantrelle,CHC,2B,26,156,129,629,0.24496644295302014,0.7203579418344519,0.1610738255033557,0.301663870246085,0.06666666666666668,0.3887823585810163,0.10067114093959731,0.08612975391498881,0.04697986577181208,0.860178970917226,0.8501118568232662,0.10961968680089486,0.03467561521252797,0.3098434004474273,0.017897091722595078,0.05592841163310962,0.17225950782997762,0.4888143176733781,0.10514541387024609,0.28703703703703703,0.3825503355704698,0.1476510067114094,0.203579418344519,0.9373601789709173,0.9440715883668904,0.6040268456375839,0.5033860045146726,7.94677,1.40677,0.009017756410256409,.186,.253,0,14.7,21.51515151515152,84.7,102.2,88.7,96.9,21,30.8,12,36.3,0.4297,0.641196,0.7823829999999999,0.150079,16.5,.271,.397,.426,.410,0,0,23,7,2,35,3,48,270,98
Adam Hackenberg,CHW,C,26,182,154,820,0.09619686800894854,0.0894854586129754,0.15883668903803133,0.1971476510067114,0.16554809843400448,0.2666986257590284,0.05592841163310962,0.042505592841163314,0.3277404921700224,0.7170022371364653,0.436241610738255,0.17002237136465326,0.1040268456375839,0.18120805369127516,0.20246085011185683,0.18344519015659955,0.020134228187919462,0.01901565995525727,0.1029082774049217,0.3611111111111111,0.12304250559284116,0.21476510067114093,0.25279642058165547,0.28859060402684567,0.39373601789709173,0.2539149888143177,0.14221218961625282,3.4689400000000004,"'-0.271328","'-0.0014908131868131868",.171,.221,3.8,12.6,28.868360277136254,85.6,104.5,87.4,100.6,28.2,42.3,2,36.4,0.439708,0.583113,0.79638,0.142509,10.1,.188,.308,.234,.364,1.6,3,23,4,0,29,1,77,360,131
Frainyer Chavez,TEX,2B/3B,26,130,119,536,0.1017897091722595,0.1185682326621924,0.15659955257270694,0.3328439597315436,0.12975391498881433,0.5084691594758709,0.4161073825503356,0.12304250559284116,0.04697986577181208,0.15436241610738255,0.5078299776286354,0.18344519015659955,0.18791946308724833,0.1599552572706935,0.11968680089485459,0.10738255033557047,0.4015659955257271,0.1789709172259508,0.674496644295302,0.4884259259259259,0.3982102908277405,0.7024608501118568,0.7203579418344519,0.42058165548098436,0.3668903803131991,0.03803131991051454,0.12189616252821671,4.2830900000000005,"'-0.213416","'-0.0016416615384615386",.224,.270,0,6.9,27.561837455830393,85.7,106.3,87.1,99.4,25.6,25.4,7,24.7,0.458564,0.643678,0.8690479999999999,0.0957643,9.6,.244,.300,.303,.333,0,0,9,7,0,29,0,33,247,61
Chad Stevens,LAA,2B/3B,26,90,84,342,0.16890380313199105,0.1610738255033557,0.15436241610738255,0.3367589485458613,0.27829977628635344,0.3266219239373602,0.40604026845637586,0.3087248322147651,0.4228187919463087,0.016778523489932886,0.1040268456375839,0.08501118568232663,0.36577181208053694,0.03355704697986577,0.11297539149888143,0.20917225950782997,0.28859060402684567,0.5536912751677853,0.42058165548098436,0.6678240740740741,0.2595078299776286,0.8031319910514542,0.39373601789709173,0.5816554809843401,0.26174496644295303,0.07941834451901567,0.1343115124153499,5.17541,"'-0.203855","'-0.0022650555555555557",.223,.318,5.1,3.3,35.83815028901734,84.3,107.9,83.2,99.3,28.8,27.8,13,28.9,0.48688000000000003,0.616279,0.886792,0.12828,10,.238,.289,.345,.339,3.3,3,3,9,0,20,0,25,166,48
Chandler Redmond,FA,1B,28,74,65,321,0.529082774049217,0.203579418344519,0.15212527964205816,0.4301593959731544,0.7646532438478747,0.2889101949504634,0.2214765100671141,0.7404921700223713,0.8780760626398211,0.6722595078299777,0.5480984340044742,0.9586129753914989,0.2695749440715884,0.959731543624161,0.7416107382550335,0.9765100671140939,0.029082774049217,0.10738255033557047,0.026845637583892617,0.5150462962962963,0.6577181208053692,0.03691275167785235,0.05145413870246085,0.1789709172259508,0.3624161073825503,0.9910514541387024,0.6997742663656885,2.6428599999999998,"'-0.123367","'-0.0016671216216216215",.203,.398,11.4,12.2,26.82926829268293,91.9,107,95,104.6,54.3,40.5,5,42.6,0.461059,0.681818,0.714286,0.18068499999999998,20,.200,.297,.354,.333,5.4,4,9,4,0,13,2,30,148,63
Cam Devanney,PIT,3B,28,518,459,1960,0.49217002237136465,0.5033557046979866,0.14988814317673377,0.4585430648769575,0.5917225950782998,0.3491530840524129,0.4161073825503356,0.6375838926174496,0.6633109619686801,0.34563758389261745,0.2516778523489933,0.5760626398210291,0.47651006711409394,0.7069351230425056,0.44407158836689037,0.6051454138702461,0.3624161073825503,0.5536912751677853,0.22483221476510068,0.8854166666666666,0.9574944071588367,0.1767337807606264,0.12527964205816555,0.4720357941834452,0.2348993288590604,0.4966442953020134,0.3227990970654628,4.61041,"'-1.25306","'-0.0024190347490347488",.224,.377,8,8.9,32.142857142857146,88.3,108.8,91.9,102.5,39.1,26.3,13,32.4,0.538931,0.763903,0.7898350000000001,0.162341,13.6,.251,.332,.442,.314,5,26,46,27,2,115,19,136,1056,342
Rodolfo Castro,PHI,2B/SS,26,73,67,256,0.09060402684563758,0.10514541387024609,0.1476510067114094,0.26545022371364657,0.22930648769574943,0.2996164908916587,0.17337807606263983,0.14093959731543623,0.34563758389261745,0.14317673378076062,0.2807606263982103,0.29194630872483224,0.12416107382550336,0.21364653243847875,0.2785234899328859,0.24384787472035793,0.4395973154362416,0.4888143176733781,0.23042505592841164,0.7870370370370371,0.7024608501118568,0.16666666666666666,0.1342281879194631,0.2505592841163311,0.011185682326621925,0.7181208053691275,0.628668171557562,3.21122,"'-1.07185","'-0.014682876712328766",.198,.274,4.1,6.8,31.578947368421048,86.5,105.1,87.8,101.4,30.6,24.7,12,32.3,0.507812,0.688525,0.785714,0.160156,18.5,.209,.274,.313,.255,2.7,2,5,1,0,14,2,18,130,42
Dominic Fletcher,FA,OF,28,105,95,393,0.540268456375839,0.35570469798657717,0.14541387024608501,0.5084591722595079,0.28165548098434,0.6706615532118887,0.8243847874720358,0.5313199105145414,0.19015659955257272,0.3959731543624161,0.2595078299776286,0.09955257270693513,0.4519015659955257,0.11297539149888143,0.15771812080536912,0.13534675615212527,0.9272930648769575,0.5536912751677853,0.9395973154362416,0.6423611111111112,0.31543624161073824,0.9440715883668904,0.912751677852349,0.11409395973154363,0.058165548098434,0.378076062639821,0.628668171557562,2.14566,"'-0.678567","'-0.0064625428571428575",.260,.359,2.5,9.5,32,84.6,108.6,86.2,99.9,26.3,14.3,13,17.4,0.48223299999999997,0.628272,0.916667,0.0736041,18.5,.263,.333,.389,.295,1.9,2,10,6,0,25,2,15,190,33
Reivaj Garcia,CHC,2B,24,27,26,106,0.22595078299776286,0.7885906040268457,0.14317673378076062,0.24210011185682326,0.3317673378076063,0.10210930009587728,0.7718120805369127,0.46756152125279643,0.5223713646532439,0.02348993288590604,0.21476510067114093,0.3713646532438479,0.026845637583892617,0.06040268456375839,0.1342281879194631,0.27069351230425054,0.05145413870246085,0.4888143176733781,0.03355704697986577,0.6898148148148148,0.30201342281879195,0.029082774049217,0.06040268456375839,0.013422818791946308,0.2505592841163311,0.020134228187919462,0.26410835214446954,0.14285699999999998,"'-0.0616837","'-0.002284581481481481",.253,.346,6.3,3.7,33.33333333333333,87,102,84.6,99.6,31.3,37,12,41.5,0.490566,0.625,0.7,0.17924500000000002,12.5,.346,.370,.500,.533,3.7,1,1,1,0,9,1,10,53,22
Chris Williams,FA,C/1B,28,333,280,1404,0.3959731543624161,0.5883668903803132,0.14093959731543623,0.4794463087248322,0.594854586129754,0.4017257909875359,0.10067114093959731,0.378076062639821,0.6633109619686801,0.8501118568232662,0.7293064876957495,0.6711409395973155,0.7158836689038032,0.674496644295302,0.6308724832214765,0.5458612975391499,0.13758389261744966,0.9854586129753915,0.18008948545861297,0.3148148148148148,0.44742729306487694,0.15883668903803133,0.3087248322147651,0.40268456375838924,0.6890380313199105,0.8366890380313199,0.9954853273137697,4.18422,0.38316300000000003,0.0011506396396396394,.186,.331,8,14.4,24.010914051841752,89,110.3,91.6,103.9,37.9,31.8,24,33.6,0.434875,0.6517189999999999,0.784404,0.136655,36.7,.221,.339,.461,.283,4.2,14,48,16,0,62,17,106,610,205
Andrés Alvarez,FA,2B/3B/SS,28,281,245,1133,0.3098434004474273,0.5190156599552572,0.13870246085011187,0.45183165548098436,0.4492170022371365,0.45174177053371684,0.2080536912751678,0.3512304250559284,0.5134228187919463,0.5425055928411633,0.37583892617449666,0.49776286353467564,0.5727069351230425,0.4854586129753915,0.3098434004474273,0.31096196868008946,0.4463087248322148,0.4888143176733781,0.4105145413870246,0.5601851851851852,0.4742729306487696,0.5011185682326622,0.4116331096196868,0.814317673378076,0.2483221476510067,0.5883668903803132,0.5033860045146726,6.69195,"'-0.643411","'-0.002289718861209964",.202,.328,6.2,11,29.949238578680205,87.8,109.4,90.1,101.6,32.2,24.6,12,29,0.468366,0.656015,0.842407,0.125659,16.5,.265,.356,.412,.345,3.9,11,31,10,4,65,6,69,535,155
Marcus Smith,TEX,OF,25,42,39,163,0.0022371364653243847,0.013422818791946308,0.13646532438478748,0.1891079418344519,0.20201342281879198,0.1746564397571109,0.006711409395973154,0.0044742729306487695,0.04697986577181208,0.04586129753914989,0.44854586129753915,0.49776286353467564,0.11521252796420582,0.1599552572706935,0.6588366890380313,0.34563758389261745,0.003355704697986577,0.2986577181208054,0.11073825503355705,0.04166666666666666,0.015659955257270694,0.09284116331096197,0.5055928411633109,0.4854586129753915,0.006711409395973154,0.052572706935123045,0.02708803611738149,4.6797699999999995,"'-0.659365","'-0.01569916666666667",.138,.167,0,4.8,28.57142857142857,87.8,104.9,87.1,104.1,33.3,50,9,36.2,0.343558,0.4125,0.757576,0.11656400000000001,5.6,.154,.214,.179,.333,0,0,2,1,0,6,0,21,58,21
Sonny DiChiara,FA,1B,26,60,52,231,0.0044742729306487695,0.011185682326621925,0.1342281879194631,0.22021812080536912,0.22460850111856825,0.17625439437519977,0.0022371364653243847,0.0022371364653243847,0.3277404921700224,0.44742729306487694,0.052572706935123045,0.4507829977628635,0.19463087248322147,0.17225950782997762,0.5659955257270693,0.1476510067114094,0.008948545861297539,0.62751677852349,0.013422818791946308,0.7418981481481481,0.6621923937360179,0.042505592841163314,0.006711409395973154,0.5324384787472036,0.7516778523489933,0.7181208053691275,0.628668171557562,4.92063,0.137239,0.0022873166666666665,.102,.123,3.8,10,38.582677165354326,87.6,106.4,87.3,103.5,26.9,45,14,44.3,0.5,0.682692,0.71831,0.21982800000000002,18.5,.115,.217,.154,.231,1.7,1,6,2,0,6,0,27,115,51
Ryan McKenna,FA,OF,28,225,193,890,0.24496644295302014,0.26174496644295303,0.1319910514541387,0.5213926174496644,0.39977628635346757,0.6558005752636625,0.23378076062639822,0.24496644295302014,0.28747203579418346,0.5514541387024608,0.4272930648769575,0.4507829977628635,0.7293064876957495,0.17225950782997762,0.5805369127516778,0.28635346756152125,0.5861297539149888,0.5536912751677853,0.6073825503355704,0.8692129629629629,0.9507829977628636,0.843400447427293,0.6241610738255033,0.7203579418344519,0.7472035794183445,0.052572706935123045,0.3431151241534989,6.16071,0.507474,0.00225544,.204,.309,3.4,11.1,29.10602910602911,87.6,110.4,87.3,103.6,31.7,22.2,13,25.5,0.532663,0.757576,0.893333,0.105528,13.9,.218,.311,.373,.255,2.2,5,25,10,1,42,6,50,443,113
Grae Kessinger,FA,2B/3B,28,292,262,1169,0.29977628635346754,0.3434004474272931,0.1297539149888143,0.46504474272930646,0.3214765100671141,0.5480984340044743,0.3769574944071588,0.38478747203579416,0.25279642058165547,0.43512304250559286,0.6756152125279642,0.4742729306487696,0.12416107382550336,0.6621923937360179,0.20246085011185683,0.3713646532438479,0.5268456375838926,0.7024608501118568,0.6577181208053692,0.4039351851851852,0.33109619686800895,0.5123042505592841,0.697986577181208,0.6174496644295302,0.5727069351230425,0.8232662192393736,0.8521444695259593,5.4257,"'-0.0587567","'-0.00020122157534246577",.220,.332,3.1,9.9,24.95697074010327,87.7,105.1,91.5,100.6,33.7,23.3,15,25,0.447863,0.6314960000000001,0.842893,0.09914529999999999,23,.260,.332,.385,.328,2.1,6,29,13,1,68,6,68,523,131
Aaron Schunk,COL,2B/3B/SS,28,298,275,987,0.36129753914988816,0.5883668903803132,0.12751677852348994,0.4983920581655481,0.387248322147651,0.5472994566954298,0.5782997762863534,0.5749440715883669,0.40604026845637586,0.11409395973154363,0.06711409395973154,0.1599552572706935,0.6364653243847874,0.3098434004474273,0.3523489932885906,0.15883668903803133,0.8210290827740492,0.62751677852349,0.6644295302013423,0.960648148148148,0.9530201342281879,0.819910514541387,0.39149888143176736,0.639821029082774,0.23042505592841164,0.5413870246085011,0.7200902934537246,5.55932,"'-0.722282","'-0.002423765100671141",.235,.366,4.9,6.4,38.065843621399175,85.4,109.8,88.7,101.9,27.2,17.8,14,24.9,0.57634,0.758065,0.8882979999999999,0.128413,20.4,.291,.339,.469,.336,3.7,11,19,24,2,80,7,53,570,142
David Villar,FA,1B/3B,28,480,408,1953,0.5727069351230425,0.598434004474273,0.12527964205816555,0.49440715883668906,0.5391498881431768,0.4702780441035474,0.28635346756152125,0.598434004474273,0.6991051454138703,0.656599552572707,0.7919463087248322,0.5592841163310962,0.21364653243847875,0.7516778523489933,0.3814317673378076,0.6252796420581656,0.39485458612975394,0.860178970917226,0.3568232662192394,0.35648148148148145,0.3959731543624161,0.25727069351230425,0.43847874720357943,0.203579418344519,0.33557046979865773,0.49217002237136465,0.672686230248307,2.73753,"'-0.8542930000000001","'-0.0017797770833333333",.211,.369,8.3,12.1,22.83384301732925,88.2,106.6,92.2,102.1,40,25.8,18,30,0.439324,0.6432869999999999,0.8037380000000001,0.12288800000000001,19.3,.260,.358,.441,.328,5,24,58,26,0,106,16,124,858,257
Jose Sanabria,FA,2B/3B,22,69,64,251,0.052572706935123045,0.06040268456375839,0.12304250559284116,0.2160234899328859,0.06241610738255034,0.2876318312559923,0.2214765100671141,0.06823266219239374,0.17002237136465326,0.08612975391498881,0.03803131991051454,0.006711409395973154,0.039149888143176735,0.015659955257270694,0.006711409395973154,0.02796420581655481,0.22706935123042504,0.10738255033557047,0.3187919463087248,0.9189814814814816,0.883668903803132,0.2360178970917226,0.22371364653243847,0.7494407158836689,0.015659955257270694,0.02237136465324385,0.007900677200902935,6.28184,"'-0.893599","'-0.012950710144927536",.203,.245,2.3,5.8,39.69465648854962,80.3,102.3,80.7,95.3,18.2,29,5,30.7,0.5533600000000001,0.731707,0.8,0.146245,4.3,.203,.261,.281,.295,1.4,1,4,3,1,13,0,20,140,43
Ali Sánchez,FA,C,28,174,155,669,0.5190156599552572,0.24720357941834453,0.12080536912751678,0.5125139821029082,0.5004474272930649,0.6086609140300415,0.5011185682326622,0.6152125279642058,0.4809843400447427,0.4720357941834452,0.7024608501118568,0.6319910514541387,0.3344519015659955,0.4373601789709172,0.47874720357941836,0.4395973154362416,0.6923937360178971,0.354586129753915,0.7785234899328859,0.0920138888888889,0.06711409395973154,0.639821029082774,0.9082774049217002,0.06263982102908278,0.3691275167785235,0.06040268456375839,0.10609480812641084,1.28416,"'-0.285287","'-0.001639580459770115",.230,.372,5.8,10.3,24.347826086956523,88.7,107.7,89.7,102.8,35.8,20.1,10,22.7,0.382353,0.568345,0.860759,0.0743945,9.2,.226,.310,.361,.274,4,7,18,12,0,35,3,35,278,63
Mike Antico,STL,OF,27,218,198,807,0.13646532438478748,0.43288590604026844,0.1185682326621924,0.4305089485458613,0.21812080536912754,0.5055928411633109,0.2483221476510067,0.2203579418344519,0.3825503355704698,0.22371364653243847,0.15659955257270694,0.042505592841163314,0.29194630872483224,0.053691275167785234,0.21029082774049218,0.15324384787472037,0.5715883668903803,0.9630872483221476,0.6845637583892618,0.8819444444444444,0.9328859060402684,0.5234899328859061,0.4463087248322148,0.9105145413870246,0.9217002237136466,0.6185682326621924,0.8239277652370203,7.5781600000000005,1.65058,0.007571467889908257,.206,.301,4.7,7.8,34.43396226415094,83.4,107.2,84.2,100.7,27,22.5,22,24.5,0.537515,0.7487560000000001,0.8438540000000001,0.121771,22.4,.258,.321,.434,.308,3.2,7,17,10,2,51,7,49,437,107
Jameson Hannah,FA,OF,28,140,126,501,0.19239373601789708,0.4217002237136465,0.116331096196868,0.4063898210290828,0.3460850111856823,0.5338766379034835,0.5436241610738255,0.18456375838926176,0.11297539149888143,0.31655480984340045,0.22818791946308725,0.4507829977628635,0.6364653243847874,0.3691275167785235,0.6588366890380313,0.34563758389261745,0.6140939597315436,0.01901565995525727,0.674496644295302,0.7268518518518519,0.6129753914988815,0.756152125279642,0.5346756152125279,0.2796420581655481,0.5704697986577181,0.4519015659955257,0.19074492099322798,3.42339,"'-0.028223599999999998","'-0.00020159714285714286",.233,.291,1,8.6,32.69961977186312,87.6,109.8,89.1,104.1,33.3,21.4,2,24.7,0.498008,0.676596,0.880503,0.11354600000000001,11.1,.294,.350,.397,.365,0.7,1,12,7,0,37,2,30,251,62
Terrin Vavra,FA,2B/OF,28,232,199,968,0.5861297539149888,0.30313199105145416,0.11409395973154363,0.4979026845637584,0.3472035794183445,0.576062639821029,0.6017897091722595,0.46756152125279643,0.4116331096196868,0.7058165548098434,0.8210290827740492,0.43400447427293065,0.09619686800894854,0.6040268456375839,0.2662192393736018,0.32662192393736017,0.3624161073825503,0.4217002237136465,0.465324384787472,0.6192129629629629,0.9261744966442953,0.2684563758389262,0.48322147651006714,0.5883668903803132,0.053691275167785234,0.23042505592841164,0.0654627539503386,5.21103,"'-1.50462","'-0.006485431034482759",.237,.346,5,12.5,22.222222222222218,87.5,104.2,90.9,101.3,33.1,26.3,11,28.3,0.47948199999999996,0.747204,0.805389,0.117711,7.7,.231,.336,.347,.311,3,7,29,5,3,46,4,61,470,133
Maverick Handley,BAL,C,27,327,270,1328,0.203579418344519,0.1610738255033557,0.11185682326621924,0.33039709172259507,0.12371364653243846,0.5391498881431768,0.13534675615212527,0.09172259507829977,0.19015659955257272,0.7919463087248322,0.6599552572706935,0.06823266219239374,0.09284116331096197,0.14093959731543623,0.15212527964205816,0.1756152125279642,0.5648769574944071,0.1789709172259508,0.4552572706935123,0.5162037037037037,0.5033557046979866,0.38478747203579416,0.41387024608501116,0.37583892617449666,0.1767337807606264,0.8053691275167785,0.28555304740406323,4.057919999999999,"'-1.1128","'-0.0034030581039755357",.190,.255,2.5,13.5,25.10948905109489,84,104.1,86.8,99.8,28,22.6,7,28.5,0.46130699999999997,0.6589510000000001,0.824356,0.12547,12.7,.196,.321,.281,.253,1.5,5,44,12,1,53,3,74,617,176
Anthony Servideo,FA,2B/3B/SS,26,130,114,561,0.03243847874720358,0.10514541387024609,0.10961968680089486,0.2758668903803132,0.08232662192393737,0.3720038350910834,0.020134228187919462,0.013422818791946308,0.13534675615212527,0.6845637583892618,0.814317673378076,0.18344519015659955,0.0044742729306487695,0.15548098434004473,0.05592841163310962,0.07494407158836688,0.11968680089485459,0.4217002237136465,0.09060402684563758,0.28587962962962965,0.44966442953020136,0.18791946308724833,0.25727069351230425,0.9239373601789709,0.8456375838926175,0.7595078299776287,0.3295711060948081,7.71413,0.553265,0.0042558846153846145,.149,.200,1.4,12.3,22.377622377622377,85.7,100.2,87,98,22.9,33.1,11,37.1,0.42907799999999996,0.652015,0.792135,0.141844,13.7,.184,.285,.289,.265,0.8,1,16,1,1,21,3,43,245,91
Kenedy Corona,HOU,OF,25,69,62,254,0.02237136465324385,0.052572706935123045,0.10738255033557047,0.23853467561521252,0.13221476510067115,0.37184403962927454,0.04138702460850112,0.03467561521252797,0.04697986577181208,0.1756152125279642,0.05592841163310962,0.026845637583892617,0.23378076062639822,0.06263982102908278,0.15212527964205816,0.3187919463087248,0.3053691275167785,0.07494407158836688,0.2897091722595078,0.8923611111111112,0.8411633109619687,0.7203579418344519,0.21476510067114093,0.41387024608501116,0.610738255033557,0.21923937360178972,0.17607223476297967,4.25606,0.00185024,0.00002681507246376812,.161,.209,0,7.2,38.518518518518526,82.4,106.7,84.7,99.8,32.6,27.5,4,31.2,0.5429689999999999,0.722689,0.872093,0.14843800000000001,10.9,.194,.261,.258,.256,0,0,5,1,0,12,1,19,138,43
Austin Shenton,SEA,1B/DH,27,363,310,1482,0.3959731543624161,0.7516778523489933,0.10514541387024609,0.33221476510067116,0.305592841163311,0.33780760626398204,0.2214765100671141,0.3926174496644295,0.5346756152125279,0.7684563758389261,0.5794183445190156,0.12192393736017897,0.31208053691275167,0.18120805369127516,0.19463087248322147,0.16666666666666666,0.18791946308724833,0.7024608501118568,0.13087248322147652,0.4189814814814815,0.35570469798657717,0.14317673378076062,0.19910514541387025,0.1029082774049217,0.2930648769574944,0.3243847874720358,0.4932279909706546,1.9461,"'-0.755626","'-0.00208161432506887",.203,.333,6.4,13.2,26.193548387096772,84.9,107.4,87.4,100.5,27.7,30.3,15,35.3,0.45074200000000003,0.63674,0.778742,0.150472,16.3,.258,.361,.497,.330,3.6,13,48,12,1,80,20,110,668,236
Gabriel Cancel,FA,2B,28,136,113,584,0.5190156599552572,0.6297539149888143,0.1029082774049217,0.4421840044742729,0.46644295302013417,0.39964844998402044,0.12192393736017897,0.46756152125279643,0.8076062639821029,0.9205816554809844,0.6711409395973155,0.27628635346756153,0.5044742729306487,0.2639821029082774,0.3970917225950783,0.27628635346756153,0.16890380313199105,0.941834451901566,0.20469798657718122,0.1724537037037037,0.30201342281879195,0.174496644295302,0.35570469798657717,0.3624161073825503,0.4563758389261745,0.959731543624161,0.95372460496614,4.01828,"'-0.163382","'-0.0012013382352941177",.188,.346,10,16.2,25,86.4,109,88.4,102.2,31.4,30.9,21,33.1,0.40410999999999997,0.625,0.7875,0.131849,28.2,.230,.360,.442,.308,5.1,7,22,6,0,26,6,42,236,78
Owen Miller,COL,1B/2B,28,380,337,1409,0.48210290827740493,0.4407158836689038,0.10067114093959731,0.5098573825503356,0.3427293064876958,0.641259188239054,0.6812080536912751,0.4519015659955257,0.34563758389261745,0.3959731543624161,0.21029082774049218,0.15212527964205816,0.5201342281879194,0.13087248322147652,0.2930648769574944,0.24384787472035793,0.7885906040268457,0.13646532438478748,0.9474272930648769,0.5925925925925926,0.30648769574944074,0.9205816554809844,0.9194630872483222,0.6554809843400448,0.15436241610738255,0.3087248322147651,0.12415349887133183,5.69144,"'-1.39236","'-0.003664105263157895",.245,.343,4.1,9.5,33.37783711615487,85.3,109.1,86.6,101.5,30.6,18.4,6,16.7,0.47480500000000003,0.625731,0.911215,0.0731015,9.7,.276,.353,.392,.333,2.9,11,36,18,3,93,5,70,669,112
Devin Mann,SFG,2B/3B,28,397,341,1621,0.540268456375839,0.5190156599552572,0.09843400447427293,0.5390799776286352,0.33131991051454135,0.6818472355385107,0.4451901565995526,0.49328859060402686,0.44742729306487694,0.6196868008948546,0.843400447427293,0.20022371364653244,0.23378076062639822,0.27628635346756153,0.15212527964205816,0.28187919463087246,0.5559284116331096,0.941834451901566,0.7841163310961968,0.2673611111111111,0.35011185682326623,0.8165548098434005,0.8031319910514542,0.2684563758389262,0.2214765100671141,0.4697986577181208,0.9480812641083521,3.32159,"'-1.00434","'-0.002529823677581864",.226,.352,5.5,11.8,21.634615384615387,85.8,106.7,88.5,99.8,31.6,22.7,21,22.6,0.424354,0.636029,0.8882469999999999,0.0873309,27.9,.252,.353,.416,.304,3.5,14,47,17,0,86,13,90,686,155
Tanner Morris,FA,2B/3B,28,57,47,215,0.1767337807606264,0.05592841163310962,0.09619686800894854,0.38234060402684567,0.23400447427293064,0.6184084372003836,0.0592841163310962,0.11968680089485459,0.49105145413870244,0.9004474272930649,0.9932885906040269,0.27628635346756153,0.06152125279642058,0.09284116331096197,0.08165548098434004,0.2214765100671141,0.4463087248322148,0.24049217002237136,0.5156599552572707,0.16898148148148148,0.21588366890380314,0.5346756152125279,0.7225950782997763,0.14205816554809844,0.4272930648769575,0.39485458612975394,0.0327313769751693,2.40247,"'-0.0771047","'-0.0013527140350877193",.172,.269,5.9,15.8,12.727272727272727,86.4,103.2,85.6,98.7,29.4,24.6,8,27.4,0.402985,0.607477,0.8461540000000001,0.09452739999999998,5.9,.149,.281,.213,.206,3.5,2,9,3,0,7,0,14,84,23
Jackson Cluff,WSN,SS,28,295,251,1199,0.2348993288590604,0.31543624161073824,0.09395973154362416,0.43022930648769575,0.46890380313199104,0.3397251518056887,0.08277404921700224,0.21476510067114093,0.6778523489932886,0.7058165548098434,0.6666666666666666,0.6073825503355704,0.38814317673378074,0.3277404921700224,0.5659955257270693,0.4563758389261745,0.15883668903803133,0.9172259507829977,0.06375838926174497,0.4467592592592592,0.5369127516778524,0.0894854586129754,0.15659955257270694,0.9261744966442953,0.9574944071588367,0.7136465324384788,0.881489841986456,7.740639999999999,3.1985799999999998,0.010842644067796609,.177,.299,8.1,12.5,25.08038585209003,88.5,108.1,88.8,103.5,36,31.2,20,38.2,0.45416999999999996,0.6661050000000001,0.756962,0.157721,24.3,.211,.322,.378,.289,4.4,13,37,11,2,53,9,92,547,209
Shayne Fontana,FA,OF,28,242,211,961,0.13646532438478748,0.17002237136465326,0.09172259507829977,0.38220078299776283,0.27270693512304256,0.47379354426334297,0.2214765100671141,0.11521252796420582,0.20693512304250558,0.3959731543624161,0.5324384787472036,0.29194630872483224,0.30313199105145416,0.3814317673378076,0.2662192393736018,0.4463087248322148,0.5055928411633109,0.2986577181208054,0.48210290827740493,0.5983796296296297,0.5302013422818792,0.44966442953020136,0.42058165548098436,0.7785234899328859,0.6912751677852349,0.7080536912751678,0.3058690744920993,6.41699,0.279957,0.0011568471074380165,.203,.267,2.6,9.5,27.180527383367142,86.5,107.3,89.2,101.3,35.9,23.6,9,28,0.476141,0.665263,0.835443,0.124481,13.2,.223,.311,.313,.283,1.7,4,23,5,1,47,4,57,460,129
Yohel Pozo,STL,C/DH,28,361,346,1142,0.2181208053691275,0.7404921700223713,0.0894854586129754,0.5220917225950783,0.38612975391498877,0.662192393736018,0.814317673378076,0.5413870246085011,0.28747203579418346,0.006711409395973154,0.011185682326621925,0.2225950782997763,0.5727069351230425,0.23042505592841164,0.47874720357941836,0.30648769574944074,0.9888143176733781,0.62751677852349,0.9440715883668904,0.9780092592592592,0.9753914988814317,0.9463087248322147,0.7628635346756152,0.12751677852348994,0.21700223713646533,0.7002237136465325,0.7505643340857788,2.3279400000000003,"'-0.951896","'-0.002636831024930748",.259,.360,3.4,1.9,45.425361155698226,86,109.4,88,102.8,32.1,8.3,14,17,0.6042029999999999,0.777358,0.919903,0.0910683,20.8,.324,.335,.538,.316,3,11,7,27,1,112,15,30,690,117
Ramon Mendoza,STL,2B/3B,25,63,57,245,0.07606263982102908,0.049217002237136466,0.087248322147651,0.2188199105145414,0.09440715883668901,0.3044103547459252,0.46868008948545864,0.13534675615212527,0.04697986577181208,0.10738255033557047,0.052572706935123045,0.1342281879194631,0.12416107382550336,0.23042505592841164,0.05592841163310962,0.03131991051454139,0.4015659955257271,0.10738255033557047,0.4105145413870246,0.8738425925925926,0.8210290827740492,0.14541387024608501,0.19239373601789708,0.24608501118568232,0.03131991051454139,0.9172259507829977,0.04853273137697517,3.14036,"'-0.56291","'-0.008935079365079366",.228,.273,0,6.3,38.582677165354326,85.1,105.1,88,98,18.6,25.4,5,29,0.534694,0.716667,0.7790699999999999,0.15102000000000002,7,.211,.254,.281,.279,0,0,4,4,0,12,0,16,131,38
Lorenzo Cedrola,FA,OF,27,102,90,388,0.21029082774049218,0.38926174496644295,0.08501118568232663,0.43029921700223717,0.08545861297539149,0.6289549376797698,0.4161073825503356,0.16666666666666666,0.1319910514541387,0.22371364653243847,0.06487695749440715,0.0592841163310962,0.011185682326621925,0.2214765100671141,0.04697986577181208,0.058165548098434,0.8914988814317674,0.4888143176733781,0.8937360178970917,0.8333333333333334,0.6554809843400448,0.8680089485458613,0.8053691275167785,0.9395973154362416,0.9619686800894854,0.34116331096196867,0.45936794582392776,7.974660000000001,1.11372,0.010918823529411766,.224,.285,1.3,7.8,38.19095477386934,83.9,100.8,87.9,97.7,21.3,15.7,12,19.6,0.520305,0.681592,0.89781,0.0862944,15.8,.267,.343,.389,.311,1,1,8,6,1,24,1,16,204,40
Zach Humphreys,LAA,C,28,293,252,1181,0.1621923937360179,0.14988814317673377,0.08277404921700224,0.37849552572706935,0.08859060402684563,0.6658676893576222,0.17337807606263983,0.09172259507829977,0.09843400447427293,0.7762863534675615,0.912751677852349,0.10961968680089486,0.058165548098434,0.3277404921700224,0.06152125279642058,0.08501118568232663,0.6510067114093959,0.07494407158836688,0.6901565995525727,0.13194444444444445,0.1297539149888143,0.6935123042505593,0.8076062639821029,0.5413870246085011,0.23937360178970918,0.5458612975391499,0.07562076749435666,4.96871,"'-0.701005","'-0.0023925085324232077",.198,.255,0.5,13.3,19.866444073455764,84.7,103.1,88.8,98.2,23.7,20.8,4,24.4,0.39511399999999997,0.585911,0.868035,0.08593089999999999,8.1,.210,.317,.286,.265,0.3,1,39,10,0,53,3,61,467,114
Jax Biggers,TEX,2B,28,429,349,1791,0.3825503355704698,0.49328859060402686,0.08053691275167785,0.48531879194630867,0.09709172259507828,0.738095238095238,0.2986577181208054,0.13534675615212527,0.12080536912751678,0.9351230425055929,0.756152125279642,0.10961968680089486,0.08053691275167785,0.11297539149888143,0.042505592841163314,0.039149888143176735,0.6823266219239373,0.756152125279642,0.8691275167785235,0.1261574074074074,0.10961968680089486,0.8791946308724832,0.9351230425055929,0.6756152125279642,0.2684563758389262,0.6957494407158836,0.7731376975169301,5.79401,"'-0.955907","'-0.002228221445221445",.212,.273,1.1,16.6,23.375262054507342,84.7,103.7,86.2,97.6,19,20.3,16,20,0.393388,0.579677,0.9003979999999999,0.0672176,21.2,.258,.380,.370,.327,0.7,3,71,22,4,90,3,87,714,143
Brady Lindsly,WSN,C,27,232,209,890,0.15548098434004473,0.12863534675615212,0.07829977628635347,0.3185822147651007,0.2834451901565996,0.35730265260466604,0.3982102908277405,0.19015659955257272,0.28747203579418346,0.2695749440715884,0.19239373601789708,0.18344519015659955,0.38814317673378074,0.19463087248322147,0.2930648769574944,0.3680089485458613,0.27293064876957496,0.4888143176733781,0.47315436241610737,0.7083333333333334,0.46756152125279643,0.4608501118568233,0.36465324384787473,0.13646532438478748,0.49440715883668906,0.024608501118568233,0.35214446952595935,2.38806,"'-0.216365","'-0.0009326077586206896",.222,.292,3.4,8.2,33.97849462365591,85.7,108.1,87.6,101.5,33.6,28,12,28.1,0.493896,0.654788,0.836735,0.130966,14,.225,.290,.325,.308,2.2,5,19,12,0,47,3,65,437,123
Sebastián Rivero,LAA,C,26,96,89,377,0.14317673378076062,0.058165548098434,0.07606263982102908,0.2996364653243848,0.12080536912751678,0.41530840524129115,0.48322147651006714,0.20246085011185683,0.04697986577181208,0.18568232662192394,0.16778523489932887,0.09955257270693513,0.08277404921700224,0.058165548098434,0.14317673378076062,0.17225950782997762,0.6510067114093959,0.354586129753915,0.49105145413870244,0.7719907407407407,0.5190156599552572,0.4228187919463087,0.4697986577181208,0.30201342281879195,0.6331096196868009,0.7919463087248322,0.45372460496614,3.5427,0.0303698,0.0003163520833333333,.229,.296,0,7.3,34.196891191709845,84.6,103.8,84.5,99.7,27.9,20.8,10,27.9,0.5052909999999999,0.6631020000000001,0.8306450000000001,0.119048,15.7,.213,.271,.258,.275,0,0,7,4,0,19,0,20,190,53
Michael Turconi,FA,2B/SS,26,105,97,436,0.087248322147651,0.039149888143176735,0.0738255033557047,0.24972035794183445,0.112751677852349,0.3408437200383509,0.2986577181208054,0.11185682326621924,0.04697986577181208,0.20917225950782997,0.7606263982102909,0.3098434004474273,0.0145413870246085,0.25615212527964204,0.049217002237136466,0.08053691275167785,0.11185682326621924,0.1789709172259508,0.37472035794183445,0.22453703703703706,0.08053691275167785,0.30313199105145416,0.5458612975391499,0.4809843400447427,0.6129753914988815,0.24720357941834453,0.013544018058690745,4.6559800000000005,0.0149488,0.0001423695238095238,.212,.265,0,7.6,23.28767123287671,86.6,100.9,88.3,97.8,23.3,33.3,7,29.5,0.415138,0.573991,0.8125,0.11238499999999998,4.8,.196,.257,.227,.306,0,0,8,3,0,19,0,35,183,54
Anthony Mulrine,FA,C,27,75,65,298,0.3098434004474273,0.31543624161073824,0.07158836689038031,0.31431767337807603,0.17293064876957492,0.41371045062320233,0.5145413870246085,0.1476510067114094,0.04697986577181208,0.5033557046979866,0.0022371364653243847,0.2348993288590604,0.1644295302013423,0.042505592841163314,0.11297539149888143,0.27069351230425054,0.5559284116331096,0.354586129753915,0.26174496644295303,0.9351851851851852,0.7158836689038032,0.70917225950783,0.1476510067114094,0.0894854586129754,0.36017897091722595,0.8523489932885906,0.43905191873589167,1.69177,"'-0.125523","'-0.00167364",.231,.276,0,10.7,48.53801169590643,86.1,105.9,83.6,99.3,31.3,22.7,10,31.8,0.5643560000000001,0.691729,0.8695649999999999,0.158416,15.4,.246,.347,.338,.319,0,0,8,3,0,16,1,17,173,55
Bennett Hostetler,MIA,C/3B,28,82,78,307,0.15883668903803133,0.28747203579418346,0.06935123042505593,0.32802013422818793,0.5073825503355704,0.23090444231383828,0.3769574944071588,0.46756152125279643,0.6890380313199105,0.050335570469798654,0.1185682326621924,0.6577181208053692,0.1331096196868009,0.8668903803131991,0.3378076062639821,0.5894854586129754,0.06599552572706935,0.13646532438478748,0.20917225950782997,0.8535879629629629,0.7919463087248322,0.2751677852348993,0.10514541387024609,0.4228187919463087,0.0447427293064877,0.9664429530201343,0.6997742663656885,4.2897099999999995,"'-0.609173","'-0.007428939024390244",.220,.346,8.2,4.9,35.50295857988166,88.9,105.2,93.2,101.8,38.8,35.4,6,32.9,0.5259739999999999,0.710345,0.805825,0.16558399999999998,20,.269,.305,.397,.417,4.9,4,4,5,1,21,1,29,161,53
Tyler Tolbert,KCR,OF,27,86,75,321,0.0447427293064877,0.02237136465324385,0.06711409395973154,0.289010067114094,0.15906040268456376,0.3595397890699904,0.03355704697986577,0.030201342281879196,0.14988814317673377,0.4854586129753915,0.3982102908277405,0.3098434004474273,0.23378076062639822,0.18120805369127516,0.3098434004474273,0.07158836689038031,0.2214765100671141,0.354586129753915,0.1599552572706935,0.8252314814814815,0.8791946308724832,0.2360178970917226,0.13646532438478748,0.8791946308724832,0.970917225950783,0.017897091722595078,0.02708803611738149,7.2039800000000005,0.975407,0.011341941860465115,.155,.207,2,10.5,29.559748427672954,86.6,106.7,87.4,101.6,22,29.1,10,34.3,0.5169229999999999,0.7309939999999999,0.8,0.16,5.6,.147,.256,.173,.220,1.2,1,9,2,0,11,0,25,172,59
Dalvy Rosario,MIA,OF,25,62,60,235,0.015659955257270694,0.07829977628635347,0.06487695749440715,0.21784116331096198,0.1378076062639821,0.17178012144455096,0.12192393736017897,0.06487695749440715,0.04697986577181208,0.013422818791946308,0.07829977628635347,0.14205816554809844,0.052572706935123045,0.29194630872483224,0.16778523489932887,0.3825503355704698,0.06040268456375839,0.9172259507829977,0.28523489932885904,0.6805555555555556,0.12751677852348994,0.3512304250559284,0.28635346756152125,0.5391498881431768,0.727069351230425,0.2684563758389262,0.6997742663656885,4.96483,0.115185,0.001857822580645161,.188,.242,0,3.2,37.288135593220346,85.2,102.9,88.6,100.1,34.2,35.5,20,31.3,0.489451,0.5853659999999999,0.8194440000000001,0.139241,20,.233,.258,.317,.368,0,0,2,5,0,14,0,22,115,36
Davis Wendzel,CIN,3B,28,322,278,1282,0.3959731543624161,0.5033557046979866,0.06263982102908278,0.4623182326621924,0.2120805369127517,0.6345477788430809,0.5011185682326622,0.3243847874720358,0.20693512304250558,0.43512304250559286,0.5704697986577181,0.10961968680089486,0.23378076062639822,0.19463087248322147,0.2785234899328859,0.18568232662192394,0.860178970917226,0.8926174496644296,0.7706935123042505,0.4976851851851852,0.4161073825503356,0.7002237136465325,0.6890380313199105,0.10514541387024609,0.5324384787472036,0.4228187919463087,0.8194130925507901,1.9680799999999998,"'-0.162392","'-0.0005043229813664596",.230,.321,2.6,9.9,26.338639652677283,84.7,106.7,87.6,101.4,28.4,16.5,19,22.9,0.459344,0.646199,0.868778,0.0998574,22.3,.266,.354,.410,.299,1.9,6,32,16,0,74,8,53,599,137
Hayden Senger,NYM,C,28,164,147,591,0.29082774049217003,0.348993288590604,0.06040268456375839,0.39967841163310963,0.4120805369127517,0.4213806327900288,0.43288590604026844,0.36129753914988816,0.3187919463087248,0.18568232662192394,0.12304250559284116,0.24720357941834453,0.8400447427293065,0.18120805369127516,0.5167785234899329,0.2930648769574944,0.49105145413870244,0.4217002237136465,0.42841163310961966,0.7326388888888888,0.610738255033557,0.7818791946308725,0.3288590604026846,0.23937360178970918,0.33109619686800895,0.738255033557047,0.6106094808126411,3.07764,"'-0.292998","'-0.0017865731707317075",.225,.329,3.7,7.3,35.403726708074544,86.2,111.6,87.4,103.1,31.8,23.8,11,28.8,0.49915699999999996,0.6765800000000001,0.8846149999999999,0.134907,18.3,.252,.323,.401,.321,2.4,4,12,11,1,37,3,39,295,85
Jose Herrera,FA,C,28,147,126,557,0.12080536912751678,0.36577181208053694,0.058165548098434,0.48517897091722595,0.12953020134228188,0.8290188558644934,0.15771812080536912,0.06263982102908278,0.11297539149888143,0.7460850111856824,0.8680089485458613,0.14205816554809844,0.21364653243847875,0.16554809843400448,0.042505592841163314,0.116331096196868,0.8970917225950783,0.7024608501118568,0.8333333333333334,0.4108796296296297,0.7293064876957495,0.9172259507829977,0.8120805369127517,0.33109619686800895,0.08053691275167785,0.32662192393736017,0.2020316027088036,3.78841,"'-0.7579060000000001","'-0.005155823129251701",.196,.241,1,12.9,21.03448275862069,85.2,106.6,87.2,97.6,25.7,15.6,15,21.3,0.44821400000000006,0.694545,0.9109950000000001,0.08571430000000001,11.3,.262,.354,.365,.301,0.7,1,19,5,1,33,2,23,249,53
Darius Hill,FA,OF,28,386,347,1556,0.2348993288590604,0.2348993288590604,0.05592841163310962,0.40212527964205813,0.18948545861297542,0.5659955257270693,0.5257270693512305,0.23825503355704697,0.19015659955257272,0.24608501118568232,0.26174496644295303,0.09619686800894854,0.2695749440715884,0.13087248322147652,0.10067114093959731,0.15324384787472037,0.8076062639821029,0.4888143176733781,0.756152125279642,0.8101851851851852,0.7628635346756152,0.5212527964205816,0.6062639821029083,0.2751677852348993,0.035794183445190156,0.1185682326621924,0.07900677200902935,3.34004,"'-2.99335","'-0.007754792746113989",.232,.308,2.5,8,31.95488721804512,84.5,107,86.6,99.1,27,18.1,12,23.1,0.5121640000000001,0.7028800000000001,0.843575,0.10691400000000001,8.3,.262,.319,.352,.317,1.8,7,31,23,1,91,2,70,813,188
Wyatt Young,NYM,2B/SS,25,52,46,173,0.026845637583892617,0.26174496644295303,0.053691275167785234,0.27768456375838924,0.02550335570469799,0.5108660914030042,0.06487695749440715,0.020134228187919462,0.04697986577181208,0.08612975391498881,0.08277404921700224,0.049217002237136466,0.0022371364653243847,0.10067114093959731,0.0145413870246085,0.008948545861297539,0.4228187919463087,0.354586129753915,0.9071588366890381,0.9074074074074074,0.6823266219239373,0.761744966442953,0.6331096196868009,0.2930648769574944,0.040268456375838924,0.029082774049217,0.22799097065462753,3.4855,"'-0.393752","'-0.007572153846153846",.173,.202,0,5.8,36.66666666666666,83.6,98.8,85.9,96.8,14.7,25,10,18.8,0.549133,0.686046,0.8813559999999999,0.104046,11.8,.283,.346,.326,.382,0,0,3,2,0,13,0,13,96,18
Matt O'Neill,NYM,C,28,57,49,241,0.017897091722595078,0.07046979865771812,0.05145413870246085,0.24363814317673382,0.3465324384787472,0.19095557686161713,0.0044742729306487695,0.024608501118568233,0.30648769574944074,0.6845637583892618,0.43400447427293065,0.6465324384787472,0.14429530201342283,0.23042505592841164,0.2662192393736018,0.610738255033557,0.0447427293064877,0.62751677852349,0.011185682326621925,0.28125,0.11409395973154363,0.013422818791946308,0.03467561521252797,0.1789709172259508,0.3959731543624161,0.4407158836689038,0.31038374717832956,2.6428599999999998,"'-0.0848151","'-0.001487984210526316",.112,.204,3.6,12.3,28.90625,88.8,105.4,88,101.3,39.3,38.6,14,45.2,0.42798400000000003,0.579832,0.637681,0.185185,13.3,.163,.263,.286,.259,1.8,1,7,3,0,8,1,22,104,47
Nick Kahle,MIL,C,27,47,43,172,0.48210290827740493,0.2953020134228188,0.049217002237136466,0.348434004474273,0.1785234899328859,0.400287631831256,0.8076062639821029,0.47874720357941836,0.23378076062639822,0.029082774049217,0.31655480984340045,0.03355704697986577,0.030201342281879196,0.02237136465324385,0.07046979865771812,0.116331096196868,0.9105145413870246,0.5536912751677853,0.37919463087248323,0.9745370370370372,0.9697986577181208,0.0738255033557047,0.12304250559284116,0.03691275167785235,0.2829977628635347,0.8232662192393736,0.5214446952595937,0.9601649999999999,"'-0.100236","'-0.0021326808510638297",.258,.349,2.9,4.3,31.08108108108108,83,102.1,82.1,98.5,25.7,14.9,13,29.4,0.593023,0.776596,0.753425,0.16279100000000002,16.7,.256,.319,.372,.286,2.1,1,2,2,0,11,1,7,102,30
Chavez Young,FA,OF,28,168,147,721,0.10738255033557047,0.174496644295302,0.04697986577181208,0.36870805369127513,0.16353467561521254,0.48897411313518696,0.1319910514541387,0.10067114093959731,0.23378076062639822,0.28523489932885904,0.49217002237136465,0.015659955257270694,0.4519015659955257,0.03803131991051454,0.2214765100671141,0.015659955257270694,0.3131991051454139,0.4888143176733781,0.674496644295302,0.42939814814814814,0.36017897091722595,0.5838926174496645,0.7136465324384788,0.930648769574944,0.10067114093959731,0.19239373601789708,0.25733634311512416,7.803730000000001,"'-0.789955","'-0.004702113095238095",.189,.257,2.9,8.3,27.956989247311824,81.3,108.6,83.5,100.8,15.7,27.4,12,24.7,0.451657,0.638177,0.8526790000000001,0.09668510000000001,12.4,.211,.304,.327,.290,1.8,3,14,7,2,31,2,46,332,82
Brady Whalen,FA,1B,27,74,62,292,0.052572706935123045,0.042505592841163314,0.0447427293064877,0.28495525727069354,0.10044742729306486,0.4913710450623202,0.03131991051454139,0.015659955257270694,0.04697986577181208,0.8713646532438478,0.5033557046979866,0.20022371364653244,0.17785234899328858,0.21364653243847875,0.1342281879194631,0.06152125279642058,0.2550335570469799,0.354586129753915,0.4552572706935123,0.5543981481481481,0.6465324384787472,0.16666666666666666,0.5413870246085011,0.1789709172259508,0.43400447427293065,0.8579418344519015,0.7573363431151241,2.6428599999999998,"'-0.096995","'-0.001310743243243243",.154,.201,0,14.9,27.631578947368425,85.8,106.1,87.8,99.6,21.4,28.4,10,28.5,0.467577,0.680556,0.785714,0.11262799999999999,20.9,.145,.270,.194,.214,0,0,11,3,0,9,0,21,137,39
Connor Kaiser,ARI,2B,28,340,286,1360,0.25615212527964204,0.28187919463087246,0.042505592841163314,0.3431907158836689,0.30715883668903804,0.3632150846915948,0.10850111856823266,0.15659955257270694,0.4228187919463087,0.8344519015659956,0.7360178970917226,0.3232662192393736,0.3512304250559284,0.23042505592841164,0.2785234899328859,0.28187919463087246,0.13087248322147652,0.4888143176733781,0.03803131991051454,0.5659722222222222,0.6778523489932886,0.06263982102908278,0.06263982102908278,0.5592841163310962,0.5771812080536913,0.8344519015659956,0.40970654627539504,5.06102,"'-0.0603026","'-0.0001773605882352941",.187,.282,5.1,14.1,23.837209302325586,86.7,107.8,88,101.4,31.6,32.4,12,41.1,0.469253,0.6850510000000001,0.741525,0.178624,14.8,.213,.335,.332,.322,2.6,9,48,12,2,61,6,110,638,262
Max Schuemann,ATH,SS,28,28,22,134,0.2651006711409396,0.03355704697986577,0.040268456375838924,0.3259228187919463,0.08187919463087248,0.5782997762863535,0.08277404921700224,0.049217002237136466,0.04697986577181208,0.9642058165548099,0.9530201342281879,0.042505592841163314,0.07606263982102908,0.0044742729306487695,0.020134228187919462,0.19463087248322147,0.2494407158836689,0.0022371364653243847,0.6073825503355704,0.0920138888888889,0.040268456375838924,0.43512304250559286,0.7986577181208053,0.407158836689038,0.87248322147651,0.9574944071588367,0.8961625282167043,4.232069999999999,0.14865,0.005308928571428571,.177,.232,0,17.9,18.30985915492958,83.4,103.6,79.8,97,28.6,28.6,0,25.5,0.382353,0.545455,0.833333,0.0882353,25,.136,.286,.136,.200,0,0,5,0,0,3,0,8,51,13
Nate Eaton,BOS,3B/OF,28,457,426,1701,0.14988814317673377,0.3434004474272931,0.03803131991051454,0.43519295302013417,0.3449664429530201,0.45877277085330787,0.2684563758389262,0.378076062639821,0.4988814317673378,0.09395973154362416,0.23042505592841164,0.16331096196868009,0.36577181208053694,0.20469798657718122,0.3243847874720358,0.3187919463087248,0.5055928411633109,0.8076062639821029,0.62751677852349,0.6990740740740741,0.6196868008948546,0.6263982102908278,0.5078299776286354,0.8008948545861297,0.8926174496644296,0.6912751677852349,0.90744920993228,6.59426,2.82452,0.006180568927789934,.209,.331,6,5.9,32.69230769230769,85.5,107.9,87.7,101.7,32.6,23.6,17,25.3,0.492389,0.677071,0.859929,0.11651099999999999,25.7,.251,.298,.439,.299,4.2,19,27,30,1,107,16,108,846,214
Cristopher Navarro,FA,3B/SS,26,61,54,243,0.06823266219239374,0.04697986577181208,0.035794183445190156,0.19861577181208054,0.05727069351230425,0.36129753914988816,0.26174496644295303,0.08165548098434004,0.04697986577181208,0.12751677852348994,0.2807606263982103,0.017897091722595078,0.1331096196868009,0.017897091722595078,0.03131991051454139,0.006711409395973154,0.7192393736017897,0.007829977628635347,0.37024608501118567,0.8009259259259259,0.41387024608501116,0.3333333333333333,0.2841163310961969,0.024608501118568233,0.44742729306487694,0.38478747203579416,0.03837471783295711,0.767857,"'-0.0741727","'-0.0012159459016393439",.208,.252,0,6.6,31.578947368421048,81.4,105.2,81.8,97.4,13.6,19.7,1,29.6,0.510288,0.6456689999999999,0.8170729999999999,0.13991800000000001,6.8,.204,.262,.259,.250,0,0,4,3,0,11,0,12,125,37
Carlos Pérez,FA,OF,28,396,370,1315,0.11521252796420582,0.35570469798657717,0.03355704697986577,0.3538171140939597,0.19530201342281878,0.4555768616171301,0.5145413870246085,0.19910514541387025,0.14429530201342283,0.04586129753914989,0.19686800894854586,0.09060402684563758,0.4261744966442953,0.1487695749440716,0.17337807606263983,0.116331096196868,0.970917225950783,0.860178970917226,0.9686800894854586,0.006944444444444444,0.005592841163310962,0.005592841163310962,0.9955257270693513,0.005592841163310962,0.6051454138702461,0.006711409395973154,0.8984198645598194,0,0,0,.231,.295,1.8,4.8,33.78582202111614,84.4,108.4,86.9,100.2,25.7,10.6,18,15.6,0,0,0,0,25.2,.273,.311,.430,.278,1.5,6,19,20,1,101,12,42,674,105
Duke Ellis,NYY,OF,27,127,114,506,0.03243847874720358,0.12416107382550336,0.03131991051454139,0.2906180089485459,0.1697986577181208,0.49153084052412904,0.03691275167785235,0.052572706935123045,0.3277404921700224,0.32550335570469796,0.3512304250559284,0.20022371364653244,0.1331096196868009,0.087248322147651,0.2214765100671141,0.13534675615212527,0.2986577181208054,0.13646532438478748,0.5917225950782998,0.988425925925926,0.5425055928411633,0.8769574944071589,0.4541387024608501,0.15436241610738255,0.1476510067114094,0.006711409395973154,0.05304740406320542,2.5,"'-0.478095","'-0.003764527559055118",.160,.234,3.8,8.7,30.501930501930502,85.8,105.2,85.5,100.8,26.3,27.6,6,25.8,0.636364,0.666667,0.9,0.12121199999999999,7.1,.193,.268,.351,.237,2.4,3,11,2,2,22,4,35,256,66
René Pinto,TOR,C,28,230,209,896,0.14988814317673377,0.1319910514541387,0.029082774049217,0.3290687919463087,0.5975391498881432,0.1788111217641419,0.14093959731543623,0.42953020134228187,0.8221476510067114,0.1621923937360179,0.049217002237136466,0.6465324384787472,0.6196868008948546,0.6834451901565995,0.5805369127516778,0.4697986577181208,0.053691275167785234,0.62751677852349,0.017897091722595078,0.9224537037037036,0.9284116331096197,0.03131991051454139,0.008948545861297539,0.10738255033557047,0.41387024608501116,0.5928411633109619,0.7291196388261851,2.0178599999999998,"'-0.33155","'-0.0014415217391304347",.191,.338,10.2,7,38.63636363636363,88.8,109.7,91.7,103.6,36.2,36.5,14,43.3,0.55692,0.7481479999999999,0.706271,0.21875,20.5,.191,.257,.373,.250,5.7,13,16,5,0,40,11,84,499,216
Jonathan Guzmán,FA,SS,26,165,151,626,0.06263982102908278,0.035794183445190156,0.026845637583892617,0.2061661073825503,0.07583892617449664,0.3333333333333333,0.17337807606263983,0.07494407158836688,0.11297539149888143,0.3053691275167785,0.008948545861297539,0.07829977628635347,0.04697986577181208,0.10626398210290827,0.08165548098434004,0.06599552572706935,0.2214765100671141,0.24049217002237136,0.31208053691275167,0.9594907407407408,0.843400447427293,0.5302013422818792,0.11185682326621924,0.10961968680089486,0.18568232662192394,0.5369127516778524,0.24492099322799096,2.11394,"'-0.54025","'-0.0032742424242424247",.198,.248,1,8.5,45.5621301775148,84.2,102.8,86.1,98.7,21.6,29.1,8,30.8,0.576138,0.722807,0.8446600000000001,0.16483499999999998,12.1,.179,.248,.232,.255,0.6,1,14,5,0,27,1,48,360,111
Eric Yang,CIN,PH/PR,27,72,64,262,0.09060402684563758,0.3087248322147651,0.024608501118568233,0.29222595078299773,0.08635346756152126,0.41626717801214447,0.10850111856823266,0.06823266219239374,0.17002237136465326,0.42058165548098436,0.116331096196868,0.024608501118568233,0.06152125279642058,0.08277404921700224,0.06599552572706935,0.10738255033557047,0.28859060402684567,0.860178970917226,0.4105145413870246,0.7418981481481481,0.5615212527964206,0.738255033557047,0.378076062639821,0.27069351230425054,0.6577181208053692,0.43400447427293065,0.6038374717832957,3.3329,0.05350119999999999,0.0007430722222222223,.187,.245,2.3,9.7,35.555555555555564,82.3,103.2,85.3,98.4,25.6,27.8,18,29,0.5,0.6691729999999999,0.8764040000000001,0.129771,18.2,.250,.333,.359,.349,1.4,1,7,4,0,16,1,20,131,38
Braden Shewmake,NYY,3B/SS,27,32,32,115,0.008948545861297539,0.0022371364653243847,0.02237136465324385,0.32843959731543626,0.12729306487695752,0.565036752956216,0.26174496644295303,0.07158836689038031,0.04697986577181208,0.003355704697986577,0.006711409395973154,0.07158836689038031,0.14429530201342283,0.25615212527964204,0.23937360178970918,0.30201342281879195,0.6017897091722595,0.07494407158836688,0.8333333333333334,0.9907407407407408,1,0.8702460850111857,0.639821029082774,0.31767337807606266,0.008948545861297539,0.8232662192393736,0.004514672686230248,3.66071,"'-0.5012260000000001","'-0.0156633125",.208,.247,0,0,45.614035087719294,84.1,105.4,88.3,101,32,21.9,4,21.3,0.655172,0.859649,0.8979590000000001,0.103448,3.8,.125,.125,.156,.160,0,0,0,1,0,4,0,7,75,16
Brendon Davis,FA,3B/OF,28,29,27,111,0.2348993288590604,0.8266219239373602,0.020134228187919462,0.3766079418344519,0.19507829977628635,0.5325982742090124,0.5436241610738255,0.4250559284116331,0.39485458612975394,0.15436241610738255,0.9776286353467561,0.0592841163310962,0.008948545861297539,0.087248322147651,0.07046979865771812,0.087248322147651,0.6599552572706935,0.4217002237136465,0.348993288590604,0.6041666666666666,0.8948545861297539,0.28635346756152125,0.40604026845637586,0.12192393736017897,0.48769574944071586,0.9821029082774049,0.9977426636568849,2.29563,"'-0.028527999999999998","'-0.0009837241379310343",.233,.337,4.8,6.9,16,83.9,100.5,85.5,98.5,23.8,20.7,11,30.2,0.47747700000000004,0.734375,0.808511,0.126126,38.1,.296,.345,.556,.350,3.4,1,2,4,0,8,1,6,53,16
Josh Breaux,PHI,C,28,51,48,187,0.06263982102908278,0.03131991051454139,0.017897091722595078,0.2298657718120805,0.32572706935123047,0.17976989453499523,0.087248322147651,0.22371364653243847,0.27181208053691275,0.09395973154362416,0.024608501118568233,0.3098434004474273,0.5917225950782998,0.674496644295302,0.18232662192393737,0.23154362416107382,0.07158836689038031,0.62751677852349,0.09060402684563758,0.6348379629629629,0.9619686800894854,0.011185682326621925,0.0044742729306487695,0.013422818791946308,0.5548098434004475,0.9988814317673378,0.5214446952595937,0.14285699999999998,"'-0.0154209","'-0.0003023705882352941",.180,.304,3.3,5.9,41.66666666666667,86.6,109.5,91.6,100.3,30,35.3,14,37.1,0.48148100000000005,0.769231,0.6,0.22222199999999998,16.7,.146,.196,.292,.179,2,1,3,1,0,7,2,18,105,39
Andy Weber,ARI,2B/SS,28,40,38,144,0.039149888143176735,0.38926174496644295,0.015659955257270694,0.3796840044742729,0.1451901565995526,0.5017577500798976,0.2214765100671141,0.16331096196868009,0.30648769574944074,0.008948545861297539,0.31655480984340045,0.15212527964205816,0.006711409395973154,0.05592841163310962,0.05592841163310962,0.09731543624161074,0.3053691275167785,0.62751677852349,0.5961968680089486,0.8275462962962963,0.8109619686800895,0.9821029082774049,0.49217002237136465,0.9485458612975392,0.8389261744966443,0.8769574944071589,0.981941309255079,8.07819,0.16006099999999998,0.004001525000000001,.203,.284,3.6,2.5,31.08108108108108,85.3,100.4,84.4,98,25,27.5,14,25.7,0.517241,0.714286,0.94,0.11724100000000001,31,.263,.275,.500,.308,2.5,1,1,1,1,10,2,11,74,19
Trevor Schwecke,FA,OF,27,65,56,247,0.19239373601789708,0.07494407158836688,0.013422818791946308,0.2063758389261745,0.13646532438478748,0.2503994886545222,0.48322147651006714,0.10961968680089486,0.04697986577181208,0.5201342281879194,0.16331096196868009,0.2225950782997763,0.1331096196868009,0.20469798657718122,0.09619686800894854,0.17002237136465326,0.10067114093959731,0.04138702460850112,0.0738255033557047,0.6400462962962963,0.5212527964205816,0.3288590604026846,0.0447427293064877,0.14988814317673377,0.2796420581655481,0.32997762863534674,0.09480812641083522,2.47838,"'-0.13878800000000002","'-0.0021352",.229,.264,0,10.8,34.306569343065696,86,105.2,87.7,99,27.8,33.8,3,37.5,0.481781,0.663551,0.816901,0.182186,8.8,.214,.302,.232,.353,0,0,7,1,0,12,0,22,120,45
Justin Dean,LAD,OF,28,88,72,376,0.13087248322147652,0.31543624161073824,0.011185682326621925,0.25992729306487694,0.0633109619686801,0.37472035794183445,0.05145413870246085,0.058165548098434,0.17002237136465326,0.802013422818792,0.6957494407158836,0.010067114093959731,0.024608501118568233,0.007829977628635347,0.06152125279642058,0.053691275167785234,0.09172259507829977,0.04138702460850112,0.22483221476510068,0.4768518518518519,0.39149888143176736,0.17002237136465326,0.24720357941834453,0.9955257270693513,0.9977628635346756,0.049217002237136466,0,9.49597,2.10601,0.023931931818181814,.169,.237,2.3,13.6,24.489795918367342,80.8,101.8,80,98.2,20.5,34.1,3,32.4,0.457672,0.642857,0.786325,0.14285699999999998,0,.250,.364,.319,.409,1.1,1,12,3,1,18,0,30,176,57
Harrison Spohn,FA,SS,26,56,51,219,0.006711409395973154,0.08389261744966443,0.008948545861297539,0.14282718120805368,0.049888143176733776,0.20022371364653244,0.024608501118568233,0.008948545861297539,0.04697986577181208,0.34563758389261745,0.09395973154362416,0.07829977628635347,0.087248322147651,0.02237136465324385,0.5067114093959731,0.02796420581655481,0.1342281879194631,0.5536912751677853,0.2796420581655481,0.5416666666666666,0.08501118568232663,0.19463087248322147,0.2684563758389262,0.049217002237136466,0.3288590604026846,0.8713646532438478,0.6038374717832957,1.08036,"'-0.100236","'-0.0017899285714285714",.150,.195,0,8.9,36.28318584070797,84.2,104,82.1,103,18.2,32.1,13,31.4,0.465753,0.574257,0.793103,0.14155299999999998,18.2,.216,.286,.275,.333,0,0,5,3,0,11,0,18,102,32
Dylan Shockley,FA,C,28,74,66,264,0.21029082774049218,0.378076062639821,0.006711409395973154,0.2527964205816555,0.11588366890380311,0.34036433365292423,0.5145413870246085,0.1767337807606264,0.04697986577181208,0.07046979865771812,0.3713646532438479,0.09060402684563758,0.07046979865771812,0.25615212527964204,0.0894854586129754,0.19463087248322147,0.4720357941834452,0.1789709172259508,0.3389261744966443,0.8182870370370371,0.6599552572706935,0.2975391498881432,0.17225950782997762,0.1789709172259508,0.3131991051454139,0.7785234899328859,0.4932279909706546,2.6428599999999998,"'-0.13878800000000002","'-0.0018755135135135133",.231,.288,0,5.4,30.081300813008127,84.4,103.5,88.3,98.8,28.6,24.3,7,30.4,0.515152,0.6824319999999999,0.8118810000000001,0.155303,16.3,.258,.324,.409,.319,0,0,4,4,0,17,2,18,138,42
Daniel Cope,COL,C,28,85,77,328,0.013422818791946308,0.020134228187919462,0.0044742729306487695,0.17274888143176734,0.08993288590604029,0.2750079897730905,0.017897091722595078,0.011185682326621925,0.19015659955257272,0.3814317673378076,0.48322147651006714,0.10961968680089486,0.11521252796420582,0.27628635346756153,0.03131991051454139,0.02348993288590604,0.016778523489932886,0.1789709172259508,0.06375838926174497,0.7615740740740741,0.8903803131991052,0.03355704697986577,0.05592841163310962,0.1789709172259508,0.46756152125279643,0.7695749440715883,0.056433408577878104,2.6428599999999998,"'-0.096995","'-0.0011411176470588235",.147,.197,2.5,9.4,28.04878048780488,84.7,104.9,88.5,97.4,17.5,42.4,7,38.2,0.503049,0.7337279999999999,0.709677,0.179878,7.3,.143,.224,.221,.231,1.2,1,8,0,0,11,2,36,165,63
Grant Koch,FA,C,28,100,89,405,0.029082774049217,0.07046979865771812,0.0022371364653243847,0.15443232662192394,0.08903803131991052,0.14988814317673377,0.07046979865771812,0.03467561521252797,0.04697986577181208,0.24608501118568232,0.14317673378076062,0.021252796420581657,0.29194630872483224,0.03803131991051454,0.18232662192393737,0.050335570469798654,0.09507829977628636,0.8076062639821029,0.08612975391498881,0.5717592592592593,0.3221476510067114,0.049217002237136466,0.10738255033557047,0.06935123042505593,0.35570469798657717,0.901565995525727,0.7979683972911964,1.42003,"'-0.16963","'-0.0016963000000000002",.175,.209,0,8,34.801762114537446,81.6,107.2,83.5,100.3,20,34,17,37.2,0.471605,0.6304350000000001,0.7241380000000001,0.165432,21.8,.191,.265,.281,.283,0,0,8,2,0,17,2,34,191,71