Name,Team,POS,ADP,IP,rPTS,PTS,aPOS,Dollars,NameASCII,PlayerId,MLBAMID
"Tarik Skubal ","DET","SP",7.019999980926514,195.1,1238.7400451660155,54.385804309478885,-15.620776430305826,49.021230396288075,"Tarik Skubal","22267",669373
"Paul Skenes ","PIT","SP",9.649999618530273,187.2,1202.3799774169922,52.24836032043376,-15.620776430305826,46.373413643078855,"Paul Skenes","33677",694973
"Cristopher Sánchez ","PHI","SP",24.75,202,1194.6000000000004,50.567464385555766,-15.620776430305826,44.29115818301437,"Cristopher Sanchez","20778",650911
"Garrett Crochet ","BOS","SP",12.239999771118164,205.1,1165.5400451660157,48.05362949225941,-15.620776430305826,41.1770769816419,"Garrett Crochet","27463",676979
"Logan Webb ","SFG","SP",57.189998626708984,207,1123.6000000000001,44.42560083333464,-15.620776430305826,36.68275801307062,"Logan Webb","17995",657277
"Yoshinobu Yamamoto ","LAD","SP",26.639999389648438,173.2,1040.6799774169922,43.299917106968906,-15.620776430305826,35.288286745162566,"Yoshinobu Yamamoto","33825",808967
"Hunter Brown ","HOU","SP",36.189998626708984,185.1,1055.840045166016,40.3278177488275,-15.620776430305826,31.60651800033346,"Hunter Brown","25880",686613
"Max Fried ","NYY","SP",50.04999923706055,195.1,1070.1400451660159,39.80104100096516,-15.620776430305826,30.95395900681611,"Max Fried","13743",608331
"Zack Wheeler ","PHI","SP",110.48999786376953,149.2,883.1799774169922,38.314391659351244,-15.620776430305826,29.112331786150882,"Zack Wheeler","10310",554430
"Nathan Eovaldi ","TEX","SP",132.50999450683594,130,800,38.03012141412581,-15.620776430305826,28.76018430457731,"Nathan Eovaldi","9132",543135
"Chris Sale ","ATL","SP",39.36000061035156,125.2,759.9799774169924,36.295991843299554,-15.620776430305826,26.61198423318245,"Chris Sale","10603",519242
"Carlos Rodón ","NYY","SP",202.3000030517578,195.1,1016.9400451660158,35.19896859282201,-15.620776430305826,25.253016907647,"Carlos Rodon","16137",607074
"Jesús Luzardo ","PHI","SP",70.58999633789062,183.2,985.6799774169922,34.94253922206777,-15.620776430305826,24.93535806494614,"Jesus Luzardo","19959",666200
"Trevor Rogers ","BAL","SP",146.07000732421875,109.2,671.2799774169923,34.382341674951675,-15.620776430305826,24.241398149288482,"Trevor Rogers","22286",669432
"Bryan Woo ","SEA","SP",34.77000045776367,186.2,989.8799774169922,34.22598184999147,-15.620776430305826,24.047703172400023,"Bryan Woo","30279",693433
"Nick Pivetta ","SDP","SP",96.01000213623047,181.2,964.8799774169925,33.863151968616606,-15.620776430305826,23.59823780938086,"Nick Pivetta","15454",601713
"Kevin Gausman ","TOR","SP",112.94999694824219,193,994.9000000000001,33.29239183092823,-15.620776430305826,22.89119319797543,"Kevin Gausman","14107",592332
"Freddy Peralta ","NYM","SP",56.36000061035156,176.2,933.1799774169924,32.92073778020113,-15.620776430305826,22.430796655676836,"Freddy Peralta","18679",642547
"Jack Dreyer ","LAD","SP",999,76.1,504.3399887084961,31.855840914314477,-15.620776430305826,21.111626760986724,"Jack Dreyer","30249",676263
"Jacob deGrom ","TEX","SP",50.0099983215332,172.2,896.2799774169923,31.168537339431673,-15.620776430305826,20.260210803683304,"Jacob deGrom","10954",594798
"Framber Valdez ","DET","SP",81.13999938964844,192,961.7000000000003,30.42042183186148,-15.620776430305826,19.33346241428345,"Framber Valdez","17295",664285
"Kris Bubic ","KCR","SP",190.69000244140625,116.1,645.5399887084964,29.671978882629123,-15.620776430305826,18.406308397637584,"Kris Bubic","21455",663460
"Cade Smith ","CLE","RP",39.90999984741211,73.2,656.4799774169921,4.017327013401216,20.694823109108,18.298505085756453,"Cade Smith","27867",671922
"Abner Uribe ","MIL","RP",167.27999877929688,75.1,655.939988708496,3.9706152251290563,20.694823109108,18.265806833965943,"Abner Uribe","25327",682842
"Logan Gilbert ","SEA","SP",37.150001525878906,131,706,29.538680465472773,-15.620776430305826,18.24118136556947,"Logan Gilbert","22250",669302
"Aroldis Chapman ","BOS","RP",64.55000305175781,61.1,643.4399887084961,2.8893012194563368,20.694823109108,17.508887029995037,"Aroldis Chapman","10233",547973
"Hunter Greene ","CIN","SP",444.32000732421875,107.2,599.7799774169921,28.917144814491863,-15.620776430305826,17.47123720898867,"Hunter Greene","22182",668881
"Joe Ryan ","MIN","SP",78.52999877929688,171,857.8000000000002,28.271772710597894,-15.620776430305826,16.671764999423203,"Joe Ryan","21390",657746
"Robert Suarez ","ATL","RP",214.39999389648438,69.2,618.0799774169922,0.6955303879745954,20.694823109108,15.97324744795782,"Robert Suarez","30115",663158
"Edwin Díaz ","LAD","RP",33,66.1,616.739988708496,0.5796145033393747,20.694823109108,15.892106328713165,"Edwin Diaz","14710",621242
"Andrés Muñoz ","SEA","RP",41.189998626708984,62.1,613.3399887084961,0.2854970937964042,20.694823109108,15.686224142033087,"Andres Munoz","20373",662253
"Emmet Sheehan ","LAD","SP",111.20999908447266,73.1,439.4399887084961,27.321537474844,-15.620776430305826,15.494635311059815,"Emmet Sheehan","29839",686218
"Matthew Boyd ","CHC","SP",212.75999450683594,179.2,873.9799774169921,26.719755771352713,-15.620776430305826,14.749161893068244,"Matthew Boyd","15440",571510
"Jhoan Duran ","PHI","RP",41.84000015258789,70,597.3000000000001,-1.1020440615099296,20.694823109108,14.714945333318651,"Jhoan Duran","21029",661395
"Spencer Schwellenbach ","ATL","SP",743.1900024414062,110.2,586.1799774169924,26.660796298337623,-15.620776430305826,14.676124245667957,"Spencer Schwellenbach","31846",680885
"Bryan Abreu ","HOU","RP",181.6999969482422,71,595.5999999999999,-1.249102766281435,20.694823109108,14.612004239978596,"Bryan Abreu","16609",650556
"Mason Miller ","SDP","RP",27.860000610351562,61.2,592.580005645752,-1.5103477416655056,20.694823109108,14.429132757209747,"Mason Miller","31757",695243
"Ranger Suarez ","BOS","SP",183.97999572753906,157.1,777.9400451660156,26.366914302546533,-15.620776430305826,14.3120699472113,"Ranger Suarez","17277",624133
"Garrett Whitlock ","BOS","RP",624.97998046875,72,578.8000000000001,-2.7023887899055685,20.694823109108,13.594704023441704,"Garrett Whitlock","20191",676477
"Adrian Morejon ","SDP","RP",735.8499755859375,73.2,573.6799774169922,-3.145296960174935,20.694823109108,13.284668304253149,"Adrian Morejon","20039",670970
"Ryne Nelson ","ARI","SP",251.42999267578125,154,754.1000000000003,25.420505361436867,-15.620776430305826,13.139680185186869,"Ryne Nelson","26253",669194
"Cole Ragans ","KCR","SP",48.15999984741211,61.2,364.98000564575193,25.16388639645979,-15.620776430305826,12.821786477496754,"Cole Ragans","21846",666142
"Shawn Armstrong ","CLE","SP/RP",748.469970703125,74,563.1,-4.06051918103052,20.694823109108,12.644012749654237,"Shawn Armstrong","12857",542888
"Shohei Ohtani ","LAD","SP",1.2699999809265137,47,303.90000000000003,24.99158011449792,-15.620776430305826,12.608337394199063,"Shohei Ohtani","19755",660271
"Dylan Cease ","TOR","SP",74.7699966430664,168,806.7,24.931239933390103,-15.620776430305826,12.533589357175492,"Dylan Cease","18525",656302
"Sean Newcomb ","CHW","SP",999,92.1,490.63998870849616,24.911366748191355,-15.620776430305826,12.508970909637885,"Sean Newcomb","16943",656794
"Cade Horton ","CHC","SP",177.7100067138672,118,598.2,24.892903618474634,-15.620776430305826,12.48609920659857,"Cade Horton","31872",690990
"Tyler Glasnow ","LAD","SP",113.73999786376953,90.1,481.13998870849605,24.809487355868303,-15.620776430305826,12.382765047317132,"Tyler Glasnow","14374",607192
"Drew Rasmussen ","TBR","SP",132.36000061035156,150,730.0000000000001,24.775570462476278,-15.620776430305826,12.340749575098682,"Drew Rasmussen","25385",656876
"Ronny Henriquez ","MIA","RP",999,73,558.0000000000001,-4.501695295344985,20.694823109108,12.335189469634113,"Ronny Henriquez","24094",678692
"David Bednar ","NYY","RP",64.05999755859375,62.2,557.4800056457519,-4.546677469594529,20.694823109108,12.30370194765943,"David Bednar","19569",670280
"Brandon Woodruff ","MIL","SP",143.82000732421875,64.2,371.3799774169923,24.63763922058663,-15.620776430305826,12.169883505653978,"Brandon Woodruff","16162",605540
"Carlos Estévez ","KCR","RP",120.08999633789062,66,554.1000000000001,-4.839065265114876,20.694823109108,12.09903049079519,"Carlos Estevez","14542",608032
"Tyler Rogers ","TOR","RP",743.280029296875,77.1,552.7399887084962,-4.956713205704977,20.694823109108,12.016676932382119,"Tyler Rogers","15541",643511
"Tony Santillan ","CIN","RP",718.1199951171875,73.2,547.7799774169922,-5.385779579928827,20.694823109108,11.716330470425424,"Tony Santillan","19926",663574
"Brad Keller ","PHI","SP/RP",745.9099731445312,69.2,544.8799774169922,-5.636644429244899,20.694823109108,11.540725075904174,"Brad Keller","15734",641745
"Eury Pérez ","MIA","SP",78.6500015258789,95.1,493.339988708496,24.065051695434313,-15.620776430305826,11.460575168430964,"Eury Perez","27768",691587
"George Kirby ","SEA","SP",64.58000183105469,126,620.3000000000001,23.92498977255112,-15.620776430305826,11.287069660077274,"George Kirby","25436",669923
"Dennis Santana ","PIT","RP",150.50999450683594,70.1,539.8399887084961,-6.072629259559242,20.694823109108,11.235535694684133,"Dennis Santana","17878",642701
"Nick Lodolo ","CIN","SP",127.94999694824219,156.2,745.4799774169923,23.882919190901674,-15.620776430305826,11.234953585232931,"Nick Lodolo","26378",666157
"Emilio Pagán ","CIN","RP",111.94000244140625,68.2,539.0799774169922,-6.13837412787705,20.694823109108,11.189514286861666,"Emilio Pagan","14771",641941
"Merrill Kelly ","ARI","SP",284.17999267578125,184,860.5000000000001,23.825861397899725,-15.620776430305826,11.164271695561899,"Merrill Kelly","11156",518876
"Blake Snell ","LAD","SP",178.41000366210938,61.1,348.63998870849605,23.78638804956665,-15.620776430305826,11.11537301397901,"Blake Snell","13543",605483
"Devin Williams ","NYM","RP",59.470001220703125,62,535.3,-6.465361529646675,20.694823109108,10.96062310562293,"Devin Williams","15816",642207
"Kyle Leahy ","STL","SP/RP",733.6699829101562,88,534.7,-6.517264601918957,20.694823109108,10.924290955032331,"Kyle Leahy","24763",681517
"Pablo López ","MIN","SP",743.4000244140625,75.2,402.27997741699227,23.351091556674387,-15.620776430305826,10.576137669146295,"Pablo Lopez","17085",641154
"Andrew Abbott ","CIN","SP",221.92999267578125,166.1,779.6400451660156,23.274336373371014,-15.620776430305826,10.481055102637919,"Andrew Abbott","29911",671096
"Brendon Little ","TOR","RP",748.52001953125,68.1,526.5399887084961,-7.2231473615950215,20.694823109108,10.430173023259089,"Brendon Little","21574",663893
"Robbie Ray ","SFG","SP",166.44000244140625,182.1,845.1400451660156,23.181067747190305,-15.620776430305826,10.365516060578427,"Robbie Ray","11486",592662
"Janson Junk ","MIA","SP",999,110,544.4,23.11860514601211,-15.620776430305826,10.288138818088658,"Janson Junk","23301",676083
"Jose A. Ferrer ","SEA","RP",999,76.1,524.0399887084961,-7.439410162729566,20.694823109108,10.278789062464904,"Jose A. Ferrer","24017",678606
"Nolan McLean ","NYM","SP",87.29000091552734,48,283.6000000000001,22.87556654329131,-15.620776430305826,9.987068152724374,"Nolan McLean","33703",690997
"Tyler Mahle ","SFG","SP",322.7200012207031,86.2,441.97997741699226,22.825788952755715,-15.620776430305826,9.925404811448514,"Tyler Mahle","16358",641816
"Sonny Gray ","BOS","SP",138.08999633789062,180.2,832.9799774169921,22.813086206752054,-15.620776430305826,9.909668940074742,"Sonny Gray","12768",543243
"David Peterson ","NYM","SP",452.0400085449219,168.2,782.7799774169923,22.79004467189975,-15.620776430305826,9.881125613412488,"David Peterson","20302",656849
"Raisel Iglesias ","ATL","RP",100.62000274658203,67.1,516.5399887084961,-8.088198566133205,20.694823109108,9.824637180082359,"Raisel Iglesias","17130",628452
"Joey Cantillo ","CLE","SP",270.80999755859375,95.1,476.939988708496,22.646367719991705,-15.620776430305826,9.703141889739749,"Joey Cantillo","23335",676282
"Gabe Speier ","SEA","RP",999,62,512.5,-8.437678275993727,20.694823109108,9.580001383179994,"Gabe Speier","17170",642100
"Phil Maton ","CHC","RP",743.3800048828125,61.1,512.039988708496,-8.477471608175396,20.694823109108,9.552146050652826,"Phil Maton","18064",664208
"Jeremiah Estrada ","SDP","RP",623.5800170898438,73,511.80000000000007,-8.498231860311394,20.694823109108,9.537613874157625,"Jeremiah Estrada","22210",669093
"Will Vest ","DET","RP",485.7300109863281,68.2,507.8799774169921,-8.837333886036186,20.694823109108,9.30024245615027,"Will Vest","19769",676684
"Edward Cabrera ","CHC","SP",174.72000122070312,137.2,647.579977416992,22.25330079236099,-15.620776430305826,9.2162195650158,"Edward Cabrera","21690",665795
"Shane Smith ","CHW","SP",245.5399932861328,146.1,683.8400451660156,22.18633835377747,-15.620776430305826,9.133268026811331,"Shane Smith","31687",681343
"Kyle Bradish ","BAL","SP",72.95999908447266,32,204.1,21.75776348311855,-15.620776430305826,8.602359273949878,"Kyle Bradish","24586",680694
"Chad Patrick ","MIL","SP",288.6499938964844,119.2,566.3799774169923,21.708358279404997,-15.620776430305826,8.541157236956664,"Chad Patrick","30113",694477
"Brady Singer ","CIN","SP",388.25,169.2,774.3799774169922,21.703442034093552,-15.620776430305826,8.53506710464665,"Brady Singer","25377",663903
"Tylor Megill ","NYM","SP",999,68.1,353.1399887084961,21.65594370965005,-15.620776430305826,8.476227266103297,"Tylor Megill","21318",656731
"Mike Vasil ","CHW","SP/RP",999,101,492.60000000000014,-10.1591301730247,20.694823109108,8.374985055258312,"Mike Vasil","30105",678024
"Steven Okert ","HOU","SP/RP",999,71.2,492.0799774169922,-10.204114789206505,20.694823109108,8.343495823931047,"Steven Okert","13580",595345
"Carmen Mlodzinski ","PIT","SP",745.6199951171875,99,478.0000000000001,21.334221033813826,-15.620776430305826,8.077684569624498,"Carmen Mlodzinski","27572",669387
"Jason Adam ","SDP","RP",999,65.1,483.5399887084962,-10.942867541109202,20.694823109108,7.826368897599161,"Jason Adam","11861",592094
"Connelly Early ","BOS","SP",266.4800109863281,19.1,143.140002822876,21.127890622457368,-15.620776430305826,7.822087172599727,"Connelly Early","33666",813349
"Reese Olson ","DET","SP",999,68.2,347.3799774169922,21.121677825718532,-15.620776430305826,7.814390902019683,"Reese Olson","24968",681857
"Griffin Jax ","TBR","SP/RP",149.2100067138672,66,482.9000000000001,-10.998229841426742,20.694823109108,7.787615287376883,"Griffin Jax","20253",643377
"Clayton Kershaw ",,"SP",999,112.2,529.6799774169923,21.05333774070866,-15.620776430305826,7.729732766914248,"Clayton Kershaw","2036",477132
"Cam Schlittler ","NYY","SP",116.62999725341797,73,366.0000000000001,21.004597818833112,-15.620776430305826,7.669354865854098,"Cam Schlittler","32095",693645
"Edwin Uceta ","TBR","RP",572.6900024414062,76,479.90000000000003,-11.257745202788204,20.694823109108,7.6059545344238595,"Edwin Uceta","20539",670955
"Michael Soroka ","ARI","SP",710.3599853515625,89.2,432.2799774169922,20.90681040637134,-15.620776430305826,7.548218054645799,"Michael Soroka","18383",647336
"Hunter Gaddis ","CLE","RP",999,66.2,478.6799774169922,-11.363283403287673,20.694823109108,7.53207779407423,"Hunter Gaddis","25636",683769
"Jacob Latz ","TEX","SP",730.9299926757812,85.2,414.97997741699226,20.850110326496747,-15.620776430305826,7.4779792918198735,"Jacob Latz","21306",656641
"José Soriano ","LAA","SP",321.80999755859375,169,762.2000000000002,20.721802447201085,-15.620776430305826,7.319034423973499,"Jose Soriano","22100",667755
"Stephen Kolek ","KCR","SP",999,112.2,525.7799774169921,20.71596777093874,-15.620776430305826,7.311806560396176,"Stephen Kolek","21487",663568
"Michael Wacha ","KCR","SP",609.2899780273438,172.2,775.1799774169922,20.69276725247426,-15.620776430305826,7.283066288469407,"Michael Wacha","14078",608379
"Jimmy Herget ","COL","RP",999,83.1,473.93998870849623,-11.773316697465855,20.694823109108,7.245054488149504,"Jimmy Herget","17556",623474
"Matt Strahm ","KCR","RP",720.1400146484375,62.1,473.83998870849615,-11.781967209511244,20.694823109108,7.2389991297177305,"Matt Strahm","13799",621381
"Jack Flaherty ","DET","SP",209,161,725.3000000000001,20.409440510408086,-15.620776430305826,6.932087597041734,"Jack Flaherty","17479",656427
"Clarke Schmidt ","NYY","SP",999,78.2,378.3799774169922,20.203740299845773,-15.620776430305826,6.677270878354819,"Clarke Schmidt","19899",657376
"JoJo Romero ","STL","RP",479.0799865722656,61,463.6000000000001,-12.667778666185436,20.694823109108,6.618931110045797,"JoJo Romero","19574",668941
"MacKenzie Gore ","TEX","SP",164.82000732421875,159.2,714.8799774169922,20.15598362703249,-15.620776430305826,6.618111003756642,"MacKenzie Gore","22201",669022
"Louis Varland ","TOR","SP/RP",999,72.2,463.4799774169922,-12.67816123418571,20.694823109108,6.6116633124456055,"Louis Varland","27691",686973
"Eduard Bazardo ","SEA","RP",999,78.2,461.17997741699224,-12.877123011229491,20.694823109108,6.472390068514959,"Eduard Bazardo","20997",660825
"Jared Koenig ","MIL","RP",748.489990234375,66,460.4000000000001,-12.944595051637654,20.694823109108,6.425159640229244,"Jared Koenig","27517",657649
"Luis Castillo ","SEA","SP",171.0500030517578,180.2,799.7799774169922,19.941116207685294,-15.620776430305826,6.351938156382754,"Luis Castillo","15689",622491
"Camilo Doval ","NYY","RP",663.6500244140625,65.1,458.9399887084961,-13.070893504273142,20.694823109108,6.3367507233844025,"Camilo Doval","21992",666808
"Eric Lauer ","TOR","SP",720.5399780273438,104.2,482.5799774169923,19.85862357528671,-15.620776430305826,6.249748169089156,"Eric Lauer","19316",641778
"Josh Hader ","HOU","RP",124.38999938964844,52.2,456.48000564575204,-13.283694635430168,20.694823109108,6.187789931574484,"Josh Hader","14212",623352
"Alex Vesia ","LAD","RP",743.4199829101562,59.2,450.1800056457519,-13.828676894289234,20.694823109108,5.806302350373138,"Alex Vesia","25007",681911
"Tyler Holton ","DET","SP",999,78.2,370.1799774169922,19.49439831212447,-15.620776430305826,5.798554239009212,"Tyler Holton","26231",663947
"Trevor Megill ","MIL","RP",137.6999969482422,47,436.29999999999995,-13.94948957659235,20.694823109108,5.721733472760958,"Trevor Megill","17722",656730
"Bryan King ","HOU","RP",748.469970703125,68,447.20000000000005,-14.086462641628062,20.694823109108,5.62585232723596,"Bryan King","25890",687911
"Caleb Thielbar ","CHC","RP",999,58,446.90000000000003,-14.112414177764206,20.694823109108,5.607686251940658,"Caleb Thielbar","10078",573204
"Logan Henderson ","MIL","SP",413.3999938964844,25.1,146.64000282287597,19.27090078808106,-15.620776430305826,5.521690615215596,"Logan Henderson","31475",701656
"Corbin Burnes ","ARI","SP",738.0999755859375,64.1,308.8399887084961,19.263605377522346,-15.620776430305826,5.5126532273832565,"Corbin Burnes","19361",669203
"Noah Cameron ","KCR","SP",298,138.1,616.1400451660159,19.2096187070069,-15.620776430305826,5.445775774044866,"Noah Cameron","30184",702070
"Kenley Jansen ","DET","RP",133.02000427246094,59,444,-14.36327902708028,20.694823109108,5.432080857419405,"Kenley Jansen","3096",445276
"Kyle Finnegan ","DET","RP",639.030029296875,57,443.59999999999997,-14.397881075261811,20.694823109108,5.407859423692334,"Kyle Finnegan","15009",640448
"Garrett Cleavinger ","TBR","RP",505.4800109863281,61.1,441.43998870849606,-14.584733112214964,20.694823109108,5.2770629978251264,"Garrett Cleavinger","17897",664076
"Pete Fairbanks ","MIA","RP",111.45999908447266,60.1,440.63998870849616,-14.653937208578009,20.694823109108,5.228620130370996,"Pete Fairbanks","17998",664126
"Luke Weaver ","NYM","RP",733.510009765625,64.2,440.47997741699226,-14.667779004623526,20.694823109108,5.218930873139134,"Luke Weaver","16918",596133
"Tyler Kinley ","ATL","RP",999,72.2,436.67997741699213,-14.996498462348047,20.694823109108,4.988827252731968,"Tyler Kinley","18297",641755
"Ryan Walker ","SFG","RP",144.55999755859375,61.1,433.93998870849606,-15.233521515618602,20.694823109108,4.82291111544258,"Ryan Walker","20423",676254
"Adrian Houser ","SFG","SP",743.219970703125,125,554.8,18.618864008820125,-15.620776430305826,4.713962358155175,"Adrian Houser","12718",605288
"Jeff Hoffman ","TOR","RP",99.63999938964844,68,430.30000000000007,-15.548399177297584,20.694823109108,4.602496752267292,"Jeff Hoffman","17432",656546
"Jack Leiter ","TEX","SP",230.7100067138672,151.2,662.2799774169922,18.485491299114553,-15.620776430305826,4.548743294175354,"Jack Leiter","30146",683004
"Clay Holmes ","NYM","SP",330.6300048828125,165.2,720.2799774169921,18.463353521518425,-15.620776430305826,4.521319521342818,"Clay Holmes","13649",605280
"Aaron Ashby ","MIL","SP/RP",999,66.2,427.5799774169923,-15.783695058477782,20.694823109108,4.437789635441155,"Aaron Ashby","23550",676879
"Brandon Sproat ","MIL","SP",528.2000122070312,20.2,115.68000564575198,18.356504533081523,-15.620776430305826,4.388957436957592,"Brandon Sproat","33850",687075
"Andrew Alvarez ","WSN","SP",999,23.1,127.04000282287598,18.295319679174444,-15.620776430305826,4.3131630385788995,"Andrew Alvarez","29914",674841
"Graham Ashcraft ","CIN","RP",999,65.1,425.33998870849615,-15.977465551521433,20.694823109108,4.3021502903106,"Graham Ashcraft","27552",668933
"Ryan Bergert ","KCR","SP",999,76.1,347.13998870849616,18.257235978974236,-15.620776430305826,4.265985821336659,"Ryan Bergert","29863",686701
"Brayan Bello ","BOS","SP",421.4100036621094,166.2,721.8799774169922,18.24180208825043,-15.620776430305826,4.24686667031556,"Brayan Bello","23920",678394
"Seranthony Domínguez ","CHW","RP",194.19000244140625,62.2,424.380005645752,-16.06050900199774,20.694823109108,4.244019874977186,"Seranthony Dominguez","19249",622554
"Steven Matz ","TBR","SP/RP",712.989990234375,76.2,422.6799774169922,-16.2075701487015,20.694823109108,4.141077072284553,"Steven Matz","13361",571927
"Kodai Senga ","NYM","SP",223.52000427246094,113.1,497.939988708496,17.983701981627846,-15.620776430305826,3.92713815821281,"Kodai Senga","31838",673540
"Daniel Palencia ","CHC","RP",91.05999755859375,52.2,418.380005645752,-16.579539724720647,20.694823109108,3.8806983690711485,"Daniel Palencia","27914",694037
"Matt Svanson ","STL","RP",528.7999877929688,60.1,418.0399887084962,-16.6089529308343,20.694823109108,3.8601091247915917,"Matt Svanson","29629",694335
"Cole Sands ","MIN","SP/RP",735.4400024414062,72,415.70000000000005,-16.811373935923335,20.694823109108,3.7184144212292676,"Cole Sands","21461",663485
"Quinn Priester ","MIL","SP",592.1400146484375,157.1,678.1400451660157,17.733703281255476,-15.620776430305826,3.617445482980555,"Quinn Priester","25977",682990
"Ryan Pepiot ","TBR","SP",129.10000610351562,167.2,720.0799774169925,17.726133245439463,-15.620776430305826,3.6080678956572076,"Ryan Pepiot","26221",686752
"Greg Weissert ","BOS","RP",999,67,412.79999999999995,-17.062238785239416,20.694823109108,3.54280902670801,"Greg Weissert","20375",669711
"Mike Burrows ","HOU","SP",237.9499969482422,96,422.70000000000016,17.630366750700016,-15.620776430305826,3.489434551126615,"Mike Burrows","24728",681347
"Ben Casparius ","LAD","SP/RP",999,77.2,411.07997741699216,-17.211029545965793,20.694823109108,3.438655494199547,"Ben Casparius","30085",676508
"Cristian Javier ","HOU","SP",470.2799987792969,37,176.70000000000002,17.587725052713363,-15.620776430305826,3.4366109904190503,"Cristian Javier","17606",664299
"Trey Yesavage ","TOR","SP",194.2899932861328,14,80.80000000000003,17.57095539905679,-15.620776430305826,3.415837126811407,"Trey Yesavage","35456",702056
"Brandon Walter ","HOU","SP",999,53.2,243.08000564575195,17.498589221092246,-15.620776430305826,3.3261915597872966,"Brandon Walter","26056",687888
"Caleb Ferguson ","CIN","RP",999,65.1,408.7399887084962,-17.41345055105481,20.694823109108,3.296960790637234,"Caleb Ferguson","19349",657571
"Yariel Rodríguez ","TOR","SP/RP",999,73,407.80000000000007,-17.4947643875085,20.694823109108,3.240041105119654,"Yariel Rodriguez","33838",684320
"Randy Rodríguez ","SFG","RP",999,50.2,406.8800056457521,-17.574348609939552,20.694823109108,3.1843321494179144,"Randy Rodriguez","23974",678495
"Hoby Milner ","CHC","RP",999,70.1,405.43998870849606,-17.698917448552425,20.694823109108,3.0971339623889063,"Hoby Milner","13346",571948
"Jacob Lopez ","ATH","SP",409.239990234375,92.2,402.1799774169922,17.22312740272908,-15.620776430305826,2.9849557560564497,"Jacob Lopez","25098",682052
"Lucas Erceg ","KCR","RP",490.70001220703125,61.1,402.5399887084961,-17.949782297868495,20.694823109108,2.9215285678676564,"Lucas Erceg","19360",668674
"Dylan Lee ","ATL","RP",999,68.1,402.23998870849607,-17.975733834004643,20.694823109108,2.9033624925723527,"Dylan Lee","19996",669276
"Gavin Williams ","CLE","SP",144.74000549316406,167.2,713.3799774169923,17.14654893839887,-15.620776430305826,2.89009210497236,"Gavin Williams","30122",668909
"Tyler Alexander ","TEX","SP",999,97.2,421.3799774169923,17.084227585471822,-15.620776430305826,2.8128898375872806,"Tyler Alexander","17735",641302
"Parker Messick ","CLE","SP",294.17999267578125,39.2,179.28000564575194,17.018997300056224,-15.620776430305826,2.7320840511314657,"Parker Messick","31986",800048
"Robert Garcia ","TEX","RP",232.1199951171875,64,399.4,-18.22140739932058,20.694823109108,2.7313909968511965,"Robert Garcia","23363",676395
"Emmanuel Clase ","CLE","RP",999,47.1,386.3399887084961,-18.30728178458262,20.694823109108,2.671278927167768,"Emmanuel Clase","21032",661403
"Bryan Baker ","TBR","RP",999,68.2,397.37997741699223,-18.396149696183098,20.694823109108,2.6090713890474344,"Bryan Baker","19804",641329
"Braxton Ashcraft ","PIT","SP/RP",239.36000061035156,69.2,397.3799774169922,-18.3961496961831,20.694823109108,2.6090713890474304,"Braxton Ashcraft","23793",677952
"Mitch Keller ","PIT","SP",518.6300048828125,176.1,747.2400451660158,16.87197421072618,-15.620776430305826,2.5499552089106317,"Mitch Keller","17594",656605
"Gregory Soto ","PIT","RP",728.4099731445312,60.1,395.3399887084962,-18.572619165135976,20.694823109108,2.485542760780419,"Gregory Soto","19677",642397
"Reid Detmers ","LAA","RP",350.4599914550781,63.2,395.08000564575195,-18.595109031294623,20.694823109108,2.4697998544693673,"Reid Detmers","27468",672282
"Justin Verlander ","DET","SP",658.8499755859375,152,643,16.52970573100585,-15.620776430305826,2.125960840242381,"Justin Verlander","8700",434378
"Tyler Phillips ","MIA","SP/RP",999,77.2,387.87997741699223,-19.217948340494374,20.694823109108,2.033812338029542,"Tyler Phillips","20629",663969
"Spencer Bivens ","SFG","RP",999,81,387.7999999999999,-19.224866796584877,20.694823109108,2.0289694187661875,"Spencer Bivens","30226",702352
"Ronel Blanco ","HOU","SP",999,48.1,209.63998870849616,16.441651444409388,-15.620776430305826,2.0168812028638303,"Ronel Blanco","19407",669854
"Dean Kremer ","BAL","SP",999,171.2,721.4799774169923,16.407401910098336,-15.620776430305826,1.9744536626788252,"Dean Kremer","19350",665152
"Justin Wrobleski ","LAD","SP/RP",650.3499755859375,66.2,382.0799774169922,-19.71967803912652,20.694823109108,1.6826015489870398,"Justin Wrobleski","31204",680736
"AJ Smith-Shawver ","ATL","SP",999,44.1,188.93998870849612,16.090833954991794,-15.620776430305826,1.5822965164067724,"AJ Smith-Shawver","29960",700363
"Luis Severino ","ATH","SP",642.52001953125,162.2,680.2799774169923,16.08302758134805,-15.620776430305826,1.5726261591849424,"Luis Severino","15890",622663
"Tyler Wells ","BAL","SP",748.469970703125,21.2,93.48000564575197,16.07613123301264,-15.620776430305826,1.564083120512559,"Tyler Wells","20000",669330
"Andrew Kittredge ","BAL","RP",745.8499755859375,53,379.5,-19.942859296351564,20.694823109108,1.5263746689295083,"Andrew Kittredge","12828",552640
"Chris Bassitt ","BAL","SP",359.3599853515625,170.1,711.7400451660159,15.960800190580322,-15.620776430305826,1.421213661531416,"Chris Bassitt","12304",605135
"Johan Oviedo ","BOS","SP",536.780029296875,40.1,170.33998870849615,15.921677218527226,-15.620776430305826,1.3727490180748172,"Johan Oviedo","22487",670912
"Justin Sterner ","ATH","SP/RP",547.0499877929688,65,376.8,-20.17642312157687,20.694823109108,1.362879991271793,"Justin Sterner","27694",686993
"Michael King ","SDP","SP",129.55999755859375,73.1,306.13998870849616,15.790404918350022,-15.620776430305826,1.210131893404902,"Michael King","19853",650633
"Luis Garcia ","NYY","SP",999,7.2,31.879998588562025,15.786850309776192,-15.620776430305826,1.2057285255594157,"Luis Garcia","23735",677651
"Griffin Canning ","SDP","SP",999,76.1,317.7399887084962,15.71398543763199,-15.620776430305826,1.1154651875853259,"Griffin Canning","19867",656288
"Orion Kerkering ","PHI","RP",999,60,372.2,-20.574346675664437,20.694823109108,1.0843335034104977,"Orion Kerkering","31776",689147
"Tanner Banks ","PHI","SP/RP",999,67.1,371.2399887084961,-20.657392568073004,20.694823109108,1.0262013787245001,"Tanner Banks","16990",621383
"Brad Lord ","WSN","SP",999,130.2,541.7799774169923,15.620776430305826,-15.620776430305826,1,"Brad Lord","31972",695418
"Matt Brash ","SEA","RP",733.280029296875,47.1,358.7399887084961,-20.694823109108,20.694823109108,1,"Matt Brash","25756",666374
"Grant Holmes ","ATL","SP",369.45001220703125,115,478.20000000000005,15.592168041998775,-15.620776430305826,0.9645605825322447,"Grant Holmes","16944",656550
"Anthony Bender ","MIA","RP",999,50,366.90000000000003,-21.032823814069666,20.694823109108,0.7633995065268339,"Anthony Bender","19742",669622
"John Schreiber ","KCR","RP",999,64,366.40000000000003,-21.07607637429658,20.694823109108,0.7331227143679971,"John Schreiber","20020",670167
"Félix Bautista ","BAL","RP",999,34.2,300.58000564575195,-21.08248109810086,20.694823109108,0.7286394077049987,"Felix Bautista","20666",642585
"Casey Mize ","DET","SP",289.6499938964844,149,616.5000000000002,15.317198916962024,-15.620776430305826,0.6239351160315525,"Casey Mize","20492",663554
"Shane Bieber ","TOR","SP",474.0400085449219,40.1,162.9399887084961,15.281539327168971,-15.620776430305826,0.5797608313482877,"Shane Bieber","19427",669456
"Luis Ortiz ","CLE","SP",999,88.2,363.07997741699216,15.28061569696122,-15.620776430305826,0.5786166593604443,"Luis Ortiz","27646",682847
"Fernando Cruz ","NYY","RP",999,48,353.90000000000003,-21.43747112798108,20.694823109108,0.48014638678884647,"Fernando Cruz","7048",518585
"José De León ",,"SP",999,6.2,19.77999858856202,15.100097978279106,-15.620776430305826,0.35499543596120553,"Jose De Leon","15463",592254
"Lucas Giolito ","SDP","SP",728.47998046875,145,597.3,15.096139108225142,-15.620776430305826,0.35009127823525577,"Lucas Giolito","15474",608337
"Tanner Scott ","LAD","RP",712.8099975585938,57,359.09999999999997,-21.707563753609456,20.694823109108,0.2910815488489814,"Tanner Scott","17586",656945
"Colin Rea ","CHC","SP",748.260009765625,159.1,655.3400451660157,15.041467282920195,-15.620776430305826,0.28236507080577555,"Colin Rea","12317",607067
"Shelby Miller ","CHC","RP",999,46,342.1,-21.738312297347907,20.694823109108,0.26955756823206556,"Shelby Miller","10197",571946
"Calvin Faucher ","MIA","RP",999,60.1,357.53998870849614,-21.842512718290312,20.694823109108,0.19661727357238434,"Calvin Faucher","20116",676534
"Juan Mejia ","COL","RP",748.510009765625,61.1,357.13998870849605,-21.87711476647185,20.694823109108,0.17239583984530893,"Juan Mejia","23237",675848
"Will Warren ","NYY","SP",285.04998779296875,162.1,665.1400451660157,14.809338585385282,-15.620776430305826,-0.005190653406748957,"Will Warren","30182",701542
"Matt Festa ","CLE","RP",999,54.2,352.480005645752,-22.280227162627277,20.694823109108,-0.10978283746349216,"Matt Festa","19330",670036
"Robert Gasser ","MIL","SP",748.5800170898438,5.2,11.179998588562011,14.716113568370393,-15.620776430305826,-0.1206756734284975,"Robert Gasser","29812",688107
"Tommy Kahnle ","BOS","RP",748.510009765625,63,351.20000000000005,-22.390954205194618,20.694823109108,-0.18729176726062913,"Tommy Kahnle","11384",592454
"Bennett Sousa ","HOU","RP",999,50.2,347.080005645752,-22.74735481307789,20.694823109108,-0.4367721927789221,"Bennett Sousa","21345",656986
"Grant Anderson ","MIL","RP",999,69.2,345.2799774169922,-22.903066471827035,20.694823109108,-0.5457703539033212,"Grant Anderson","20546",681982
"Nick Mears ","KCR","RP",999,56.2,342.58000564575195,-23.136627855120082,20.694823109108,-0.7092633222084532,"Nick Mears","25376",683232
"Luis Gil ","NYY","SP",376.5,57,221.10000000000002,14.229359880980644,-15.620776430305826,-0.7236550145305345,"Luis Gil","21052",661563
"Landen Roupp ","SFG","SP",690.0999755859375,106.2,425.7799774169923,14.225213481521614,-15.620776430305826,-0.7287914793966956,"Landen Roupp","30076",694738
"Jakob Junis ","TEX","RP",999,66.2,341.97997741699226,-23.18853336932463,20.694823109108,-0.7455971821516394,"Jakob Junis","13619",596001
"Ben Lively ","CLE","SP",999,44.2,167.48000564575193,14.198438748730593,-15.620776430305826,-0.7619594063272317,"Ben Lively","14932",594902
"Justin Steele ","CHC","SP",605.5,22.2,75.18000564575198,14.133127902713653,-15.620776430305826,-0.842864989414432,"Justin Steele","17312",657006
"Hayden Wesneski ","HOU","SP",999,32,115.30000000000001,14.076108786819479,-15.620776430305826,-0.9134989667684825,"Hayden Wesneski","27581",669713
"Mitch Farris ","LAA","SP",999,24.1,81.74000282287598,14.01667809662236,-15.620776430305826,-0.9871203472421874,"Mitch Farris","33628",815083
"Luis F. Castillo ",,"SP",999,7,9.600000000000005,13.931508204703709,-15.620776430305826,-1.0926268624290318,"Luis F. Castillo","20638",622379
"Carlos Vargas ","SEA","RP",999,77,336.20000000000005,-23.68853101200189,20.694823109108,-1.0955955320257194,"Carlos Vargas","22915",672841
"Hogan Harris ","ATH","RP",618.1699829101562,64.2,336.1799774169923,-23.690263067956774,20.694823109108,-1.096807971194138,"Hogan Harris","21520",663687
"Nick Martinez ","TBR","SP",738.3400268554688,165.2,667.0799774169922,13.861281113375295,-15.620776430305826,-1.1796225778262803,"Nick Martinez","12730",607259
"José Buttó ","SFG","RP",999,67,334.4,-23.84424022881877,20.694823109108,-1.204591983797537,"Jose Butto","23313",676130
"Ryan Weathers ","NYY","SP",232.55999755859375,38.1,137.63998870849613,13.812879031675594,-15.620776430305826,-1.2395819701993767,"Ryan Weathers","23796",677960
"Pierce Johnson ","CIN","RP",999,59,333,-23.965347397454114,20.694823109108,-1.2893670018422756,"Pierce Johnson","13435",572955
"Tim Hill ","NYY","RP",999,67,332.5999999999999,-23.99994944563565,20.694823109108,-1.3135884355693515,"Tim Hill","16814",657612
"Tanner Bibee ","CLE","SP",188.6300048828125,182.1,735.4400451660157,13.691456033406444,-15.620776430305826,-1.389998004813494,"Tanner Bibee","30134",676440
"Sandy Alcantara ","MIA","SP",144.57000732421875,174.2,702.4799774169923,13.683925743493454,-15.620776430305826,-1.3993263558207403,"Sandy Alcantara","18684",645261
"Riley O'Brien ","STL","RP",264.0400085449219,48,322.8,-24.12778037409483,20.694823109108,-1.4030700854907785,"Riley O'Brien","20348",676617
"Simeon Woods Richardson ","MIN","SP",664.0399780273438,111.1,439.43998870849623,13.643071687067728,-15.620776430305826,-1.4499354270268192,"Simeon Woods Richardson","24494",680573
"Jacob Webb ","CHC","RP",999,66,330.0000000000001,-24.224862758815558,20.694823109108,-1.4710277547952866,"Jacob Webb","19274",657097
"Jonah Tong ","NYM","SP",722.8099975585938,18.2,52.380005645751936,13.60064966034304,-15.620776430305826,-1.5024868639965878,"Jonah Tong","32157",804636
"Reynaldo López ","ATL","SP",302.9100036621094,5,-2.6999999999999993,13.58741447510997,-15.620776430305826,-1.5188823089165764,"Reynaldo Lopez","16400",625643
"Ryan Feltner ","COL","SP",999,30.1,101.74000282287602,13.587022749734054,-15.620776430305826,-1.5193675693577031,"Ryan Feltner","21446",663372
"Tyler Ferguson ","CHC","RP",999,58,328.20000000000005,-24.38057197563244,20.694823109108,-1.5800242065671046,"Tyler Ferguson","19481",621053
"Justin Wilson ",,"RP",999,48.1,320.2399887084961,-24.385229872574122,20.694823109108,-1.5832847344262833,"Justin Wilson","4301",458677
"Brooks Raley ","NYM","RP",999,25.2,222.08000564575195,-24.63349641977858,20.694823109108,-1.7570713174694061,"Brooks Raley","10061",548384
"Matt Waldron ","SDP","SP",999,4.2,-8.820001411437989,13.345970785288142,-15.620776430305826,-1.817977232640163,"Matt Waldron","25550",663362
"Bruce Zimmermann ","STL","SP",999,6,-2.399999999999995,13.253406385252008,-15.620776430305826,-1.932643895449853,"Bruce Zimmermann","20370",669145
"Taj Bradley ","MIN","SP",492.4599914550781,142.2,563.9799774169924,13.221674592451237,-15.620776430305826,-1.9719525150056714,"Taj Bradley","22543",671737
"Brock Stewart ","LAD","RP",999,37.2,268.180005645752,-24.965125878786914,20.694823109108,-1.989211938775238,"Brock Stewart","16727",592779
"Enyel De Los Santos ","HOU","RP",999,66,319.70000000000005,-25.115865499489896,20.694823109108,-2.0947296732673233,"Enyel De Los Santos","18403",660853
"Mason Barnett ","ATH","SP",999,22.1,62.04000282287598,13.032446475670367,-15.620776430305826,-2.206363980456259,"Mason Barnett","31741",686930
"Ryan Helsley ","BAL","RP",85.58999633789062,56,317.4000000000001,-25.314827276533673,20.694823109108,-2.2340029171979676,"Ryan Helsley","18138",664854
"Matthew Liberatore ","STL","SP",410.2300109863281,151.2,598.3799774169922,12.957814102115565,-15.620776430305826,-2.2988168587739994,"Matthew Liberatore","22294",669461
"Luis García ","MIN","RP",999,55.1,316.13998870849616,-25.42382470507839,20.694823109108,-2.3103011171792702,"Luis Garcia","6984",472610
"Brenan Hanifee ","DET","RP",999,60,316.1,-25.42728393312364,20.694823109108,-2.312722576810945,"Brenan Hanifee","22304",669724
"Yu Darvish ","SDP","SP",999,72,268.00000000000006,12.887055640353026,-15.620776430305826,-2.386470823718298,"Yu Darvish","13074",506433
"Zebby Matthews ","MIN","SP",488.6400146484375,79.1,297.3399887084961,12.869402102391744,-15.620776430305826,-2.4083396229976555,"Zebby Matthews","31827",805673
"Shane Baz ","BAL","SP",186.92999267578125,166.1,658.5400451660157,12.798566286413628,-15.620776430305826,-2.4960894125759503,"Shane Baz","22264",669358
"Rafael Montero ","NYY","RP",999,60.1,311.0399887084962,-25.865000819392865,20.694823109108,-2.6191243971994,"Rafael Montero","12760",606160
"Aaron Civale ","ATH","SP",748.5800170898438,102,390.40000000000003,12.676493604076999,-15.620776430305826,-2.6473102609615573,"Aaron Civale","19479",650644
"Erik Sabrowski ","CLE","RP",999,29.1,223.34000282287602,-25.92834261626334,20.694823109108,-2.6634636550087345,"Erik Sabrowski","24978",681870
"Rich Hill ",,"SP",999,9,2.6000000000000085,12.606053109538761,-15.620776430305826,-2.7345703353768895,"Rich Hill","4806",448179
"Adam Mazur ","MIA","SP",999,30,88.99999999999999,12.520943370872294,-15.620776430305826,-2.8400023340899914,"Adam Mazur","31900",800049
"Tommy Nance ","TOR","RP",999,31.2,228.88000564575196,-26.2050193566573,20.694823109108,-2.857137373284507,"Tommy Nance","19178",667297
"Spencer Arrighetti ","HOU","SP",728.3099975585938,35.1,109.93998870849612,12.496566073087159,-15.620776430305826,-2.870200373338862,"Spencer Arrighetti","29921",681293
"Ben Brown ","CHC","SP",733.6500244140625,106.1,404.1399887084963,12.389239065018513,-15.620776430305826,-3.003154617516712,"Ben Brown","23590",676962
"Victor Vodnik ","COL","RP",496.760009765625,50.2,303.28000564575206,-26.536279088955133,20.694823109108,-3.0890191858929894,"Victor Vodnik","24614",680767
"Isaac Mattson ","PIT","RP",999,47.2,290.08000564575195,-26.67026000078943,20.694823109108,-3.182805824176996,"Isaac Mattson","20385",676755
"Taylor Clarke ","ARI","RP",999,55.1,296.53998870849614,-27.119325065973232,20.694823109108,-3.4971513698056595,"Taylor Clarke","17611",664199
"Cade Cavalli ","WSN","SP",305.2200012207031,48.2,157.380005645752,11.884898528170583,-15.620776430305826,-3.6279201457049153,"Cade Cavalli","27473",676917
"Michael McGreevy ","STL","SP",715.3800048828125,95.2,352.87997741699223,11.878546086373493,-15.620776430305826,-3.6357894053909385,"Michael McGreevy","29869",700241
"Yennier Cano ","BAL","RP",999,58,293.9000000000001,-27.347697607198402,20.694823109108,-3.6570121486632754,"Yennier Cano","25911",666974
"Manuel Rodríguez ","TBR","RP",999,30.1,206.54000282287603,-27.7415882658816,20.694823109108,-3.932735609741518,"Manuel Rodriguez","20794",655889
"Ryan Thompson ","ARI","RP",748.4299926757812,41.1,251.73998870849613,-27.791113241701883,20.694823109108,-3.9674030928157142,"Ryan Thompson","16647",657044
"J.T. Ginn ","ATH","SP",748.3499755859375,90.1,327.4399887084961,11.513650342116435,-15.620776430305826,-4.08781391212443,"J.T. Ginn","27889",669372
"Justin Lawrence ","PIT","RP",999,17.2,149.88000564575194,-27.999489108591362,20.694823109108,-4.113266199638352,"Justin Lawrence","17639",664875
"Jameson Taillon ","CHC","SP",504.4700012207031,129.2,489.87997741699223,11.49112030474676,-15.620776430305826,-4.115723607397663,"Jameson Taillon","11674",592791
"Joey Wentz ","ATL","SP",748.4600219726562,98,358.90000000000003,11.391420813758172,-15.620776430305826,-4.239229057776248,"Joey Wentz","19962",666214
"Mason Fluharty ","TOR","RP",999,52.2,283.88000564575196,-28.21447842575921,20.694823109108,-4.2637587216558455,"Mason Fluharty","31553",689254
"Andrew Saalfrank ","ARI","RP",999,29,195.9,-28.26604726579624,20.694823109108,-4.299856909681761,"Andrew Saalfrank","26203",685314
"Chris Martin ","TEX","RP",638.3599853515625,42.1,249.93998870849606,-28.306782084512875,20.694823109108,-4.328371282783411,"Chris Martin","11847",455119
"Jackson Jobe ","DET","SP",999,49,153.9,11.295892794436954,-15.620776430305826,-4.35756698441011,"Jackson Jobe","30203",695549
"Max Meyer ","MIA","SP",281.45001220703125,64.2,216.27997741699232,11.220695038199425,-15.620776430305826,-4.4507202458709765,"Max Meyer","27474",676974
"Cole Winn ","TEX","RP",999,41.2,243.18000564575198,-28.567592394108825,20.694823109108,-4.510938499500575,"Cole Winn","22113",668390
"Mark Leiter Jr. ","ATH","RP",727.989990234375,48.1,269.2399887084961,-28.796991015718856,20.694823109108,-4.671517534627596,"Mark Leiter Jr.","15551",643410
"Justin Martinez ","ARI","RP",999,15.1,130.24000282287597,-28.942534566596244,20.694823109108,-4.773398020241767,"Justin Martinez","24453",679885
"Spencer Strider ","ATL","SP",124.86000061035156,125.1,466.3399887084962,10.930624663357849,-15.620776430305826,-4.8100527954262615,"Spencer Strider","27498",675911
"Luke Jackson ","NYM","RP",999,51,274.6000000000001,-29.017246431957098,20.694823109108,-4.825696325994364,"Luke Jackson","11752",592426
"Steven Wilson ","TBR","RP",999,55.1,273.63998870849616,-29.100292324365668,20.694823109108,-4.8838284506803635,"Steven Wilson","20353",621051
"Clayton Beeter ","WSN","RP",307.1400146484375,25.1,168.040002822876,-29.272237273383038,20.694823109108,-5.004189914992526,"Clayton Beeter","27494",690925
"José Alvarado ","PHI","RP",746.0700073242188,26,171,-29.34014588711397,20.694823109108,-5.051725944604176,"Jose Alvarado","17780",621237
"Yimi García ","TOR","RP",999,21,150.00000000000003,-29.35695528667359,20.694823109108,-5.063492524295907,"Yimi Garcia","12095",554340
"Zac Gallen ","ARI","SP",222.69000244140625,192,733.9000000000003,10.714555392481673,-15.620776430305826,-5.077714469000793,"Zac Gallen","19291",668678
"Justin Slaten ","BOS","RP",999,34,203.50000000000003,-29.408406480317776,20.694823109108,-5.099508359846838,"Justin Slaten","25648",686580
"A.J. Minter ","NYM","RP",999,11,106.80000000000001,-29.49438023033741,20.694823109108,-5.159689984860583,"A.J. Minter","18655",621345
"Marcus Stroman ",,"SP",999,39,104.40000000000003,10.613485591914074,-15.620776430305826,-5.20291742756157,"Marcus Stroman","13431",573186
"Tony Gonsolin ","LAD","SP",999,36,91.90000000000003,10.612050464223682,-15.620776430305826,-5.204695230938451,"Tony Gonsolin","19388",664062
"Kade Strowd ","ARI","RP",999,26.1,168.240002822876,-29.614895875286386,20.694823109108,-5.244050936324868,"Kade Strowd","26191",669704
"Erik Miller ","SFG","RP",999,30,183.6,-29.690019873372304,20.694823109108,-5.296637734985013,"Erik Miller","26252",669062
"Connor Gillispie ","PHI","SP",999,26,48.39999999999999,10.448673984423712,-15.620776430305826,-5.407082279446778,"Connor Gillispie","26171",687362
"Hunter Harvey ","CHC","RP",748.530029296875,10.2,98.87999858856202,-29.891533136976122,20.694823109108,-5.43769701950768,"Hunter Harvey","15507",640451
"Carson Whisenhunt ","SFG","SP",999,23.1,35.94000282287597,10.414703205831593,-15.620776430305826,-5.449164503419326,"Carson Whisenhunt","31676",687931
"Yusei Kikuchi ","LAA","SP",506.57000732421875,178.1,680.7400451660155,10.399464448559023,-15.620776430305826,-5.468041927581645,"Yusei Kikuchi","20633",579328
"Jake Bird ","NYY","RP",999,55.1,262.63998870849616,-30.05184864935767,20.694823109108,-5.549917878174767,"Jake Bird","21267",656234
"Ryne Stanek ","STL","RP",745.9000244140625,56,261.70000000000005,-30.13316248581135,20.694823109108,-5.606837563692343,"Ryne Stanek","15947",592773
"Kody Funderburk ","MIN","RP",748.510009765625,41,223.4,-30.20667196524558,20.694823109108,-5.658294199296303,"Kody Funderburk","24993",681892
"Shota Imanaga ","CHC","SP",157.92999267578125,144.2,537.5799774169923,10.218020160482205,-15.620776430305826,-5.692810963966333,"Shota Imanaga","33829",684007
"Kirby Yates ","LAA","RP",269.42999267578125,41.1,222.6399887084961,-30.308412246908002,20.694823109108,-5.729512396459996,"Kirby Yates","9073",489446
"Aaron Nola ","PHI","SP",205.52999877929688,94.1,327.53998870849614,10.082462350185365,-15.620776430305826,-5.860736880608798,"Aaron Nola","16149",605400
"Cade Povich ","BAL","SP",999,112.1,402.4399887084961,10.082422604282323,-15.620776430305826,-5.860786116924923,"Cade Povich","30055",700249
"Steven Cruz ","KCR","RP",999,45.2,237.38000564575202,-30.50916059671742,20.694823109108,-5.870036241326592,"Steven Cruz","23165",674444
"Connor Phillips ","CIN","RP",999,25,151.5,-30.667036109969313,20.694823109108,-5.980549100602915,"Connor Phillips","27649",683175
"Patrick Corbin ","TOR","SP",999,155.1,579.8400451660157,9.950169192633366,-15.620776430305826,-6.0246186200585505,"Patrick Corbin","9323",571578
"Logan Allen ","CLE","SP",999,156.2,584.2799774169922,9.938293773746155,-15.620776430305826,-6.039329617512559,"Logan Allen","27589",671106
"Nic Enright ","TOR","RP",999,31,171.09999999999997,-31.131293505039153,20.694823109108,-6.305529277151804,"Nic Enright","25553",663671
"Kyle Backhus ","PHI","RP",999,25.1,146.040002822876,-31.175349923367047,20.694823109108,-6.336368769981329,"Kyle Backhus","29615",679775
"Mason Englert ","TBR","RP",999,44.2,225.08000564575195,-31.213213952305278,20.694823109108,-6.362873590238091,"Mason Englert","22288",669438
"Luinder Avila ","KCR","RP",999,14,99.40000000000002,-31.214396999678,20.694823109108,-6.3637017233989965,"Luinder Avila","24452",679883
"Taylor Rashi ","ARI","RP",999,16.1,107.540002822876,-31.26616042689203,20.694823109108,-6.399936122448818,"Taylor Rashi","26344",688497
"Kumar Rocker ","TEX","SP",720.72998046875,64.1,197.43998870849606,9.62693495896698,-15.620776430305826,-6.425033799824241,"Kumar Rocker","31843",677958
"Kevin Ginkel ","ARI","RP",556.52001953125,25.2,144.48000564575193,-31.346293766994886,20.694823109108,-6.456029460520819,"Kevin Ginkel","19876",656464
"Jorge López ",,"RP",999,24.2,139.78000564575194,-31.39290820713372,20.694823109108,-6.488659568618001,"Jorge Lopez","14527",605347
"Tim Herrin ","CLE","RP",999,42.2,214.58000564575195,-31.401598465082145,20.694823109108,-6.494742749181899,"Tim Herrin","25139",682120
"Edgardo Henriquez ","LAD","RP",999,19,117.79999999999998,-31.42250091329831,20.694823109108,-6.509374462933216,"Edgardo Henriquez","26944",683618
"Andrew Chafin ",,"RP",999,33.2,176.68000564575198,-31.440505896334837,20.694823109108,-6.521977951058784,"Andrew Chafin","12988",605177
"Yuki Matsui ","SDP","RP",999,63.1,246.1399887084961,-31.479183136845673,20.694823109108,-6.5490520194163695,"Yuki Matsui","33826",673513
"Mason Montgomery ","PIT","RP",748.4400024414062,46,229.2,-31.504740396584005,20.694823109108,-6.5669421012332,"Mason Montgomery","29770",682254
"Slade Cecconi ","CLE","SP",584.5599975585938,132,478.60000000000014,9.507456448280386,-15.620776430305826,-6.573041047670663,"Slade Cecconi","27500",677944
"Jaden Hill ","COL","RP",999,29.1,158.540002822876,-31.533874421670767,20.694823109108,-6.587335918793935,"Jaden Hill","30250",677955
"Jesus Tinoco ","MIA","RP",999,19.1,116.840002822876,-31.541541684653858,20.694823109108,-6.592703002882098,"Jesus Tinoco","16300",622786
"Wikelman González ","CHW","RP",999,20.1,120.640002822876,-31.572781852923466,20.694823109108,-6.614571120670821,"Wikelman Gonzalez","26641",682790
"Danny Young ","ATL","RP",999,8.1,69.54000282287598,-31.673677996184228,20.694823109108,-6.6851984209533555,"Danny Young","18439",664849
"Cole Henry ","WSN","RP",736.2100219726562,52.2,242.38000564575202,-31.80444092459267,20.694823109108,-6.776732470839266,"Cole Henry","27570",669371
"PJ Poulin ","WSN","RP",999,24.2,134.68000564575195,-31.83408432144819,20.694823109108,-6.797482848638131,"PJ Poulin","23394",676571
"Joel Peguero ","SFG","RP",999,22.1,125.94000282287598,-31.834223966506457,20.694823109108,-6.797580600178918,"Joel Peguero","21951",666711
"Joey Lucchesi ","LAA","RP",999,38.1,191.73998870849613,-31.901541590948646,20.694823109108,-6.8447029372884485,"Joey Lucchesi","19320",664192
"Ryan Borucki ","SFG","RP",999,35,178.39999999999998,-31.93964462970273,20.694823109108,-6.871375064416309,"Ryan Borucki","16350",621366
"Taylor Rogers ","MIN","RP",415.510009765625,50.2,240.18000564575198,-31.994752189591075,20.694823109108,-6.9099503563381495,"Taylor Rogers","13449",573124
"Dylan Dodd ","ATL","RP",999,35,177.7,-32.0001982140204,20.694823109108,-6.913762573438678,"Dylan Dodd","29928",689266
"Nick Sandlin ","DET","RP",999,16.1,98.94000282287601,-32.01010446279487,20.694823109108,-6.920696947580804,"Nick Sandlin","20517",680704
"Zack Kelly ","BOS","RP",999,35.1,177.83998870849612,-32.02408388727438,20.694823109108,-6.930482544716464,"Zack Kelly","20349",677161
"Jeffrey Springs ","ATH","SP",722.25,171,637.2000000000002,9.188743138485574,-15.620776430305826,-6.967855810289292,"Jeffrey Springs","17677",605488
"Gordon Graceffo ","STL","RP",999,43,209.6,-32.12036187949651,20.694823109108,-6.9978771392719485,"Gordon Graceffo","29519",700669
"Cole Sulser ","TBR","RP",999,22.2,122.98000564575196,-32.12627497876964,20.694823109108,-7.002016308763142,"Cole Sulser","15256",642121
"John Curtiss ","ARI","RP",999,36.2,180.98000564575196,-32.14841275636576,20.694823109108,-7.01751275308043,"John Curtiss","16128",595928
"Davis Martin ","CHW","SP",999,142.2,516.6799774169923,9.129982394985635,-15.620776430305826,-7.0406472761090235,"Davis Martin","21448",663436
"Evan Sisk ","PIT","RP",999,17.2,101.38000564575195,-32.19498745060155,20.694823109108,-7.050115039045485,"Evan Sisk","24995",681895
"David Robertson ",,"RP",999,17.2,101.28000564575193,-32.20363796264694,20.694823109108,-7.056170397477253,"David Robertson","8241",502085
"McCade Brown ","COL","SP",999,25.2,29.68000564575196,9.117266044082582,-15.620776430305826,-7.056400000921164,"McCade Brown","30004",685326
"Ron Marinaccio ","SDP","RP",999,10.2,71.87999858856202,-32.22717138922921,20.694823109108,-7.072643796084847,"Ron Marinaccio","23488",676760
"Michael Kopech ",,"RP",999,11,74.80000000000001,-32.2625440848596,20.694823109108,-7.097404683026113,"Michael Kopech","17282",656629
"Daysbel Hernández ","ATL","RP",999,37,182.70000000000002,-32.287591863739536,20.694823109108,-7.114938128242073,"Daysbel Hernandez","20271",678226
"Will Klein ","LAD","RP",999,15.1,91.34000282287596,-32.307583752249776,20.694823109108,-7.128932450199244,"Will Klein","27787",694361
"Eric Orze ","MIN","RP",999,41.2,198.88000564575196,-32.39976923021298,20.694823109108,-7.193462284773483,"Eric Orze","27626",679358
"Cody Laweryson ","MIN","RP",999,7.2,56.879998588562025,-32.44486931805415,20.694823109108,-7.225032346262303,"Cody Laweryson","26429",689520
"A.J. Puk ","ARI","RP",748.5,8,59.800000000000004,-32.48024201368453,20.694823109108,-7.249793233203569,"A.J. Puk","19343",640462
"Evan Phillips ","LAD","RP",999,5.2,47.07999858856201,-32.57270024651334,20.694823109108,-7.3145139961837415,"Evan Phillips","17734",623465
"Trevor Williams ","WSN","SP",999,82.2,264.3799774169922,8.902318064134036,-15.620776430305826,-7.322672644926444,"Trevor Williams","16977",592866
"Max Kranick ","WSN","RP",999,37,178.9,-32.616311321464046,20.694823109108,-7.345041748649228,"Max Kranick","22175",668820
"Elvis Alvarado ","ATH","RP",748.52001953125,42.1,199.33998870849604,-32.683941179476086,20.694823109108,-7.392382649257657,"Elvis Alvarado","21662",665660
"Brent Headrick ","NYY","RP",999,23,119.80000000000001,-32.689329176367124,20.694823109108,-7.396154247081384,"Brent Headrick","27702",687396
"Juan Morillo ","ARI","RP",999,34.1,165.9399887084961,-32.69353519468071,20.694823109108,-7.399098459900895,"Juan Morillo","21924",666661
"Kyle Nicolas ","CIN","RP",999,38,181.89999999999995,-32.7167555860967,20.694823109108,-7.415352733892092,"Kyle Nicolas","27775",693312
"Blake Treinen ","LAD","RP",999,26.2,131.68000564575198,-32.81351893479787,20.694823109108,-7.483087077982908,"Blake Treinen","12572",595014
"Yerry De los Santos ","NYY","RP",999,35.2,168.980005645752,-32.82651457581746,20.694823109108,-7.492184026696622,"Yerry De los Santos","21420",660787
"Bradgley Rodriguez ","SDP","RP",999,7.2,51.879998588562025,-32.87739492032324,20.694823109108,-7.527800267850669,"Bradgley Rodriguez","29107",699134
"Michael Kelly ","ATH","RP",999,39.2,184.38000564575196,-32.93417422480512,20.694823109108,-7.567545780987976,"Michael Kelly","12791",547184
"Freddy Tarnok ",,"RP",999,7.1,50.639999294281026,-32.94866528036668,20.694823109108,-7.5776895198810745,"Freddy Tarnok","23324",676206
"Jose Quintana ","COL","SP",999,131.2,465.47997741699226,8.660476113685375,-15.620776430305826,-7.6222609248106,"Jose Quintana","11423",500779
"Brandon Pfaadt ","ARI","SP",588.5999755859375,176.2,652.2799774169923,8.62144944472356,-15.620776430305826,-7.670606270199142,"Brandon Pfaadt","27782",694297
"Dylan Smith ","SFG","RP",999,13,73.60000000000001,-33.0862694813924,20.694823109108,-7.67401246059908,"Dylan Smith","30145",681916
"Yohan Ramírez ","PIT","RP",999,33.1,155.93998870849612,-33.198626773224774,20.694823109108,-7.752662564881742,"Yohan Ramirez","19444",670990
"Dedniel Núñez ","NYM","RP",999,9.2,56.17999858856203,-33.22534215436005,20.694823109108,-7.771363331676433,"Dedniel Nunez","23055",673380
"Chase Shugart ","PHI","RP",999,45,204.39999999999998,-33.29010775784458,20.694823109108,-7.816699254115607,"Chase Shugart","21544",663767
"Darren McCaughan ","CIN","RP",999,5.1,37.739999294281006,-33.344662082232716,20.694823109108,-7.854887281187297,"Darren McCaughan","20038",670766
"Jose Espada ","BAL","RP",999,3,27.6,-33.46590876232692,20.694823109108,-7.9397599572532425,"Jose Espada","21131",664744
"Seth Halvorsen ","COL","RP",712.510009765625,39.2,177.38000564575194,-33.53971006798185,20.694823109108,-7.991420871211693,"Seth Halvorsen","33294",678020
"Paul Sewald ","ARI","RP",389.9100036621094,19.2,94.08000564575194,-33.546394081902655,20.694823109108,-7.996099680956256,"Paul Sewald","13892",623149
"Hunter Strickland ",,"RP",999,22,105.00000000000003,-33.609645333089524,20.694823109108,-8.04037555678706,"Hunter Strickland","7836",519326
"Zach Thompson ",,"RP",999,3.2,26.680000352859498,-33.61748538498331,20.694823109108,-8.045863593112712,"Zach Thompson","16094",605507
"Robert Stephenson ","LAA","RP",683.219970703125,10,54.5,-33.65863840407799,20.694823109108,-8.07467070647899,"Robert Stephenson","13594",596112
"Tanner Rainey ","DET","RP",999,9.2,50.27999858856202,-33.735722365037574,20.694823109108,-8.128629479150698,"Tanner Rainey","17610",663432
"Chase Lee ","TOR","RP",999,37.1,166.2399887084961,-33.7474625365269,20.694823109108,-8.136847599193228,"Chase Lee","29574",695445
"J.P. France ","HOU","RP",999,4,28.4,-33.75666429195797,20.694823109108,-8.143288827994978,"J.P. France","21212",641585
"Logan Evans ","SEA","SP",999,81.1,252.03998870849614,8.230800893845556,-15.620776430305826,-8.154532765084172,"Logan Evans","33699",688138
"Didier Fuentes ","ATL","SP",600.4400024414062,13,-31.39999999999999,8.225040510132487,-15.620776430305826,-8.161668596749726,"Didier Fuentes","30661",800311
"Dauri Moreta ",,"RP",999,16.2,78.68000564575198,-33.79869405890912,20.694823109108,-8.172709664860776,"Dauri Moreta","21101",664294
"Chris Murphy ","CHW","RP",999,34.2,153.28000564575194,-33.82468534094831,20.694823109108,-8.190903562288211,"Chris Murphy","26214",669684
"Jason Alexander ","HOU","SP",999,77.1,235.03998870849614,8.200052350107088,-15.620776430305826,-8.192623358177968,"Jason Alexander","19666",669920
"Brandyn Garcia ","ARI","RP",999,14.1,69.54000282287599,-33.8334357521489,20.694823109108,-8.197028850128627,"Brandyn Garcia","33568",805299
"Michael Tonkin ","MIN","RP",999,24,110.70000000000002,-33.83648539849098,20.694823109108,-8.199163602568085,"Michael Tonkin","10315",543859
"Josh Winckowski ","TOR","RP",999,11.2,57.27999858856202,-33.85010577384908,20.694823109108,-8.208697865318753,"Josh Winckowski","22387",670174
"Collin Snider ","CHC","RP",999,26.1,119.040002822876,-33.87094780161425,20.694823109108,-8.22328728475437,"Collin Snider","23307",676092
"Dan Altavilla ","MIN","RP",999,29,131,-33.88022958324903,20.694823109108,-8.229784531898725,"Dan Altavilla","16507",656186
"Austin Warren ","NYM","RP",999,9.1,48.04000282287598,-33.89349771193543,20.694823109108,-8.2390722219792,"Austin Warren","24937",681810
"Luis Guerrero ","TBR","RP",999,17.1,81.14000282287597,-33.90985523286695,20.694823109108,-8.250522486631263,"Luis Guerrero","31184",692285
"Sam Bachman ","LAA","RP",999,20.1,93.240002822876,-33.943022153358086,20.694823109108,-8.273739330975058,"Sam Bachman","29754",696147
"Chase Silseth ","LAA","RP",999,11,55.10000000000001,-33.96669495779982,20.694823109108,-8.290310294084268,"Chase Silseth","30074",681217
"Craig Kimbrel ","NYM","RP",999,12,59.20000000000002,-33.97198358993327,20.694823109108,-8.294012336577685,"Craig Kimbrel","6655",518886
"Joe Rock ","TBR","RP",999,7.2,38.77999858856202,-34.01061199826826,20.694823109108,-8.321052222412183,"Joe Rock","30016",697812
"Lyon Richardson ","CIN","RP",999,37.2,163.48000564575196,-34.02221199030169,20.694823109108,-8.329172216835582,"Lyon Richardson","24581",680689
"Tom Cosgrove ","HOU","RP",999,4,24.8,-34.06808272559173,20.694823109108,-8.361281731538604,"Tom Cosgrove","23443",676680
"Christian Montes De Oca ",,"RP",999,2.2,17.2800003528595,-34.07067389125509,20.694823109108,-8.363095547502958,"Christian Montes De Oca","30206",801216
"Hunter Barco ","PIT","RP",999,3,20.400000000000002,-34.0887456295944,20.694823109108,-8.37574576434048,"Hunter Barco","33174",682995
"Kevin Herget ","NYM","RP",999,13,62,-34.0897288786567,20.694823109108,-8.376434038684087,"Kevin Herget","15369",643361
"Jordan Romano ","COL","RP",688.9600219726562,42.2,183.28000564575194,-34.10920873528666,20.694823109108,-8.390069938325055,"Jordan Romano","16122",605447
"Nick Burdi ",,"RP",999,5.1,28.739999294281006,-34.12320816631708,20.694823109108,-8.399869540046355,"Nick Burdi","16074",595897
"Ezequiel Duran ","TEX","RP",999,3.1,20.339999294281007,-34.12993192614093,20.694823109108,-8.404576171923045,"Ezequiel Duran","23733",677649
"Zak Kent ","WSN","RP",999,17.2,78.78000564575194,-34.150003172857836,20.694823109108,-8.418626044624887,"Zak Kent","25703",687849
"Cristian Mena ","ARI","RP",999,6.2,32.77999858856202,-34.169683094997055,20.694823109108,-8.43240199012234,"Cristian Mena","27974",691441
"Ryan Burr ","TOR","RP",999,2,15.2,-34.17861262996015,20.694823109108,-8.4386526645965,"Ryan Burr","17536",621114
"Easton McGee ","MIL","RP",999,14.2,64.77999858856204,-34.281196248427776,20.694823109108,-8.510461197523842,"Easton McGee","22176",668834
"Jesse Scholtens ","TBR","RP",999,8.1,39.24000282287598,-34.29478314593492,20.694823109108,-8.519972025778841,"Jesse Scholtens","19205",669947
"Nick Raquet ","BAL","RP",999,2,13.8,-34.2997197985955,20.694823109108,-8.52342768264124,"Nick Raquet","20333",675919
"Josh Walker ","BAL","RP",999,5,26.200000000000003,-34.30693518295048,20.694823109108,-8.52847845168974,"Josh Walker","23617",677020
"Logan Davidson ","TBR","RP",999,1,9.4,-34.32038270259818,20.694823109108,-8.537891715443125,"Logan Davidson","25844",669722
"José Quijada ",,"RP",999,1.1,9.54000017642975,-34.34426794165409,20.694823109108,-8.55461138278226,"Jose Quijada","19200",650671
"Max Scherzer ","TOR","SP",546.9299926757812,85,264.09999999999997,7.870210532659664,-15.620776430305826,-8.601223861687036,"Max Scherzer","3137",453286
"Christian Roa ","BAL","RP",999,3,16.6,-34.41746508731892,20.694823109108,-8.605849384747641,"Christian Roa","27662",685005
"Tomás Nido ","DET","RP",999,1.2,8.880000352859497,-34.43735727707305,20.694823109108,-8.619773917575534,"Tomas Nido","13755",621512
"Bryan Hoeing ","SDP","RP",999,8,36.800000000000004,-34.469859784122356,20.694823109108,-8.642525672510045,"Bryan Hoeing","26304",663773
"Jacob Stallings ","BAL","RP",999,2,11.600000000000001,-34.49003106359389,20.694823109108,-8.656645568140123,"Jacob Stallings","13723",607732
"Michael Stefanic ","ATH","RP",999,1,7.4,-34.49339294350582,20.694823109108,-8.658998884078475,"Michael Stefanic","25353",683021
"Jacob Amaya ","ARI","RP",999,1,7.4,-34.49339294350582,20.694823109108,-8.658998884078475,"Jacob Amaya","23296",676070
"César Salazar ","HOU","RP",999,1,7.4,-34.49339294350582,20.694823109108,-8.658998884078475,"Cesar Salazar","21587",663967
"Garrett Hampson ","CIN","RP",999,1,7.4,-34.49339294350582,20.694823109108,-8.658998884078475,"Garrett Hampson","19262",641658
"José Berríos ","TOR","SP",715.6500244140625,166,600.6000000000001,7.82245385984639,-15.620776430305826,-8.660383736285205,"Jose Berrios","14168",621244
"Jhonathan Díaz ","SEA","RP",999,1.1,7.54000017642975,-34.517278182561725,20.694823109108,-8.675718551417607,"Jhonathan Diaz","20298",646242
"Randy Vásquez ","SDP","SP",721.1699829101562,133.2,463.87997741699223,7.802148668971032,-15.620776430305826,-8.685537342579655,"Randy Vasquez","24719",681190
"Christian Koss ","SFG","RP",999,4,19.200000000000003,-34.5525114001331,20.694823109108,-8.700381803717567,"Christian Koss","27653",683766
"Luis Vázquez ","BAL","RP",999,4.1,19.539999294281007,-34.559095648498094,20.694823109108,-8.704990777573064,"Luis Vazquez","23442",676679
"Weston Wilson ","BAL","RP",999,3,14.400000000000002,-34.607776352317316,20.694823109108,-8.739067270246517,"Weston Wilson","19358",642215
"Ryan Fitzgerald ","LAD","RP",999,2,9.600000000000001,-34.66304130450153,20.694823109108,-8.77775273677547,"Ryan Fitzgerald","24622",680837
"Joey Gerber ","NYM","RP",999,4.1,18.239999294281006,-34.67155230508806,20.694823109108,-8.783710437186041,"Joey Gerber","24591",680702
"Colin Selby ","BAL","RP",999,14,59.400000000000034,-34.674601817830734,20.694823109108,-8.785845096105907,"Colin Selby","24986",681882
"Omar Cruz ","SDP","RP",999,3.2,14.280000352859496,-34.69014887861065,20.694823109108,-8.796728038651855,"Omar Cruz","23875",678316
"Jovani Morán ","BOS","RP",999,4,17.6,-34.69091959285921,20.694823109108,-8.797267538625844,"Jovani Moran","20422",663558
"Keaton Winn ","SFG","RP",999,10,42.5,-34.69669984952381,20.694823109108,-8.801313718291068,"Keaton Winn","23499",676775
"Isiah Kiner-Falefa ","BOS","RP",746.1500244140625,0.2,1.4800000220537186,-34.71753555496214,20.694823109108,-8.815898712097892,"Isiah Kiner-Falefa","16512",643396
"Alec Burleson ","STL","RP",175.19000244140625,1,4.800000000000001,-34.71830625668574,20.694823109108,-8.816438203304417,"Alec Burleson","27615",676475
"Anthony Seigler ","BOS","RP",999,1,4.800000000000001,-34.71830625668574,20.694823109108,-8.816438203304417,"Anthony Seigler","23802",678011
"Alan Trejo ",,"RP",999,1,4.800000000000001,-34.71830625668574,20.694823109108,-8.816438203304417,"Alan Trejo","20056",676701
"Willi Castro ","COL","RP",256.3399963378906,1,4.800000000000001,-34.71830625668574,20.694823109108,-8.816438203304417,"Willi Castro","17338",650489
"Ryan Gusto ","MIA","SP",999,101.2,329.37997741699223,7.6859179997440785,-15.620776430305826,-8.829521238669178,"Ryan Gusto","26440",687473
"Alan Rangel ","PHI","RP",999,11,46.10000000000001,-34.74524104188418,20.694823109108,-8.835292552943322,"Alan Rangel","19524",660604
"Zach McKinstry ","DET","RP",510.30999755859375,0.1,0.7400000110268593,-34.74555338191605,20.694823109108,-8.835511190965631,"Zach McKinstry","19392",656716
"Jack Little ","DET","RP",999,3,12.800000000000002,-34.74618454504342,20.694823109108,-8.835953005154796,"Jack Little","26152",669193
"Austin Pope ",,"RP",999,2,8.600000000000001,-34.74954642495535,20.694823109108,-8.838306321093144,"Austin Pope","26136",687166
"Luke Maile ","KCR","RP",999,1,4.4,-34.752908304867276,20.694823109108,-8.84065963703149,"Luke Maile","13355",571912
"Matt Krook ","ATH","RP",999,3.1,12.939999294281009,-34.770069817499184,20.694823109108,-8.852672695873826,"Matt Krook","19315",640454
"Angel Perdomo ",,"RP",999,3.1,12.73999929428101,-34.78737084158995,20.694823109108,-8.864783412737362,"Angel Perdomo","17759",622780
"Justin Bruihl ","STL","RP",999,13.2,54.67999858856199,-34.79493833901723,20.694823109108,-8.870080660936457,"Justin Bruihl","23779",677865
"Carl Edwards Jr. ","DET","RP",999,6,24.700000000000003,-34.79665248962532,20.694823109108,-8.871280566362127,"Carl Edwards Jr.","13607",605218
"Reiver Sanmartin ","SFG","RP",999,1.2,4.680000352859497,-34.800678782979084,20.694823109108,-8.874098971709758,"Reiver Sanmartin","19754",665665
"Julian Merryweather ","MIN","RP",999,18.2,75.28000564575194,-34.81273072044032,20.694823109108,-8.882535327932622,"Julian Merryweather","16703",657240
"Marc Church ","TEX","RP",999,4.2,16.679998588562015,-34.8424962823153,20.694823109108,-8.903371221245113,"Marc Church","26353",687847
"Touki Toussaint ",,"RP",999,2,7.4,-34.85335256949993,20.694823109108,-8.91097062227435,"Touki Toussaint","16929",657053
"Tim Mayza ","PHI","RP",999,16.2,66.08000564575195,-34.88865857662722,20.694823109108,-8.935684827263454,"Tim Mayza","15042",641835
"Luis Curvelo ","TEX","RP",999,19,77.49999999999997,-34.90865726758719,20.694823109108,-8.94968391093543,"Luis Curvelo","24710",681168
"Philip Abner ","ARI","RP",999,3.2,11.680000352859494,-34.91506219179059,20.694823109108,-8.954167357877807,"Philip Abner","33821",691769
"Casey Kelly ","ARI","RP",999,1.2,3.2800003528594974,-34.92178595161444,20.694823109108,-8.958873989754501,"Casey Kelly","9174",543391
"Cody Bolton ","HOU","RP",999,2,6.4,-34.93985768995375,20.694823109108,-8.971524206592022,"Cody Bolton","23265",675989
"Austin Slater ","NYM","RP",999,0.2,-1.1199999779462815,-34.94244886814206,20.694823109108,-8.97333803132384,"Austin Slater","16153",596103
"Nate Eaton ","BOS","RP",999,1,2.2,-34.943219569865676,20.694823109108,-8.973877522530369,"Nate Eaton","25055",681987
"Trent Thornton ","CHC","RP",999,42.1,173.1399887084961,-34.95037533536612,20.694823109108,-8.97888655838068,"Trent Thornton","17948",663423
"Chas McCormick ","CHC","RP",999,3,10.400000000000002,-34.95379683413259,20.694823109108,-8.981281607517207,"Chas McCormick","19599",676801
"Adam Ottavino ",,"RP",999,1.2,2.880000352859497,-34.956387999795965,20.694823109108,-8.98309542348157,"Adam Ottavino","1247",493603
"Ryan Pressly ",,"RP",999,41.1,168.73998870849613,-34.9710382393688,20.694823109108,-8.993350591182558,"Ryan Pressly","7005",519151
"Randy Wynne ",,"RP",999,3,10.100000000000001,-34.97974837026874,20.694823109108,-8.999447682812516,"Randy Wynne","25804",691094
"Ali Sánchez ","NYY","RP",999,1,1.6000000000000005,-34.995122642137964,20.694823109108,-9.01020967312097,"Ali Sanchez","18551",645305
"José Urquidy ","PIT","RP",999,2.1,6.139999294281006,-34.99834501059103,20.694823109108,-9.012465331038122,"Jose Urquidy","18413",664353
"Jake Rogers ","DET","RP",999,3.2,10.680000352859498,-35.0015673122444,20.694823109108,-9.01472094219548,"Jake Rogers","19452",668670
"Nicky Lopez ","CHC","RP",999,0.1,-2.259999988973141,-35.005068743277505,20.694823109108,-9.017171943918653,"Nicky Lopez","19339",670032
"Garrett Acton ","MIN","RP",999,1,1.4000000000000004,-35.012423666228734,20.694823109108,-9.022320389984507,"Garrett Acton","27583",670183
"Alex Lange ","KCR","RP",999,1,1.2000000000000002,-35.02972469031949,20.694823109108,-9.034431106848043,"Alex Lange","19883",656638
"Daniel Robert ","PHI","RP",999,13,51,-35.0412852036487,20.694823109108,-9.042523466178487,"Daniel Robert","21229",642016
"Joel Payamps ","ATL","RP",999,26.1,105.340002822876,-35.05606795183156,20.694823109108,-9.052871389906489,"Joel Payamps","14332",606303
"Luke Williams ","ATL","RP",999,6,21.500000000000004,-35.073468875077545,20.694823109108,-9.065052036178681,"Luke Williams","19931",663897
"Nolan Hoffman ","PHI","RP",999,1,0.6000000000000005,-35.08162776259178,20.694823109108,-9.070763257438644,"Nolan Hoffman","23381",676510
"Ty Adcock ","SDP","RP",999,3,8.700000000000003,-35.100855538904085,20.694823109108,-9.084222700857254,"Ty Adcock","25651",686654
"Willie MacIver ","TOR","RP",999,2,4.4,-35.11286793086139,20.694823109108,-9.092631375227368,"Willie MacIver","24641",680862
"Jose Herrera ","TEX","RP",999,2,4.4,-35.11286793086139,20.694823109108,-9.092631375227368,"Jose Herrera","17040",645444
"Seth Johnson ","PHI","RP",999,12.2,46.77999858856203,-35.11836916460828,20.694823109108,-9.096482238850193,"Seth Johnson","26020",686751
"Yosver Zulueta ","SEA","RP",999,7.1,25.239999294281006,-35.14589533989367,20.694823109108,-9.115750561549968,"Yosver Zulueta","27765",691172
"Michael Petersen ","MIA","RP",999,18,70.50000000000003,-35.154233484769804,20.694823109108,-9.121587262963255,"Michael Petersen","20827",656848
"Bryce Jarvis ","ARI","RP",999,22,87.1,-35.15808698921287,20.694823109108,-9.124284716073408,"Bryce Jarvis","27477",686826
"Michael Darrell-Hicks ","PIT","RP",999,9.2,33.77999858856202,-35.16305685252558,20.694823109108,-9.127763620392301,"Michael Darrell-Hicks","31501",690382
"Jake Palisch ","CHW","RP",999,1,-0.39999999999999947,-35.16813288304561,20.694823109108,-9.13131684175632,"Jake Palisch","31598",669449
"Dom Hamel ","NYY","RP",999,1,-0.39999999999999947,-35.16813288304561,20.694823109108,-9.13131684175632,"Dom Hamel","30153",687589
"Jose Trevino ","CIN","RP",999,2.1,4.139999294281006,-35.17135525149867,20.694823109108,-9.133572499673468,"Jose Trevino","16725",624431
"Drey Jameson ","ARI","RP",999,3,7.800000000000004,-35.178710147312515,20.694823109108,-9.13872092674316,"Drey Jameson","26260",686753
"Niko Kavadas ","LAA","RP",999,1.2,0.08000035285949725,-35.19860233706666,20.694823109108,-9.152645459571055,"Niko Kavadas","29782",694359
"Tyler Wade ",,"RP",999,1,-0.7999999999999998,-35.20273493122713,20.694823109108,-9.155538275483387,"Tyler Wade","15730",642180
"Mike Yastrzemski ","ATL","RP",656.0999755859375,1,-0.7999999999999998,-35.20273493122713,20.694823109108,-9.155538275483387,"Mike Yastrzemski","14854",573262
"Travis Jankowski ","NYM","RP",999,1,-0.7999999999999998,-35.20273493122713,20.694823109108,-9.155538275483387,"Travis Jankowski","13768",608671
"Randy Dobnak ","SEA","RP",999,5.1,16.239999294281002,-35.2045221719898,20.694823109108,-9.156789344017263,"Randy Dobnak","23798",677976
"Ben Joyce ","LAA","RP",738.6500244140625,4.1,12.039999294281007,-35.207884051901736,20.694823109108,-9.159142659955608,"Ben Joyce","31461",690829
"Tyler Owens ","DET","RP",999,3,7.400000000000002,-35.21331219549405,20.694823109108,-9.162942360470224,"Tyler Owens","26030",687074
"Brett de Geus ",,"RP",999,2,3.200000000000001,-35.21667407540597,20.694823109108,-9.165295676408574,"Brett de Geus","23592",676969
"Nathan Wiles ",,"RP",999,1,-1,-35.2200359553179,20.694823109108,-9.16764899234692,"Nathan Wiles","25474",686249
"Ian Gibaut ",,"RP",999,25.1,99.240002822876,-35.22378956060574,20.694823109108,-9.170276516048416,"Ian Gibaut","17871",664139
"Jared Young ","NYM","RP",999,0.1,-4.859999988973141,-35.22998205645743,20.694823109108,-9.174611263144598,"Jared Young","20404",676724
"Miles Mastrobuoni ","SEA","RP",999,1,-1.1999999999999993,-35.23733697940865,20.694823109108,-9.179759709210455,"Miles Mastrobuoni","20017",670156
"Sammy Peralta ","COL","RP",999,10.2,37.07999858856201,-35.2375495810221,20.694823109108,-9.179908530339866,"Sammy Peralta","25589",671111
"Luke Little ","CHC","RP",999,2.2,3.680000352859498,-35.247143529427014,20.694823109108,-9.186624294223307,"Luke Little","28036",681432
"Bailey Horn ","DET","RP",999,11.1,40.24000282287598,-35.28815690346343,20.694823109108,-9.215333656048804,"Bailey Horn","27753",690544
"Erasmo Ramírez ","COL","RP",999,11,39.800000000000004,-35.29022330074324,20.694823109108,-9.216780134144662,"Erasmo Ramirez","10314",541640
"Andre Granillo ","WSN","RP",999,21,81.29999999999998,-35.29985706185091,20.694823109108,-9.223523766920033,"Andre Granillo","29542",701552
"Luis Mey ","CIN","RP",999,21,81.29999999999998,-35.29985706185091,20.694823109108,-9.223523766920033,"Luis Mey","25620",682825
"Mike Clevinger ","PIT","RP",748.0900268554688,5.2,15.479998588562012,-35.30626205285401,20.694823109108,-9.228007260622203,"Mike Clevinger","12808",605182
"Kaleb Ort ","LAA","RP",999,46,185.00000000000003,-35.328266720642766,20.694823109108,-9.243410528074337,"Kaleb Ort","20061",672391
"Dustin May ","STL","SP",414.6700134277344,132.1,454.0400451660157,7.346896437407624,-15.620776430305826,-9.249493400304464,"Dustin May","19716",669160
"Tucker Barnhart ",,"RP",999,2,1.8000000000000007,-35.33778124404131,20.694823109108,-9.250070694453315,"Tucker Barnhart","10200",571466
"Hayden Harris ","ATL","RP",999,2.2,2.4800003528594985,-35.3509496739716,20.694823109108,-9.259288595404517,"Hayden Harris","31913",802686
"Korey Lee ","CHW","RP",999,3,5.8000000000000025,-35.35172038822016,20.694823109108,-9.259828095378504,"Korey Lee","25543",686676
"Austin Hedges ","CLE","RP",999,3,5.600000000000003,-35.36902141231093,20.694823109108,-9.271938812242045,"Austin Hedges","12976",595978
"Jake Woodford ","MIL","RP",999,36.1,143.2399887084961,-35.377120680970606,20.694823109108,-9.277608300303823,"Jake Woodford","18674",663765
"Hunter Stratton ","ATL","RP",999,19,71.9,-35.39308594212857,20.694823109108,-9.288783983114396,"Hunter Stratton","23455",676702
"Gavin Hollowell ","CHC","RP",999,9.1,30.64000282287597,-35.39868680783188,20.694823109108,-9.292704589106709,"Gavin Hollowell","25427",668970
"Shawn Dubin ","WSN","RP",999,33.2,130.68000564575198,-35.41974143721048,20.694823109108,-9.307442829671732,"Shawn Dubin","24977",681869
"Leo Rivas ","SEA","RP",999,1,-3.3999999999999995,-35.42764824440706,20.694823109108,-9.312977594709336,"Leo Rivas","21009",660844
"Lucas Gilbreath ","COL","RP",999,1,-3.5,-35.43629875645244,20.694823109108,-9.319032953141104,"Lucas Gilbreath","21290",656458
"Yilber Díaz ","ARI","RP",999,3,4.8000000000000025,-35.438225508673966,20.694823109108,-9.320381679696178,"Yilber Diaz","29271",700270
"Xzavion Curry ","NYM","RP",999,3,4.8000000000000025,-35.438225508673966,20.694823109108,-9.320381679696178,"Xzavion Curry","25595",675540
"Trevor Richards ","CHW","RP",999,5.2,13.87999858856201,-35.44467024558011,20.694823109108,-9.324892995530476,"Trevor Richards","19309",670950
"Bryan Hudson ","CHW","RP",999,15,54.400000000000006,-35.46708704609394,20.694823109108,-9.340584755890154,"Bryan Hudson","19924",663542
"Patrick Monteverde ","MIA","RP",999,3.2,5.280000352859499,-35.468694962695025,20.694823109108,-9.341710297510911,"Patrick Monteverde","29564",687287
"Julian Fernández ","WSN","RP",999,5,12.600000000000001,-35.48340482112241,20.694823109108,-9.352007198410087,"Julian Fernandez","18341",642759
"Yaramil Hiraldo ","BAL","RP",999,19.2,71.68000564575196,-35.48410878006818,20.694823109108,-9.352499969672124,"Yaramil Hiraldo","25215",682274
"Luis Contreras ",,"RP",999,12,41.600000000000016,-35.49447370992047,20.694823109108,-9.359755420568728,"Luis Contreras","25839",664351
"Gerson Garabito ","MIL","RP",999,8,24.900000000000002,-35.4992707175228,20.694823109108,-9.36311332589035,"Gerson Garabito","19835",642520
"Jonathan Pintaro ","NYM","RP",999,0.2,-7.719999977946282,-35.513382663137264,20.694823109108,-9.372991687820482,"Jonathan Pintaro","33980",702752
"Connor Seabold ","DET","RP",999,10.1,33.24000282287598,-35.533733120646055,20.694823109108,-9.387237008076635,"Connor Seabold","19695",657756
"Miguel Castro ",,"RP",999,6,16.100000000000005,-35.54059652552816,20.694823109108,-9.392041391494113,"Miguel Castro","15684",612434
"Grant Wolfram ","BAL","RP",999,26.2,99.28000564575197,-35.61628483750158,20.694823109108,-9.445023209875506,"Grant Wolfram","21623",664991
"Tyler Matzek ",,"RP",999,6.1,15.53999929428101,-35.6250353823016,20.694823109108,-9.451148591235519,"Tyler Matzek","10058",554431
"Andrew Walters ","CLE","RP",999,1.1,-5.359999823570251,-35.63319423641598,20.694823109108,-9.456859789115585,"Andrew Walters","33834",689958
"T.J. McFarland ",,"RP",999,15.2,53.279998588562016,-35.6359647596408,20.694823109108,-9.458799155372958,"T.J. McFarland","3237",519008
"Justin Garza ","NYM","RP",999,6.2,15.779998588562016,-35.64027014271198,20.694823109108,-9.461812923522775,"Justin Garza","19784",621057
"Liam Hendriks ","CHC","RP",746.1699829101562,13.2,44.87999858856202,-35.64268851946465,20.694823109108,-9.46350578724965,"Liam Hendriks","3548",521230
"Abraham Toro ","KCR","RP",999,1,-6,-35.65256155758698,20.694823109108,-9.470416913935285,"Abraham Toro","19844",647351
"Sam Moll ","CIN","RP",999,18.1,65.14000282287599,-35.653896786122154,20.694823109108,-9.471351573909905,"Sam Moll","14874",594580
"John Rooney ","TBR","RP",999,1.1,-5.759999823570251,-35.66779628459751,20.694823109108,-9.48108122284265,"John Rooney","24590",680701
"Juan Burgos ","ARI","RP",999,13.1,44.14000282287598,-35.67070618568177,20.694823109108,-9.483118153601641,"Juan Burgos","27271",686228
"Alex Jackson ","MIN","RP",999,1,-6.3999999999999995,-35.68716360576851,20.694823109108,-9.494638347662354,"Alex Jackson","17276",656577
"Lazaro Estrada ","TOR","RP",999,7.1,18.939999294281016,-35.69087759875273,20.694823109108,-9.497238142751304,"Lazaro Estrada","24914",681751
"Will Wilson ","SEA","RP",999,2,-2.6999999999999993,-35.727054286083494,20.694823109108,-9.52256182388284,"Will Wilson","25434",669717
"Michael Fulmer ","SFG","RP",999,5.2,10.57999858856201,-35.730137143077705,20.694823109108,-9.524719823778796,"Michael Fulmer","13218",605242
"Carlos Duran ","LAD","RP",999,0.1,-10.85999998897314,-35.74901277918033,20.694823109108,-9.537932769050636,"Carlos Duran","24458",679922
"Jacob Barnes ",,"RP",999,8,21.900000000000002,-35.75878607888424,20.694823109108,-9.544774078843368,"Jacob Barnes","12323",606930
"Kyle Nelson ",,"RP",999,2,-3.1000000000000014,-35.76165633426502,20.694823109108,-9.546783257609913,"Kyle Nelson","20515",669459
"Jake Bauers ","MIL","RP",999,5,9.2,-35.777522230665404,20.694823109108,-9.557889385090174,"Jake Bauers","15194",641343
"Kenta Maeda ",,"RP",999,8,21.5,-35.79338812706577,20.694823109108,-9.568995512570435,"Kenta Maeda","18498",628317
"Logan Gillaspie ","SDP","RP",999,7,17.300000000000008,-35.796750006977696,20.694823109108,-9.571348828508786,"Logan Gillaspie","22461",670810
"Mitch Spence ","KCR","SP",999,84.2,251.67997741699213,7.083783782382309,-15.620776430305826,-9.575431342785295,"Mitch Spence","27707",687765
"Jon Berti ",,"RP",999,3.2,1.2800003528594974,-35.81471544451029,20.694823109108,-9.583924634781601,"Jon Berti","12037",542932
"Caleb Freeman ","TOR","RP",999,3.1,0.639999294281008,-35.834082799081145,20.694823109108,-9.597481782981204,"Caleb Freeman","26255",673965
"Cody Poteet ",,"RP",999,2.2,-3.3199996471405004,-35.85267937260374,20.694823109108,-9.610499384447017,"Cody Poteet","18769",547001
"Dugan Darnell ","DET","RP",999,11.2,33.57999858856202,-35.900277128604564,20.694823109108,-9.643817813647596,"Dugan Darnell","27812",699911
"Carson Fulmer ","PIT","RP",999,29.1,107.84000282287599,-35.919684028679356,20.694823109108,-9.657402643699944,"Carson Fulmer","18311",608334
"Jordan Wicks ","CHC","RP",999,14.1,45.34000282287598,-35.9268596671313,20.694823109108,-9.662425590616309,"Jordan Wicks","30094",696136
"Sauryn Lao ",,"RP",999,11,32.400000000000006,-35.930361192101486,20.694823109108,-9.664876658095437,"Sauryn Lao","21922",666659
"Vinny Capra ","BOS","RP",999,3,-1.0999999999999979,-35.9486057193515,20.694823109108,-9.677647827170446,"Vinny Capra","25040",681962
"Emerson Hancock ","SEA","SP",733.4199829101562,90,274.70000000000005,6.987366679499582,-15.620776430305826,-9.69487064581135,"Emerson Hancock","27470",676106
"Valente Bellozo ","COL","SP",999,81.1,237.63998870849616,6.985127159310566,-15.620776430305826,-9.697644912227698,"Valente Bellozo","23899",678368
"Cole Wilcox ","SEA","RP",999,1,-10,-35.99858203940226,20.694823109108,-9.712631251205979,"Cole Wilcox","27481",677961
"Logan Porter ","SFG","RP",999,1,-10.100000000000001,-36.00723255144764,20.694823109108,-9.718686609637746,"Logan Porter","20626",682515
"Jake Eder ","LAD","RP",999,18.1,61.04000282287598,-36.00856777998281,20.694823109108,-9.719621269612365,"Jake Eder","27590",671109
"Héctor Neris ",,"RP",999,26.2,94.68000564575196,-36.01420839158915,20.694823109108,-9.723569697736803,"Hector Neris","11804",593576
"Mason Black ","KCR","RP",999,4,2,-36.04039947193878,20.694823109108,-9.741903453981537,"Mason Black","30171",696131
"Brooks Kriske ","ATH","RP",999,18,59.90000000000002,-36.071187761580276,20.694823109108,-9.76345525673059,"Brooks Kriske","21189",621139
"Corbin Martin ","CHC","RP",999,18,59.8,-36.079838273625654,20.694823109108,-9.769510615162359,"Corbin Martin","19884",656686
"Dane Dunning ","SEA","RP",999,20.2,68.88000564575195,-36.08628274333299,20.694823109108,-9.774021743957485,"Dane Dunning","19409",641540
"Michael Lorenzen ","COL","SP",999,141.2,486.97997741699226,6.920739943501333,-15.620776430305826,-9.777406323327101,"Michael Lorenzen","14843",547179
"Konnor Pilkington ","DET","RP",999,28.1,101.64000282287597,-36.09605614949892,20.694823109108,-9.780863128273637,"Konnor Pilkington","21453",663455
"Dillon Tate ",,"RP",999,6.1,10.039999294281014,-36.1008135447976,20.694823109108,-9.784193304982715,"Dillon Tate","17796",622253
"Keider Montero ","DET","SP",999,90.2,274.67997741699224,6.913643796855465,-15.620776430305826,-9.786196867579237,"Keider Montero","22630",672456
"Seth Martinez ","BOS","RP",999,6.2,9.879998588562017,-36.150650353389494,20.694823109108,-9.819079070997043,"Seth Martinez","21045",661527
"Ben Bowden ","ATH","RP",999,10.2,26.479998588562005,-36.154503857832566,20.694823109108,-9.821776524107191,"Ben Bowden","20198",641386
"Andrew Hoffmann ","ARI","RP",999,12,33.800000000000004,-36.169213649460254,20.694823109108,-9.832073378246578,"Andrew Hoffmann","29633",694851
"Hunter Bigge ","TBR","RP",999,15,46.2,-36.17642903381525,20.694823109108,-9.83712414729507,"Hunter Bigge","26259",685801
"Jayvien Sandridge ","BAL","RP",999,0.2,-15.419999977946283,-36.17947209063167,20.694823109108,-9.839254287066565,"Jayvien Sandridge","25158",682144
"Zach Maxwell ","CIN","RP",999,10,25.1,-36.20188894542026,20.694823109108,-9.854946085418574,"Zach Maxwell","31610",687209
"Kyle Farmer ","ATL","RP",999,1,-12.7,-36.23214586462756,20.694823109108,-9.876125928863692,"Kyle Farmer","14813",571657
"Blas Castaño ","COL","RP",999,3,-4.499999999999998,-36.24272312889448,20.694823109108,-9.883530013850537,"Blas Castano","26117",680604
"Carson Ragsdale ",,"RP",999,5,3.6999999999999993,-36.253300393161396,20.694823109108,-9.890934098837379,"Carson Ragsdale","27508",685068
"Jose Corniell ","TEX","RP",999,1.2,-12.219999647140504,-36.26261531864862,20.694823109108,-9.897454546678428,"Jose Corniell","27984",692030
"Reese McGuire ",,"RP",999,1,-13.100000000000001,-36.2667479128091,20.694823109108,-9.900347362590763,"Reese McGuire","15674",624512
"Gary Sánchez ","MIL","RP",999,1,-13.100000000000001,-36.2667479128091,20.694823109108,-9.900347362590763,"Gary Sanchez","11442",596142
"Rolddy Muñoz ","ATL","RP",999,3.2,-4.019999647140505,-36.27319258291554,20.694823109108,-9.904858631665272,"Rolddy Munoz","27407",691548
"Jeff Brigham ","CHC","RP",999,3.1,-4.560000705718991,-36.28390942544101,20.694823109108,-9.9123604214331,"Jeff Brigham","16631",656257
"Jackson Kowar ","BAL","RP",999,17,53.2,-36.290812442626745,20.694823109108,-9.917192533463119,"Jackson Kowar","21549",663804
"Richard Lovelady ","WSN","RP",999,11.2,28.779998588562016,-36.31550170678289,20.694823109108,-9.934475018372424,"Richard Lovelady","19337",663992
"Scott Effross ","DET","RP",999,10.2,24.579998588562006,-36.318863586694825,20.694823109108,-9.936828334310777,"Scott Effross","18384",664123
"Gregory Santos ","SFG","RP",999,7,11.000000000000004,-36.341732265836754,20.694823109108,-9.952836409710123,"Gregory Santos","21894",666619
"Rowdy Tellez ","ATL","RP",999,2,-10.5,-36.40179422562328,20.694823109108,-9.994879781560693,"Rowdy Tellez","15679",642133
"Jordan Weems ","LAD","RP",999,4.1,-2.0600007057189913,-36.42760625030057,20.694823109108,-10.012948198834797,"Jordan Weems","13190",607179
"Vidal Bruján ","NYM","RP",999,2,-10.9,-36.4363962738048,20.694823109108,-10.019101215287764,"Vidal Brujan","20536",660644
"Tommy Henry ","ARI","RP",999,6.2,6.379998588562017,-36.453418274977864,20.694823109108,-10.031016616108898,"Tommy Henry","26285",674072
"Robinson Piña ",,"RP",999,2.1,-10.760000705718994,-36.46028154626057,20.694823109108,-10.035820906006794,"Robinson Pina","23091",673820
"Craig Yoho ","MIL","RP",999,8.2,14.57999858856202,-36.46399553924478,20.694823109108,-10.038420701095742,"Craig Yoho","33248",684974
"José Castillo ",,"RP",999,32,113.60000000000002,-36.46529755712782,20.694823109108,-10.039332113613868,"Jose Castillo","17169",620454
"Isaiah Campbell ","ARI","RP",999,7.2,10.179998588562018,-36.48465844324747,20.694823109108,-10.052884733897624,"Isaiah Campbell","25551",663462
"Jared Triolo ","PIT","RP",735.5399780273438,1,-15.7,-36.49166122598902,20.694823109108,-10.057786681816712,"Jared Triolo","25807",669707
"José Fermin ","LAA","RP",999,34.1,121.93998870849609,-36.499760494648726,20.694823109108,-10.0634561698785,"Jose Fermin","33908",820862
"Jackson Rutledge ","PHI","RP",999,73.1,187.93998870849612,-36.51378114725791,20.694823109108,-10.073270626704927,"Jackson Rutledge","26215",671131
"Brian Van Belle ","TBR","RP",999,8.1,13.540002822875984,-36.51796474159805,20.694823109108,-10.076199142743032,"Brian Van Belle","27695",687003
"Bailey Falter ","KCR","SP",999,125.1,417.03998870849614,6.66592222498461,-15.620776430305826,-10.093068688077325,"Bailey Falter","20070",663559
"Jesse Hahn ","TOR","RP",999,5,0.09999999999999787,-36.56471882679515,20.694823109108,-10.108927002380996,"Jesse Hahn","13287",534910
"Cam Booser ","TBR","RP",999,31,108.19999999999996,-36.57246558158433,20.694823109108,-10.114349730733426,"Cam Booser","16061",592155
"Nick Anderson ","ATH","RP",999,14.2,37.97999858856202,-36.59953347659011,20.694823109108,-10.133297257237475,"Nick Anderson","18337",623433
"Carlos Rodriguez ","MIL","RP",999,9.2,16.979998588562026,-36.61634287614972,20.694823109108,-10.145063836929204,"Carlos Rodriguez","30161",692230
"Anthony Misiewicz ","CIN","RP",999,4.2,-4.520001411437988,-36.67640483593625,20.694823109108,-10.187107208779775,"Anthony Misiewicz","18152",664948
"Kevin Newman ","KCR","RP",999,4,-5.399999999999999,-36.68053736329703,20.694823109108,-10.18999997793232,"Kevin Newman","17696",621028
"Cooper Hummel ",,"RP",999,1,-17.9,-36.68197249098743,20.694823109108,-10.191004567315593,"Cooper Hummel","19458",669450
"Pablo Reyes ","SDP","RP",999,1,-17.9,-36.68197249098743,20.694823109108,-10.191004567315593,"Pablo Reyes","16357",622569
"Zach Agnos ","COL","RP",743.47998046875,31.1,107.040002822876,-36.70880737703063,20.694823109108,-10.209788987545839,"Zach Agnos","31552",688642
"Roansy Contreras ",,"RP",999,12.2,28.17999858856202,-36.7273644050493,20.694823109108,-10.222778907158904,"Roansy Contreras","22810",672710
"Gunnar Hoglund ","ATH","SP",999,32.1,28.739988708496128,6.552229170219467,-15.620776430305826,-10.233909045379583,"Gunnar Hoglund","31318",680684
"Owen White ",,"RP",999,7,6.100000000000005,-36.765607356060464,20.694823109108,-10.24954897286672,"Owen White","22273",669391
"Carlos Hernández ","CLE","RP",999,43.1,155.73998870849613,-36.81552405725667,20.694823109108,-10.284490663704068,"Carlos Hernandez","22713",672578
"Drew Sommers ","DET","RP",999,3,-11.299999999999997,-36.83095794798045,20.694823109108,-10.29529438721071,"Drew Sommers","32026",805427
"Porter Hodge ","CHC","RP",999,33,113.10000000000002,-36.86850974334884,20.694823109108,-10.321580643968582,"Porter Hodge","26413",687863
"Chris Roycroft ","STL","RP",999,20.2,59.28000564575197,-36.91673189968964,20.694823109108,-10.355336153407142,"Chris Roycroft","31261",688297
"Michael Mercado ","PHI","RP",999,3,-12.299999999999997,-36.917463068434266,20.694823109108,-10.355847971528382,"Michael Mercado","23223",675650
"Michel Otañez ","TEX","RP",999,5.1,-4.060000705718995,-36.96057611720232,20.694823109108,-10.386027105666022,"Michel Otanez","22533",671305
"Casey Lawrence ","SEA","RP",999,17.2,46.080005645751946,-36.9787206116977,20.694823109108,-10.39872825181279,"Casey Lawrence","11121",596271
"Logan VanWey ","HOU","RP",999,10.2,16.87999858856201,-36.98495301418922,20.694823109108,-10.403090933556848,"Logan VanWey","31884",701121
"Tayler Saucedo ","LAA","RP",999,13.1,28.940002822875975,-36.985584016579814,20.694823109108,-10.403532635230265,"Tayler Saucedo","17888",642048
"Robert Stock ","NYM","RP",999,2.2,-16.4199996471405,-36.98589645054877,20.694823109108,-10.403751339008533,"Robert Stock","6576",476594
"Jhonny Pereda ","SEA","RP",999,3,-13.499999999999996,-37.02126921297886,20.694823109108,-10.428512272709591,"Jhonny Pereda","19802",640902
"Noah Murdock ","PIT","RP",999,17,44.20000000000002,-37.06935852671111,20.694823109108,-10.462174792322177,"Noah Murdock","27908",668716
"Triston McKenzie ","SDP","RP",999,5.2,-5.020001411437988,-37.07961702215728,20.694823109108,-10.469355739134494,"Triston McKenzie","18000",663474
"Jonathan Loáisiga ","ARI","RP",999,29.2,94.58000564575195,-37.102737781616874,20.694823109108,-10.485540270756207,"Jonathan Loaisiga","19753",642528
"Ethan Roberts ","CHC","RP",999,9,9.70000000000001,-37.17410817441495,20.694823109108,-10.535499545714854,"Ethan Roberts","24930",681799
"Penn Murfee ",,"RP",999,12.2,22.97999858856202,-37.17719103140915,20.694823109108,-10.537657545610806,"Penn Murfee","25174",682171
"Jorge Mateo ","ATL","RP",999,1,-23.9,-37.20100321371032,20.694823109108,-10.554326073221628,"Jorge Mateo","17273",622761
"Amed Rosario ","NYY","RP",999,1,-23.9,-37.20100321371032,20.694823109108,-10.554326073221628,"Amed Rosario","15518",642708
"Tyler Zuber ","MIA","RP",999,12,21.70000000000001,-37.21592560695145,20.694823109108,-10.564771748490413,"Tyler Zuber","20379",676604
"Oswald Peraza ","LAA","RP",999,2.1,-20.160000705718993,-37.273429678526455,20.694823109108,-10.605024598592916,"Oswald Peraza","22823",672724
"Ryan Fernandez ","STL","RP",999,30.1,96.34000282287604,-37.27445253989238,20.694823109108,-10.60574060154906,"Ryan Fernandez","24862",681676
"Kody Clemens ","MIN","RP",700.7000122070312,1,-25,-37.29615884620953,20.694823109108,-10.62093501597107,"Kody Clemens","20572",665019
"Brandon Young ","BAL","SP",999,57.2,129.48000564575202,6.2317690335620455,-15.620776430305826,-10.630887737184414,"Brandon Young","27819",687064
"José Ruiz ",,"RP",999,16.1,37.440002822876004,-37.33016937070469,20.694823109108,-10.644742383117682,"Jose Ruiz","14552",614179
"Codi Heuer ","CLE","RP",999,4.2,-12.220001411437984,-37.342494263430666,20.694823109108,-10.653369808025861,"Codi Heuer","23293",676051
"Eduarniel Núñez ","ATH","RP",999,12.2,20.879998588562025,-37.35885178436218,20.694823109108,-10.66482007267792,"Eduarniel Nunez","23162",674384
"Luarbert Arias ",,"RP",999,10.1,10.940002822875975,-37.46279730676621,20.694823109108,-10.73758193836074,"Luarbert Arias","23811",678215
"Scott McGough ",,"RP",999,16,33.400000000000006,-37.64365420161823,20.694823109108,-10.864181764757163,"Scott McGough","12056",543518
"Garrett McDaniels ","LAD","RP",999,10.2,9.079998588562013,-37.65969295372901,20.694823109108,-10.875408891234702,"Garrett McDaniels","31751",680729
"Matt Bowman ","MIN","RP",999,24.2,67.28000564575196,-37.664529440035544,20.694823109108,-10.878794431649279,"Matt Bowman","13528",621199
"Paul Gervase ","LAD","RP",999,8.1,0.2400028228759865,-37.66848284363384,20.694823109108,-10.881561814168082,"Paul Gervase","31571",801434
"Kyle Hendricks ",,"SP",999,164.2,572.3799774169922,6.029205832392815,-15.620776430305826,-10.881818400344944,"Kyle Hendricks","12049",543294
"Lucas Sims ","CHW","RP",999,12.1,16.54000282287597,-37.69828788421305,20.694823109108,-10.902425342573531,"Lucas Sims","13470",608371
"Colin Poche ",,"RP",999,9.1,3.8400028228759737,-37.71702403599419,20.694823109108,-10.915540648820336,"Colin Poche","19403",621363
"Jonah Bride ","TEX","RP",999,6,-9.299999999999994,-37.73782658505515,20.694823109108,-10.930102433163004,"Jonah Bride","24703",681146
"Max Lazar ","PHI","RP",999,41.1,136.43998870849612,-37.76515363002714,20.694823109108,-10.949231364643396,"Max Lazar","23426",676661
"Mason Thompson ","TEX","RP",999,10.2,7.579998588562006,-37.78945063440973,20.694823109108,-10.966239267711211,"Mason Thompson","21850",666168
"Cam Sanders ","PIT","RP",999,6.2,-9.120001411437983,-37.79424764201204,20.694823109108,-10.969597173032827,"Cam Sanders","23479",676742
"J.P. Feyereisen ","LAD","RP",999,4,-18.6,-37.82240495328743,20.694823109108,-10.9893072909256,"J.P. Feyereisen","16610",656420
"John Brebbia ","MIN","RP",999,23.1,60.640002822876,-37.8429679581349,20.694823109108,-11.003701394318826,"John Brebbia","12777",605154
"Sean Burke ","CHW","SP",748.5599975585938,134.1,445.84004516601567,5.91763519769808,-15.620776430305826,-11.020029552180963,"Sean Burke","29878",680732
"Emmanuel Rivera ",,"RP",999,1,-31.700000000000003,-37.87574315325011,20.694823109108,-11.026644030899476,"Emmanuel Rivera","19890",656896
"Roddery Muñoz ","HOU","RP",999,11,9.799999999999997,-37.885376914357785,20.694823109108,-11.033387663674842,"Roddery Munoz","25311",682610
"José Leclerc ","SDP","RP",999,9,0.9000000000000128,-37.935353234408545,20.694823109108,-11.068371087710375,"Jose Leclerc","14524",600917
"Nick Hernandez ","ATH","RP",999,10.2,5.37999858856201,-37.97976189940813,20.694823109108,-11.09945715321009,"Nick Hernandez","19281",663321
"Kyle Freeland ","COL","SP",999,162.2,561.8799774169923,5.840821319615963,-15.620776430305826,-11.115184828439531,"Kyle Freeland","16256",607536
"José Caballero ","NYY","RP",200.02999877929688,1,-33.2,-38.00550083393084,20.694823109108,-11.117474407375989,"Jose Caballero","23401",676609
"Bryce Miller ","SEA","SP",341.6000061035156,90.1,261.839988708496,5.838914440345942,-15.620776430305826,-11.117547026889358,"Bryce Miller","29837",682243
"Erik Swanson ",,"RP",999,5.1,-16.660000705718996,-38.05054063492044,20.694823109108,-11.149002268068703,"Erik Swanson","16587",657024
"Josh Simpson ","SEA","RP",999,30.2,87.58000564575192,-38.068233250787706,20.694823109108,-11.161387099175796,"Josh Simpson","25957",681006
"Ryan Johnson ","LAA","RP",999,14.2,19.479998588562026,-38.199878204985744,20.694823109108,-11.25353856711442,"Ryan Johnson","35325",696270
"Luis Torrens ","NYM","RP",999,0.2,-39.11999997794628,-38.22964344538717,20.694823109108,-11.27437423539541,"Luis Torrens","15905",620443
"Connor Brogdon ","CLE","RP",999,47,155.5,-38.24012740002453,20.694823109108,-11.281713003641562,"Connor Brogdon","21205",641401
"Ian Anderson ",,"RP",999,9.1,-2.4599971771240305,-38.26200629485326,20.694823109108,-11.297028230021679,"Ian Anderson","19951",666120
"Bryce Elder ","ATL","SP",740.5499877929688,156.1,534.7400451660155,5.688828634172031,-15.620776430305826,-11.303469892724882,"Bryce Elder","27779",693821
"Wander Suero ","ATH","RP",999,6.1,-15.760000705718987,-38.33264565250611,20.694823109108,-11.346475780378672,"Wander Suero","15855",593833
"Tyler Heineman ","TOR","RP",999,3.1,-28.360000705718992,-38.342731292241886,20.694823109108,-11.353535728193714,"Tyler Heineman","13897",623168
"Austin Nola ",,"RP",999,1,-38,-38.420725412109164,20.694823109108,-11.408131612100815,"Austin Nola","15941",543592
"Kendall Graveman ",,"RP",999,17.2,28.880005645751943,-38.46660868350338,20.694823109108,-11.440249902076767,"Kendall Graveman","15514",608665
"Alexis Díaz ","TEX","RP",999,17.2,28.480005645751945,-38.5012107316849,20.694823109108,-11.46447133580383,"Alexis Diaz","21132",664747
"Geoff Hartlieb ","ATH","RP",999,3.1,-30.460000705718993,-38.5243920451949,20.694823109108,-11.480698255260823,"Geoff Hartlieb","19558",664129
"Anthony Maldonado ","HOU","RP",999,6,-19.499999999999993,-38.6201788136841,20.694823109108,-11.547748993203268,"Anthony Maldonado","26034",687424
"Troy Taylor ","SEA","RP",999,6.2,-20.120001411437983,-38.74580396700404,20.694823109108,-11.635686600527226,"Troy Taylor","31883",700187
"Eli Morgan ","KCR","RP",999,7.1,-16.560000705718988,-38.76180937486327,20.694823109108,-11.646890386028687,"Eli Morgan","20203",669212
"Enrique Hernández ","LAD","RP",999,5.1,-25.160000705718996,-38.785834158777895,20.694823109108,-11.663707734768922,"Enrique Hernandez","10472",571771
"Tanner Houck ","BOS","SP",999,43.2,61.48000564575199,5.38885560661997,-15.620776430305826,-11.675069622090458,"Tanner Houck","19879",656557
"Scott Kingery ","CHC","RP",999,2,-39,-38.86719015855711,20.694823109108,-11.720656934614372,"Scott Kingery","17975",664068
"Forrest Whitley ",,"RP",999,12,2.500000000000014,-38.87682391966477,20.694823109108,-11.727400567389736,"Forrest Whitley","19586",666215
"Connor Thomas ","ATL","RP",999,5.1,-26.360000705718992,-38.88964030332247,20.694823109108,-11.736372035950124,"Connor Thomas","25873",671162
"Nate Pearson ","HOU","RP",999,14.2,11.279998588562016,-38.90922019270706,20.694823109108,-11.750077958519338,"Nate Pearson","20160",663878
"Alek Jacob ","SDP","RP",999,33.1,89.53998870849613,-38.942566771358315,20.694823109108,-11.773420563575216,"Alek Jacob","29628",689690
"Jon Gray ",,"RP",999,14,9.100000000000009,-39.02580937665779,20.694823109108,-11.831690387284851,"Jon Gray","14916",592351
"Alex Carrillo ","NYM","RP",999,4.2,-31.72000141143799,-39.02934411228012,20.694823109108,-11.834164702220479,"Alex Carrillo","26463",692024
"Chris Stratton ",,"RP",999,21,37,-39.13203389795506,20.694823109108,-11.906047552192936,"Chris Stratton","13761",608717
"Cionel Pérez ","NYM","RP",999,21.2,35.180005645751976,-39.36146492862078,20.694823109108,-12.066649273658937,"Cionel Perez","19614",672335
"Andry Lara ","WSN","RP",999,14.1,5.540002822875984,-39.36976346119328,20.694823109108,-12.07245824645969,"Andry Lara","27967",691251
"Seth Lugo ","KCR","SP",493.1000061035156,145.1,480.8400451660158,4.985758527646489,-15.620776430305826,-12.174417069015837,"Seth Lugo","12447",607625
"Colin Holderman ","CLE","RP",999,25.2,49.88000564575195,-39.52967816192609,20.694823109108,-12.184398536972664,"Colin Holderman","22361",670059
"Miguel Rojas ","LAD","RP",999,5,-34.5,-39.55779599449726,20.694823109108,-12.204081019772481,"Miguel Rojas","7802",500743
"Kyle Gibson ",,"SP",999,12.1,-72.95999717712402,4.953851474346021,-15.620776430305826,-12.213942797272352,"Kyle Gibson","10123",502043
"Jesse Chavez ",,"RP",999,8,-25.4,-39.850478276349854,20.694823109108,-12.408958617069292,"Jesse Chavez","5448",445926
"Zach Brzykcy ","MIA","RP",999,23,35.60000000000004,-39.973060318578625,20.694823109108,-12.494766046629433,"Zach Brzykcy","27783",694350
"Kevin Kelly ","TBR","RP",999,39.2,100.78000564575194,-40.16600229474433,20.694823109108,-12.629825429945427,"Kevin Kelly","25679",687330
"Zack Littell ","WSN","SP",709.4099731445312,186.2,646.6799774169924,4.537424510241048,-15.620776430305826,-12.729803001187115,"Zack Littell","15823",641793
"Scott Alexander ","SFG","RP",999,17.2,6.980005645751945,-40.361070821442,20.694823109108,-12.766373398633796,"Scott Alexander","10591",518397
"Joe La Sorsa ","PIT","RP",999,6.2,-39.12000141143798,-40.389401255626595,20.694823109108,-12.786204702563014,"Joe La Sorsa","25481",686747
"Tanner Gordon ","COL","SP",999,75.1,182.33998870849604,4.361151754179089,-15.620776430305826,-12.948165661929268,"Tanner Gordon","27669",685299
"Zach Pop ","PHI","RP",999,6.2,-42.320001411437985,-40.666217641078816,20.694823109108,-12.979976172379567,"Zach Pop","20185",647315
"Tayler Scott ","ATL","RP",999,27.1,44.340002822875974,-40.69283992550859,20.694823109108,-12.99861177148041,"Tayler Scott","13652",605463
"Orlando Ribalta ","WSN","RP",999,24.1,30.74000282287598,-40.789430685698186,20.694823109108,-13.066225303613123,"Orlando Ribalta","26247",687377
"Ryan Loutos ","SEA","RP",999,12,-20.39999999999999,-40.85779117805721,20.694823109108,-13.114077648264441,"Ryan Loutos","29521",702795
"Shaun Anderson ","LAA","RP",999,11.1,-30.659997177124012,-41.42136994363915,20.694823109108,-13.508582784171802,"Shaun Anderson","19453",641312
"Sam Long ","KCR","RP",999,40.1,89.83998870849612,-41.43633261718096,20.694823109108,-13.519056655651065,"Sam Long","25379",669674
"Charlie Morton ",,"SP",999,142,454.69999999999993,3.840387809492986,-15.620776430305826,-13.593276132320208,"Charlie Morton","4676",450203
"Jorge Alcala ","TOR","RP",999,55,127.49999999999997,-41.74214965071377,20.694823109108,-13.733128579124038,"Jorge Alcala","19459",660896
"John King ","MIA","RP",999,48.1,114.53998870849611,-42.17933314992455,20.694823109108,-14.03915702857158,"John King","22051",667463
"Jonathan Cannon ","CHW","SP",999,103.2,286.3799774169922,3.2462785682416615,-15.620776430305826,-14.32924507947584,"Jonathan Cannon","31730",686563
"Taijuan Walker ",,"SP",748.25,123.2,369.17997741699213,3.209710021935561,-15.620776430305826,-14.374545358709383,"Taijuan Walker","11836",592836
"Joe Mantiply ","TOR","RP",999,9.2,-54.020001411437974,-42.75820642837082,20.694823109108,-14.444368323483976,"Joe Mantiply","14857",573009
"Nestor Cortes ",,"SP",999,34.1,-3.1600112915039062,3.072796575754424,-15.620776430305826,-14.544150606096464,"Nestor Cortes","17874",641482
"Javier Sanoja ","MIA","RP",999,9.1,-57.25999717712403,-43.0024868957225,20.694823109108,-14.615364650630145,"Javier Sanoja","28253",691594
"Noah Davis ","PIT","RP",999,11,-49.89999999999999,-43.049732605450735,20.694823109108,-14.648436647439912,"Noah Davis","25862",663562
"Andre Pallante ","STL","SP",999,162.2,528.1799774169924,2.925598760322293,-15.620776430305826,-14.726495895018447,"Andre Pallante","26108",669467
"Génesis Cabrera ","PHI","RP",999,42.2,78.08000564575198,-43.209547407028346,20.694823109108,-14.760307008544236,"Genesis Cabrera","17490",650893
"Luis Peralta ","CHC","RP",999,19,-18.799999999999997,-43.23910036728989,20.694823109108,-14.780994080727323,"Luis Peralta","24203",678821
"Chad Green ",,"RP",999,43.2,78.88000564575196,-43.5003029366594,20.694823109108,-14.963835879285977,"Chad Green","15552",643338
"George Soriano ","STL","RP",999,36.2,45.28000564575197,-43.8871576019489,20.694823109108,-15.234634144988629,"George Soriano","21863",666277
"Eduardo Salazar ","MIN","RP",999,29,12.30000000000004,-44.14838738111727,20.694823109108,-15.417494990406485,"Eduardo Salazar","23135",674285
"Chase Dollander ","COL","SP",743.4400024414062,98,253.0000000000001,2.230528557698816,-15.620776430305826,-15.587532973227525,"Chase Dollander","33482",801403
"Colton Gordon ","HOU","SP",999,86,202.2999999999999,2.164234462619571,-15.620776430305826,-15.66965658277675,"Colton Gordon","31312",676467
"Angel Chivilli ","NYY","RP",999,58.2,94.18000564575195,-44.62449977584854,20.694823109108,-15.750773666718374,"Angel Chivilli","26790",683409
"Zach Eflin ","BAL","SP",395.20001220703125,71.1,136.93998870849614,1.8736577895521938,-15.620776430305826,-16.029616323000546,"Zach Eflin","13774",621107
"Bailey Ober ","MIN","SP",494.3399963378906,146.1,445.74004516601565,1.589469173723339,-15.620776430305826,-16.381662683943613,"Bailey Ober","21224",641927
"Eduardo Rodriguez ","ARI","SP",738.219970703125,154.1,476.0400451660157,1.3308973155211445,-15.620776430305826,-16.70197559111929,"Eduardo Rodriguez","13164",593958
"JP Sears ","SDP","SP",999,135.2,385.6799774169924,0.31752899749423563,-15.620776430305826,-17.957313098625995,"JP Sears","23429",676664
"Cal Quantrill ","TEX","SP",999,117.2,308.07997741699205,0.08400491817193435,-15.620776430305826,-18.24659738989932,"Cal Quantrill","19312",615698
"Osvaldo Bido ","CHW","SP",999,79.2,146.57997741699216,-0.20810624734341965,-15.620776430305826,-18.60845802429029,"Osvaldo Bido","23150",674370
"Chris Paddack ","CIN","SP",748.510009765625,158,474.29999999999995,-0.2234658455179725,-15.620776430305826,-18.62748514339965,"Chris Paddack","20099",663978
"Bowden Francis ","TOR","SP",999,64,82.30000000000001,-0.29726821996812264,-15.620776430305826,-18.71890983779972,"Bowden Francis","20548",670102
"Erick Fedde ","CHW","SP",999,141,396.5,-0.8342505749251176,-15.620776430305826,-19.384111304093146,"Erick Fedde","17425",607200
"Andrew Heaney ",,"SP",999,122.1,312.63998870849616,-1.2853334724116914,-15.620776430305826,-19.942902486071517,"Andrew Heaney","15423",571760
"Walker Buehler ","SDP","SP",740.9299926757812,126,324.80000000000007,-1.6372733215521902,-15.620776430305826,-20.378877526096986,"Walker Buehler","19374",621111
"Mitchell Parker ","WSN","SP",999,164.2,481.7799774169923,-1.8081580807231148,-15.620776430305826,-20.590565659456228,"Mitchell Parker","27636",680730
"Miles Mikolas ","WSN","SP",999,156.1,448.0400451660157,-1.811165309173999,-15.620776430305826,-20.594290945318125,"Miles Mikolas","9803",571945
"Austin Gomber ","TEX","SP",999,57.2,30.280005645752,-2.349538915456734,-15.620776430305826,-21.261215861950873,"Austin Gomber","16561",596295
"Tyler Anderson ","LAA","SP",999,136.1,348.74004516601565,-3.201931250355901,-15.620776430305826,-22.317140001353195,"Tyler Anderson","12880",542881
"Tomoyuki Sugano ","COL","SP",999,157,410.1,-5.417134952658997,-15.620776430305826,-25.061283709815722,"Tomoyuki Sugano","35321",608372
"Jack Kochanowicz ","LAA","SP",999,111,179.50000000000006,-8.807072933580297,-15.620776430305826,-29.260661389056594,"Jack Kochanowicz","27688",686799
"Germán Márquez ","SDP","SP",743.3200073242188,126.1,235.43998870849634,-9.403367275422896,-15.620776430305826,-29.999337188874883,"German Marquez","15038",608566
"Jake Irvin ","WSN","SP",999,180,419.6,-12.874407706212317,-15.620776430305826,-34.29918272906918,"Jake Irvin","21504",663623
"Antonio Senzatela ","COL","SP",999,130,197.19999999999993,-14.115165195435868,-15.620776430305826,-35.8362047439027,"Antonio Senzatela","15488",622608
"Reed Garrett ","NYM","SP/RP",999,55.1,369.0399887084962,-20.8477038330714,-15.620776430305826,-44.176319707253626,"Reed Garrett","16866",657585
"Jordan Leasure ","CHW","SP/RP",717.510009765625,64.1,362.3399887084961,-21.42728814011199,-15.620776430305826,-44.89429549793847,"Jordan Leasure","29950",673929
"Scott Barlow ","ATH","SP/RP",999,68.1,359.53998870849614,-21.669502477382682,-15.620776430305826,-45.194345082105265,"Scott Barlow","14993",605130
"Grant Taylor ","CHW","SP/RP",506.67999267578125,36.2,300.680005645752,-21.79374983804371,-15.620776430305826,-45.34825987228757,"Grant Taylor","33927",691799
"Lake Bachar ","MIA","SP/RP",999,71,354.4,-22.114137819742403,-15.620776430305826,-45.745149180178935,"Lake Bachar","19222",669199
"Brant Hurter ","DET","SP/RP",999,63,353.80000000000007,-22.16604089201468,-15.620776430305826,-45.80944551964324,"Brant Hurter","30133",676428
"Huascar Brazobán ","NYM","SP/RP",999,63,350.8,-22.425556253376147,-15.620776430305826,-46.130927216964814,"Huascar Brazoban","6107",623211
"Wandy Peralta ","SDP","SP/RP",999,71.2,345.7799774169922,-22.859813911600124,-15.620776430305826,-46.66887567715746,"Wandy Peralta","14295",593974
"Jacob Misiorowski ","MIL","SP/RP",114.13999938964844,66,338.4000000000001,-23.498219747003493,-15.620776430305826,-47.45971823256062,"Jacob Misiorowski","31623",694819
"Drew Pomeranz ","LAA","SP/RP",735.6199951171875,49.2,333.78000564575194,-23.609905488945795,-15.620776430305826,-47.598071976623665,"Drew Pomeranz","11426",519141
"Jalen Beeks ","TEX","SP/RP",999,57.1,334.53998870849614,-23.832130488728133,-15.620776430305826,-47.87335922645164,"Jalen Beeks","17192",656222
"Anthony Banda ","MIN","SP/RP",999,65,329.6,-24.25946480699709,-15.620776430305826,-48.40273121137054,"Anthony Banda","14706",607455
"Keegan Akin ","BAL","SP/RP",999,63.1,326.53998870849614,-24.524171452358676,-15.620776430305826,-48.730643752642486,"Keegan Akin","19362",669211
"Braydon Fisher ","TOR","SP/RP",999,50,324.6,-24.69199040926619,-15.620776430305826,-48.93853404023982,"Braydon Fisher","24609",680755
"Justin Topa ","MIN","SP/RP",999,60,322.59999999999997,-24.865000650173826,-15.620776430305826,-49.15285517178755,"Justin Topa","15145",623437
"Angel Zerpa ","MIL","SP/RP",999,64.2,320.7799774169923,-25.02244192294557,-15.620776430305826,-49.34788982150382,"Angel Zerpa","22717",672582
"Brock Burke ","CIN","SP/RP",999,61.2,313.68000564575186,-25.636625836235442,-15.620776430305826,-50.10872681348837,"Brock Burke","17968",656271
"Kolby Allard ","CLE","SP/RP",999,65,307.1,-26.205830017208005,-15.620776430305826,-50.813843941282286,"Kolby Allard","18694",663465
"Ian Seymour ","TBR","SP/RP",521.1400146484375,57,306.49999999999994,-26.2577330894803,-15.620776430305826,-50.878140280746614,"Ian Seymour","27932",693855
"Hurston Waldrep ","ATL","SP/RP",999,56.1,305.23998870849607,-26.366730518025015,-15.620776430305826,-51.013163803625616,"Hurston Waldrep","33527",694462
"Danny Coulombe ","BOS","SP/RP",999,43,276.1,-26.367771369317584,-15.620776430305826,-51.01445318641373,"Danny Coulombe","13293",543056
"Aaron Bummer ","ATL","SP/RP",999,54.1,289.8399887084961,-27.698909373013816,-15.620776430305826,-52.66343651654298,"Aaron Bummer","16258",607481
"Cade Gibson ","MIA","SP/RP",999,54.2,288.780005645752,-27.7906033355355,-15.620776430305826,-52.77702490125734,"Cade Gibson","31815",806188
"Brennan Bernardino ","COL","SP/RP",999,51.2,286.1800056457519,-28.015516648715437,-15.620776430305826,-53.05564237226938,"Brennan Bernardino","16835",657514
"Brandon Eisert ","CHW","SP/RP",999,69.2,284.47997741699214,-28.162577795419192,-15.620776430305826,-53.2378183590948,"Brandon Eisert","27668",685126
"Bubba Chandler ","PIT","SP/RP",150.00999450683594,31.1,195.540002822876,-29.053104216867705,-15.620776430305826,-54.34098213319689,"Bubba Chandler","29868",696149
"Daniel Lynch IV ","KCR","SP/RP",999,67.2,272.2799774169922,-29.217940264955768,-15.620776430305826,-54.54517726153583,"Daniel Lynch IV","21537",663738
"Chase Burns ","CIN","SP/RP",109.72000122070312,43.1,240.8399887084961,-29.45393830663673,-15.620776430305826,-54.83752624082608,"Chase Burns","35333",695505
"Ryan Zeferjahn ","LAA","SP/RP",999,57,265.79999999999995,-29.778491491950707,-15.620776430305826,-55.23957530774252,"Ryan Zeferjahn","25420",666171
"Tristan Beck ","SFG","SP/RP",999,56.2,263.58000564575195,-29.970532370971725,-15.620776430305826,-55.477471158758505,"Tristan Beck","21584",663941
"Tyler Gilbert ","CHW","SP/RP",999,51,262.90000000000003,-30.02935634126677,-15.620776430305826,-55.55034094848669,"Tyler Gilbert","17964",656457
"Rico Garcia ","BAL","SP/RP",999,34.1,196.2399887084961,-30.072430044930016,-15.620776430305826,-55.60369966795109,"Rico Garcia","20023",670329
"Martín Pérez ","ATL","SP/RP",999,56,258.6,-30.401328359218194,-15.620776430305826,-56.01113138131428,"Martin Perez","6902",527048
"Hunter Dobbins ","STL","SP/RP",999,61,258.00000000000006,-30.453231431490483,-15.620776430305826,-56.075427720778585,"Hunter Dobbins","30240",690928
"David Morgan ","SDP","SP/RP",999,47.1,243.3399887084961,-30.677514009478635,-15.620776430305826,-56.35326385145318,"David Morgan","31616",688158
"Jordan Hicks ","CHW","SP/RP",999,67.1,252.73998870849613,-30.908249341850475,-15.620776430305826,-56.63909350675301,"Jordan Hicks","19618",663855
"DL Hall ","MIL","SP/RP",999,38.2,202.680005645752,-30.991170894506123,-15.620776430305826,-56.74181483065626,"DL Hall","22207",669084
"Jack Perkins ","ATH","SP/RP",999,38.2,202.280005645752,-31.025772942687652,-15.620776430305826,-56.7846790569658,"Jack Perkins","31468",678022
"JT Brubaker ","SFG","SP/RP",999,28.2,156.88000564575196,-31.353509151349876,-15.620776430305826,-57.19067118044445,"JT Brubaker","17578",664141
"Matt Gage ","SFG","SP/RP",999,31,164.39999999999998,-31.710877812079737,-15.620776430305826,-57.63337130816813,"Matt Gage","17381",657424
"Chris Devenski ","PIT","SP/RP",999,16.2,102.58000564575197,-31.731221680062855,-15.620776430305826,-57.65857282677954,"Chris Devenski","12763",606965
"Ryan Brasier ","TEX","SP/RP",999,26,138.6,-32.142911789817674,-15.620776430305826,-58.168565123806395,"Ryan Brasier","5615",518489
"Sean Manaea ","NYM","SP/RP",423.3599853515625,60.2,238.38000564575202,-32.15046140640794,-15.620776430305826,-58.17791741625965,"Sean Manaea","15873",640455
"Hayden Birdsong ","SFG","SP/RP",999,65.2,237.87997741699212,-32.19371640856713,-15.620776430305826,-58.23150072415646,"Hayden Birdsong","31635",806185
"Ian Hamilton ","ATL","SP/RP",999,40,195.7,-32.24290417582224,-15.620776430305826,-58.292433405835396,"Ian Hamilton","19261",641656
"Albert Suárez ","BAL","SP/RP",999,11.2,73.47999858856201,-32.44872282249722,-15.620776430305826,-58.547396840471315,"Albert Suarez","6175",544150
"Brent Suter ","LAA","SP/RP",999,67.2,234.57997741699222,-32.47918330606471,-15.620776430305826,-58.585130591210174,"Brent Suter","13942",608718
"Jayden Murray ","HOU","SP/RP",999,11.2,71.87999858856202,-32.587131015223335,-15.620776430305826,-58.718853745709495,"Jayden Murray","26482",681151
"Dietrich Enns ","BAL","SP/RP",999,46.1,216.3399887084961,-32.65319263573762,-15.620776430305826,-58.80068937108186,"Dietrich Enns","13932",608650
"Trevor McDonald ","SFG","SP/RP",748.5800170898438,15,86.9,-32.65567063134485,-15.620776430305826,-58.80375905539489,"Trevor McDonald","26448",686790
"Joe Boyle ","TBR","SP/RP",713.1400146484375,52,231.2,-32.77156865965282,-15.620776430305826,-58.947330883517914,"Joe Boyle","29608",671212
"AJ Blubaugh ","HOU","SP/RP",748.5399780273438,32,155.8,-32.81478147397668,-15.620776430305826,-59.00086193008871,"AJ Blubaugh","31764",805123
"Jonathan Bowlan ","PHI","SP/RP",999,44.1,205.3399887084961,-32.88482970874139,-15.620776430305826,-59.08763608206338,"Jonathan Bowlan","24607",680742
"Kai-Wei Teng ","HOU","SP/RP",999,29.2,143.08000564575195,-32.907239439606684,-15.620776430305826,-59.1153967443891,"Kai-Wei Teng","24282",678906
"José Suarez ","ATH","SP/RP",999,19.1,101.04000282287599,-32.90832258782419,-15.620776430305826,-59.11673852364097,"Jose Suarez","19911",660761
"Fraser Ellard ",,"SP/RP",999,17,87.69999999999999,-33.30638578697002,-15.620776430305826,-59.60985011530668,"Fraser Ellard","29530",686642
"Sean Guenther ","DET","SP/RP",999,10.1,57.74000282287598,-33.41435766952751,-15.620776430305826,-59.74360321525995,"Sean Guenther","20045",674944
"Troy Melton ","DET","SP/RP",743.22998046875,45.2,202.78000564575203,-33.50223776441953,-15.620776430305826,-59.85246706793694,"Troy Melton","31807",675512
"Ryan Yarbrough ","NYY","SP/RP",999,64,220.89999999999998,-33.66257140032715,-15.620776430305826,-60.051084710988626,"Ryan Yarbrough","16502",642232
"Kyle Harrison ","MIL","SP/RP",446.55999755859375,35.2,158.280005645752,-33.75211936467331,-15.620776430305826,-60.162014682219116,"Kyle Harrison","27758",690986
"Rob Zastryzny ","MIL","SP/RP",999,22,102.30000000000001,-33.84320915831483,-15.620776430305826,-60.27485463633558,"Rob Zastryzny","15094",642239
"Justin Hagenman ","NYM","SP/RP",999,23.2,105.08000564575194,-34.034676260887096,-15.620776430305826,-60.51203970620298,"Justin Hagenman","21546",663795
"Javier Assad ","CHC","SP/RP",999,37,161.1,-34.15610246554201,-15.620776430305826,-60.66245971281448,"Javier Assad","21741",665871
"Brady Basso ","ATH","SP/RP",999,11.2,48.679998588562015,-34.594049809751915,-15.620776430305826,-61.20497887166294,"Brady Basso","25582",669620
"Lou Trivino ",,"SP/RP",999,47.2,195.88000564575196,-34.81904234753911,-15.620776430305826,-61.483694484307414,"Lou Trivino","15043",642152
"Casey Legumina ","TBR","SP/RP",999,49.2,202.780005645752,-34.94207626839598,-15.620776430305826,-61.636106092998695,"Casey Legumina","25921",668984
"Tobias Myers ","NYM","SP/RP",999,50.2,204.58000564575195,-35.07433447774701,-15.620776430305826,-61.79994453941596,"Tobias Myers","22191",668964
"Davis Daniel ","CIN","SP/RP",999,10,35.3,-35.319536716791305,-15.620776430305826,-62.103695467998634,"Davis Daniel","27582",669721
"Sean Reynolds ",,"SP/RP",999,27,105.60000000000002,-35.3575403907878,-15.620776430305826,-62.150773550609046,"Sean Reynolds","22253",669308
"Anthony Veneziano ",,"SP/RP",999,25,95.99999999999999,-35.46807029515623,-15.620776430305826,-62.2876954695072,"Anthony Veneziano","27453",685107
"Doug Nikhazy ","CHC","SP/RP",999,4,8.600000000000001,-35.46946567694358,-15.620776430305826,-62.28942403656796,"Doug Nikhazy","30142",680951
"Brandon Waddell ","NYM","SP/RP",999,31.1,120.54000282287598,-35.54098825090409,-15.620776430305826,-62.37802456623604,"Brandon Waddell","18347",663399
"Paxton Schultz ","WSN","SP/RP",999,24.2,91.68000564575196,-35.55380450096238,-15.620776430305826,-62.39390104383807,"Paxton Schultz","25501",687606
"Luis Morales ","ATH","SP/RP",735.3200073242188,48.2,191.48000564575196,-35.559624503530024,-15.620776430305826,-62.40111072997784,"Luis Morales","32227",806960
"Grant Holman ","PHI","SP/RP",999,23,84.70000000000002,-35.72565890429615,-15.620776430305826,-62.606790350220884,"Grant Holman","30002",680880
"Yoendrys Gómez ","MIN","SP/RP",999,62.2,196.68000564575198,-35.75772492933217,-15.620776430305826,-62.646513009029434,"Yoendrys Gomez","22872",672782
"Jared Shuster ","STL","SP/RP",999,15.2,51.27999858856201,-35.808975000548436,-15.620776430305826,-62.710000425712664,"Jared Shuster","27472",694363
"Elvis Peguero ","BAL","SP/RP",999,9.1,25.840002822875974,-35.8139113860102,-15.620776430305826,-62.7161155071805,"Elvis Peguero","21652",665625
"David Festa ","MIN","SP/RP",999,53.1,191.53998870849614,-36.20236271362415,-15.620776430305826,-63.197320132112964,"David Festa","30056",701581
"Caleb Boushley ",,"SP/RP",999,43.1,162.03998870849614,-36.27054179839761,-15.620776430305826,-63.28177882380588,"Caleb Boushley","19736",676961
"Allan Winans ",,"SP/RP",999,9.1,11.940002822875975,-37.01633256031827,-15.620776430305826,-64.20564737143708,"Allan Winans","21238",642216
"Pierson Ohl ","COL","SP/RP",999,30,98.69999999999999,-37.03430459990149,-15.620776430305826,-64.22791072324497,"Pierson Ohl","30179",701487
"Kyle Hart ","SDP","SP/RP",999,43,151.7,-37.12900835377258,-15.620776430305826,-64.34522756868135,"Kyle Hart","19646",606996
"Carson Spiers ","CIN","SP/RP",999,13.1,27.240002822875987,-37.13264272135131,-15.620776430305826,-64.34972974015886,"Carson Spiers","27685",686730
"Spencer Turnbull ",,"SP/RP",999,6.1,-2.3600007057189885,-37.17347703842494,-15.620776430305826,-64.40031435870681,"Spencer Turnbull","16207",605513
"Bobby Miller ","LAD","SP/RP",999,5,-8.200000000000003,-37.28271132656184,-15.620776430305826,-64.53563129783416,"Bobby Miller","27483",676272
"Beau Brieske ","DET","SP/RP",999,22,59.900000000000006,-37.51102626555672,-15.620776430305826,-64.81846262514705,"Beau Brieske","26079",689225
"Chris Flexen ",,"SP/RP",999,43.2,147.78000564575197,-37.54010013739131,-15.620776430305826,-64.85447867296811,"Chris Flexen","13896",623167
"Paul Blackburn ","NYY","SP/RP",999,39,129.60000000000002,-37.60093301182551,-15.620776430305826,-64.92983704722181,"Paul Blackburn","14739",621112
"Cooper Criswell ","SEA","SP/RP",999,17.2,38.580005645751946,-37.627509015101346,-15.620776430305826,-64.96275879257173,"Cooper Criswell","24975",681867
"Sean Hjelle ",,"SP/RP",999,15,26.800000000000004,-37.85462837061933,-15.620776430305826,-65.24410905840361,"Sean Hjelle","21481",663546
"Roki Sasaki ","LAD","SP/RP",289.7200012207031,36.1,113.3399887084961,-37.96362378253978,-15.620776430305826,-65.37913008313457,"Roki Sasaki","35323",808963
"Easton Lucas ",,"SP/RP",999,24.1,61.84000282287599,-38.09912143958444,-15.620776430305826,-65.54698148330328,"Easton Lucas","26058",687922
"Wade Miley ",,"SP/RP",999,12,8.900000000000013,-38.32319114876034,-15.620776430305826,-65.8245539169593,"Wade Miley","8779",489119
"Matt Sauer ",,"SP/RP",999,29.2,80.28000564575196,-38.33976100410647,-15.620776430305826,-65.84508027498723,"Matt Sauer","22284",669422
"Payton Tolle ","BOS","SP/RP",673,16.1,24.840002822876002,-38.420133888422804,-15.620776430305826,-65.94464436681243,"Payton Tolle","35466",801139
"José Ureña ",,"SP/RP",999,55,164.4,-38.55011070596788,-15.620776430305826,-66.10565667721146,"Jose Urena","11589",570632
"Nabil Crismatt ","TEX","SP/RP",999,34,96.80000000000003,-38.63850283274019,-15.620776430305826,-66.21515482327706,"Nabil Crismatt","17732",622503
"Sawyer Gipson-Long ","DET","SP/RP",999,31.1,81.34000282287599,-38.931988972693766,-15.620776430305826,-66.57871874457118,"Sawyer Gipson-Long","26048",687830
"Travis Adams ","MIN","SP/RP",999,33.2,89.48000564575199,-38.9837523999078,-15.620776430305826,-66.6428420949295,"Travis Adams","30180",701519
"Victor Mederos ","ATL","SP/RP",999,17,21.80000000000001,-39.007073224876635,-15.620776430305826,-66.67173139980375,"Victor Mederos","31533",682989
"Sam Aldegheri ","LAA","SP/RP",999,13.2,2.779998588562016,-39.284554090570396,-15.620776430305826,-67.01546835321378,"Sam Aldegheri","26443",691951
"Joe Ross ","ARI","SP/RP",999,51,154.80000000000004,-39.38055986232453,-15.620776430305826,-67.13439810864045,"Joe Ross","12972",605452
"Mick Abel ","MIN","SP/RP",298.7799987792969,39,108.4,-39.43484156544646,-15.620776430305826,-67.20164104162752,"Mick Abel","27756",690953
"Anthony DeSclafani ",,"SP/RP",999,38.2,101.18000564575198,-39.77144062056868,-15.620776430305826,-67.61861225670259,"Anthony DeSclafani","13050",543101
"Landon Knack ","LAD","SP/RP",999,42.1,116.53998870849608,-39.84656515305224,-15.620776430305826,-67.71167481025087,"Landon Knack","27487",689017
"Thomas Harrington ","PIT","SP/RP",999,8.2,-25.02000141143798,-39.88959830921599,-15.620776430305826,-67.76498330039976,"Thomas Harrington","31989",802419
"Chayce McDermott ","LAD","SP/RP",999,8.2,-25.420001411437987,-39.92420035739751,-15.620776430305826,-67.8078475267093,"Chayce McDermott","29866",694646
"Joey Estes ","ATH","SP/RP",999,11,-15.399999999999999,-40.06530594979401,-15.620776430305826,-67.98264590899855,"Joey Estes","26257",683155
"Chase Petty ","CIN","SP/RP",999,6,-38.89999999999999,-40.298378150488176,-15.620776430305826,-68.27137042335694,"Chase Petty","30170",695534
"Scott Blewett ","STL","SP/RP",999,44.1,114.6399887084961,-40.73084413390272,-15.620776430305826,-68.80709939775205,"Scott Blewett","16427",656240
"Richard Fitts ","STL","SP/RP",748.5800170898438,45,117.89999999999998,-40.772800677099866,-15.620776430305826,-68.85907420436854,"Richard Fitts","30160",690916
"Blade Tidwell ","SFG","SP/RP",999,15,-8,-40.8650065624122,-15.620776430305826,-68.97329674733378,"Blade Tidwell","31701",694918
"Caden Dana ","LAA","SP/RP",999,32.1,60.839988708496136,-41.065304102388794,-15.620776430305826,-69.22142076120024,"Caden Dana","31508",702674
"Carson Seymour ","SFG","SP/RP",999,36,76.50000000000004,-41.11447602994092,-15.620776430305826,-69.2823338210172,"Carson Seymour","30084",693313
"Lance McCullers Jr. ","HOU","SP/RP",999,55.1,131.13998870849616,-41.427271989034786,-15.620776430305826,-69.66981830485382,"Lance McCullers Jr.","14120",621121
"Frankie Montas ",,"SP/RP",999,38.2,81.48000564575196,-41.4755914935089,-15.620776430305826,-69.72967540244754,"Frankie Montas","14309",593423
"Shinnosuke Ogasawara ","WSN","SP/RP",999,38.2,73.18000564575196,-42.193583993275595,-15.620776430305826,-70.61910809837055,"Shinnosuke Ogasawara","35324",829272
"Thomas Hatch ","ARI","SP/RP",999,34,54.50000000000003,-42.2976694279367,-15.620776430305826,-70.74804675551114,"Thomas Hatch","19264",641672
"Austin Cox ","ATL","SP/RP",999,21.1,-1.559997177124032,-42.50366719837418,-15.620776430305826,-71.00323208456939,"Austin Cox","24604",680735
"Elvin Rodríguez ",,"SP/RP",999,19.2,-21.219994354248044,-43.520434470227904,-15.620776430305826,-72.26278013837916,"Elvin Rodriguez","20962",660730
"Carlos Carrasco ","ATL","SP/RP",999,45.2,69.880005645752,-44.99876827273199,-15.620776430305826,-74.09410625928233,"Carlos Carrasco","6632",471911
"Anthony Molina ","ATL","SP/RP",999,34.2,0.2800056457519702,-47.0599687703825,-15.620776430305826,-76.64747431822282,"Anthony Molina","26952",683627
"Carson Palmquist ","COL","SP/RP",999,34.1,-8.660011291503906,-47.79732922591739,-15.620776430305826,-77.56089959501405,"Carson Palmquist","31612",687223
"Ryan Rolison ","CHC","SP/RP",999,42.1,23.23998870849607,-47.917492891393486,-15.620776430305826,-77.70975559695155,"Ryan Rolison","22200",669020
"Bryse Wilson ","PHI","SP/RP",999,47.1,38.03998870849608,-48.43701523864754,-15.620776430305826,-78.35332800482571,"Bryse Wilson","19990",669060
"Bradley Blalock ","MIA","SP/RP",999,58.2,-14.419994354248018,-54.01895585713321,-15.620776430305826,-85.26810844389028,"Bradley Blalock","26419",687134