Name,Org,Pos,Age,PA,AB,Pitches,xwOBA,wOBA,PS Score,Agg,Power,Discipline,xBA,xSLG,Barrels,BB%,Chase%,EV,Max EV,50th% EV,90th% EV,Hard Hit%,K%,L°,Whiff%,Swing%,Z-Swing%,Z-Contact%,SwStr%,Speed,wBsR/PA,Pull,Pull Air,Spd,wBsR,wBsR/PA,xBA,xSLG,Barrels,BB%,Chase%,EV,Max EV,50th% EV,90th% EV,Hard Hit%,K%,L°,Whiff%,Swing%,Z-Swing%,Z-Contact%,SwStr%,PullAir%,BA,OBP,SLG,BABIP,PA/Barrels,Barrels,BB,2B,3B,Hits,HR,K,Swings,Whiffs
Roman Anthony,BOS,DH/OF,21,265,212,1069,0.9921259842519685,0.890748031496063,1,0.7418799212598426,0.9797244094488189,0.6476377952755906,0.9566929133858267,0.9783464566929134,0.9773622047244095,0.9714566929133859,0.9311023622047244,0.9891732283464567,0.985236220472441,0.9960629921259843,0.9901574803149606,0.968503937007874,0.6289370078740157,0.08759842519685039,0.5255905511811023,0.04367301231802912,0.03543307086614173,0.6456692913385826,0.7952755905511811,0.4015748031496063,0.07874015748031496,0.06719367588932806,0.03557312252964427,4.56522,"'-1.54295","'-0.00582245283018868",.283,.581,20.3,19.2,19.354838709677423,95,116,98.8,109.6,57.6,21.1,5.5,27,35.640785781103844,55.625,84.26966292134831,9.635173058933583,6.3,.288,.423,.491,.345,12.075471698113208,32,51,9,2,61,10,56,381,103
Sal Stewart,CIN,1B,22,165,143,627,0.9901574803149606,0.9507874015748031,0.9980314960629921,0.7389886811023623,0.9561023622047244,0.5899887514060743,0.9566929133858267,0.9940944881889764,0.9812992125984252,0.6033464566929134,0.33070866141732286,0.9507874015748031,0.937007874015748,0.9586614173228346,0.8917322834645669,0.9173228346456693,0.8395669291338582,0.6299212598425197,0.6161417322834646,0.7525195968645016,0.84251968503937,0.4035433070866142,0.4940944881889764,0.33661417322834647,0.5984251968503937,0.13142292490118576,0.5632411067193676,4.105119999999999,0.00391386,0.000023720363636363635,.283,.625,21,11.5,31.085043988269803,93.1,113.7,96.2,107.1,51.3,15.8,14.2,25.4,50.23923444976076,73.07692307692307,80.86124401913875,12.759170653907494,17.6,.315,.394,.629,.321,15.151515151515152,25,19,15,0,45,10,26,315,80
Carson Benge,NYM,OF,23,103,90,412,0.9153543307086615,0.11122047244094488,0.9960629921259843,0.7454478346456692,0.8828740157480315,0.6584645669291339,0.8375984251968503,0.9448818897637795,0.9488188976377953,0.3090551181102362,0.4793307086614173,0.9281496062992126,0.6456692913385826,0.9360236220472441,0.8001968503937008,0.9468503937007874,0.7568897637795275,0.2687007874015748,0.859251968503937,0.5352743561030235,0.6023622047244095,0.8011811023622047,0.8011811023622047,0.8818897637795275,0.812992125984252,0.12648221343873517,0.34189723320158105,7.247889999999999,0.405441,0.003936320388349514,.259,.500,15.5,8.7,28.57142857142857,92.1,110.4,95.4,105.9,53.5,18.4,9.1,20.1,47.0873786407767,69.14893617021278,86.92307692307692,9.466019417475726,13.9,.178,.272,.311,.188,10.679611650485436,11,9,1,1,16,3,19,194,39
Samuel Basallo,BAL,C/DH,21,318,269,1241,0.9803149606299213,0.9192913385826772,0.9940944881889764,0.6582800196850394,0.9777559055118109,0.43742969628796396,0.875,0.984251968503937,0.9812992125984252,0.7706692913385826,0.2263779527559055,0.9763779527559056,0.9812992125984252,0.9783464566929134,0.9478346456692913,0.9655511811023622,0.5039370078740157,0.6771653543307087,0.328740157480315,0.5095184770436729,0.4015748031496063,0.4940944881889764,0.33661417322834647,0.04921259842519685,0.30118110236220474,0.4515810276679842,0.4426877470355731,1.24658,"'-0.668267","'-0.00210146855345912",.263,.587,21,13.2,33.05898491083676,94.2,115.9,97.4,108.2,57.4,23.6,14.8,30.4,46.65592264302981,66.015625,81.95266272189349,14.182111200644645,15.7,.271,.374,.591,.287,12.893081761006288,41,42,17,0,73,23,75,579,176
Cole Young,SEA,2B,22,244,205,958,0.8533464566929134,0.7627952755905512,0.9921259842519685,0.7269931102362206,0.684251968503937,0.8053993250843645,0.7224409448818898,0.7962598425196851,0.6624015748031497,0.7421259842519685,0.75,0.7263779527559056,0.46358267716535434,0.7096456692913385,0.6456692913385826,0.7726377952755905,0.9606299212598425,0.2549212598425197,0.9114173228346457,0.2833146696528556,0.42913385826771655,0.9232283464566929,0.9212598425196851,0.7421259842519685,0.18110236220472442,0.30138339920948615,0.17687747035573123,6.469519999999999,"'-0.781208","'-0.003201672131147541",.247,.422,8.5,12.7,24.624060150375943,89.7,109.2,92.2,104.4,44.6,11.5,9,17.9,43.215031315240076,66.43192488262912,90.1060070671378,7.724425887265135,10.7,.273,.389,.459,.297,6.147540983606558,15,31,13,5,56,5,28,414,74
Carter Jensen,KCR,C/DH,22,182,153,781,0.9517716535433071,0.9665354330708661,0.9901574803149606,0.703863188976378,0.8913385826771654,0.5441507311586052,0.6919291338582677,0.9566929133858267,0.9409448818897638,0.906496062992126,0.8641732283464567,0.969488188976378,0.6023622047244095,0.9891732283464567,0.906496062992126,0.9872047244094488,0.23622047244094488,0.7696850393700787,0.2952755905511811,0.08398656215005601,0.1437007874015748,0.7667322834645669,0.5964566929133859,0.5826771653543307,0.6614173228346457,0.3359683794466403,0.6314229249011858,5.45115,0.202423,0.0011122142857142856,.244,.520,14.9,15.9,21.651785714285715,94,110,98.4,107.3,59.4,28.6,16.6,31,38.412291933418686,60.96096096096096,86.20689655172413,11.907810499359796,18.6,.288,.401,.647,.345,8.241758241758241,15,29,11,1,44,14,52,300,93
Ryan Clifford,NYM,1B/OF,22,142,114,548,0.9183070866141733,0.5216535433070866,0.9881889763779528,0.6675073818897638,0.8742125984251968,0.5653824521934758,0.5334645669291339,0.8858267716535433,0.859251968503937,0.8838582677165354,0.734251968503937,0.9625984251968503,0.7263779527559056,0.9537401574803149,0.9153543307086615,0.937007874015748,0.452755905511811,0.6830708661417323,0.3937007874015748,0.21948488241881295,0.22440944881889763,0.7116141732283464,0.5570866141732284,0.21653543307086615,0.1062992125984252,0.4782608695652174,0.8053359683794467,2.96266,"'-0.6622680000000001","'-0.004663859154929577",.231,.454,12.3,15.5,24.834437086092716,93.6,111,96,107.4,53.1,24.6,14.9,29,42.15328467153285,63.414634146341456,85.25641025641025,12.226277372262777,22.2,.219,.359,.395,.263,7.042253521126762,10,22,5,0,25,5,35,231,67
Jac Caglianone,KCR,OF,23,128,112,453,0.9753937007874016,0.9862204724409449,0.9862204724409449,0.7189345472440944,0.9297244094488188,0.5732564679415073,0.9763779527559056,0.9724409448818898,0.8415354330708661,0.29429133858267714,0.12992125984251968,0.9665354330708661,0.9291338582677166,0.9498031496062992,0.9872047244094488,0.9389763779527559,0.8464566929133859,0.6161417322834646,0.6377952755905512,0.7973124300111982,0.8464566929133859,0.7696850393700787,0.4881889763779528,0.2736220472440945,0.5078740157480315,0.7569169960474308,0.6996047430830039,3.5487,"'-0.11298599999999999","'-0.000882703125",.291,.568,11.7,8.6,35.361216730038024,93.9,113.6,95.9,109.5,53.2,15.6,14.1,25,51.214128035320094,73.15789473684211,86.33093525179855,12.803532008830024,20.2,.357,.422,.705,.349,8.59375,11,11,6,0,40,11,20,232,58
Noelvi Marte,CIN,3B/OF,24,53,43,181,0.9980314960629921,0.9301181102362205,0.984251968503937,0.7814345472440944,0.9066929133858267,0.7450787401574803,0.9960629921259843,0.9862204724409449,0.9586614173228346,0.8612204724409449,0.13188976377952755,0.7627952755905512,0.8730314960629921,0.9537401574803149,0.906496062992126,0.952755905511811,0.9143700787401575,0.2952755905511811,0.8533464566929134,0.8286674132138858,0.7637795275590551,0.952755905511811,0.7381889763779528,0.4645669291338583,0.6043307086614174,0.8814229249011858,0.8745059288537549,4.83744,0.00693166,0.00013078603773584904,.344,.590,16.2,15.1,35.353535353535364,90,112.8,96,107.3,54.1,13.2,9.6,20.2,51.93370165745856,71.95121951219512,91.52542372881358,10.497237569060774,24.3,.326,.434,.535,.361,11.320754716981131,6,8,6,0,14,1,7,94,19
JJ Wetherholt,STL,2B,23,218,183,848,0.8887795275590551,0.9251968503937008,0.9822834645669292,0.7133981299212598,0.7533464566929134,0.6787120359955006,0.7618110236220472,0.8297244094488189,0.8730314960629921,0.7125984251968503,0.9596456692913385,0.8927165354330708,0.2785433070866142,0.8769685039370079,0.5511811023622047,0.8927165354330708,0.8661417322834646,0.47834645669291337,0.6801181102362205,0.22172452407614784,0.3543307086614173,0.4242125984251969,0.7539370078740157,0.7677165354330708,0.7893700787401575,0.7312252964426877,0.32707509881422925,6.55167,0.783978,0.003596229357798165,.250,.434,12.6,12.4,18.269230769230766,91.4,107.6,94.1,103.7,49,15.1,12.3,24.3,42.21698113207547,65.27777777777779,81.20567375886525,10.25943396226415,13.6,.306,.408,.557,.324,8.715596330275227,19,27,14,1,56,10,33,358,87
Aidan Miller,PHI,SS,21,37,27,163,0.9655511811023622,0.9822834645669292,0.9803149606299213,0.6917445866141733,0.539763779527559,0.8132733408323959,0.7913385826771654,0.6919291338582677,0.7539370078740157,0.9960629921259843,0.9507874015748031,0.15649606299212598,0.3061023622047244,0.013779527559055118,0.8405511811023622,0.7903543307086615,0.7362204724409449,0.11811023622047244,0.9232283464566929,0.09742441209406497,0.25,0.8818897637795275,0.9547244094488189,0.8011811023622047,0.9960629921259843,0.9466403162055336,0.8992094861660079,6.70925,0.806932,0.02180897297297297,.254,.392,10,24.3,18.68131868131868,85.8,107.9,81.6,106.3,45,18.9,6.1,17.5,38.65030674846626,63.88888888888889,89.13043478260867,6.7484662576687136,25,.333,.514,.519,.421,5.405405405405406,2,9,2,0,9,1,7,63,11
Hao-Yu  Lee,DET,2B/3B,23,578,497,2319,0.7667322834645669,0.452755905511811,0.9783464566929134,0.6708907480314961,0.7659448818897637,0.5995500562429698,0.6210629921259843,0.7667322834645669,0.7096456692913385,0.5600393700787402,0.7057086614173228,0.7421259842519685,0.8326771653543307,0.8385826771653543,0.7490157480314961,0.7785433070866141,0.6328740157480315,0.4340551181102362,0.5954724409448819,0.4759238521836506,0.6181102362204725,0.468503937007874,0.6161417322834646,0.8858267716535433,0.6830708661417323,0.09090909090909091,0.18379446640316205,7.31003,0.8256049999999999,0.0014283823529411765,.239,.411,9.3,11.1,25.490196078431374,89.8,112.2,93.6,105.4,44.8,20.9,11.6,25.6,46.226821905993965,69.40639269406392,81.71052631578948,11.815437688658905,10.8,.243,.341,.406,.292,5.882352941176469,34,64,23,8,121,14,121,1072,274
Emmanuel Rodriguez,MIN,OF,23,212,163,877,0.8356299212598425,0.8238188976377953,0.9763779527559056,0.545275590551181,0.7852362204724409,0.40255905511811024,0.26673228346456695,0.5137795275590551,0.8671259842519685,0.9921259842519685,0.9862204724409449,0.7696850393700787,0.9291338582677166,0.8287401574803149,0.9783464566929134,0.8464566929133859,0.11614173228346457,0.1968503937007874,0.0639763779527559,0.07950727883538634,0.2637795275590551,0.06496062992125984,0.33070866141732286,0.6811023622047244,0.4881889763779528,0.31521739130434784,0.08102766798418973,6.03602,"'-0.224518","'-0.0010590471698113206",.207,.360,12.5,21.2,17.219917012448132,90.1,113.6,93.5,109,46.9,31.6,8,37.2,38.31242873432155,64.0506329113924,73.12252964426878,14.253135689851767,8,.258,.429,.423,.400,5.6603773584905674,12,45,7,1,42,6,67,336,125
Owen Caissie,MIA,OF,23,430,367,1798,0.9311023622047244,0.8868110236220472,0.9744094488188977,0.6833784448818898,0.9372047244094487,0.5299493813273342,0.7618110236220472,0.9419291338582677,0.968503937007874,0.7765748031496063,0.6200787401574803,0.9281496062992126,0.9035433070866141,0.9458661417322834,0.937007874015748,0.9438976377952756,0.2637795275590551,0.4498031496062992,0.4448818897637795,0.4703247480403136,0.6594488188976378,0.4744094488188976,0.4704724409448819,0.3956692913385827,0.12401574803149606,0.4901185770750988,0.532608695652174,4.49644,"'-1.8036900000000002","'-0.004194627906976744",.250,.498,17,13.3,26.639757820383448,92.1,113.3,95.7,107.9,53.4,27.9,12,28.3,46.16240266963293,70.1363073110285,81.80212014134275,13.070077864293658,17.2,.283,.384,.548,.361,9.767441860465118,42,57,27,2,104,22,120,830,235
Abimelec Ortiz,WSN,1B,24,164,138,639,0.9311023622047244,0.9084645669291339,0.9724409448818898,0.7688238188976377,0.875984251968504,0.6680258717660292,0.875,0.9281496062992126,0.7283464566929134,0.6909448818897638,0.36023622047244097,0.9124015748031497,0.8622047244094488,0.9458661417322834,0.8730314960629921,0.9488188976377953,0.5797244094488189,0.8070866141732284,0.7578740157480315,0.6774916013437849,0.844488188976378,0.7559055118110236,0.687007874015748,0.6318897637795275,0.13976377952755906,0.8616600790513834,0.8636363636363636,5.79782,"'-0.654172","'-0.003988853658536585",.263,.483,9.6,12.2,30.61797752808989,91.7,112.7,95.7,106.9,53.8,22,17.1,22.5,49.45226917057903,73.14487632508833,85.9903381642512,11.111111111111109,24,.283,.384,.565,.316,6.097560975609755,10,20,6,3,39,9,36,316,71
Justin Crawford,PHI,OF,22,487,426,1921,0.6761811023622047,0.7942913385826772,0.9704724409448819,0.6423474409448819,0.6003937007874016,0.6846175478065242,0.8937007874015748,0.5019685039370079,0.27263779527559057,0.6535433070866141,0.18110236220472442,0.7421259842519685,0.6811023622047244,0.7362204724409449,0.3927165354330709,0.8041338582677166,0.7677165354330708,0.025590551181102362,0.9045275590551181,0.7446808510638298,0.5767716535433071,0.8877952755905512,0.8208661417322834,0.8877952755905512,0.8622047244094488,0.10276679841897234,0.12845849802371542,7.35129,2.71008,0.005564845995893224,.266,.358,3.4,11.9,33.91812865497076,89.8,110.6,92.5,102.7,45.3,18.3,2.6,18.3,50.13014055179595,68.71508379888269,89.43089430894308,9.161894846434148,9.3,.326,.407,.448,.398,2.2587268993839835,11,58,23,4,139,7,89,963,176
Matt Shaw,CHC,3B,24,110,91,411,0.968503937007874,0.9301181102362205,0.968503937007874,0.7318528543307086,0.7135826771653544,0.7297525309336333,0.9862204724409449,0.9143700787401575,0.7578740157480315,0.8838582677165354,0.9173228346456693,0.5492125984251969,0.5885826771653543,0.4793307086614173,0.7608267716535433,0.7578740157480315,0.9793307086614174,0.16535433070866143,0.7923228346456693,0.10974244120940647,0.17913385826771652,0.484251968503937,0.8720472440944882,0.9133858267716536,0.8937007874015748,0.03557312252964427,0.1482213438735178,7.67847,0.720851,0.00655319090909091,.297,.475,10.1,15.5,20,88.6,109.9,90.4,105.5,44.3,10,7.4,21.7,39.17274939172749,62.365591397849464,81.89655172413794,8.51581508515815,10,.286,.409,.560,.270,7.2727272727272725,8,17,5,1,26,6,11,161,35
Marcelo Mayer,BOS,2B/3B,23,192,170,717,0.7854330708661418,0.6122047244094488,0.9665354330708661,0.6855930118110236,0.7968503937007874,0.6345613048368953,0.7450787401574803,0.8779527559055118,0.7440944881889764,0.4360236220472441,0.797244094488189,0.7421259842519685,0.7362204724409449,0.8494094488188977,0.8405511811023622,0.8838582677165354,0.6801181102362205,0.46948818897637795,0.6584645669291339,0.3393057110862262,0.4645669291338583,0.6948818897637795,0.7106299212598425,0.5433070866141733,0.5767716535433071,0.8517786561264822,0.5800395256916996,5.2314,"'-0.0314128","'-0.00016360833333333333",.249,.453,9.8,9.9,23.544973544973544,89.8,111.2,93.7,106.3,48.5,19.8,12.2,24.7,44.07252440725244,66.96165191740414,85.02202643171806,10.878661087866108,17.9,.271,.344,.471,.296,6.770833333333332,13,19,5,1,46,9,38,316,78
Chase DeLauter,CLE,DH/OF,24,148,126,594,0.8356299212598425,0.7539370078740157,0.9645669291338582,0.7309301181102362,0.8228346456692914,0.7883858267716536,0.6781496062992126,0.8248031496062992,0.8671259842519685,0.8179133858267716,0.9960629921259843,0.8799212598425197,0.6151574803149606,0.9399606299212598,0.8828740157480315,0.9271653543307087,0.8513779527559056,0.3159448818897638,0.8868110236220472,0.1690929451287794,0.4744094488188976,0.5728346456692913,0.9192913385826772,0.23228346456692914,0.2372047244094488,0.25790513833992096,0.2618577075098814,3.1717,"'-0.36374","'-0.0024577027027027033",.243,.432,12.5,14.2,16.065573770491802,91.2,110.1,95.5,107,51.9,15.5,10,18.9,40.90909090909091,67.1280276816609,82.98969072164951,7.744107744107745,12.5,.278,.378,.476,.303,8.783783783783784,13,21,8,1,35,5,23,243,46
Moisés Ballesteros,CHC,DH,22,505,444,1799,0.7509842519685039,0.7450787401574803,0.9625984251968503,0.6679379921259843,0.7196850393700787,0.7017716535433072,0.922244094488189,0.7618110236220472,0.49803149606299213,0.3887795275590551,0.265748031496063,0.7834645669291339,0.8405511811023622,0.7283464566929134,0.7145669291338582,0.7145669291338582,0.9104330708661418,0.2549212598425197,0.8533464566929134,0.8241881298992161,0.9311023622047244,0.8208661417322834,0.7421259842519685,0.24803149606299213,0.2578740157480315,0.14723320158102768,0.14031620553359683,3.30033,"'-1.19277","'-0.0023619207920792078",.272,.410,6.3,9.3,32.1285140562249,90.2,112.3,92.4,105.1,42.8,13.3,9,20.2,51.75097276264592,76.08966376089664,87.23404255319151,10.450250138966092,9.6,.315,.382,.473,.341,4.752475247524752,24,47,29,1,140,13,67,931,188
Dylan Beavers,BAL,OF,24,410,336,1739,0.9468503937007874,0.9084645669291339,0.9606299212598425,0.788570374015748,0.7478346456692913,0.7848706411698537,0.9153543307086615,0.8917322834645669,0.7096456692913385,0.9271653543307087,0.90748031496063,0.7263779527559056,0.7706692913385826,0.5049212598425197,0.7490157480314961,0.640748031496063,0.7480314960629921,0.7696850393700787,0.8661417322834646,0.17245240761478164,0.36023622047244097,0.781496062992126,0.9035433070866141,0.7519685039370079,0.7480314960629921,0.3359683794466403,0.6452569169960475,6.48456,1.12711,0.002749048780487805,.271,.457,9.3,16.3,20.423280423280424,89.7,111.6,90.6,105.4,41.3,18.5,16.6,19.7,40.943070730304775,65.36523929471034,86.70520231213871,8.050603795284646,18.8,.301,.417,.515,.337,5.853658536585367,24,67,14,2,101,18,76,712,140
Bryce Eldridge,SFG,1B/DH,21,283,253,1165,0.9133858267716536,0.6122047244094488,0.9586614173228346,0.5954724409448819,0.9759842519685039,0.32142857142857145,0.8474409448818898,0.9586614173228346,0.9665354330708661,0.3248031496062992,0.43700787401574803,0.9940944881889764,0.9625984251968503,0.9862204724409449,0.9557086614173228,0.9980314960629921,0.12401574803149606,0.5462598425196851,0.1673228346456693,0.458006718924972,0.515748031496063,0.47244094488188976,0.20866141732283464,0.09055118110236221,0.5177165354330708,0.30138339920948615,0.2183794466403162,1.7507700000000002,"'-0.23375900000000002","'-0.0008260035335689046",.260,.524,16.8,8.8,29.223744292237438,95.7,114.6,98,108.4,63.5,31.1,13.2,33.7,46.09442060085836,67.91338582677166,81.73913043478261,15.536480686695278,11.8,.249,.314,.514,.298,9.89399293286219,28,25,13,0,63,18,88,537,181
Jonathon Long,CHC,1B,24,606,513,2581,0.8956692913385826,0.8326771653543307,0.9566929133858267,0.6914985236220472,0.818503937007874,0.6666197975253093,0.8110236220472441,0.8543307086614174,0.7578740157480315,0.7529527559055118,0.7598425196850394,0.8562992125984252,0.7706692913385826,0.8494094488188977,0.8001968503937008,0.8533464566929134,0.7253937007874016,0.3346456692913386,0.7746062992125984,0.1713325867861142,0.09251968503937008,0.7263779527559056,0.8346456692913385,0.2637795275590551,0.29133858267716534,0.16403162055335968,0.16996047430830039,3.4232099999999996,"'-1.28336","'-0.0021177557755775573",.256,.445,10.1,13,24.408284023668642,90.9,111.6,93.7,105.9,47.1,19.1,10.3,22.2,40.91437427353739,59.07241659886086,85.39944903581268,9.06625339015885,10.5,.304,.403,.478,.357,6.6006600660066,40,79,23,3,156,20,116,1056,234
Walker Jenkins,MIN,OF,21,102,91,403,0.8297244094488189,0.3484251968503937,0.9547244094488189,0.631213090551181,0.7732283464566929,0.45120922384701917,0.656496062992126,0.9173228346456693,0.9517716535433071,0.3248031496062992,0.19094488188976377,0.6348425196850394,0.6151574803149606,0.6446850393700787,0.5511811023622047,0.7470472440944882,0.4202755905511811,0.6830708661417323,0.6062992125984252,0.7659574468085106,0.6909448818897638,0.44881889763779526,0.4763779527559055,0.905511811023622,0.8740157480314961,0.35177865612648224,0.5069169960474308,7.61345,0.596982,0.005852764705882353,.241,.477,15.6,8.8,33.789954337899545,89.1,110.1,91.5,103.7,43.8,25.5,14.9,25.5,50.62034739454094,70.65217391304348,81.53846153846153,12.903225806451614,16.7,.242,.324,.396,.317,9.803921568627453,10,9,6,1,22,2,26,204,52
Jordan Lawlar,ARI,3B/SS,23,288,250,1239,0.7135826771653543,0.9429133858267716,0.952755905511811,0.6697834645669292,0.7478346456692913,0.5714285714285715,0.6663385826771654,0.7273622047244095,0.7854330708661418,0.6909448818897638,0.7224409448818898,0.5807086614173228,0.9035433070866141,0.7933070866141733,0.5895669291338582,0.7421259842519685,0.48326771653543305,0.6368110236220472,0.5108267716535433,0.3376259798432251,0.4035433070866142,0.6122047244094488,0.5767716535433071,0.9606299212598425,0.8858267716535433,0.8379446640316206,0.8745059288537549,8.2761,1.84133,0.006393506944444444,.242,.400,10.5,12.2,25.112781954887215,88.8,113.3,93,104,43.6,24,14.3,27.3,44.067796610169495,66.02787456445994,83.64116094986808,12.025827280064568,24.3,.320,.410,.580,.406,6.597222222222222,19,35,22,5,80,11,69,546,149
Harry Ford,WSN,C,23,457,373,1914,0.8533464566929134,0.8238188976377953,0.9507874015748031,0.6435777559055118,0.6330708661417322,0.7252530933633295,0.6663385826771654,0.7578740157480315,0.6702755905511811,0.922244094488189,0.9803149606299213,0.5807086614173228,0.47834645669291337,0.78248031496063,0.4940944881889764,0.6781496062992126,0.7303149606299213,0.30118110236220474,0.7234251968503937,0.1265397536394177,0.3484251968503937,0.5551181102362205,0.8169291338582677,0.234251968503937,0.14173228346456693,0.4160079051383399,0.35375494071146246,3.17915,"'-1.81477","'-0.003971050328227571",.242,.409,8.7,16.2,17.46810598626104,88.8,109.3,92.9,103.4,41.9,19,9.8,23.2,39.811912225705335,65.25139664804469,82.87671232876713,9.247648902821316,14.2,.284,.409,.461,.330,5.4704595185995615,25,74,18,0,106,16,87,762,177
Yohendrick Pinango,TOR,OF,23,341,293,1444,0.6072834645669292,0.3484251968503937,0.9488188976377953,0.6614788385826772,0.7454724409448819,0.6833520809898762,0.6210629921259843,0.5688976377952756,0.3937007874015748,0.7362204724409449,0.702755905511811,0.922244094488189,0.9724409448818898,0.8287401574803149,0.96751968503937,0.8700787401574803,0.7253937007874016,0.6161417322834646,0.8533464566929134,0.14893617021276595,0.051181102362204724,0.8149606299212598,0.8996062992125984,0.2283464566929134,0.41338582677165353,0.4990118577075099,0.5454545454545454,3.1339099999999998,"'-0.53594","'-0.0015716715542521994",.239,.366,5.2,12.6,25.523560209424087,91.9,115.4,93.5,108.8,47.8,19.1,14.1,20.2,40.443213296398895,57.20588235294117,87.14652956298201,8.171745152354571,17.4,.235,.335,.379,.278,3.5190615835777126,12,43,19,1,69,7,65,584,118
Nick Kurtz,ATH,1B,23,96,84,405,0.9606299212598425,0.9537401574803149,0.9468503937007874,0.6165723425196851,0.9204724409448819,0.37654668166479194,0.9005905511811023,0.9901574803149606,0.9921259842519685,0.39665354330708663,0.7106299212598425,0.9921259842519685,0.6624015748031497,0.9783464566929134,0.9251968503937008,0.9655511811023622,0.31791338582677164,0.6692913385826772,0.2952755905511811,0.19036954087346025,0.13188976377952755,0.30118110236220474,0.4822834645669291,0.09645669291338582,0.3858267716535433,0.5266798418972332,0.40217391304347827,1.80952,"'-0.164529","'-0.00171384375",.268,.603,23,9.4,25.45454545454545,95.1,110.5,97.4,107.7,57.4,27.1,14.7,31,41.481481481481474,60.54054054054054,79.46428571428571,12.839506172839506,15,.321,.379,.655,.377,14.583333333333336,14,9,7,0,27,7,26,168,52
Adael Amador,COL,2B,23,370,314,1430,0.6761811023622047,0.84251968503937,0.9448818897637795,0.6518208661417322,0.47696850393700785,0.8256467941507312,0.7736220472440944,0.4596456692913386,0.2204724409448819,0.7844488188976378,0.7992125984251969,0.35236220472440943,0.702755905511811,0.6663385826771654,0.4744094488188976,0.6496062992125984,0.9281496062992126,0.20078740157480315,0.9468503937007874,0.2777155655095185,0.4881889763779528,0.8838582677165354,0.9488188976377953,0.6141732283464567,0.1220472440944882,0.7697628458498024,0.43379446640316205,5.71959,"'-1.55615","'-0.004205810810810811",.251,.350,3,13.5,23.544303797468356,87.3,110.8,91.7,103.3,41.4,12.7,8.1,16.5,43.146853146853154,67.34375,89.32714617169373,7.1328671328671325,15.6,.303,.405,.478,.327,2.1621621621621623,8,50,16,3,95,11,47,617,102
Kahlil Watson,CLE,SS/OF,23,176,149,661,0.6761811023622047,0.6840551181102362,0.9429133858267716,0.5537647637795275,0.8088582677165356,0.3302868391451068,0.38188976377952755,0.7578740157480315,0.797244094488189,0.7244094488188977,0.21751968503937008,0.8700787401574803,0.7263779527559056,0.9025590551181102,0.6456692913385826,0.8927165354330708,0.3425196850393701,0.7096456692913385,0.11023622047244094,0.658454647256439,0.6299212598425197,0.18700787401574803,0.10039370078740158,0.7362204724409449,0.8090551181102362,0.8616600790513834,0.8003952569169961,6.41397,0.6869770000000001,0.003903278409090909,.220,.409,10.8,12.5,33.33333333333333,91.1,111,94.7,104.4,49,26.7,15.4,35.2,49.01664145234494,69.5804195804196,77.38693467336684,17.246596066565807,22.1,.255,.358,.477,.313,6.25,11,22,7,1,38,8,47,324,114
Travis Bazzana,CLE,2B,23,118,88,507,0.7736220472440944,0.8110236220472441,0.9409448818897638,0.607775590551181,0.6076771653543307,0.6605736782902137,0.051181102362204724,0.40846456692913385,0.8671259842519685,0.9980314960629921,0.9980314960629921,0.672244094488189,0.46358267716535434,0.7096456692913385,0.297244094488189,0.6269685039370079,0.31791338582677164,0.5344488188976378,0.6801181102362205,0.051511758118701005,0.14960629921259844,0.6318897637795275,0.8484251968503937,0.702755905511811,0.16929133858267717,0.43478260869565216,0.24011857707509882,6.16873,"'-0.404545","'-0.0034283474576271185",.169,.341,12.5,24.6,15.129151291512914,89.3,109.2,92.2,101.8,41.1,27.1,13.1,24.3,36.489151873767256,61.016949152542374,84.0277777777778,8.875739644970414,12.1,.216,.415,.432,.288,5.932203389830509,7,29,3,2,19,4,32,185,45
Daylen Lile,WSN,OF,23,119,104,413,0.8720472440944882,0.8651574803149606,0.9389763779527559,0.6767962598425197,0.6584645669291339,0.5915354330708661,0.9803149606299213,0.8336614173228346,0.562992125984252,0.37401574803149606,0.36220472440944884,0.6348425196850394,0.6279527559055118,0.5344488188976378,0.7332677165354331,0.6328740157480315,0.8228346456692913,0.6535433070866141,0.687007874015748,0.7424412094064949,0.7765748031496063,0.5511811023622047,0.5669291338582677,0.889763779527559,0.562992125984252,0.808300395256917,0.691699604743083,7.36753,"'-0.0284321","'-0.0002389252100840336",.292,.435,7.1,9.2,30.593607305936068,89.1,110.2,90.8,105.3,41.2,16.8,14.5,24.2,50.121065375302656,72.16494845360825,82.85714285714286,12.106537530266344,20,.337,.407,.500,.398,5.042016806722689,6,11,7,2,35,2,20,207,50
Chase Meidroth,CHW,2B/SS,24,40,30,186,0.9822834645669292,0.9753937007874016,0.937007874015748,0.7559670275590551,0.6401574803149607,0.8398481439820022,0.8110236220472441,0.9330708661417323,0.8494094488188977,0.984251968503937,0.9596456692913385,0.7421259842519685,0.09940944881889764,0.8818897637795275,0.4074803149606299,0.5767716535433071,0.9360236220472441,0.484251968503937,0.9980314960629921,0.01007838745800672,0.001968503937007874,0.9990157480314961,1,0.7381889763779528,0.90748031496063,0.9664031620553359,0.8636363636363636,6.41749,0.281573,0.007039325000000002,.256,.486,12,20,18.269230769230766,89.8,105.3,94.2,102.8,40,12.5,12.4,9.3,29.032258064516128,42.68292682926829,100,2.6881720430107525,24,.267,.450,.600,.227,7.5,3,8,1,0,8,3,5,54,5
Jacob Melton,TBR,OF,25,150,126,570,0.984251968503937,0.905511811023622,0.9350393700787402,0.8067175196850394,0.9511811023622048,0.7043025871766029,0.969488188976378,0.9704724409448819,0.9744094488188977,0.8385826771653543,0.7401574803149606,0.9438976377952756,0.8937007874015748,1,0.9251968503937008,0.9734251968503937,0.6673228346456693,0.6161417322834646,0.8267716535433071,0.2788353863381859,0.25984251968503935,0.7539370078740157,0.843503937007874,0.6515748031496063,0.8031496062992126,0.5523715415019763,0.7687747035573123,5.89016,0.577865,0.003852433333333333,.289,.561,17.9,14.7,24.752475247524753,92.6,113,99.3,107.7,57.9,20,14.1,20.7,43.15789473684211,64.04494382022472,85.96491228070175,8.947368421052632,21.6,.286,.389,.556,.330,11.333333333333332,17,22,16,0,36,6,30,246,51
Brice Matthews,HOU,2B/OF,24,490,411,1979,0.7588582677165354,0.6771653543307087,0.9330708661417323,0.5850147637795275,0.7887795275590551,0.3847019122609674,0.33661417322834647,0.78248031496063,0.8543307086614174,0.8238188976377953,0.7933070866141733,0.7421259842519685,0.8730314960629921,0.7578740157480315,0.7913385826771654,0.6919291338582677,0.2470472440944882,0.6909448818897638,0.10433070866141732,0.35498320268757,0.4389763779527559,0.08661417322834646,0.19881889763779528,0.937007874015748,0.7598425196850394,0.6156126482213439,0.5385375494071146,7.88152,1.43658,0.002931795918367347,.216,.416,12.2,14.3,23.609756097560968,89.8,112.8,92.7,105.8,42.2,28.2,15.1,35.3,44.31531076301162,66.56184486373165,74.48818897637796,15.664477008590195,17.3,.253,.367,.455,.336,6.530612244897959,32,70,18,7,104,17,138,877,310
Kemp Alderman,MIA,OF,23,82,76,302,0.9399606299212598,0.9389763779527559,0.9311023622047244,0.6191560039370079,0.9690944881889763,0.3308492688413948,0.9763779527559056,0.968503937007874,0.9350393700787402,0.09251968503937008,0.2618110236220472,0.9891732283464567,0.9566929133858267,0.9744094488188977,0.9980314960629921,0.9960629921259843,0.33366141732283466,0.5216535433070866,0.18700787401574803,0.6371780515117581,0.6653543307086615,0.6161417322834646,0.1594488188976378,0.30708661417322836,0.2854330708661417,0.44367588932806323,0.607707509881423,3.85946,"'-0.17615","'-0.002148170731707317",.291,.545,14.5,6.1,32.16374269005848,95,114.4,97.3,110.3,61.8,26.8,12.9,33.3,48.675496688741724,70.22900763358778,83.69565217391305,16.225165562913908,18.2,.303,.341,.671,.333,9.75609756097561,8,5,7,0,23,7,22,147,49
Gabriel Rincones Jr.,PHI,OF,25,503,412,2012,0.8887795275590551,0.6053149606299213,0.9291338582677166,0.6885457677165354,0.88248031496063,0.5752249718785152,0.640748031496063,0.7992125984251969,0.8080708661417323,0.8740157480314961,0.7539370078740157,0.937007874015748,0.9881889763779528,0.8681102362204725,0.9616141732283464,0.8799212598425197,0.5354330708661418,0.4498031496062992,0.40255905511811024,0.32250839865621506,0.4940944881889764,0.4625984251968504,0.5039370078740157,0.5984251968503937,0.6811023622047244,0.5049407114624506,0.4654150197628458,5.55856,0.7017369999999999,0.0013951033797216699,.240,.423,11.1,15.3,24.547101449275363,92.3,116.4,94,108.6,48.1,22.7,12,28.9,43.88667992047714,67.40088105726872,81.69934640522875,12.673956262425447,16.1,.240,.366,.430,.283,6.361829025844929,32,77,22,1,99,18,114,883,255
Ronny Mauricio,NYM,2B/3B,25,37,33,128,0.9940944881889764,1,0.9271653543307087,0.7268085629921259,0.9147637795275593,0.5517435320584927,0.9980314960629921,1,0.9212598425196851,0.24803149606299213,0.10826771653543307,0.9173228346456693,0.8533464566929134,0.4005905511811024,0.9251968503937008,0.8818897637795275,0.9045275590551181,0.6299212598425197,0.7608267716535433,0.8398656215005599,0.7952755905511811,0.41437007874015747,0.6309055118110236,0.5708661417322834,0.8641732283464567,0.17193675889328064,0.5800395256916996,5.4050400000000005,0.206932,0.005592756756756757,.352,.682,13.8,8.1,35.714285714285715,91.8,112.5,90,107.7,48.3,13.5,14.2,22.4,52.34375,72.41379310344827,80.95238095238095,11.71875,17.9,.515,.541,.818,.538,10.810810810810812,4,3,1,0,17,3,5,67,15
Alex Freeland,LAD,2B/3B,24,507,415,2163,0.8001968503937008,0.7076771653543307,0.9251968503937008,0.6641240157480315,0.7206692913385827,0.6761811023622047,0.6210629921259843,0.6811023622047244,0.6072834645669292,0.922244094488189,0.9448818897637795,0.906496062992126,0.5452755905511811,0.8818897637795275,0.6673228346456693,0.8631889763779528,0.5905511811023622,0.484251968503937,0.6988188976377953,0.08846584546472565,0.16141732283464566,0.5866141732283464,0.8287401574803149,0.3838582677165354,0.47244094488188976,0.558300395256917,0.48221343873517786,4.42092,"'-0.612642","'-0.0012083668639053255",.239,.389,7.7,16.2,19.01108269394714,91.6,109.7,94.2,104.6,47.6,21.9,12.4,23.7,38.46509477577439,61.51515151515151,83.2512315270936,9.107720758206195,16.4,.263,.383,.451,.315,4.733727810650888,24,82,30,0,109,16,111,832,197
Dustin Dickerson,KCR,SS,25,46,38,191,1,0.6181102362204725,0.9232283464566929,0.773929625984252,0.7051181102362204,0.8361923509561304,1,0.9822834645669292,0.2372047244094488,0.7529527559055118,0.9881889763779528,0.9478346456692913,0.37106299212598426,0.9625984251968503,0.13877952755905512,0.9872047244094488,0.9665354330708661,0.6299212598425197,1,0.07726763717805152,0.16338582677165353,0.984251968503937,0.9980314960629921,0.37401574803149606,0.6673228346456693,0.03359683794466403,0.2183794466403162,4.3533599999999995,0.0561957,0.0012216456521739133,.391,.584,3.1,13,17,92.8,108.5,96.4,100.4,59.4,10.9,14.2,8.2,38.21989528795812,61.53846153846154,94.64285714285714,3.1413612565445024,11.8,.316,.413,.368,.353,2.1739130434782608,1,6,2,0,12,0,5,73,6
Kyle Teel,CHW,C,24,212,182,922,0.8139763779527559,0.8238188976377953,0.9212598425196851,0.5954724409448819,0.7492125984251967,0.48003374578177727,0.656496062992126,0.8297244094488189,0.71751968503937,0.8179133858267716,0.594488188976378,0.7135826771653543,0.7933070866141733,0.8149606299212598,0.6791338582677166,0.6919291338582677,0.4202755905511811,0.30708661417322836,0.41437007874015747,0.3493840985442329,0.3631889763779528,0.25196850393700787,0.49803149606299213,0.6437007874015748,0.6948818897637795,0.4901185770750988,0.4258893280632411,5.86207,0.392437,0.0018511179245283016,.241,.434,9.4,14.2,26.877470355731226,89.6,111.8,93.3,104.7,42.2,25.5,9.9,28.7,44.251626898047725,65.38461538461539,78.67647058823529,12.689804772234273,15.5,.291,.392,.489,.375,5.6603773584905674,12,30,10,1,53,8,54,408,117
Luke Keaschall,MIN,2B,23,118,95,438,0.9183070866141733,0.3838582677165354,0.9192913385826772,0.6939591535433072,0.4466535433070867,0.7899325084364454,0.922244094488189,0.7903543307086615,0.49803149606299213,0.8297244094488189,0.9114173228346457,0.41633858267716534,0.20275590551181102,0.5187007874015748,0.26968503937007876,0.3257874015748031,0.8799212598425197,0.6161417322834646,0.8730314960629921,0.1019036954087346,0.1860236220472441,0.9183070866141733,0.9311023622047244,0.8838582677165354,0.9232283464566929,0.8231225296442688,0.7302371541501976,7.281339999999999,0.946191,0.008018567796610171,.272,.420,6.3,14.4,20.32520325203252,87.7,106.9,90.7,101.6,34.2,14.4,14.1,19.4,38.81278538812785,62.5,90,7.534246575342466,20.7,.263,.373,.337,.296,4.23728813559322,5,17,2,1,25,1,17,170,33
Max Muncy,ATH,2B/3B,23,140,123,533,0.8061023622047244,0.84251968503937,0.9173228346456693,0.6122662401574803,0.7706692913385826,0.4870641169853768,0.8110236220472441,0.8110236220472441,0.8494094488188977,0.1486220472440945,0.4921259842519685,0.7421259842519685,0.8100393700787402,0.7716535433070866,0.96751968503937,0.640748031496063,0.5255905511811023,0.46948818897637795,0.5679133858267716,0.4165733482642777,0.3228346456692913,0.7381889763779528,0.6141732283464567,0.4468503937007874,0.01968503937007874,0.9288537549407114,0.8478260869565217,4.79985,"'-1.65205","'-0.011800357142857144",.256,.428,12,7.1,28.421052631578945,89.8,112,92.8,108.8,41.3,22.9,12.2,26,45.40337711069418,64.91935483870968,85.71428571428571,11.81988742964353,23.7,.325,.393,.504,.411,7.857142857142858,11,10,11,1,40,3,32,242,63
Junior Perez,ATH,OF,24,179,150,740,0.7736220472440944,0.9625984251968503,0.9153543307086615,0.6213090551181102,0.7856299212598425,0.5016872890888638,0.2765748031496063,0.8395669291338582,0.9635826771653543,0.8917322834645669,0.9547244094488189,0.5984251968503937,0.937007874015748,0.5718503937007874,0.8828740157480315,0.5895669291338582,0.3051181102362205,0.6043307086614174,0.3425196850393701,0.10750279955207166,0.15354330708661418,0.23622047244094488,0.6279527559055118,0.8464566929133859,0.6889763779527559,0.508893280632411,0.21047430830039526,6.977360000000001,0.295601,0.0016514022346368715,.208,.438,16.7,15.6,18.489583333333336,88.9,113.7,91,107,40.2,27.4,14,30.1,39.054054054054056,61.23595505617978,78.44036697247707,11.756756756756758,11.7,.293,.402,.640,.356,9.497206703910614,17,28,14,1,44,12,49,289,87
Luis Matos,MIL,OF,24,159,147,603,0.7923228346456693,0.6309055118110236,0.9133858267716536,0.7042937992125984,0.7279527559055119,0.6438413948256468,0.952755905511811,0.9212598425196851,0.6702755905511811,0.05708661417322835,0.11220472440944881,0.7263779527559056,0.6023622047244095,0.656496062992126,0.7490157480314961,0.719488188976378,0.9330708661417323,0.7490157480314961,0.9498031496062992,0.7838745800671892,0.6240157480314961,0.9448818897637795,0.8858267716535433,0.6279527559055118,0.8779527559055118,0.9308300395256917,0.8527667984189723,5.77995,0.945728,0.005947974842767296,.282,.478,8.7,5,35.64954682779456,89.7,110,91.6,105.4,42.9,12.6,16.1,16.3,50.912106135986726,69.48529411764707,91.005291005291,8.291873963515755,23.8,.293,.327,.510,.293,6.918238993710692,11,8,11,0,43,7,20,307,50
Christian Moore,LAA,2B,23,137,120,534,0.6358267716535433,0.7155511811023622,0.9114173228346457,0.5431840551181102,0.7779527559055117,0.30708661417322836,0.5334645669291339,0.7785433070866141,0.8543307086614174,0.4035433070866142,0.38779527559055116,0.8562992125984252,0.7421259842519685,0.6840551181102362,0.8228346456692913,0.6584645669291339,0.2047244094488189,0.6161417322834646,0.17519685039370078,0.6640537513997761,0.6082677165354331,0.23031496062992127,0.13976377952755906,0.8661417322834646,0.5846456692913385,0.40118577075098816,0.14624505928853754,7.1329199999999995,"'-0.00930029","'-0.00006788532846715329",.231,.415,12.2,9.5,29.927007299270077,90.9,111.3,91.9,106.1,41.5,29.2,14.1,33.6,49.06367041198502,69.23076923076923,78.33333333333333,16.479400749063668,9.8,.292,.365,.483,.390,7.299270072992701,10,13,4,2,35,5,40,262,88
Coby Mayo,BAL,1B/3B,24,194,167,776,0.7007874015748031,0.4812992125984252,0.9094488188976378,0.6026697834645669,0.8242125984251969,0.438132733408324,0.5019685039370079,0.8041338582677166,0.8464566929133859,0.6535433070866141,0.5137795275590551,0.7834645669291339,0.9035433070866141,0.7578740157480315,0.952755905511811,0.7834645669291339,0.33366141732283466,0.8759842519685039,0.33366141732283466,0.2430011198208287,0.13582677165354332,0.6181102362204725,0.47834645669291337,0.37598425196850394,0.18503937007874016,0.6778656126482213,0.8873517786561265,4.360530000000001,"'-0.613004","'-0.0031598144329896905",.229,.425,11.9,11.9,28.009259259259267,90.2,113.3,92.7,108.3,44.9,26.8,18.8,30.3,42.52577319587629,60.75581395348837,83.73205741626796,12.886597938144329,24.6,.228,.320,.455,.273,7.216494845360824,14,23,10,2,38,8,52,330,100
Zach Cole,HOU,OF,25,61,51,256,0.9862204724409449,0.9980314960629921,0.90748031496063,0.7461860236220472,0.9153543307086615,0.6119235095613048,0.9350393700787402,0.9763779527559056,0.9872047244094488,0.9291338582677166,0.9665354330708661,0.8454724409448819,0.9212598425196851,0.8385826771653543,0.9940944881889764,0.8464566929133859,0.2637795275590551,0.45866141732283466,0.6062992125984252,0.1276595744680851,0.25393700787401574,0.5019685039370079,0.7618110236220472,0.6988188976377953,0.49803149606299213,0.6541501976284585,0.7213438735177866,6.10789,"'-0.0597284","'-0.0009791540983606556",.275,.575,21.9,16.4,17.910447761194032,90.8,113.5,93.6,110.1,46.9,27.9,12.1,25.5,39.84375,63.93442622950821,82.05128205128204,10.15625,20.6,.353,.459,.745,.448,11.475409836065571,7,10,3,1,18,5,17,102,26
Leo Jiménez,MIA,2B/SS,24,71,56,285,0.9468503937007874,0.7450787401574803,0.905511811023622,0.6457923228346456,0.6244094488188976,0.7217379077615299,0.984251968503937,0.6771653543307087,0.14173228346456693,0.8838582677165354,0.8700787401574803,0.9320866141732284,0.38779527559055116,0.9232283464566929,0.7332677165354331,0.9832677165354331,0.7677165354330708,0.040354330708661415,0.7234251968503937,0.11534154535274355,0.11614173228346457,0.8641732283464567,0.8267716535433071,0.18700787401574803,0.04133858267716536,0.001976284584980237,0.03557312252964427,2.7825900000000003,"'-0.686118","'-0.0096636338028169",.296,.388,2.3,15.5,21.568627450980397,92.2,108.6,95,105.3,59.1,18.3,3,23.2,39.29824561403509,59.84848484848485,88.60759493670885,9.12280701754386,6.3,.304,.437,.375,.386,1.4084507042253522,1,11,4,0,17,0,13,112,26
Marco Luciano,NYY,SS,24,554,462,2364,0.6161417322834646,0.4448818897637795,0.9035433070866141,0.5311884842519685,0.8330708661417322,0.3757030371203599,0.15551181102362205,0.6712598425196851,0.8671259842519685,0.8671259842519685,0.8582677165354331,0.8858267716535433,0.937007874015748,0.7578740157480315,0.906496062992126,0.8041338582677166,0.14763779527559054,0.5639763779527559,0.06988188976377953,0.19260918253079504,0.3661417322834646,0.09251968503937008,0.2283464566929134,0.36811023622047245,0.484251968503937,0.43478260869565216,0.41798418972332013,4.30451,"'-0.607387","'-0.0010963664259927798",.193,.386,12.5,15.2,22.00772200772201,91.3,113.7,92.7,107.3,45.3,30.7,13.4,36.9,41.62436548223351,65.38821328344247,74.67811158798283,15.355329949238575,15.4,.214,.334,.413,.276,6.678700361010832,37,84,21,1,99,23,170,984,363
Carson Williams,TBR,SS,22,449,388,1788,0.5482283464566929,0.4911417322834646,0.9015748031496063,0.484498031496063,0.6856299212598425,0.26743532058492686,0.2125984251968504,0.6998031496062992,0.8326771653543307,0.7244094488188977,0.3257874015748031,0.5984251968503937,0.781496062992126,0.3316929133858268,0.8730314960629921,0.515748031496063,0.06496062992125984,0.7401574803149606,0.04822834645669291,0.5363941769316909,0.49015748031496065,0.16535433070866143,0.0531496062992126,0.9507874015748031,0.6909448818897638,0.8616600790513834,0.8270750988142292,8.06052,0.7823760000000001,0.0017424855233853006,.201,.393,11.5,12.5,31.168831168831172,88.9,111.7,89.3,106.9,38.5,34.3,15.9,38.7,47.091722595078295,67.34434561626429,76.79245283018868,18.232662192393736,22.8,.214,.318,.448,.283,6.013363028953228,27,56,12,5,83,23,154,842,326
Héctor Rodríguez,CIN,OF,22,226,212,793,0.5334645669291339,0.2687007874015748,0.8996062992125984,0.5775713582677164,0.5809055118110237,0.5492125984251969,0.8375984251968503,0.7312992125984252,0.36811023622047245,0.05511811023622047,0.003937007874015748,0.3986220472440945,0.8622047244094488,0.4921259842519685,0.78248031496063,0.5442913385826772,0.8228346456692913,0.36515748031496065,0.7677165354330708,0.9720044792833148,0.9566929133858267,0.8070866141732284,0.4311023622047244,0.7559055118110236,0.7007874015748031,0.567193675889328,0.6225296442687747,6.4929,0.43622299999999997,0.0019301902654867253,.259,.401,4.6,4.9,47.00665188470066,87.6,112.7,90.5,105.7,39.3,16.8,10.7,22.3,59.89911727616646,76.90058479532162,87.07224334600761,13.366960907944513,18.5,.255,.296,.401,.280,3.5398230088495577,8,11,8,1,54,7,38,475,106
Deyvison De Los Santos,MIA,1B/DH,22,443,399,1688,0.33562992125984253,0.24901574803149606,0.8976377952755905,0.46222933070866146,0.6940944881889763,0.3525028121484815,0.5019685039370079,0.4478346456692913,0.4596456692913386,0.23228346456692914,0.13582677165354332,0.812992125984252,0.9980314960629921,0.7096456692913385,0.937007874015748,0.7519685039370079,0.5541338582677166,0.11811023622047244,0.30118110236220474,0.8085106382978723,0.734251968503937,0.3248031496062992,0.18503937007874016,0.5019685039370079,0.4822834645669291,0.34288537549407117,0.32707509881422925,5.02614,"'-0.502214","'-0.001133665914221219",.229,.348,5.9,7.9,35.224839400428266,90.5,118.5,92.2,107.9,43.9,22.3,6.1,30.8,51.48104265402843,71.61803713527851,79.81481481481481,15.876777251184835,13.6,.241,.309,.363,.289,4.063205417607223,18,35,11,1,96,12,99,869,268
Spencer Jones,NYY,OF,24,298,263,1270,0.8799212598425197,0.8070866141732284,0.8956692913385826,0.5644069881889764,0.9651574803149605,0.16872890888638922,0.5748031496062992,0.952755905511811,0.9724409448818898,0.3090551181102362,0.0984251968503937,0.985236220472441,0.9566929133858267,0.9586614173228346,0.9557086614173228,0.9586614173228346,0.04133858267716536,0.6692913385826772,0.025590551181102362,0.8051511758118701,0.6771653543307087,0.011811023622047244,0.017716535433070866,0.8996062992125984,0.8464566929133859,0.549407114624506,0.6511857707509882,7.5273699999999995,1.40235,0.004705872483221477,.235,.515,17.6,8.7,36.38928067700987,94.8,114.4,96.2,108.4,54.7,36.6,14.7,41.5,51.41732283464568,70.40998217468804,66.58227848101265,21.33858267716536,18.9,.274,.342,.555,.379,9.395973154362416,28,26,15,1,72,19,109,653,271
Kevin Alcántara,CHC,OF,23,426,375,1691,0.5236220472440944,0.6594488188976378,0.8937007874015748,0.49132627952755903,0.7797244094488189,0.359533183352081,0.359251968503937,0.6486220472440944,0.8149606299212598,0.5875984251968503,0.3425196850393701,0.8041338582677166,0.8405511811023622,0.7716535433070866,0.8917322834645669,0.7903543307086615,0.19881889763779528,0.2755905511811024,0.3188976377952756,0.33594624860022404,0.1141732283464567,0.5354330708661418,0.41929133858267714,0.2874015748031496,0.3779527559055118,0.36561264822134387,0.274703557312253,3.6667400000000003,"'-0.7360140000000001","'-0.001727732394366197",.218,.381,11.2,11.3,30.869565217391305,90.4,112.3,92.8,107.1,45,29.3,9.2,30.5,44.05677114133649,59.79247730220494,82.64642082429499,13.42400946185689,12.7,.269,.352,.475,.357,6.572769953051643,28,48,26,0,101,17,125,745,227
Dalton Rushing,LAD,C,25,147,117,570,0.8720472440944882,0.9232283464566929,0.8917322834645669,0.671998031496063,0.6913385826771654,0.671119235095613,0.562992125984252,0.8198818897637795,0.7578740157480315,0.9429133858267716,0.9753937007874016,0.7834645669291339,0.3484251968503937,0.6663385826771654,0.7490157480314961,0.7470472440944882,0.6289370078740157,0.7017716535433071,0.5561023622047244,0.1511758118701008,0.5688976377952756,0.2992125984251969,0.7263779527559056,0.46062992125984253,0.46653543307086615,0.2519762845849802,0.15019762845849802,4.82925,"'-0.18140799999999999","'-0.0012340680272108846",.234,.430,10.1,17,17.777777777777782,90.2,108.3,91.7,105.4,43.8,21.1,15.3,26.4,40.526315789473685,68.62745098039215,79.42857142857143,10.701754385964913,10.1,.316,.435,.521,.381,6.1224489795918355,9,25,7,1,37,5,31,231,61
Francisco Alvarez,NYM,C,24,106,92,449,0.9576771653543307,0.9645669291338582,0.889763779527559,0.5220226377952756,0.9352362204724409,0.17730596175478067,0.47539370078740156,0.9803149606299213,0.984251968503937,0.4911417322834646,0.15354330708661418,0.9576771653543307,0.7933070866141733,0.9320866141732284,0.9803149606299213,0.9606299212598425,0.16535433070866143,0.937007874015748,0.0531496062992126,0.4602463605823068,0.2263779527559055,0.05905511811023622,0.09251968503937008,0.06496062992125984,0.3700787401574803,0.3359683794466403,0.3132411067193676,1.42003,"'-0.1861","'-0.0017556603773584904",.227,.583,21.7,10.4,34.68634686346864,93.3,111.8,95.2,109.2,55,30.2,20.4,37.7,46.10244988864143,63.483146067415724,72.56637168141594,17.37193763919822,13.4,.261,.358,.696,.250,12.264150943396224,13,11,4,0,24,12,32,207,78
Brady House,WSN,3B,22,282,260,1021,0.6358267716535433,0.7627952755905512,0.8877952755905512,0.49686269685039375,0.8072834645669291,0.3179133858267717,0.7224409448818898,0.8159448818897638,0.7637795275590551,0.11023622047244094,0.11023622047244094,0.7834645669291339,0.8484251968503937,0.8572834645669292,0.96751968503937,0.8248031496062992,0.34744094488188976,0.125,0.3188976377952756,0.8880179171332587,0.9133858267716536,0.2736220472440945,0.1515748031496063,0.2047244094488189,0.1515748031496063,0.6541501976284585,0.3132411067193676,2.90943,"'-1.04986","'-0.00372290780141844",.247,.429,10.2,6.7,35.663082437275975,90.2,112.4,93.8,108.8,46,26.6,6.4,30.5,53.67286973555338,75.377969762419,79.08309455587394,16.356513222331053,13.4,.304,.351,.519,.379,6.73758865248227,19,19,15,1,79,13,75,548,167
CJ Kayfus,CLE,1B/OF,24,287,249,1120,0.8139763779527559,0.8139763779527559,0.8858267716535433,0.6272760826771653,0.7576771653543307,0.5275590551181103,0.7450787401574803,0.8582677165354331,0.8031496062992126,0.6033464566929134,0.4153543307086614,0.6151574803149606,0.6456692913385826,0.78248031496063,0.6594488188976378,0.8661417322834646,0.297244094488189,0.484251968503937,0.48523622047244097,0.5823068309070548,0.7519685039370079,0.702755905511811,0.43700787401574803,0.5118110236220472,0.25196850393700787,0.7796442687747036,0.741106719367589,5.08809,"'-0.692154","'-0.002411686411149826",.249,.447,11,11.5,29.4770206022187,89,110.4,92.9,104.5,47.7,27.5,12.4,27.7,47.94642857142858,71.77914110429448,85.18518518518519,13.303571428571427,21.1,.281,.366,.526,.356,6.620209059233449,19,33,14,4,70,13,79,537,149
Henry Bolte,ATH,OF,22,141,120,532,0.3454724409448819,0.7539370078740157,0.8838582677165354,0.42839566929133854,0.5393700787401574,0.3658605174353205,0.26673228346456695,0.18700787401574803,0.4330708661417323,0.5875984251968503,0.7795275590551181,0.5984251968503937,0.7706692913385826,0.656496062992126,0.906496062992126,0.7076771653543307,0.09251968503937008,0.001968503937007874,0.15255905511811024,0.3449048152295633,0.30118110236220474,0.3858267716535433,0.2618110236220472,0.9822834645669292,0.9881889763779528,0.38735177865612647,0.007905138339920948,8.98696,2.24851,0.015946879432624114,.207,.298,5.5,11.3,23.97003745318352,88.9,111.6,91.6,107.3,42.5,32.6,"'-8.4",34,44.172932330827074,64.52830188679245,80.7017543859649,15.037593984962404,4.1,.300,.404,.433,.472,2.8368794326241136,4,16,6,2,36,2,46,235,80
Marcus Smith,FA,OF,25,76,60,386,0.8001968503937008,0.9606299212598425,0.8818897637795275,0.6052534448818898,0.8287401574803148,0.42449381327334096,0.2421259842519685,0.7047244094488189,0.8257874015748031,0.9803149606299213,0.8927165354330708,0.9645669291338582,0.7263779527559056,0.9133858267716536,0.8228346456692913,0.922244094488189,0.06692913385826772,0.5639763779527559,0.18700787401574803,0.02463605823068309,0.007874015748031496,0.1732283464566929,0.6633858267716536,0.9625984251968503,0.9291338582677166,0.11166007905138339,0.10573122529644269,8.3348,0.635471,0.008361460526315789,.205,.394,11.4,19.7,20.833333333333336,93.7,111,94.9,106.1,51.4,34.2,13.4,33.3,34.196891191709845,51.17647058823529,77.01149425287356,11.398963730569946,8.6,.283,.421,.617,.419,5.263157894736842,4,15,4,2,17,4,26,132,44
Cooper Ingle,CLE,C,24,107,82,429,0.922244094488189,0.4714566929133858,0.8799212598425197,0.6216166338582677,0.4122047244094488,0.8231158605174353,0.6919291338582677,0.5590551181102362,0.36023622047244097,0.9783464566929134,0.984251968503937,0.35236220472440943,0.11614173228346457,0.5344488188976378,0.25098425196850394,0.6732283464566929,0.8917322834645669,0.4340551181102362,0.968503937007874,0.025755879059350503,0.015748031496062992,0.9350393700787402,0.9881889763779528,0.07480314960629922,0.21850393700787402,0.7697628458498024,0.7213438735177866,1.54488,"'-0.279149","'-0.0026088691588785047",.244,.365,4.5,19.6,17.24137931034483,87.3,105.6,90.8,101.4,41.8,14,11.6,14.3,34.26573426573427,54.31472081218274,90.65420560747664,4.895104895104895,20.6,.207,.383,.329,.239,2.803738317757009,3,21,7,0,17,1,15,147,21
Jesus Rodriguez,SFG,C/3B,24,531,460,1991,0.7263779527559056,0.7155511811023622,0.8779527559055118,0.6149729330708662,0.46870078740157484,0.7601237345331832,0.9153543307086615,0.6003937007874016,0.2372047244094488,0.6033464566929134,0.33267716535433073,0.46062992125984253,0.5885826771653543,0.4005905511811024,0.4281496062992126,0.4566929133858268,0.9005905511811023,0.18700787401574803,0.9547244094488189,0.5711086226203808,0.655511811023622,0.9507874015748031,0.9232283464566929,0.3464566929133858,0.6377952755905512,0.09387351778656126,0.17687747035573123,4.17366,0.35128400000000004,0.0006615517890772128,.271,.374,3.1,11.5,31.013215859030836,87.9,109.9,90,103,36.7,13.6,7.8,16.1,47.81516825715721,70.09345794392523,91.5,7.684580612757407,10.7,.320,.403,.422,.364,2.2598870056497176,12,61,20,3,147,7,72,952,153
Tre' Morgan,TBR,1B,23,400,328,1669,0.7509842519685039,0.6771653543307087,0.8759842519685039,0.5199311023622047,0.4299212598425197,0.5531496062992126,0.702755905511811,0.4763779527559055,0.3454724409448819,0.8838582677165354,0.5,0.43799212598425197,0.4183070866141732,0.5531496062992126,0.30708661417322836,0.4714566929133858,0.7096456692913385,0.36515748031496065,0.49311023622047245,0.5957446808510638,0.7244094488188977,0.11220472440944881,0.44881889763779526,0.47834645669291337,0.1732283464566929,0.5355731225296443,0.6452569169960475,4.89369,"'-1.3474899999999999","'-0.0033687250000000004",.245,.353,4.3,15.5,28.301886792452827,87.8,108.9,90.9,101.9,37.4,19.3,10.7,27.6,48.052726183343324,71.22395833333334,75.3199268738574,13.241461953265429,18.8,.274,.395,.412,.332,2.75,11,62,15,3,90,8,77,802,221
Yanquiel Fernández,NYY,DH/OF,23,270,242,959,0.6358267716535433,0.7155511811023622,0.8740157480314961,0.5248523622047244,0.638976377952756,0.47398762654668164,0.7125984251968503,0.7785433070866141,0.6889763779527559,0.2844488188976378,0.01968503937007874,0.5068897637795275,0.7263779527559056,0.5049212598425197,0.7608267716535433,0.4940944881889764,0.8868110236220472,0.4124015748031496,0.5679133858267716,0.9361702127659576,0.9291338582677166,0.34448818897637795,0.2854330708661417,0.12401574803149606,0.14960629921259844,0.799407114624506,0.7687747035573123,2.1914,"'-1.0187","'-0.0037729629629629623",.246,.415,8.9,8.5,41.12149532710279,88.3,111,90.6,105.5,37.9,14.1,11.3,26,56.51720542231491,75.94339622641509,80.12422360248445,14.702815432742439,21.6,.285,.348,.504,.289,6.666666666666668,18,23,14,0,69,13,38,542,141
Zach Neto,LAA,SS,25,54,46,229,0.906496062992126,0.8326771653543307,0.8720472440944882,0.6813484251968505,0.7895669291338583,0.5970191226096738,0.5974409448818898,0.9251968503937008,0.6781496062992126,0.5600393700787402,0.4074803149606299,0.9763779527559056,0.38779527559055116,0.96751968503937,0.8001968503937008,0.9803149606299213,0.562992125984252,0.9281496062992126,0.6525590551181102,0.5604703247480403,0.6082677165354331,0.7637795275590551,0.6240157480314961,0.3425196850393701,0.005905511811023622,0.6541501976284585,0.7213438735177866,4.15325,"'-0.9549280000000001","'-0.017683851851851853",.237,.481,8.8,11.1,29.6,94.2,108.6,96.6,105.9,58.8,22.2,20.1,24.8,47.59825327510918,69.23076923076923,86.1111111111111,11.790393013100436,20.6,.261,.370,.522,.290,5.5555555555555545,3,6,3,0,12,3,12,109,27
José Tena,WSN,3B,25,239,209,984,0.7372047244094488,0.6476377952755905,0.8700787401574803,0.6046382874015748,0.689763779527559,0.561586051743532,0.7618110236220472,0.7381889763779528,0.71751968503937,0.7362204724409449,0.6122047244094488,0.6151574803149606,0.7135826771653543,0.4921259842519685,0.812992125984252,0.6643700787401575,0.4448818897637795,0.11811023622047244,0.5393700787401575,0.4871220604703248,0.5885826771653543,0.4645669291338583,0.5452755905511811,0.6771653543307087,0.860236220472441,0.1422924901185771,0.19367588932806323,6.00804,1.31079,0.005484476987447698,.250,.403,9.4,12.6,26.7175572519084,89,110.9,90.5,106,41.6,24.7,6.1,26.7,46.44308943089431,68.91304347826087,81.70347003154575,12.398373983739836,11.3,.287,.377,.431,.379,5.857740585774058,14,30,13,1,60,5,59,457,122
Everson Pereira,CHW,OF,25,348,297,1317,0.8799212598425197,0.7726377952755905,0.8681102362204725,0.546875,0.9120078740157481,0.35095613048368957,0.5334645669291339,0.9094488188976378,0.9291338582677166,0.7125984251968503,0.5334645669291339,0.9320866141732284,0.8848425196850394,0.9133858267716536,0.8405511811023622,0.9045275590551181,0.22736220472440946,0.2785433070866142,0.028543307086614175,0.7043673012318029,0.8956692913385826,0.03346456692913386,0.025590551181102362,0.04133858267716536,0.41732283464566927,0.30138339920948615,0.24011857707509882,1.1293799999999998,"'-0.5423140000000001","'-0.0015583735632183904",.231,.471,14.1,12.4,27.665706051873197,92.2,112.9,94.9,106.3,50,28.7,9.3,40,49.88610478359909,74.63884430176564,70.53763440860214,19.96962794229309,12.1,.256,.359,.508,.309,8.045977011494253,28,43,10,1,76,21,100,657,263
Edgar Quero,CHW,C,23,63,51,287,0.7667322834645669,0.8238188976377953,0.8661417322834646,0.5136564960629921,0.381496062992126,0.6474971878515187,0.8838582677165354,0.40846456692913385,0.16535433070866143,0.9566929133858267,0.9094488188976378,0.43799212598425197,0.2106299212598425,0.09940944881889764,0.35039370078740156,0.6850393700787402,0.562992125984252,0.06692913385826772,0.7677165354330708,0.10638297872340426,0.1220472440944882,0.35531496062992124,0.8582677165354331,0.0610236220472441,0.16338582677165353,0.005928853754940711,0.017786561264822136,1.36971,"'-0.21993600000000002","'-0.0034910476190476193",.264,.341,2.6,17.5,20.394736842105264,87.8,107,86.4,102.3,42.1,22.2,4.5,22.3,39.02439024390244,60,80.24691358024691,8.710801393728223,5.3,.333,.444,.412,.432,1.5873015873015872,1,11,1,0,17,1,14,112,25
Sterlin Thompson,COL,OF,24,513,439,1980,0.6259842519685039,0.8651574803149606,0.8641732283464567,0.5971333661417323,0.596259842519685,0.6134701912260967,0.5492125984251969,0.530511811023622,0.5511811023622047,0.4812992125984252,0.6358267716535433,0.43799212598425197,0.8848425196850394,0.6446850393700787,0.7145669291338582,0.5767716535433071,0.6328740157480315,0.2687007874015748,0.6525590551181102,0.522956326987682,0.6259842519685039,0.6240157480314961,0.6417322834645669,0.8346456692913385,0.42913385826771655,0.5434782608695652,0.5385375494071146,6.86952,"'-0.769894","'-0.0015007680311890838",.232,.362,7,10.3,26.44230769230769,87.8,112.9,91.5,105.1,40,20.9,9.1,24.8,46.919191919191924,69.57446808510636,83.94495412844036,11.616161616161616,17.3,.296,.392,.519,.353,4.4834307992202715,23,53,28,8,130,18,107,929,230
Denzel Clarke,ATH,OF,25,132,104,552,0.8838582677165354,0.7726377952755905,0.8622047244094488,0.6236466535433071,0.6708661417322834,0.5570866141732284,0.8641732283464567,0.390748031496063,0.3316929133858268,0.9537401574803149,0.8838582677165354,0.7421259842519685,0.96751968503937,0.8996062992125984,0.9153543307086615,0.922244094488189,0.5354330708661418,0.003937007874015748,0.3188976377952756,0.07278835386338185,0.12007874015748031,0.4419291338582677,0.6456692913385826,0.9724409448818898,0.8208661417322834,0.44367588932806323,0.014822134387351778,8.50757,0.530871,0.00402175,.262,.338,4.1,17.4,20.967741935483872,89.8,115.2,94.6,107.4,51.4,22.7,"'-8",30.5,38.04347826086957,59.91735537190082,81.3793103448276,11.594202898550725,5.2,.269,.424,.404,.378,2.272727272727273,3,23,8,3,28,0,30,210,64
Jakob Marsee,MIA,OF,24,414,338,1715,0.7736220472440944,0.6594488188976378,0.860236220472441,0.6695989173228347,0.45492125984251963,0.783605174353206,0.4094488188976378,0.687007874015748,0.7096456692913385,0.922244094488189,0.9704724409448819,0.35236220472440943,0.2874015748031496,0.18996062992125984,0.36220472440944884,0.23818897637795275,0.6919291338582677,0.8474409448818898,0.8375984251968503,0.2026875699888018,0.41338582677165353,0.7795275590551181,0.8700787401574803,0.9232283464566929,0.8681102362204725,0.6245059288537549,0.7687747035573123,7.79358,2.3753,0.00573743961352657,.222,.391,9.3,16.2,17.824074074074076,87.3,107.7,88.1,102.4,32,19.6,18,20.5,41.80758017492711,66.15746180963572,86.6785079928952,8.571428571428571,21.6,.240,.374,.435,.273,5.797101449275362,24,67,14,5,81,14,81,717,147
Jace Jung,DET,3B,25,495,412,2145,0.8139763779527559,0.6594488188976378,0.8582677165354331,0.6383489173228346,0.8293307086614174,0.5275590551181102,0.45570866141732286,0.8248031496062992,0.8848425196850394,0.9025590551181102,0.8051181102362205,0.812992125984252,0.781496062992126,0.8287401574803149,0.6791338582677166,0.84251968503937,0.4271653543307087,0.8799212598425197,0.40846456692913385,0.24972004479283316,0.3562992125984252,0.23818897637795275,0.5551181102362205,0.22440944881889763,0.1141732283464567,0.7628458498023716,0.8221343873517787,3.0580000000000003,"'-2.19825","'-0.004440909090909091",.226,.432,12.8,15.8,23.24978392394123,90.5,111.7,93.5,104.7,46.8,25.3,19,28.8,42.61072261072261,65.28340080971661,78.44961240310077,12.26107226107226,22.7,.252,.370,.447,.318,7.2727272727272725,36,78,27,1,104,17,125,914,263
Tyler Locklear,ARI,1B,25,433,373,1635,0.8297244094488189,0.9114173228346457,0.8562992125984252,0.6291215551181102,0.7948818897637795,0.5362767154105736,0.7913385826771654,0.8454724409448819,0.7283464566929134,0.5108267716535433,0.4507874015748031,0.7834645669291339,0.8484251968503937,0.7283464566929134,0.8986220472440944,0.7687007874015748,0.5905511811023622,0.19291338582677164,0.43996062992125984,0.6853303471444568,0.8582677165354331,0.5492125984251969,0.3543307086614173,0.5236220472440944,0.4862204724409449,0.558300395256917,0.3715415019762846,5.12542,"'-0.463071","'-0.001069448036951501",.254,.439,9.6,10.6,29.05788876276958,90.2,112.4,92.4,107.2,44.5,21.9,7.9,28.4,49.54128440366973,73.47480106100795,82.85198555956678,14.067278287461775,14.5,.316,.400,.542,.375,6.235565819861432,27,46,25,1,118,19,95,810,230
Zac Veen,COL,OF,24,406,367,1486,0.6358267716535433,0.6181102362204725,0.8543307086614174,0.5956569881889764,0.6336614173228345,0.5351518560179978,0.8267716535433071,0.7145669291338582,0.3838582677165354,0.2785433070866142,0.3051181102362205,0.8366141732283464,0.35826771653543305,0.8149606299212598,0.7332677165354331,0.875,0.6368110236220472,0.37598425196850394,0.5748031496062992,0.7894736842105263,0.8996062992125984,0.6062992125984252,0.4448818897637795,0.7775590551181102,0.5059055118110236,0.8438735177865613,0.47035573122529645,6.58201,"'-0.37342800000000004","'-0.0009197733990147783",.258,.396,5,8.4,31.403940886699505,90.7,108.4,93.3,105.3,47.9,20.7,10.8,25.9,51.14401076716016,74.92581602373886,83.56435643564356,13.257065948855992,16.2,.286,.350,.466,.343,3.4482758620689653,14,34,23,5,105,11,84,760,197
Mikey Romero,BOS,2B/SS,22,192,177,740,0.5118110236220472,0.32677165354330706,0.8523622047244095,0.5124261811023622,0.8358267716535434,0.281355455568054,0.4891732283464567,0.8395669291338582,0.9251968503937008,0.08267716535433071,0.2106299212598425,0.8799212598425197,0.6811023622047244,0.8818897637795275,0.8730314960629921,0.8533464566929134,0.16535433070866143,0.9114173228346457,0.2785433070866142,0.7032474804031354,0.5570866141732284,0.48031496062992124,0.19488188976377951,0.1377952755905512,0.21456692913385828,0.7055335968379447,0.5938735177865613,2.38501,"'-0.5030359999999999","'-0.002619979166666667",.228,.438,14,5.7,33.50253807106599,91.2,110.6,94.2,106.9,47.1,30.2,19.6,31.4,49.864864864864856,68.49710982658961,81.85654008438819,15.675675675675675,18,.232,.276,.469,.283,8.854166666666668,17,11,15,0,41,9,58,369,116
Max Anderson,DET,2B,24,147,135,556,0.922244094488189,0.4448818897637795,0.8503937007874016,0.5644069881889764,0.6992125984251969,0.41830708661417326,0.9901574803149606,0.937007874015748,0.6594488188976378,0.07381889763779527,0.1062992125984252,0.8454724409448819,0.23622047244094488,0.8494094488188977,0.5688976377952756,0.8179133858267716,0.7303149606299213,0.34153543307086615,0.5354330708661418,0.9417693169092946,0.9783464566929134,0.26968503937007876,0.234251968503937,0.35236220472440943,0.5216535433070866,0.44367588932806323,0.3458498023715415,4.23679,"'-0.11298599999999999","'-0.0007686122448979592",.301,.489,8.4,5.4,35.88850174216028,90.8,107.2,93.7,103.8,45.8,19,10.4,26.8,57.01438848920864,79.5539033457249,78.97196261682244,15.287769784172662,14,.267,.327,.422,.304,6.1224489795918355,9,8,6,0,36,5,28,317,85
Ryan Ritter,COL,2B/SS,25,254,215,985,0.8720472440944882,0.9488188976377953,0.8484251968503937,0.6176181102362206,0.7419291338582676,0.4978908886389201,0.6781496062992126,0.8671259842519685,0.8622047244094488,0.7795275590551181,0.6053149606299213,0.5984251968503937,0.6624015748031497,0.6751968503937008,0.6023622047244095,0.719488188976378,0.6151574803149606,0.5580708661417323,0.33366141732283466,0.5005599104143337,0.6318897637795275,0.17125984251968504,0.3484251968503937,0.5787401574803149,0.14763779527559054,0.7796442687747036,0.6788537549407114,5.42753,"'-0.9737290000000001","'-0.00383357874015748",.243,.449,12.4,13.4,26.79245283018868,88.9,110.5,91.8,104.1,42.9,21.3,13.3,30.3,46.59898477157361,69.67032967032965,76.97160883280758,14.111675126903553,19.6,.298,.402,.609,.329,7.874015748031495,20,34,13,3,64,16,54,459,139
Thomas Saggese,STL,2B/SS,24,189,164,777,0.7007874015748031,0.7726377952755905,0.8464566929133859,0.5320497047244095,0.5868110236220473,0.44010123734533174,0.8011811023622047,0.6771653543307087,0.4596456692913386,0.6909448818897638,0.2125984251968504,0.5492125984251969,0.6151574803149606,0.5531496062992126,0.3779527559055118,0.6328740157480315,0.49311023622047245,0.6771653543307087,0.45177165354330706,0.6931690929451287,0.6456692913385826,0.2263779527559055,0.36023622047244097,0.3188976377952756,0.05905511811023622,0.0800395256916996,0.21047430830039526,3.9564,"'-1.38073","'-0.007305449735449734",.255,.388,5.9,12.2,33.4106728538283,88.6,110.1,90.9,102.6,41.2,23.8,14.8,28.2,49.678249678249685,69.94219653179191,78.099173553719,14.028314028314028,11.7,.317,.402,.445,.409,3.7037037037037033,7,23,6,0,52,5,45,386,109
Robert Hassell III,WSN,OF,24,326,292,1211,0.5482283464566929,0.6998031496062992,0.844488188976378,0.5975024606299213,0.5799212598425196,0.6678852643419573,0.7450787401574803,0.5757874015748031,0.3937007874015748,0.4911417322834646,0.5728346456692913,0.7834645669291339,0.6624015748031497,0.7204724409448819,0.5511811023622047,0.484251968503937,0.7992125984251969,0.2785433070866142,0.7116141732283464,0.5968645016797313,0.7578740157480315,0.6653543307086615,0.6771653543307087,0.41338582677165353,0.7618110236220472,0.32608695652173914,0.08102766798418973,4.65683,0.9640049999999999,0.0029570705521472394,.249,.367,5.2,10.4,27.131782945736433,90.2,110.5,92.3,103.7,37.7,17.5,9.3,23.4,48.05945499587118,71.90812720848056,84.52088452088451,11.230388109000826,8,.305,.377,.452,.351,3.6809815950920246,12,34,13,0,89,10,57,582,136
Bryan Ramos,BAL,3B,24,429,370,1771,0.4507874015748031,0.3021653543307087,0.84251968503937,0.5343873031496063,0.5848425196850393,0.5061867266591676,0.3169291338582677,0.5492125984251969,0.531496062992126,0.4271653543307087,0.7716535433070866,0.6348425196850394,0.6456692913385826,0.5994094488188977,0.43996062992125984,0.562992125984252,0.5482283464566929,0.7244094488188977,0.49311023622047245,0.29003359462486,0.33267716535433073,0.38779527559055116,0.5826771653543307,0.5905511811023622,0.5807086614173228,0.567193675889328,0.48221343873517786,5.47896,"'-0.059881899999999995","'-0.00013958484848484849",.214,.364,6.8,9.8,24.28419936373277,89.1,110.4,91.2,103.1,39.8,22.4,15.6,27.6,43.36533032185206,65.09661835748793,80.70500927643785,11.97063805759458,16.4,.214,.308,.395,.240,4.428904428904429,19,42,17,1,79,16,96,768,212
Jared Serna,MIA,2B/SS,23,41,34,166,0.7509842519685039,0.297244094488189,0.8405511811023622,0.569943405511811,0.22598425196850394,0.7440944881889765,0.922244094488189,0.3159448818897638,0.03346456692913386,0.9468503937007874,0.4566929133858268,0.514763779527559,0.022637795275590553,0.3316929133858268,0.13877952755905512,0.24311023622047245,0.875,0.2549212598425197,0.9084645669291339,0.2911534154535274,0.24015748031496062,0.8681102362204725,0.9133858267716536,0.8523622047244095,0.9940944881889764,0.567193675889328,0.5800395256916996,7.00657,0.8900319999999999,0.02170809756097561,.272,.325,0,17.1,28.865979381443296,88.4,102.6,89.3,100.4,32.1,14.6,9,18.1,43.373493975903614,63.76811594202898,88.63636363636364,7.831325301204821,17.9,.235,.366,.294,.286,0,0,7,2,0,8,0,6,72,13
Yohandy Morales,WSN,1B/3B,24,431,382,1674,0.4360236220472441,0.3720472440944882,0.8385826771653543,0.4468503937007874,0.7789370078740159,0.2535151856017998,0.33661417322834647,0.5905511811023622,0.6200787401574803,0.4704724409448819,0.24015748031496062,0.9251968503937008,0.8730314960629921,0.8937007874015748,0.8001968503937008,0.8858267716535433,0.15649606299212598,0.10531496062992125,0.09055118110236221,0.6954087346024636,0.6338582677165354,0.11023622047244094,0.07283464566929133,0.6023622047244095,0.6122047244094488,0.17193675889328064,0.08992094861660078,5.60535,0.0864199,0.00020051020881670526,.216,.372,7.9,10.2,32.81938325991189,92,112.8,94.4,105.9,48.8,30.4,5.9,35.9,49.70131421744325,69.71279373368147,75.28089887640449,17.861409796893668,8.3,.249,.327,.401,.346,4.640371229698376,20,44,21,2,95,11,131,832,299
Alejandro Osuna,TEX,OF,23,67,48,288,0.9724409448818898,0.9301181102362205,0.8366141732283464,0.584461122047244,0.17440944881889764,0.8267716535433072,0.9724409448818898,0.4015748031496063,0.03346456692913386,0.9940944881889764,0.718503937007874,0.0984251968503937,0.2608267716535433,0.06594488188976377,0.3927165354330709,0.07775590551181102,0.8720472440944882,0.40255905511811024,0.9714566929133859,0.17581187010078386,0.32086614173228345,0.9320866141732284,0.9783464566929134,0.34448818897637795,0.011811023622047244,0.21146245059288538,0.16996047430830039,4.17252,"'-0.9548270000000001","'-0.014251149253731344",.290,.340,0,23.9,25.287356321839084,84.7,107.4,85.8,102.7,26.3,14.9,11.2,13.6,40.97222222222222,64.91228070175438,90.54054054054052,5.5555555555555545,10.5,.292,.493,.417,.368,0,0,16,6,0,14,0,10,118,16
Nelson Rada,LAA,OF,20,191,158,800,0.6505905511811023,0.7539370078740157,0.8346456692913385,0.5468134842519685,0.1234251968503937,0.8221316085489313,0.7125984251968503,0.25196850393700787,0.15649606299212598,0.8976377952755905,0.9625984251968503,0.02952755905511811,0.15748031496062992,0.021653543307086614,0.03740157480314961,0.021653543307086614,0.7677165354330708,0.05905511811023622,0.8415354330708661,0.2967525195968645,0.6377952755905512,0.797244094488189,0.8503937007874016,0.9547244094488189,0.6929133858267716,0.42391304347826086,0.1225296442687747,8.19554,0.34077399999999997,0.0017841570680628273,.246,.313,2.5,15.7,18.137254901960784,83.4,106.3,82.9,98.3,19.7,18.3,4.1,20.4,43.5,69.89795918367348,86.86131386861315,8.875,9,.310,.424,.405,.390,1.5706806282722512,3,30,6,3,49,1,35,348,71
Luisangel Acuña,CHW,2B,24,121,109,453,0.3218503937007874,0.3720472440944882,0.8326771653543307,0.5746186023622046,0.46909448818897637,0.7252530933633295,0.5866141732283464,0.41929133858267714,0.4242125984251969,0.18208661417322836,0.6505905511811023,0.46062992125984253,0.6456692913385826,0.5187007874015748,0.5688976377952756,0.3956692913385827,0.84251968503937,0.018700787401574805,0.9498031496062992,0.463605823068309,0.6417322834645669,0.8769685039370079,0.9330708661417323,0.844488188976378,0.7755905511811023,0.015810276679841896,0.039525691699604744,6.96143,0.396945,0.0032805371900826445,.236,.343,5.4,7.4,26.315789473684212,87.9,110.4,90.7,103.8,35.5,15.7,0.7,16.3,46.13686534216336,69.90291262135922,88.8888888888889,7.505518763796909,6.4,.303,.347,.385,.355,4.132231404958678,5,9,7,1,33,0,19,209,34
Brayan Rocchio,CLE,SS,25,187,159,736,0.7667322834645669,0.6840551181102362,0.8307086614173228,0.680794783464567,0.5437007874015748,0.7469066366704162,0.5866141732283464,0.7726377952755905,0.6978346456692913,0.7047244094488189,0.8149606299212598,0.5807086614173228,0.1643700787401575,0.4124015748031496,0.4281496062992126,0.5029527559055118,0.8799212598425197,0.7874015748031497,0.7923228346456693,0.2821948488241881,0.375,0.8523622047244095,0.8090551181102362,0.8051181102362205,0.34448818897637795,0.924901185770751,0.924901185770751,6.71731,"'-0.35382800000000003","'-0.0018921283422459886",.236,.412,9,12.3,23.195876288659797,88.8,106.4,90.1,103,38.1,14.4,16.9,21.7,43.20652173913043,65.51724137931035,88.1578947368421,9.375,25.9,.252,.353,.484,.260,6.417112299465241,12,23,12,2,40,7,27,318,69
Agustín Ramírez,MIA,C/DH,24,80,71,279,0.31003937007874016,0.5049212598425197,0.8287401574803149,0.5250369094488189,0.7537401574803149,0.4195725534308212,0.281496062992126,0.6998031496062992,0.8966535433070866,0.3248031496062992,0.3021653543307087,0.6151574803149606,0.7933070866141733,0.4793307086614173,0.9832677165354331,0.7637795275590551,0.49311023622047245,0.28838582677165353,0.265748031496063,0.7827547592385219,0.9173228346456693,0.4704724409448819,0.16338582677165353,0.8149606299212598,0.9625984251968503,0.841897233201581,0.924901185770751,6.77787,0.873114,0.010913925,.209,.393,13,8.8,31.41025641025641,89,111.8,90.4,109.4,44.4,23.8,9.5,31.7,50.89605734767025,75.60975609756099,81.72043010752688,16.129032258064516,25.9,.254,.313,.479,.294,8.75,7,7,7,0,18,3,19,142,45
Kyle Karros,COL,3B,23,68,62,235,0.6259842519685039,0.780511811023622,0.8267716535433071,0.5989788385826772,0.5307086614173229,0.7085208098987626,0.9005905511811023,0.6712598425196851,0.46948818897637795,0.18208661417322836,0.6161417322834646,0.6151574803149606,0.32086614173228345,0.5531496062992126,0.5807086614173228,0.5767716535433071,0.7923228346456693,0.15059055118110237,0.7864173228346457,0.7681970884658454,0.9212598425196851,0.9704724409448819,0.6909448818897638,0.2933070866141732,0.3228346456692913,0.8270750988142292,0.5938735177865613,3.7564900000000003,"'-0.134615","'-0.0019796323529411766",.268,.386,6,7.4,26.66666666666667,89,108,90.9,103.9,40,17.6,6.9,21.8,50.638297872340424,75.65217391304347,93.10344827586206,11.063829787234043,18,.306,.368,.500,.354,4.411764705882354,3,5,4,1,19,2,12,119,26
Ronny Simon,PIT,2B/OF,26,303,257,1256,0.8622047244094488,0.7283464566929134,0.8248031496062992,0.671751968503937,0.6562992125984253,0.6843363329583803,0.937992125984252,0.7854330708661418,0.4891732283464567,0.7844488188976378,0.5807086614173228,0.672244094488189,0.6151574803149606,0.6840551181102362,0.514763779527559,0.719488188976378,0.8228346456692913,0.1220472440944882,0.8326771653543307,0.2486002239641657,0.1673228346456693,0.7480314960629921,0.8543307086614174,0.7539370078740157,0.8405511811023622,0.17984189723320157,0.2717391304347826,6.4903900000000005,1.41077,0.0046560066006600676,.276,.419,6.2,13.5,27.011494252873568,89.3,110.1,91.9,103.5,42.9,16.8,6.3,20.6,42.59554140127389,61.964285714285715,85.87896253602304,8.757961783439491,12.6,.296,.389,.451,.337,4.29042904290429,13,41,10,3,76,8,51,535,110
Christian Franklin,WSN,OF,26,533,445,2115,0.8297244094488189,0.6929133858267716,0.8228346456692913,0.6967888779527558,0.801771653543307,0.6774465691788526,0.7322834645669292,0.7273622047244095,0.6437007874015748,0.8553149606299213,0.9409448818897638,0.8641732283464567,0.8848425196850394,0.8877952755905512,0.8405511811023622,0.8887795275590551,0.639763779527559,0.2549212598425197,0.6269685039370079,0.11198208286674133,0.20866141732283464,0.6889763779527559,0.781496062992126,0.5807086614173228,0.4763779527559055,0.16205533596837945,0.2183794466403162,5.43613,"'-0.6284689999999999","'-0.0011791163227016887",.248,.400,8.2,15,19.18047079337402,91,112.9,94.3,106.3,48.9,20.6,9,25.2,39.196217494089844,62.913223140495866,84.89326765188834,9.881796690307329,11.8,.272,.390,.427,.336,5.065666041275797,27,80,23,5,121,12,110,829,209
Endy Rodríguez,PIT,C,25,29,26,101,0.8474409448818898,0.140748031496063,0.8208661417322834,0.7379429133858268,0.8169291338582678,0.7533745781777278,0.8011811023622047,0.9281496062992126,0.9330708661417323,0.4812992125984252,0.7559055118110236,0.9724409448818898,0.38779527559055116,0.8681102362204725,0.8572834645669292,0.8631889763779528,0.8159448818897638,0.6948818897637795,0.9714566929133859,0.3012318029115342,0.3061023622047244,0.9744094488188977,0.968503937007874,0.10531496062992125,0.43700787401574803,0.9980237154150198,0.8527667984189723,2.0178599999999998,"'-0.042295400000000004","'-0.0014584620689655169",.255,.483,14.3,10.3,24.52830188679245,94.1,108.6,94,106.5,47.6,17.2,15.2,13.6,43.56435643564357,64.58333333333334,93.54838709677419,5.9405940594059405,23.8,.154,.241,.385,.105,10.344827586206897,3,3,0,0,4,2,5,44,6
Brooks Baldwin,CHW,OF,25,130,116,460,0.9025590551181102,0.9960629921259843,0.8188976377952756,0.702632874015748,0.7122047244094488,0.6635264341957257,0.9094488188976378,0.9389763779527559,0.8848425196850394,0.37401574803149606,0.4744094488188976,0.6348425196850394,0.4438976377952756,0.5718503937007874,0.3375984251968504,0.6584645669291339,0.8188976377952756,0.47834645669291337,0.7608267716535433,0.8812989921612542,0.9901574803149606,0.6417322834645669,0.5846456692913385,0.7460629921259843,0.02952755905511811,0.558300395256917,0.49407114624505927,6.47187,"'-1.34388","'-0.010337538461538459",.270,.493,12.8,9.2,28.63070539419087,89.1,109.1,91,102.2,41.5,16.9,12.3,22.4,53.47826086956522,80.82191780821918,84.18079096045197,11.956521739130435,16.5,.371,.431,.759,.373,9.230769230769232,12,12,5,2,43,12,22,246,55
Cade Fergus,PHI,OF,25,35,33,130,0.9704724409448819,0.9940944881889764,0.8169291338582677,0.5655757874015748,0.9891732283464567,0.12724971878515184,0.7913385826771654,0.9980314960629921,1,0.08267716535433071,0.3110236220472441,1,0.9478346456692913,0.9940944881889764,0.9940944881889764,1,0.013779527559055118,0.6692913385826772,0.013779527559055118,0.6170212765957447,0.44586614173228345,0.003937007874015748,0.01968503937007874,0.781496062992126,0.7165354330708661,0.9901185770750988,0.9980237154150198,6.597289999999999,0.0746043,0.0021315514285714285,.254,.656,33.3,5.7,31.34328358208955,97.8,114.1,98.7,110.1,66.7,42.9,14.7,42.9,48.46153846153846,66.66666666666666,59.523809523809526,20.76923076923077,42.1,.333,.371,.788,.462,17.142857142857142,6,2,0,0,11,5,15,63,27
Jhonkensy Noel,BAL,OF,24,252,227,990,0.7785433070866141,0.6476377952755905,0.8149606299212598,0.5081200787401574,0.859251968503937,0.2575928008998875,0.7618110236220472,0.8996062992125984,0.8149606299212598,0.27263779527559057,0.025590551181102362,0.7627952755905512,0.9940944881889764,0.7440944881889764,0.9832677165354331,0.8248031496062992,0.34744094488188976,0.4448818897637795,0.2736220472440945,0.7217245240761478,0.17519685039370078,0.5196850393700787,0.1889763779527559,0.045275590551181105,0.19488188976377951,0.575098814229249,0.8270750988142292,1.2117200000000001,"'-0.7568090000000001","'-0.0030032103174603172",.250,.461,11.2,8.3,40.64171122994652,90,116.9,92.6,109.4,46,26.6,11.9,31.5,50,62.23776223776224,82.39700374531836,15.757575757575754,22.8,.273,.337,.493,.333,7.142857142857142,18,21,14,0,62,12,67,495,156
Joe Mack,MIA,C,23,411,363,1599,0.4507874015748031,0.4911417322834646,0.812992125984252,0.46813484251968507,0.646259842519685,0.32227221597300343,0.38188976377952755,0.6309055118110236,0.71751968503937,0.2844488188976378,0.3228346456692913,0.6348425196850394,0.5216535433070866,0.8149606299212598,0.6456692913385826,0.7263779527559056,0.25984251968503935,0.6013779527559056,0.23326771653543307,0.7905935050391937,0.8779527559055118,0.13976377952755906,0.1377952755905512,0.5688976377952756,0.4468503937007874,0.9219367588932806,0.9426877470355731,5.38471,"'-0.568322","'-0.0013827785888077858",.220,.379,9.4,8.5,31.18405627198124,89.1,109.6,93.3,104.4,43.1,28,13.9,32.3,51.15697310819262,73.99463806970509,76.08695652173914,16.51031894934334,27.3,.248,.319,.457,.304,5.8394160583941614,24,35,18,2,90,18,115,818,264
Grant McCray,SFG,OF,25,489,426,2109,0.406496062992126,0.3484251968503937,0.8110236220472441,0.5471210629921259,0.7470472440944882,0.4254780652418448,0.359251968503937,0.5137795275590551,0.6781496062992126,0.5738188976377953,0.6456692913385826,0.8248031496062992,0.9114173228346457,0.7578740157480315,0.7224409448818898,0.8070866141732284,0.26968503937007876,0.36515748031496065,0.24507874015748032,0.5632698768197089,0.7834645669291339,0.2283464566929134,0.23228346456692914,0.9094488188976378,0.8759842519685039,0.3092885375494071,0.24802371541501977,7.621339999999999,2.88983,0.005909672801635992,.218,.360,8.8,11.2,26.371681415929203,90.6,113.4,92.7,105.2,45.4,27.8,10.7,32.1,47.652916073968704,72.21654749744637,78.21782178217822,15.315315315315313,12.3,.235,.319,.408,.301,5.3169734151329235,26,55,19,5,100,15,136,1005,323
Eduardo Valencia,DET,C/1B,26,213,185,867,0.9517716535433071,0.9537401574803149,0.8090551181102362,0.6846087598425197,0.8834645669291339,0.5556805399325084,0.9301181102362205,0.9547244094488189,0.9143700787401575,0.6230314960629921,0.5196850393700787,0.8366141732283464,0.8228346456692913,0.8681102362204725,0.7332677165354331,0.8887795275590551,0.719488188976378,0.5344488188976378,0.5,0.4624860022396417,0.5708661417322834,0.4566929133858268,0.5,0.23031496062992127,0.27165354330708663,0.3359683794466403,0.36363636363636365,3.15142,"'-0.482167","'-0.0022636948356807517",.274,.519,13.5,11.7,27.824267782426773,90.7,112.1,94,105.3,48.9,19.2,13.1,27.5,46.1361014994233,68.63753213367609,81.64794007490637,12.687427912341404,14.4,.319,.399,.622,.346,8.92018779342723,19,25,13,2,59,13,41,400,110
Alan Roden,MIN,OF,26,141,120,513,0.9468503937007874,0.8818897637795275,0.8070866141732284,0.7446481299212598,0.6984251968503937,0.7747469066366703,0.9763779527559056,0.8700787401574803,0.5216535433070866,0.5875984251968503,0.7637795275590551,0.8366141732283464,0.5059055118110236,0.7204724409448819,0.6456692913385826,0.7578740157480315,0.9881889763779528,0.40255905511811024,0.9291338582677166,0.2631578947368421,0.28051181102362205,0.9389763779527559,0.9350393700787402,0.6732283464566929,0.5433070866141733,0.6630434782608695,0.8586956521739131,5.97499,"'-0.05529969999999999","'-0.00039219645390070916",.291,.450,6.6,11.3,24.363636363636363,90.7,109.5,92.3,104.4,44.3,9.2,11.2,17.3,42.884990253411296,64.28571428571429,90.84967320261438,7.4074074074074066,23.9,.325,.418,.492,.343,4.964539007092199,7,16,9,1,39,3,13,220,38
Jeferson Quero,MIL,C,23,250,216,919,0.6545275590551181,0.4153543307086614,0.8051181102362205,0.5636072834645669,0.4240157480314961,0.625562429696288,0.7795275590551181,0.71751968503937,0.4596456692913386,0.4478346456692913,0.08858267716535433,0.2755905511811024,0.5059055118110236,0.234251968503937,0.4074803149606299,0.16141732283464566,0.8917322834645669,0.7244094488188977,0.7519685039370079,0.8443449048152296,0.8257874015748031,0.7667322834645669,0.6062992125984252,0.36023622047244097,0.5374015748031497,0.45652173913043476,0.6719367588932806,4.283580000000001,"'-0.132922","'-0.000531688",.252,.398,5.9,10,36.85220729366603,86.8,109.5,88.5,102.8,29.7,14,15.6,22.6,52.448313384113156,72.8643216080402,86.20689655172413,11.860718171926004,19.4,.255,.336,.412,.272,4.4,11,25,14,1,55,6,35,482,109
Jeremiah Jackson,BAL,2B/OF,26,171,162,556,0.9753937007874016,0.9803149606299213,0.8031496062992126,0.6596948818897638,0.8710629921259843,0.4966254218222722,0.9921259842519685,0.9881889763779528,0.9094488188976378,0.02952755905511811,0.03543307086614173,0.8562992125984252,0.7421259842519685,0.8494094488188977,0.7913385826771654,0.859251968503937,0.9547244094488189,0.3346456692913386,0.6673228346456693,0.9596864501679732,1,0.4547244094488189,0.3346456692913386,0.421259842519685,0.2736220472440945,0.4160079051383399,0.5533596837944664,4.68107,"'-0.38617399999999996","'-0.0022583274853801173",.315,.600,13.4,3.5,39.6875,90.9,111.3,93.7,105.8,47.2,11.7,10.3,24.5,58.09352517985612,83.0508474576271,81.63265306122447,14.208633093525181,17.5,.377,.400,.673,.379,11.111111111111109,19,6,15,0,61,11,20,323,79
Rece Hinds,CIN,OF,25,436,391,1673,0.8996062992125984,0.8553149606299213,0.8011811023622047,0.6085752952755905,0.8793307086614173,0.31046119235095615,0.9094488188976378,0.9488188976377953,0.8966535433070866,0.2017716535433071,0.0531496062992126,0.8041338582677166,0.9114173228346457,0.8080708661417323,0.9320866141732284,0.8356299212598425,0.39468503937007876,0.5688976377952756,0.14566929133858267,0.9283314669652856,0.9665354330708661,0.3779527559055118,0.03346456692913386,0.7893700787401575,0.7283464566929134,0.34782608695652173,0.5938735177865613,6.64023,1.03164,0.002366146788990825,.270,.505,13,7.6,38.436830835117775,90.4,113.4,93.2,107.8,46.5,25.9,13.5,34.2,55.82785415421399,77.80784844384303,80.52173913043478,19.067543335325762,18,.302,.359,.563,.362,8.486238532110093,37,33,26,2,118,24,113,934,319
Jorbit Vivas,WSN,2B/3B,25,455,372,1613,0.8297244094488189,0.5492125984251969,0.7992125984251969,0.6803026574803149,0.3683070866141732,0.9119797525309336,0.875,0.6309055118110236,0.3080708661417323,0.7992125984251969,0.8248031496062992,0.14173228346456693,0.5698818897637795,0.14763779527559054,0.28346456692913385,0.19094488188976377,0.984251968503937,0.6161417322834646,0.9606299212598425,0.5218365061590146,0.9192913385826772,0.9566929133858267,0.9389763779527559,0.33858267716535434,0.06692913385826772,0.4160079051383399,0.49407114624505927,4.11028,"'-2.97991","'-0.006549252747252747",.263,.379,3.9,13.8,23.015873015873016,85.5,109.8,87.5,101.7,30.9,9.7,14.1,15.5,46.86918784872908,75.6497948016416,91.68173598553342,7.253564786112832,16.5,.272,.389,.366,.296,2.8571428571428568,13,63,21,1,101,4,44,756,117
Vaughn Grissom,LAA,2B,25,417,369,1579,0.7263779527559056,0.531496062992126,0.797244094488189,0.6157111220472441,0.6183070866141732,0.6217660292463442,0.8267716535433071,0.78248031496063,0.6348425196850394,0.33661417322834647,0.44291338582677164,0.514763779527559,0.6151574803149606,0.6840551181102362,0.6673228346456693,0.5442913385826772,0.7992125984251969,0.3838582677165354,0.6909448818897638,0.5397536394176932,0.5196850393700787,0.8956692913385826,0.6673228346456693,0.4704724409448819,0.5905511811023622,0.3241106719367589,0.2964426877470356,4.87464,"'-0.012108200000000001","'-0.000029036450839328534",.258,.416,8.1,8.9,29.112426035502963,88.4,110.1,91.9,104.6,39.3,17.5,10.9,24,47.181760607979726,67.98365122615803,89.57915831663327,11.336288790373654,13.2,.268,.341,.439,.299,5.755395683453237,24,37,24,0,99,13,73,745,179
Milan Tolentino,CLE,SS,24,455,392,1936,0.23523622047244094,0.39173228346456695,0.7952755905511811,0.43140994094488194,0.6586614173228347,0.25984251968503935,0.08759842519685039,0.3513779527559055,0.7637795275590551,0.6535433070866141,0.2952755905511811,0.7559055118110236,0.781496062992126,0.7716535433070866,0.45570866141732286,0.640748031496063,0.05905511811023622,0.7962598425196851,0.17519685039370078,0.3639417693169093,0.11023622047244094,0.25393700787401574,0.27165354330708663,0.6712598425196851,0.6476377952755905,0.7470355731225297,0.6996047430830039,5.97203,0.39929499999999996,0.0008775714285714286,.181,.332,10.2,11.9,31.548757170172077,89.9,111.7,92.8,103.2,41.3,34.7,17,33.6,44.473140495867774,59.66292134831461,78.71939736346516,14.927685950413222,20.2,.212,.310,.434,.284,5.2747252747252755,24,54,20,2,83,21,158,861,289
Jett Williams,MIL,SS,22,151,134,553,0.5009842519685039,0.297244094488189,0.7933070866141733,0.4922490157480315,0.4098425196850394,0.4800337457817773,0.45570866141732286,0.6151574803149606,0.562992125984252,0.3887795275590551,0.7696850393700787,0.1830708661417323,0.35826771653543305,0.20964566929133857,0.6456692913385826,0.3297244094488189,0.514763779527559,0.8641732283464567,0.5492125984251969,0.2721164613661814,0.17716535433070865,0.2952755905511811,0.6653543307086615,0.6456692913385826,0.09645669291338582,0.8705533596837944,0.8527667984189723,5.86567,"'-0.760759","'-0.005038139072847682",.226,.376,7.1,9.3,24.285714285714285,86,108.4,88.3,104.4,34.3,23.2,18.3,26.5,43.03797468354431,62.27106227106227,79.41176470588233,11.39240506329114,23.8,.209,.285,.433,.223,4.635761589403972,7,14,5,2,28,7,35,238,63
Darell Hernaiz,ATH,3B/SS,24,440,386,1643,0.5482283464566929,0.6476377952755905,0.7913385826771654,0.5986097440944882,0.3340551181102362,0.7765748031496063,0.8110236220472441,0.4015748031496063,0.12696850393700787,0.5,0.5551181102362205,0.35236220472440943,0.5698818897637795,0.28937007874015747,0.297244094488189,0.21948818897637795,0.9576771653543307,0.38976377952755903,0.9015748031496063,0.6562150055991042,0.8838582677165354,0.8051181102362205,0.8326771653543307,0.7224409448818898,0.7696850393700787,0.3952569169960474,0.23023715415019763,6.31239,1.3978700000000002,0.003176977272727273,.256,.340,2.1,10.5,27.426636568848764,87.3,109.8,89,101.8,31.6,11.6,11,18.5,48.934875228241026,74.10832232496698,86.98752228163994,9.068776628119293,12,.306,.384,.425,.341,1.5909090909090908,7,46,28,3,118,4,51,804,149
Kristian Robinson,ARI,OF,25,178,145,766,0.6604330708661418,0.7942913385826772,0.7893700787401575,0.5247908464566929,0.4641732283464567,0.5631327334083239,0.39763779527559057,0.4242125984251969,0.531496062992126,0.9537401574803149,0.8927165354330708,0.530511811023622,0.3405511811023622,0.45570866141732286,0.6023622047244095,0.4940944881889764,0.4734251968503937,0.14468503937007873,0.38188976377952755,0.2463605823068309,0.4822834645669291,0.21653543307086615,0.5413385826771654,0.9311023622047244,0.937007874015748,0.3221343873517787,0.1442687747035573,7.85887,1.59616,0.008967191011235956,.221,.344,6.8,17.4,20.833333333333336,88.5,108.2,90.3,104.1,37.9,24.2,6.8,29.1,42.55874673629243,67.31843575418995,78.00829875518674,12.402088772845952,9.7,.262,.393,.469,.330,3.9325842696629216,7,31,8,2,38,6,43,326,95
Drew Gilbert,SFG,OF,25,381,319,1471,0.6161417322834646,0.6309055118110236,0.7874015748031497,0.6374261811023622,0.5482283464566929,0.7581552305961755,0.45570866141732286,0.5206692913385826,0.5403543307086615,0.7047244094488189,0.8031496062992126,0.5807086614173228,0.6151574803149606,0.6446850393700787,0.7706692913385826,0.484251968503937,0.8316929133858267,0.7244094488188977,0.812007874015748,0.412094064949608,0.5452755905511811,0.8169291338582677,0.7933070866141733,0.3543307086614173,0.1594488188976378,0.7697628458498024,0.841897233201581,4.24723,"'-1.36832","'-0.003591391076115485",.226,.361,6.9,12.3,23.27127659574468,88.8,110.1,91.5,105.6,37.7,16.5,15.6,21.3,45.27532290958531,68.28929068150211,87.16904276985744,9.653297076818493,23.5,.254,.363,.448,.278,4.724409448818896,18,47,18,4,81,12,63,666,142
Jacob Berry,MIA,3B/OF,24,466,406,1779,0.5718503937007874,0.4153543307086614,0.7854330708661418,0.6064222440944882,0.5001968503937008,0.6557930258717661,0.6210629921259843,0.5492125984251969,0.4389763779527559,0.46062992125984253,0.4094488188976378,0.562992125984252,0.5059055118110236,0.4921259842519685,0.4281496062992126,0.4438976377952756,0.7421259842519685,0.8238188976377953,0.8149606299212598,0.5016797312430011,0.49803149606299213,0.8858267716535433,0.7795275590551181,0.594488188976378,0.687007874015748,0.5434782608695652,0.6837944664031621,5.52878,0.6808310000000001,0.0014610107296137338,.239,.364,5.6,10.1,29.59183673469388,88.7,109.5,90.5,103,36.4,18.7,17.5,21.2,46.59921304103429,67.45932415519398,89.42486085343229,9.89319842608207,19.7,.261,.345,.394,.310,3.862660944206009,18,47,28,1,106,8,87,829,176
Jose Ramos,NYM,OF,25,167,149,657,0.8139763779527559,0.8494094488188977,0.7834645669291339,0.5151943897637795,0.7448818897637796,0.27938695163104615,0.8110236220472441,0.8917322834645669,0.7726377952755905,0.34744094488188976,0.6909448818897638,0.7135826771653543,0.7135826771653543,0.656496062992126,0.6791338582677166,0.6328740157480315,0.15354330708661418,0.21751968503937008,0.12893700787401574,0.3986562150055991,0.375,0.06692913385826772,0.19291338582677164,0.7204724409448819,0.2263779527559055,0.516798418972332,0.23023715415019763,6.303669999999999,"'-0.416779","'-0.002495682634730539",.256,.457,10.3,9,25.7396449704142,89.6,110.9,91.6,104.7,41.2,30.5,8.4,34.8,45.053272450532724,65.51724137931035,73.20574162679426,15.677321156773212,12,.295,.359,.557,.391,5.9880239520958085,10,15,9,3,44,8,51,296,103
Colby Thomas,ATH,OF,25,384,333,1385,0.6604330708661418,0.8139763779527559,0.781496062992126,0.5605314960629921,0.7503937007874015,0.3972159730033746,0.5748031496062992,0.75,0.7440944881889764,0.27263779527559057,0.18799212598425197,0.6545275590551181,0.9812992125984252,0.5049212598425197,0.7057086614173228,0.6220472440944882,0.33366141732283466,0.6161417322834646,0.3188976377952756,0.8409854423292273,0.937007874015748,0.5531496062992126,0.17716535433070865,0.5846456692913385,0.15551181102362205,0.607707509881423,0.5217391304347826,5.4715300000000004,"'-1.4109200000000002","'-0.0036742708333333328",.235,.406,9.8,8.3,33.80281690140845,89.2,115.9,90.6,105,41,26.8,14.1,30.5,52.346570397111904,76.32450331125827,82.86334056399133,15.956678700361008,16.9,.291,.366,.529,.361,5.989583333333334,23,32,21,2,97,18,103,725,221
Denzer Guzman,LAA,SS,22,152,129,608,0.46948818897637795,0.6840551181102362,0.7795275590551181,0.48357529527559057,0.3708661417322835,0.5046400449943758,0.327755905511811,0.390748031496063,0.46948818897637795,0.7992125984251969,0.7263779527559056,0.49311023622047245,0.2106299212598425,0.4124015748031496,0.25098425196850394,0.2903543307086614,0.21751968503937008,0.9468503937007874,0.3188976377952756,0.4462486002239642,0.6732283464566929,0.42913385826771655,0.36811023622047245,0.6062992125984252,0.8720472440944882,0.9703557312252964,0.9466403162055336,5.62079,0.8784200000000001,0.005779078947368421,.215,.338,6,13.8,25,88.2,107,90.1,101.4,33.3,28.9,20.6,30.5,45.88815789473684,70.35714285714286,81.21827411167513,13.980263157894738,27.9,.264,.368,.457,.350,3.2894736842105265,5,21,7,0,34,6,44,279,85
Justyn-Henry Malloy,TBR,DH/OF,26,327,261,1372,0.9576771653543307,0.9301181102362205,0.7775590551181102,0.6648622047244095,0.6667322834645669,0.6399043869516311,0.922244094488189,0.8671259842519685,0.7047244094488189,0.937007874015748,0.9940944881889764,0.6151574803149606,0.702755905511811,0.6131889763779528,0.45570866141732286,0.4438976377952756,0.6427165354330708,0.6535433070866141,0.5433070866141733,0.05823068309070549,0.12992125984251968,0.4468503937007874,0.7854330708661418,0.29133858267716534,0.515748031496063,0.9268774703557312,0.6116600790513834,3.6886300000000003,"'-0.272812","'-0.0008342874617737003",.272,.449,9.2,16.8,16.27906976744186,89,110.8,91.3,103.2,36.4,20.5,14.5,26.6,36.9533527696793,60.530421216848666,81.44329896907216,9.839650145772595,18.3,.322,.450,.502,.399,5.504587155963304,18,55,20,0,84,9,67,507,135
Ben Williamson,TBR,3B,25,239,210,934,0.8001968503937008,0.7539370078740157,0.7755905511811023,0.6238927165354331,0.4594488188976378,0.7239876265466816,0.9822834645669292,0.6919291338582677,0.19980314960629922,0.4478346456692913,0.47244094488188976,0.46062992125984253,0.5452755905511811,0.5049212598425197,0.4940944881889764,0.39960629921259844,0.90748031496063,0.07086614173228346,0.937007874015748,0.4983202687569989,0.4921259842519685,0.9035433070866141,0.90748031496063,0.7637795275590551,0.8070866141732284,0.023715415019762844,0.07015810276679842,6.50916,0.928949,0.0038868158995815907,.294,.392,2.8,10,28.68525896414343,87.9,109.7,90.6,103.4,35.6,13.4,4.6,17,46.573875802997854,67.3611111111111,89.69072164948454,7.922912205567452,7.8,.314,.389,.462,.349,2.092050209205021,5,24,12,2,66,5,32,435,74
Nick Yorke,PIT,2B/3B,24,439,401,1787,0.31003937007874016,0.46062992125984253,0.7736220472440944,0.4721333661417323,0.4818897637795276,0.5015466816647919,0.640748031496063,0.38188976377952755,0.3080708661417323,0.23917322834645668,0.32086614173228345,0.3838582677165354,0.8848425196850394,0.4921259842519685,0.6200787401574803,0.4507874015748031,0.5718503937007874,0.07086614173228346,0.6269685039370079,0.7458006718924972,0.7047244094488189,0.5334645669291339,0.5137795275590551,0.6122047244094488,0.5098425196850394,0.19367588932806323,0.2618577075098814,5.68422,"'-0.378346","'-0.0008618359908883827",.240,.337,3.9,8,31.18971061093248,87.5,112.9,90.5,104.2,36.5,22.1,4.6,25.2,50.139899272523785,70.84309133489461,82.64462809917356,12.646894236149972,12.5,.287,.346,.406,.362,2.733485193621868,12,35,21,3,115,7,97,896,226
Eddys Leonard,MIL,SS,25,493,439,1846,0.6663385826771654,0.36220472440944884,0.7716535433070866,0.5943651574803149,0.6950787401574803,0.5037964004499437,0.7736220472440944,0.7903543307086615,0.6437007874015748,0.16830708661417323,0.38976377952755903,0.514763779527559,0.9606299212598425,0.5531496062992126,0.812992125984252,0.5659448818897638,0.7096456692913385,0.6013779527559056,0.4793307086614173,0.7379619260918253,0.8169291338582677,0.5885826771653543,0.37401574803149606,0.46653543307086615,0.31299212598425197,0.8478260869565217,0.7470355731225297,4.8517,"'-1.0022","'-0.0020328600405679514",.251,.420,8.2,7.3,29.91803278688525,88.4,114.5,90.9,106,39.9,19.3,13.9,27.8,50.10834236186349,72.75862068965517,83.25434439178515,13.921993499458287,21.2,.239,.304,.435,.255,5.882352941176469,29,36,18,4,105,20,95,925,257
Andrew Pinckney,WSN,OF,25,505,447,2069,0.5009842519685039,0.5492125984251969,0.7696850393700787,0.4630905511811024,0.7476377952755905,0.2518278965129359,0.4242125984251969,0.6230314960629921,0.7726377952755905,0.3090551181102362,0.4645669291338583,0.7421259842519685,0.9901574803149606,0.5531496062992126,0.9251968503937008,0.610236220472441,0.19881889763779528,0.16043307086614172,0.12893700787401574,0.3751399776035834,0.23622047244094488,0.20866141732283464,0.21653543307086615,0.8228346456692913,0.8917322834645669,0.17984189723320157,0.08596837944664032,6.82476,3.27636,0.0064878415841584155,.223,.377,10.3,8.7,28.761061946902647,89.8,116.6,90.9,107.7,40.7,29.3,7.3,34.8,44.610923151280815,63.68477103301385,77.7591973244147,15.514741420976314,8.2,.268,.349,.432,.356,6.138613861386138,31,44,9,2,120,20,148,923,321
Petey Halpin,CLE,OF,23,544,484,2184,0.35236220472440943,0.3484251968503937,0.7677165354330708,0.4899729330708661,0.5228346456692913,0.38413948256467945,0.359251968503937,0.530511811023622,0.6978346456692913,0.39665354330708663,0.19291338582677164,0.41633858267716534,0.5885826771653543,0.4124015748031496,0.31791338582677164,0.3809055118110236,0.22736220472440946,0.984251968503937,0.5748031496062992,0.7782754759238522,0.6515748031496063,0.1889763779527559,0.4566929133858268,0.8405511811023622,0.655511811023622,0.39920948616600793,0.7104743083003953,6.92005,0.53561,0.000984577205882353,.218,.362,9,9.4,33.76511226252159,87.7,109.9,90.1,102,35.2,28.7,23.3,25.9,50.824175824175825,70.07797270955166,77.46870653685674,13.186813186813188,20.5,.244,.317,.411,.326,5.514705882352941,30,51,29,5,118,14,156,1110,288
Blaze Alexander,BAL,3B,26,236,192,972,0.8622047244094488,0.8582677165354331,0.765748031496063,0.6513902559055118,0.8696850393700787,0.5255905511811024,0.7125984251968503,0.7224409448818898,0.8149606299212598,0.9153543307086615,0.8228346456692913,0.9478346456692913,0.9478346456692913,0.90748031496063,0.9153543307086615,0.9153543307086615,0.452755905511811,0.08759842519685039,0.25196850393700787,0.4322508398656215,0.7854330708661418,0.1515748031496063,0.2992125984251969,0.7322834645669292,0.84251968503937,0.19367588932806323,0.11264822134387352,6.37956,1.09903,0.004656906779661017,.246,.399,11.2,16.1,23.04761904761905,92.8,114.1,94.8,107.4,50.7,24.6,5.5,32,45.679012345679006,72.25950782997764,76.47058823529412,14.609053497942385,8.7,.286,.411,.484,.367,6.3559322033898304,15,38,12,1,55,8,58,444,142
James Triantos,CHC,2B/3B,23,443,406,1648,0.23523622047244094,0.25688976377952755,0.7637795275590551,0.46936515748031493,0.3251968503937008,0.5923790776152981,0.5866141732283464,0.3228346456692913,0.26279527559055116,0.1377952755905512,0.17716535433070865,0.21161417322834647,0.46358267716535434,0.3799212598425197,0.3927165354330709,0.36515748031496065,0.8661417322834646,0.09448818897637795,0.9045275590551181,0.6606942889137738,0.38779527559055116,0.8346456692913385,0.8385826771653543,0.8208661417322834,0.6082677165354331,0.21146245059288538,0.3211462450592885,6.81273,0.0838113,0.00018919029345372461,.236,.326,3.3,7,34.02298850574713,86.3,109.2,89.8,102.7,34.9,15.1,5.7,18.3,49.02912621359224,65.80976863753213,87.6953125,8.980582524271846,13.5,.256,.314,.367,.290,2.4830699774266365,11,31,20,2,104,7,67,808,148
A.J. Vukovich,ARI,3B/OF,24,468,422,1851,0.46948818897637795,0.7224409448818898,0.7618110236220472,0.4679502952755905,0.7015748031496063,0.3516591676040495,0.5019685039370079,0.6673228346456693,0.6889763779527559,0.37401574803149606,0.484251968503937,0.812992125984252,0.5698818897637795,0.8208661417322834,0.6673228346456693,0.7687007874015748,0.3051181102362205,0.24507874015748032,0.21751968503937008,0.6629339305711086,0.7677165354330708,0.1377952755905512,0.17519685039370078,0.30118110236220474,0.12598425196850394,0.23616600790513834,0.18379446640316205,3.8304099999999996,"'-1.96262","'-0.004193632478632478",.229,.385,8.9,9.2,28.52760736196319,90.5,109.8,93.4,104.6,44.5,27.4,8.9,32.6,49.054565099945975,72.0504009163803,75.99364069952306,15.991356023770932,10.8,.284,.353,.498,.359,5.5555555555555545,26,43,18,3,120,22,128,908,296
Matthew Etzel,MIA,OF,23,120,101,487,0.3661417322834646,0.39173228346456695,0.7598425196850394,0.5433070866141733,0.34960629921259845,0.6986782902137233,0.4094488188976378,0.3061023622047244,0.4242125984251969,0.7765748031496063,0.7460629921259843,0.11122047244094488,0.6023622047244095,0.4124015748031496,0.17224409448818898,0.30413385826771655,0.4734251968503937,0.8356299212598425,0.7057086614173228,0.7054871220604704,0.9547244094488189,0.6003937007874016,0.6338582677165354,0.44291338582677164,0.8385826771653543,0.7569169960474308,0.8992094861660079,4.77798,0.55465,0.004622083333333333,.222,.323,5.4,13.3,24.701195219123502,84.9,110,90.1,100.7,33.8,24.2,17.8,23.5,49.89733059548255,76.6949152542373,83.4254143646409,11.704312114989731,25,.267,.361,.356,.347,3.333333333333333,4,16,3,0,27,2,29,243,57
Colson Montgomery,CHW,SS,24,242,216,960,0.23523622047244094,0.3484251968503937,0.7578740157480315,0.4908956692913386,0.6704724409448819,0.3889201349831271,0.13681102362204725,0.4812992125984252,0.8257874015748031,0.23228346456692914,0.2992125984251969,0.5807086614173228,0.9704724409448819,0.5866141732283464,0.9478346456692913,0.4940944881889764,0.07086614173228346,0.9311023622047244,0.4330708661417323,0.7793952967525196,0.718503937007874,0.655511811023622,0.31299212598425197,0.4763779527559055,0.33267716535433073,0.7381422924901185,0.6689723320158103,4.89268,"'-0.472218","'-0.001951314049586777",.190,.354,11.4,7.9,31.42857142857143,88.8,115.3,91.1,108.2,37.9,33.9,20.2,28.5,50.83333333333333,71.06382978723406,84.43113772455091,14.479166666666668,19.3,.218,.298,.435,.290,6.198347107438017,15,19,10,2,47,11,82,488,139
Anthony Seigler,BOS,3B,26,305,247,1257,0.9399606299212598,0.8553149606299213,0.7559055118110236,0.7867864173228347,0.7248031496062992,0.7748875140607424,0.8838582677165354,0.8503937007874016,0.7224409448818898,0.9429133858267716,0.9212598425196851,0.9124015748031497,0.3061023622047244,0.8494094488188977,0.297244094488189,0.8326771653543307,0.7096456692913385,0.781496062992126,0.7795275590551181,0.2418812989921613,0.5551181102362205,0.7086614173228346,0.8070866141732284,0.9350393700787402,0.8838582677165354,0.27865612648221344,0.40810276679841895,7.877330000000001,1.93166,0.006333311475409836,.264,.440,9.5,17,19.910846953937593,91.7,107.9,93.7,101.8,46.3,19.3,16.8,22.1,42.48210023866349,68.49315068493149,85.25,9.387430389817023,15.1,.283,.413,.478,.341,5.9016393442622945,18,52,16,4,70,8,59,534,118
Addison Barger,TOR,3B/OF,26,45,38,192,0.9881889763779528,0.36220472440944884,0.7539370078740157,0.6100516732283465,0.9862204724409448,0.3471597300337458,0.7322834645669292,0.9921259842519685,0.9940944881889764,0.5600393700787402,0.031496062992125984,0.9980314960629921,0.9763779527559056,0.9921259842519685,1,0.9704724409448819,0.21751968503937008,0.5846456692913385,0.41437007874015747,0.8521836506159015,0.5374015748031497,0.41929133858267714,0.25,0.09448818897637795,0.3484251968503937,0.5316205533596838,0.6630434782608695,1.7905799999999998,"'-0.08459080000000001","'-0.0018797955555555554",.248,.624,23.1,11.1,40.18691588785047,96.5,115.5,98.5,111,57.7,28.9,13.7,28.7,52.60416666666666,68.23529411764707,81.0344827586207,15.104166666666664,19.2,.211,.311,.421,.250,13.333333333333336,6,5,2,0,8,2,13,101,29
Blaze Jordan,STL,1B/3B,23,368,343,1287,0.16043307086614172,0.28937007874015747,0.7519685039370079,0.47717765748031493,0.3824803149606299,0.6472159730033745,0.359251968503937,0.38188976377952755,0.36811023622047245,0.08267716535433071,0.07874015748031496,0.14173228346456693,0.6811023622047244,0.28051181102362205,0.7145669291338582,0.3395669291338583,0.9625984251968503,0.13877952755905512,0.8946850393700787,0.8868980963045913,0.8858267716535433,0.860236220472441,0.765748031496063,0.5334645669291339,0.6240157480314961,0.6442687747035574,0.3942687747035573,5.17519,0.137769,0.0003743722826086957,.218,.337,4.6,5.7,37.099023709902376,85.5,110.6,88.9,105.1,34.5,11.1,6.7,18.8,53.613053613053616,74.3859649122807,88.4433962264151,10.1010101010101,14.8,.248,.291,.423,.247,3.804347826086957,14,21,17,2,85,13,41,690,130
Kyren Paris,LAA,2B/OF,24,133,108,538,0.6259842519685039,0.7332677165354331,0.75,0.45361712598425197,0.43700787401574803,0.4194319460067492,0.11023622047244094,0.6003937007874016,0.9468503937007874,0.8553149606299213,0.6712598425196851,0.047244094488188976,0.4438976377952756,0.05216535433070866,0.4744094488188976,0.1466535433070866,0.26968503937007876,0.4124015748031496,0.08661417322834646,0.4479283314669653,0.7716535433070866,0.14566929133858267,0.13582677165354332,0.9881889763779528,0.9566929133858267,0.15810276679841898,0.07509881422924901,9.20975,1.4056600000000001,0.010568872180451128,.185,.374,15.3,15,25.901639344262296,83.9,109.1,85.1,103.3,29.2,27.8,11.3,36,45.91078066914498,72.10300429184551,76.19047619047619,16.54275092936803,7.9,.231,.368,.481,.288,8.270676691729323,11,20,3,3,25,6,37,247,89
Evan Carter,TEX,OF,23,100,85,377,0.35826771653543305,0.2687007874015748,0.7480314960629921,0.46610482283464566,0.3312992125984252,0.48523622047244086,0.15059055118110237,0.3346456692913386,0.6545275590551181,0.8110236220472441,0.6811023622047244,0.19094488188976377,0.3061023622047244,0.19881889763779528,0.35039370078740156,0.1702755905511811,0.3868110236220472,0.9921259842519685,0.3425196850393701,0.18924972004479285,0.11811023622047244,0.5275590551181102,0.5295275590551181,0.9035433070866141,0.5669291338582677,0.2628458498023715,0.7549407114624506,7.59237,"'-0.022234999999999998","'-0.00022235",.192,.328,8.3,14,25.853658536585368,86.1,107.9,88.2,102.3,30,26,24.9,30.1,41.379310344827594,59.88372093023256,82.52427184466019,12.466843501326261,21.3,.200,.310,.376,.246,5,5,14,2,2,17,3,26,156,47
David McCabe,ATL,3B,26,112,98,485,0.8395669291338582,0.33366141732283466,0.7460629921259843,0.6163877952755905,0.8360236220472441,0.5146231721034872,0.7450787401574803,0.9035433070866141,0.9094488188976378,0.6122047244094488,0.8307086614173228,0.8927165354330708,0.5452755905511811,0.9232283464566929,0.6200787401574803,0.9291338582677166,0.23622047244094488,0.36515748031496065,0.3937007874015748,0.4725643896976484,0.702755905511811,0.4015748031496063,0.4251968503937008,0.12992125984251968,0.547244094488189,0.1422924901185771,0.1650197628458498,2.2126900000000003,"'-0.0368541","'-0.00032905446428571427",.249,.468,13.4,11.6,22.891566265060238,91.4,109.7,95,104.2,52.2,28.6,10.7,29,46.18556701030928,70.76271186440678,80.83832335329342,13.402061855670107,10.4,.235,.321,.398,.302,8.035714285714286,9,13,4,0,23,4,32,224,65
Tyler Callihan,PIT,2B/OF,25,105,89,419,0.7007874015748031,0.9153543307086615,0.7440944881889764,0.54810531496063,0.5998031496062992,0.4100112485939258,0.6919291338582677,0.6003937007874016,0.5265748031496063,0.8671259842519685,0.5275590551181102,0.6151574803149606,0.5885826771653543,0.7578740157480315,0.6988188976377953,0.6683070866141733,0.2844488188976378,0.5688976377952756,0.19291338582677164,0.5145576707726763,0.5787401574803149,0.20078740157480315,0.21850393700787402,0.9389763779527559,0.8267716535433071,0.908102766798419,0.9654150197628458,7.88771,0.46312700000000007,0.004410733333333333,.244,.374,6.7,15.2,27.67857142857143,89,109.9,92.7,104.9,41.7,27.6,13.5,33.2,46.77804295942721,68.71794871794873,77.61194029850745,15.513126491646776,29.5,.303,.410,.528,.411,3.8095238095238098,4,16,4,2,27,4,29,196,65
Maximo Acosta,MIA,2B/3B/SS,23,465,410,1921,0.22440944881889763,0.26476377952755903,0.7421259842519685,0.42765748031496065,0.37657480314960634,0.4786276715410574,0.22145669291338582,0.2824803149606299,0.4596456692913386,0.5285433070866141,0.547244094488189,0.3700787401574803,0.3405511811023622,0.6663385826771654,0.3375984251968504,0.4301181102362205,0.35334645669291337,0.3346456692913386,0.5255905511811023,0.16461366181410975,0.04921259842519685,0.6515748031496063,0.6948818897637795,0.8287401574803149,0.7716535433070866,0.4515810276679842,0.34189723320158105,6.85998,1.49078,0.003205978494623656,.202,.318,5.9,10.8,27.504725897920608,87.4,108.2,91.7,102.2,36.2,26.5,10.3,27,40.812077043206656,57.12630359212051,84.38133874239351,11.03591879229568,13.9,.224,.314,.366,.287,3.6559139784946235,17,50,13,3,92,13,123,784,212
Kevin Parada,NYM,C,24,64,56,253,0.6761811023622047,0.09744094488188976,0.7401574803149606,0.5337721456692914,0.4175196850393701,0.6451068616422947,0.8011811023622047,0.6919291338582677,0.37893700787401574,0.5393700787401575,0.7263779527559056,0.3257874015748031,0.46358267716535434,0.2608267716535433,0.43996062992125984,0.22736220472440946,0.6535433070866141,0.04822834645669291,0.6161417322834646,0.5050391937290034,0.905511811023622,0.46653543307086615,0.6082677165354331,0.41141732283464566,0.20078740157480315,0.22628458498023715,0.19861660079051383,4.6418099999999995,"'-0.184609","'-0.002884515625",.255,.392,4.9,10.9,25,87.1,109.2,88.7,103.1,31.7,20.3,3.5,25.4,46.6403162055336,75.22935779816514,81.70731707317074,11.857707509881422,11.4,.196,.281,.286,.233,3.125,2,7,2,0,11,1,13,118,30
Johnathan Rodríguez,BAL,OF,26,372,324,1467,0.7135826771653543,0.8720472440944882,0.7381889763779528,0.599224901574803,0.863779527559055,0.5139201349831272,0.702755905511811,0.735236220472441,0.7854330708661418,0.5875984251968503,0.4704724409448819,0.937007874015748,0.9507874015748031,0.9232283464566929,0.9744094488188977,0.9104330708661418,0.5187007874015748,0.13484251968503938,0.4734251968503937,0.2273236282194849,0.08070866141732283,0.844488188976378,0.6220472440944882,0.12007874015748031,0.09448818897637795,0.3092885375494071,0.3804347826086957,2.1669,"'-1.87978","'-0.005053172043010753",.245,.402,10.5,11.3,28.71410736579276,92.3,114.2,95,108.9,50.2,23.1,6.6,27.9,42.331288343558285,58.70870870870871,87.97953964194375,11.792774369461489,14.6,.312,.395,.515,.379,6.72043010752688,25,42,16,1,101,16,86,621,173
Jonatan Clase,TOR,OF,23,342,303,1355,0.26673228346456695,0.4035433070866142,0.7362204724409449,0.49372539370078744,0.41338582677165353,0.5753655793025871,0.2549212598425197,0.3641732283464567,0.3937007874015748,0.4704724409448819,0.6732283464566929,0.43799212598425197,0.49015748031496065,0.5187007874015748,0.43996062992125984,0.3809055118110236,0.36220472440944884,0.6456692913385826,0.5826771653543307,0.4333706606942889,0.5590551181102362,0.7618110236220472,0.6181102362204725,0.6377952755905512,0.9488188976377953,0.42391304347826086,0.4426877470355731,5.82795,3.4500900000000003,0.01008798245614035,.206,.335,5.2,10.2,25.895316804407717,87.8,109.4,90.7,103.1,35.2,26.3,14.4,25.8,45.68265682656826,68.5214626391097,86.07888631090486,11.808118081180814,15.7,.251,.333,.403,.333,3.2163742690058483,11,35,25,0,76,7,90,619,160
Josh Kasevich,TOR,SS,25,114,98,442,0.2440944881889764,0.04330708661417323,0.734251968503937,0.5415231299212598,0.45433070866141734,0.7297525309336333,0.34744094488188976,0.22145669291338582,0.08366141732283465,0.5964566929133859,0.9133858267716536,0.7135826771653543,0.5059055118110236,0.7440944881889764,0.10137795275590551,0.7470472440944882,0.7992125984251969,0.6161417322834646,0.9389763779527559,0.103023516237402,0.047244094488188976,0.8543307086614174,0.9586614173228346,0.07677165354330709,0.031496062992125984,0.008893280632411068,0.07509881422924901,1.5629,"'-1.1692200000000001","'-0.010256315789473685",.217,.307,1.2,11.4,20.276497695852534,89.6,109.5,92.6,99.9,43.8,17.5,14.1,16.9,38.91402714932128,56.88888888888889,88.28125,6.561085972850679,7.9,.173,.272,.184,.212,0.8771929824561403,1,13,1,0,17,0,20,172,29
Otto Kemp,PHI,3B/OF,26,341,283,1304,0.9025590551181102,0.9429133858267716,0.7322834645669292,0.6312746062992126,0.8606299212598426,0.37485939257592804,0.640748031496063,0.8622047244094488,0.8730314960629921,0.4812992125984252,0.40551181102362205,0.8562992125984252,0.9114173228346457,0.7578740157480315,0.8503937007874016,0.8001968503937008,0.46653543307086615,0.9114173228346457,0.15649606299212598,0.5890257558790594,0.6968503937007874,0.25984251968503935,0.15748031496062992,0.718503937007874,0.734251968503937,0.7223320158102767,0.83399209486166,6.293080000000001,0.8301870000000001,0.0024345659824046924,.240,.448,12.6,10.3,29.680998613037442,90.9,113.4,92.7,106.4,45.2,24.3,19.6,33.9,48.00613496932515,70.66895368782161,78.88349514563106,16.257668711656446,23,.311,.416,.572,.383,7.331378299120235,25,35,24,1,88,16,83,626,212
Curtis Mead,WSN,1B/2B/3B,25,69,60,293,0.9311023622047244,0.8720472440944882,0.7303149606299213,0.5672982283464567,0.6478346456692913,0.5009842519685039,0.8937007874015748,0.9330708661417323,0.8375984251968503,0.46062992125984253,0.468503937007874,0.16929133858267717,0.46358267716535434,0.8681102362204725,0.7332677165354331,0.8356299212598425,0.452755905511811,0.36515748031496065,0.6948818897637795,0.43784994400895855,0.4153543307086614,0.3080708661417323,0.7066929133858267,0.140748031496063,0.3543307086614173,0.36561264822134387,0.20454545454545456,2.43452,"'-0.126886","'-0.001838927536231884",.266,.486,11.6,10.1,28.75,85.9,109.2,94,105.3,46.5,24.6,10.7,23.9,45.733788395904426,66.16541353383458,79.54545454545455,10.921501706484642,11.6,.300,.391,.517,.375,7.246376811594202,5,7,4,0,18,3,17,134,32
Jorge Barrosa,ARI,OF,25,437,380,1804,0.47834645669291337,0.6377952755905512,0.7283464566929134,0.48382135826771655,0.4096456692913385,0.53107424071991,0.6210629921259843,0.3454724409448819,0.2372047244094488,0.6742125984251969,0.2421259842519685,0.562992125984252,0.6279527559055118,0.5718503937007874,0.2618110236220472,0.27460629921259844,0.6003937007874016,0.37598425196850394,0.6909448818897638,0.4311310190369541,0.17125984251968504,0.639763779527559,0.6988188976377953,0.5,0.25,0.8843873517786561,0.7924901185770751,5.016769999999999,"'-1.05771","'-0.0024203890160183067",.239,.331,3.1,12.1,32.804757185332015,88.7,110.2,91,101.5,32.9,21.7,10.8,24,45.67627494456763,62.01257861635221,84.17849898580124,10.975609756097562,22,.295,.380,.429,.376,2.059496567505721,9,53,29,2,112,6,95,824,198
Jhostynxon Garcia,PIT,OF,23,350,317,1377,0.5118110236220472,0.6594488188976378,0.7263779527559056,0.40268208661417326,0.5446850393700787,0.2017716535433071,0.47539370078740156,0.7539370078740157,0.7726377952755905,0.21358267716535434,0.1279527559055118,0.2234251968503937,0.6279527559055118,0.3700787401574803,0.6988188976377953,0.3454724409448819,0.2106299212598425,0.6604330708661418,0.14566929133858267,0.6696528555431132,0.4409448818897638,0.15354330708661418,0.12007874015748031,0.6594488188976378,0.5511811023622047,0.7055335968379447,0.6996047430830039,5.9307099999999995,"'-0.110562","'-0.00031589142857142856",.227,.408,10.3,7.7,35.378590078328976,86.4,110.2,89.7,104.9,34.6,29.1,14.6,34.2,49.23747276688453,66.61211129296237,76.65847665847666,16.848220769789396,20.2,.271,.334,.498,.342,6.2857142857142865,22,27,12,3,86,18,102,678,232
Victor Mesa Jr.,TBR,OF,24,170,152,641,0.5905511811023622,0.780511811023622,0.7244094488188977,0.5149483267716535,0.4068897637795275,0.514341957255343,0.7618110236220472,0.6387795275590551,0.32086614173228345,0.4478346456692913,0.25984251968503935,0.41633858267716534,0.38779527559055116,0.4281496062992126,0.4940944881889764,0.2706692913385827,0.8316929133858267,0.84251968503937,0.5255905511811023,0.90481522956327,0.9862204724409449,0.2578740157480315,0.29133858267716534,0.4094488188976378,0.5551181102362205,0.023715415019762844,0.34189723320158105,4.61209,"'-0.0468406","'-0.0002755329411764706",.250,.380,4,10,32.18390804597701,87.7,108.6,90.2,103.4,32.8,16.5,17.9,27,54.290171606864284,80.54607508532423,78.81355932203391,14.664586583463338,13.9,.296,.365,.507,.322,2.9411764705882346,5,17,9,1,45,7,28,348,94
Colin Barber,FA,OF,25,223,191,899,0.23523622047244094,0.18405511811023623,0.7224409448818898,0.4819758858267717,0.502755905511811,0.5419010123734533,0.16535433070866143,0.23622047244094488,0.4330708661417323,0.6742125984251969,0.7303149606299213,0.49311023622047245,0.9212598425196851,0.390748031496063,0.6023622047244095,0.4301181102362205,0.3051181102362205,0.3838582677165354,0.6328740157480315,0.2642777155655095,0.20669291338582677,0.5236220472440944,0.7204724409448819,0.6200787401574803,0.43503937007874016,0.6877470355731226,0.24011857707509882,5.73999,"'-0.328958","'-0.00147514798206278",.194,.310,5.5,12.1,24.94714587737844,88.2,113.5,89.9,104.1,36.2,27.4,10.9,25.1,42.93659621802002,62.91079812206573,82.4626865671642,10.78976640711902,12.1,.204,.309,.314,.285,3.1390134529147984,7,27,9,3,39,2,61,386,97
Angel Martínez,CLE,OF,24,32,30,122,0.2755905511811024,0.5669291338582677,0.7204724409448819,0.594119094488189,0.6716535433070867,0.48312710911136103,0.8553149606299213,0.8622047244094488,0.8966535433070866,0.00984251968503937,0.11614173228346457,0.906496062992126,0.15748031496062992,0.7933070866141733,0.514763779527559,0.5354330708661418,0.25393700787401574,0.9183070866141733,0.7401574803149606,0.948488241881299,0.9645669291338582,0.8366141732283464,0.46062992125984253,0.7165354330708661,0.8503937007874016,0.5988142292490118,0.46047430830039526,6.2857400000000005,0.15770499999999998,0.00492828125,.261,.448,13,0,35.593220338983045,91.6,106.3,93,103.5,39.1,28.1,19.7,22.9,57.377049180327866,77.7777777777778,87.75510204081633,13.114754098360656,16,.333,.313,.533,.435,9.375,3,0,6,0,10,0,9,70,16
Nathan Church,STL,OF,25,239,213,890,0.7263779527559056,0.8818897637795275,0.718503937007874,0.6152805118110236,0.42145669291338583,0.7282058492688414,0.9468503937007874,0.6998031496062992,0.2529527559055118,0.4478346456692913,0.3956692913385827,0.2755905511811024,0.32086614173228345,0.3799212598425197,0.4744094488188976,0.5580708661417323,0.9704724409448819,0.12992125984251968,0.9763779527559056,0.5117581187010078,0.3779527559055118,0.9645669291338582,0.9645669291338582,0.8366141732283464,0.20669291338582677,0.34782608695652173,0.3349802371541502,6.87626,"'-0.656864","'-0.0027483849372384943",.278,.393,3.2,10,29.850746268656717,86.8,108,89.8,103.3,39.6,10.5,6.5,13.2,46.74157303370786,65.55819477434679,92.7536231884058,6.179775280898876,13.8,.333,.399,.521,.352,2.510460251046025,6,24,11,4,71,7,25,416,55
Jimmy Crooks,STL,C,24,430,390,1664,0.406496062992126,0.5275590551181102,0.7165354330708661,0.43694635826771655,0.6736220472440945,0.3152418447694038,0.5492125984251969,0.6230314960629921,0.6200787401574803,0.2785433070866142,0.24606299212598426,0.7263779527559056,0.7135826771653543,0.7204724409448819,0.6594488188976378,0.6850393700787402,0.35334645669291337,0.32677165354330706,0.2952755905511811,0.6002239641657335,0.4271653543307087,0.33267716535433073,0.2736220472440945,0.13385826771653545,0.2874015748031496,0.4990118577075099,0.5217391304347826,2.2949900000000003,"'-0.9220389999999999","'-0.0021442767441860466",.232,.377,7.9,8.4,32.707182320441994,89.7,110.9,92.3,104.5,42.1,26.5,10.2,31,48.07692307692307,66.40316205533597,79.96031746031747,14.903846153846152,16.9,.274,.337,.441,.352,5.116279069767441,22,36,21,1,107,14,114,800,248
TJ Rumfield,COL,1B,25,586,499,2277,0.6909448818897638,0.6840551181102362,0.7145669291338582,0.639886811023622,0.5551181102362205,0.7134420697412823,0.6919291338582677,0.6840551181102362,0.49803149606299213,0.6387795275590551,0.421259842519685,0.43799212598425197,0.6948818897637795,0.4793307086614173,0.514763779527559,0.46062992125984253,0.7568897637795275,0.7962598425196851,0.8051181102362205,0.6842105263157895,0.8405511811023622,0.7952755905511811,0.7362204724409449,0.28937007874015747,0.25984251968503935,0.9051383399209486,0.91600790513834,3.6780699999999995,"'-1.37887","'-0.0023530204778157",.244,.390,6.3,11.8,29.363784665579118,87.8,110.7,90.4,103.5,36.9,18.4,17,21.5,49.53886693017128,73.0732635585157,86.84895833333334,10.628019323671495,25.6,.285,.377,.447,.329,4.266211604095563,25,69,31,1,142,16,108,1128,242
Cody Freeman,TEX,2B,25,423,384,1631,0.4911417322834646,0.8779527559055118,0.7125984251968503,0.5581323818897638,0.4645669291338582,0.6581833520809898,0.8641732283464567,0.5836614173228346,0.2372047244094488,0.16830708661417323,0.39763779527559057,0.5068897637795275,0.4183070866141732,0.7440944881889764,0.19586614173228348,0.5767716535433071,0.9921259842519685,0.34153543307086615,0.9901574803149606,0.3561030235162374,0.10826771653543307,0.9606299212598425,0.9901574803149606,0.3031496062992126,0.11614173228346457,0.6185770750988142,0.6225296442687747,3.84885,"'-1.86317","'-0.0044046572104018905",.262,.371,3.1,7.3,29.832935560859188,88.3,108.9,92.6,100.9,40,8.7,10.4,10.7,44.32863274064991,59.6469104665826,91.9661733615222,4.721030042918455,18.5,.336,.381,.549,.328,2.6004728132387704,11,31,25,0,129,19,37,723,77
Tommy Troy,ARI,2B/SS,24,177,152,638,0.5905511811023622,0.5974409448818898,0.7106299212598425,0.5130413385826771,0.21653543307086615,0.7269403824521935,0.7834645669291339,0.3641732283464567,0.09940944881889764,0.4704724409448819,0.6771653543307087,0.2755905511811024,0.11614173228346457,0.3464566929133858,0.19586614173228348,0.22736220472440946,0.8395669291338582,0.05905511811023622,0.8946850393700787,0.3471444568868981,0.3799212598425197,0.9488188976377953,0.8779527559055118,0.6043307086614174,0.3425196850393701,0.58399209486166,0.46047430830039526,5.61709,"'-0.336436","'-0.001900768361581921",.253,.335,1.6,10.2,25.87209302325581,86.8,105.6,89.4,100.9,31.7,15.8,4.1,18.8,44.200626959247636,65.64625850340136,91.19170984455957,8.307210031347962,16,.283,.373,.421,.325,1.1299435028248588,2,18,8,2,43,3,28,282,53
George Valera,CLE,DH/OF,25,107,94,420,0.46161417322834647,0.5885826771653543,0.7086614173228346,0.4821604330708661,0.5714566929133859,0.4926884139482564,0.4242125984251969,0.4714566929133858,0.4793307086614173,0.6742125984251969,0.7362204724409449,0.7559055118110236,0.7933070866141733,0.4921259842519685,0.6673228346456693,0.3572834645669291,0.4301181102362205,0.2549212598425197,0.2736220472440945,0.27435610302351626,0.35039370078740156,0.5767716535433071,0.4074803149606299,0.2677165354330709,0.30708661417322836,0.892292490118577,0.8102766798418972,3.48845,"'-0.21993600000000002","'-0.0020554766355140187",.223,.352,6.1,12.1,24.782608695652176,89.9,111.8,90.5,104.6,34.8,25.2,9,31.5,43.095238095238095,65.26315789473685,83.06451612903227,13.571428571428573,22.4,.255,.346,.457,.328,3.7383177570093453,4,13,6,2,24,3,27,181,57
RJ Schreck,TOR,OF,25,229,184,955,0.8139763779527559,0.6929133858267716,0.7066929133858267,0.5861220472440944,0.4346456692913385,0.6833520809898763,0.39763779527559057,0.6486220472440944,0.5954724409448819,0.922244094488189,0.860236220472441,0.2952755905511811,0.49015748031496065,0.234251968503937,0.4744094488188976,0.1437007874015748,0.609251968503937,0.8474409448818898,0.7677165354330708,0.22508398656215006,0.3346456692913386,0.4862204724409449,0.8031496062992126,0.36220472440944884,0.5039370078740157,0.7628458498023716,0.83399209486166,4.29023,"'-0.21751199999999998","'-0.0009498340611353713",.221,.381,7.5,16.2,21.980198019801986,86.9,109.4,88.5,103.3,29.1,21.4,18,22.3,42.303664921465966,65.1111111111111,81.91126279863481,9.424083769633508,23,.234,.384,.429,.270,4.366812227074235,10,37,7,1,43,9,49,404,90
Kristian Campbell,BOS,2B,23,319,271,1296,0.29822834645669294,0.6476377952755905,0.7047244094488189,0.38195127952755903,0.28326771653543303,0.4963442069741282,0.2549212598425197,0.1437007874015748,0.296259842519685,0.6535433070866141,0.8326771653543307,0.060039370078740155,0.75,0.045275590551181105,0.3779527559055118,0.16633858267716536,0.36220472440944884,0.07086614173228346,0.5059055118110236,0.11310190369540872,0.05511811023622047,0.3405511811023622,0.7244094488188977,0.5964566929133859,0.5748031496062992,0.3567193675889328,0.36363636363636365,5.53035,"'-0.054366599999999994","'-0.00017042821316614422",.206,.284,3.7,11.9,22.852983988355174,84.1,111.4,84.8,102.6,29.9,26.3,4.6,27.4,39.19753086419753,57.63546798029557,80.05698005698005,10.725308641975307,14.4,.273,.382,.417,.369,2.19435736677116,7,38,11,2,74,8,84,508,139
Ryan Vilade,TBR,OF,27,460,397,1807,0.937007874015748,0.8179133858267716,0.702755905511811,0.7530757874015748,0.835236220472441,0.671962879640045,0.9429133858267716,0.9212598425196851,0.7283464566929134,0.5393700787401575,0.5649606299212598,0.8041338582677166,0.9114173228346457,0.78248031496063,0.8572834645669292,0.8110236220472441,0.7096456692913385,0.3956692913385827,0.8464566929133859,0.4669652855543113,0.46062992125984253,0.7716535433070866,0.8110236220472441,0.8937007874015748,0.6141732283464567,0.34782608695652173,0.6225296442687747,7.4088,0.0939459,0.00020423021739130438,.277,.478,9.6,10.9,27.349524815205907,90.4,113.4,92.9,106.5,45.5,19.3,11.1,20.3,46.153846153846146,66.86046511627907,86.43478260869564,9.352517985611511,18.5,.290,.378,.511,.332,6.521739130434782,30,50,29,4,115,17,89,834,169
Phillip Glasser,WSN,2B/OF,26,52,44,200,0.843503937007874,0.9429133858267716,0.7007874015748031,0.5800935039370079,0.4415354330708662,0.6242969628796401,0.9665354330708661,0.5836614173228346,0.1830708661417323,0.8779527559055118,0.05019685039370079,0.687992125984252,0.6624015748031497,0.19881889763779528,0.10137795275590551,0.09055118110236221,0.9045275590551181,0.04330708661417323,0.734251968503937,0.7217245240761478,0.41929133858267714,0.7303149606299213,0.6535433070866141,0.8503937007874016,0.8149606299212598,0.17193675889328064,0.27964426877470355,6.99375,0.20544099999999998,0.003950788461538461,.288,.371,2.7,15.4,38.46153846153847,89.4,110.5,88.2,99.9,27,13.5,3.2,23,50,66.26506024096386,85.45454545454545,11.5,12.8,.364,.462,.500,.417,1.9230769230769231,1,8,1,1,16,1,7,100,23
Erick Brito,PHI,SS,23,163,143,641,0.2608267716535433,0.234251968503937,0.6988188976377953,0.4412524606299213,0.2629921259842519,0.5687570303712036,0.39763779527559057,0.1732283464566929,0.11122047244094488,0.4911417322834646,0.6505905511811023,0.04330708661417323,0.7598425196850394,0.09940944881889764,0.35039370078740156,0.22736220472440946,0.5718503937007874,0.46948818897637795,0.6801181102362205,0.2038073908174692,0.10236220472440945,0.7214566929133859,0.7637795275590551,0.6358267716535433,0.2637795275590551,0.11166007905138339,0.3577075098814229,5.82675,"'-0.379205","'-0.0023264110429447853",.221,.291,1.9,10.4,26.315789473684212,83.8,111.5,86.4,102.3,31.7,22.1,12.2,24.3,41.80967238689547,59.53177257525085,85.39325842696628,10.14040561622465,14.3,.245,.337,.308,.327,1.2269938650306749,2,17,7,1,35,0,36,268,65
Tucker Flint,LAA,OF,25,390,338,1617,0.3454724409448819,0.4311023622047244,0.6968503937007874,0.41455462598425197,0.5746062992125983,0.2889482564679415,0.16535433070866143,0.4360236220472441,0.7362204724409449,0.6742125984251969,0.5984251968503937,0.6348425196850394,0.35826771653543305,0.6929133858267716,0.5807086614173228,0.7076771653543307,0.03051181102362205,0.3346456692913386,0.028543307086614175,0.4826427771556551,0.5866141732283464,0.05511811023622047,0.04921259842519685,0.8917322834645669,0.8523622047244095,0.5266798418972332,0.3715415019762846,7.37294,1.9868599999999998,0.005094512820512821,.194,.346,9.7,12.1,26.820809248554912,89.1,108.4,92,103.9,42.5,38.7,10.3,40,46.38218923933209,68.88297872340425,72.2007722007722,18.55287569573284,14.5,.225,.326,.420,.353,4.615384615384616,18,47,17,2,76,15,151,750,300
Orelvis Martinez,FA,2B,24,393,335,1565,0.33562992125984253,0.19881889763779528,0.6948818897637795,0.4487573818897638,0.5372047244094488,0.4025590551181102,0.11023622047244094,0.4301181102362205,0.6889763779527559,0.6633858267716536,0.297244094488189,0.2755905511811024,0.8228346456692913,0.3464566929133858,0.514763779527559,0.468503937007874,0.24311023622047245,0.9724409448818898,0.11023622047244094,0.7066069428891377,0.8346456692913385,0.5826771653543307,0.08661417322834646,0.2578740157480315,0.5236220472440944,0.9337944664031621,0.9407114624505929,3.39741,"'-0.293644","'-0.0007471857506361324",.185,.345,8.9,12,31.494252873563212,86.8,112.1,89.4,103.5,37.3,28.5,21.9,35.2,49.90415335463258,72.94964028776978,83.23471400394477,17.57188498402556,26.9,.176,.288,.349,.216,5.089058524173027,20,47,17,1,59,13,112,781,275
Juan Brito,CLE,2B,24,96,81,411,0.2755905511811024,0.562007874015748,0.6929133858267716,0.4958169291338582,0.3248031496062992,0.5995500562429695,0.12893700787401574,0.2687007874015748,0.6437007874015748,0.7244094488188977,0.3513779527559055,0.3986220472440945,0.25,0.20964566929133857,0.08464566929133858,0.06299212598425197,0.5905511811023622,0.8986220472440944,0.6801181102362205,0.7435610302351624,0.9015748031496063,0.38976377952755903,0.5590551181102362,0.8090551181102362,0.17519685039370078,0.8181818181818182,0.932806324110672,6.72123,"'-0.31846399999999997","'-0.0033173333333333336",.188,.316,8.2,12.5,30.73593073593073,87.6,107.3,88.3,99.7,24.6,21.9,19.3,24.3,50.12165450121656,75,80.74074074074075,12.165450121654501,26.6,.247,.344,.457,.288,5.208333333333334,5,12,6,1,20,3,21,206,50
Jud Fabian,BAL,OF,25,427,349,1814,0.4911417322834646,0.27263779527559057,0.6909448818897638,0.4482652559055118,0.5624015748031497,0.36417322834645677,0.15059055118110237,0.38188976377952755,0.7096456692913385,0.9389763779527559,0.8346456692913385,0.47244094488188976,0.7706692913385826,0.4281496062992126,0.6200787401574803,0.47736220472440943,0.10531496062992125,0.6948818897637795,0.058070866141732284,0.2933930571108623,0.4311023622047244,0.025590551181102362,0.15551181102362205,0.4744094488188976,0.6299212598425197,0.8063241106719368,0.6027667984189723,4.88847,0.20332,0.0004761592505854801,.192,.337,9.3,16.9,22.80334728033473,88,111.6,90.2,104.2,37.5,31.9,15.2,37.6,43.439911797133405,66.43356643356644,70.17543859649122,16.31753031973539,18.1,.183,.323,.350,.243,4.6838407494145216,20,72,11,1,64,15,136,788,296
Gabriel Gonzalez,MIN,OF,22,148,133,530,0.23523622047244094,0.7283464566929134,0.6889763779527559,0.3862573818897638,0.46377952755905516,0.40494938132733405,0.5177165354330708,0.4478346456692913,0.5118110236220472,0.09251968503937008,0.08070866141732283,0.3986220472440945,0.6151574803149606,0.28051181102362205,0.3779527559055118,0.3454724409448819,0.7362204724409449,0.16535433070866143,0.34744094488188976,0.7872340425531915,0.6673228346456693,0.6742125984251969,0.23622047244094488,0.10826771653543307,0.08070866141732283,0.15810276679841898,0.3349802371541502,2.03715,"'-0.853809","'-0.005768979729729729",.230,.348,6.5,6.1,37.01298701298701,87.6,110.1,88.9,102.6,34.6,18.9,7.4,30,50.9433962264151,70.27027027027027,84.61538461538461,15.283018867924529,13.8,.316,.358,.504,.350,4.729729729729731,7,9,7,0,42,6,28,270,81
Rainer Nunez,FA,1B,25,300,270,1164,0.19783464566929135,0.3021653543307087,0.687007874015748,0.4040969488188977,0.6775590551181102,0.33534870641169856,0.34744094488188976,0.25196850393700787,0.4793307086614173,0.23917322834645668,0.1732283464566929,0.797244094488189,1,0.8877952755905512,0.937007874015748,0.859251968503937,0.48326771653543305,0.031496062992125984,0.3612204724409449,0.6987681970884658,0.484251968503937,0.3169291338582677,0.28937007874015747,0.15354330708661418,0.25393700787401574,0.08399209486166008,0.09782608695652174,2.62955,"'-0.717531","'-0.00239177",.217,.313,6.1,8,34.09090909090909,90.3,119.6,94.3,107.9,47.2,24,2.8,29.5,49.742268041237104,67.33576642335767,79.67479674796748,14.690721649484534,8.5,.252,.323,.374,.318,4,12,24,12,0,68,7,72,579,171
Yunior Severino,FA,2B/3B,26,124,101,550,0.687007874015748,0.3080708661417323,0.6850393700787402,0.46001476377952755,0.8271653543307087,0.29386951631046115,0.2421259842519685,0.5590551181102362,0.7854330708661418,0.9645669291338582,0.4763779527559055,0.9812992125984252,0.8533464566929134,0.9704724409448819,0.9192913385826772,0.9566929133858267,0.05905511811023622,0.011811023622047244,0.031496062992125984,0.2855543113101904,0.2952755905511811,0.13385826771653545,0.09645669291338582,0.2263779527559055,0.5255905511811023,0.2628458498023715,0.05039525691699605,3.12185,"'-0.0876086","'-0.0007065209677419354",.205,.365,10.5,18.5,28.615384615384606,94.4,112.5,96.8,107.6,54.4,34.7,"'-0.5",39.9,43.27272727272727,64.44444444444444,75.86206896551724,17.272727272727273,6.9,.198,.347,.327,.321,4.838709677419356,6,23,7,0,20,2,43,238,95
Victor Bericoto,SFG,1B/OF,24,46,46,164,0.02066929133858268,0.027559055118110236,0.6830708661417323,0.4242125984251969,0.6496062992125984,0.4637232845894264,0.08759842519685039,0.37303149606299213,0.797244094488189,0.00984251968503937,0.19586614173228348,0.8562992125984252,0.4005905511811024,0.860236220472441,0.78248031496063,0.8208661417322834,0.6919291338582677,0.12992125984251968,0.5,0.6472564389697648,0.44586614173228345,0.9793307086614174,0.42322834645669294,0.05511811023622047,0.015748031496062992,0.045454545454545456,0.019762845849802372,1.3498700000000001,"'-0.5699850000000001","'-0.012390978260869564",.181,.336,10.8,0,33.70786516853933,90.9,108.7,93.9,105.7,45.9,19.6,6.5,27.5,48.78048780487804,66.66666666666666,94,13.414634146341465,5.4,.196,.196,.283,.222,8.695652173913043,4,0,1,0,9,1,9,80,22
Matthew Lugo,LAA,OF,24,454,419,1807,0.3661417322834646,0.452755905511811,0.6811023622047244,0.4334399606299212,0.6322834645669292,0.266029246344207,0.5492125984251969,0.6082677165354331,0.7283464566929134,0.12106299212598425,0.1141732283464567,0.43799212598425197,0.7135826771653543,0.5718503937007874,0.6791338582677166,0.6732283464566929,0.18011811023622049,0.2952755905511811,0.30708661417322836,0.8465845464725644,0.7106299212598425,0.2637795275590551,0.16535433070866143,0.7007874015748031,0.10039370078740158,0.516798418972332,0.48221343873517786,6.16256,"'-2.1787799999999997","'-0.004799074889867842",.232,.375,9.6,6.8,35.623678646934465,87.8,110.9,91,104.7,41.8,29.7,9.6,30.7,52.46264526840066,70.96399535423926,78.88707037643208,16.104039845047033,16.4,.260,.317,.444,.354,5.9471365638766525,27,31,28,5,109,13,135,948,291
Luis Campusano,SDP,C,27,475,393,1931,0.9655511811023622,0.968503937007874,0.6791338582677166,0.7582431102362205,0.9362204724409449,0.7073959505061868,0.9507874015748031,0.9468503937007874,0.8848425196850394,0.8671259842519685,0.8484251968503937,0.9606299212598425,0.9448818897637795,0.9783464566929134,0.9409448818897638,0.9438976377952756,0.8110236220472441,0.3464566929133858,0.7677165354330708,0.1366181410974244,0.14763779527559054,0.6633858267716536,0.8464566929133859,0.23622047244094488,0.4015748031496063,0.9179841897233202,0.7766798418972332,3.20902,"'-0.7741399999999999","'-0.0016297684210526318",.281,.501,12.8,15.2,22.52851711026616,93.4,114,97.4,108,53.4,17.3,10.5,22.3,40.03107198342828,60.978384527872585,84.51492537313433,8.907301916105645,21.7,.336,.441,.595,.370,8.421052631578947,40,72,25,1,132,25,82,773,172
Dom Keegan,TBR,C,25,297,266,1134,0.3937007874015748,0.3484251968503937,0.6771653543307087,0.4387303149606299,0.8224409448818898,0.19797525309336336,0.33661417322834647,0.656496062992126,0.7637795275590551,0.24803149606299213,0.23818897637795275,0.8927165354330708,0.9212598425196851,0.8877952755905512,0.8730314960629921,0.8779527559055118,0.1515748031496063,0.5846456692913385,0.19291338582677164,0.3180291153415454,0.03346456692913386,0.21850393700787402,0.3031496062992126,0.20669291338582677,0.3661417322834646,0.908102766798419,0.8300395256916996,2.94093,"'-0.532922","'-0.0017943501683501683",.216,.383,10.2,8.1,32.82051282051282,91.4,113.5,94.3,106.9,48,30.6,13.7,33.2,43.82716049382715,55.555555555555564,78.03278688524591,14.550264550264547,22.9,.241,.306,.429,.320,6.0606060606060606,18,24,16,2,64,10,91,497,165
Dylan Crews,WSN,OF,24,45,41,161,0.6604330708661418,0.3720472440944882,0.6751968503937008,0.5228223425196851,0.3937007874015748,0.5767716535433072,0.8474409448818898,0.735236220472441,0.6781496062992126,0.01968503937007874,0.23228346456692914,0.03937007874015748,0.2608267716535433,0.011811023622047244,0.7706692913385826,0.2549212598425197,0.8464566929133859,0.4124015748031496,0.7234251968503937,0.786114221724524,0.8070866141732284,0.7883858267716536,0.6200787401574803,0.4389763779527559,0.7303149606299213,0.06521739130434782,0.38735177865612647,4.737419999999999,0.10695,0.002376666666666667,.260,.402,8.8,2.2,32.95454545454545,83.7,107.4,80.3,105.6,32.4,15.6,11.3,23.2,50.931677018633536,72.60273972602741,86.7924528301887,11.801242236024844,14.7,.244,.311,.415,.250,6.666666666666668,3,1,1,0,10,2,7,82,19
Gage Workman,DET,3B,26,357,308,1553,0.5482283464566929,0.562007874015748,0.6732283464566929,0.5415846456692914,0.8423228346456693,0.27165354330708663,0.16535433070866143,0.75,0.9448818897637795,0.7047244094488189,0.452755905511811,0.8700787401574803,0.7421259842519685,0.90748031496063,0.78248031496063,0.9045275590551181,0.03346456692913386,0.9763779527559056,0.04133858267716536,0.5039193729003361,0.5393700787401575,0.07480314960629922,0.05511811023622047,0.8622047244094488,0.6535433070866141,0.6719367588932806,0.7549407114624506,7.06197,0.349246,0.000978280112044818,.194,.406,15.1,12.3,28.92271662763466,91.1,111.3,94.8,105.7,50,38.4,22.4,39.1,46.619446233097236,68.24034334763948,73.79454926624737,18.222794591113967,21.3,.227,.328,.474,.348,7.282913165266107,26,44,19,6,70,15,137,724,283
Liover Peguero,PHI,2B/SS,25,297,264,1109,0.17519685039370078,0.23818897637795275,0.6712598425196851,0.4670890748031496,0.4580708661417322,0.5354330708661418,0.2874015748031496,0.2125984251968504,0.4074803149606299,0.359251968503937,0.4468503937007874,0.41633858267716534,0.8405511811023622,0.3799212598425197,0.5511811023622047,0.41338582677165353,0.6742125984251969,0.4409448818897638,0.5492125984251969,0.6730123180291153,0.8188976377952756,0.4311023622047244,0.468503937007874,0.531496062992126,0.4547244094488189,0.5889328063241107,0.4426877470355731,5.16478,"'-0.39068200000000003","'-0.0013154276094276096",.210,.306,5.3,9.1,29.075630252100844,87.7,112.3,89.8,103.7,35.9,19.9,11.7,26.5,49.323715058611356,72.76264591439687,81.28342245989305,13.074842200180342,15.7,.239,.306,.367,.279,3.7037037037037033,11,27,14,1,63,6,59,547,145
Heriberto Hernández,MIA,DH/OF,26,163,141,662,0.5334645669291339,0.5,0.6692913385826772,0.5293430118110236,0.7761811023622047,0.36571991001124854,0.20570866141732283,0.7224409448818898,0.890748031496063,0.6230314960629921,0.812007874015748,0.8927165354330708,0.5216535433070866,0.7933070866141733,0.7913385826771654,0.8533464566929134,0.05019685039370079,0.594488188976378,0.21161417322834647,0.3516237402015677,0.39173228346456695,0.1624015748031496,0.3090551181102362,0.6948818897637795,0.5649606299212598,0.7470355731225297,0.7470355731225297,6.0792,"'-0.0368911","'-0.00022632576687116568",.200,.399,12.9,11.7,23.214285714285715,91.4,109.6,93,105.8,47.1,35,13.8,32.8,44.25981873111783,65.95092024539878,76.74418604651162,14.501510574018129,21.2,.220,.319,.454,.289,6.7484662576687136,11,19,4,1,31,9,57,293,96
Nick Schnell,SDP,OF,26,399,357,1575,0.6003937007874016,0.5718503937007874,0.6673228346456693,0.5110113188976377,0.8053149606299213,0.2106299212598425,0.3169291338582677,0.8248031496062992,0.9291338582677166,0.3248031496062992,0.12401574803149606,0.7007874015748031,0.8986220472440944,0.7933070866141733,0.812992125984252,0.6732283464566929,0.0688976377952756,0.8937007874015748,0.021653543307086614,0.8656215005599104,0.8818897637795275,0.03937007874015748,0.013779527559055118,0.8641732283464567,0.639763779527559,0.6482213438735178,0.8992094861660079,7.0747,0.29935,0.0007502506265664161,.214,.432,14.1,8.8,35.4239256678281,89.5,113.2,93,106,41.8,34.1,19.2,42.3,52.952380952380956,74.08963585434174,71.26654064272212,22.41269841269841,25,.244,.318,.490,.327,7.769423558897243,31,35,15,5,87,21,136,834,353
Rafael Flores Jr.,PIT,1B,25,206,173,829,0.6761811023622047,0.5885826771653543,0.6653543307086615,0.4822219488188977,0.5836614173228346,0.3925759280089989,0.38188976377952755,0.71751968503937,0.7509842519685039,0.7362204724409449,0.7440944881889764,0.46062992125984253,0.5452755905511811,0.3700787401574803,0.7706692913385826,0.4438976377952756,0.37106299212598426,0.8474409448818898,0.15255905511811024,0.3314669652855543,0.3956692913385827,0.07874015748031496,0.26968503937007876,0.1437007874015748,0.3464566929133858,0.6116600790513834,0.6511857707509882,2.48062,"'-0.389117","'-0.0018889174757281554",.220,.398,9.9,12.6,24.71655328798186,87.9,109.7,89.7,105.6,36.4,26.2,18,34,44.02895054282268,65.97938144329896,74.21875,14.957780458383596,18.9,.266,.369,.422,.339,5.825242718446603,12,26,4,1,46,7,54,365,124
Christian Cairo,PHI,2B/3B/SS,24,408,348,1701,0.37598425196850394,0.2608267716535433,0.6633858267716536,0.4535556102362205,0.277755905511811,0.5731158605174353,0.38188976377952755,0.22145669291338582,0.19980314960629922,0.547244094488189,0.9468503937007874,0.3700787401574803,0.2874015748031496,0.3799212598425197,0.2155511811023622,0.31003937007874016,0.49311023622047245,0.18700787401574803,0.5561023622047244,0.11422172452407615,0.1377952755905512,0.5807086614173228,0.75,0.9114173228346457,0.8799212598425197,0.29446640316205536,0.09288537549407115,7.668639999999999,2.4316,0.005959803921568628,.220,.307,2.8,11,18.998862343572238,87.4,107.7,89.8,101.1,33.9,23.8,7.8,26.4,39.21222810111699,60.82725060827251,83.2,10.346854791299236,8.4,.233,.336,.328,.312,1.715686274509804,7,45,21,3,81,2,97,667,176
Henry Davis,PIT,C,26,31,28,118,0.9104330708661418,0.46062992125984253,0.6614173228346457,0.7275467519685039,0.6096456692913386,0.734251968503937,0.9566929133858267,0.9212598425196851,0.9635826771653543,0.41732283464566927,0.017716535433070866,0.1466535433070866,0.7263779527559056,0.015748031496062992,0.5334645669291339,0.2903543307086614,0.9192913385826772,0.827755905511811,0.9881889763779528,0.9003359462486002,0.8307086614173228,0.9960629921259843,0.9704724409448819,0.7578740157480315,0.9586614173228346,0.6976284584980237,0.5069169960474308,6.50162,0.332327,0.010720225806451612,.283,.478,16.7,9.7,41.42857142857143,85.6,111,81.9,103.6,33.3,12.9,17.6,10.9,54.23728813559321,72.91666666666666,97.14285714285714,5.932203389830509,16.7,.286,.355,.393,.333,12.903225806451614,4,3,3,0,8,0,4,64,7
Osleivis Basabe,SFG,SS,25,473,430,1692,0.2755905511811024,0.3228346456692913,0.6594488188976378,0.49809301181102367,0.5192913385826772,0.5344488188976377,0.5974409448818898,0.390748031496063,0.32086614173228345,0.1377952755905512,0.07086614173228346,0.530511811023622,0.8228346456692913,0.6663385826771654,0.5807086614173228,0.531496062992126,0.7844488188976378,0.21751968503937008,0.8326771653543307,0.7625979843225084,0.33858267716535434,0.8326771653543307,0.7440944881889764,0.5413385826771654,0.610236220472441,0.45652173913043476,0.45553359683794464,5.22538,0.08963380000000001,0.00018950063424947144,.237,.338,4,7,37.246049661399546,88.5,112.1,91.7,103.9,39,17.8,8.4,20.6,50.53191489361703,65.136476426799,87.61904761904762,10.401891252955082,15.9,.249,.309,.412,.278,2.9598308668076108,14,33,24,2,107,14,84,855,176
Jonathan Ornelas,NYY,3B/SS,25,446,387,1775,0.2047244094488189,0.12598425196850394,0.65748031496063,0.43626968503937,0.5781496062992126,0.4507874015748032,0.19389763779527558,0.19291338582677164,0.4330708661417323,0.547244094488189,0.8622047244094488,0.687992125984252,0.8228346456692913,0.7362204724409449,0.78248031496063,0.7539370078740157,0.4035433070866142,0.031496062992125984,0.35236220472440943,0.06606942889137737,0.021653543307086614,0.28937007874015747,0.6791338582677166,0.5039370078740157,0.14566929133858267,0.2391304347826087,0.08596837944664032,5.0298300000000005,"'-1.7315099999999999","'-0.0038823094170403593",.198,.301,5.5,11,21.673819742489272,89.4,112.1,92.5,105.7,44.2,25.8,2.8,29.9,37.46478873239437,54.92289442467378,79.26565874730021,11.211267605633802,8.2,.194,.291,.302,.244,3.3632286995515686,15,49,6,3,75,10,115,665,199
Zach Dezenzo,HOU,1B/OF,25,28,26,103,0.05511811023622047,0.16830708661417323,0.655511811023622,0.6064837598425197,0.7980314960629922,0.672384701912261,0.025590551181102362,0.6279527559055118,0.7854330708661418,0.00984251968503937,0.6673228346456693,0.922244094488189,0.6811023622047244,0.9429133858267716,0.514763779527559,0.9734251968503937,0.609251968503937,0.7627952755905512,0.8868110236220472,0.8073908174692049,0.9153543307086615,0.8267716535433071,0.7913385826771654,0.16338582677165353,0.5196850393700787,0.7796442687747036,0.13537549407114624,2.6428599999999998,"'-0.0224358","'-0.0008012785714285713",.154,.378,10.5,0,26,91.9,110.6,95.6,103.5,57.9,21.4,16.4,18.9,51.45631067961165,75.47169811320755,87.5,9.70873786407767,9.5,.192,.214,.462,.158,7.142857142857142,2,0,1,0,5,2,6,53,10
Noah Mendlinger,STL,2B/OF,25,101,83,381,0.7372047244094488,0.7332677165354331,0.6535433070866141,0.5752952755905512,0.2503937007874016,0.8014623172103487,0.8375984251968503,0.4360236220472441,0.16535433070866143,0.4360236220472441,0.9291338582677166,0.3986220472440945,0.08562992125984252,0.45570866141732286,0.20374015748031496,0.16633858267716536,0.9980314960629921,0.0531496062992126,0.9960629921259843,0.21052631578947367,0.26673228346456695,0.9901574803149606,0.9940944881889764,0.7145669291338582,0.05511811023622047,0.11166007905138339,0.21047430830039526,6.267469999999999,"'-0.777678","'-0.00769978217821782",.259,.346,2.6,9.9,19.576719576719576,87.6,105,90.3,101,29.9,7.9,3.8,10,41.99475065616797,64.0625,95.1219512195122,4.199475065616799,11.7,.289,.396,.446,.303,1.98019801980198,2,10,6,2,24,1,8,160,16
Josh Rivera,TOR,SS,25,391,335,1719,0.35236220472440943,0.2529527559055118,0.6515748031496063,0.4464197834645669,0.5334645669291339,0.49929696287964004,0.26673228346456695,0.30118110236220474,0.562992125984252,0.7913385826771654,0.8976377952755905,0.562992125984252,0.8021653543307087,0.5187007874015748,0.6023622047244095,0.43799212598425197,0.11318897637795275,0.1702755905511811,0.38188976377952755,0.03023516237402016,0.003937007874015748,0.5374015748031497,0.7696850393700787,0.19094488188976377,0.1968503937007874,0.07213438735177866,0.23023715415019763,2.7953099999999997,"'-1.1713","'-0.0029956521739130434",.207,.322,7.1,13.6,20.71668533034715,88.7,111.9,90.7,104.1,36.3,31.7,7.5,29.1,34.61314717859221,49.63680387409201,82.68292682926828,10.063990692262943,12,.224,.330,.328,.333,3.836317135549872,15,53,15,1,75,6,124,595,173
Brennan Milone,ATH,1B,24,109,87,446,0.23523622047244094,0.5,0.6496062992125984,0.5218380905511811,0.19507874015748033,0.7597019122609675,0.03740157480314961,0.09744094488188976,0.2372047244094488,0.9311023622047244,0.8681102362204725,0.2952755905511811,0.04133858267716536,0.45570866141732286,0.06496062992125984,0.30413385826771655,0.5797244094488189,0.952755905511811,0.8700787401574803,0.23404255319148934,0.4566929133858268,0.7283464566929134,0.8838582677165354,0.8307086614173228,0.5413385826771654,0.3092885375494071,0.5217391304347826,6.8684199999999995,"'-0.046793699999999994","'-0.0004293",.163,.274,3.1,16.5,21.57676348547718,86.9,103.5,90.3,99.4,33.8,22,20.8,19.6,42.37668161434978,66.82926829268294,85.4014598540146,8.295964125560538,16.9,.230,.367,.379,.286,1.834862385321101,2,18,3,2,20,2,24,189,37
Jacob Gonzalez,CHW,2B/SS,23,171,147,663,0.28838582677165353,0.15059055118110237,0.6476377952755905,0.4612450787401575,0.20551181102362204,0.6280933633295839,0.34744094488188976,0.18208661417322836,0.16535433070866143,0.6230314960629921,0.7007874015748031,0.1830708661417323,0.23622047244094488,0.3021653543307087,0.1515748031496063,0.2608267716535433,0.6742125984251969,0.922244094488189,0.7234251968503937,0.26763717805151177,0.23818897637795275,0.6594488188976378,0.7775590551181102,0.39763779527559057,0.7952755905511811,0.1422924901185771,0.5533596837944664,4.50004,0.627801,0.0036713508771929826,.217,.296,2.6,11.7,25.555555555555554,86,107.2,89.1,100.5,32.5,19.9,19.9,23.2,42.98642533936652,63.6963696369637,84.4559585492228,9.954751131221721,17.5,.204,.310,.293,.250,1.7543859649122806,3,20,7,0,30,2,34,285,66
Tim Tawa,ARI,OF,27,78,63,301,0.8720472440944882,0.6998031496062992,0.6456692913385826,0.7464320866141732,0.6316929133858268,0.811726659167604,0.640748031496063,0.8720472440944882,0.9143700787401575,0.8139763779527559,0.8562992125984252,0.43799212598425197,0.4183070866141732,0.3700787401574803,0.6909448818897638,0.515748031496063,0.827755905511811,0.7627952755905512,0.8198818897637795,0.2592385218365061,0.6830708661417323,0.8405511811023622,0.8405511811023622,0.8267716535433071,0.7775590551181102,0.11857707509881422,0.41798418972332013,6.858689999999999,0.257907,0.0033065,.240,.452,13.5,14.1,22.09302325581395,87.8,108.9,89.7,104.8,38.5,16.7,16.4,20.9,42.857142857142854,70.54263565891473,87.9120879120879,8.970099667774086,15.4,.238,.359,.492,.245,8.974358974358974,7,11,5,1,15,3,13,129,27
Christian Encarnacion-Strand,BAL,1B,26,252,229,982,0.8061023622047244,0.5492125984251969,0.6437007874015748,0.5810162401574803,0.8118110236220473,0.3765466816647918,0.6210629921259843,0.9419291338582677,0.9517716535433071,0.11023622047244094,0.02952755905511811,0.6545275590551181,0.8326771653543307,0.6929133858267716,0.6909448818897638,0.6781496062992126,0.452755905511811,0.9340551181102362,0.6062992125984252,0.9059350503919372,0.7145669291338582,0.3425196850393701,0.3799212598425197,0.24015748031496062,0.4271653543307087,0.6877470355731226,0.7924901185770751,3.2356,"'-0.380658","'-0.001510547619047619",.239,.498,15.6,6.7,40.18867924528302,89.2,112.2,92,104.8,41.9,24.6,20.3,25.5,54.378818737270876,71.01769911504425,80.06230529595015,13.849287169042773,22,.245,.310,.493,.287,10.317460317460316,26,17,20,2,56,11,62,534,136
Nacho Alvarez Jr.,ATL,3B,23,79,63,328,0.5009842519685039,0.5974409448818898,0.6417322834645669,0.4541707677165354,0.07716535433070867,0.7263779527559056,0.2765748031496063,0.07480314960629922,0.03346456692913386,0.8061023622047244,0.9173228346456693,0.0984251968503937,0.14960629921259844,0.17519685039370078,0.11023622047244094,0.02952755905511811,0.7303149606299213,0.8868110236220472,0.8375984251968503,0.06159014557670772,0.03740157480314961,0.8267716535433071,0.9291338582677166,0.13188976377952755,0.045275590551181105,0.28952569169960474,0.3804347826086957,2.2831599999999996,"'-0.694577","'-0.008792113924050634",.208,.263,0,13.9,20,84.7,106.2,87.9,100,20.8,19,19.1,20.5,37.195121951219505,55.696202531645575,87.5,7.621951219512195,14.6,.254,.405,.349,.319,0,0,11,3,0,16,1,15,122,25
Ryan Lasko,ATH,OF,23,47,42,174,0.41929133858267714,0.24901574803149606,0.639763779527559,0.4081569881889764,0.36653543307086617,0.4161979752530933,0.875,0.4301181102362205,0.2204724409448819,0.2844488188976378,0.328740157480315,0.4793307086614173,0.14960629921259844,0.3316929133858268,0.20374015748031496,0.5531496062992126,0.6151574803149606,0.005905511811023622,0.22145669291338582,0.5655095184770437,0.3700787401574803,0.8799212598425197,0.21358267716535434,0.484251968503937,0.889763779527559,0.6482213438735178,0.5632411067193676,4.93654,0.30277800000000005,0.006442085106382978,.263,.345,3,8.5,31.11111111111111,88.1,106.2,89.3,101,39.4,21.3,"'-3.5",32.5,47.70114942528736,65.47619047619048,89.0909090909091,15.517241379310345,17.6,.262,.319,.357,.313,2.127659574468085,1,4,1,0,11,1,10,83,27
Andrew Pintar,MIA,OF,25,332,297,1279,0.2608267716535433,0.3720472440944882,0.6377952755905512,0.4165846456692914,0.49921259842519683,0.3645950506186727,0.4242125984251969,0.3159448818897638,0.5511811023622047,0.24803149606299213,0.5393700787401575,0.41633858267716534,0.6023622047244095,0.45570866141732286,0.7490157480314961,0.610236220472441,0.18700787401574803,0.125,0.40255905511811024,0.3885778275475924,0.21456692913385828,0.4881889763779528,0.47244094488188976,0.8070866141732284,0.8818897637795275,0.4654150197628458,0.2865612648221344,6.71882,2.02471,0.00609852409638554,.223,.325,7,8.1,27.633587786259547,87.7,110,90.3,105.4,40.7,29.5,6.4,28.9,44.87881157154027,62.98076923076921,81.93384223918575,12.978889757623145,12.9,.269,.338,.384,.386,4.216867469879518,14,27,18,2,80,4,98,574,166
Wade Meckler,LAA,OF,26,389,329,1518,0.5334645669291339,0.4812992125984252,0.6358267716535433,0.5193774606299213,0.325,0.7073959505061868,0.6781496062992126,0.29429133858267714,0.1830708661417323,0.8139763779527559,0.9724409448818898,0.4793307086614173,0.5216535433070866,0.4281496062992126,0.17224409448818898,0.1466535433070866,0.7480314960629921,0.06299212598425197,0.7519685039370079,0.05599104143337066,0.07874015748031496,0.7047244094488189,0.8818897637795275,0.45866141732283466,0.5118110236220472,0.20454545454545456,0.014822134387351778,4.82571,"'-0.33260100000000004","'-0.0008550154241645242",.243,.321,2.7,14.1,17.813267813267817,88.1,109.6,90.2,100.7,29.2,18.5,4.2,22.6,36.75889328063241,58.66477272727273,85.23002421307507,8.300395256916996,5.2,.274,.378,.359,.344,1.7994858611825193,7,55,21,2,90,1,72,558,126
Keaton Anthony,PHI,1B,24,148,134,554,0.5009842519685039,0.6309055118110236,0.6338582677165354,0.4563853346456693,0.520472440944882,0.4668166479190101,0.7450787401574803,0.6151574803149606,0.5403543307086615,0.24803149606299213,0.14763779527559054,0.7559055118110236,0.23622047244094488,0.7096456692913385,0.4202755905511811,0.4547244094488189,0.5541338582677166,0.1545275590551181,0.7746062992125984,0.7569988801791714,0.31496062992125984,0.5452755905511811,0.6830708661417323,0.031496062992125984,0.2372047244094488,0.1383399209486166,0.05039525691699605,0.9601649999999999,"'-0.36374","'-0.0024577027027027033",.249,.376,6.9,8.1,34.831460674157306,89.9,107.2,92.2,102.9,36.6,22.3,7.1,22.2,50.36101083032493,64.80836236933798,82.79569892473118,11.1913357400722,6.9,.313,.374,.433,.404,4.729729729729731,7,12,10,0,42,2,33,279,62
Austin Gauthier,LAD,2B,26,478,378,1959,0.8228346456692913,0.5797244094488189,0.6318897637795275,0.6135580708661417,0.5289370078740158,0.7462035995500562,0.7125984251968503,0.4921259842519685,0.2372047244094488,0.9753937007874016,0.9566929133858267,0.687992125984252,0.4438976377952756,0.8080708661417323,0.3779527559055118,0.7834645669291339,0.719488188976378,0.031496062992125984,0.8415354330708661,0.08174692049272117,0.13385826771653545,0.6811023622047244,0.9153543307086615,0.38188976377952755,0.4094488188976378,0.019762845849802372,0.10573122529644269,4.4202699999999995,"'-0.7665609999999999","'-0.0016036841004184099",.246,.356,3.1,19.5,18.331716779825413,89.4,109.1,93.2,102.6,44.9,19.2,2.8,20.4,38.33588565594691,60.56034482758621,84.69750889679715,7.810107197549771,8.6,.259,.404,.354,.328,1.882845188284519,9,93,20,2,98,4,92,751,153
Tirso Ornelas,SDP,OF,26,368,317,1441,0.5334645669291339,0.6998031496062992,0.6299212598425197,0.5375861220472441,0.3909448818897638,0.6891169853768281,0.6919291338582677,0.35826771653543305,0.15059055118110237,0.6909448818897638,0.6318897637795275,0.2588582677165354,0.8021653543307087,0.3316929133858268,0.6909448818897638,0.38484251968503935,0.8061023622047244,0.22736220472440946,0.7992125984251969,0.2530795072788354,0.20275590551181102,0.8740157480314961,0.8188976377952756,0.3700787401574803,0.4625984251968504,0.8122529644268774,0.6383399209486166,4.32055,"'-0.465394","'-0.001264657608695652",.244,.334,2.4,12.2,26.5,86.7,111.9,89.3,104.8,35.3,17.4,8.5,21.6,42.67869535045107,62.870514820592824,88.83374689826302,9.229701596113811,18.7,.287,.380,.448,.331,1.6304347826086956,6,45,21,0,91,10,64,615,133
Brock Jones,FA,P,24,77,73,322,0.06988188976377953,0.08562992125984252,0.6279527559055118,0.40403543307086615,0.8905511811023622,0.1579021372328459,0.00984251968503937,0.6771653543307087,0.9960629921259843,0.0639763779527559,0.1830708661417323,0.9763779527559056,0.8622047244094488,0.9891732283464567,0.8828740157480315,0.9409448818897638,0.003937007874015748,0.8238188976377953,0.003937007874015748,0.8275475923852184,0.8366141732283464,0.00984251968503937,0.003937007874015748,0.002952755905511811,0.5954724409448819,0.9822134387351779,0.9920948616600791,0,0,0,.138,.388,23.3,5.2,33.90804597701149,94.2,112.7,98.4,107,53.3,54.5,17.5,47.9,51.863354037267094,72.97297297297297,65.74074074074075,24.84472049689441,35.5,.151,.195,.397,.231,9.090909090909092,7,4,3,0,11,5,42,167,80
Johan Rojas,PHI,OF,25,157,144,627,0.5482283464566929,0.27755905511811024,0.6259842519685039,0.4868971456692913,0.46830708661417325,0.44010123734533185,0.9045275590551181,0.530511811023622,0.11122047244094488,0.27263779527559057,0.39173228346456695,0.5807086614173228,0.47834645669291337,0.7096456692913385,0.7145669291338582,0.640748031496063,0.6476377952755905,0.23622047244094488,0.4655511811023622,0.5408734602463606,0.41732283464566927,0.43503937007874016,0.4507874015748031,0.6791338582677166,0.702755905511811,0.2964426877470356,0.2865612648221344,6.01963,0.30389499999999997,0.0019356369426751594,.269,.362,1.9,8.3,29.8780487804878,88.8,109.3,92.2,105.1,41.3,20.4,8.7,28,47.208931419457734,66.22073578595318,81.31313131313131,13.237639553429027,12.9,.271,.331,.354,.342,1.2738853503184715,2,13,7,1,39,1,32,296,83
Carlos Rodríguez,SDP,OF,25,526,471,1954,0.5236220472440944,0.19881889763779528,0.6240157480314961,0.5673597440944882,0.32145669291338586,0.7397356580427447,0.8641732283464567,0.5019685039370079,0.1830708661417323,0.359251968503937,0.46062992125984253,0.31299212598425197,0.37106299212598426,0.3169291338582677,0.09251968503937008,0.23818897637795275,0.9192913385826772,0.5462598425196851,0.9429133858267716,0.6651735722284434,0.7007874015748031,0.9015748031496063,0.8937007874015748,0.35826771653543305,0.20275590551181102,0.18972332015810275,0.3804347826086957,4.27749,"'-1.50527","'-0.002861730038022814",.262,.358,2.7,9.1,28.76984126984127,87,108.5,89.2,99.8,32,12.9,13.2,16.7,49.078812691914024,70.71881606765328,89.68609865470854,8.188331627430912,14.6,.244,.314,.321,.269,2.091254752851711,11,48,10,1,115,8,68,959,160
Dayan Frias,CLE,3B,23,174,157,679,0.0610236220472441,0.06594488188976377,0.6220472440944882,0.44309793307086615,0.3021653543307087,0.5942069741282339,0.12893700787401574,0.10236220472440945,0.10433070866141732,0.29429133858267714,0.43208661417322836,0.6545275590551181,0.23622047244094488,0.6131889763779528,0.2155511811023622,0.41338582677165353,0.5039370078740157,0.735236220472441,0.734251968503937,0.5912653975363942,0.6712598425196851,0.8307086614173228,0.6929133858267716,0.4940944881889764,0.12007874015748031,0.5988142292490118,0.5069169960474308,5.00751,"'-0.760796","'-0.0043723908045977",.188,.275,1.7,8.6,29.268292682926827,89.2,107.2,91.3,101.1,35.9,23.6,15.8,23,48.01178203240059,70.3225806451613,87.61467889908256,11.045655375552283,16.7,.197,.264,.261,.256,1.1494252873563218,2,15,7,0,31,1,41,326,75
Reed Trimble,BAL,OF,25,118,107,475,0.21358267716535434,0.39173228346456695,0.6200787401574803,0.5458292322834646,0.6070866141732283,0.5191226096737909,0.2765748031496063,0.453740157480315,0.6200787401574803,0.2017716535433071,0.5413385826771654,0.672244094488189,0.781496062992126,0.5994094488188977,0.43996062992125984,0.5078740157480315,0.31791338582677164,0.735236220472441,0.5561023622047244,0.7547592385218365,0.9458661417322834,0.6299212598425197,0.4409448818897638,0.8385826771653543,0.968503937007874,0.9565217391304348,0.9555335968379447,6.90901,1.35469,0.011480423728813558,.208,.349,7.9,7.6,27.559055118110237,89.3,111.7,91.2,103.1,38.2,27.1,15.8,26.4,50.31578947368421,76.47058823529412,84.02366863905327,13.26315789473684,28.6,.252,.314,.430,.310,5.084745762711865,6,9,4,0,27,5,32,239,63
Zack Gelof,ATH,2B,26,212,176,856,0.5905511811023622,0.8070866141732284,0.6181102362204725,0.5283587598425197,0.6005905511811024,0.4904386951631046,0.2125984251968504,0.6387795275590551,0.6889763779527559,0.8917322834645669,0.8513779527559056,0.6348425196850394,0.4301181102362205,0.7440944881889764,0.5334645669291339,0.610236220472441,0.4202755905511811,0.4271653543307087,0.11023622047244094,0.5195968645016797,0.968503937007874,0.04921259842519685,0.14173228346456693,0.7874015748031497,0.9429133858267716,0.8705533596837944,0.5158102766798419,6.63868,1.9737200000000001,0.00931,.201,.380,8.9,15.6,22.222222222222218,89.1,109,92.6,103.6,40.7,25.5,11.5,35.2,46.845794392523366,77.8364116094987,71.86440677966101,16.471962616822427,16.8,.256,.368,.517,.292,5.188679245283018,11,33,10,0,45,12,54,401,141
Alex Binelas,PHI,1B/3B,25,41,35,157,0.15551181102362205,0.6929133858267716,0.6161417322834646,0.3875492125984252,0.6681102362204724,0.2170978627671541,0.0688976377952756,0.09744094488188976,0.4389763779527559,0.4271653543307087,0.7677165354330708,0.937007874015748,0.8730314960629921,0.9980314960629921,0.8828740157480315,0.9940944881889764,0.025590551181102362,0.7165354330708661,0.04133858267716536,0.1612541993281075,0.02952755905511811,0.047244094488188976,0.18110236220472442,0.39960629921259844,0.047244094488188976,0.9841897233201581,0.9861660079051383,4.5282599999999995,"'-0.359232","'-0.008761756097560977",.176,.274,5.6,9.8,24.324324324324326,92.3,112.8,98.9,107,61.1,41.5,15.5,39.1,40.764331210191095,55.42168674698795,71.73913043478261,15.92356687898089,33.3,.257,.366,.457,.438,2.4390243902439024,1,4,1,0,9,2,17,64,25
Trey Sweeney,DET,SS,26,52,43,194,0.8001968503937008,0.9350393700787402,0.6141732283464567,0.5671136811023622,0.3602362204724409,0.6463723284589428,0.8267716535433071,0.5206692913385826,0.2372047244094488,0.7844488188976378,0.4035433070866142,0.24606299212598426,0.19389763779527558,0.3799212598425197,0.06496062992125984,0.6033464566929134,0.6230314960629921,0.5462598425196851,0.6584645669291339,0.7217245240761478,0.9586614173228346,0.547244094488189,0.5492125984251969,0.5748031496062992,0.7834645669291339,0.6245059288537549,0.8992094861660079,5.4135599999999995,0.181554,0.003491423076923077,.258,.361,3.1,13.5,29.72972972972973,86.6,106.8,89.8,99.4,40.6,21.2,13.2,24.7,50,77.10843373493977,82.8125,12.371134020618555,25,.326,.442,.512,.400,1.9230769230769231,1,7,2,0,14,2,11,97,24
Parker Meadows,DET,OF,26,55,45,221,0.9547244094488189,0.890748031496063,0.6122047244094488,0.5253444881889764,0.6622047244094488,0.22679977502812146,0.7450787401574803,0.9015748031496063,0.9901574803149606,0.9606299212598425,0.36811023622047245,0.5492125984251969,0.05905511811023622,0.2608267716535433,0.4744094488188976,0.8110236220472441,0.09055118110236221,0.8799212598425197,0.018700787401574805,0.1948488241881299,0.04330708661417323,0.027559055118110236,0.07874015748031496,0.9271653543307087,0.6751968503937008,0.45652173913043476,0.30335968379446643,7.805389999999999,0.0731139,0.0013293436363636362,.249,.465,22.7,18.2,30.4,88.6,104.1,88.7,103.3,45.5,32.7,19,42.4,41.6289592760181,56.25,70.37037037037038,17.647058823529417,13.3,.267,.400,.533,.423,9.090909090909092,5,10,3,3,12,1,18,92,39
Ernesto Martinez Jr.,NYY,1B,26,309,262,1270,0.6446850393700787,0.4714566929133858,0.610236220472441,0.5451525590551181,0.7486220472440944,0.4159167604049494,0.5334645669291339,0.6151574803149606,0.7017716535433071,0.7047244094488189,0.4862204724409449,0.7421259842519685,0.9763779527559056,0.4281496062992126,0.9940944881889764,0.7076771653543307,0.39468503937007876,0.594488188976378,0.3612204724409449,0.2698768197088466,0.13976377952755906,0.3228346456692913,0.5019685039370079,0.2952755905511811,0.07086614173228346,0.8992094861660079,0.7924901185770751,3.77475,"'-1.92603","'-0.006233106796116505",.231,.376,9.1,12.3,28.490028490028486,89.8,115.5,90.2,110.1,42.5,25.9,13.8,29.5,42.992125984251956,60.915492957746466,79.76878612716763,12.677165354330707,22,.256,.356,.389,.339,5.501618122977346,17,38,13,2,67,6,80,546,161
Iván Herrera,STL,C/DH,25,30,30,116,0.25098425196850394,0.9724409448818898,0.6082677165354331,0.49169537401574803,0.7007874015748031,0.33703599550056235,0.9301181102362205,0.5905511811023622,0.36023622047244097,0.00984251968503937,0.013779527559055118,0.9812992125984252,0.5885826771653543,0.9822834645669292,0.9616141732283464,0.9832677165354331,0.3425196850393701,0.12992125984251968,0.530511811023622,0.9529675251959686,0.9458661417322834,0.3031496062992126,0.21358267716535434,0.6929133858267716,0.952755905511811,0.22134387351778656,0.607707509881423,6.07636,0.315409,0.010513633333333331,.274,.372,4.5,0,43.07692307692307,94.4,109.9,97.5,108.6,59.1,26.7,6.5,26.9,57.75862068965517,76.47058823529412,79.48717948717949,15.517241379310345,18.2,.433,.433,.600,.571,3.333333333333333,1,0,2,0,13,1,8,67,18
Tanner Schobel,MIN,2B/3B,24,103,91,425,0.6072834645669292,0.22736220472440946,0.6062992125984252,0.4594611220472441,0.5724409448818897,0.3793588301462317,0.6210629921259843,0.6535433070866141,0.6653543307086615,0.41732283464566927,0.6141732283464567,0.7007874015748031,0.11614173228346457,0.6289370078740157,0.31791338582677164,0.7263779527559056,0.10236220472440945,0.5580708661417323,0.28937007874015747,0.4176931690929451,0.38188976377952755,0.5039370078740157,0.3464566929133858,0.047244094488188976,0.0688976377952756,0.58399209486166,0.5533596837944664,1.23577,"'-0.6692","'-0.006497087378640777",.239,.382,8.6,9.7,26.696832579185518,89.5,105.6,91.4,102,43.1,32,13.3,31.1,45.41176470588235,65.68627450980392,82.08955223880598,14.117647058823529,17.5,.220,.311,.341,.321,4.854368932038835,5,10,5,0,20,2,33,193,60
Braxton Fulford,COL,C,27,171,147,645,0.8395669291338582,0.9921259842519685,0.6043307086614174,0.7375123031496064,0.8655511811023622,0.6175478065241845,0.640748031496063,0.905511811023622,0.8848425196850394,0.4360236220472441,0.7057086614173228,0.8248031496062992,0.781496062992126,0.9399606299212598,0.7706692913385826,0.9311023622047244,0.5078740157480315,0.9862204724409449,0.5354330708661418,0.4736842105263158,0.7559055118110236,0.84251968503937,0.5393700787401575,0.6830708661417323,0.10433070866141732,0.9604743083003953,0.9822134387351779,6.03982,"'-0.801721","'-0.004688426900584796",.240,.469,12.8,9.9,25.490196078431374,90.6,111.7,95.5,105.6,52.3,23.4,23.4,26.8,46.2015503875969,71.875,87.92270531400965,12.403100775193801,33,.354,.433,.714,.406,8.187134502923977,14,17,10,2,52,13,40,298,80
Brennen Davis,SEA,OF,26,142,125,597,0.7007874015748031,0.8011811023622047,0.6023622047244095,0.5180856299212598,0.8911417322834646,0.22440944881889766,0.47539370078740156,0.8976377952755905,0.9045275590551181,0.21358267716535434,0.11811023622047244,0.9173228346456693,0.8228346456692913,0.8976377952755905,0.9429133858267716,0.9133858267716536,0.12893700787401574,0.905511811023622,0.11023622047244094,0.8577827547592385,0.8740157480314961,0.08267716535433071,0.04330708661417323,0.18110236220472442,0.5492125984251969,0.9920948616600791,0.9960474308300395,2.76594,"'-0.0453132","'-0.00031910704225352116",.227,.459,13.3,7.7,35.56231003039514,91.8,112.1,94.5,108.1,50.6,31,19.5,35.2,52.76381909547738,73.88059701492537,74.24242424242425,18.592964824120607,37.3,.248,.324,.576,.268,7.746478873239436,11,11,5,0,31,12,44,315,111
Nathan Hickey,BOS,C/1B,26,511,448,2080,0.3838582677165354,0.3720472440944882,0.6003937007874016,0.5004306102362205,0.6755905511811024,0.4489595050618672,0.3169291338582677,0.4812992125984252,0.531496062992126,0.547244094488189,0.6791338582677166,0.8248031496062992,0.75,0.7578740157480315,0.7608267716535433,0.7903543307086615,0.2844488188976378,0.5846456692913385,0.49311023622047245,0.2082866741321389,0.09448818897637795,0.39665354330708663,0.6476377952755905,0.20078740157480315,0.4645669291338583,0.7223320158102767,0.5286561264822134,2.8801900000000002,"'-0.632007","'-0.0012368043052837572",.214,.354,6.8,11,25.86046511627907,90.6,111.4,92.7,105.5,45,27.6,13.7,27.6,41.92307692307693,59.1044776119403,80.8080808080808,11.586538461538463,17,.234,.321,.408,.299,4.10958904109589,21,56,23,2,105,17,141,872,241
Andrés Chaparro,WSN,1B/DH,26,216,182,888,0.9104330708661418,0.9212598425196851,0.5984251968503937,0.6381643700787402,0.7643700787401576,0.5359955005624297,0.6919291338582677,0.9114173228346457,0.9429133858267716,0.843503937007874,0.5610236220472441,0.6151574803149606,0.702755905511811,0.6988188976377953,0.8297244094488189,0.6496062992125984,0.5187007874015748,0.8986220472440944,0.30118110236220474,0.4367301231802912,0.7303149606299213,0.4448818897637795,0.35236220472440943,0.13582677165354332,0.46062992125984253,0.8952569169960475,0.9772727272727273,2.3736200000000003,"'-0.273708","'-0.0012671666666666669",.244,.473,15,14.8,27.41312741312741,89,110.8,92.1,106.2,41.4,23.1,19.3,30.8,45.72072072072072,71.35135135135134,81.43939393939394,14.076576576576578,31.6,.275,.384,.577,.303,9.25925925925926,20,32,13,0,50,14,50,406,125
Noah Miller,LAD,SS,23,241,226,862,0.09547244094488189,0.11909448818897637,0.5964566929133859,0.40255905511811024,0.31791338582677164,0.5476659167604049,0.38188976377952755,0.22933070866141733,0.19980314960629922,0.04822834645669291,0.20866141732283464,0.43799212598425197,0.33267716535433073,0.4124015748031496,0.19586614173228348,0.38976377952755903,0.7677165354330708,0.2687007874015748,0.7519685039370079,0.7995520716685329,0.6279527559055118,0.7854330708661418,0.6437007874015748,0.27165354330708663,0.5295275590551181,0.3567193675889328,0.27964426877470355,3.54175,"'-0.166451","'-0.0006906680497925312",.220,.308,2.8,4.6,33.561643835616444,87.8,108.1,90.1,100.9,35.4,18.3,9.1,22.6,51.27610208816705,69.5754716981132,86.77966101694916,11.600928074245939,12.8,.239,.270,.345,.275,2.0746887966804977,5,11,12,0,54,4,44,442,100
Wes Clarke,FA,C/1B,26,182,148,792,0.5718503937007874,0.3838582677165354,0.594488188976378,0.5128567913385826,0.6131889763779527,0.46555118110236215,0.15059055118110237,0.4301181102362205,0.4074803149606299,0.9586614173228346,0.968503937007874,0.7834645669291339,0.7135826771653543,0.78248031496063,0.6318897637795275,0.7312992125984252,0.16535433070866143,0.9596456692913385,0.140748031496063,0.1690929451287794,0.5354330708661418,0.12598425196850394,0.3641732283464567,0.19881889763779528,0.5452755905511811,0.5988142292490118,0.9308300395256917,2.87785,"'-0.0652491","'-0.0003585115384615385",.192,.345,5.3,17.6,17.906976744186046,90.2,110.9,92.9,104.3,43.2,30.2,21,34.3,40.90909090909091,68.23204419889504,75.70850202429149,14.015151515151516,26.3,.216,.352,.358,.292,2.747252747252748,5,32,3,0,32,6,55,324,111
Warming Bernabel,FA,1B,23,316,282,1030,0.22440944881889763,0.5885826771653543,0.59251968503937,0.4625984251968504,0.21535433070866145,0.6643700787401574,0.5748031496062992,0.22933070866141733,0.11614173228346457,0.16830708661417323,0.09448818897637795,0.06988188976377953,0.6151574803149606,0.07381889763779527,0.11811023622047244,0.04625984251968504,0.9448818897637795,0.5344488188976378,0.8730314960629921,0.9171332586786114,0.9094488188976378,0.9320866141732284,0.7283464566929134,0.3405511811023622,0.5393700787401575,0.9179841897233202,0.7766798418972332,4.1125,"'-0.160794","'-0.0005088417721518987",.235,.308,2,7.3,36.734693877551024,84.2,110.1,85.9,100.1,22.8,12.3,13.1,19.4,55.14563106796116,75.35641547861506,90.54054054054052,10.679611650485436,21.7,.301,.356,.450,.320,1.5822784810126582,5,23,18,0,85,8,39,568,110
Jase Bowen,SDP,OF,25,145,126,532,0.4507874015748031,0.8011811023622047,0.5905511811023622,0.43620816929133854,0.43267716535433076,0.3887795275590551,0.2549212598425197,0.530511811023622,0.6889763779527559,0.7618110236220472,0.1377952755905512,0.11909448818897637,0.49015748031496065,0.359251968503937,0.5807086614173228,0.3346456692913386,0.4409448818897638,0.5462598425196851,0.28937007874015747,0.6909294512877939,0.4625984251968504,0.406496062992126,0.22244094488188976,0.84251968503937,0.281496062992126,0.4782608695652174,0.29051383399209485,6.94715,"'-0.31999099999999997","'-0.0022068344827586212",.206,.362,8.9,13.1,35.172413793103445,85.1,109.4,89.5,103.9,34.4,24.8,13.2,31.1,49.62406015037594,66.94214876033058,80.8641975308642,15.413533834586465,13,.294,.386,.484,.391,5.517241379310344,8,19,9,3,37,3,36,264,82
Daniel Susac,SFG,C,24,407,360,1605,0.4360236220472441,0.6692913385826772,0.5885826771653543,0.40883366141732286,0.49645669291338584,0.3509561304836895,0.4242125984251969,0.5590551181102362,0.6200787401574803,0.29429133858267714,0.06692913385826772,0.2952755905511811,0.46358267716535434,0.45570866141732286,0.5895669291338582,0.5442913385826772,0.33366141732283466,0.421259842519685,0.4330708661417323,0.7704367301231803,0.40551181102362205,0.6082677165354331,0.31496062992125984,0.32086614173228345,0.26968503937007876,0.558300395256917,0.4654150197628458,3.9571099999999997,"'-0.930679","'-0.0022866805896805897",.223,.365,7.9,8.6,37.528868360277144,86.9,109.2,90.3,104,39.3,26.8,11.4,28.5,50.65420560747665,66.03518267929634,83.60655737704919,14.454828660436135,16.1,.275,.349,.483,.342,4.914004914004914,20,35,19,1,99,18,109,813,232
Ji Hwan Bae,NYM,2B/OF,26,295,254,1174,0.5807086614173228,0.5797244094488189,0.5866141732283464,0.5767716535433072,0.4677165354330709,0.6431383577052868,0.6663385826771654,0.4478346456692913,0.2372047244094488,0.6033464566929134,0.8405511811023622,0.687992125984252,0.37106299212598426,0.6289370078740157,0.4940944881889764,0.594488188976378,0.6535433070866141,0.16043307086614172,0.6210629921259843,0.3807390817469205,0.5984251968503937,0.515748031496063,0.6692913385826772,0.9803149606299213,0.9035433070866141,0.116600790513834,0.11758893280632411,8.968860000000001,2.00779,0.006806067796610169,.242,.348,3.1,11.5,22.69043760129659,89.4,108.5,91.4,103.4,40.3,20.3,7.3,25.3,44.71890971039183,69.12028725314184,82.33766233766234,11.328790459965928,8.8,.280,.373,.417,.359,2.0338983050847457,6,34,18,7,71,1,60,525,133
Nasim Nuñez,WSN,2B/SS,25,218,189,981,0.2608267716535433,0.22736220472440946,0.5846456692913385,0.4185531496062992,0.3498031496062992,0.4288526434195726,0.4242125984251969,0.13681102362204725,0.09547244094488189,0.6033464566929134,0.6338582677165354,0.49311023622047245,0.7598425196850394,0.2608267716535433,0.35039370078740156,0.2637795275590551,0.3799212598425197,0.4124015748031496,0.3612204724409449,0.3863381858902575,0.47244094488188976,0.10433070866141732,0.4468503937007874,0.8484251968503937,0.9901574803149606,0.07509881422924901,0.20454545454545456,6.9870600000000005,3.86153,0.017713440366972474,.223,.282,1.5,11.5,26.443202979515828,88.2,111.5,88.7,102.3,32.6,26.1,11.3,29.5,44.85219164118247,67.11711711711712,75.16778523489933,13.251783893985731,11.6,.243,.335,.307,.333,0.9174311926605504,2,25,6,0,46,2,57,440,130
Euribiel Angeles,ATH,2B/SS,23,162,146,534,0.17519685039370078,0.33366141732283466,0.5826771653543307,0.3943159448818897,0.14409448818897638,0.6154386951631047,0.5748031496062992,0.09055118110236221,0.03346456692913386,0.29429133858267714,0.1437007874015748,0.060039370078740155,0.4183070866141732,0.03937007874015748,0.30708661417322836,0.11811023622047244,0.9704724409448819,0.08169291338582677,0.9340551181102362,0.5296752519596865,0.14566929133858267,0.9183070866141733,0.9015748031496063,0.44881889763779526,0.5334645669291339,0.41106719367588934,0.19861660079051383,4.80161,"'-0.0915648","'-0.0005652148148148149",.235,.273,0,8.6,35.06944444444444,84.1,108.9,84.3,101.9,28.1,10.5,5.2,17.1,47.00374531835206,60.97560975609756,90,8.05243445692884,11.4,.288,.358,.342,.326,0,0,14,8,0,42,0,17,251,43
Malcom Nuñez,FA,1B/3B,25,173,152,653,0.3661417322834646,0.4311023622047244,0.5807086614173228,0.4556471456692913,0.43149606299212595,0.4976096737907761,0.7618110236220472,0.4409448818897638,0.2372047244094488,0.1919291338582677,0.047244094488188976,0.2952755905511811,0.7706692913385826,0.3169291338582677,0.5688976377952756,0.41338582677165353,0.8700787401574803,0.47834645669291337,0.5108267716535433,0.8353863381858903,0.780511811023622,0.75,0.33267716535433073,0.04330708661417323,0.328740157480315,0.8122529644268774,0.5800395256916996,1.1382299999999999,"'-0.338363","'-0.00195585549132948",.250,.347,3.1,7.5,38.501291989664075,86.9,111.6,89.2,103.8,35.9,15,12.3,27.3,52.22052067381318,72.18045112781955,85.9375,14.241960183767226,17.9,.283,.335,.428,.315,2.312138728323699,4,13,16,0,43,2,26,341,93
Leody Taveras,BAL,OF,27,369,323,1484,0.8228346456692913,0.5797244094488189,0.5787401574803149,0.7433562992125984,0.7108267716535434,0.6999437570303711,0.9429133858267716,0.8041338582677166,0.49803149606299213,0.5285433070866141,0.6830708661417323,0.812992125984252,0.7263779527559056,0.6840551181102362,0.812992125984252,0.7125984251968503,0.8562992125984252,0.7450787401574803,0.859251968503937,0.2592385218365061,0.2874015748031496,0.8188976377952756,0.8661417322834646,0.9291338582677166,0.9665354330708661,0.2519762845849802,0.49407114624505927,7.833360000000001,4.11207,0.011143821138211385,.277,.425,6.3,10.8,25.845410628019323,90.5,111,91.9,106,42.6,15.4,16,20.1,42.857142857142854,64.32926829268294,87.20379146919431,8.625336927223719,16.5,.279,.355,.446,.304,4.607046070460704,17,40,15,3,90,11,57,636,128
Kody Huff,CLE,C,25,403,359,1609,0.09940944881889764,0.17618110236220472,0.5767716535433071,0.3762303149606299,0.4578740157480315,0.44375703037120356,0.14271653543307086,0.1062992125984252,0.3454724409448819,0.37401574803149606,0.3464566929133858,0.5807086614173228,0.6348425196850394,0.6446850393700787,0.6200787401574803,0.6220472440944882,0.4035433070866142,0.19291338582677164,0.5885826771653543,0.4882418812989922,0.23031496062992127,0.5748031496062992,0.5885826771653543,0.1889763779527559,0.1437007874015748,0.2519762845849802,0.14031620553359683,2.7919400000000003,"'-1.58524","'-0.003933598014888337",.191,.276,4.3,9.2,30.787589498806682,88.8,110.3,91.5,104.2,41,25.8,7.9,25.7,46.48850217526414,63.55382619974059,83.06122448979592,11.932877563704164,9.6,.217,.298,.326,.287,2.729528535980149,11,37,19,1,78,6,104,748,192
Graham Pauley,MIA,3B,25,155,137,539,0.3937007874015748,0.7155511811023622,0.5748031496062992,0.5425688976377954,0.3521653543307087,0.6822272215973004,0.4242125984251969,0.5206692913385826,0.33661417322834647,0.34744094488188976,0.5118110236220472,0.3375984251968504,0.19389763779527558,0.45570866141732286,0.28346456692913385,0.3720472440944882,0.9576771653543307,0.9114173228346457,0.734251968503937,0.8387458006718925,0.9803149606299213,0.6712598425196851,0.5728346456692913,0.4153543307086614,0.8346456692913385,0.8043478260869565,0.8992094861660079,4.66476,0.703932,0.0045414967741935494,.223,.361,4.2,9,28.125,87.2,106.8,90.3,101.7,35,11.6,19.6,23,52.31910946196661,80.07968127490041,84.57711442786069,12.059369202226346,25,.263,.342,.511,.250,3.2258064516129035,5,14,10,0,36,8,18,282,65
Jack Suwinski,LAD,OF,27,229,191,1011,0.9429133858267716,0.9153543307086615,0.5728346456692913,0.7006643700787402,0.9360236220472441,0.44699100112485946,0.7224409448818898,0.9507874015748031,0.9566929133858267,0.7844488188976378,0.8720472440944882,0.9438976377952756,0.9291338582677166,0.90748031496063,0.9586614173228346,0.8996062992125984,0.17125984251968504,0.952755905511811,0.23818897637795275,0.2396416573348264,0.4704724409448819,0.1968503937007874,0.3956692913385827,0.7834645669291339,0.7539370078740157,0.6630434782608695,0.9130434782608695,6.600339999999999,0.658619,0.0028760655021834057,.247,.511,16.1,13.5,21.428571428571427,92.6,113.6,94.8,108.5,49.2,30.1,20.8,32.2,42.433234421364986,67.0967741935484,77.56410256410257,13.649851632047474,25.4,.283,.389,.565,.360,8.73362445414847,20,31,10,1,54,14,69,429,138
Kenedy Corona,NYY,OF,26,424,374,1696,0.3661417322834646,0.18405511811023623,0.5708661417322834,0.48191437007874016,0.4155511811023622,0.5213723284589425,0.5748031496062992,0.3228346456692913,0.27263779527559057,0.5108267716535433,0.5177165354330708,0.2952755905511811,0.8100393700787402,0.3169291338582677,0.4744094488188976,0.37696850393700787,0.49311023622047245,0.3159448818897638,0.515748031496063,0.5442329227323628,0.5649606299212598,0.5669291338582677,0.48031496062992124,0.7263779527559056,0.6279527559055118,0.5909090909090909,0.3715415019762846,6.33574,0.196658,0.00046381603773584893,.235,.326,3.4,10.6,27.946127946127948,86.9,112,89.2,103.3,35.1,23.8,10,27.2,47.22877358490565,68.57142857142857,82.97101449275362,12.853773584905662,14.5,.217,.304,.324,.276,2.1226415094339623,9,45,13,3,81,7,101,801,218
Yonathan Perlaza,FA,OF,27,617,536,2379,0.7854330708661418,0.8326771653543307,0.5688976377952756,0.618048720472441,0.794488188976378,0.5111079865016873,0.8474409448818898,0.7903543307086615,0.5797244094488189,0.6230314960629921,0.6181102362204725,0.8366141732283464,0.937007874015748,0.7440944881889764,0.7706692913385826,0.8287401574803149,0.6535433070866141,0.21751968503937008,0.328740157480315,0.4098544232922732,0.5334645669291339,0.4330708661417323,0.38779527559055116,0.4881889763779528,0.18700787401574803,0.6630434782608695,0.48221343873517786,4.96445,"'-1.91724","'-0.003107358184764992",.260,.420,7.3,11.7,26.656511805026657,90.7,113.7,92.6,105.6,46.1,20.3,8.4,30.4,45.27112232030265,68.19887429643528,81.292984869326,13.745271122320304,16.4,.302,.386,.507,.360,4.8622366288492715,30,72,49,2,162,19,125,1077,327
Nelson Velázquez,STL,DH/OF,27,210,188,853,0.7007874015748031,0.4311023622047244,0.5669291338582677,0.6608021653543308,0.8446850393700787,0.5195444319460067,0.5177165354330708,0.8956692913385826,0.8257874015748031,0.4478346456692913,0.531496062992126,0.9173228346456693,0.6624015748031497,0.9232283464566929,0.7490157480314961,0.922244094488189,0.5108267716535433,0.9468503937007874,0.45177165354330706,0.6114221724524076,0.7913385826771654,0.5059055118110236,0.39763779527559057,0.547244094488189,0.6200787401574803,0.7312252964426877,0.8745059288537549,5.23832,0.0715865,0.00034088809523809515,.230,.458,11.4,10,27.66884531590414,91.8,110.5,95,105.4,51.4,23.3,20.6,28.2,48.30011723329425,72.33502538071066,82.10526315789474,13.599062133645955,24.3,.234,.310,.447,.256,7.6190476190476195,16,21,5,1,44,11,49,412,116
Nathan Martorella,MIA,1B,25,151,131,548,0.19783464566929135,0.18405511811023623,0.5649606299212598,0.4516486220472441,0.25019685039370076,0.6079865016872891,0.2283464566929134,0.1594488188976378,0.32086614173228345,0.5108267716535433,0.6958661417322834,0.13385826771653545,0.38779527559055116,0.08267716535433071,0.30708661417322836,0.24901574803149606,0.5905511811023622,0.5846456692913385,0.6062992125984252,0.4949608062709966,0.5413385826771654,0.7066929133858267,0.6043307086614174,0.7086614173228346,0.8366141732283464,0.9782608695652174,0.8695652173913043,6.23966,0.687014,0.004549761589403974,.203,.287,4,10.6,25.71428571428571,85.4,108.6,86.1,101.9,32.3,21.9,13.7,25.5,46.53284671532847,68.28358208955224,85.24590163934425,11.861313868613136,24.2,.198,.298,.328,.232,2.6490066225165565,4,16,3,1,26,4,33,255,65
Thomas Gavello,SFG,2B/3B,24,195,167,785,0.17519685039370078,0.6377952755905512,0.562992125984252,0.37887549212598426,0.42736220472440944,0.3668447694038245,0.09744094488188976,0.2125984251968504,0.5118110236220472,0.37401574803149606,0.6958661417322834,0.43799212598425197,0.4301181102362205,0.5049212598425197,0.6456692913385826,0.5442913385826772,0.08759842519685039,0.594488188976378,0.22145669291338582,0.25195968645016803,0.1732283464566929,0.6377952755905512,0.3779527559055118,0.49015748031496065,0.234251968503937,0.46047430830039526,0.27964426877470355,4.99375,"'-0.48408599999999996","'-0.0024824923076923076",.183,.306,6.5,9.2,25.71428571428571,87.8,109,90.6,104.4,39.3,32.8,13.8,32.5,42.6751592356688,62.19178082191781,84.1409691629956,13.885350318471337,12.8,.257,.344,.485,.347,3.589743589743589,7,18,9,1,43,9,64,335,109
Brandon Valenzuela,TOR,C,25,103,92,438,0.13976377952755906,0.19881889763779528,0.5610236220472441,0.38521161417322836,0.6328740157480314,0.2848706411698538,0.11614173228346457,0.29429133858267714,0.6437007874015748,0.41732283464566927,0.3513779527559055,0.8799212598425197,0.5885826771653543,0.8937007874015748,0.28346456692913385,0.7578740157480315,0.12401574803149606,0.7244094488188977,0.22736220472440946,0.6338185890257558,0.5669291338582677,0.11614173228346457,0.19094488188976377,0.024606299212598427,0.38188976377952755,0.8379446640316206,0.8873517786561265,0.857143,"'-0.17764100000000002","'-0.0017246699029126213",.186,.321,8.2,9.7,30.73593073593073,91.2,109.9,94.4,101.7,44.3,31.1,15.6,32.4,48.630136986301366,68.59903381642512,75.35211267605635,15.753424657534245,24.6,.207,.282,.370,.276,4.854368932038835,5,10,6,0,19,3,32,213,69
Kyler Fedko,MIN,OF,26,187,164,675,0.5118110236220472,0.6692913385826772,0.5590551181102362,0.53783218503937,0.5482283464566929,0.48312710911136103,0.43700787401574803,0.6230314960629921,0.5797244094488189,0.5738188976377953,0.2677165354330709,0.3986220472440945,0.6456692913385826,0.359251968503937,0.5334645669291339,0.4940944881889764,0.5905511811023622,0.9251968503937008,0.5748031496062992,0.5251959686450168,0.33661417322834647,0.47736220472440943,0.5610236220472441,0.6082677165354331,0.8700787401574803,0.9031620553359684,0.8992094861660079,5.62364,1.0785200000000001,0.005767486631016042,.224,.377,7.3,11.2,32.075471698113205,87.6,110.4,89.5,103.6,37.9,21.9,20,25.9,46.96296296296296,65.13157894736842,81.81818181818183,12.148148148148149,25,.268,.353,.476,.310,4.81283422459893,9,21,10,0,44,8,41,317,82
Julio Carreras,FA,3B/SS,26,168,148,603,0.41929133858267714,0.37893700787401574,0.5570866141732284,0.4662278543307087,0.39488188976377947,0.46189538807649055,0.7224409448818898,0.33858267716535434,0.1830708661417323,0.4035433070866142,0.2933070866141732,0.23523622047244094,0.6279527559055118,0.17519685039370078,0.3779527559055118,0.5895669291338582,0.5413385826771654,0.16535433070866143,0.672244094488189,0.5240761478163494,0.27165354330708663,0.39173228346456695,0.6594488188976378,0.9448818897637795,0.4389763779527559,0.04841897233201581,0.09782608695652174,7.9824399999999995,"'-0.24447","'-0.0014551785714285715",.247,.329,2.7,9.5,31.66144200626959,86.5,110.2,87.9,102.6,40.2,22.6,7.4,24.4,46.93200663349917,64.08450704225352,80.76923076923076,11.442786069651742,8.5,.277,.351,.372,.360,1.7857142857142856,3,16,7,2,41,1,38,283,69
Nick Loftin,KCR,2B/OF,27,197,152,770,0.9350393700787402,0.9005905511811023,0.5551181102362205,0.7116756889763779,0.5338582677165353,0.827615298087739,0.8375984251968503,0.7440944881889764,0.4074803149606299,0.9822834645669292,0.9783464566929134,0.530511811023622,0.38779527559055116,0.6663385826771654,0.45570866141732286,0.5994094488188977,0.9468503937007874,0.6161417322834646,0.9429133858267716,0.02351623740201568,0.027559055118110236,0.9429133858267716,0.9724409448818898,0.5354330708661418,0.8996062992125984,0.6205533596837944,0.9090909090909091,5.1753,1.33322,0.0067676142131979705,.259,.405,5.3,19.8,17.482517482517483,88.5,108.6,91.7,103.2,40.5,12.2,14.1,16.7,34.15584415584416,55.13196480938416,90.95744680851065,5.7142857142857135,25.2,.303,.447,.461,.331,3.5532994923857872,7,39,12,0,46,4,24,263,44
Chad Stevens,COL,2B/3B,27,526,458,1980,0.8956692913385826,0.7381889763779528,0.5531496062992126,0.6244463582677166,0.6960629921259842,0.48326771653543305,0.9301181102362205,0.8858267716535433,0.7017716535433071,0.5108267716535433,0.26968503937007876,0.5984251968503937,0.5216535433070866,0.7933070866141733,0.6673228346456693,0.7726377952755905,0.562992125984252,0.4911417322834646,0.42322834645669294,0.7715565509518477,0.8149606299212598,0.49015748031496065,0.3110236220472441,0.8110236220472441,0.7381889763779528,0.38735177865612647,0.41205533596837945,6.741569999999999,1.3178299999999998,0.0025053802281368824,.274,.454,9.1,10.6,32.02979515828678,88.9,109.6,93,104.6,44.6,22.2,12.5,28.6,50.65656565656565,72.73730684326709,81.94233687405159,14.494949494949493,15.3,.290,.373,.480,.351,5.893536121673003,31,56,23,5,133,18,117,1003,287
Edouard Julien,COL,2B,26,297,239,1282,0.7785433070866141,0.8326771653543307,0.5511811023622047,0.5669291338582677,0.5627952755905512,0.5714285714285714,0.47539370078740156,0.6082677165354331,0.6003937007874016,0.9488188976377953,0.9753937007874016,0.5984251968503937,0.3061023622047244,0.8011811023622047,0.5511811023622047,0.7007874015748031,0.2844488188976378,0.5757874015748031,0.5433070866141733,0.0683090705487122,0.1062992125984252,0.3661417322834646,0.7755905511811023,0.4271653543307087,0.4921259842519685,0.1541501976284585,0.22332015810276679,4.70447,"'-0.31209000000000003","'-0.0010508080808080806",.227,.375,7.6,17.2,17.777777777777782,88.9,107.9,93.1,103.7,42.4,27.6,13.6,26.6,37.597503900156006,59.63756177924218,80.3867403314917,9.98439937597504,11.9,.276,.411,.464,.372,4.040404040404041,12,51,8,2,66,11,82,482,128
Trei Cruz,DET,SS,27,239,190,969,0.8887795275590551,0.8326771653543307,0.5492125984251969,0.6817790354330708,0.7440944881889765,0.6456692913385826,0.656496062992126,0.656496062992126,0.7362204724409449,0.9714566929133859,0.9389763779527559,0.7627952755905512,0.6948818897637795,0.8208661417322834,0.5895669291338582,0.8700787401574803,0.5216535433070866,0.46948818897637795,0.5059055118110236,0.12989921612541994,0.4547244094488189,0.4242125984251969,0.702755905511811,0.6535433070866141,0.33070866141732286,0.22628458498023715,0.3715415019762846,5.905930000000001,"'-0.466814","'-0.0019531966527196647",.241,.383,9.7,19.2,19.195612431444246,90,110.7,93.4,104,47.8,23,12.2,27.4,39.93808049535604,66.82464454976304,81.20567375886525,10.9391124871001,14.5,.284,.418,.458,.364,5.439330543933054,13,46,11,2,54,6,55,387,106
Miguel Palma,NYY,C,24,55,51,203,0.5118110236220472,0.08169291338582677,0.547244094488189,0.48868110236220474,0.319488188976378,0.6695725534308211,0.7450787401574803,0.6624015748031497,0.37893700787401574,0.03346456692913386,0.6692913385826772,0.15649606299212598,0.07874015748031496,0.11220472440944881,0.125,0.32086614173228345,0.9281496062992126,0.2687007874015748,0.812007874015748,0.4804031354983202,0.6220472440944882,0.8385826771653543,0.7834645669291339,0.008858267716535433,0.5019685039370079,0.7381422924901185,0.43379446640316205,0.14285699999999998,"'-0.05235019999999999","'-0.0009518218181818179",.249,.384,4.9,3.6,25.925925925925927,85.8,104.8,86.9,100.2,34.1,12.7,9.1,21.3,46.305418719211815,69.47368421052633,87.87878787878788,9.852216748768473,15.6,.176,.236,.333,.186,3.6363636363636362,2,2,5,0,9,1,7,94,20
Tanner Murray,CHW,3B/SS/OF,26,569,520,2053,0.406496062992126,0.27263779527559057,0.5452755905511811,0.5064591535433071,0.7476377952755906,0.3889201349831271,0.562992125984252,0.6387795275590551,0.5511811023622047,0.12992125984251968,0.19881889763779528,0.8248031496062992,0.8484251968503937,0.8385826771653543,0.8001968503937008,0.875,0.46653543307086615,0.45866141732283466,0.4448818897637795,0.8309070548712206,0.8484251968503937,0.35039370078740156,0.28346456692913385,0.21456692913385828,0.17716535433070865,0.8656126482213439,0.6116600790513834,2.95211,"'-1.87982","'-0.003303725834797891",.234,.380,7,6.9,33.69663941871026,90.6,112.4,93.6,105.9,47.9,24.3,12.1,28.3,52.07014125669751,73.31932773109243,80.22922636103151,14.710180224062347,18.3,.240,.299,.400,.291,4.745166959578207,27,39,29,0,125,18,138,1069,302
Drew Cavanaugh,SFG,C,24,51,47,219,0.10728346456692914,0.0688976377952756,0.5433070866141733,0.33433809055118113,0.4633858267716535,0.3470191226096738,0.22145669291338582,0.2125984251968504,0.2372047244094488,0.2234251968503937,0.7381889763779528,0.8366141732283464,0.18405511811023623,0.5866141732283464,0.5688976377952756,0.8464566929133859,0.19291338582677164,0.23622047244094488,0.26968503937007876,0.3840985442329227,0.3031496062992126,0.359251968503937,0.3425196850393701,0.038385826771653545,0.4074803149606299,0.9466403162055336,0.5632411067193676,1.08036,"'-0.08226460000000001","'-0.0016130313725490194",.202,.306,3.1,7.8,24.770642201834864,90.7,106.7,91.1,103.8,46.9,29.4,8.7,31.6,44.74885844748857,64.54545454545455,80.28169014084506,14.15525114155251,17.6,.191,.255,.277,.258,1.96078431372549,1,4,1,0,9,1,15,98,31
Caden Connor,CHW,1B/OF,25,45,39,190,0.47834645669291337,0.7726377952755905,0.5413385826771654,0.468873031496063,0.28976377952755905,0.6670416197975254,0.7224409448818898,0.1968503937007874,0.03346456692913386,0.5600393700787402,0.8090551181102362,0.5068897637795275,0.06200787401574803,0.6289370078740157,0.4074803149606299,0.6496062992125984,0.562992125984252,0.00984251968503937,0.9143700787401575,0.0851063829787234,0.023622047244094488,0.8464566929133859,0.952755905511811,0.1732283464566929,0.001968503937007874,0.18675889328063242,0.05039525691699605,2.71354,"'-0.86771","'-0.019282444444444442",.247,.303,0,11.1,23.232323232323232,88.3,104.2,91.4,102.8,41.4,22.2,"'-1.6",17.8,38.42105263157895,54.94505494505495,88,6.842105263157897,6.9,.333,.422,.410,.429,0,0,5,0,0,13,1,10,73,13
Carlos Mendoza,TOR,2B/OF,26,56,51,212,0.28838582677165353,0.84251968503937,0.5393700787401575,0.5041215551181102,0.43149606299212595,0.5975815523059618,0.5334645669291339,0.40846456692913385,0.3838582677165354,0.03346456692913386,0.5964566929133859,0.3700787401574803,0.4183070866141732,0.359251968503937,0.35039370078740156,0.5767716535433071,0.8366141732283464,0.023622047244094488,0.7992125984251969,0.6013437849944009,0.6614173228346457,0.5098425196850394,0.7460629921259843,0.8799212598425197,0.8956692913385826,0.5988142292490118,0.43379446640316205,7.246689999999999,0.37458600000000003,0.006689035714285714,.231,.341,5,3.6,26.85185185185185,87.4,108.9,89.5,102.3,40,16.1,2.5,21.6,48.11320754716981,70.19230769230771,82.1917808219178,10.377358490566039,15.6,.333,.357,.569,.357,3.571428571428571,2,2,4,1,17,2,9,102,22
Joey Loperfido,HOU,OF,26,368,329,1350,0.6850393700787402,0.4311023622047244,0.5374015748031497,0.5951033464566928,0.6257874015748032,0.5189820022497188,0.8110236220472441,0.7312992125984252,0.4074803149606299,0.2017716535433071,0.34448818897637795,0.530511811023622,0.8986220472440944,0.5866141732283464,0.6318897637795275,0.5610236220472441,0.6003937007874016,0.6535433070866141,0.5885826771653543,0.812989921612542,0.9251968503937008,0.5295275590551181,0.44291338582677164,0.610236220472441,0.7421259842519685,0.6245059288537549,0.6837944664031621,5.629169999999999,0.938665,0.002550720108695652,.256,.401,5.3,7.6,30.8641975308642,88.5,113.2,91.1,104.3,39.7,21.7,14.5,25.7,51.555555555555564,75.84541062801931,82.59023354564756,13.25925925925926,19.7,.264,.340,.401,.329,3.532608695652174,13,28,22,1,87,7,80,696,179
José Fermín,STL,2B/3B,27,291,237,1149,0.7667322834645669,0.8946850393700787,0.5354330708661418,0.6264763779527559,0.30236220472440944,0.8243813273340832,0.7618110236220472,0.4015748031496063,0.14173228346456693,0.8612204724409449,0.9232283464566929,0.2588582677165354,0.3061023622047244,0.3316929133858268,0.1830708661417323,0.4035433070866142,0.9940944881889764,0.6456692913385826,0.9921259842519685,0.048152295632698766,0.031496062992125984,0.9724409448818898,0.9960629921259843,0.5669291338582677,0.7677165354330708,0.6877470355731226,0.7213438735177866,5.370769999999999,0.9162309999999999,0.0031485601374570448,.250,.340,2.3,15.1,19.871794871794872,86.7,107.9,89.3,100.8,35.7,8.6,14.4,10.4,36.118363794604,55.42857142857143,93.47079037800688,3.7423846823324625,20.6,.300,.426,.485,.311,1.7182130584192443,5,44,23,0,71,7,25,415,43
Luis Vázquez,BAL,3B/SS,26,168,152,685,0.33562992125984253,0.4153543307086614,0.5334645669291339,0.4642593503937008,0.5893700787401575,0.45092800899887514,0.5177165354330708,0.41437007874015747,0.4891732283464567,0.1486220472440945,0.1220472440944882,0.6545275590551181,0.6811023622047244,0.7362204724409449,0.5334645669291339,0.7076771653543307,0.5797244094488189,0.03641732283464567,0.7293307086614174,0.761478163493841,0.421259842519685,0.5177165354330708,0.6377952755905512,0.43503937007874016,0.1889763779527559,0.003952569169960474,0.043478260869565216,4.72622,"'-0.521482","'-0.0031040595238095237",.230,.342,6.2,7.1,35.51136363636363,89.2,110.6,92.5,103.6,42.5,22,2.9,23.1,50.510948905109494,66.36636636636636,82.35294117647058,11.678832116788321,6.7,.263,.333,.408,.318,4.166666666666666,7,12,5,1,40,5,37,346,80
Dylan Carlson,CHC,OF,27,126,102,532,0.8799212598425197,0.8385826771653543,0.531496062992126,0.6445004921259843,0.5503937007874016,0.701349831271091,0.8553149606299213,0.6919291338582677,0.3887795275590551,0.9625984251968503,0.952755905511811,0.6348425196850394,0.5698818897637795,0.6131889763779528,0.28346456692913385,0.46653543307086615,0.6801181102362205,0.32677165354330706,0.5954724409448819,0.1444568868980963,0.468503937007874,0.49803149606299213,0.7519685039370079,0.5885826771653543,0.7795275590551181,0.9387351778656127,0.8389328063241107,5.47809,0.419342,0.003328111111111111,.261,.392,5.1,18.3,18.493150684931507,89.1,109.8,91.3,101.7,37.2,19.8,10.2,25.6,40.41353383458647,67.08333333333333,81.98757763975155,10.338345864661651,23.1,.294,.421,.451,.351,3.1746031746031744,4,23,4,0,30,4,25,215,55
Trevor Hauver,TEX,OF,27,438,363,1798,0.7440944881889764,0.7224409448818898,0.5295275590551181,0.6221087598425197,0.6523622047244094,0.6422947131608548,0.562992125984252,0.6624015748031497,0.5403543307086615,0.843503937007874,0.9822834645669292,0.812992125984252,0.5452755905511811,0.7716535433070866,0.5334645669291339,0.7007874015748031,0.4734251968503937,0.49901574803149606,0.5826771653543307,0.07166853303471445,0.1279527559055118,0.6968503937007874,0.7893700787401575,0.38976377952755903,0.2933070866141732,0.5237154150197628,0.48221343873517786,4.4402,"'-0.9272450000000001","'-0.0021169977168949768",.234,.384,6.9,14.8,17.363344051446948,90.5,109.7,92.8,103.6,42.4,24.2,12.6,25.8,37.98665183537263,60.23121387283236,85.02879078694818,9.788654060066742,16.4,.275,.388,.446,.352,4.10958904109589,18,65,20,3,100,12,106,683,176
Chandler Simpson,TBR,OF,25,148,138,508,0.5482283464566929,0.4153543307086614,0.5275590551181102,0.5076279527559056,0.15118110236220472,0.6848987626546682,0.9881889763779528,0.41929133858267714,0.03346456692913386,0.09251968503937008,0.6053149606299213,0.0344488188976378,0.2608267716535433,0.05216535433070866,0.013779527559055118,0.007874015748031496,0.9763779527559056,0.051181102362204724,0.984251968503937,0.2978723404255319,0.16535433070866143,0.9862204724409449,0.984251968503937,0.984251968503937,0.9783464566929134,0.05237154150197629,0.03162055335968379,9.00423,1.99542,0.013482567567567568,.299,.343,0,6.1,26.79245283018868,83.6,107.4,85.1,96.9,16.1,10.1,3.7,11.8,43.503937007874015,61.72839506172839,94.66666666666669,5.118110236220472,6.1,.319,.358,.384,.355,0,0,9,3,3,44,0,15,221,26
Tsung-Che Cheng,BOS,2B/SS,24,387,333,1616,0.17519685039370078,0.10039370078740158,0.5255905511811023,0.3397514763779528,0.21082677165354333,0.46611361079865016,0.19980314960629922,0.12303149606299213,0.27263779527559057,0.6742125984251969,0.84251968503937,0.21161417322834647,0.25,0.2608267716535433,0.1830708661417323,0.1968503937007874,0.4124015748031496,0.09448818897637795,0.3375984251968504,0.1914893617021277,0.297244094488189,0.17519685039370078,0.5236220472440944,0.6496062992125984,0.45866141732283466,0.09881422924901186,0.03557312252964427,5.88502,"'-0.49226499999999995","'-0.0012720025839793284",.199,.279,3.4,12.1,22.624434389140273,86.3,107.3,88.7,100.8,31.1,25.6,5.7,30.2,41.58415841584159,64.48087431693989,77.11864406779661,12.561881188118813,6.3,.195,.297,.258,.270,2.0671834625323,8,47,12,3,65,1,99,672,203
Victor Labrada,SEA,OF,26,230,185,911,0.6446850393700787,0.5492125984251969,0.5236220472440944,0.4945250984251969,0.13366141732283465,0.6697131608548931,0.5334645669291339,0.1594488188976378,0.12696850393700787,0.8976377952755905,0.7322834645669292,0.12401574803149606,0.1643700787401575,0.06594488188976377,0.1830708661417323,0.09350393700787402,0.7677165354330708,0.421259842519685,0.6269685039370079,0.22396416573348266,0.3188976377952756,0.6141732283464567,0.7303149606299213,0.9566929133858267,0.8543307086614174,0.6304347826086957,0.5938735177865613,8.201989999999999,1.19636,0.005201565217391305,.231,.287,2.1,15.7,24.854368932038838,85.2,106.4,85.8,100.8,27.1,18.3,11.4,25.2,42.261251372118544,64.8989898989899,83.65758754863812,10.647639956092208,18,.254,.389,.368,.319,1.3043478260869563,3,36,12,3,47,1,42,385,97
Davis Schneider,TOR,2B/OF,27,160,133,700,0.6663385826771654,0.46062992125984253,0.5216535433070866,0.5760334645669292,0.687992125984252,0.47244094488188976,0.16535433070866143,0.7440944881889764,0.9173228346456693,0.8553149606299213,0.8858267716535433,0.672244094488189,0.6624015748031497,0.5531496062992126,0.4744094488188976,0.4438976377952756,0.22736220472440946,0.9980314960629921,0.328740157480315,0.13269876819708848,0.2047244094488189,0.2421259842519685,0.562992125984252,0.639763779527559,0.44291338582677164,0.58399209486166,0.9288537549407114,5.8408,"'-0.229922","'-0.0014370124999999998",.194,.405,13.6,15,20.94240837696335,89.3,110.5,90.9,103.3,36.4,28.7,29,30.4,40,62.893081761006286,78.5,12.142857142857142,26.1,.226,.350,.391,.310,7.5,12,24,6,2,30,4,46,280,85
Silas Ardoin,BAL,C,25,108,93,435,0.5718503937007874,0.5974409448818898,0.5196850393700787,0.42347440944881887,0.43366141732283464,0.41085489313835766,0.43700787401574803,0.5206692913385826,0.7362204724409449,0.8061023622047244,0.8011811023622047,0.2952755905511811,0.3061023622047244,0.20964566929133857,0.2155511811023622,0.31003937007874016,0.22736220472440946,0.6948818897637795,0.30708661417322836,0.15005599104143338,0.06692913385826772,0.13188976377952755,0.5354330708661418,0.027559055118110236,0.24606299212598426,0.1225296442687747,0.3715415019762846,0.9464290000000001,"'-0.262231","'-0.0024280648148148148",.224,.361,9.7,13.9,23.529411764705877,86.9,107.9,88.3,101.1,33.9,28.7,15.2,30.7,40.45977011494253,57.943925233644855,75.80645161290323,12.413793103448276,14.5,.258,.361,.430,.345,5.5555555555555545,6,15,4,0,24,4,31,176,54
Niko Kavadas,LAA,1B/DH,27,519,429,2215,0.7135826771653543,0.6771653543307087,0.5177165354330708,0.5716658464566929,0.8362204724409448,0.4131046119235095,0.2125984251968504,0.7440944881889764,0.9389763779527559,0.8061023622047244,0.9015748031496063,0.8248031496062992,0.8326771653543307,0.8287401574803149,0.6023622047244095,0.8405511811023622,0.12893700787401574,0.8720472440944882,0.2618110236220472,0.06494960806270997,0.04133858267716536,0.1594488188976378,0.59251968503937,0.2755905511811024,0.2106299212598425,0.8231225296442688,0.8824110671936759,3.5619199999999998,"'-1.3796","'-0.002658188824662813",.201,.405,14.8,13.9,20.618556701030926,90.6,112.2,93.5,104.1,46.7,31,18.5,31.8,37.42663656884876,56.041864890580385,76.7402376910017,11.918735891647856,24.5,.231,.356,.471,.294,7.7071290944123305,40,72,16,3,99,27,161,829,264
Jordan Westburg,BAL,2B/3B,27,43,39,159,0.9783464566929134,0.9901574803149606,0.515748031496063,0.6627091535433071,0.8208661417322836,0.5157480314960631,0.8553149606299213,0.9960629921259843,0.9980314960629921,0.1377952755905512,0.33661417322834647,0.9537401574803149,0.1781496062992126,0.984251968503937,0.812992125984252,0.9783464566929134,0.5108267716535433,0.9724409448818898,0.6210629921259843,0.6942889137737962,0.6938976377952756,0.7883858267716536,0.5216535433070866,0.08267716535433071,0.36811023622047245,0.34288537549407117,0.974308300395257,1.60119,"'-0.0761317","'-0.0017705046511627906",.261,.640,24.1,7,30.952380952380953,93.2,106.6,97.7,106,58.6,23.3,21.9,25.3,49.68553459119497,70.66666666666667,86.7924528301887,12.578616352201259,31,.333,.395,.744,.360,16.27906976744186,7,3,4,0,13,4,10,79,20
Tyler Black,MIL,1B/DH,25,268,222,1204,0.1515748031496063,0.46062992125984253,0.5137795275590551,0.40003690944881887,0.23385826771653542,0.5355736782902137,0.058070866141732284,0.04232283464566929,0.26279527559055116,0.9104330708661418,0.8789370078740157,0.3375984251968504,0.32086614173228345,0.45570866141732286,0.328740157480315,0.20570866141732283,0.35334645669291337,0.40255905511811024,0.42322834645669294,0.2306830907054871,0.3720472440944882,0.24606299212598426,0.5649606299212598,0.8700787401574803,0.9330708661417323,0.3290513833992095,0.16996047430830039,7.207139999999999,2.3247299999999997,0.008674365671641792,.171,.236,3.3,16,21.052631578947366,87.2,108,90.3,102.1,31.3,26.5,11.2,28.6,42.35880398671096,65.51126516464471,78.57142857142857,12.12624584717608,10.5,.243,.369,.360,.338,1.8656716417910448,5,43,10,2,54,4,71,510,146
Marcos Castañon,SDP,2B/3B,27,69,60,250,0.7854330708661418,0.8720472440944882,0.5118110236220472,0.6361343503937007,0.6962598425196851,0.5397919010123735,0.9045275590551181,0.7903543307086615,0.7440944881889764,0.3090551181102362,0.3641732283464567,0.8454724409448819,0.5698818897637795,0.6929133858267716,0.8730314960629921,0.531496062992126,0.297244094488189,0.7017716535433071,0.6525590551181102,0.8152295632698768,0.9822834645669292,0.6830708661417323,0.49015748031496065,0.5265748031496063,0.3346456692913386,0.7796442687747036,0.9861660079051383,5.14286,"'-0.134615","'-0.0019509420289855074",.269,.420,9.8,8.7,30.555555555555557,90.8,109.8,92,106.9,39,27.5,15.3,24.8,51.6,80.18867924528303,84.70588235294117,12.8,33.3,.300,.377,.550,.385,5.797101449275362,4,6,4,1,18,3,19,129,32
Ezequiel Duran,TEX,3B,26,59,55,239,0.6909448818897638,0.9753937007874016,0.5098425196850394,0.6042691929133859,0.6448818897637796,0.46962879640045,0.8887795275590551,0.8523622047244095,0.562992125984252,0.12106299212598425,0.05019685039370079,0.7834645669291339,0.3061023622047244,0.7096456692913385,0.6456692913385826,0.719488188976378,0.5797244094488189,0.7165354330708661,0.5954724409448819,0.8936170212765957,0.797244094488189,0.7598425196850394,0.3838582677165354,0.860236220472441,0.984251968503937,0.4160079051383399,0.5069169960474308,7.05043,0.9027780000000001,0.015301322033898303,.265,.441,7.1,6.8,38.46153846153847,90.2,107.9,92.2,104.4,42.9,22,15.5,25.6,53.97489539748954,72.4770642201835,86.0759493670886,13.807531380753135,16.7,.345,.390,.673,.395,5.084745762711865,3,4,6,0,19,4,13,129,33
Caleb Durbin,BOS,3B,26,55,52,190,0.5718503937007874,0.5275590551181102,0.5078740157480315,0.5253444881889764,0.3681102362204724,0.5705849268841394,0.969488188976378,0.6486220472440944,0.12696850393700787,0.07677165354330709,0.1515748031496063,0.5492125984251969,0.08562992125984252,0.2608267716535433,0.16141732283464566,0.4301181102362205,0.9901574803149606,0.3956692913385827,0.8789370078740157,0.5184770436730123,0.11220472440944881,0.9409448818897638,0.843503937007874,0.6338582677165354,0.05708661417322835,0.9664031620553359,0.9802371541501976,5.805680000000001,"'-0.408496","'-0.007427199999999999",.289,.381,2.1,5.5,34.693877551020414,88.6,105,88.7,100.6,36.2,9.1,11.1,19.1,46.842105263157904,59.78260869565217,90.9090909090909,8.947368421052632,32,.269,.309,.481,.267,1.8181818181818181,1,3,5,0,14,2,5,89,17
MJ Melendez,NYM,OF,27,478,431,1834,0.6161417322834646,0.5718503937007874,0.5059055118110236,0.561884842519685,0.8679133858267717,0.2706692913385827,0.5177165354330708,0.8011811023622047,0.8080708661417323,0.2618110236220472,0.2283464566929134,0.9576771653543307,0.8100393700787402,0.9586614173228346,0.8228346456692913,0.9625984251968503,0.2470472440944882,0.860236220472441,0.1673228346456693,0.8365061590145577,0.7874015748031497,0.12007874015748031,0.08267716535433071,0.7618110236220472,0.4940944881889764,0.958498023715415,0.9525691699604744,6.50455,"'-0.499234","'-0.0010444225941422594",.230,.424,11.1,8.2,33.04812834224599,93.3,112,96.2,106.1,55.7,28.2,18.2,33.7,52.290076335877856,72.30255839822023,75.53846153846155,17.611777535441657,28.5,.260,.322,.490,.327,6.903765690376567,33,39,33,3,112,20,135,959,323
Jordan Beck,COL,OF,25,37,35,153,0.07578740157480315,0.03051181102362205,0.5039370078740157,0.38601131889763773,0.3874015748031496,0.3155230596175479,0.14271653543307086,0.2588582677165354,0.6545275590551181,0.07381889763779527,0.30708661417322836,0.43799212598425197,0.2952755905511811,0.7096456692913385,0.054133858267716536,0.2903543307086614,0.46653543307086615,0.8159448818897638,0.18700787401574803,0.6595744680851063,0.7391732283464567,0.281496062992126,0.15354330708661418,0.9960629921259843,0.9468503937007874,0.5316205533596838,0.6630434782608695,9.75157,0.362607,0.009800189189189191,.191,.314,8.3,5.4,31.3953488372093,87.8,107.8,92.2,99,33.3,24.3,17.3,33.3,49.01960784313725,71.6417910447761,79.16666666666666,16.33986928104575,19.2,.143,.189,.286,.160,5.405405405405406,2,2,0,1,5,1,9,75,25
Ryan Ward,LAD,1B,28,648,566,2540,0.8622047244094488,0.8868110236220472,0.5019685039370079,0.7261318897637796,0.8533464566929133,0.6327334083239595,0.8267716535433071,0.8858267716535433,0.8198818897637795,0.6909448818897638,0.6003937007874016,0.9005905511811023,0.75,0.9232283464566929,0.6791338582677166,0.9104330708661418,0.7401574803149606,0.5757874015748031,0.7992125984251969,0.2318029115341545,0.1515748031496063,0.6220472440944882,0.8248031496062992,0.65748031496063,0.35236220472440943,0.4782608695652174,0.6314229249011858,5.928380000000001,"'-1.19213","'-0.0018397067901234567",.258,.454,11.3,12.2,26.815240833932425,91.5,111.4,95,104.7,50.2,18.8,13.6,21.6,42.36220472440945,61.18363794604004,83.92603129445236,9.133858267716537,18.6,.290,.377,.557,.312,7.716049382716049,50,79,31,6,164,36,122,1076,232
Grant Richardson,FA,OF,26,50,43,176,0.16633858267716536,0.7539370078740157,0.5,0.3623892716535433,0.7190944881889764,0.22848706411698538,0.054133858267716536,0.1062992125984252,0.6289370078740157,0.6633858267716536,0.15551181102362205,0.9960629921259843,0.8730314960629921,0.9498031496062992,0.8661417322834646,0.9911417322834646,0.03740157480314961,0.1702755905511811,0.00984251968503937,0.7217245240761478,0.6938976377952756,0.023622047244094488,0.015748031496062992,0.2125984251968504,0.023622047244094488,0.02766798418972332,0.005928853754940711,2.9518299999999997,"'-0.550773","'-0.01101546",.170,.276,8,12,34.653465346534645,96.1,112.8,95.9,106.8,60,38,7.5,44.3,50,70.66666666666667,69.81132075471697,22.15909090909091,3.8,.279,.360,.512,.435,4,2,6,4,0,12,2,19,88,39
Luca Tresh,KCR,C,26,266,241,1014,0.5482283464566929,0.5127952755905512,0.49803149606299213,0.5092273622047243,0.5318897637795275,0.4675196850393701,0.47539370078740156,0.7755905511811023,0.7726377952755905,0.23228346456692914,0.23031496062992127,0.2952755905511811,0.49015748031496065,0.4281496062992126,0.3671259842519685,0.3257874015748031,0.562992125984252,0.7096456692913385,0.5206692913385826,0.8611422172452408,0.9389763779527559,0.46062992125984253,0.32677165354330706,0.4822834645669291,0.6259842519685039,0.6393280632411067,0.7302371541501976,4.92548,0.117833,0.00044298120300751884,.227,.414,10.3,7.9,32.96903460837887,86.9,109.4,90.2,102.5,34.2,22.2,15.4,27.1,52.85996055226825,76.34408602150538,81.69014084507045,14.299802761341224,20.7,.253,.316,.469,.293,7.142857142857142,19,21,16,3,61,10,59,536,145
Payton Eeles,BAL,2B/SS,26,375,306,1469,0.6161417322834646,0.4035433070866142,0.49606299212598426,0.5013533464566929,0.19901574803149608,0.7331271091113611,0.45570866141732286,0.2588582677165354,0.26279527559055116,0.7244094488188977,0.8661417322834646,0.19980314960629922,0.14960629921259844,0.1309055118110236,0.06496062992125984,0.12401574803149606,0.8110236220472441,0.18110236220472442,0.8267716535433071,0.2015677491601344,0.3425196850393701,0.6988188976377953,0.8622047244094488,0.6417322834645669,0.5531496062992126,0.07213438735177866,0.08992094861660078,5.8618,"'-0.112201","'-0.0002992026666666666",.226,.314,3.3,12.5,21.61820480404551,86.2,106.2,87.2,99.4,28.3,17.3,7.7,20.7,41.72906739278421,65.19174041297934,85.06787330316742,8.645336963921038,8.3,.252,.379,.320,.303,2.1333333333333333,8,47,7,1,77,4,65,613,127
Adrian Del Castillo,ARI,C/DH,26,70,59,291,0.7923228346456693,0.9005905511811023,0.4940944881889764,0.5375861220472441,0.5720472440944881,0.5185601799775028,0.5561023622047244,0.8454724409448819,0.937007874015748,0.8238188976377953,0.4409448818897638,0.31299212598425197,0.4438976377952756,0.125,0.31791338582677164,0.32086614173228345,0.31791338582677164,0.6604330708661418,0.40255905511811024,0.6494960806270996,0.780511811023622,0.5137795275590551,0.35039370078740156,0.10236220472440945,0.31496062992125984,0.22134387351778656,0.7924901185770751,1.9635099999999999,"'-0.142093","'-0.0020299",.233,.439,14.6,14.3,29.11392405063291,87,109.1,87.1,102,34.1,27.1,14.6,28.9,48.79725085910653,72.18045112781955,82.29166666666666,14.0893470790378,22,.288,.386,.559,.351,8.571428571428571,6,10,4,0,17,4,19,142,41
Tim Elko,CHW,1B,27,414,373,1667,0.7588582677165354,0.8494094488188977,0.4921259842519685,0.5011072834645669,0.9153543307086615,0.23664229471316084,0.7322834645669292,0.8779527559055118,0.8779527559055118,0.2618110236220472,0.25393700787401574,0.906496062992126,0.9921259842519685,0.9320866141732284,0.9251968503937008,0.922244094488189,0.18011811023622049,0.09055118110236221,0.17519685039370078,0.5027995520716685,0.31299212598425197,0.27165354330708663,0.20078740157480315,0.20275590551181102,0.47834645669291337,0.6630434782608695,0.5069169960474308,2.89462,"'-0.471285","'-0.0011383695652173913",.248,.453,12.7,8.2,32.29613733905579,91.6,116.7,95.2,107.7,51.4,29.7,5.6,33.6,46.61067786442711,64.76190476190476,78.99159663865547,15.656868626274743,16.7,.292,.357,.552,.367,7.729468599033816,32,34,19,0,109,26,123,777,261
Luke Mann,ATH,3B,26,54,45,230,0.15354330708661418,0.5354330708661418,0.49015748031496065,0.4494340551181102,0.4275590551181102,0.4962035995500562,0.03346456692913386,0.18700787401574803,0.5885826771653543,0.843503937007874,0.8169291338582677,0.7007874015748031,0.051181102362204724,0.359251968503937,0.3927165354330709,0.610236220472441,0.047244094488188976,0.687992125984252,0.30118110236220474,0.4053751399776036,0.6358267716535433,0.452755905511811,0.37598425196850394,0.7047244094488189,0.718503937007874,0.9624505928853755,0.924901185770751,6.18682,0.11773499999999999,0.002180277777777778,.162,.298,7.4,14.8,23.140495867768603,89.5,103.8,89.5,102.7,40.7,35.2,15,30.8,45.21739130434783,69.72477064220182,81.57894736842105,13.91304347826087,25.9,.200,.315,.489,.250,3.7037037037037033,2,8,2,1,9,3,19,104,32
Johnny Olmstead,MIA,2B/SS,25,131,111,527,0.28838582677165353,0.13582677165354332,0.4881889763779528,0.3917937992125984,0.29980314960629917,0.39805961754780655,0.2421259842519685,0.2125984251968504,0.46948818897637795,0.6909448818897638,0.22440944881889763,0.23523622047244094,0.32086614173228345,0.05216535433070866,0.35039370078740156,0.2608267716535433,0.5,0.5118110236220472,0.23818897637795275,0.6819708846584547,0.6161417322834646,0.3375984251968504,0.17913385826771652,0.9409448818897638,0.2795275590551181,0.6976284584980237,0.5800395256916996,7.912739999999999,"'-0.293124","'-0.0022375877862595424",.205,.306,6,12.2,33.21799307958477,86.5,108,85.1,102.3,32.5,23.7,12.8,32.2,49.52561669829222,69.32773109243698,80,15.939278937381404,17.9,.198,.298,.306,.256,3.816793893129771,5,16,5,2,22,1,31,261,84
Blake Dunn,CIN,OF,27,413,349,1690,0.6761811023622047,0.6377952755905512,0.4862204724409449,0.6141732283464567,0.6072834645669292,0.6438413948256468,0.6210629921259843,0.48720472440944884,0.5118110236220472,0.7618110236220472,0.9035433070866141,0.687992125984252,0.6811023622047244,0.4124015748031496,0.8297244094488189,0.6683070866141733,0.4448818897637795,0.23622047244094488,0.6801181102362205,0.1881298992161254,0.3110236220472441,0.6338582677165354,0.7716535433070866,0.75,0.8562992125984252,0.09387351778656126,0.06126482213438735,6.4842900000000006,2.21718,0.005368474576271186,.239,.355,6.5,13.1,20.492721164613663,89.4,110.6,90.1,106.2,41.7,24.7,8.7,24.3,41.36094674556213,64.74278544542032,84.10852713178295,10.059171597633137,7.4,.287,.395,.398,.386,3.87409200968523,16,54,14,2,100,7,102,699,170
Raynel Delgado,TBR,2B/3B,26,465,408,1787,0.3218503937007874,0.4311023622047244,0.484251968503937,0.4995693897637795,0.2659448818897638,0.6802587176602924,0.45570866141732286,0.29429133858267714,0.281496062992126,0.46062992125984253,0.4271653543307087,0.07677165354330709,0.49015748031496065,0.125,0.2618110236220472,0.18700787401574803,0.6476377952755905,0.30708661417322836,0.8169291338582677,0.7961926091825308,0.9035433070866141,0.7834645669291339,0.7224409448818898,0.8169291338582677,0.8976377952755905,0.4654150197628458,0.48221343873517786,6.779910000000001,3.12857,0.00672810752688172,.226,.321,3.5,10.1,29.29184549356223,84.3,109.4,87.1,101.5,30.7,20.4,9.9,21,51.20313374370453,75.08771929824562,86.7601246105919,10.744264129826524,16.4,.277,.359,.375,.347,2.3655913978494625,11,47,19,3,113,5,95,915,192
Rodolfo Castro,FA,2B/SS,26,523,454,2041,0.41929133858267714,0.4035433070866142,0.4822834645669291,0.5006151574803149,0.5809055118110236,0.4410854893138358,0.3690944881889764,0.4714566929133858,0.5797244094488189,0.4812992125984252,0.2765748031496063,0.47244094488188976,0.8730314960629921,0.3464566929133858,0.812992125984252,0.5078740157480315,0.530511811023622,0.7096456692913385,0.4330708661417323,0.5464725643896976,0.38976377952755903,0.562992125984252,0.41338582677165353,0.5196850393700787,0.28937007874015747,0.7885375494071146,0.7381422924901185,5.11603,"'-1.11071","'-0.002123728489483748",.219,.352,7.3,10.3,31.89964157706093,88,112.8,89.4,106,38.2,22.8,15.4,28.5,47.28074473297404,65.83783783783784,82.92282430213464,13.473787359137681,21,.233,.323,.421,.270,4.588910133843212,24,54,26,1,106,19,119,965,275
Aaron Zavala,TEX,OF,25,66,56,274,0.2608267716535433,0.28937007874015747,0.48031496062992124,0.4244586614173228,0.3730314960629922,0.5548368953880766,0.22145669291338582,0.23622047244094488,0.4242125984251969,0.7913385826771654,0.6751968503937008,0.3838582677165354,0.08956692913385826,0.5718503937007874,0.1830708661417323,0.7312992125984252,0.22244094488188976,0.2824803149606299,0.5610236220472441,0.5543113101903695,0.7125984251968503,0.3838582677165354,0.5374015748031497,0.27755905511811024,0.021653543307086614,0.27865612648221344,0.011857707509881422,3.5760199999999998,"'-0.7549279999999999","'-0.011438303030303031",.202,.310,5.4,13.6,25.874125874125877,87.5,105.1,91,100.8,43.2,28.8,9.4,26.2,47.445255474452544,70.99236641221374,80.64516129032258,12.408759124087592,5.1,.214,.318,.375,.278,3.0303030303030303,2,9,3,0,12,2,19,130,34
César Prieto,STL,2B/DH,26,498,446,1841,0.4911417322834646,0.5885826771653543,0.47834645669291337,0.5785556102362204,0.5029527559055118,0.6528402699662542,0.7736220472440944,0.5492125984251969,0.32086614173228345,0.2234251968503937,0.04133858267716536,0.6545275590551181,0.49015748031496065,0.6131889763779528,0.24015748031496062,0.5,0.8966535433070866,0.38976377952755903,0.8759842519685039,0.9227323628219484,0.9232283464566929,0.8769685039370079,0.7322834645669292,0.5177165354330708,0.027559055118110236,0.3359683794466403,0.32707509881422925,5.1092900000000006,"'-5.17548","'-0.010392530120481929",.251,.364,4,7.8,38.883447600391776,89.2,109.4,91.3,101.3,38,13.9,11,19.3,55.29603476371538,75.73170731707317,88.8888888888889,10.646387832699617,13.6,.289,.355,.446,.323,3.0120481927710845,15,39,35,4,129,9,69,1018,196
Aaron Sabato,MIN,1B,26,264,245,970,0.562007874015748,0.33366141732283466,0.4763779527559055,0.492556594488189,0.8586614173228346,0.25984251968503935,0.7795275590551181,0.8070866141732284,0.8326771653543307,0.08267716535433071,0.1594488188976378,0.8041338582677166,0.952755905511811,0.8937007874015748,0.8730314960629921,0.8966535433070866,0.11909448818897637,0.32677165354330706,0.1673228346456693,0.8835386338185891,0.9488188976377953,0.2785433070866142,0.06299212598425197,0.10039370078740158,0.37598425196850394,0.516798418972332,0.3132411067193676,1.95228,"'-0.45679","'-0.0017302651515151515",.252,.426,11.5,5.7,34.58646616541353,90.4,114.3,94.4,106.9,49.1,31.4,10.2,33.7,53.50515463917526,76.48401826484019,79.1044776119403,18.041237113402058,13.4,.245,.288,.453,.305,7.196969696969697,19,15,7,1,60,14,83,519,175
Esteury Ruiz,MIA,OF,27,484,404,1968,0.8474409448818898,0.9005905511811023,0.4744094488188976,0.5959030511811024,0.4165354330708661,0.6299212598425196,0.7913385826771654,0.7667322834645669,0.6200787401574803,0.7706692913385826,0.6023622047244095,0.13385826771653545,0.4438976377952756,0.18208661417322836,0.3779527559055118,0.11811023622047244,0.7568897637795275,0.5846456692913385,0.6673228346456693,0.3673012318029115,0.3090551181102362,0.5984251968503937,0.7047244094488189,0.8188976377952756,0.6220472440944882,0.6976284584980237,0.5711462450592886,6.785710000000001,0.170086,0.0003514173553719008,.254,.411,7.9,13.2,26.81297709923664,85.4,109.1,88,102.6,28.1,18.4,13.7,24.5,44.512195121951216,64.67391304347827,83.36134453781513,10.924796747967482,17.8,.302,.412,.512,.353,5.1652892561983474,25,64,25,6,122,16,89,876,215
Tristan Peters,CHW,OF,26,550,478,2121,0.5334645669291339,0.5492125984251969,0.47244094488188976,0.48535925196850394,0.29980314960629917,0.5645388076490439,0.562992125984252,0.530511811023622,0.3838582677165354,0.6122047244094488,0.4625984251968504,0.23523622047244094,0.19389763779527558,0.234251968503937,0.1515748031496063,0.15551181102362205,0.7480314960629921,0.7874015748031497,0.5639763779527559,0.5946248600223965,0.7165354330708661,0.32086614173228345,0.5275590551181102,0.4311023622047244,0.12992125984251968,0.7529644268774703,0.7687747035573123,4.72535,"'-2.27292","'-0.004132581818181818",.234,.362,5,11.6,28.769497400346626,86.5,106.8,88.5,100.5,29.6,18.5,16.9,26.1,48.043375766148046,71.04446742502584,79.76710334788937,12.541254125412538,21.6,.264,.353,.429,.304,3.4545454545454546,19,64,28,3,126,15,102,1019,266
Akil Baddoo,MIL,OF,27,454,383,1766,0.7588582677165354,0.7864173228346457,0.4704724409448819,0.5958415354330708,0.6562992125984252,0.46217660292463447,0.5334645669291339,0.7667322834645669,0.7509842519685039,0.843503937007874,0.49015748031496065,0.4793307086614173,0.7598425196850394,0.5187007874015748,0.6456692913385826,0.5246062992125984,0.4448818897637795,0.8070866141732284,0.3720472440944882,0.4008958566629339,0.36811023622047245,0.2618110236220472,0.4547244094488189,0.9173228346456693,0.8287401574803149,0.8181818181818182,0.8675889328063241,7.6841,2.04405,0.004502312775330396,.231,.411,9.9,14.8,28.453608247422682,88.1,111.5,90.7,104.4,38.8,24.7,17.1,29.2,45.130237825594556,65.45226130653266,78.88675623800384,13.193657984144961,24.1,.279,.383,.483,.354,5.7268722466960345,26,67,21,6,107,15,112,797,233
Jeferson Morales,FA,C/OF,26,269,229,1017,0.5236220472440944,0.4812992125984252,0.468503937007874,0.5134719488188976,0.4090551181102362,0.5808492688413949,0.5019685039370079,0.4409448818897638,0.5216535433070866,0.5285433070866141,0.3543307086614173,0.19094488188976377,0.6456692913385826,0.19881889763779528,0.514763779527559,0.24606299212598426,0.7765748031496063,0.38976377952755903,0.6624015748031497,0.6360582306830908,0.5964566929133859,0.5688976377952756,0.5787401574803149,0.6889763779527559,0.49015748031496065,0.21640316205533597,0.3942687747035573,6.06372,"'-0.283695","'-0.001054628252788104",.229,.347,6.6,10.8,30.683918669131238,86.1,110.4,88.2,103.5,32.2,18.2,11,24.6,48.672566371681405,69.11764705882352,82.97872340425532,11.9960668633235,14.8,.249,.349,.402,.288,4.4609665427509295,12,29,11,3,57,6,49,495,122
Gilberto Celestino,TEX,OF,27,425,372,1683,0.35826771653543305,0.4812992125984252,0.46653543307086615,0.49021899606299213,0.5163385826771653,0.5562429696287964,0.43700787401574803,0.3061023622047244,0.32086614173228345,0.6387795275590551,0.7618110236220472,0.7135826771653543,0.4301181102362205,0.8572834645669292,0.514763779527559,0.8110236220472441,0.5905511811023622,0.007874015748031496,0.48523622047244097,0.3001119820828668,0.43503937007874016,0.41141732283464566,0.5708661417322834,0.5649606299212598,0.6771653543307087,0.09881422924901186,0.023715415019762844,5.3676,0.567956,0.0013363670588235296,.224,.323,4,11.8,24.400871459694986,89.6,109,93.8,103.5,45.5,21.9,"'-1.7",27.7,43.55317884729649,66.53594771241829,80.94302554027504,12.061794414735589,5.7,.272,.361,.382,.341,2.588235294117647,11,50,12,1,101,9,93,733,203
Drake Logan,CHW,OF,25,41,36,171,0.5807086614173228,0.5885826771653543,0.4645669291338583,0.38687253937007876,0.32362204724409455,0.36347019122609675,0.640748031496063,0.5403543307086615,0.3454724409448819,0.6909448818897638,0.42322834645669294,0.060039370078740155,0.49015748031496065,0.05216535433070866,0.4940944881889764,0.18208661417322836,0.11318897637795275,0.13877952755905512,0.14960629921259844,0.696528555431131,0.8562992125984252,0.19881889763779528,0.11220472440944881,0.6673228346456693,0.9114173228346457,0.3606719367588933,0.11264822134387352,5.95876,0.290032,0.007073951219512195,.240,.363,4.3,12.2,29.347826086956523,84.1,109.4,85.1,103.4,30.4,31.7,6.7,34.1,49.70760233918129,73.41772151898734,77.58620689655173,16.95906432748538,8.7,.306,.390,.389,.478,2.4390243902439024,1,5,3,0,11,0,13,85,29
Sammy Siani,SEA,OF,25,103,91,391,0.33562992125984253,0.4311023622047244,0.4625984251968504,0.4184301181102362,0.2631889763779528,0.5590551181102362,0.34744094488188976,0.4596456692913386,0.33661417322834647,0.5187007874015748,0.6505905511811023,0.12401574803149606,0.140748031496063,0.11220472440944881,0.11023622047244094,0.2549212598425197,0.6476377952755905,0.4498031496062992,0.515748031496063,0.5324748040313549,0.7066929133858267,0.38188976377952755,0.4921259842519685,0.33267716535433073,0.03937007874015748,0.43873517786561267,0.5533596837944664,4.08914,"'-1.0100200000000001","'-0.009806019417475728",.217,.350,4.2,10.7,26.315789473684212,85.2,106.1,86.9,100,32.4,20.4,12,27.2,47.058823529411754,70.87912087912088,80.62015503875969,12.78772378516624,17.5,.253,.330,.418,.284,2.9126213592233015,3,11,3,0,23,4,21,184,50
Shay Whitcomb,HOU,2B/3B,27,468,405,1856,0.6761811023622047,0.7726377952755905,0.46062992125984253,0.5796628937007874,0.7464566929133858,0.4559898762654669,0.4094488188976378,0.7726377952755905,0.8257874015748031,0.5393700787401575,0.5492125984251969,0.6348425196850394,0.702755905511811,0.7283464566929134,0.7057086614173228,0.7962598425196851,0.4124015748031496,0.8356299212598425,0.38188976377952755,0.2754759238521837,0.15551181102362205,0.6279527559055118,0.5255905511811023,0.42913385826771655,0.7460629921259843,0.9120553359683794,0.9654150197628458,4.7054,1.2673,0.0027079059829059828,.222,.412,11.4,10.9,27.500000000000004,89.1,110.8,92.4,105,45.1,25.6,17.8,29.1,43.103448275862064,61.33177570093458,84,12.55387931034483,29.5,.267,.359,.509,.316,6.6239316239316235,31,51,23,0,108,25,120,800,233
Justin Foscue,TEX,DH,27,452,399,1770,0.4360236220472441,0.6122047244094488,0.45866141732283466,0.584461122047244,0.48917322834645666,0.6996625421822271,0.4094488188976378,0.5688976377952756,0.6289370078740157,0.4478346456692913,0.43503937007874016,0.49311023622047245,0.33267716535433073,0.4281496062992126,0.4202755905511811,0.422244094488189,0.8966535433070866,0.7962598425196851,0.9232283464566929,0.5162374020156775,0.39763779527559057,0.905511811023622,0.8917322834645669,0.3661417322834646,0.6732283464566929,0.5118577075098815,0.7045454545454546,4.293,0.5997899999999999,0.0013269690265486727,.222,.366,8,10,29.26565874730021,88.2,108.1,90.2,102.9,36.1,13.9,17,17.5,46.779661016949156,65.99526066350711,89.76660682226212,8.192090395480225,20.3,.261,.341,.474,.266,5.9734513274336285,27,45,28,0,104,19,63,828,145
Rhylan Thomas,SEA,OF,26,597,538,1956,0.4360236220472441,0.562007874015748,0.4566929133858268,0.5334645669291338,0.17736220472440944,0.7481721034870643,0.9301181102362205,0.3543307086614173,0.06692913385826772,0.1919291338582677,0.22244094488188976,0.15059055118110237,0.2952755905511811,0.11811023622047244,0.018700787401574805,0.01968503937007874,1,0.3838582677165354,0.9940944881889764,0.8185890257558791,0.8641732283464567,0.9822834645669292,0.9822834645669292,0.6614173228346457,0.7224409448818898,0.0800395256916996,0.19861660079051383,5.9308,1.38564,0.0023210050251256287,.274,.333,0.2,7.5,33.30197554092192,85.7,107.8,87,97.1,19.4,5.4,10.9,10.2,51.68711656441718,73.57222844344905,94.2161339421613,5.265848670756647,11.4,.320,.374,.407,.326,0.1675041876046901,1,45,24,1,172,7,32,1011,103
Dustin Harris,HOU,OF,26,418,368,1647,0.562007874015748,0.6181102362204725,0.4547244094488189,0.5595472440944882,0.30944881889763776,0.6332958380202474,0.702755905511811,0.4970472440944882,0.35334645669291337,0.4812992125984252,0.29133858267716534,0.09055118110236221,0.5452755905511811,0.10433070866141732,0.13877952755905512,0.0610236220472441,0.7883858267716536,0.8356299212598425,0.8051181102362205,0.5520716685330347,0.452755905511811,0.8582677165354331,0.7559055118110236,0.8720472440944882,0.9311023622047244,0.6778656126482213,0.8152173913043478,7.21345,3.6095900000000003,0.008635382775119617,.245,.357,4.4,10.3,31.683168316831683,84.6,109.7,86.5,100.4,24.5,17.7,17.8,21.5,47.41955069823922,66.80216802168022,88.43813387423937,10.200364298724956,22.6,.283,.366,.435,.327,3.1100478468899517,13,43,19,2,104,11,74,781,168
Enrique Bradfield Jr.,BAL,OF,24,59,53,226,0.015748031496062992,0.04133858267716536,0.452755905511811,0.3928395669291338,0.23090551181102362,0.4478346456692913,0.04133858267716536,0.05019685039370079,0.19980314960629922,0.12106299212598425,0.5767716535433071,0.562992125984252,0.051181102362204724,0.20964566929133857,0.2312992125984252,0.2903543307086614,0.10039370078740158,0.9468503937007874,0.6377952755905512,0.5677491601343785,0.4251968503937008,0.687007874015748,0.5866141732283464,0.9921259842519685,0.9645669291338582,0.05731225296442688,0.06521739130434782,9.58502,0.649227,0.01100384745762712,.164,.245,2.8,6.8,27.102803738317753,88.7,103.8,88.3,101.2,33.3,32.2,20.6,25,47.787610619469035,66.38655462184873,84.81012658227847,11.946902654867255,7.7,.170,.220,.283,.229,1.6949152542372878,1,4,1,1,9,1,19,108,27
David Mershon,LAA,2B/SS,22,54,47,219,0.05019685039370079,0.017716535433070866,0.4507874015748031,0.2607037401574803,0.2395669291338583,0.390044994375703,0.04625984251968504,0.031496062992125984,0.03346456692913386,0.7529527559055118,0.6279527559055118,0.46062992125984253,0.022637795275590553,0.78248031496063,0.07381889763779527,0.6496062992125984,0.07677165354330709,0.018700787401574805,0.13484251968503938,0.6539753639417694,0.8090551181102362,0.2106299212598425,0.11811023622047244,0.1279527559055118,0.00984251968503937,0.4041501976284585,0.041501976284584984,2.20166,"'-0.917535","'-0.01699138888888889",.167,.228,0,13,26.548672566371685,87.9,102.6,92.9,99.5,41.4,33.3,0.7,34.6,48.85844748858448,72.64150943396227,77.92207792207795,16.894977168949772,6.5,.128,.241,.170,.207,0,0,7,2,0,6,0,18,107,37
Andrew Vaughn,MIL,1B/OF,28,132,115,489,0.7263779527559056,0.4911417322834646,0.44881889763779526,0.5909817913385826,0.7334645669291339,0.5814116985376828,0.6072834645669292,0.7667322834645669,0.4242125984251969,0.7480314960629921,0.31299212598425197,0.8562992125984252,0.75,0.8769685039370079,0.7224409448818898,0.8700787401574803,0.8061023622047244,0.09940944881889764,0.6446850393700787,0.40425531914893614,0.28937007874015747,0.5954724409448819,0.6732283464566929,0.2854330708661417,0.5,0.7470355731225297,0.34980237154150196,3.6625900000000002,"'-0.126886","'-0.0009612575757575756",.238,.411,5.4,12.9,31.33802816901409,90.9,111.4,94.1,105.2,47.8,17.4,5.8,24.9,45.194274028629856,64.39024390243902,83.33333333333334,11.247443762781186,14.1,.235,.333,.426,.253,3.787878787878788,5,17,5,1,27,5,23,221,55
Shane Sasaki,CIN,OF,25,78,68,285,0.406496062992126,0.10531496062992125,0.4468503937007874,0.40735728346456695,0.1889763779527559,0.46442632170978626,0.702755905511811,0.25196850393700787,0.28838582677165353,0.34744094488188976,0.3021653543307087,0.0265748031496063,0.32086614173228345,0.027559055118110236,0.04330708661417323,0.05708661417322835,0.781496062992126,0.421259842519685,0.6161417322834646,0.4266517357222844,0.19881889763779528,0.35531496062992124,0.6496062992125984,0.7913385826771654,0.9133858267716536,0.4733201581027668,0.4505928853754941,6.6465,0.556177,0.007130474358974359,.245,.313,3.6,9,31.41025641025641,83.2,108,83.4,98.8,23.6,17.9,11.4,25.4,45.614035087719294,62.7906976744186,80.24691358024691,11.578947368421053,15.8,.221,.308,.250,.273,2.564102564102564,2,7,2,0,15,0,14,130,33
Gavin Logan,ARI,C,26,48,41,178,0.7263779527559056,0.9704724409448819,0.4448818897637795,0.4419291338582677,0.6253937007874015,0.19080427446569176,0.8474409448818898,0.8336614173228346,0.5885826771653543,0.09744094488188976,0.05708661417322835,0.8700787401574803,0.07086614173228346,0.8681102362204725,0.13877952755905512,0.7637795275590551,0.07677165354330709,0.8937007874015748,0.45866141732283466,0.7217245240761478,0.21653543307086615,0.07086614173228346,0.35826771653543305,0.140748031496063,0.28346456692913385,0.13636363636363635,0.8053359683794467,2.43452,"'-0.1047","'-0.00218125",.260,.435,7.4,6.3,38.29787234042553,91.1,104.6,94,100.4,44.4,33.3,19.2,28.1,50,63.0952380952381,73.58490566037736,14.044943820224722,22.2,.366,.417,.659,.500,4.166666666666666,2,3,3,0,15,3,16,89,25
Francisco Acuna,SDP,SS,26,42,33,152,0.3218503937007874,0.984251968503937,0.44291338582677164,0.5041830708661417,0.15846456692913385,0.7675759280089988,0.06496062992125984,0.1545275590551181,0.03346456692913386,0.4035433070866142,0.8956692913385826,0.49311023622047245,0.0265748031496063,0.2204724409448819,0.018700787401574805,0.08464566929133858,0.9862204724409449,0.9881889763779528,0.9173228346456693,0.1623740201567749,0.28051181102362205,0.9468503937007874,0.9429133858267716,0.5265748031496063,0.23031496062992127,0.7094861660079052,0.9604743083003953,5.14286,"'-0.1047","'-0.002492857142857143",.174,.286,0,9.5,20.73170731707317,88.2,102.9,88.4,97.1,26.7,9.5,24.6,17.7,40.78947368421053,64.28571428571429,91.11111111111113,7.236842105263157,29,.364,.452,.667,.345,0,0,4,2,1,12,2,4,62,11
Corey Rosier,FA,OF,26,292,246,1139,0.4911417322834646,0.4311023622047244,0.4409448818897638,0.4702878937007874,0.24094488188976376,0.6027840269966254,0.47539370078740156,0.2017716535433071,0.12696850393700787,0.8297244094488189,0.7086614173228346,0.2234251968503937,0.2952755905511811,0.3464566929133858,0.1830708661417323,0.3572834645669291,0.719488188976378,0.7539370078740157,0.530511811023622,0.13773796192609186,0.06299212598425197,0.6496062992125984,0.718503937007874,0.3799212598425197,0.1279527559055118,0.24703557312252963,0.3132411067193676,4.402340000000001,"'-1.2231","'-0.004188698630136986",.227,.304,2.1,14.4,25.48387096774193,86.4,107.8,89.4,100.8,34.8,19.2,16.2,26.9,40.2107111501317,57.80346820809249,84.33333333333334,10.798946444249339,13.4,.244,.363,.358,.297,1.3698630136986298,4,42,13,0,60,5,56,458,123
Collin Price,HOU,C/1B,26,448,392,1798,0.29822834645669294,0.4448818897637795,0.4389763779527559,0.4250738188976378,0.5124015748031496,0.33436445444319457,0.17716535433070865,0.4596456692913386,0.7440944881889764,0.4271653543307087,0.5255905511811023,0.19980314960629922,0.6811023622047244,0.4281496062992126,0.78248031496063,0.47736220472440943,0.15649606299212598,0.968503937007874,0.24507874015748032,0.5106382978723404,0.49606299212598426,0.22244094488188976,0.2677165354330709,0.4547244094488189,0.5275590551181102,0.6304347826086957,0.7618577075098815,4.82028,"'-0.310366","'-0.0006927812499999999",.195,.350,9.8,9.8,27.689030883919067,86.2,110.6,90.2,105.7,37.5,30.4,21.7,32.1,46.66295884315907,67.40395809080326,78.06563039723662,14.96106785317019,21.5,.235,.321,.434,.306,5.580357142857144,25,44,18,3,92,18,136,839,269
Will Benson,CIN,OF,27,177,153,702,0.7440944881889764,0.6692913385826772,0.43700787401574803,0.5849532480314961,0.7246062992125984,0.4489595050618672,0.5974409448818898,0.8110236220472441,0.8198818897637795,0.6535433070866141,0.7755905511811023,0.672244094488189,0.9114173228346457,0.6131889763779528,0.8631889763779528,0.40846456692913385,0.27460629921259844,0.4271653543307087,0.28937007874015747,0.387458006718925,0.5748031496062992,0.2047244094488189,0.3700787401574803,0.8248031496062992,0.8228346456692913,0.5523715415019763,0.10573122529644269,6.85659,0.768587,0.0043422994350282495,.237,.428,11.3,11.9,24.20212765957447,89.3,113.4,91.3,106.6,35.8,27.7,11.5,31.1,44.87179487179488,68.71165644171779,77.67857142857143,13.960113960113961,8.6,.275,.364,.458,.357,6.779661016949151,12,21,5,1,42,7,49,315,98
Connor Norby,MIA,3B,25,40,35,157,0.29822834645669294,0.9576771653543307,0.43503937007874016,0.4565083661417323,0.3454724409448819,0.6016591676040495,0.1328740157480315,0.3297244094488189,0.562992125984252,0.4478346456692913,0.3661417322834646,0.3375984251968504,0.09350393700787402,0.5718503937007874,0.13877952755905512,0.4035433070866142,0.6673228346456693,0.9025590551181102,0.7519685039370079,0.8824188129899216,0.9704724409448819,0.4389763779527559,0.5688976377952756,0.031496062992125984,0.22440944881889763,0.7924901185770751,0.9555335968379447,0.9601649999999999,"'-0.101509","'-0.002537725",.189,.327,7.1,10,30.48780487804878,87.2,105.2,91,100.4,35.7,20,19.4,22.6,53.503184713375795,78.66666666666666,81.35593220338984,12.101910828025478,28.6,.343,.400,.629,.360,5,2,4,1,0,12,3,8,84,19
Karson Simas,CHC,2B/OF,24,68,61,255,0.37598425196850394,0.7076771653543307,0.4330708661417323,0.3791830708661417,0.18996062992125984,0.4856580427446569,0.7795275590551181,0.2755905511811024,0.15059055118110237,0.4812992125984252,0.17125984251968504,0.03937007874015748,0.19389763779527558,0.045275590551181105,0.4202755905511811,0.2903543307086614,0.2637795275590551,0.09940944881889764,0.6624015748031497,0.5744680851063829,0.23228346456692914,0.9625984251968503,0.6259842519685039,0.4625984251968504,0.7125984251968503,0.06225296442687747,0.3577075098814229,4.83092,0.139259,0.0020479264705882357,.252,.317,2.4,10.3,34.306569343065696,83.7,106.8,84.8,102.9,33.3,27.9,5.8,24.6,47.84313725490196,63.5593220338983,92,11.764705882352938,14.3,.328,.397,.426,.463,1.4705882352941175,1,7,3,0,20,1,19,122,30
Austin Martin,MIN,OF,27,137,113,525,0.8720472440944882,0.7726377952755905,0.4311023622047244,0.599963090551181,0.2517716535433071,0.8692350956130482,0.9606299212598425,0.6082677165354331,0.07874015748031496,0.8740157480314961,0.9645669291338582,0.060039370078740155,0.32086614173228345,0.09448818897637795,0.297244094488189,0.19094488188976377,0.9409448818897638,0.30708661417322836,0.9232283464566929,0.1853303471444569,0.4862204724409449,0.9547244094488189,0.9409448818897638,0.11614173228346457,0.06496062992125984,0.4308300395256917,0.1600790513833992,2.12247,"'-0.955318","'-0.0069731240875912405",.284,.375,1,15.3,18.050541516245488,84.1,108,86.3,101.8,30.9,12.4,9.9,17.5,41.333333333333336,67.33870967741935,91.61676646706587,7.238095238095237,10.3,.319,.431,.398,.365,0.7299270072992701,1,21,6,0,36,1,17,217,38
Trey Lipscomb,WSN,3B,25,484,447,1711,0.2047244094488189,0.26476377952755903,0.42913385826771655,0.39197834645669294,0.3616141732283465,0.44235095613048375,0.5019685039370079,0.37303149606299213,0.32086614173228345,0.12106299212598425,0.0688976377952756,0.2588582677165354,0.5452755905511811,0.27263779527559057,0.5334645669291339,0.31003937007874016,0.6919291338582677,0.28838582677165353,0.5354330708661418,0.8779395296752519,0.7440944881889764,0.610236220472441,0.3248031496062992,0.3720472440944882,0.2204724409448819,0.44861660079051385,0.3577075098814229,4.32369,"'-1.2429999999999999","'-0.0025681818181818184",.229,.336,4,6.8,37.32162458836443,86.7,109.7,88.8,103.6,33.9,19.6,9.5,26.8,53.41905318527178,71.75,83.62369337979094,14.319111630625365,14.3,.248,.302,.391,.292,2.8925619834710745,14,33,29,1,111,11,95,914,245
Michael Toglia,CIN,1B,27,176,157,687,0.843503937007874,0.9576771653543307,0.4271653543307087,0.6186638779527559,0.7413385826771653,0.4942350956130484,0.8553149606299213,0.8779527559055118,0.797244094488189,0.4704724409448819,0.59251968503937,0.8700787401574803,0.37106299212598426,0.8385826771653543,0.6909448818897638,0.7903543307086615,0.3799212598425197,0.6456692913385826,0.38188976377952755,0.5604703247480403,0.6486220472440944,0.6043307086614174,0.38188976377952755,0.38779527559055116,0.051181102362204724,0.9466403162055336,0.7104743083003953,4.429869999999999,"'-1.39424","'-0.007921818181818181",.261,.453,10.8,10.2,26.89075630252101,91.1,108.5,93.6,104.8,45,26.1,14.4,29.1,47.59825327510918,70,83.54978354978357,13.828238719068414,20.5,.331,.398,.624,.406,6.8181818181818175,12,18,9,2,52,11,46,327,95
Ivan Johnson,CIN,2B/OF,27,202,172,840,0.6604330708661418,0.37893700787401574,0.4251968503937008,0.4801919291338583,0.5860236220472441,0.39215410573678294,0.5748031496062992,0.5403543307086615,0.562992125984252,0.8494094488188977,0.5295275590551181,0.7421259842519685,0.6811023622047244,0.6289370078740157,0.514763779527559,0.4035433070866142,0.2047244094488189,0.15059055118110237,0.10236220472440945,0.4848824188129899,0.7204724409448819,0.19094488188976377,0.14763779527559054,0.6220472440944882,0.7637795275590551,0.30138339920948615,0.30335968379446643,5.746519999999999,0.619305,0.0030658663366336628,.235,.363,7.1,14.9,27.67295597484277,89.8,110.6,91.4,103.5,35.7,29.2,6.9,35.4,46.42857142857143,71.07438016528927,77.51937984496125,16.428571428571427,13.3,.221,.337,.378,.292,3.96039603960396,8,30,6,0,38,7,59,390,138
Ezequiel Tovar,COL,SS,24,46,43,177,0.08267716535433071,0.00984251968503937,0.42322834645669294,0.33839812992125984,0.37283464566929136,0.32508436445444316,0.3690944881889764,0.2687007874015748,0.2106299212598425,0.04330708661417323,0.027559055118110236,0.530511811023622,0.22145669291338582,0.5344488188976378,0.6200787401574803,0.6328740157480315,0.6003937007874016,0.7401574803149606,0.3720472440944882,0.9708846584546472,0.9980314960629921,0.1437007874015748,0.09055118110236221,0.08267716535433071,0.48031496062992124,0.13142292490118576,0.11758893280632411,1.60119,"'-0.05235019999999999","'-0.0011380478260869565",.219,.316,2.9,4.3,40.625,88.5,107.1,90.8,104.2,41.2,21.7,15.9,29.2,59.88700564971752,82.71604938271605,76.11940298507463,17.51412429378531,8.8,.163,.196,.209,.206,2.1739130434782608,1,2,2,0,7,0,10,106,31
Zach DeLoach,FA,OF,27,180,156,719,0.6446850393700787,0.4035433070866142,0.421259842519685,0.5527805118110236,0.711023622047244,0.4154949381327334,0.5019685039370079,0.7096456692913385,0.7726377952755905,0.6909448818897638,0.515748031496063,0.7696850393700787,0.7135826771653543,0.6289370078740157,0.6988188976377953,0.5895669291338582,0.26968503937007876,0.6771653543307087,0.20669291338582677,0.6382978723404256,0.7470472440944882,0.3051181102362205,0.1732283464566929,0.5570866141732284,0.21653543307086615,0.3191699604743083,0.27964426877470355,5.31311,"'-0.47072700000000006","'-0.00261515",.229,.395,10.3,12.2,27.968337730870708,90.1,110.9,91.4,104.9,40.2,27.8,14.8,32.9,48.67872044506258,71.76470588235293,79.50819672131148,15.994436717663419,12.8,.237,.328,.417,.311,6.111111111111112,11,22,11,1,37,5,50,350,115
Bob Seymour,FA,1B,27,439,403,1588,0.5482283464566929,0.7450787401574803,0.41929133858267714,0.5036909448818897,0.8437007874015748,0.2865579302587177,0.38188976377952755,0.8366141732283464,0.8326771653543307,0.21358267716535434,0.03346456692913386,0.7696850393700787,0.9960629921259843,0.7716535433070866,0.8917322834645669,0.7834645669291339,0.3868110236220472,0.5757874015748031,0.18110236220472442,0.9585666293393056,0.9960629921259843,0.1673228346456693,0.027559055118110236,0.328740157480315,0.4704724409448819,0.7055335968379447,0.6837944664031621,4.0505,"'-0.53594","'-0.0012208200455580864",.220,.437,11.5,7.7,39.801543550165384,90.1,117.9,92.8,107.1,44.9,26,13.6,33.5,57.93450881612091,82.08516886930984,76.92307692307693,19.395465994962212,19.7,.263,.321,.553,.292,7.517084282460137,33,34,21,3,106,30,114,920,308
Mario Camilletti,CHW,2B/3B,27,41,33,162,0.6259842519685039,0.452755905511811,0.41732283464566927,0.5063976377952756,0.17854330708661417,0.8238188976377954,0.47539370078740156,0.19094488188976377,0.296259842519685,0.9753937007874016,0.9350393700787402,0.2234251968503937,0.0265748031496063,0.3169291338582677,0.2312992125984252,0.15551181102362205,0.875,0.08169291338582677,0.9783464566929134,0.044792833146696534,0.011811023622047244,0.9990157480314961,0.9921259842519685,0.25984251968503935,0.6791338582677166,0,0,3.4196800000000005,0.0561957,0.0013706268292682927,.227,.299,3.7,19.5,19.27710843373494,86.4,102.9,89.2,101.2,29.6,14.6,5.2,12.1,35.80246913580247,53.16455696202531,100,4.320987654320987,0,.273,.415,.273,.333,2.4390243902439024,1,8,0,0,9,0,6,58,7
Taylor Trammell,HOU,OF,28,47,36,177,0.9625984251968503,0.8651574803149606,0.4153543307086614,0.7971210629921259,0.9248031496062993,0.7852924634420698,0.6072834645669292,0.9635826771653543,0.9872047244094488,0.8494094488188977,0.9921259842519685,0.906496062992126,0.8622047244094488,0.8681102362204725,0.9872047244094488,0.9045275590551181,0.9232283464566929,0.9960629921259843,0.6909448818897638,0.232922732362822,0.687007874015748,0.5954724409448819,0.7588582677165354,0.06692913385826772,0.41141732283464566,0.15810276679841898,0.7470355731225297,1.4409299999999998,"'-0.074786","'-0.0015911914893617022",.238,.537,21.9,14.9,16.304347826086953,91.6,112.7,94,109.5,50,12.8,28.8,24,42.3728813559322,70.58823529411767,83.33333333333334,10.16949152542373,21.2,.250,.362,.611,.200,14.893617021276595,7,7,4,0,9,3,6,75,18
Patrick Winkel,TOR,C,26,179,165,693,0.26673228346456695,0.2155511811023622,0.41338582677165353,0.36620324803149606,0.6124015748031496,0.23326771653543307,0.359251968503937,0.5403543307086615,0.6624015748031497,0.16830708661417323,0.35826771653543305,0.6151574803149606,0.7598425196850394,0.6289370078740157,0.3671259842519685,0.484251968503937,0.08366141732283465,0.5216535433070866,0.265748031496063,0.41993281075028,0.1919291338582677,0.24803149606299213,0.3169291338582677,0.01673228346456693,0.38976377952755903,0.8764822134387352,0.7213438735177866,0.559524,"'-0.304527","'-0.0017012681564245807",.218,.363,8.5,7.3,30.64516129032258,89,111.5,91.4,102.5,37.7,33,12.9,31.7,45.45454545454545,62.61682242990653,78.60696517412936,14.43001443001443,20.6,.218,.279,.388,.293,5.027932960893856,9,13,7,0,36,7,59,315,100
Damiano Palmegiani,FA,1B/3B,26,167,138,640,0.25098425196850394,0.09350393700787402,0.41141732283464566,0.39413139763779526,0.41515748031496064,0.4112767154105736,0.08267716535433071,0.12303149606299213,0.6003937007874016,0.5285433070866141,0.7952755905511811,0.3257874015748031,0.7263779527559056,0.3169291338582677,0.7332677165354331,0.3001968503937008,0.25393700787401574,0.9665354330708661,0.19783464566929135,0.2922732362821949,0.3858267716535433,0.39665354330708663,0.32086614173228345,0.051181102362204724,0.0984251968503937,0.8379446640316206,0.9387351778656127,1.2884,"'-0.813004","'-0.0048682874251497",.180,.279,7.6,10.8,23.59882005899705,87.1,111,89.2,105.3,33.7,28.1,21.6,33.1,43.4375,65.78073089700996,80.8080808080808,14.374999999999998,26.8,.159,.299,.232,.231,4.1916167664670665,7,18,7,0,22,1,47,278,92
Colin Davis,SEA,OF,27,84,71,324,0.5236220472440944,0.27755905511811024,0.4094488188976378,0.4765009842519685,0.4868110236220473,0.41197975253093366,0.19980314960629922,0.4970472440944882,0.6072834645669292,0.7618110236220472,0.2854330708661417,0.7135826771653543,0.2706692913385827,0.27263779527559057,0.6791338582677166,0.3454724409448819,0.5413385826771654,0.952755905511811,0.2578740157480315,0.7536394176931691,0.7322834645669292,0.13582677165354332,0.16929133858267717,0.6299212598425197,0.9448818897637795,0.08399209486166008,0.24011857707509882,5.79019,0.8130350000000001,0.009678988095238095,.199,.357,7.7,13.1,31.79190751445087,89.6,107.5,88.8,104.7,34.6,22.6,20.8,31.9,50.308641975308646,71.52317880794702,75.92592592592592,16.049382716049386,12.1,.197,.321,.352,.224,4.761904761904762,4,11,2,0,14,3,19,163,52
Blake Hunt,SDP,C,27,280,239,1100,0.6761811023622047,0.6594488188976378,0.4074803149606299,0.5726500984251968,0.5033464566929134,0.6124859392575929,0.6210629921259843,0.5757874015748031,0.4793307086614173,0.7244094488188977,0.44881889763779526,0.35236220472440943,0.5059055118110236,0.6446850393700787,0.6200787401574803,0.6033464566929134,0.5718503937007874,0.781496062992126,0.6525590551181102,0.4960806270996641,0.5846456692913385,0.6535433070866141,0.6515748031496063,0.2795275590551181,0.4507874015748031,0.8992094861660079,0.8586956521739131,3.5944599999999998,"'-0.38333","'-0.0013690357142857146",.239,.367,6.1,12.5,29.058441558441558,87.3,109.5,91.5,104.2,40.6,22.1,16.8,24.8,46.54545454545455,68.80165289256198,84.38438438438438,11.545454545454545,23.9,.272,.368,.452,.331,3.928571428571429,11,35,15,2,65,8,62,512,127
Bryan Lavastida,ATH,C,27,196,167,768,0.4911417322834646,0.7864173228346457,0.40551181102362205,0.5405388779527559,0.3771653543307087,0.6583239595050617,0.5866141732283464,0.41437007874015747,0.36023622047244097,0.6230314960629921,0.6988188976377953,0.3986220472440945,0.46358267716535434,0.4281496062992126,0.297244094488189,0.24901574803149606,0.8110236220472441,0.30708661417322836,0.6446850393700787,0.4568868980963046,0.5826771653543307,0.5905511811023622,0.65748031496063,0.7696850393700787,0.7559055118110236,0.4901185770750988,0.2924901185770751,6.5544,0.568164,0.002898795918367347,.236,.342,4.5,11.7,25.55831265508685,87.6,109.2,90.2,101.8,32.3,17.3,9.9,24.9,46.09375,68.76712328767123,83.26693227091634,11.458333333333332,13.1,.305,.392,.473,.354,3.0612244897959178,6,23,7,3,51,5,34,354,88
Kameron Misner,KCR,OF,28,164,137,697,0.8533464566929134,0.5354330708661418,0.4035433070866142,0.6005167322834646,0.8433070866141733,0.38428008998875146,0.45570866141732286,0.8779527559055118,0.8966535433070866,0.8671259842519685,0.6594488188976378,0.8799212598425197,0.8228346456692913,0.8080708661417323,0.8503937007874016,0.7391732283464567,0.37106299212598426,0.8198818897637795,0.16043307086614172,0.2889137737961926,0.19488188976377951,0.14173228346456693,0.2952755905511811,0.5728346456692913,0.781496062992126,0.7697628458498024,0.5069169960474308,5.4070800000000006,0.55465,0.0033820121951219514,.226,.453,13,15.2,26.21621621621621,91.2,112.1,93.2,106.4,43.5,26.2,17.4,33.8,43.32855093256815,62.69113149847095,76.09756097560975,14.634146341463413,16.7,.212,.335,.445,.241,7.317073170731707,12,25,8,0,29,8,43,302,102
Buddy Kennedy,SFG,2B/3B,27,384,328,1429,0.5905511811023622,0.6053149606299213,0.4015748031496063,0.6137426181102362,0.41082677165354325,0.7634983127109111,0.6781496062992126,0.40846456692913385,0.26279527559055116,0.5738188976377953,0.8759842519685039,0.530511811023622,0.4438976377952756,0.359251968503937,0.4074803149606299,0.40846456692913385,0.8838582677165354,0.8356299212598425,0.8533464566929134,0.25083986562150057,0.42322834645669294,0.8661417322834646,0.8681102362204725,0.3169291338582677,0.4311023622047244,0.9545454545454546,0.8448616600790514,3.93434,"'-0.568285","'-0.0014799088541666667",.243,.341,3.3,11.2,21.352785145888603,88.5,109.1,89.5,102.8,35.8,14.3,17.8,20.2,42.617214835549326,66.37037037037037,88.61607142857143,8.6074177746676,23.6,.280,.378,.412,.313,2.34375,9,43,17,1,92,8,55,609,123
Jair Camargo,ATL,C/DH,26,120,113,463,0.2047244094488189,0.09055118110236221,0.39960629921259844,0.35100885826771655,0.7948818897637795,0.12134420697412822,0.2765748031496063,0.6387795275590551,0.9094488188976378,0.08858267716535433,0.023622047244094488,0.7627952755905512,0.8848425196850394,0.5866141732283464,0.96751968503937,0.7785433070866141,0.03543307086614173,0.05511811023622047,0.04133858267716536,0.8040313549832027,0.328740157480315,0.3080708661417323,0.023622047244094488,0.2559055118110236,0.6003937007874016,0.42391304347826086,0.1225296442687747,3.3926800000000004,0.00544127,0.00004534391666666667,.208,.380,13.4,5.8,40.769230769230774,90,112.9,91.1,108.8,44.8,38.3,4,39.1,51.40388768898488,65.02463054187191,79.54545454545455,20.086393088552914,9,.212,.258,.319,.338,7.5,9,7,6,0,24,2,46,238,93
Will Robertson,BAL,OF,28,352,301,1398,0.8622047244094488,0.9153543307086615,0.39763779527559057,0.6439468503937008,0.89251968503937,0.5011248593925759,0.656496062992126,0.8779527559055118,0.8779527559055118,0.7618110236220472,0.3720472440944882,0.8454724409448819,0.9645669291338582,0.9025590551181102,0.9478346456692913,0.8966535433070866,0.43503937007874016,0.4911417322834646,0.42322834645669294,0.5587905935050392,0.5433070866141733,0.5708661417322834,0.4015748031496063,0.3228346456692913,0.33661417322834647,0.9466403162055336,0.8992094861660079,4.02136,"'-0.677659","'-0.0019251676136363641",.241,.453,12.7,13.1,30.223390275952696,90.8,114.8,94.7,108.2,49.1,25,12.5,28.6,47.567954220314725,68.28885400313972,82.98850574712644,13.590844062947069,25,.289,.384,.571,.342,7.670454545454546,27,46,21,2,87,20,88,665,190
Jarred Kelenic,CHW,OF,26,399,362,1577,0.3454724409448819,0.11909448818897637,0.3956692913385827,0.4297490157480315,0.5419291338582677,0.35123734533183354,0.3690944881889764,0.5403543307086615,0.6781496062992126,0.34744094488188976,0.2559055118110236,0.5984251968503937,0.37106299212598426,0.6131889763779528,0.43996062992125984,0.5216535433070866,0.2844488188976378,0.4340551181102362,0.3188976377952756,0.7368421052631579,0.6791338582677166,0.3346456692913386,0.23818897637795275,0.5590551181102362,0.08661417322834646,0.8843873517786561,0.6561264822134387,5.33615,"'-2.2231","'-0.005571679197994988",.219,.363,8.8,9,32.261904761904766,88.9,108.5,91.3,103.1,38.6,27.6,11.6,30.5,50.09511731135067,70.42062415196744,79.96146435452795,15.282181357006975,19,.213,.286,.309,.294,5.5137844611528815,22,36,17,3,77,4,110,790,241
Frainyer Chavez,TEX,2B/3B,26,43,34,196,0.6003937007874016,0.8946850393700787,0.3937007874015748,0.4892347440944882,0.17795275590551182,0.8142575928008998,0.09251968503937008,0.3061023622047244,0.296259842519685,0.9665354330708661,0.8996062992125984,0.09055118110236221,0.04133858267716536,0.4281496062992126,0.06496062992125984,0.15551181102362205,0.8346456692913385,0.23622047244094488,0.8868110236220472,0.06942889137737962,0.1860236220472441,0.9793307086614174,0.9468503937007874,0.3090551181102362,0.03740157480314961,0.23616600790513834,0.5800395256916996,3.8814599999999997,"'-0.422335","'-0.009821744186046512",.182,.323,3.7,18.6,20.689655172413797,84.6,103.5,90.2,99.4,29.6,16.3,8.7,18.9,37.755102040816325,62.5,94,7.142857142857142,17.9,.235,.395,.529,.208,2.3255813953488373,1,8,1,0,8,3,7,74,14
Steward Berroa,PHI,OF,26,297,246,1245,0.30413385826771655,0.23818897637795275,0.39173228346456695,0.42913385826771655,0.29763779527559053,0.48762654668166483,0.30413385826771655,0.1643700787401575,0.14173228346456693,0.8326771653543307,0.6929133858267716,0.31299212598425197,0.5885826771653543,0.13976377952755906,0.28346456692913385,0.28051181102362205,0.36220472440944884,0.6692913385826772,0.40255905511811024,0.3202687569988802,0.3937007874015748,0.23326771653543307,0.49606299212598426,0.687007874015748,0.6988188976377953,0.3952569169960474,0.7351778656126482,6.06176,0.573058,0.0019294882154882156,.212,.288,2.3,14.5,25.730994152046787,87,109.9,87.4,101.7,33.1,26.3,14.7,28.9,43.855421686746986,65.95365418894829,78.37837837837837,12.690763052208837,20.9,.232,.340,.309,.318,1.3468013468013469,4,43,13,0,57,2,78,546,158
Ethan Murray,MIL,2B/SS,25,114,101,442,0.06988188976377953,0.06594488188976377,0.38976377952755903,0.3251107283464567,0.3683070866141732,0.3662823397075365,0.16535433070866143,0.07086614173228346,0.2106299212598425,0.3248031496062992,0.5098425196850394,0.7263779527559056,0.18405511811023623,0.78248031496063,0.3927165354330709,0.6496062992125984,0.25393700787401574,0.045275590551181105,0.22736220472440946,0.5565509518477044,0.5807086614173228,0.4419291338582677,0.22539370078740156,0.515748031496063,0.6515748031496063,0.0691699604743083,0.05632411067193676,5.1079,0.105423,0.0009247631578947367,.194,.259,2.9,8.8,28.13852813852814,89.7,106.7,92.9,102.7,41.4,28.1,3.4,32.4,47.511312217194565,68.72037914691943,81.3793103448276,15.384615384615385,7,.198,.272,.248,.271,1.7543859649122806,2,10,2,0,20,1,32,210,68
Fernando Peguero,BAL,2B/OF,21,82,73,316,0.0797244094488189,0.05708661417322835,0.38779527559055116,0.22404035433070865,0.06988188976377954,0.3255061867266592,0.19389763779527558,0.03740157480314961,0.03346456692913386,0.547244094488189,0.281496062992126,0.10531496062992125,0.13582677165354332,0.0610236220472441,0.02952755905511811,0.03740157480314961,0.4124015748031496,0.06496062992125984,0.19783464566929135,0.6438969764837627,0.6486220472440944,0.02952755905511811,0.16141732283464566,0.6181102362204725,0.9212598425196851,0.23023715415019763,0.13142292490118576,5.73804,0.656196,0.00800239024390244,.198,.234,0,11,31.818181818181817,84.8,106,85.5,97.6,21.6,25.6,4.4,33.1,48.73417721518987,70,70.40816326530613,16.139240506329113,9.4,.164,.256,.247,.216,0,0,9,3,0,12,1,21,154,51
Cooper Bowman,TBR,2B,26,296,257,1168,0.16043307086614172,0.31496062992125984,0.3858267716535433,0.37327755905511806,0.19035433070866142,0.4723003374578178,0.2421259842519685,0.09055118110236221,0.1830708661417323,0.5285433070866141,0.6377952755905512,0.09055118110236221,0.46358267716535434,0.07381889763779527,0.11811023622047244,0.12401574803149606,0.48326771653543305,0.36515748031496065,0.48523622047244097,0.2877939529675252,0.16929133858267717,0.421259842519685,0.5807086614173228,0.9468503937007874,0.9547244094488189,0.7381422924901185,0.6788537549407114,7.98692,3.1139900000000003,0.010520236486486484,.205,.273,2.7,10.8,26.42740619902121,84.6,109.2,85.9,100.1,28.3,24,10.7,27.7,43.321917808219176,61.981981981981974,81.1046511627907,11.986301369863012,19.6,.237,.328,.377,.301,1.6891891891891893,5,32,12,3,61,6,71,506,140
Trey Faltine,CIN,2B/OF,25,56,53,221,0.005905511811023622,0.08858267716535433,0.3838582677165354,0.27885088582677164,0.44822834645669285,0.09476940382452193,0.012795275590551181,0.045275590551181105,0.8080708661417323,0.03346456692913386,0.08464566929133858,0.2755905511811024,0.3484251968503937,0.08956692913385826,0.4074803149606299,0.7637795275590551,0.007874015748031496,0.7588582677165354,0.005905511811023622,0.77491601343785,0.5059055118110236,0.015748031496062992,0.00984251968503937,0.7795275590551181,0.04330708661417323,0.10573122529644269,0.19861660079051383,6.597189999999999,"'-0.508478","'-0.009079964285714285",.139,.238,11.1,3.6,36.885245901639344,86.8,108.3,86.2,102.8,44.4,46.4,16.3,47.3,50.67873303167421,67.67676767676768,67.16417910447761,23.981900452488688,11.4,.189,.232,.358,.370,5.357142857142857,3,2,5,2,10,0,26,112,53
José Devers,FA,2B/SS,26,110,98,464,0.5118110236220472,0.4153543307086614,0.38188976377952755,0.4493725393700787,0.347244094488189,0.45683352080989875,0.7450787401574803,0.5492125984251969,0.281496062992126,0.2618110236220472,0.3257874015748031,0.3700787401574803,0.2608267716535433,0.4793307086614173,0.26968503937007876,0.27460629921259844,0.9005905511811023,0.8868110236220472,0.4655511811023622,0.8913773796192609,0.9409448818897638,0.051181102362204724,0.25196850393700787,0.11220472440944881,0.10236220472440945,0.13142292490118576,0.5632411067193676,2.08612,"'-0.5199550000000001","'-0.004726863636363636",.249,.364,3.5,8.2,31.168831168831172,87.4,107.4,90.4,101.6,32.9,13.6,19.1,28,53.8793103448276,76.39484978540773,71.91011235955057,15.086206896551724,17.6,.286,.345,.398,.313,2.727272727272727,3,9,5,0,28,2,15,250,70
Brett Harris,ATH,3B,27,250,214,989,0.7372047244094488,0.7627952755905512,0.3799212598425197,0.6517593503937009,0.5031496062992126,0.7868391451068618,0.7913385826771654,0.7401574803149606,0.6131889763779528,0.5738188976377953,0.8464566929133859,0.3375984251968504,0.49015748031496065,0.3316929133858268,0.4940944881889764,0.3346456692913386,0.8622047244094488,0.45866141732283466,0.8946850393700787,0.3997760358342665,0.594488188976378,0.8622047244094488,0.8740157480314961,0.41732283464566927,0.6850393700787402,0.19861660079051383,0.6027667984189723,4.66628,0.358863,0.001435452,.254,.404,7.8,11.2,22.549019607843142,87.2,109.4,89.3,103.4,34.4,15.2,12.1,18.8,45.096056622851364,69.10229645093946,88.51963746223566,8.493427704752277,18.1,.280,.368,.500,.286,5.6000000000000005,14,28,11,0,60,12,38,446,84
Omar De Los Santos,FA,OF,26,33,33,111,0.46161417322834647,0.8759842519685039,0.3779527559055118,0.4387303149606299,0.6958661417322834,0.16001124859392576,0.5974409448818898,0.9143700787401575,0.9547244094488189,0.00984251968503937,0.011811023622047244,0.687992125984252,0.702755905511811,0.09940944881889764,0.6791338582677166,0.21948818897637795,0.015748031496062992,0.5757874015748031,0.04133858267716536,0.9832026875699889,0.9330708661417323,0.10039370078740158,0.007874015748031496,0.7854330708661418,0.007874015748031496,0.4733201581027668,0.4505928853754941,6.62936,"'-0.5662010000000001","'-0.01715760606060606",.237,.475,15.8,0,43.75,89.4,110.8,86.4,104.7,31.6,42.4,13.6,39.1,62.16216216216216,76.19047619047619,75,24.324324324324326,15.8,.303,.303,.636,.438,9.090909090909092,3,0,0,1,10,3,14,69,27
Ben Cowles,CHC,2B/SS,26,522,476,1868,0.18208661417322836,0.22736220472440946,0.37598425196850394,0.4003444881889764,0.4606299212598425,0.2996344206974128,0.2549212598425197,0.390748031496063,0.6072834645669292,0.16830708661417323,0.19586614173228348,0.5807086614173228,0.23622047244094488,0.5718503937007874,0.3779527559055118,0.4881889763779528,0.2106299212598425,0.8553149606299213,0.21751968503937008,0.908174692049272,0.9625984251968503,0.265748031496063,0.07677165354330709,0.7125984251968503,0.468503937007874,0.6304347826086957,0.5069169960474308,6.24569,"'-0.642332","'-0.001230521072796935",.206,.338,7.7,7.3,33.70786516853933,88.8,107.2,91,102.6,37.8,29.1,18.1,32.6,54.443254817987146,77.27784026996626,78.89374090247453,17.77301927194861,16.7,.231,.297,.368,.320,4.789272030651341,25,38,30,4,110,9,152,1017,332
Rodolfo Durán,SDP,C,28,342,312,1280,0.7135826771653543,0.7283464566929134,0.37401574803149606,0.609005905511811,0.7562992125984251,0.4983127109111361,0.875,0.8454724409448819,0.6437007874015748,0.23228346456692914,0.1673228346456693,0.672244094488189,0.8848425196850394,0.45570866141732286,0.5511811023622047,0.735236220472441,0.6919291338582677,0.3464566929133858,0.71751968503937,0.5789473684210527,0.24803149606299213,0.7460629921259843,0.6850393700787402,0.5393700787401575,0.40551181102362205,0.3606719367588933,0.5632411067193676,5.22011,"'-0.553316","'-0.0016178830409356727",.263,.439,8.2,7.9,34.34343434343434,89.3,112.9,90.3,103.7,43.3,19.6,10.5,23.3,47.890625,63.884156729131185,85.86666666666667,11.171875,17.6,.292,.348,.510,.325,5.847953216374267,20,27,16,2,91,16,67,613,143
Cody Morissette,MIA,2B,26,61,55,245,0.04625984251968504,0.3838582677165354,0.3720472440944882,0.3773375984251969,0.36299212598425196,0.33028683914510687,0.021653543307086614,0.18208661417322836,0.8080708661417323,0.4271653543307087,0.21751968503937008,0.13385826771653545,0.4005905511811024,0.45570866141732286,0.30708661417322836,0.2903543307086614,0.12401574803149606,0.8740157480314961,0.5433070866141733,0.3661814109742441,0.07086614173228346,0.3188976377952756,0.610236220472441,0.968503937007874,0.9822834645669292,0.07707509881422925,0.7104743083003953,8.4375,0.915409,0.015006704918032788,.148,.296,11.1,9.8,33.33333333333333,85.4,108.7,90.3,101.9,33.3,31.1,18.6,26.6,44.48979591836735,58.18181818181818,79.6875,11.83673469387755,20.5,.218,.295,.455,.294,6.557377049180328,4,6,5,1,12,2,19,109,29
Matt Mervis,FA,1B/DH,28,267,242,1004,0.7007874015748031,0.7627952755905512,0.3700787401574803,0.5874138779527559,0.816732283464567,0.35925196850393704,0.5019685039370079,0.90748031496063,0.9192913385826772,0.2618110236220472,0.5236220472440944,0.8248031496062992,0.7362204724409449,0.7578740157480315,0.812992125984252,0.6958661417322834,0.4202755905511811,0.9281496062992126,0.1673228346456693,0.6875699888017918,0.8917322834645669,0.1220472440944882,0.1279527559055118,0.6692913385826772,0.6062992125984252,0.9960474308300395,0.9940711462450593,5.9606,0.0354709,0.0001328498127340824,.229,.470,13.7,8.2,27.79850746268657,90.6,111.2,92.7,106,42.3,25.5,20.1,33.7,49.60159362549801,74.57264957264957,75.64469914040114,16.733067729083665,36,.248,.315,.570,.263,8.98876404494382,24,22,15,3,60,19,68,498,168
Tyler McDonough,BOS,2B/OF,27,298,267,1159,0.31003937007874016,0.28937007874015747,0.36811023622047245,0.4733021653543307,0.4421259842519684,0.5184195725534309,0.5492125984251969,0.29429133858267714,0.296259842519685,0.3090551181102362,0.5787401574803149,0.530511811023622,0.5452755905511811,0.6131889763779528,0.4744094488188976,0.5442913385826772,0.4596456692913386,0.4409448818897638,0.6062992125984252,0.3952967525195968,0.35826771653543305,0.6614173228346457,0.655511811023622,0.4330708661417323,0.07677165354330709,0.8675889328063241,0.7845849802371542,4.72538,"'-1.75688","'-0.005895570469798658",.232,.321,3.7,8.7,27.066450567260944,88.5,109.7,91.3,103.3,39.3,24.5,11.7,25.5,44.952545297670405,65.31365313653136,84.4632768361582,11.475409836065571,21.9,.251,.326,.367,.326,2.348993288590604,7,26,12,2,67,5,73,521,133
Joey Wiemer,WSN,OF,27,336,286,1366,0.3838582677165354,0.25688976377952755,0.3661417322834646,0.4356545275590551,0.4793307086614173,0.422103487064117,0.19980314960629922,0.35826771653543305,0.6889763779527559,0.6535433070866141,0.4124015748031496,0.3838582677165354,0.5885826771653543,0.27263779527559057,0.6456692913385826,0.37696850393700787,0.39468503937007876,0.5216535433070866,0.35236220472440943,0.4076147816349384,0.2736220472440945,0.45866141732283466,0.4094488188976378,0.5137795275590551,0.8188976377952756,0.8122529644268774,0.7806324110671937,5.0932699999999995,1.34168,0.003993095238095238,.199,.334,8.9,11.9,29.53020134228188,87.5,109.9,88.8,104.4,35.1,25.9,12.9,29.9,45.24158125915081,64.09017713365539,81.65829145728644,13.543191800878475,21.8,.203,.313,.357,.246,5.357142857142857,18,40,11,0,58,11,87,618,185
Jalen Battles,FA,2B,26,56,48,228,0.07578740157480315,0.11515748031496063,0.3641732283464567,0.29459891732283466,0.30196850393700786,0.3775309336332958,0.07381889763779527,0.01968503937007874,0.03346456692913386,0.7244094488188977,0.5580708661417323,0.5807086614173228,0.3484251968503937,0.28051181102362205,0.6909448818897638,0.5275590551181102,0.514763779527559,0.11220472440944881,0.07381889763779527,0.490481522956327,0.6082677165354331,0.05708661417322835,0.1062992125984252,0.2992125984251969,0.017716535433070866,0.5385375494071146,0.1600790513833992,3.8087800000000005,"'-0.66771","'-0.011923392857142858",.178,.215,0,12.5,27.41935483870968,88.8,108.3,88.9,104.8,38.9,23.2,6,36.8,46.49122807017544,69.23076923076923,72.2222222222222,17.105263157894736,10.3,.229,.321,.250,.306,0,0,7,1,0,11,0,13,106,39
Zach Morgan,SFG,C,26,46,41,160,0.41929133858267714,0.4448818897637795,0.36220472440944884,0.45786171259842523,0.27755905511811024,0.6605736782902137,0.640748031496063,0.3641732283464567,0.4891732283464567,0.3090551181102362,0.7421259842519685,0.3700787401574803,0.04625984251968504,0.14763779527559054,0.16141732283464566,0.11811023622047244,0.6919291338582677,0.20078740157480315,0.7293307086614174,0.6450167973124301,0.9724409448818898,0.5078740157480315,0.6712598425196851,0.0531496062992126,0.2992125984251969,0.01383399209486166,0.0266798418972332,1.3035700000000001,"'-0.0972217","'-0.002113515217391304",.240,.335,6.2,8.7,24.719101123595504,87.4,103.6,87.5,100.6,28.1,19.6,8.1,23.1,48.75,78.8732394366197,82.14285714285714,11.25,5.9,.268,.348,.390,.323,4.3478260869565215,2,4,2,0,11,1,9,78,18
Shawn Ross,PIT,C,26,124,108,525,0.04625984251968504,0.13582677165354332,0.36023622047244097,0.31477608267716534,0.5161417322834645,0.21751968503937008,0.017716535433070866,0.0531496062992126,0.4389763779527559,0.5875984251968503,0.7125984251968503,0.797244094488189,0.6811023622047244,0.5531496062992126,0.8405511811023622,0.610236220472441,0.011811023622047244,0.7588582677165354,0.011811023622047244,0.1422172452407615,0.08858267716535433,0.021653543307086614,0.08858267716535433,0.11023622047244094,0.08267716535433071,0.9940711462450593,0.9624505928853755,2.07845,"'-0.703036","'-0.0056696451612903214",.146,.246,5.6,11.3,25.429553264604806,90.3,110.6,90.9,106.3,40.7,43.5,16.3,43.4,40.38095238095238,58.97435897435898,69.56521739130434,17.523809523809526,29.1,.185,.290,.306,.333,2.419354838709677,3,14,4,0,20,3,54,212,92
Matt Gorski,LAD,1B/OF,28,88,79,318,0.9261811023622047,0.6053149606299213,0.35826771653543305,0.5917199803149606,0.9700787401574804,0.20247469066366702,0.9153543307086615,0.9635826771653543,0.9773622047244095,0.12106299212598425,0.06496062992125984,0.969488188976378,0.985236220472441,0.9645669291338582,0.9744094488188977,0.9547244094488189,0.3799212598425197,0.812992125984252,0.09940944881889764,0.8342665173572228,0.48031496062992124,0.22440944881889763,0.047244094488188976,0.5452755905511811,0.7578740157480315,0.7381422924901185,0.7924901185770751,5.23499,0.256196,0.0029113181818181816,.271,.537,20.3,6.8,37.654320987654316,94,116,96.5,108.9,54.2,26.1,17.2,35.5,52.20125786163522,67.30769230769229,78.09523809523809,18.55345911949685,22,.278,.318,.519,.327,13.636363636363635,12,6,7,0,22,4,23,166,59
Ismael Munguia,TOR,OF,27,305,274,1085,0.562007874015748,0.2155511811023622,0.3562992125984252,0.5866141732283464,0.3490157480314961,0.7089426321709785,0.937992125984252,0.4714566929133858,0.09940944881889764,0.12992125984251968,0.12007874015748031,0.3838582677165354,0.49015748031496065,0.3464566929133858,0.17224409448818898,0.3001968503937008,0.9960629921259843,0.3218503937007874,0.9625984251968503,0.9031354983202688,0.889763779527559,0.9586614173228346,0.905511811023622,0.8562992125984252,0.7263779527559056,0.2519762845849802,0.3132411067193676,7.027710000000001,0.710753,0.002330337704918033,.276,.352,1.6,6.9,35.52397868561279,87.5,109.4,89.4,100.7,33.7,8.2,10.1,14.8,54.28571428571429,74.52107279693486,91.77377892030847,8.018433179723502,13.4,.245,.311,.343,.254,1.3114754098360657,4,21,11,2,67,4,25,589,87
Yordys Valdes,FA,2B/SS,24,325,306,1284,0.00984251968503937,0.047244094488188976,0.3543307086614173,0.25762795275590555,0.27795275590551183,0.16605736782902136,0.04625984251968504,0.05511811023622047,0.2204724409448819,0.03937007874015748,0.07677165354330709,0.41633858267716534,0.35826771653543305,0.4005905511811024,0.25098425196850394,0.3395669291338583,0.08070866141732283,0.7539370078740157,0.21161417322834647,0.7357222844344905,0.27755905511811024,0.33070866141732286,0.14566929133858267,0.7598425196850394,0.7086614173228346,0.5731225296442688,0.5217391304347826,6.50331,0.653141,0.0020096646153846148,.167,.247,3,4,37.10879284649776,87.7,108.4,90,101.4,34.5,33.2,16.2,32.8,50.077881619937685,64.27406199021208,79.9492385786802,16.43302180685358,16.9,.176,.215,.294,.250,1.8461538461538465,6,13,17,2,54,5,108,643,211
Oscar Gonzalez,FA,OF,28,57,54,237,0.906496062992126,0.9783464566929134,0.35236220472440943,0.6206938976377953,0.8311023622047244,0.43602362204724404,0.9094488188976378,0.9665354330708661,0.9704724409448819,0.0688976377952756,0.007874015748031496,0.5492125984251969,0.7362204724409449,0.9232283464566929,0.9320866141732284,0.9330708661417323,0.452755905511811,0.07480314960629922,0.5561023622047244,0.9070548712206048,0.8326771653543307,0.8110236220472441,0.3228346456692913,0.8326771653543307,0.06299212598425197,0.37549407114624506,0.691699604743083,6.8689100000000005,"'-0.407378","'-0.007146982456140352",.270,.540,17.5,5.3,44.07894736842105,88.6,111.2,95,107.8,52.5,24.6,4.7,26.4,54.43037974683544,72.94117647058823,87.09677419354837,14.34599156118143,20,.333,.368,.704,.371,12.280701754385964,7,3,3,1,18,5,14,129,34
Omar Martinez,LAA,C,24,88,75,395,0.0610236220472441,0.12598425196850394,0.35039370078740156,0.2593503937007874,0.23326771653543305,0.328599550056243,0.02952755905511811,0.04232283464566929,0.3887795275590551,0.7244094488188977,0.6653543307086615,0.06988188976377953,0.14960629921259844,0.06594488188976377,0.26968503937007876,0.515748031496063,0.018700787401574805,0.23622047244094488,0.04133858267716536,0.6298992161254199,0.7933070866141733,0.01968503937007874,0.03740157480314961,0.3562992125984252,0.2677165354330709,0.27865612648221344,0.41798418972332013,4.26786,"'-0.203018","'-0.0023070227272727274",.159,.236,5.1,12.5,26.108374384236456,84.2,106.2,85.8,101.6,38.5,42,8.7,39.1,48.60759493670886,72.39583333333334,69.06474820143886,18.9873417721519,15.4,.200,.307,.280,.368,2.272727272727273,2,11,1,1,15,1,37,192,75
Carson McCusker,FA,OF,27,438,390,1810,0.6545275590551181,0.5413385826771654,0.3484251968503937,0.4843134842519685,0.9364173228346457,0.22258155230596174,0.38188976377952755,0.8622047244094488,0.9606299212598425,0.2618110236220472,0.49606299212598426,0.9409448818897638,0.96751968503937,0.96751968503937,0.9744094488188977,0.9507874015748031,0.07283464566929133,0.46948818897637795,0.140748031496063,0.3292273236282195,0.1830708661417323,0.14960629921259844,0.25393700787401574,0.002952755905511811,0.5954724409448819,0.5780632411067194,0.45553359683794464,0,0,0,.220,.448,16.5,8.2,28.338430173292554,92.4,115.2,96.6,108.9,54,33.8,12.2,34.3,43.97790055248619,62.48492159227985,76.25482625482627,15.082872928176794,15.9,.246,.316,.479,.332,9.360730593607306,41,36,25,0,96,22,148,796,273
Jahmai Jones,DET,DH/OF,28,203,169,802,0.8533464566929134,0.8179133858267716,0.3464566929133858,0.6967888779527558,0.857283464566929,0.5285433070866142,0.5974409448818898,0.8198818897637795,0.8415354330708661,0.6387795275590551,0.7480314960629921,0.8700787401574803,0.937007874015748,0.8080708661417323,0.7332677165354331,0.8179133858267716,0.5354330708661418,0.7962598425196851,0.38188976377952755,0.3964165733482643,0.5610236220472441,0.36811023622047245,0.46653543307086615,0.9153543307086615,0.6456692913385826,0.7223320158102767,0.5533596837944664,7.678889999999999,0.16855,0.0008302955665024631,.237,.430,11.7,11.8,24.65116279069768,91.1,113.7,93.2,105.3,45.8,22.7,17,29.1,45.012468827930185,68.54838709677419,80.3921568627451,13.092269326683292,17.5,.278,.394,.485,.347,6.896551724137932,14,24,9,4,47,6,46,361,105
Anthony Prato,FA,2B/OF,27,325,260,1245,0.7952755905511811,0.5127952755905512,0.34448818897637795,0.5731422244094488,0.32893700787401575,0.7283464566929133,0.6781496062992126,0.4301181102362205,0.27263779527559057,0.7706692913385826,0.7854330708661418,0.16929133858267717,0.5452755905511811,0.2608267716535433,0.1830708661417323,0.22736220472440946,0.7992125984251969,0.2687007874015748,0.8198818897637795,0.2049272116461366,0.2755905511811024,0.7913385826771654,0.8562992125984252,0.6850393700787402,0.765748031496063,0.37549407114624506,0.17687747035573123,6.05742,0.997841,0.00307028,.243,.345,3.4,13.2,23.878437047756872,85.9,109.7,88.7,100.8,31.7,17.5,9.1,20.9,41.847389558232926,64.25992779783394,86.79775280898876,8.755020080321286,10.7,.246,.391,.335,.299,2.1538461538461537,7,43,9,1,64,4,57,521,109
Darren Baker,CHW,2B/DH,27,383,336,1534,0.25098425196850394,0.2440944881889764,0.3425196850393701,0.46124507874015747,0.22598425196850394,0.6688695163104612,0.562992125984252,0.13188976377952755,0.03346456692913386,0.5738188976377953,0.42913385826771655,0.24606299212598426,0.5452755905511811,0.234251968503937,0.11023622047244094,0.1732283464566929,0.7677165354330708,0.013779527559055118,0.9271653543307087,0.4188129899216125,0.3169291338582677,0.7578740157480315,0.9094488188976378,0.7401574803149606,0.8051181102362205,0.008893280632411068,0.001976284584980237,6.44488,1.4808700000000001,0.003866501305483029,.234,.281,0,11.2,29.271206690561534,86.6,109.7,88.5,100,30.1,18.3,0.3,17.4,45.43676662320729,64.8493543758967,86.06194690265488,7.887874837027381,2.5,.253,.339,.315,.315,0,0,43,14,2,85,1,70,697,121
Jack Rogers,WSN,1B/OF,27,185,168,693,0.16633858267716536,0.22736220472440946,0.3405511811023622,0.3615280511811024,0.631496062992126,0.2618110236220472,0.3169291338582677,0.3061023622047244,0.4468503937007874,0.2017716535433071,0.4389763779527559,0.8248031496062992,0.9212598425196851,0.6131889763779528,0.8297244094488189,0.6584645669291339,0.09645669291338582,0.2421259842519685,0.1673228346456693,0.555431131019037,0.5236220472440944,0.23326771653543307,0.17125984251968504,0.0688976377952756,0.10826771653543307,0.7134387351778656,0.2618577075098814,1.4464299999999999,"'-0.838382","'-0.004531794594594594",.214,.323,5.7,7.6,29.155313351498638,90.6,113.5,91.3,106.2,41.5,32.4,8.8,33.7,47.47474747474747,68.09815950920245,78.37837837837837,16.017316017316016,12.5,.250,.308,.357,.364,3.2432432432432434,6,14,9,0,42,3,60,329,111
Shane McGuire,ATH,C/1B,27,119,102,462,0.3218503937007874,0.5127952755905512,0.33858267716535434,0.41393946850393704,0.3084645669291338,0.5275590551181103,0.4438976377952756,0.24311023622047245,0.1830708661417323,0.6387795275590551,0.9429133858267716,0.49311023622047245,0.17224409448818898,0.5866141732283464,0.28346456692913385,0.4507874015748031,0.4301181102362205,0.11220472440944881,0.45866141732283466,0.0940649496080627,0.0688976377952756,0.43700787401574803,0.7165354330708661,0.5098425196850394,0.6968503937007874,0.20454545454545456,0.18972332015810275,5.0765199999999995,0.22061399999999998,0.0018538991596638657,.225,.312,2.7,11.8,19.047619047619047,88.2,106.5,91.1,101.7,36.5,25.2,6,28.1,38.528138528138534,58.00865800865801,81.34328358208955,10.822510822510822,11,.275,.364,.392,.366,1.680672268907563,2,14,6,0,28,2,30,178,50
Colby Halter,ATH,2B,24,132,117,526,0.0531496062992126,0.15748031496062992,0.33661417322834647,0.2864788385826772,0.20196850393700788,0.22187851518560178,0.03740157480314961,0.09744094488188976,0.1830708661417323,0.12106299212598425,0.3700787401574803,0.19094488188976377,0.40846456692913385,0.2204724409448819,0.2618110236220472,0.12992125984251968,0.05511811023622047,0.9596456692913385,0.09940944881889764,0.7592385218365062,0.6889763779527559,0.14763779527559054,0.07086614173228346,0.9704724409448819,0.7992125984251969,0.5988142292490118,0.7549407114624506,8.49479,0.4954,0.003753030303030303,.163,.274,2.7,6.8,30.303030303030305,86.1,108.8,88.4,101.5,28.4,34.8,21,35.5,50.38022813688213,70.61068702290076,76.2162162162162,17.870722433460074,21.3,.205,.273,.368,.296,1.5151515151515151,2,9,6,2,24,3,46,265,94
John Rave,KCR,OF,28,266,231,1090,0.6003937007874016,0.7864173228346457,0.3346456692913386,0.577263779527559,0.6303149606299213,0.5120922384701913,0.39763779527559057,0.6840551181102362,0.5511811023622047,0.6230314960629921,0.8188976377952756,0.43799212598425197,0.7933070866141733,0.6988188976377953,0.8297244094488189,0.6850393700787402,0.5255905511811023,0.5118110236220472,0.4734251968503937,0.12430011198208285,0.0610236220472441,0.3937007874015748,0.6889763779527559,0.9901574803149606,0.9507874015748031,0.516798418972332,0.6561264822134387,9.28623,2.72476,0.01024345864661654,.221,.390,7,11.7,23.10405643738977,87.8,111.8,92.1,106.2,42.1,22.9,12.8,27.9,39.724770642201825,57.74378585086043,80.79470198675497,11.100917431192661,19,.277,.365,.511,.329,4.511278195488722,12,31,13,4,64,11,61,433,121
Alika Williams,PIT,SS,27,386,348,1300,0.37598425196850394,0.3484251968503937,0.33267716535433073,0.5054133858267716,0.37775590551181104,0.6003937007874016,0.656496062992126,0.4596456692913386,0.3454724409448819,0.1377952755905512,0.13976377952755906,0.23523622047244094,0.6348425196850394,0.3799212598425197,0.2312992125984252,0.21358267716535434,0.7795275590551181,0.5118110236220472,0.7795275590551181,0.8600223964165733,0.860236220472441,0.8700787401574803,0.6358267716535433,0.4507874015748031,0.11220472440944881,0.40810276679841895,0.4426877470355731,4.80947,"'-1.7191","'-0.004453626943005181",.241,.350,4.3,7,35.14285714285714,86.5,110.3,89.8,101.2,31.4,18.1,12.8,22.1,52.84615384615384,73.5,88.66213151927437,11.692307692307693,15.7,.267,.329,.394,.308,3.1088082901554404,12,27,11,3,93,9,70,687,152
Brett Auerbach,FA,2B,27,145,119,588,0.6072834645669292,0.33366141732283466,0.33070866141732286,0.4330093503937008,0.452755905511811,0.46569178852643417,0.30413385826771655,0.4242125984251969,0.4793307086614173,0.9330708661417323,0.8208661417322834,0.35236220472440943,0.4183070866141732,0.656496062992126,0.5688976377952756,0.5895669291338582,0.37106299212598426,0.22736220472440946,0.2824803149606299,0.1187010078387458,0.10433070866141732,0.21456692913385828,0.5334645669291339,0.265748031496063,0.19291338582677164,0.18675889328063242,0.4258893280632411,3.43033,"'-0.43921499999999997","'-0.003029068965517241",.212,.344,6.1,16.6,23.052959501557627,87.3,108.9,91.6,103.8,40.2,26.2,8.5,31.3,39.62585034013605,59.550561797752806,77.9874213836478,12.414965986394556,15.5,.210,.345,.353,.269,3.4482758620689653,5,24,5,0,25,4,38,233,73
Michael Siani,LAD,OF,26,424,365,1725,0.21358267716535434,0.18996062992125984,0.328740157480315,0.38502706692913385,0.20866141732283464,0.45233408323959506,0.2421259842519685,0.16830708661417323,0.1830708661417323,0.6387795275590551,0.5866141732283464,0.07677165354330709,0.5452755905511811,0.05905511811023622,0.19586614173228348,0.06988188976377953,0.43503937007874016,0.5462598425196851,0.45866141732283466,0.3281075027995521,0.18110236220472442,0.31496062992125984,0.5511811023622047,0.9488188976377953,0.8661417322834646,0.48320158102766797,0.34980237154150196,8.05307,2.40626,0.005675141509433964,.205,.289,2.7,11.8,26.948775055679285,84.3,109.7,85.3,100.9,25.2,25,13.2,28.1,43.94202898550725,62.39419588875453,79.65116279069767,12.347826086956523,14.1,.205,.304,.326,.262,1.650943396226415,7,50,12,4,75,8,106,758,213
Brett Wisely,ATL,2B,26,343,304,1425,0.406496062992126,0.33366141732283466,0.32677165354330706,0.5107037401574803,0.3706692913385827,0.65677727784027,0.5177165354330708,0.4921259842519685,0.36811023622047245,0.3887795275590551,0.655511811023622,0.2952755905511811,0.33267716535433073,0.16043307086614172,0.28346456692913385,0.36515748031496065,0.6998031496062992,0.7874015748031497,0.8946850393700787,0.393057110862262,0.3405511811023622,0.7421259842519685,0.8759842519685039,0.008858267716535433,0.5826771653543307,0.37549407114624506,0.6383399209486166,0.14285699999999998,"'-0.025377200000000003","'-0.00007398600583090379",.230,.356,4.6,9.3,26.28032345013477,86.9,108.1,87.7,101.7,34.9,19.5,16.9,18.8,44.912280701754376,65.15373352855052,85.84269662921349,8.421052631578947,18.7,.253,.329,.388,.300,3.206997084548105,11,32,18,1,77,7,67,640,120
Ivan Melendez,FA,1B/3B,26,98,89,359,0.1889763779527559,0.6476377952755905,0.3248031496062992,0.4085875984251969,0.3350393700787402,0.47511248593925753,0.39763779527559057,0.3297244094488189,0.2204724409448819,0.1486220472440945,0.015748031496062992,0.24606299212598426,0.5216535433070866,0.3021653543307087,0.5511811023622047,0.3572834645669291,0.4596456692913386,0.7312992125984252,0.7017716535433071,0.9686450167973124,0.984251968503937,0.6437007874015748,0.3720472440944882,0.21850393700787402,0.3562992125984252,0.508893280632411,0.9209486166007905,2.9761900000000003,"'-0.17948599999999998","'-0.0018314897959183676",.221,.327,3,7.1,42.288557213930346,86.6,109.6,89.1,103.7,34.8,24.5,15.7,23.6,59.05292479108635,80.37974683544303,84.25196850393702,13.92757660167131,25.8,.292,.347,.483,.365,2.0408163265306123,2,7,6,1,26,3,24,212,50
TT Bowens,FA,1B,27,296,268,1136,0.6446850393700787,0.562007874015748,0.3228346456692913,0.46296751968503935,0.8570866141732283,0.20458380202474694,0.4242125984251969,0.8562992125984252,0.9015748031496063,0.2234251968503937,0.31496062992125984,0.8927165354330708,0.8100393700787402,0.8494094488188977,0.8986220472440944,0.8248031496062992,0.14763779527559054,0.46948818897637795,0.07677165354330709,0.6618141097424413,0.5098425196850394,0.09055118110236221,0.0688976377952756,0.1515748031496063,0.35826771653543305,0.567193675889328,0.6225296442687747,2.62934,"'-0.541381","'-0.0018289898648648649",.223,.446,13.1,7.8,31.335616438356162,91.4,112,93.7,107.2,46,30.7,12.2,36.6,49.03169014084507,67.7536231884058,74.59893048128343,17.95774647887324,18.5,.250,.318,.485,.315,7.77027027027027,23,23,13,1,67,16,91,557,204
Sam Huff,BAL,C,28,103,90,409,0.4507874015748031,0.140748031496063,0.32086614173228345,0.5236220472440944,0.8781496062992126,0.32410011248593923,0.17716535433070865,0.6712598425196851,0.8779527559055118,0.6230314960629921,0.639763779527559,0.985236220472441,0.9212598425196851,0.9232283464566929,0.8917322834645669,0.9350393700787402,0.05019685039370079,0.8070866141732284,0.08169291338582677,0.5643896976483762,0.6850393700787402,0.09448818897637795,0.09448818897637795,0.28346456692913385,0.4251968503937008,0.18379446640316205,0.12648221343873517,3.61971,"'-0.157051","'-0.0015247669902912619",.195,.386,12.7,11.7,26.41509433962264,94.8,113.5,95,107.1,52.7,35,17.1,36.4,47.67726161369193,70.55837563451776,74.82014388489209,17.359413202933982,9.1,.189,.282,.333,.283,6.7961165048543695,7,12,5,1,17,2,36,195,71
Chase Strumpf,FA,2B/3B,28,390,320,1693,0.47834645669291337,0.5216535433070866,0.3188976377952756,0.5007997047244095,0.5919291338582677,0.43714848143982,0.11614173228346457,0.39763779527559057,0.71751968503937,0.906496062992126,0.9330708661417323,0.6348425196850394,0.5452755905511811,0.6663385826771654,0.3779527559055118,0.6643700787401575,0.140748031496063,0.7017716535433071,0.13484251968503938,0.1959686450167973,0.5177165354330708,0.10826771653543307,0.3188976377952756,0.6968503937007874,0.75,0.8330039525691699,0.532608695652174,6.105659999999999,1.0864200000000002,0.0027856923076923076,.186,.339,9.4,15.9,19.323144104803493,89.1,109.7,91.7,102.6,41.6,30.8,15.3,34.6,41.642055522740705,67.95366795366796,75.18939393939394,14.412285883047845,17.2,.222,.354,.406,.305,4.871794871794872,19,62,16,2,71,13,120,705,244
Korey Holland,FA,OF,26,155,146,583,0.06988188976377953,0.07283464566929133,0.3169291338582677,0.3171136811023622,0.5165354330708661,0.1735095613048369,0.23326771653543307,0.2824803149606299,0.36023622047244097,0.045275590551181105,0.20669291338582677,0.8799212598425197,0.22145669291338582,0.8385826771653543,0.6318897637795275,0.8385826771653543,0.03051181102362205,0.4124015748031496,0.06988188976377953,0.8488241881298992,0.6122047244094488,0.2204724409448819,0.02952755905511811,0.5610236220472441,0.9153543307086615,0.26778656126482214,0.14031620553359683,5.33849,1.15321,0.007440064516129032,.204,.318,4.5,4.5,33.57664233576642,91.2,107.1,93.6,104.3,46.6,38.7,11.3,36.9,52.487135506003426,69.25566343042071,78.03738317757009,19.382504288164665,9.6,.212,.245,.315,.329,2.5806451612903225,4,7,6,0,31,3,60,306,113
Ronaiker Palma,FA,C,26,80,74,295,0.3454724409448819,0.5049212598425197,0.31496062992125984,0.43651574803149606,0.2218503937007874,0.6392013498312711,0.8375984251968503,0.3454724409448819,0.2529527559055118,0.1919291338582677,0.3169291338582677,0.16929133858267717,0.031496062992125984,0.45570866141732286,0.0797244094488189,0.31003937007874016,0.9360236220472441,0.13484251968503938,0.9862204724409449,0.3594624860022396,0.06496062992125984,0.9921259842519685,0.9862204724409449,0.08267716535433071,0.2440944881889764,0.06225296442687747,0.18379446640316205,1.60119,"'-0.194443","'-0.0024305375",.259,.331,3.2,7.5,31.333333333333336,85.9,103.2,90.3,99.6,33.9,12.5,6.6,11.5,44.40677966101695,57.93103448275863,95.23809523809523,5.084745762711865,10.8,.324,.375,.378,.375,2.5,2,6,4,0,24,0,10,131,15
Garrett Spain,MIN,OF,25,43,37,145,0.08661417322834646,0.045275590551181105,0.31299212598425197,0.2711614173228346,0.3141732283464567,0.22089426321709785,0.04330708661417323,0.09744094488188976,0.6702755905511811,0.3887795275590551,0.10039370078740158,0.49311023622047245,0.1279527559055118,0.45570866141732286,0.7145669291338582,0.18208661417322836,0.0531496062992126,0.3159448818897638,0.007874015748031496,0.9182530795072787,0.9881889763779528,0.005905511811023622,0.001968503937007874,0.7755905511811023,0.9724409448818898,0.9881422924901185,0.7766798418972332,6.56204,0.523868,0.012182976744186046,.166,.274,8.7,9.3,36.14457831325301,88.2,105.8,90.3,105.1,30.4,34.9,10,46.3,55.17241379310346,80.64516129032258,62,25.517241379310345,21.7,.162,.256,.216,.261,4.651162790697675,2,4,2,0,6,0,15,80,37
Luis Verdugo,SDP,3B,25,106,99,440,0.0797244094488189,0.04921259842519685,0.3110236220472441,0.25073818897637795,0.39074803149606296,0.1983970753655793,0.23326771653543307,0.16830708661417323,0.375,0.10334645669291338,0.4940944881889764,0.3838582677165354,0.2874015748031496,0.6446850393700787,0.6200787401574803,0.7391732283464567,0.08366141732283465,0.19291338582677164,0.2017716535433071,0.3404255319148936,0.12401574803149606,0.07677165354330709,0.3051181102362205,0.16338582677165353,0.3937007874015748,0.9407114624505929,0.3132411067193676,2.6428599999999998,"'-0.17764100000000002","'-0.0016758584905660376",.204,.289,4.8,6.6,28.378378378378375,87.5,107.7,91.5,104.2,43.5,33,7.9,33,44.09090909090909,60.09174311926604,74.04580152671755,14.545454545454545,13.4,.182,.236,.263,.258,2.830188679245284,3,7,2,0,18,2,35,194,64
Griffin Conine,MIA,OF,28,35,24,172,0.9960629921259843,0.9881889763779528,0.3090551181102362,0.6171875,0.9427165354330708,0.4312429696287964,0.6781496062992126,0.9744094488188977,0.9045275590551181,1,0.8543307086614174,0.9005905511811023,0.9429133858267716,0.9724409448818898,0.5807086614173228,0.9911417322834646,0.4074803149606299,0.3956692913385827,0.051181102362204724,0.03807390817469205,0.0984251968503937,0.1781496062992126,0.42913385826771655,0.07283464566929133,0.15748031496062992,0.5988142292490118,0.9861660079051383,1.47098,"'-0.126886","'-0.0036253142857142853",.243,.572,13.3,31.4,22.123893805309734,91.5,113.8,97.2,103.9,60,25.7,11.1,38.3,34.883720930232556,59.32203389830508,77.14285714285717,13.372093023255813,33.3,.292,.514,.583,.385,5.7142857142857135,2,11,1,0,7,2,9,60,23
Ryan McCarty,TOR,2B/3B,27,28,25,104,0.35236220472440943,0.4714566929133858,0.30708661417322836,0.4617372047244095,0.5580708661417323,0.36107986501687284,0.38188976377952755,0.4655511811023622,0.844488188976378,0.1486220472440945,0.4015748031496063,0.6151574803149606,0.011811023622047244,0.45570866141732286,0.2312992125984252,0.8533464566929134,0.23622047244094488,0.9114173228346457,0.38188976377952755,0.8622620380739082,0.7598425196850394,0.37401574803149606,0.22539370078740156,0.4242125984251969,0.297244094488189,0.3952569169960474,0.2183794466403162,4.69643,"'-0.0592135","'-0.002114767857142857",.220,.351,11.8,7.1,29.78723404255319,89,101.6,90.3,101.2,47.1,28.6,19.6,29.1,52.884615384615394,71.9298245614035,80.4878048780488,15.384615384615385,11.8,.240,.321,.440,.313,7.142857142857142,2,2,0,1,6,1,8,55,16
Cristian Pache,NYM,OF,27,280,242,1142,0.25098425196850394,0.36220472440944884,0.3051181102362205,0.414308562992126,0.38720472440944886,0.46794150731158607,0.17716535433070865,0.2017716535433071,0.375,0.6742125984251969,0.7165354330708661,0.49311023622047245,0.35826771653543305,0.45570866141732286,0.5511811023622047,0.5078740157480315,0.31791338582677164,0.2549212598425197,0.3937007874015748,0.2989921612541993,0.2283464566929134,0.4271653543307087,0.5177165354330708,0.734251968503937,0.5885826771653543,0.7470355731225297,0.5938735177865613,6.39939,"'-0.0186006","'-0.00006643071428571427",.195,.304,4.8,12.1,25.29313232830821,88.2,108.4,90.3,103.7,38.2,27.1,9,29,43.52014010507881,63.48623853211009,81.21387283236994,12.609457092819614,18,.240,.343,.368,.333,2.8571428571428568,8,34,15,2,58,4,76,497,144
Mitchell Daly,FA,3B,24,91,81,372,0.19783464566929135,0.1466535433070866,0.3031496062992126,0.2672859251968504,0.23740157480314958,0.20669291338582677,0.2549212598425197,0.33858267716535434,0.452755905511811,0.21358267716535434,0.6299212598425197,0.11122047244094488,0.017716535433070866,0.2608267716535433,0.13877952755905512,0.26673228346456695,0.10531496062992125,0.2824803149606299,0.07874015748031496,0.4344904815229563,0.24606299212598426,0.04133858267716536,0.13188976377952755,0.90748031496063,0.7440944881889764,0.7885375494071146,0.2618577075098814,7.617539999999999,0.235471,0.002587593406593407,.206,.329,5.8,7.7,26.51933701657459,84.9,102.1,88.7,100.4,32.7,31.9,9.4,36.5,45.698924731182785,63.874345549738216,71.31147540983606,16.666666666666664,12.5,.222,.297,.321,.327,3.296703296703297,3,7,3,1,18,1,29,170,62
Riley Tirotta,TOR,1B/3B,27,462,403,1899,0.41929133858267714,0.5413385826771654,0.30118110236220474,0.44906496062992124,0.5476377952755905,0.3652980877390326,0.359251968503937,0.4478346456692913,0.6437007874015748,0.5875984251968503,0.8366141732283464,0.31299212598425197,0.8562992125984252,0.45570866141732286,0.5895669291338582,0.47736220472440943,0.18011811023622049,0.5580708661417323,0.1220472440944882,0.3135498320268757,0.5118110236220472,0.08858267716535433,0.23031496062992127,0.5531496062992126,0.6161417322834646,0.5780632411067194,0.6383399209486166,5.276009999999999,0.118692,0.0002569090909090909,.218,.348,8.2,11.3,22.75862068965517,87,112.6,90.3,104,37.5,29.7,13.3,35,43.75987361769352,67.87330316742081,74.5,15.323854660347552,18.7,.268,.357,.417,.375,4.761904761904762,22,52,20,2,108,12,137,831,291
Jacob Amaya,ARI,SS,27,219,188,892,0.46161417322834647,0.5354330708661418,0.2992125984251969,0.4736097440944882,0.5037401574803149,0.5704443194600675,0.30413385826771655,0.4655511811023622,0.7283464566929134,0.7706692913385826,0.9901574803149606,0.47244094488188976,0.23622047244094488,0.5344488188976378,0.25098425196850394,0.6161417322834646,0.2047244094488189,0.10531496062992125,0.672244094488189,0.04143337066069429,0.013779527559055118,0.47736220472440943,0.8641732283464567,0.19488188976377951,0.07283464566929133,0.4654150197628458,0.05928853754940711,2.86564,"'-1.36381","'-0.006227442922374429",.212,.351,9.6,13.2,16.62921348314607,88,107.2,90.8,101.4,40.8,29.2,5.9,24.4,35.426008968609864,54.138702460850105,81.81818181818183,8.632286995515695,7.2,.250,.352,.420,.328,5.479452054794519,12,29,5,0,47,9,64,316,77
Matt Fraizer,BOS,OF,28,218,196,853,0.3838582677165354,0.5974409448818898,0.297244094488189,0.5618233267716535,0.596259842519685,0.5690382452193476,0.7913385826771654,0.3454724409448819,0.2529527559055118,0.3090551181102362,0.20078740157480315,0.7421259842519685,0.8405511811023622,0.6840551181102362,0.7490157480314961,0.8001968503937008,0.6594488188976378,0.10531496062992125,0.7923228346456693,0.7491601343784995,0.6200787401574803,0.6929133858267716,0.7086614173228346,0.7440944881889764,0.8877952755905512,0.16600790513833993,0.1541501976284585,6.471769999999999,1.40239,0.006432981651376146,.254,.331,3.2,8.7,33.69565217391305,89.8,112.3,91.9,105.4,45.2,20.2,5.9,21.7,50.17584994138336,69.46564885496184,84.98168498168498,10.902696365767877,10.2,.301,.358,.449,.368,2.2935779816513757,5,19,18,1,59,3,44,428,93
Logan Davidson,TBR,1B,28,418,341,1772,0.7440944881889764,0.5797244094488189,0.2952755905511811,0.5429995078740157,0.6226377952755906,0.4796119235095612,0.45570866141732286,0.5590551181102362,0.6131889763779528,0.9429133858267716,0.8267716535433071,0.672244094488189,0.5216535433070866,0.6751968503937008,0.5511811023622047,0.7470472440944882,0.24311023622047245,0.5216535433070866,0.2578740157480315,0.1769316909294513,0.26968503937007876,0.35236220472440943,0.4645669291338583,0.49606299212598426,0.6023622047244095,0.607707509881423,0.40217391304347827,5.00879,0.0223264,0.00005341244019138756,.226,.365,7.8,17,22.92929292929293,89.3,109.6,91.8,103.7,43.8,28.5,12.9,31.9,41.08352144469526,64.06649616368286,80.23952095808383,13.09255079006772,15,.246,.380,.393,.346,4.066985645933015,17,71,18,1,84,10,119,728,232
Jared Triolo,PIT,3B,28,58,46,214,0.8887795275590551,0.6998031496062992,0.2933070866141732,0.6013779527559056,0.41456692913385823,0.640466816647919,0.5019685039370079,0.7096456692913385,0.6348425196850394,0.9891732283464567,0.9271653543307087,0.43799212598425197,0.03543307086614173,0.24803149606299213,0.328740157480315,0.2549212598425197,0.8513779527559056,0.9645669291338582,0.30708661417322836,0.1780515117581187,0.1919291338582677,0.7007874015748031,0.515748031496063,0.7106299212598425,0.9173228346456693,0.24209486166007904,0.3211462450592885,6.24449,0.439278,0.007573758620689655,.229,.395,8.1,20.7,19.626168224299064,87.8,103.3,88.6,102.1,32.4,15.5,21.5,30.7,41.12149532710279,62.61682242990653,85.07462686567165,12.61682242990654,13.5,.239,.397,.413,.257,5.172413793103448,3,12,2,0,11,2,9,88,27
Justin Boyd,FA,OF,25,31,24,118,0.7135826771653543,0.03641732283464567,0.29133858267716534,0.2614419291338583,0.06476377952755905,0.2764341957255343,0.1830708661417323,0.1643700787401575,0.03346456692913386,0.9153543307086615,0.5688976377952756,0.05216535433070866,0.007874015748031496,0.04133858267716536,0.09251968503937008,0.06594488188976377,0.0984251968503937,0.8641732283464567,0.023622047244094488,0.15509518477043674,0.058070866141732284,0.15649606299212598,0.1141732283464567,0.16338582677165353,0.24015748031496062,0.28952569169960474,0.9357707509881423,2.6428599999999998,"'-0.0761317","'-0.0024558612903225804",.196,.288,0,16.1,27.27272727272727,84,100.3,84.5,99.8,25,32.3,18.3,41.7,40.67796610169492,57.69230769230769,76.66666666666667,16.94915254237288,26.7,.083,.290,.083,.143,0,0,5,0,0,2,0,10,48,20
Will Wagner,SDP,2B/3B,27,158,143,587,0.46161417322834647,0.4911417322834646,0.28937007874015747,0.5693282480314961,0.3763779527559055,0.7336895388076491,0.6781496062992126,0.5078740157480315,0.3316929133858268,0.4035433070866142,0.6417322834645669,0.1830708661417323,0.46358267716535434,0.28937007874015747,0.4940944881889764,0.3956692913385827,0.9281496062992126,0.5462598425196851,0.9143700787401575,0.4423292273236282,0.43700787401574803,0.9133858267716536,0.8976377952755905,0.40551181102362205,0.19094488188976377,0.20454545454545456,0.1541501976284585,4.58723,"'-0.48216400000000004","'-0.003051670886075949",.243,.359,4.1,9.5,26.4026402640264,86,109.2,89,103.4,35.5,12.7,13.2,17.8,45.82623509369677,66.54929577464789,89.94708994708994,8.17717206132879,10.2,.266,.335,.427,.280,3.1645569620253164,5,15,6,1,38,5,20,269,48
Will Banfield,CIN,C,26,270,243,1018,0.17519685039370078,0.08169291338582677,0.2874015748031496,0.34621062992125984,0.4253937007874016,0.32185039370078744,0.39763779527559057,0.3228346456692913,0.3080708661417323,0.11023622047244094,0.08661417322834646,0.31299212598425197,0.7933070866141733,0.359251968503937,0.6023622047244095,0.38976377952755903,0.4124015748031496,0.5285433070866141,0.3937007874015748,0.793952967525196,0.6043307086614174,0.3700787401574803,0.2755905511811024,0.058070866141732284,0.36220472440944884,0.5049407114624506,0.7213438735177866,1.35609,"'-0.490626","'-0.0018171333333333332",.221,.326,3.9,6.7,36.86067019400353,87,111.8,89.5,104.1,35.4,25.6,13,29,51.178781925343806,69.17960088691795,80.44871794871796,14.833005893909625,20.6,.214,.270,.292,.281,2.592592592592593,7,18,13,0,52,2,69,521,151
Samad Taylor,SDP,2B/OF,27,617,535,2633,0.4360236220472441,0.6692913385826772,0.2854330708661417,0.5122416338582677,0.3200787401574803,0.6046119235095613,0.47539370078740156,0.37303149606299213,0.28838582677165353,0.6387795275590551,0.5433070866141733,0.2234251968503937,0.5452755905511811,0.16043307086614172,0.10137795275590551,0.1702755905511811,0.6801181102362205,0.49901574803149606,0.7460629921259843,0.1791713325867861,0.08661417322834646,0.7244094488188977,0.812992125984252,0.952755905511811,0.7874015748031497,0.35375494071146246,0.46047430830039526,8.15423,2.19524,0.003557925445705024,.227,.336,3.6,11.8,27.55852842809365,86.4,109.7,87.7,99.9,30,19.8,12.6,22.7,41.131788834029635,58.96309314586995,85.39493293591654,9.342954804405618,16,.282,.370,.454,.334,2.431118314424636,15,73,27,7,151,17,122,1083,246
Heston Kjerstad,BAL,OF,27,112,101,450,0.33562992125984253,0.03641732283464567,0.28346456692913385,0.4195374015748031,0.4791338582677165,0.44530371203599556,0.5334645669291339,0.453740157480315,0.4468503937007874,0.33661417322834647,0.16141732283464566,0.530511811023622,0.38779527559055116,0.6840551181102362,0.2155511811023622,0.5767716535433071,0.33366141732283466,0.08464566929133858,0.5885826771653543,0.6741321388577828,0.531496062992126,0.65748031496063,0.5078740157480315,0.24606299212598426,0.08464566929133858,0.38735177865612647,0.021739130434782608,3.28229,"'-0.626905","'-0.005597366071428572",.231,.349,5.7,8.9,34.52380952380953,88.5,108.6,91.9,101.1,40,26.8,5.3,25.7,49.33333333333334,68.18181818181817,84.44444444444444,12.666666666666668,5.6,.149,.225,.248,.188,3.571428571428571,4,10,2,1,15,2,30,222,57
Will Wilson,SEA,2B/3B,27,292,260,1080,0.3937007874015748,0.4714566929133858,0.281496062992126,0.4736712598425197,0.5799212598425196,0.4266029246344207,0.327755905511811,0.594488188976378,0.6545275590551181,0.4104330708661417,0.33858267716535434,0.6545275590551181,0.4301181102362205,0.5531496062992126,0.43996062992125984,0.5659448818897638,0.5541338582677166,0.5344488188976378,0.2854330708661417,0.631578947368421,0.7391732283464567,0.41437007874015747,0.2440944881889764,0.43700787401574803,0.1377952755905512,0.6353754940711462,0.3349802371541502,4.73604,"'-1.1653","'-0.003990753424657535",.215,.373,8.3,9.6,30.9328968903437,89.2,109,90.9,103.1,39.9,22.3,13.1,31.2,48.61111111111111,71.6417910447761,80.95238095238095,15.185185185185185,13.8,.246,.325,.435,.286,5.479452054794519,16,28,12,2,64,11,65,525,164
Jordan Groshans,ATL,3B,26,25,20,108,0.4360236220472441,0.3080708661417323,0.2795275590551181,0.3799827755905512,0.042716535433070864,0.6811023622047244,0.12303149606299213,0.12303149606299213,0.03346456692913386,0.9104330708661418,0.65748031496063,0.03937007874015748,0.005905511811023622,0.19881889763779528,0.010826771653543307,0.011811023622047244,0.952755905511811,0.37598425196850394,0.6062992125984252,0.5425531914893617,0.8877952755905512,0.1781496062992126,0.5748031496062992,0.16338582677165353,0.2559055118110236,0.03162055335968379,0.0266798418972332,2.6428599999999998,"'-0.0592135","'-0.00236854",.187,.279,0,16,26.229508196721312,83.7,99.5,88.2,96.6,17.6,12,10.8,25.5,47.22222222222222,74.46808510638297,77.14285714285717,12.037037037037035,5.9,.200,.360,.300,.235,0,0,4,2,0,4,0,3,51,13
Dru Baker,CHW,OF,26,330,299,1269,0.28838582677165353,0.2529527559055118,0.27755905511811024,0.31785187007874016,0.3576771653543307,0.2605455568053993,0.47539370078740156,0.390748031496063,0.4074803149606299,0.16830708661417323,0.234251968503937,0.46062992125984253,0.1643700787401575,0.5531496062992126,0.2155511811023622,0.36515748031496065,0.2844488188976378,0.4124015748031496,0.2824803149606299,0.7021276595744681,0.5275590551181102,0.12401574803149606,0.20275590551181102,0.297244094488189,0.13188976377952755,0.17984189723320157,0.17687747035573123,3.7846900000000003,"'-1.34235","'-0.0040677272727272715",.227,.338,5.3,7.3,32.87878787878788,87.9,106.4,90.9,101.1,34.9,27.6,11.3,31.3,49.80299448384554,68.14449917898193,75.66265060240964,15.602836879432626,10.7,.251,.318,.355,.340,3.333333333333333,11,24,9,2,75,6,91,632,198
Hunter Bishop,FA,OF,27,353,318,1357,0.18208661417322836,0.31791338582677164,0.2755905511811024,0.4299950787401575,0.6279527559055118,0.3262092238470191,0.2952755905511811,0.3159448818897638,0.5511811023622047,0.18208661417322836,0.28937007874015747,0.7834645669291339,0.8622047244094488,0.5187007874015748,0.906496062992126,0.6269685039370079,0.1732283464566929,0.10531496062992125,0.2785433070866142,0.6763717805151176,0.59251968503937,0.5610236220472441,0.20669291338582677,0.8740157480314961,0.44881889763779526,0.4901185770750988,0.3349802371541502,7.214910000000001,"'-0.483785","'-0.0013704957507082154",.211,.325,7,7.4,31.697054698457226,90.2,112.7,90.7,107.3,41.1,30,5.9,31.4,49.4473102431835,69.09937888198758,82.92134831460675,15.549005158437732,13.8,.252,.314,.406,.349,4.2492917847025495,15,26,16,6,80,7,106,671,211
Micah Pries,FA,1B/OF,28,112,100,427,0.41929133858267714,0.07086614173228346,0.2736220472440945,0.5628075787401575,0.616732283464567,0.5348706411698537,0.2952755905511811,0.6486220472440944,0.5403543307086615,0.33661417322834647,0.25196850393700787,0.797244094488189,0.37106299212598426,0.7283464566929134,0.514763779527559,0.7263779527559056,0.47834645669291337,0.594488188976378,0.5492125984251969,0.8017917133258678,0.8257874015748031,0.8986220472440944,0.4035433070866142,0.8681102362204725,0.07480314960629922,0.9219367588932806,0.9486166007905138,7.14328,"'-0.6761689999999999","'-0.006037223214285715",.211,.381,6.9,8.9,32.45614035087719,90.3,108.5,92.4,103.5,43.1,24.1,13.8,26.5,51.288056206089,72.8643216080402,89.65517241379311,13.583138173302107,28,.140,.232,.310,.145,4.464285714285714,5,10,1,2,14,4,27,219,58
Jordyn Adams,MIL,OF,26,301,267,1245,0.09547244094488189,0.22736220472440946,0.27165354330708663,0.296505905511811,0.2958661417322835,0.24071991001124862,0.10433070866141732,0.12303149606299213,0.3080708661417323,0.3887795275590551,0.3937007874015748,0.3257874015748031,0.33267716535433073,0.24803149606299213,0.31791338582677164,0.38976377952755903,0.13385826771653545,0.45866141732283466,0.2017716535433071,0.4501679731243001,0.2204724409448819,0.10039370078740158,0.24606299212598426,0.9212598425196851,0.5688976377952756,0.13142292490118576,0.18774703557312253,7.745189999999999,"'-0.0638328","'-0.00021206910299003317",.184,.279,3.9,9.3,29.86003110419907,87.1,108.1,88.6,102,35.4,30.9,12.1,33,45.94377510040161,63.12292358803987,75,15.180722891566264,10.9,.213,.290,.382,.281,2.3255813953488373,7,28,7,4,57,10,93,572,189
Luke Waddell,ATL,2B/SS,27,379,324,1471,0.4360236220472441,0.36220472440944884,0.26968503937007876,0.5244832677165354,0.23188976377952755,0.812289088863892,0.640748031496063,0.20669291338582677,0.0718503937007874,0.6742125984251969,0.8818897637795275,0.2588582677165354,0.5698818897637795,0.3661417322834646,0.04330708661417323,0.05216535433070866,0.9409448818897638,0.21751968503937008,0.9744094488188977,0.20716685330347145,0.33070866141732286,0.90748031496063,0.9763779527559056,0.25196850393700787,0.2421259842519685,0.15118577075098813,0.13537549407114624,3.32438,"'-0.922076","'-0.0024329182058047487",.240,.305,0.7,12.1,21.032258064516128,86.7,109.8,89.6,98.8,23.1,12.4,8.4,13.3,41.876274643099926,65.08620689655173,89.84547461368652,5.574439157036028,9.5,.272,.364,.340,.310,0.5277044854881267,2,46,17,1,88,1,47,616,82
Rafael Lantigua,TOR,2B,27,477,388,1866,0.5905511811023622,0.3228346456692913,0.2677165354330709,0.5588090551181102,0.2332677165354331,0.7843082114735659,0.38188976377952755,0.3297244094488189,0.281496062992126,0.9153543307086615,0.937007874015748,0.3375984251968504,0.10925196850393701,0.3021653543307087,0.06496062992125984,0.10826771653543307,0.860236220472441,0.6368110236220472,0.8267716535433071,0.12877939529675253,0.2578740157480315,0.8031496062992126,0.889763779527559,0.6751968503937008,0.2755905511811024,0.10573122529644269,0.1600790513833992,5.99187,"'-1.07292","'-0.002249308176100629",.220,.327,3.5,16.1,19.223107569721112,87.2,105.5,89.1,99.4,27.6,15.3,14.3,20.7,39.92497320471597,64.03712296983758,86.95652173913044,8.252947481243304,10.3,.227,.356,.330,.257,2.3060796645702304,11,77,15,2,88,7,73,745,154
Hunter Feduccia,TBR,C,28,333,276,1340,0.8956692913385826,0.8011811023622047,0.265748031496063,0.6986958661417323,0.6954724409448818,0.7082395950506186,0.8937007874015748,0.8159448818897638,0.5728346456692913,0.8917322834645669,0.9251968503937008,0.7834645669291339,0.5698818897637795,0.7283464566929134,0.7224409448818898,0.735236220472441,0.6151574803149606,0.3543307086614173,0.7795275590551181,0.16573348264277715,0.2618110236220472,0.6476377952755905,0.8366141732283464,0.6003937007874016,0.4744094488188976,0.44367588932806323,0.36363636363636365,5.56915,"'-0.392731","'-0.0011793723723723724",.266,.429,7.2,15.6,19.7724039829303,90.2,109.8,92.4,105.2,43.3,21.3,10.6,22.1,40.820895522388064,64.05023547880691,84.31372549019608,9.029850746268655,14.4,.290,.399,.467,.355,4.504504504504505,15,52,14,4,80,9,71,547,121
Noah Cardenas,MIN,C,26,129,107,527,0.47834645669291337,0.6889763779527559,0.2637795275590551,0.4119709645669291,0.19291338582677164,0.5743813273340832,0.2125984251968504,0.2755905511811024,0.49803149606299213,0.8838582677165354,0.5354330708661418,0.047244094488188976,0.11614173228346457,0.11220472440944881,0.11023622047244094,0.027559055118110236,0.6594488188976378,0.8799212598425197,0.45177165354330706,0.4893617021276596,0.6535433070866141,0.37401574803149606,0.4625984251968504,0.03543307086614173,0.24803149606299213,0.8735177865612648,0.7381422924901185,0.9981200000000001,"'-0.312986","'-0.002426248062015504",.201,.317,6.3,15.5,27.645051194539253,83.9,105.6,86.9,100,20.3,20.2,19,28.2,46.48956356736243,70.08547008547008,80.4878048780488,13.092979127134724,21,.234,.364,.458,.243,3.875968992248062,5,20,3,0,25,7,26,245,69
Will Brennan,SFG,OF,28,155,147,543,0.7263779527559056,0.4448818897637795,0.2618110236220472,0.6206323818897638,0.6167322834645669,0.6323115860517435,0.9645669291338582,0.8454724409448819,0.5728346456692913,0.0639763779527559,0.14173228346456693,0.687992125984252,0.4005905511811024,0.5718503937007874,0.5511811023622047,0.5767716535433071,0.9192913385826772,0.4911417322834646,0.8228346456692913,0.8376259798432251,0.8523622047244095,0.9114173228346457,0.7145669291338582,0.23818897637795275,0.20866141732283464,0.043478260869565216,0.30335968379446643,3.21332,"'-0.413004","'-0.0026645419354838712",.286,.439,7.2,5.2,35.11705685618729,89.4,108.7,91,103.7,40,12.9,12.5,20.8,52.30202578268877,73.36065573770493,89.9441340782123,10.865561694290976,13.3,.299,.335,.415,.331,5.806451612903227,9,8,8,0,44,3,20,284,59
Diego Cartaya,FA,C,24,69,59,297,0.023622047244094488,0.011811023622047244,0.25984251968503935,0.24034202755905512,0.25078740157480317,0.25703037120359956,0.005905511811023622,0.011811023622047244,0.7854330708661418,0.7529527559055118,0.6889763779527559,0.015748031496062992,0.22145669291338582,0.003937007874015748,0.16141732283464566,0.21948818897637795,0.001968503937007874,0.7312992125984252,0.001968503937007874,0.34154535274356107,0.3454724409448819,0.001968503937007874,0.005905511811023622,0.031496062992125984,0.3838582677165354,0.21146245059288538,0.4505928853754941,0.9601649999999999,"'-0.118427","'-0.0017163333333333336",.123,.203,10.5,13,25.786163522012576,81.3,107.1,77.3,100.6,31.6,58,15.7,55.7,44.10774410774409,65.21739130434783,57.77777777777778,24.579124579124574,15.8,.085,.217,.136,.222,2.898550724637681,2,9,0,0,5,1,40,131,73
Brody Moore,STL,2B/SS,25,219,196,806,0.1171259842519685,0.16830708661417323,0.2578740157480315,0.351193405511811,0.10728346456692912,0.5389482564679415,0.2874015748031496,0.11318897637795275,0.08858267716535433,0.2234251968503937,0.24803149606299213,0.060039370078740155,0.25,0.09940944881889764,0.04921259842519685,0.024606299212598427,0.5482283464566929,0.18110236220472442,0.7017716535433071,0.7581187010078387,0.6811023622047244,0.7755905511811023,0.594488188976378,0.7244094488188977,0.7736220472440944,0.05237154150197629,0.10573122529644269,6.3276900000000005,0.7178329999999999,0.0032777762557077627,.210,.277,1.3,7.8,32.55269320843091,84.1,107.3,86.4,98.9,20,22.4,7.7,23.6,50.372208436724556,70.44854881266491,86.51685393258427,11.910669975186105,8.6,.240,.306,.316,.304,0.9132420091324199,2,17,7,1,47,2,49,406,96
Matt Koperniak,STL,OF,28,535,479,2018,0.5718503937007874,0.28937007874015747,0.2559055118110236,0.521838090551181,0.5824803149606299,0.5040776152980877,0.6072834645669292,0.7224409448818898,0.6003937007874016,0.3248031496062992,0.23622047244094488,0.514763779527559,0.5216535433070866,0.7096456692913385,0.4744094488188976,0.5531496062992126,0.7096456692913385,0.28838582677165353,0.6377952755905512,0.6886898096304591,0.5137795275590551,0.5590551181102362,0.547244094488189,0.4409448818897638,0.452755905511811,0.27865612648221344,0.2717391304347826,4.74909,"'-0.706685","'-0.0013209065420560749",.238,.399,7.6,8.8,32.858499525166195,88.4,109.6,92.2,103.3,39.4,19.3,9.5,25,49.603567888999,67.87564766839378,82.90076335877863,12.388503468780973,12.6,.246,.316,.382,.283,5.420560747663552,29,47,19,2,118,14,103,1001,250
Phillip Sikes,FA,OF,26,194,170,764,0.3218503937007874,0.16830708661417323,0.25393700787401574,0.3393208661417323,0.5368110236220472,0.1545275590551181,0.1830708661417323,0.5078740157480315,0.7933070866141733,0.21358267716535434,0.17519685039370078,0.21161417322834647,0.8937007874015748,0.24803149606299213,0.8405511811023622,0.27755905511811024,0.04330708661417323,0.827755905511811,0.08464566929133858,0.5453527435610303,0.21850393700787402,0.2440944881889764,0.10236220472440945,0.33070866141732286,0.22244094488188976,0.9337944664031621,0.808300395256917,4.0546,"'-0.496105","'-0.002557242268041237",.196,.359,10.7,7.7,34.05275779376499,86.3,113,88.6,106.3,33,35.6,17.6,36.3,47.25130890052357,63.11239193083573,78.53881278538813,17.146596858638745,22.3,.200,.289,.335,.289,5.6701030927835046,11,15,5,0,34,6,69,361,131
Freddy Zamora,MIL,SS,27,394,339,1548,0.406496062992126,0.33366141732283466,0.25196850393700787,0.47071850393700787,0.19566929133858268,0.6992407199100112,0.5492125984251969,0.2687007874015748,0.16535433070866143,0.7421259842519685,0.9173228346456693,0.16929133858267717,0.2785433070866142,0.234251968503937,0.08464566929133858,0.09645669291338582,0.7844488188976378,0.37598425196850394,0.8051181102362205,0.0929451287793953,0.09055118110236221,0.6673228346456693,0.8877952755905512,0.32677165354330706,0.13582677165354332,0.7134387351778656,0.6314229249011858,4.02781,"'-1.58531","'-0.0040236294416243655",.232,.316,2.6,12.7,20,85.9,107.6,88.5,99.7,27.2,17.8,10.8,21.5,38.501291989664075,59.07230559345157,84.52655889145497,8.2687338501292,18.6,.257,.353,.348,.310,1.7766497461928936,7,50,19,0,87,4,70,596,128
Dominic Canzone,SEA,OF,28,195,179,742,0.9261811023622047,0.860236220472441,0.25,0.6523745078740157,0.8265748031496063,0.5286839145106862,0.8976377952755905,0.9606299212598425,0.9232283464566929,0.2618110236220472,0.14566929133858267,0.6545275590551181,0.9763779527559056,0.6446850393700787,0.906496062992126,0.6181102362204725,0.6062992125984252,0.49901574803149606,0.6968503937007874,0.8096304591265397,0.8110236220472441,0.6259842519685039,0.5531496062992126,0.281496062992126,0.13385826771653545,0.37549407114624506,0.41205533596837945,3.6166199999999997,"'-0.786764","'-0.00403468717948718",.267,.536,13.9,8.2,34.855769230769226,89.2,115.5,91.5,107.3,40.9,21.5,12.6,23.8,51.48247978436658,72.69938650306749,83.96624472573839,12.264150943396224,15.3,.296,.354,.564,.323,9.743589743589745,19,16,9,0,53,13,42,382,91
Juan Corniel,FA,SS,23,81,77,256,0.09940944881889764,0.1220472440944882,0.24803149606299213,0.33790600393700787,0.06200787401574803,0.5866141732283465,0.6072834645669292,0.1437007874015748,0.03346456692913386,0.03740157480314961,0.12598425196850394,0.06988188976377953,0.013779527559055118,0.08956692913385826,0.010826771653543307,0.04921259842519685,0.6801181102362205,0.021653543307086614,0.8090551181102362,0.9137737961926092,0.8937007874015748,0.9291338582677166,0.6309055118110236,0.2618110236220472,0.0531496062992126,0.2628458498023715,0.13142292490118576,3.42214,"'-0.637293","'-0.007867814814814815",.238,.284,0,3.7,35.384615384615394,84.2,101.7,86.2,96.6,23,19.8,2.2,21.4,54.6875,74.60317460317461,90.42553191489364,11.71875,9.4,.234,.272,.338,.283,0,0,3,5,0,18,1,16,140,30
Drew Waters,KCR,OF,27,228,206,883,0.21358267716535434,0.3080708661417323,0.24606299212598426,0.40686515748031493,0.41338582677165353,0.41240157480314954,0.26673228346456695,0.3513779527559055,0.5118110236220472,0.37401574803149606,0.2874015748031496,0.31299212598425197,0.5059055118110236,0.6446850393700787,0.45570866141732286,0.38484251968503935,0.19291338582677164,0.21751968503937008,0.34744094488188976,0.7480403135498321,0.7893700787401575,0.6358267716535433,0.25984251968503935,0.8582677165354331,0.7204724409448819,0.8567193675889329,0.4258893280632411,7.0306,0.502405,0.002203530701754386,.207,.332,6.5,9.2,31.742738589211612,87,109.5,91.5,103.2,35.3,29.4,8.4,30,50.169875424688556,72.31920199501248,84.13793103448276,15.062287655719139,15.5,.233,.307,.403,.311,3.947368421052632,9,21,10,2,48,7,67,443,133
Spencer Packard,SEA,OF,28,493,414,2022,0.7854330708661418,0.6692913385826772,0.2440944881889764,0.6300442913385826,0.45551181102362204,0.7850112485939258,0.8267716535433071,0.6003937007874016,0.296259842519685,0.7460629921259843,0.844488188976378,0.530511811023622,0.5698818897637795,0.5994094488188977,0.28346456692913385,0.28051181102362205,0.9143700787401575,0.5462598425196851,0.9192913385826772,0.16349384098544234,0.1889763779527559,0.937007874015748,0.9448818897637795,0.14960629921259844,0.3248031496062992,0.42391304347826086,0.5691699604743083,2.6240200000000002,"'-0.97414","'-0.001975943204868154",.258,.374,3.7,12.8,22.595281306715066,88.5,109.8,91.2,101.7,33.1,13.2,13.2,17.6,40.80118694362017,62.60869565217392,90.79861111111113,7.171117705242335,17.7,.278,.389,.413,.308,2.636916835699797,13,63,24,1,115,10,65,825,145
Dayson Croes,SFG,2B/3B,26,48,43,199,0.5905511811023622,0.8494094488188977,0.2421259842519685,0.46715059055118113,0.10787401574803149,0.6903824521934758,0.9488188976377953,0.35826771653543305,0.03346456692913386,0.04133858267716536,0.03740157480314961,0.013779527559055118,0.11614173228346457,0.03051181102362205,0.07381889763779527,0.017716535433070866,0.9744094488188977,0.07677165354330709,0.9803149606299213,0.9014557670772676,0.8622047244094488,0.9763779527559056,0.9606299212598425,0.4862204724409449,0.2283464566929134,0.7223320158102767,0.07509881422924901,4.95903,"'-0.11965799999999999","'-0.002492875",.280,.334,0,4.2,39.285714285714285,81.1,105.6,83.7,99.5,18.4,10.4,4.8,12,54.2713567839196,73.5632183908046,93.75,6.532663316582915,7.9,.349,.417,.465,.395,0,0,2,3,1,15,0,5,108,13
Tommy Sacco Jr.,HOU,SS,26,241,208,917,0.21358267716535434,0.15748031496062992,0.24015748031496062,0.42255167322834647,0.17066929133858266,0.611361079865017,0.2283464566929134,0.1545275590551181,0.12696850393700787,0.6633858267716536,0.6505905511811023,0.16929133858267717,0.2608267716535433,0.20964566929133857,0.25098425196850394,0.14173228346456693,0.530511811023622,0.6368110236220472,0.515748031496063,0.4972004479283314,0.6633858267716536,0.7440944881889764,0.5118110236220472,0.5492125984251969,0.7933070866141733,0.4041501976284585,0.3804347826086957,5.24449,0.883977,0.0036679543568464727,.203,.286,2.1,12,26.315789473684212,85.9,107.4,88.3,101.4,29,22.8,14.3,27.2,46.564885496183216,70.21276595744679,85.85858585858584,12.649945474372954,14.6,.221,.320,.284,.288,1.2448132780082988,3,29,5,1,46,2,55,427,116
Duke Ellis,NYY,OF,28,184,168,756,0.41929133858267714,0.7076771653543307,0.23818897637795275,0.555425688976378,0.5669291338582677,0.548931383577053,0.656496062992126,0.5905511811023622,0.4596456692913386,0.2017716535433071,0.7519685039370079,0.5807086614173228,0.5452755905511811,0.3799212598425197,0.4940944881889764,0.6584645669291339,0.3799212598425197,0.20078740157480315,0.6446850393700787,0.5666293393057111,0.7696850393700787,0.49606299212598426,0.5984251968503937,0.9330708661417323,0.9921259842519685,0.233201581027668,0.1541501976284585,7.8614,3.5645300000000004,0.019372445652173914,.241,.372,5.9,7.6,24.54780361757106,88.8,109.7,89.8,103.4,41.5,26.1,8.1,24.9,47.751322751322746,72.08672086720867,81.95488721804512,11.904761904761903,10.2,.321,.372,.470,.432,3.804347826086957,7,14,14,1,54,3,48,361,90
Billy Cook,PIT,OF,27,371,331,1435,0.16043307086614172,0.3080708661417323,0.23622047244094488,0.39025590551181105,0.39862204724409445,0.33197412823397077,0.1889763779527559,0.25196850393700787,0.5118110236220472,0.33661417322834647,0.3346456692913386,0.3986220472440945,0.40846456692913385,0.3464566929133858,0.4074803149606299,0.422244094488189,0.297244094488189,0.8868110236220472,0.3612204724409449,0.5923852183650616,0.4094488188976378,0.24015748031496062,0.34448818897637795,0.6909448818897638,0.7362204724409449,0.6976284584980237,0.83399209486166,6.07111,0.9063190000000001,0.0024429083557951483,.197,.313,6.5,8.9,30.987821380243567,87.6,108.8,89.4,102.8,36.1,27.5,19.1,29.5,48.01393728222996,66.0919540229885,78.47826086956522,14.146341463414632,23,.248,.321,.384,.330,4.0431266846361185,15,33,17,2,82,8,102,689,203
José Barrero,BAL,SS,28,319,282,1197,0.3661417322834646,0.28937007874015747,0.234251968503937,0.4456200787401574,0.6196850393700787,0.2388920134983127,0.2874015748031496,0.5590551181102362,0.5885826771653543,0.359251968503937,0.10236220472440945,0.5807086614173228,0.7706692913385826,0.6289370078740157,0.7706692913385826,0.5994094488188977,0.17519685039370078,0.9025590551181102,0.09055118110236221,0.8219484882418813,0.6437007874015748,0.25,0.051181102362204724,0.8031496062992126,0.6496062992125984,0.9861660079051383,0.9772727272727273,6.7163699999999995,0.288505,0.0009044043887147336,.210,.365,7.4,9.1,35.981308411214954,88.8,111.6,91.4,105.6,40.5,29.8,19.4,35.9,51.712614870509604,69.9099099099099,78.6082474226804,18.546365914786968,31.6,.223,.304,.397,.287,4.38871473354232,14,29,11,1,63,12,95,619,222
James Outman,MIN,OF,28,388,335,1574,0.8622047244094488,0.8818897637795275,0.23228346456692914,0.649175688976378,0.8938976377952755,0.37823397075365583,0.5974409448818898,0.9330708661417323,0.9291338582677166,0.5600393700787402,0.7204724409448819,0.8927165354330708,0.8100393700787402,0.9133858267716536,0.8572834645669292,0.9045275590551181,0.13385826771653545,0.8356299212598425,0.11811023622047244,0.5621500559910414,0.8287401574803149,0.15649606299212598,0.12992125984251968,0.9744094488188977,0.6712598425196851,0.8794466403162056,0.8992094861660079,8.6423,0.50695,0.0013065721649484535,.237,.486,14.1,11.1,25.210084033613445,91.4,112,94.9,106.5,50,30.9,17.8,35.1,47.64930114358323,72.8744939271255,76.66666666666667,16.70902160101652,25,.281,.366,.576,.360,7.989690721649484,31,43,22,4,94,23,120,750,263
Braiden Ward,BOS,OF,27,149,123,541,0.5905511811023622,0.8651574803149606,0.23031496062992127,0.5001845472440944,0.040354330708661415,0.7709505061867267,0.702755905511811,0.13681102362204725,0.03346456692913386,0.5187007874015748,0.5374015748031497,0.021653543307086614,0.003937007874015748,0.03641732283464567,0.005905511811023622,0.005905511811023622,0.8562992125984252,0.11220472440944881,0.9586614173228346,0.6506159014557671,0.6988188976377953,0.9094488188976378,0.9173228346456693,0.9990157480314961,1,0.1225296442687747,0.24802371541501977,10,5.53097,0.03712060402684564,.245,.282,0,10.7,27.63636363636364,82.4,99.2,84.1,95.2,13,15.4,6,15.9,48.79852125693161,70.67669172932331,89.89361702127658,7.763401109057301,12.3,.309,.430,.455,.374,0,0,16,7,4,38,1,23,264,42
Drew Millas,WSN,C,28,206,189,740,0.6072834645669292,0.2155511811023622,0.2283464566929134,0.6360728346456693,0.36417322834645666,0.7528121484814397,0.9429133858267716,0.6387795275590551,0.15059055118110237,0.16830708661417323,0.5885826771653543,0.21161417322834647,0.6811023622047244,0.3021653543307087,0.16141732283464566,0.13877952755905512,0.9498031496062992,0.6604330708661418,0.9547244094488189,0.6483762597984323,0.8051181102362205,0.8917322834645669,0.9114173228346457,0.8759842519685039,0.7854330708661418,0.22134387351778656,0.5454545454545454,7.224939999999999,0.7277819999999999,0.003532922330097088,.277,.380,2.4,7.3,26.94300518134715,86.3,110.6,89.1,100.6,28.9,12.1,14.6,16.1,48.78378378378378,72.59887005649718,89.49416342412451,7.8378378378378395,17.4,.243,.296,.370,.259,1.9417475728155336,4,15,6,3,46,4,25,361,58
Mike Antico,STL,OF,28,366,312,1417,0.5482283464566929,0.5,0.2263779527559055,0.5131028543307087,0.47047244094488194,0.46498875140607426,0.5334645669291339,0.5078740157480315,0.6289370078740157,0.6033464566929134,0.28346456692913385,0.1830708661417323,0.6811023622047244,0.20964566929133857,0.45570866141732286,0.3513779527559055,0.4251968503937008,0.7490157480314961,0.35236220472440943,0.8421052631578947,0.9429133858267716,0.4507874015748031,0.1968503937007874,0.7716535433070866,0.8169291338582677,0.38735177865612647,0.5938735177865613,6.55572,1.44707,0.003953743169398907,.231,.359,8,11.5,31.80628272251309,86,110.6,88.3,103.2,34.7,25.4,16.1,29.9,52.36414961185604,76.41653905053599,81.56312625250501,15.666901905434015,18,.260,.352,.407,.339,4.918032786885246,18,42,21,2,81,7,93,742,222
Livan Soto,FA,SS,25,359,310,1407,0.1328740157480315,0.10531496062992125,0.22440944881889763,0.36897145669291337,0.06023622047244094,0.6258436445444319,0.1328740157480315,0.0688976377952756,0.08858267716535433,0.6230314960629921,0.5059055118110236,0.0984251968503937,0.02952755905511811,0.1702755905511811,0.018700787401574805,0.015748031496062992,0.5541338582677166,0.7017716535433071,0.7116141732283464,0.5274356103023516,0.5492125984251969,0.7401574803149606,0.6968503937007874,0.25393700787401574,0.3405511811023622,0.6630434782608695,0.7618577075098815,3.3405400000000003,"'-0.686713","'-0.0019128495821727019",.189,.258,1.3,11.7,28.17089452603471,84.7,103.1,87.8,97.1,18.3,22.3,15.3,23.4,46.97938877043354,68.38905775075987,85.77777777777777,11.01634683724236,21.5,.194,.298,.258,.242,0.8356545961002786,3,42,5,0,60,5,80,661,155
Jerar Encarnacion,SFG,OF,28,98,84,384,0.6358267716535433,0.7381889763779528,0.22244094488188976,0.45472440944881887,0.743503937007874,0.31355455568053997,0.2952755905511811,0.7096456692913385,0.859251968503937,0.5738188976377953,0.2440944881889764,0.7135826771653543,0.75,0.45570866141732286,0.8405511811023622,0.6850393700787402,0.2844488188976378,0.20964566929133857,0.20669291338582677,0.3527435610302352,0.08464566929133858,0.5,0.30118110236220474,0.22244094488188976,0.17125984251968504,0.023715415019762844,0.003952569169960474,3.05131,"'-0.334514","'-0.003413408163265306",.211,.395,12.3,11.2,32.710280373831765,89.6,111.4,90.3,106.3,42.1,27.6,8.3,32.9,44.27083333333333,58.82352941176471,82,14.583333333333336,3.5,.274,.378,.464,.358,7.142857142857142,7,11,4,0,23,4,27,170,56
Kevin Graham,FA,OF,26,86,73,334,0.0610236220472441,0.03346456692913386,0.2204724409448819,0.28973917322834647,0.24822834645669292,0.3785151856017998,0.03740157480314961,0.027559055118110236,0.11614173228346457,0.6122047244094488,0.5580708661417323,0.13385826771653545,0.5452755905511811,0.18996062992125984,0.36220472440944884,0.4183070866141732,0.2106299212598425,0.2549212598425197,0.16043307086614172,0.5307950727883539,0.7362204724409449,0.18503937007874016,0.18700787401574803,0.39173228346456695,0.6417322834645669,0.15118577075098813,0.029644268774703556,4.44183,0.06538530000000001,0.0007602941860465115,.163,.226,2,11.6,27.41935483870968,85.4,109.7,88.1,102.4,36,29.1,9,33.8,47.00598802395209,71.62162162162163,77.35849056603773,15.868263473053892,6,.137,.244,.205,.184,1.162790697674419,1,10,2,0,10,1,25,157,53
Adley Rutschman,BAL,C/DH,28,34,26,142,0.6909448818897638,0.6309055118110236,0.21850393700787402,0.5390009842519685,0.2917322834645669,0.8063835770528686,0.26673228346456695,0.37303149606299213,0.4074803149606299,0.9862204724409449,0.9488188976377953,0.5492125984251969,0.051181102362204724,0.5344488188976378,0.025590551181102362,0.07775590551181102,0.7923228346456693,0.5462598425196851,0.9429133858267716,0.02127659574468085,0.005905511811023622,0.9940944881889764,0.9744094488188977,0.01673228346456693,0.23228346456692914,0.9120553359683794,0.6561264822134387,0.559524,"'-0.08459080000000001","'-0.002487964705882353",.207,.336,5.3,20.6,18.918918918918923,88.6,103.8,90.8,97.4,26.3,17.6,13.2,16.7,33.80281690140845,50,97.05882352941177,5.63380281690141,19,.231,.382,.423,.250,2.9411764705882346,1,7,2,0,6,1,6,48,8
Kenny Piper,TBR,C,27,185,157,778,0.3218503937007874,0.2440944881889764,0.21653543307086615,0.4361466535433071,0.48897637795275595,0.33520809898762643,0.09744094488188976,0.37303149606299213,0.7913385826771654,0.5285433070866141,0.4547244094488189,0.562992125984252,0.1643700787401575,0.5866141732283464,0.5511811023622047,0.5531496062992126,0.1594488188976378,0.9940944881889764,0.125,0.6270996640537514,0.8503937007874016,0.11811023622047244,0.11023622047244094,0.7736220472440944,0.9192913385826772,0.9664031620553359,0.9901185770750988,6.55996,1.44472,0.0078092972972972985,.183,.336,10.6,10.8,28.868360277136254,88.7,106.4,91.1,103.7,39.4,30.3,25,34.9,48.58611825192803,73.33333333333333,75.49407114624506,16.966580976863753,33.7,.191,.297,.376,.229,5.9459459459459465,11,20,5,0,30,8,56,378,132
Eliezer Alfonzo,LAD,C,26,33,32,115,0.2755905511811024,0.023622047244094488,0.21456692913385828,0.47354822834645666,0.24015748031496065,0.6646512935883014,0.9625984251968503,0.5688976377952756,0.03346456692913386,0.00984251968503937,0.16338582677165353,0.2755905511811024,0.1279527559055118,0.2608267716535433,0.023622047244094488,0.19488188976377951,0.9498031496062992,0.3218503937007874,0.9547244094488189,0.8924972004479284,0.8661417322834646,0.8484251968503937,0.860236220472441,0.16338582677165353,0.42322834645669294,0.11166007905138339,0.8992094861660079,2.6428599999999998,"'-0.0507545","'-0.0015380151515151516",.285,.366,0,0,34.48275862068966,86.8,105.8,88.7,97.2,31,12.1,10.1,16.1,53.91304347826087,73.68421052631578,88.09523809523809,8.695652173913043,25,.219,.219,.250,.250,0,0,0,1,0,7,0,4,62,10
Jesús Bastidas,MIA,2B/SS,27,574,500,2143,0.47834645669291337,0.5718503937007874,0.2125984251968504,0.4575541338582677,0.41200787401574807,0.4444600674915636,0.4242125984251969,0.48720472440944884,0.4793307086614173,0.37401574803149606,0.16929133858267717,0.2952755905511811,0.46358267716535434,0.3021653543307087,0.36220472440944884,0.3346456692913386,0.48326771653543305,0.922244094488189,0.3661417322834646,0.7950727883538634,0.8681102362204725,0.59251968503937,0.2578740157480315,0.3248031496062992,0.5866141732283464,0.6699604743083004,0.8636363636363636,4.0237099999999995,"'-0.0383815","'-0.00006686672473867595",.223,.355,6.1,9.2,34.33931484502447,86.9,109.2,89.1,102.4,34.4,24,19.9,29.4,51.18992067195521,73.7186477644493,83.28402366863905,15.072328511432572,24,.262,.351,.440,.330,3.8327526132404177,22,53,37,2,131,16,138,1097,323
Blaine Crim,COL,1B,28,487,427,1949,0.6161417322834646,0.7450787401574803,0.2106299212598425,0.6224163385826771,0.6885826771653544,0.6283745781777278,0.640748031496063,0.6624015748031497,0.5728346456692913,0.5,0.765748031496063,0.7135826771653543,0.7933070866141733,0.5994094488188977,0.78248031496063,0.7007874015748031,0.7480314960629921,0.6161417322834646,0.7057086614173228,0.2553191489361702,0.2854330708661417,0.6200787401574803,0.7736220472440944,0.2440944881889764,0.16535433070866143,0.40810276679841895,0.5454545454545454,3.26873,"'-1.6858099999999998","'-0.003461622176591376",.240,.384,7.2,10.5,24.334600760456272,89.6,111.8,91.2,105.7,42.4,18.5,14.1,23.5,42.739866598255524,64.32552954292085,83.88214904679377,10.056439199589533,17.4,.281,.363,.494,.310,4.928131416837783,24,51,26,1,120,21,90,833,196
Adam Hall,FA,2B/SS/OF,26,158,142,630,0.03740157480314961,0.1437007874015748,0.20866141732283464,0.2872170275590551,0.31673228346456694,0.2684195725534308,0.07874015748031496,0.023622047244094488,0.15059055118110237,0.060039370078740155,0.41929133858267714,0.31299212598425197,0.6456692913385826,0.24803149606299213,0.5688976377952756,0.4507874015748031,0.045275590551181105,0.040354330708661415,0.18110236220472442,0.7469204927211646,0.765748031496063,0.2854330708661417,0.1220472440944882,0.9763779527559056,0.9744094488188977,0.38735177865612647,0.045454545454545456,8.645380000000001,2.06164,0.013048354430379749,.179,.223,2.4,5.1,29.411764705882355,87,110.4,88.6,103.8,36.5,35.4,3,33.5,50.15873015873015,71.9869706840391,79.18552036199095,16.825396825396822,6.8,.218,.297,.310,.353,1.2658227848101269,2,8,4,3,31,1,56,316,106
Josh Breaux,CHW,C,28,132,115,525,0.5118110236220472,0.2204724409448819,0.20669291338582677,0.48345226377952755,0.7381889763779528,0.3395669291338583,0.33661417322834647,0.6387795275590551,0.6889763779527559,0.5108267716535433,0.4124015748031496,0.6545275590551181,0.8937007874015748,0.8011811023622047,0.9478346456692913,0.8149606299212598,0.35334645669291337,0.5688976377952756,0.13188976377952755,0.5688689809630461,0.7539370078740157,0.08070866141732283,0.13385826771653545,0.25,0.27755905511811024,0.799407114624506,0.5385375494071146,3.32049,"'-0.296068","'-0.0022429393939393943",.216,.380,8.9,10.6,29.53020134228188,89.2,113,93.1,108.2,45.6,26.5,13.5,34.7,47.80952380952381,71.80616740088107,74.23312883435584,16.57142857142857,17.3,.226,.318,.330,.304,5.303030303030303,7,14,4,1,26,2,35,251,87
Max Ferguson,BOS,2B/OF,26,66,60,252,0.16929133858267717,0.6240157480314961,0.2047244094488189,0.33882874015748027,0.2423228346456693,0.36206411698537677,0.33661417322834647,0.24311023622047245,0.3720472440944882,0.359251968503937,0.905511811023622,0.19980314960629922,0.22145669291338582,0.4793307086614173,0.30708661417322836,0.17519685039370078,0.4035433070866142,0.7165354330708661,0.14566929133858267,0.3325867861142217,0.41141732283464566,0.0531496062992126,0.2559055118110236,0.452755905511811,0.9094488188976378,0.9762845849802372,0.8794466403162056,4.81203,0.46465500000000004,0.0070402272727272735,.216,.312,4.7,9.1,20.491803278688526,86.2,107.1,90.4,101.9,30.2,25.8,15.5,34.2,44.04761904761904,66.15384615384615,72.09302325581395,15.079365079365079,24.4,.283,.348,.467,.366,3.0303030303030303,2,6,5,0,17,2,17,111,38
JJ Bleday,CIN,OF,28,130,117,481,0.7135826771653543,0.937007874015748,0.20275590551181102,0.5845841535433072,0.5074803149606298,0.5752249718785152,0.8887795275590551,0.7962598425196851,0.5885826771653543,0.37401574803149606,0.5452755905511811,0.2588582677165354,0.46358267716535434,0.28937007874015747,0.45570866141732286,0.4301181102362205,0.7480314960629921,0.594488188976378,0.6328740157480315,0.4815229563269877,0.5295275590551181,0.5570866141732284,0.639763779527559,0.59251968503937,0.3799212598425197,0.9723320158102767,0.9110671936758893,5.50732,"'-0.224257","'-0.0017250538461538465",.265,.422,7.4,9.2,27.51937984496124,86.7,109.2,89,103.2,36.2,18.5,13.8,25.1,46.361746361746356,68.16143497757847,82.89473684210526,11.642411642411645,25.3,.350,.408,.573,.398,5.384615384615384,7,12,6,1,41,6,24,223,56
Parker Chavers,FA,OF,27,101,85,420,0.09153543307086615,0.10236220472440945,0.20078740157480315,0.3745693897637795,0.262992125984252,0.5293869516310461,0.058070866141732284,0.013779527559055118,0.03346456692913386,0.9025590551181102,0.46653543307086615,0.46062992125984253,0.3484251968503937,0.5866141732283464,0.328740157480315,0.45866141732283466,0.27460629921259844,0.09448818897637795,0.5826771653543307,0.2351623740201568,0.10039370078740158,0.6781496062992126,0.7007874015748031,0.7283464566929134,0.5137795275590551,0.2924901185770751,0.24802371541501977,6.35168,"'-0.0861182","'-0.0008526554455445545",.171,.206,0,15.8,28.75536480686695,87.9,108.3,91.1,102.1,36.8,27.7,5.7,25.8,42.38095238095238,59.35828877005347,84.68468468468468,10.952380952380953,12.3,.176,.307,.235,.263,0,0,16,3,1,15,0,28,178,46
Francisco Urbaez,CIN,2B,28,409,359,1505,0.5807086614173228,0.7224409448818898,0.19881889763779528,0.6051304133858268,0.3838582677165355,0.7732002249718785,0.8641732283464567,0.4812992125984252,0.19980314960629922,0.34744094488188976,0.8070866141732284,0.672244094488189,0.23622047244094488,0.5994094488188977,0.328740157480315,0.3297244094488189,0.9822834645669292,0.3543307086614173,0.9311023622047244,0.3684210526315789,0.5019685039370079,0.9153543307086615,0.9271653543307087,0.5511811023622047,0.11811023622047244,0.5019762845849802,0.43379446640316205,5.249569999999999,"'-1.7952299999999999","'-0.004389315403422983",.262,.354,2.8,9,23.243933588761177,89.3,107.2,91.2,102.1,34.3,9.8,10.6,17.2,44.51827242524918,67.59002770083103,89.95901639344262,7.6411960132890355,15.6,.315,.381,.465,.340,2.2004889975550124,9,37,32,5,113,4,40,670,115
Eguy Rosario,FA,3B,26,110,98,432,0.11220472440944881,0.05511811023622047,0.1968503937007874,0.29613681102362205,0.22047244094488186,0.328318335208099,0.3169291338582677,0.11318897637795275,0.09251968503937008,0.359251968503937,0.4793307086614173,0.1466535433070866,0.5885826771653543,0.13385826771653545,0.514763779527559,0.16141732283464566,0.5039370078740157,0.5049212598425197,0.06692913385826772,0.6035834266517357,0.7765748031496063,0.03740157480314961,0.07480314960629922,0.4035433070866142,0.3031496062992126,0.8478260869565217,0.7045454545454546,4.58715,"'-0.22971399999999997","'-0.002088309090909091",.214,.277,1.4,9.1,28.57142857142857,85.6,109.9,87.3,103.5,29.7,23.6,12.7,37,48.148148148148145,72.16494845360825,70.71428571428572,17.824074074074076,20.3,.194,.264,.245,.247,0.9090909090909092,1,10,2,0,19,1,26,208,77
J.T. Arruda,SEA,2B,28,195,173,781,0.4360236220472441,0.3228346456692913,0.19488188976377951,0.5204232283464567,0.4872047244094488,0.516169853768279,0.47539370078740156,0.4812992125984252,0.4242125984251969,0.5285433070866141,0.562992125984252,0.530511811023622,0.5698818897637795,0.19881889763779528,0.4744094488188976,0.4301181102362205,0.5718503937007874,0.5118110236220472,0.4793307086614173,0.3784994400895857,0.39960629921259844,0.5393700787401575,0.531496062992126,0.8543307086614174,0.9606299212598425,0.09881422924901186,0.1650197628458498,7.007160000000001,2.12629,0.01090405128205128,.227,.354,5.4,10.8,27.378190255220424,88.5,109.8,88.2,103.3,36.2,22.1,12.8,27.8,44.686299615877076,66,82.68398268398269,12.419974391805374,10.4,.249,.333,.370,.304,3.589743589743589,7,21,4,1,43,5,43,349,97
Yonny Hernández,NYM,2B/3B,27,351,310,1333,0.47834645669291337,0.6476377952755905,0.19291338582677164,0.5020300196850394,0.175,0.7290494938132733,0.8375984251968503,0.2755905511811024,0.0688976377952756,0.41732283464566927,0.5669291338582677,0.15059055118110237,0.3484251968503937,0.16043307086614172,0.03346456692913386,0.031496062992125984,0.9793307086614174,0.17519685039370078,0.9822834645669292,0.3762597984322508,0.2106299212598425,0.9665354330708661,0.9803149606299213,0.562992125984252,0.265748031496063,0.05928853754940711,0.09782608695652174,5.35286,"'-0.8136359999999999","'-0.0023180512820512823",.259,.317,0.4,9.7,27.299270072992698,85.7,108.3,87.7,98.1,21.3,10,7.6,11.9,44.63615903975994,62.96296296296296,92.8921568627451,5.326331582895723,8.5,.319,.399,.400,.358,0.2849002849002849,1,34,16,3,99,1,35,595,71
Oscar Colás,FA,OF,27,49,43,203,0.0265748031496063,0.023622047244094488,0.19094488188976377,0.3424581692913386,0.380511811023622,0.2717941507311586,0.027559055118110236,0.015748031496062992,0.03346456692913386,0.6909448818897638,0.3090551181102362,0.7135826771653543,0.4438976377952756,0.2204724409448819,0.8631889763779528,0.6958661417322834,0.05905511811023622,0.8070866141732284,0.03346456692913386,0.6097424412094065,0.7470472440944882,0.031496062992125984,0.031496062992125984,0.812992125984252,0.905511811023622,0.17193675889328064,0.6630434782608695,6.77388,0.34078600000000003,0.0069548163265306115,.157,.207,0,12.2,31.355932203389827,89.6,109.1,88.4,106.6,42.3,34.7,17.1,39.8,48.27586206896552,71.76470588235293,70.49180327868852,19.21182266009852,19.2,.116,.224,.209,.192,0,0,6,4,0,5,0,17,98,39
Peyton Wilson,KCR,2B/OF,26,314,275,1207,0.13976377952755906,0.18405511811023623,0.1889763779527559,0.29675196850393704,0.17933070866141737,0.3377390326209224,0.1889763779527559,0.1062992125984252,0.16535433070866143,0.5285433070866141,0.2736220472440945,0.3700787401574803,0.09350393700787402,0.4005905511811024,0.11811023622047244,0.16141732283464566,0.31791338582677164,0.6604330708661418,0.23818897637795275,0.7088465845464725,0.65748031496063,0.18110236220472442,0.1673228346456693,0.49803149606299213,0.7401574803149606,0.6877470355731226,0.6452569169960475,5.00986,0.799369,0.002545761146496815,.197,.276,2.6,10.8,31.974921630094048,87.4,105.2,90,100.1,29.7,27.1,14.6,32.2,49.95857497928749,70.12302284710017,77.19298245614034,16.072908036454013,18.8,.225,.312,.313,.311,1.5923566878980893,5,34,13,1,62,3,85,603,194
Joe Lampe,CLE,OF,25,29,27,121,0.011811023622047244,0.06299212598425197,0.18700787401574803,0.24729330708661418,0.11496062992125984,0.3381608548931383,0.07381889763779527,0.025590551181102362,0.03346456692913386,0.12992125984251968,0.14960629921259844,0.10531496062992125,0.33267716535433073,0.025590551181102362,0.027559055118110236,0.07775590551181102,0.2844488188976378,0.18110236220472442,0.36811023622047245,0.5811870100783875,0.3631889763779528,0.7155511811023622,0.3562992125984252,0.7480314960629921,0.1673228346456693,0.9466403162055336,0.9713438735177866,6.4768099999999995,"'-0.10001900000000001","'-0.003448931034482759",.178,.225,0,6.9,34.78260869565217,84.8,108.1,83.1,97.5,26.3,27.6,7.7,29.3,47.933884297520656,65.38461538461539,85.29411764705883,14.049586776859504,30,.185,.241,.296,.263,0,0,2,1,1,5,0,8,58,17
Leo Rivas,SEA,2B/SS,28,285,218,1342,0.7854330708661418,0.9468503937007874,0.18503937007874016,0.5644069881889764,0.19921259842519687,0.7405793025871766,0.4242125984251969,0.2874015748031496,0.2372047244094488,0.9891732283464567,1,0.3257874015748031,0.04625984251968504,0.24803149606299213,0.058070866141732284,0.09940944881889764,0.6368110236220472,0.7450787401574803,0.8464566929133859,0.022396416573348264,0.03937007874015748,0.7214566929133859,0.9507874015748031,0.8956692913385826,0.9271653543307087,0.8567193675889329,0.8745059288537549,7.494960000000001,2.3721,0.008323157894736843,.223,.319,3.1,20.7,13.920454545454545,87.1,103.6,88.6,99.3,27.3,20.7,16,20.3,33.8301043219076,55.799373040752364,85.39325842696628,6.855439642324887,24.3,.312,.463,.505,.382,1.7543859649122806,5,59,8,2,68,10,59,454,92
Jose Torres,COL,SS,26,127,117,475,0.14468503937007873,0.3484251968503937,0.1830708661417323,0.3561146653543307,0.3025590551181102,0.2985095613048369,0.2421259842519685,0.29429133858267714,0.5039370078740157,0.23228346456692914,0.07480314960629922,0.24606299212598426,0.1781496062992126,0.5344488188976378,0.3779527559055118,0.2903543307086614,0.14763779527559054,0.9114173228346457,0.15649606299212598,0.8790593505039194,0.8759842519685039,0.5413385826771654,0.0610236220472441,0.797244094488189,0.59251968503937,0.17193675889328064,0.6630434782608695,6.6973899999999995,"'-0.00192209","'-0.000015134566929133856",.205,.321,6.4,7.9,37.12121212121213,86.6,106.6,90.8,102.6,33.3,30.7,19.6,33.9,53.47368421052632,73.9336492890995,82.69230769230771,18.105263157894736,19.2,.239,.299,.436,.315,3.9370078740157477,5,10,4,2,28,5,39,254,86
Bryce Teodosio,LAA,OF,26,57,53,197,0.11220472440944881,0.7381889763779528,0.18110236220472442,0.32344980314960636,0.19291338582677164,0.35067491563554565,0.4438976377952756,0.13976377952755906,0.14173228346456693,0.0688976377952756,0.05511811023622047,0.11515748031496063,0.20275590551181102,0.45570866141732286,0.514763779527559,0.36515748031496065,0.7992125984251969,0.20570866141732283,0.11811023622047244,0.9563269876819708,0.9921259842519685,0.39960629921259844,0.021653543307086614,0.9940944881889764,0.9803149606299213,0.799407114624506,0.8221343873517787,9.70092,0.7701859999999999,0.0135120350877193,.225,.283,2.3,5.3,38.31775700934579,85,106.9,90.3,103.5,34.9,17.5,8.2,35.1,57.86802030456853,81.1111111111111,80.82191780821918,20.304568527918786,22.7,.321,.368,.491,.395,1.7543859649122806,1,3,3,3,17,0,10,114,40
Austin Shenton,FA,1B/DH,28,351,300,1374,0.47834645669291337,0.39173228346456695,0.17913385826771652,0.47447096456692917,0.5616141732283464,0.4416479190101237,0.2283464566929134,0.6003937007874016,0.7795275590551181,0.7244094488188977,0.5039370078740157,0.49311023622047245,0.46358267716535434,0.4921259842519685,0.4940944881889764,0.4714566929133858,0.37106299212598426,0.8868110236220472,0.2736220472440945,0.5072788353863382,0.639763779527559,0.29133858267716534,0.2874015748031496,0.0984251968503937,0.3720472440944882,0.7223320158102767,0.8873517786561265,1.8616099999999998,"'-0.6132449999999999","'-0.0017471367521367524",.203,.374,10.4,12.5,28.198433420365532,88.2,109.2,90.5,103.4,37.4,26.2,19.1,31.5,46.652110625909756,69.90131578947367,79.29411764705883,14.70160116448326,24.6,.217,.322,.413,.259,6.267806267806268,22,44,17,0,65,14,92,641,202
Rafael Morel,FA,OF,24,36,32,149,0.013779527559055118,0.013779527559055118,0.17716535433070865,0.16486220472440946,0.14507874015748035,0.14946569178852645,0.007874015748031496,0.031496062992125984,0.4596456692913386,0.5600393700787402,0.10433070866141732,0.047244094488188976,0.03543307086614173,0.03051181102362205,0.054133858267716536,0.1515748031496063,0.023622047244094488,0.45866141732283466,0.09448818897637795,0.528555431131019,0.09645669291338582,0.04330708661417323,0.12401574803149606,0.3858267716535433,0.8110236220472441,0.5474308300395256,0.5069169960474308,4.42591,0.140786,0.003910722222222222,.130,.228,5.9,11.1,35.8974358974359,83.9,103.3,83.7,99,29.4,41.7,12.1,35.7,46.97986577181208,59.15492957746479,71.42857142857143,16.778523489932887,16.7,.125,.222,.156,.235,2.7777777777777777,1,4,1,0,4,0,15,70,25
Paul McIntosh,PHI,C,28,40,30,153,0.7509842519685039,0.20374015748031496,0.17519685039370078,0.5206077755905512,0.4108267716535433,0.6394825646794151,0.06200787401574803,0.5019685039370079,0.6702755905511811,0.8553149606299213,0.7578740157480315,0.35236220472440943,0.17224409448818898,0.1062992125984252,0.6456692913385826,0.3572834645669291,0.6673228346456693,0.9724409448818898,0.5206692913385826,0.09518477043673013,0.045275590551181105,0.889763779527559,0.7401574803149606,0.013779527559055118,0.2952755905511811,0.27865612648221344,0.2618577075098814,0.299107,"'-0.08459080000000001","'-0.00211477",.173,.358,8.7,15,24.41860465116279,87.3,106.5,86.6,104.4,34.8,20,21.9,27.1,38.56209150326797,56.71641791044776,89.47368421052632,10.45751633986928,12.5,.133,.300,.333,.091,5,2,6,0,0,4,2,8,59,16
Ryan Kreidler,MIN,3B/SS,28,397,329,1601,0.7588582677165354,0.4714566929133858,0.1732283464566929,0.5174704724409448,0.5076771653543307,0.48495500562429694,0.4438976377952756,0.6998031496062992,0.8011811023622047,0.8356299212598425,0.8385826771653543,0.41633858267716534,0.10531496062992125,0.6289370078740157,0.328740157480315,0.515748031496063,0.297244094488189,0.765748031496063,0.18110236220472442,0.4591265397536394,0.8385826771653543,0.1830708661417323,0.2204724409448819,0.3779527559055118,0.6594488188976378,0.567193675889328,0.7470355731225297,4.3878699999999995,0.42385,0.001067632241813602,.225,.393,10.9,14.6,22.75379229871645,87.7,105.4,91.4,102.1,38.5,27.5,16.5,33.5,46.096189881324165,72.98387096774194,77.34806629834254,15.427857589006873,21.2,.231,.358,.383,.327,6.045340050377834,24,58,27,4,76,5,109,738,247
Michael Turconi,FA,2B/SS,26,28,23,125,0.35826771653543305,0.03051181102362205,0.17125984251968504,0.2804502952755905,0.12598425196850394,0.4431946006749156,0.20570866141732283,0.031496062992125984,0.4891732283464567,0.8238188976377953,0.7834645669291339,0.001968503937007874,0.04133858267716536,0.001968503937007874,0.125,0.06594488188976377,0.23622047244094488,0.027559055118110236,0.4655511811023622,0.13269876819708848,0.07677165354330709,0.03543307086614173,0.6811023622047244,0.16338582677165353,0.3641732283464567,0,0,2.6428599999999998,"'-0.0507545","'-0.0018126607142857144",.200,.228,6.2,14.3,23.88059701492537,79.5,103.5,75.7,100.2,25,28.6,2.7,28,40,58.620689655172406,70.58823529411767,11.2,0,.130,.250,.174,.188,3.571428571428571,1,4,1,0,3,0,8,50,14
Troy Johnston,COL,1B/OF,28,353,314,1280,0.7007874015748031,0.5127952755905512,0.16929133858267717,0.6098056102362205,0.588779527559055,0.5105455568053994,0.8198818897637795,0.7578740157480315,0.5118110236220472,0.2017716535433071,0.25,0.8562992125984252,0.22145669291338582,0.7578740157480315,0.45570866141732286,0.5964566929133859,0.7096456692913385,0.7539370078740157,0.5954724409448819,0.8701007838745801,0.9350393700787402,0.4822834645669291,0.39960629921259844,0.9645669291338582,0.9389763779527559,0.4288537549407115,0.47035573122529645,8.35022,3.1839,0.009019546742209632,.257,.409,6.5,7.6,32.54786450662739,90.9,107.1,92.7,103.2,40.4,19.3,16.2,25.6,53.04687500000001,76.2063227953411,81.87772925764193,13.593749999999998,16.2,.252,.331,.439,.285,4.53257790368272,16,27,15,4,79,12,68,679,174
Blake Sabol,TBR,C/OF,28,252,217,1000,0.25098425196850394,0.17618110236220472,0.1673228346456693,0.3924704724409449,0.4627952755905512,0.3374578177727784,0.11614173228346457,0.25196850393700787,0.4468503937007874,0.6535433070866141,0.6437007874015748,0.5492125984251969,0.5216535433070866,0.4005905511811024,0.5688976377952756,0.5442913385826772,0.16535433070866143,0.4409448818897638,0.058070866141732284,0.3908174692049272,0.562992125984252,0.1624015748031496,0.11614173228346457,0.7952755905511811,0.8248031496062992,0.21640316205533597,0.4258893280632411,6.6835,1.1039299999999999,0.004380674603174603,.186,.313,5.7,11.9,26.38146167557932,88.6,109.6,90,103.8,39.3,30.2,11.7,37.6,44.9,68.56492027334852,76.74418604651162,16.900000000000002,15.5,.180,.294,.323,.244,3.1746031746031744,8,30,11,1,39,6,76,449,169
Drew Romo,CHW,C,24,243,220,876,0.04133858267716536,0.4035433070866142,0.16535433070866143,0.273068405511811,0.09429133858267717,0.420838020247469,0.11023622047244094,0.05905511811023622,0.15649606299212598,0.18208661417322836,0.08267716535433071,0.08169291338582677,0.1279527559055118,0.08267716535433071,0.09251968503937008,0.04625984251968504,0.39468503937007876,0.5580708661417323,0.45177165354330706,0.8253079507278835,0.7283464566929134,0.8090551181102362,0.297244094488189,0.2421259842519685,0.5570866141732284,0.8270750988142292,0.6956521739130435,3.2622400000000003,"'-0.06367300000000001","'-0.0002620288065843621",.185,.249,2.5,7.4,36.895161290322584,84.4,105.8,86.1,99.8,22.8,25.9,13.3,28.2,51.82648401826485,71.3157894736842,87.08487084870848,14.611872146118719,20.1,.264,.329,.409,.338,1.6460905349794241,4,18,11,0,58,7,63,454,128
Oliver Dunn,CHW,3B,28,459,395,1911,0.2755905511811024,0.23818897637795275,0.16338582677165353,0.4382997047244095,0.554724409448819,0.38188976377952766,0.1830708661417323,0.24311023622047245,0.5403543307086615,0.6387795275590551,0.889763779527559,0.7834645669291339,0.5216535433070866,0.5531496062992126,0.7332677165354331,0.6850393700787402,0.10925196850393701,0.20570866141732283,0.21456692913385828,0.20044792833146696,0.2992125984251969,0.1279527559055118,0.3937007874015748,0.9015748031496063,0.8011811023622047,0.7796442687747036,0.5385375494071146,7.56195,1.73859,0.003787777777777778,.196,.312,6.9,11.8,20.841683366733466,90.2,109.6,90.9,105.3,42.1,31.8,8.2,32.7,41.70591313448456,64.51259583789704,75.72156196943973,13.657770800627944,17.3,.208,.317,.339,.307,3.7037037037037033,17,54,18,5,82,8,146,797,261
Hyeseong Kim,LAD,2B/SS,27,168,149,693,0.25098425196850394,0.5561023622047244,0.16141732283464566,0.37278543307086615,0.2104330708661417,0.422103487064117,0.5334645669291339,0.26279527559055116,0.296259842519685,0.21358267716535434,0.2795275590551181,0.2234251968503937,0.15748031496062992,0.2204724409448819,0.16141732283464566,0.11220472440944881,0.43503937007874016,0.18700787401574803,0.49311023622047245,0.6326987681970885,0.5905511811023622,0.5216535433070866,0.421259842519685,0.9862204724409449,0.9704724409448819,0.8300395256916996,0.38735177865612647,9.137030000000001,1.98322,0.011804880952380952,.231,.315,3.7,7.7,31.842105263157894,86.4,106.3,88.4,100.6,27.8,25,7.8,27.6,48.62914862914864,69.00958466453672,82.4074074074074,13.41991341991342,14.7,.268,.337,.456,.340,2.380952380952381,4,13,9,2,40,5,42,337,93
Tyler Gentry,DET,OF,27,330,290,1276,0.10728346456692914,0.20669291338582677,0.1594488188976378,0.3385211614173228,0.26318897637795274,0.4090269966254219,0.14271653543307086,0.13188976377952755,0.2106299212598425,0.2844488188976378,0.5708661417322834,0.3700787401574803,0.2874015748031496,0.4281496062992126,0.4074803149606299,0.3159448818897638,0.3257874015748031,0.4498031496062992,0.3937007874015748,0.4490481522956327,0.44586614173228345,0.4094488188976378,0.4330708661417323,0.5374015748031497,0.531496062992126,0.8883399209486166,0.8003952569169961,5.21873,"'-0.216022","'-0.0006546121212121213",.191,.281,2.9,8.5,27.16417910447761,87.4,107.7,90.2,102.8,34,27,12,29,45.924764890282134,66.66666666666666,80.94059405940595,13.322884012539186,22.1,.207,.285,.372,.258,1.8181818181818181,6,28,17,2,60,9,89,586,170
Andruw Monasterio,BOS,2B/3B,28,130,112,532,0.7372047244094488,0.4911417322834646,0.15748031496062992,0.6048843503937007,0.635236220472441,0.5350112485939257,0.5334645669291339,0.8110236220472441,0.8543307086614174,0.7047244094488189,0.49803149606299213,0.7007874015748031,0.2785433070866142,0.5531496062992126,0.43996062992125984,0.531496062992126,0.49311023622047245,0.9783464566929134,0.4655511811023622,0.39417693169092943,0.35236220472440943,0.7116141732283464,0.5196850393700787,0.5078740157480315,0.5354330708661418,0.6778656126482213,0.91600790513834,5.04931,"'-0.069237","'-0.0005325923076923077",.231,.428,12.2,12.3,28.327645051194533,89.5,107.6,90.9,103.1,39,23.8,22.5,28,44.92481203007519,65.27196652719664,85.25641025641025,12.593984962406015,25.6,.250,.346,.411,.308,7.6923076923076925,10,16,6,0,28,4,31,239,67
Royce Lewis,MIN,3B,26,33,31,122,0.03937007874015748,0.003937007874015748,0.15551181102362205,0.2752829724409449,0.36929133858267715,0.2464848143982002,0.47539370078740156,0.14960629921259844,0.03346456692913386,0.0265748031496063,0.09251968503937008,0.49311023622047245,0.19389763779527558,0.9360236220472441,0.6594488188976378,0.9763779527559056,0.4734251968503937,0.1545275590551181,0.125,0.8174692049272116,0.6751968503937008,0.2677165354330709,0.06496062992125984,0.16338582677165353,0.49606299212598426,0.8764822134387352,0.733201581027668,2.6428599999999998,"'-0.03383630000000001","'-0.0010253424242424242",.227,.285,0,3,36.76470588235294,88.2,106.8,95.4,104.5,58.3,24.2,7.1,34.9,51.639344262295076,70.37037037037038,78.94736842105263,18.032786885245898,20.8,.129,.152,.161,.167,0,0,1,1,0,4,0,8,63,22
Quincy Hamilton,FA,OF,27,222,196,882,0.08661417322834646,0.07480314960629922,0.15354330708661418,0.37623031496062986,0.35275590551181096,0.39946569178852637,0.04921259842519685,0.08267716535433071,0.4793307086614173,0.5875984251968503,0.39960629921259844,0.530511811023622,0.4005905511811024,0.11811023622047244,0.6023622047244095,0.2706692913385827,0.3257874015748031,0.8553149606299213,0.41437007874015747,0.4400895856662934,0.28346456692913385,0.32677165354330706,0.45866141732283466,0.468503937007874,0.39960629921259844,0.9367588932806324,0.8448616600790514,4.87154,"'-0.36432800000000004","'-0.001641117117117117",.168,.267,6.1,11.3,29.809725158562365,88.5,108.7,87,104.1,32.8,27,18.1,28.7,45.80498866213152,64.30317848410758,79.84790874524715,13.151927437641726,23.6,.153,.252,.286,.185,3.603603603603603,8,25,6,1,30,6,60,404,116
Braden Shewmake,HOU,3B/SS,28,312,277,1137,0.23523622047244094,0.2440944881889764,0.1515748031496063,0.49292568897637795,0.3372047244094488,0.5767716535433072,0.34744094488188976,0.2824803149606299,0.32086614173228345,0.4104330708661417,0.0610236220472441,0.3986220472440945,0.47834645669291337,0.390748031496063,0.1830708661417323,0.20570866141732283,0.827755905511811,0.6830708661417323,0.7401574803149606,0.8980963045912654,0.8700787401574803,0.5846456692913385,0.5433070866141733,0.8976377952755905,0.8326771653543307,0.8478260869565217,0.8003952569169961,7.52168,1.41629,0.004539391025641026,.217,.318,4,9.6,38.11802232854865,87.6,109.3,89.9,100.8,31.3,16.7,14.9,22.9,54.089709762532976,73.72549019607844,83.24468085106382,12.401055408970974,22.1,.238,.314,.357,.277,2.8846153846153846,9,30,13,4,66,4,52,615,141
Luis De Los Santos,FA,3B,27,381,356,1397,0.12303149606299213,0.15059055118110237,0.14960629921259844,0.3423351377952756,0.4655511811023622,0.32761529808773904,0.3690944881889764,0.22145669291338582,0.281496062992126,0.05216535433070866,0.05905511811023622,0.35236220472440943,0.9566929133858267,0.5049212598425197,0.8503937007874016,0.515748031496063,0.4389763779527559,0.05905511811023622,0.40846456692913385,0.7637178051511758,0.29133858267716534,0.7362204724409449,0.30708661417322836,0.3051181102362205,0.4035433070866142,0.5434782608695652,0.34980237154150196,3.85227,"'-0.6190399999999999","'-0.0016247769028871393",.219,.307,3.5,4.7,38.12754409769335,87.3,114.4,90.6,106.4,38.5,24.9,4.1,28.8,50.53686471009306,64.39393939393939,85.6470588235294,14.531138153185394,14.1,.242,.287,.340,.307,2.3622047244094486,9,18,11,0,86,8,95,706,203
Cody Milligan,FA,2B/OF,27,168,141,673,0.21358267716535434,0.15748031496062992,0.14763779527559054,0.3337844488188977,0.10295275590551181,0.44192913385826776,0.30413385826771655,0.08464566929133858,0.07874015748031496,0.7952755905511811,0.4822834645669291,0.16929133858267717,0.09940944881889764,0.13976377952755906,0.125,0.08267716535433071,0.33366141732283466,0.2952755905511811,0.38188976377952755,0.4916013437849944,0.4330708661417323,0.2559055118110236,0.41141732283464566,0.9192913385826772,0.797244094488189,0.23023715415019763,0.1225296442687747,7.70339,0.629254,0.0037455595238095243,.212,.268,1,13.7,28.53107344632768,85.9,105.3,87.4,100.2,26.5,26.8,9.6,29.1,46.508172362555726,66.4576802507837,78.77358490566037,13.521545319465082,9,.213,.321,.284,.303,0.5952380952380952,1,23,4,3,30,0,45,313,91
Abrahan Gutierrez,NYY,C,26,99,88,381,0.1486220472440945,0.20866141732283464,0.14566929133858267,0.2861097440944882,0.15866141732283465,0.4426321709786277,0.2874015748031496,0.08661417322834646,0.03346456692913386,0.24803149606299213,0.3779527559055118,0.3986220472440945,0.0688976377952756,0.6751968503937008,0.2155511811023622,0.20570866141732283,0.6230314960629921,0.15748031496062992,0.4734251968503937,0.593505039193729,0.6003937007874016,0.3484251968503937,0.4271653543307087,0.09251968503937008,0.0610236220472441,0.04841897233201581,0.07015810276679842,1.77407,"'-0.719954","'-0.007272262626262627",.210,.271,0,8.1,30.097087378640776,87.6,104.5,91.8,101.1,31.3,21.2,7.2,27.9,48.03149606299213,69.14285714285714,80.16528925619834,13.385826771653544,7.8,.250,.333,.295,.318,0,0,8,1,0,22,1,21,183,51
Sebastián Rivero,LAA,C,27,244,226,847,0.23523622047244094,0.3484251968503937,0.1437007874015748,0.43325541338582674,0.2978346456692913,0.5213723284589427,0.5561023622047244,0.4714566929133858,0.3454724409448819,0.0688976377952756,0.00984251968503937,0.2234251968503937,0.19389763779527558,0.28937007874015747,0.2312992125984252,0.2549212598425197,0.8159448818897638,0.781496062992126,0.71751968503937,0.9608062709966404,0.8976377952755905,0.734251968503937,0.40551181102362205,0.2204724409448819,0.09251968503937008,0.7628458498023716,0.8152173913043478,3.03496,"'-1.2690299999999999","'-0.00520094262295082",.233,.352,4.3,5.3,43.982494529540475,86.4,106.8,89,101.2,32.4,17.2,16.8,23.3,58.205430932703656,74.87179487179488,85.61643835616438,13.57733175914994,22.6,.261,.305,.429,.282,3.278688524590164,8,13,9,1,59,9,42,493,115
Phil Clarke,FA,C,28,173,145,596,0.37598425196850394,0.5216535433070866,0.14173228346456693,0.4906496062992126,0.10433070866141732,0.8330989876265467,0.5019685039370079,0.17913385826771652,0.07480314960629922,0.8061023622047244,0.8740157480314961,0.05216535433070866,0.17224409448818898,0.234251968503937,0.018700787401574805,0.04330708661417323,0.9645669291338582,0.4340551181102362,0.8326771653543307,0.4288913773796192,0.75,0.7992125984251969,0.8051181102362205,0.18503937007874016,0.39173228346456695,0.47035573122529645,0.2964426877470356,2.7816099999999997,"'-0.290626","'-0.0016799190751445089",.229,.295,0.8,13.9,21.35922330097087,84,106.5,88.5,97.1,21.9,11,11.6,20.6,45.63758389261746,71.77700348432056,86.89320388349516,9.395973154362416,13.2,.283,.384,.366,.310,0.5780346820809248,1,24,6,0,41,2,19,272,56
Bryan Torres,STL,OF,28,404,328,1702,0.8228346456692913,0.9005905511811023,0.13976377952755906,0.5834768700787402,0.22696850393700788,0.8025871766029246,0.8838582677165354,0.5492125984251969,0.16535433070866143,0.9507874015748031,0.8877952755905512,0.21161417322834647,0.10531496062992125,0.16043307086614172,0.07381889763779527,0.10334645669291338,0.8868110236220472,0.3543307086614173,0.9340551181102362,0.09070548712206047,0.07480314960629922,0.9271653543307087,0.9566929133858267,0.5216535433070866,0.7519685039370079,0.5217391304347826,0.40217391304347827,5.12054,1.15096,0.002848910891089109,.264,.364,2.6,17.3,20.9070796460177,86.3,105.4,87.7,99.5,27.4,14.1,10.6,17.1,38.48413631022326,58.39598997493734,90.343347639485,6.580493537015276,15,.329,.443,.466,.371,1.7326732673267329,7,70,16,1,108,9,57,655,112
Greg Jones,MIL,OF,28,69,60,275,0.28838582677165353,0.07677165354330709,0.1377952755905512,0.31600639763779526,0.5958661417322835,0.15874578177727786,0.13681102362204725,0.3454724409448819,0.890748031496063,0.15748031496062992,0.03937007874015748,0.5068897637795275,0.8405511811023622,0.27263779527559057,0.8917322834645669,0.3956692913385827,0.018700787401574805,0.22736220472440946,0.015748031496062992,0.9109742441209406,0.8543307086614174,0.013779527559055118,0.011811023622047244,0.31299212598425197,0.4409448818897638,0.8181818181818182,0.7845849802371542,3.89618,"'-0.10005599999999999","'-0.0014500869565217392",.190,.331,12.9,7.2,39.0728476821192,88.3,112.3,88.8,107.1,35.5,42,8.5,42.7,54.54545454545454,73.38709677419354,67.03296703296702,23.272727272727273,21.9,.150,.261,.267,.241,5.797101449275362,4,5,1,0,9,2,29,150,64
Jake McCarthy,COL,OF,28,229,199,828,0.6259842519685039,0.7076771653543307,0.13582677165354332,0.600824311023622,0.24074803149606297,0.7798087739032621,0.875,0.37303149606299213,0.08366141732283465,0.5,0.6220472440944882,0.19980314960629922,0.40846456692913385,0.13976377952755906,0.24015748031496062,0.13877952755905512,0.8799212598425197,0.4911417322834646,0.8622047244094488,0.5979843225083986,0.8720472440944882,0.9251968503937008,0.797244094488189,0.9586614173228346,0.6692913385826772,0.43478260869565216,0.2964426877470356,8.23409,0.2862,0.0012497816593886465,.263,.336,1.2,10.5,26.607538802660752,86.2,108.8,87.4,101.3,28.9,14.4,12.5,19.8,48.067632850241544,73.74005305039788,90.28776978417268,9.541062801932368,13.2,.302,.393,.432,.358,0.8733624454148471,2,24,15,4,60,1,33,398,79
Nick Pratto,TEX,1B,27,420,370,1773,0.12303149606299213,0.16830708661417323,0.13385826771653545,0.33790600393700787,0.24291338582677166,0.3654386951631046,0.08759842519685039,0.12303149606299213,0.36023622047244097,0.547244094488189,0.781496062992126,0.2755905511811024,0.2706692913385827,0.3464566929133858,0.2155511811023622,0.18503937007874016,0.18700787401574803,0.7755905511811023,0.22736220472440946,0.2374020156774916,0.22244094488188976,0.20669291338582677,0.3858267716535433,0.6476377952755905,0.7047244094488189,0.6778656126482213,0.6225296442687747,5.878419999999999,0.821765,0.0019565833333333327,.181,.279,4.5,11,23.966065747614003,86.8,107.5,89.4,101.1,30.5,29.5,16.7,32.4,42.41398759165257,63.373493975903614,77.75665399239544,13.761985335589394,18.5,.197,.290,.332,.269,2.619047619047619,11,46,19,2,73,9,124,752,244
Jack Winkler,HOU,2B,27,281,249,1085,0.16043307086614172,0.17913385826771652,0.13188976377952755,0.3059178149606299,0.24350393700787404,0.27826209223847015,0.3169291338582677,0.17618110236220472,0.32086614173228345,0.3887795275590551,0.4448818897637795,0.19980314960629922,0.37106299212598426,0.17519685039370078,0.43996062992125984,0.14960629921259844,0.25393700787401574,0.5216535433070866,0.19291338582677164,0.4412094064949608,0.234251968503937,0.19291338582677164,0.24015748031496062,0.7303149606299213,0.9862204724409449,0.58399209486166,0.6156126482213439,6.35923,4.41632,0.01571644128113879,.214,.293,4,9.3,29.107142857142854,86.2,108.5,87.9,103.1,29.3,28.1,12.9,33.2,45.806451612903224,63.61904761904761,77.54491017964071,15.207373271889402,18.4,.225,.299,.333,.298,2.491103202846975,7,26,9,0,56,6,79,497,165
David Hamilton,MIL,2B/SS,28,45,39,188,0.2204724409448819,0.7942913385826772,0.12992125984251968,0.5449064960629921,0.22519685039370083,0.7144263217097863,0.4094488188976378,0.22933070866141733,0.2204724409448819,0.5600393700787402,0.5521653543307087,0.3700787401574803,0.1279527559055118,0.18208661417322836,0.35039370078740156,0.1781496062992126,0.9104330708661418,0.9625984251968503,0.9645669291338582,0.3057110862262038,0.08267716535433071,0.968503937007874,0.9625984251968503,0.9990157480314961,0.9980314960629921,0.974308300395257,0.7213438735177866,10,1.10695,0.02459888888888889,.222,.308,3,11.1,27.472527472527474,87.4,105.8,88,102.3,30.3,13.3,21.3,14.6,43.61702127659576,58.76288659793815,92.98245614035088,6.382978723404255,20.6,.282,.356,.538,.281,2.2222222222222223,1,5,2,1,11,2,6,82,12
Kody Hoese,FA,3B,28,403,348,1517,0.3937007874015748,0.5275590551181102,0.1279527559055118,0.5348794291338582,0.389763779527559,0.6991001124859393,0.45570866141732286,0.33858267716535434,0.16535433070866143,0.7125984251968503,0.610236220472441,0.562992125984252,0.4438976377952756,0.5344488188976378,0.28346456692913385,0.43799212598425197,0.702755905511811,0.6692913385826772,0.8818897637795275,0.3157894736842105,0.2125984251968504,0.8937007874015748,0.8799212598425197,0.1968503937007874,0.421259842519685,0.19367588932806323,0.38735177865612647,2.86822,"'-0.622646","'-0.0015450272952853598",.226,.329,2.6,12.4,26.74129353233831,88.7,109.1,90.8,101.7,36.3,19.4,14.7,19,43.770599868160836,62.973352033660596,89.53229398663696,8.305866842452211,14.7,.264,.357,.411,.317,1.7369727047146404,7,50,25,1,92,8,78,664,126
Pedro León,PHI,OF,27,93,83,364,0.19783464566929135,0.36220472440944884,0.12598425196850394,0.44801919291338577,0.2692913385826772,0.5797244094488189,0.2549212598425197,0.29429133858267714,0.4074803149606299,0.29429133858267714,0.6850393700787402,0.08464566929133858,0.3405511811023622,0.01968503937007874,0.6200787401574803,0.21948818897637795,0.5413385826771654,0.6456692913385826,0.5059055118110236,0.6674132138857782,0.8031496062992126,0.812992125984252,0.4153543307086614,0.6653543307086615,0.9409448818897638,0.9525691699604744,0.6452569169960475,5.94316,0.8504280000000001,0.009144387096774191,.206,.321,5.3,8.6,25.82417582417583,84.5,108.2,82.1,104.2,31.6,22.6,14.4,27.4,49.17582417582418,72.52747252747254,87.12121212121212,13.461538461538463,18.8,.241,.312,.422,.283,3.2258064516129035,3,8,6,0,20,3,21,179,49
Juan Yepez,FA,1B/DH/OF,28,234,211,955,0.4360236220472441,0.13582677165354332,0.12401574803149606,0.5264517716535433,0.26397637795275586,0.7123172103487063,0.8110236220472441,0.4409448818897638,0.13582677165354332,0.34744094488188976,0.3562992125984252,0.2588582677165354,0.2785433070866142,0.18996062992125984,0.4281496062992126,0.20570866141732283,0.9409448818897638,0.8070866141732284,0.9084645669291339,0.6394176931690929,0.7086614173228346,0.8720472440944882,0.8523622047244095,0.06299212598425197,0.3169291338582677,0.6877470355731226,0.8221343873517787,1.37333,"'-0.473708","'-0.0020243931623931625",.256,.347,2.2,9,30.681818181818183,86.7,107.6,88.1,103,31.3,12.4,17.1,18.1,48.69109947643979,70.96018735362998,88.77887788778877,8.795811518324607,22.7,.223,.291,.318,.239,1.7094017094017095,4,21,8,0,47,4,29,465,84
DaShawn Keirsey Jr.,ATL,OF,28,160,139,635,0.28838582677165353,0.46062992125984253,0.1220472440944882,0.5151943897637796,0.481496062992126,0.4887514060742407,0.30413385826771655,0.22145669291338582,0.2106299212598425,0.5108267716535433,0.37401574803149606,0.6151574803149606,0.8228346456692913,0.6988188976377953,0.35039370078740156,0.5374015748031497,0.5452755905511811,0.8553149606299213,0.4734251968503937,0.7513997760358343,0.952755905511811,0.20275590551181102,0.36220472440944884,0.9665354330708661,0.9015748031496063,0.26778656126482214,0.09782608695652174,8.41874,1.08701,0.0067938125,.212,.307,2.9,10.6,30.19390581717452,89,112.1,92.1,102.3,39.2,22.5,18.1,27.9,50.23622047244094,76.64233576642336,77.61904761904762,14.015748031496065,8.5,.245,.331,.432,.304,1.875,3,17,11,3,34,3,36,319,89
Davis Wendzel,PIT,3B,28,356,307,1431,0.6505905511811023,0.5413385826771654,0.12007874015748031,0.5925812007874015,0.4706692913385827,0.6768841394825647,0.6210629921259843,0.6624015748031497,0.5118110236220472,0.4911417322834646,0.7736220472440944,0.2952755905511811,0.6456692913385826,0.3021653543307087,0.3927165354330709,0.23818897637795275,0.7883858267716536,0.9409448818897638,0.7834645669291339,0.2945128779395297,0.3838582677165354,0.718503937007874,0.7992125984251969,0.17716535433070865,0.39763779527559057,0.9150197628458498,0.958498023715415,2.75156,"'-0.5866939999999999","'-0.0016480168539325846",.239,.384,6.5,10.4,24.21875,86.9,110.4,89.1,102.7,32,17.7,20.5,21.9,43.46610761705102,65.76168929110105,85.3211009174312,9.503843466107618,28.7,.251,.346,.433,.274,4.49438202247191,16,37,17,0,77,13,63,622,136
Connor Pavolony,FA,C,26,39,36,140,0.21358267716535434,0.007874015748031496,0.11811023622047244,0.3340305118110236,0.3088582677165354,0.32283464566929126,0.47539370078740156,0.3159448818897638,0.6545275590551181,0.060039370078740155,0.6082677165354331,0.006889763779527559,0.08956692913385826,0.017716535433070866,0.19586614173228348,0.47736220472440943,0.140748031496063,0.687992125984252,0.25196850393700787,0.8846584546472565,0.9940944881889764,0.10039370078740158,0.10433070866141732,0.16338582677165353,0.37401574803149606,0.5988142292490118,0.691699604743083,2.6428599999999998,"'-0.06767260000000001","'-0.0017351948717948718",.227,.325,8.3,5.1,26.760563380281692,80.3,105.1,82,100.9,37.5,30.8,15,32,53.57142857142857,81.15942028985508,75,17.142857142857142,20,.139,.205,.167,.208,5.128205128205128,2,2,1,0,5,0,12,75,24
Miguel Amaya,CHC,C,27,45,41,171,0.0265748031496063,0.01968503937007874,0.11614173228346457,0.36140501968503935,0.1862204724409449,0.6030652418447693,0.07874015748031496,0.07874015748031496,0.4468503937007874,0.11023622047244094,0.687007874015748,0.15649606299212598,0.03543307086614173,0.18996062992125984,0.26968503937007876,0.21358267716535434,0.8464566929133859,0.5049212598425197,0.8464566929133859,0.14109742441209405,0.058070866141732284,0.7775590551181102,0.8956692913385826,0.01968503937007874,0.3051181102362205,0.7796442687747036,0.9189723320158103,0.654221,"'-0.0930498","'-0.0020677733333333333",.179,.265,5.7,6.7,25.806451612903228,85.8,103.3,88.1,101.6,31.4,15.6,12.7,20.3,40.35087719298245,57.69230769230769,86.66666666666669,8.187134502923977,25.7,.195,.244,.195,.229,4.4444444444444455,2,3,0,0,8,0,7,69,14
Nick Sogard,BOS,2B,28,401,335,1736,0.5482283464566929,0.5561023622047244,0.1141732283464567,0.5275590551181102,0.18248031496062994,0.7386107986501688,0.4891732283464567,0.2824803149606299,0.1830708661417323,0.8976377952755905,0.8287401574803149,0.14173228346456693,0.25,0.125,0.0797244094488189,0.05511811023622047,0.7765748031496063,0.8641732283464567,0.8661417322834646,0.10414333706606944,0.0531496062992126,0.8228346456692913,0.9251968503937008,0.4566929133858268,0.6358267716535433,0.6778656126482213,0.6689723320158103,4.82287,0.24405,0.0006086034912718204,.228,.318,2.7,15.7,22.894168466522675,85.5,107.3,87.1,99.6,23.3,18.2,18.3,19.7,38.94009216589861,57.283950617283956,87.28448275862068,7.661290322580645,19.3,.266,.384,.376,.326,1.7456359102244388,7,63,22,0,89,5,73,676,133
Andre Lipcius,FA,3B,27,421,371,1615,0.3937007874015748,0.4714566929133858,0.11220472440944881,0.43811515748031493,0.3200787401574803,0.49831271091113605,0.3169291338582677,0.5836614173228346,0.5885826771653543,0.3248031496062992,0.3799212598425197,0.19980314960629922,0.140748031496063,0.3169291338582677,0.13877952755905512,0.08759842519685039,0.7677165354330708,0.9409448818897638,0.42322834645669294,0.6830907054871221,0.7421259842519685,0.5118110236220472,0.33858267716535434,0.26968503937007876,0.2125984251968504,0.7569169960474308,0.8389328063241107,3.5104699999999998,"'-1.1106","'-0.0026380047505938247",.214,.371,7.4,8.8,30.034924330616995,86.2,106.1,89.2,100.4,26.8,18.3,20.5,28.6,49.535603715170275,71.6931216931217,82.28782287822878,14.17956656346749,23.1,.240,.318,.447,.253,5.225653206650831,22,37,21,1,89,18,77,800,229
Payton Henry,NYY,C,28,268,240,981,0.33562992125984253,0.39173228346456695,0.11023622047244094,0.4106176181102362,0.7147637795275591,0.29724409448818895,0.2421259842519685,0.5688976377952756,0.7440944881889764,0.1919291338582677,0.17913385826771652,0.6545275590551181,0.8100393700787402,0.8287401574803149,0.8001968503937008,0.7962598425196851,0.3799212598425197,0.14468503937007873,0.22736220472440946,0.7726763717805151,0.6692913385826772,0.28346456692913385,0.14960629921259844,0.19291338582677164,0.4448818897637795,0.36561264822134387,0.11264822134387352,2.83575,"'-0.383676","'-0.001431626865671642",.205,.366,9.8,7.5,33.9622641509434,89.2,112,93.5,105.9,45.1,26.1,6.8,32.4,50.66258919469928,70.28824833702882,79.17981072555204,16.411824668705403,8.7,.246,.321,.412,.300,5.970149253731343,16,20,7,0,59,11,70,497,161
Cal Mitchell,FA,OF,27,27,27,110,0.001968503937007874,0.001968503937007874,0.10826771653543307,0.26500984251968507,0.44881889763779526,0.12007874015748032,0.001968503937007874,0.005905511811023622,0.6072834645669292,0.00984251968503937,0.21751968503937008,0.7007874015748031,0.09940944881889764,0.8011811023622047,0.2155511811023622,0.8307086614173228,0.005905511811023622,0.9409448818897638,0.08169291338582677,0.7217245240761478,0.4074803149606299,0.0610236220472441,0.05708661417322835,0.2106299212598425,0.03543307086614173,0.5385375494071146,0.41798418972332013,2.9514,"'-0.27464099999999997","'-0.01017188888888889",.111,.194,7.7,0,33.33333333333333,89.5,105.3,93.1,101.1,46.2,51.9,20.5,36.4,50,66.07142857142857,72.97297297297297,18.181818181818183,15.4,.111,.111,.148,.231,3.7037037037037033,1,0,1,0,3,0,14,55,20
Gustavo Campero,LAA,OF,28,158,139,581,0.46161417322834647,0.8070866141732284,0.1062992125984252,0.540661909448819,0.16594488188976378,0.7636389201349832,0.7125984251968503,0.3110236220472441,0.10433070866141732,0.46062992125984253,0.5826771653543307,0.13385826771653545,0.2106299212598425,0.1309055118110236,0.1515748031496063,0.06988188976377953,0.9281496062992126,0.37598425196850394,0.8661417322834646,0.6976483762597985,0.9271653543307087,0.7933070866141733,0.7874015748031497,0.9251968503937008,0.9251968503937008,0.8330039525691699,0.40217391304347827,7.802339999999999,1.30844,0.00828126582278481,.246,.324,1.7,10.1,27.00964630225081,85.4,107,87.2,100.5,25.2,12.7,10.8,19.7,49.741824440619624,75.92592592592592,86.82926829268294,9.81067125645439,15,.317,.399,.468,.359,1.2658227848101269,2,16,9,3,44,2,20,289,57
Korey Lee,CHW,C,27,240,220,862,0.13976377952755906,0.31791338582677164,0.10433070866141732,0.3623892716535433,0.2730314960629921,0.4772215973003374,0.327755905511811,0.22933070866141733,0.33661417322834647,0.1486220472440945,0.27165354330708663,0.3375984251968504,0.2706692913385827,0.390748031496063,0.6456692913385826,0.19094488188976377,0.5255905511811023,0.14468503937007873,0.48523622047244097,0.8734602463605823,0.9606299212598425,0.6692913385826772,0.2795275590551181,0.48031496062992124,0.7145669291338582,0.7312252964426877,0.40810276679841895,4.916530000000001,0.509374,0.0021223916666666667,.215,.308,4.2,7.1,32.02614379084967,87.2,107.5,89.9,104.4,30.9,22.9,6.8,27.7,53.132250580046396,77.1712158808933,84.56591639871381,14.733178654292344,15.1,.255,.313,.405,.304,2.9166666666666665,7,17,9,0,56,8,55,458,127
Jacob Hurtubise,MIL,OF,28,198,146,818,0.4360236220472441,0.16830708661417323,0.10236220472440945,0.4576156496062992,0.029527559055118113,0.7286276715410575,0.10433070866141732,0.021653543307086614,0.03346456692913386,0.9350393700787402,0.8789370078740157,0.003937007874015748,0.07480314960629922,0.007874015748031496,0.04921259842519685,0.013779527559055118,0.719488188976378,0.7401574803149606,0.8789370078740157,0.08286674132138858,0.07283464566929133,0.6781496062992126,0.937007874015748,0.7933070866141733,0.8582677165354331,0.4901185770750988,0.25296442687747034,6.6519699999999995,1.0701,0.0054045454545454535,.184,.219,0,16.7,21.052631578947366,79.9,104.7,79.5,98.9,18.2,19.2,15.9,19.1,38.386308068459655,58.267716535433074,84.68468468468468,7.334963325183375,12.4,.158,.352,.199,.205,0,0,33,4,1,23,0,38,314,60
Cade Marlowe,ATH,OF,28,181,151,706,0.7263779527559056,0.7864173228346457,0.10039370078740158,0.5557332677165354,0.4096456692913386,0.5572272215973003,0.7618110236220472,0.7096456692913385,0.562992125984252,0.7421259842519685,0.6633858267716536,0.4793307086614173,0.17224409448818898,0.45570866141732286,0.25098425196850394,0.12401574803149606,0.49311023622047245,0.9822834645669292,0.4330708661417323,0.8197088465845465,0.9763779527559056,0.3110236220472441,0.281496062992126,0.47244094488188976,0.7244094488188977,0.7223320158102767,0.9683794466403162,4.8755,0.42081499999999994,0.0023249447513812157,.250,.395,7.1,12.7,26.158038147138964,88.1,106.5,90.3,101.4,28.3,23.8,23,28.5,51.699716713881024,79.35103244837758,79.5539033457249,14.730878186968837,29.8,.311,.398,.470,.394,4.419889502762429,8,23,12,0,47,4,43,365,104
Maverick Handley,BAL,C,28,150,125,590,0.2755905511811024,0.4911417322834646,0.0984251968503937,0.37173966535433073,0.08976377952755907,0.5956130483689538,0.2125984251968504,0.09055118110236221,0.03346456692913386,0.8740157480314961,0.7893700787401575,0.11515748031496063,0.09940944881889764,0.16043307086614172,0.13877952755905512,0.11023622047244094,0.6151574803149606,0.21751968503937008,0.4330708661417323,0.4860022396416573,0.7263779527559056,0.2785433070866142,0.452755905511811,0.6240157480314961,0.38779527559055116,0.25790513833992096,0.30335968379446643,5.74821,"'-0.2553","'-0.0017020000000000002",.201,.273,0,15.3,23.7012987012987,85,105.3,87.7,100.4,27.7,21.3,8.4,28.5,46.4406779661017,71.27659574468085,79.1044776119403,13.220338983050848,13.3,.256,.373,.368,.333,0,0,23,7,2,32,1,32,274,78
Dominic Fletcher,PIT,OF,28,442,401,1706,0.3937007874015748,0.4311023622047244,0.09645669291338582,0.5337106299212598,0.42263779527559053,0.5662260967379078,0.6781496062992126,0.5137795275590551,0.35334645669291337,0.10334645669291338,0.13385826771653545,0.21161417322834647,0.6624015748031497,0.4793307086614173,0.31791338582677164,0.3720472440944882,0.6850393700787402,0.8356299212598425,0.7677165354330708,0.8756998880179171,0.8228346456692913,0.8503937007874016,0.6003937007874016,0.5551181102362205,0.19881889763779528,0.6116600790513834,0.8152173913043478,5.27824,"'-1.28526","'-0.002907828054298643",.243,.360,4.4,6.6,35.2542372881356,86.3,110.5,90.4,102,35,19.7,17.8,22.3,53.341148886283705,72.83800243605359,88.12709030100334,11.899179366940212,22.6,.254,.312,.449,.281,3.1674208144796383,14,29,19,4,102,17,87,910,203
Carter Kieboom,PHI,3B,28,396,366,1483,0.29822834645669294,0.6240157480314961,0.09448818897637795,0.484744094488189,0.42952755905511814,0.5289651293588301,0.7618110236220472,0.390748031496063,0.3031496062992126,0.1486220472440945,0.2637795275590551,0.46062992125984253,0.37106299212598426,0.5187007874015748,0.5334645669291339,0.6220472440944882,0.7362204724409449,0.3159448818897638,0.5639763779527559,0.7816349384098544,0.7992125984251969,0.7519685039370079,0.4389763779527559,0.5295275590551181,0.7066929133858267,0.6156126482213439,0.674901185770751,5.155530000000001,0.792412,0.002001040404040404,.250,.338,3.8,7.1,32.1608040201005,87.9,108.5,90.7,103.6,41,18.9,10,26.1,50.84288604180715,72.48908296943232,85.94377510040161,13.283884018880649,19.5,.317,.364,.448,.377,2.7777777777777777,11,28,17,2,116,9,75,754,197
Nick Kahle,FA,C,28,75,68,320,0.5236220472440944,0.2824803149606299,0.09251968503937008,0.39148622047244097,0.48070866141732277,0.23832958380202474,0.7322834645669292,0.6151574803149606,0.6437007874015748,0.11023622047244094,0.37598425196850394,0.3986220472440945,0.22145669291338582,0.234251968503937,0.17224409448818898,0.5246062992125984,0.3425196850393701,0.8474409448818898,0.20669291338582677,0.42777155655095184,0.3061023622047244,0.06299212598425197,0.2637795275590551,0.08858267716535433,0.33858267716535434,0.05533596837944664,0.4426877470355731,1.7053599999999998,"'-0.143804","'-0.0019173866666666664",.248,.376,8.2,6.7,30.113636363636363,87.6,107.1,88.5,100.7,38.8,26.7,18,32.9,45.625,64.58333333333334,73.11827956989248,15,15.7,.250,.307,.397,.319,5.333333333333334,4,5,4,0,17,2,20,146,48
Harrison Spohn,FA,SS,27,123,103,518,0.04330708661417323,0.0531496062992126,0.09055118110236221,0.25664370078740156,0.2604330708661417,0.25168728908886384,0.015748031496062992,0.007874015748031496,0.11614173228346457,0.8356299212598425,0.5216535433070866,0.46062992125984253,0.140748031496063,0.234251968503937,0.7057086614173228,0.5767716535433071,0.00984251968503937,0.8690944881889764,0.018700787401574805,0.37402015677491607,0.32677165354330706,0.007874015748031496,0.04133858267716536,0.1141732283464567,0.03346456692913386,0.038537549407114624,0.08102766798418973,2.10535,"'-1.25232","'-0.010181463414634145",.144,.195,2,14.6,27.816901408450715,87.9,106.1,88.5,105,40,43.9,18.4,42.4,44.594594594594604,64.95726495726495,64.47368421052633,18.918918918918923,8,.155,.285,.175,.320,0.8130081300813009,1,18,2,0,16,0,54,231,98
Will Holland,FA,SS/OF,28,259,222,1048,0.1889763779527559,0.20374015748031496,0.08858267716535433,0.31040846456692917,0.299015748031496,0.24957817772778404,0.12303149606299213,0.19488188976377951,0.46948818897637795,0.4478346456692913,0.41732283464566927,0.11909448818897637,0.5059055118110236,0.18208661417322836,0.2312992125984252,0.20570866141732283,0.19881889763779528,0.7962598425196851,0.1377952755905512,0.406494960806271,0.2440944881889764,0.09645669291338582,0.2047244094488189,0.6161417322834646,0.6653543307086615,0.7944664031620553,0.7470355731225297,5.726430000000001,0.310827,0.0012001042471042472,.187,.302,6,10,29.45326278659612,85.1,109.5,88,101.2,31.3,29.3,17,34.4,45.22900763358778,63.825363825363816,74.91856677524429,15.553435114503815,21.2,.198,.297,.342,.254,3.474903474903475,9,26,8,0,44,8,76,474,163
Tristin English,ATL,1B,28,411,382,1446,0.5118110236220472,0.7942913385826772,0.08661417322834646,0.5051058070866141,0.609251968503937,0.4887514060742407,0.7322834645669292,0.75,0.5403543307086615,0.04822834645669291,0.005905511811023622,0.43799212598425197,0.7598425196850394,0.5994094488188977,0.6023622047244095,0.5580708661417323,0.8661417322834646,0.2992125984251969,0.7116141732283464,0.9652855543113102,0.90748031496063,0.4921259842519685,0.38976377952755903,0.07086614173228346,0.32677165354330706,0.27865612648221344,0.3942687747035573,1.45915,"'-0.807688","'-0.001965177615571776",.248,.406,6.9,4.6,44.62705436156764,87.8,111.5,91.2,104.1,39.6,15.1,9.7,23.4,58.50622406639005,75.26717557251908,81.94726166328601,13.692946058091287,14.8,.322,.363,.513,.353,5.35279805352798,22,19,31,0,123,14,62,846,198
Dalvy Rosario,FA,OF,25,63,56,247,0.02952755905511811,0.051181102362204724,0.08464566929133858,0.23738927165354334,0.11082677165354331,0.31763217097862767,0.01968503937007874,0.03740157480314961,0.4074803149606299,0.4035433070866142,0.09645669291338582,0.011811023622047244,0.01968503937007874,0.005905511811023622,0.03543307086614173,0.07775590551181102,0.16535433070866143,0.6368110236220472,0.3720472440944882,0.6259798432250839,0.5078740157480315,0.3375984251968504,0.3405511811023622,0.3346456692913386,0.4330708661417323,0.27865612648221344,0.5800395256916996,4.10119,"'-0.0930498","'-0.0014769809523809524",.147,.234,5.3,9.5,36.423841059602644,80.8,102.5,78.4,98.2,26.3,30.2,14.3,29.2,48.582995951417004,67.70833333333334,80,14.170040485829961,17.9,.143,.222,.286,.167,3.1746031746031744,2,6,0,1,8,2,19,120,35
Jose Miranda,SDP,1B/3B,27,371,334,1349,0.1171259842519685,0.09744094488188976,0.08267716535433071,0.37973671259842523,0.2096456692913386,0.5823959505061866,0.19980314960629922,0.14960629921259844,0.2106299212598425,0.24803149606299213,0.15748031496062992,0.12401574803149606,0.4301181102362205,0.16043307086614172,0.25098425196850394,0.13385826771653545,0.8562992125984252,0.5118110236220472,0.7440944881889764,0.7402015677491601,0.5531496062992126,0.8562992125984252,0.6614173228346457,0.1220472440944882,0.4566929133858268,0.5316205533596838,0.49407114624505927,2.17101,"'-0.48518500000000003","'-0.00130777628032345",.199,.285,2.9,8.1,34.61012311901504,85.2,109,87.7,101.4,28.5,15.4,12.8,22.8,50.11119347664938,68.44660194174757,88.4160756501182,11.415863602668646,16.5,.195,.272,.296,.214,2.1563342318059298,8,30,13,0,65,7,57,676,154
Brady Lindsly,FA,C,28,66,56,247,0.4911417322834646,0.0610236220472441,0.08070866141732283,0.2857406496062992,0.33681102362204723,0.22876827896512936,0.5019685039370079,0.23622047244094488,0.4468503937007874,0.7913385826771654,0.18799212598425197,0.2755905511811024,0.2608267716535433,0.16043307086614172,0.4074803149606299,0.4645669291338583,0.10925196850393701,0.2549212598425197,0.07381889763779527,0.4669652855543113,0.20078740157480315,0.12992125984251968,0.10826771653543307,0.038385826771653545,0.3110236220472441,0.2450592885375494,0.7687747035573123,1.08036,"'-0.135345","'-0.0020506818181818182",.229,.310,5.7,13.6,33.80281690140845,86.8,107.4,87.7,102.8,37.1,31.8,9,36.8,46.153846153846146,62.85714285714285,75.75757575757575,17.00404858299595,21.6,.143,.273,.214,.206,3.0303030303030303,2,9,1,0,8,1,21,114,42
Spencer Horwitz,PIT,1B,28,33,31,138,0.8139763779527559,0.5718503937007874,0.07874015748031496,0.4637672244094488,0.4301181102362205,0.4356017997750281,0.9940944881889764,0.8917322834645669,0.32086614173228345,0.0265748031496063,0.06299212598425197,0.43799212598425197,0.08169291338582677,0.2204724409448819,0.6023622047244095,0.4183070866141732,0.6230314960629921,0.30708661417322836,0.7923228346456693,0.7217245240761478,0.26673228346456695,0.5649606299212598,0.7125984251968503,0.10531496062992125,0.3090551181102362,0.038537549407114624,0.23023715415019763,2.0178599999999998,"'-0.06767260000000001","'-0.0020506848484848485",.330,.457,4,3,37.837837837837846,87.8,104.9,88.4,104.1,36,21.2,9.9,21.7,50,64.0625,82.92682926829268,10.869565217391305,12,.323,.333,.484,.375,3.0303030303030303,1,1,2,0,10,1,7,69,15
Adam Hackenberg,TOR,C,26,143,133,490,0.1328740157480315,0.09350393700787402,0.07677165354330709,0.2779896653543308,0.16594488188976378,0.3010404949381328,0.39763779527559057,0.2125984251968504,0.12696850393700787,0.1377952755905512,0.16535433070866143,0.16929133858267717,0.1220472440944882,0.13976377952755906,0.125,0.19881889763779528,0.39468503937007876,0.6161417322834646,0.2578740157480315,0.8454647256438969,0.812992125984252,0.2125984251968504,0.12598425196850394,0.3641732283464567,0.7322834645669292,0.19861660079051383,0.2618577075098814,4.29253,0.34622800000000004,0.002421174825174825,.221,.306,2.1,7,34.36293436293436,85.9,105.7,87.4,100.2,31.2,25.9,14.1,31.9,52.44897959183673,72.72727272727273,77.97619047619048,16.73469387755102,12.5,.218,.273,.301,.295,1.3986013986013983,2,10,8,0,29,1,37,257,82
Josh Jung,TEX,3B,28,40,39,148,0.1279527559055118,0.12598425196850394,0.07480314960629922,0.43842273622047245,0.43425196850393694,0.4583802024746907,0.34744094488188976,0.5787401574803149,0.26279527559055116,0.021653543307086614,0.001968503937007874,0.687992125984252,0.06496062992125984,0.8681102362204725,0.45570866141732286,0.5767716535433071,0.6673228346456693,0.9803149606299213,0.7519685039370079,0.9395296752519596,0.2933070866141732,0.9881889763779528,0.484251968503937,0.17913385826771652,0.013779527559055118,0.1225296442687747,0.2865612648221344,2.75791,"'-0.555028","'-0.013875700000000001",.217,.368,3.3,2.5,51.68539325842697,89.4,104.3,94,103.2,40,20,22.6,22.6,56.75675675675675,64.40677966101694,94.73684210526315,12.837837837837837,12.9,.205,.225,.410,.207,2.5,1,1,2,0,8,2,8,84,19
Mike Jarvis,PIT,2B,27,78,71,296,0.05019685039370079,0.05905511811023622,0.07283464566929133,0.3612204724409449,0.27381889763779527,0.33703599550056246,0.1889763779527559,0.07874015748031496,0.12696850393700787,0.10039370078740158,0.3858267716535433,0.23523622047244094,0.6948818897637795,0.10826771653543307,0.24015748031496062,0.23326771653543307,0.140748031496063,0.9340551181102362,0.3110236220472441,0.6920492721164614,0.7618110236220472,0.41732283464566927,0.2421259842519685,0.8779527559055118,0.9763779527559056,0.7885375494071146,0.8824110671936759,7.230639999999999,1.02385,0.013126282051282051,.197,.265,2.1,6.4,29.93630573248408,86.5,110.7,86.7,101.3,31.9,30.8,20.3,30.6,49.66216216216216,71.94244604316546,81,15.202702702702705,24.5,.183,.244,.282,.255,1.282051282051282,1,5,4,0,13,1,24,147,45
Drew Swift,ATH,SS,27,165,149,677,0.12303149606299213,0.6240157480314961,0.07086614173228346,0.3029650590551181,0.08484251968503938,0.5089988751406074,0.327755905511811,0.07874015748031496,0.03346456692913386,0.41732283464566927,0.7913385826771654,0.0265748031496063,0.14960629921259844,0.07381889763779527,0.03937007874015748,0.13582677165354332,0.3090551181102362,0.015748031496062992,0.6062992125984252,0.19708846584546472,0.12598425196850394,0.5787401574803149,0.734251968503937,0.3937007874015748,0.6338582677165354,0.3290513833992095,0.23023715415019763,4.46051,0.08599939999999999,0.0005212084848484847,.215,.265,0,9.7,23.615160349854232,83.2,106.2,85.9,98.6,28.8,27.3,0.6,25.5,41.65435745937962,60.17964071856288,83.08457711442786,10.635155096011816,12,.315,.382,.416,.441,0,0,16,9,0,47,2,45,282,72
Michael Massey,KCR,2B,28,105,96,413,0.4507874015748031,0.39763779527559057,0.0688976377952756,0.46149114173228345,0.3246062992125984,0.5538526434195725,0.640748031496063,0.5836614173228346,0.6289370078740157,0.08267716535433071,0.04330708661417323,0.060039370078740155,0.23622047244094488,0.07874015748031496,0.25098425196850394,0.1141732283464567,0.6673228346456693,0.7096456692913385,0.8868110236220472,0.8891377379619261,0.7224409448818898,0.7155511811023622,0.7588582677165354,0.08267716535433071,0.3188976377952756,0.4654150197628458,0.6156126482213439,1.60119,"'-0.211477","'-0.0020140666666666664",.240,.371,8,5.7,38.73873873873874,84.1,107.2,86,101.4,28,20,15.4,18.9,53.753026634382564,71.20418848167539,85.29411764705883,10.16949152542373,18.4,.250,.314,.427,.282,5.7142857142857135,6,6,5,0,24,4,21,222,42
Andrew Navigato,DET,2B/SS,27,376,335,1558,0.14468503937007873,0.19389763779527558,0.06692913385826772,0.32018946850393704,0.34901574803149604,0.23776715410573676,0.12303149606299213,0.2687007874015748,0.5797244094488189,0.18208661417322836,0.2765748031496063,0.2952755905511811,0.25,0.5187007874015748,0.3375984251968504,0.3513779527559055,0.13385826771653545,0.8198818897637795,0.23326771653543307,0.5991041433370661,0.45866141732283466,0.16929133858267717,0.2106299212598425,0.6259842519685039,0.15354330708661418,0.7470355731225297,0.7845849802371542,5.77283,"'-1.3976899999999999","'-0.0037172606382978725",.187,.316,7.3,7.4,31.89964157706093,86.9,107.3,90.7,102.2,34.7,30.9,17.4,32.3,48.07445442875482,66.85159500693483,76.97095435684649,15.532734274711167,21.9,.209,.282,.367,.277,4.25531914893617,16,28,16,2,70,11,116,749,242
Ronaldo Hernández,FA,C,28,104,92,387,0.10334645669291338,0.08562992125984252,0.06496062992125984,0.35107037401574803,0.39763779527559057,0.43433633295838014,0.26673228346456695,0.14960629921259844,0.1830708661417323,0.3090551181102362,0.2047244094488189,0.530511811023622,0.6624015748031497,0.13976377952755906,0.7608267716535433,0.4625984251968504,0.6230314960629921,0.20964566929133857,0.4448818897637795,0.8667413213885778,0.8799212598425197,0.31299212598425197,0.265748031496063,0.008858267716535433,0.5787401574803149,0.08893280632411067,0.2618577075098814,0.14285699999999998,"'-0.0169182","'-0.000162675",.207,.285,2.7,8.7,33.663366336633665,88.5,110.5,87.4,105.5,37,21.2,8.3,28.3,52.97157622739019,74.05405405405405,79.56204379562044,14.987080103359174,12.5,.196,.262,.304,.229,1.9230769230769231,2,9,4,0,18,2,22,205,58
Aaron Schunk,ATL,2B/3B/SS,28,358,320,1294,0.5718503937007874,0.6476377952755905,0.06299212598425197,0.49274114173228345,0.3401574803149606,0.5026715410573678,0.7913385826771654,0.6230314960629921,0.281496062992126,0.24803149606299213,0.045275590551181105,0.2588582677165354,0.2706692913385827,0.3316929133858268,0.35039370078740156,0.26673228346456695,0.7568897637795275,0.6456692913385826,0.6673228346456693,0.8208286674132139,0.5216535433070866,0.7736220472440944,0.5059055118110236,0.655511811023622,0.1830708661417323,0.3695652173913043,0.6314229249011858,5.92328,"'-1.13826","'-0.003179497206703911",.254,.377,3.5,8.1,38.57938718662953,86.7,107.5,89.3,102.3,32.7,18.4,14.4,24.5,51.70015455950541,68.05555555555556,86.4795918367347,12.67387944358578,18.6,.291,.352,.478,.333,2.5139664804469275,9,29,16,7,93,10,66,669,164
Luis Urías,ARI,2B/3B,28,57,50,214,0.30413385826771655,0.4153543307086614,0.0610236220472441,0.49071112204724404,0.23011811023622047,0.7484533183352081,0.4438976377952756,0.2017716535433071,0.14173228346456693,0.5,0.812007874015748,0.35236220472440943,0.13385826771653545,0.3021653543307087,0.514763779527559,0.32086614173228345,0.9704724409448819,0.40255905511811024,0.9665354330708661,0.21500559910414327,0.1968503937007874,0.8267716535433071,0.9665354330708661,0.3110236220472441,0.6633858267716536,0.799407114624506,0.7104743083003953,3.8921099999999997,0.0646548,0.0011342947368421052,.225,.304,2.3,10.5,23.214285714285715,87.3,105.9,89.1,103.5,34.1,10.5,11.2,14.4,42.056074766355145,62.74509803921568,87.5,6.074766355140188,20.5,.260,.351,.380,.279,1.7543859649122806,1,6,3,0,13,1,6,90,13
Andy Weber,CHW,2B/SS,28,401,363,1497,0.37598425196850394,0.6053149606299213,0.05905511811023622,0.5121186023622046,0.22322834645669293,0.7204724409448818,0.8641732283464567,0.3297244094488189,0.07874015748031496,0.3090551181102362,0.4251968503937008,0.16929133858267717,0.40846456692913385,0.16043307086614172,0.16141732283464566,0.12992125984251968,0.8917322834645669,0.28838582677165353,0.8996062992125984,0.6517357222844344,0.7736220472440944,0.9212598425196851,0.8228346456692913,0.5059055118110236,0.04921259842519685,0.3191699604743083,0.4743083003952569,5.040719999999999,"'-3.47065","'-0.008654987531172071",.262,.327,1,8.7,29.32515337423313,85.9,108.8,87.7,100.6,28.4,14,9.5,18.7,48.83099532398129,72.14076246334311,90.04065040650406,9.151636606546424,16.3,.311,.369,.435,.356,0.7481296758104738,3,35,19,7,113,4,56,731,137
Conner Capel,COL,OF,28,405,359,1639,0.46161417322834647,0.22736220472440946,0.05708661417322835,0.5194389763779528,0.31850393700787405,0.6377952755905512,0.5866141732283464,0.4921259842519685,0.4242125984251969,0.46062992125984253,0.6240157480314961,0.2588582677165354,0.18405511811023623,0.18208661417322836,0.2155511811023622,0.23326771653543307,0.6427165354330708,0.49901574803149606,0.7864173228346457,0.4613661814109742,0.4507874015748031,0.7322834645669292,0.7677165354330708,0.7066929133858267,0.7913385826771654,0.6482213438735178,0.674901185770751,6.232469999999999,1.46399,0.00361479012345679,.236,.356,5.4,10.1,26.60332541567696,86.7,106.7,88,101.1,31.9,20.5,12.6,21.8,46.12568639414277,66.75031367628608,85.52631578947368,10.06711409395973,19.5,.226,.306,.354,.264,3.7037037037037033,15,41,10,3,81,10,83,756,165
Jonny DeLuca,TBR,OF,27,56,50,216,0.0610236220472441,0.005905511811023622,0.05511811023622047,0.3186515748031496,0.1671259842519685,0.4512092238470191,0.10433070866141732,0.05708661417322835,0.03346456692913386,0.33661417322834647,0.21751968503937008,0.09055118110236221,0.6023622047244095,0.06594488188976377,0.07381889763779527,0.05216535433070866,0.6919291338582677,0.7755905511811023,0.5748031496062992,0.7217245240761478,0.5039370078740157,0.359251968503937,0.4744094488188976,0.16338582677165353,0.3956692913385827,0.9802371541501976,0.950592885375494,2.6428599999999998,"'-0.0930498","'-0.0016616035714285716",.184,.248,0,8.9,33.33333333333333,84.6,110,85.8,99.5,23.1,19.6,16.7,25.9,50,67.6190476190476,80.28169014084506,12.962962962962964,28.2,.120,.214,.140,.154,0,0,5,1,0,6,0,11,108,28
Cooper Johnson,TEX,C,28,320,272,1380,0.1889763779527559,0.2106299212598425,0.0531496062992126,0.3452878937007874,0.15885826771653544,0.46175478065241843,0.14271653543307086,0.13188976377952755,0.2529527559055118,0.7618110236220472,0.7775590551181102,0.06988188976377953,0.23622047244094488,0.1515748031496063,0.2155511811023622,0.10334645669291338,0.3110236220472441,0.8159448818897638,0.3562992125984252,0.2665173572228444,0.2421259842519685,0.297244094488189,0.4862204724409449,0.35039370078740156,0.6318897637795275,0.6630434782608695,0.8527667984189723,4.21015,0.164319,0.000513496875,.191,.281,3.2,13.1,24.13793103448276,84.2,107.2,87.6,101.1,27.4,27.2,17.3,29.8,42.97101449275363,63.81679389312978,79.42583732057416,12.82608695652174,23.8,.210,.319,.320,.280,1.875,6,42,10,1,57,6,87,593,177
Stephen Scott,FA,C,28,64,58,248,0.031496062992125984,0.023622047244094488,0.051181102362204724,0.36940206692913385,0.4917322834645669,0.20444319460067492,0.054133858267716536,0.05019685039370079,0.03346456692913386,0.09744094488188976,0.5078740157480315,0.9537401574803149,0.6456692913385826,0.8208661417322834,0.6200787401574803,0.7755905511811023,0.18011811023622049,0.9566929133858267,0.03543307086614173,0.4512877939529675,0.47834645669291337,0.07283464566929133,0.05905511811023622,0.9783464566929134,0.844488188976378,0.8883399209486166,0.5800395256916996,8.82049,0.298491,0.004663921875,.170,.245,0,6.3,28.14814814814815,93.2,110.4,93.4,104.2,44.7,29.7,20.9,39.5,45.967741935483865,67.25663716814161,73.68421052631578,18.145161290322577,17.9,.138,.219,.224,.184,0,0,4,0,1,8,1,19,114,45
Trevor Boone,FA,OF,28,127,119,509,0.08661417322834646,0.297244094488189,0.04921259842519685,0.35131643700787396,0.5862204724409449,0.11839145106861644,0.06200787401574803,0.530511811023622,0.8375984251968503,0.05216535433070866,0.09055118110236221,0.562992125984252,0.5698818897637795,0.45570866141732286,0.8572834645669292,0.4301181102362205,0.027559055118110236,0.7696850393700787,0.058070866141732284,0.7760358342665173,0.547244094488189,0.017716535433070866,0.03543307086614173,0.9429133858267716,0.7106299212598425,0.892292490118577,0.9446640316205533,7.9691,0.257907,0.002030763779527559,.173,.362,11.6,4.7,36.84210526315789,88.7,109.8,90.3,106.5,36.2,40.2,16.6,37.6,50.68762278978389,68.30357142857143,68.62745098039215,19.056974459724948,27.5,.210,.252,.479,.279,6.299212598425196,8,6,4,2,25,8,51,258,97
Andy Yerzy,STL,C/1B,27,204,182,789,0.10334645669291338,0.15748031496062992,0.047244094488188976,0.22890009842519687,0.3161417322834646,0.2267997750281215,0.09744094488188976,0.11318897637795275,0.4074803149606299,0.4271653543307087,0.3828740157480315,0.16929133858267717,0.38779527559055116,0.11811023622047244,0.7057086614173228,0.5029527559055118,0.08759842519685039,0.17519685039370078,0.0639763779527559,0.5498320268756999,0.4763779527559055,0.0688976377952756,0.08070866141732283,0.11811023622047244,0.17913385826771652,0.6353754940711462,0.49407114624505927,2.14132,"'-0.663759","'-0.003253720588235294",.183,.277,5.3,9.8,30,85.9,108.6,87,105,38.1,32.8,7.6,37.2,47.40177439797212,67.20867208672087,73.38709677419354,17.61723700887199,16.5,.203,.289,.330,.284,2.9411764705882346,6,20,5,0,37,6,67,374,139
Hayden Cantrelle,CHC,2B,27,273,234,1126,0.1486220472440945,0.2824803149606299,0.045275590551181105,0.30604084645669294,0.03346456692913386,0.4131046119235096,0.16535433070866143,0.06200787401574803,0.0718503937007874,0.6742125984251969,0.7874015748031497,0.01968503937007874,0.00984251968503937,0.045275590551181105,0.003937007874015748,0.003937007874015748,0.07677165354330709,0.7244094488188977,0.3375984251968504,0.3348264277715566,0.25196850393700787,0.328740157480315,0.43503937007874016,0.7992125984251969,0.8484251968503937,0.642292490118577,0.6027667984189723,6.706239999999999,1.30084,0.004764981684981685,.194,.252,0.7,12.1,23.835125448028673,82.1,101.2,84.8,94.8,9.7,33.3,15.6,30.2,44.04973357015985,63.90845070422535,79.88980716253444,13.321492007104794,18.1,.235,.341,.333,.364,0.3663003663003663,1,33,9,1,55,4,91,496,150
Bennett Hostetler,MIA,C/3B,28,120,95,498,0.31003937007874016,0.11515748031496063,0.04330708661417323,0.3273868110236221,0.24448818897637797,0.3132733408323959,0.15059055118110237,0.06692913385826772,0.10433070866141732,0.7244094488188977,0.5521653543307087,0.41633858267716534,0.140748031496063,0.234251968503937,0.4074803149606299,0.4940944881889764,0.09448818897637795,0.7755905511811023,0.058070866141732284,0.4524076147816349,0.5511811023622047,0.1141732283464567,0.0984251968503937,0.5866141732283464,0.9350393700787402,0.3092885375494071,0.5217391304347826,5.47768,1.04621,0.00871841666666667,.192,.256,1.7,12.5,27.472527472527474,87.7,106.1,88.5,102.8,37.9,32.5,16.7,37.6,45.98393574297189,68.44444444444444,75.32467532467533,17.269076305220885,16.9,.179,.325,.221,.288,0.8333333333333334,1,15,4,0,17,0,39,229,86
Diego Castillo,FA,2B/SS,28,262,232,1088,0.3218503937007874,0.4311023622047244,0.04133858267716536,0.3810285433070866,0.18464566929133858,0.5486501687289089,0.5748031496062992,0.26279527559055116,0.19980314960629922,0.5600393700787402,0.6259842519685039,0.15649606299212598,0.2106299212598425,0.14763779527559054,0.13877952755905512,0.09350393700787402,0.6998031496062992,0.4271653543307087,0.7401574803149606,0.12206047032474805,0.00984251968503937,0.37401574803149606,0.8307086614173228,0.008858267716535433,0.5590551181102362,0.3814229249011858,0.5286561264822134,0.14285699999999998,"'-0.06767260000000001","'-0.0002582923664122137",.235,.315,2.8,11.1,26.55677655677656,85.8,107,87.5,100.4,27.1,19.5,11.5,22.9,39.70588235294117,52.95202952029521,80.4878048780488,9.099264705882351,17,.263,.344,.397,.309,1.9083969465648856,5,29,10,0,61,7,51,432,99
Nick Gonzales,PIT,2B,26,38,36,142,0.007874015748031496,0.015748031496062992,0.03937007874015748,0.1985113188976378,0.1683070866141732,0.25365579302587177,0.07874015748031496,0.06200787401574803,0.03346456692913386,0.00984251968503937,0.07283464566929133,0.3257874015748031,0.07480314960629922,0.3169291338582677,0.09251968503937008,0.3454724409448819,0.21751968503937008,0.04822834645669291,0.24507874015748032,0.9148936170212766,0.9507874015748031,0.19488188976377951,0.08464566929133858,0.4242125984251969,0.41929133858267714,0.029644268774703556,0.06521739130434782,4.69643,"'-0.0592135","'-0.00155825",.179,.252,0,0,37.17948717948718,87.1,104.7,89.2,99.8,34.6,28.9,3.5,32.1,54.92957746478874,76.5625,77.55102040816327,17.6056338028169,7.7,.194,.211,.250,.269,0,0,0,0,1,7,0,11,78,25
Terrin Vavra,FA,2B/OF,28,287,250,1149,0.3218503937007874,0.27755905511811024,0.03740157480314961,0.4274114173228346,0.19133858267716536,0.6155793025871766,0.4242125984251969,0.24311023622047245,0.2372047244094488,0.6387795275590551,0.5748031496062992,0.2755905511811024,0.1279527559055118,0.28051181102362205,0.10137795275590551,0.07283464566929133,0.6594488188976378,0.3346456692913386,0.6446850393700787,0.5767077267637178,0.8208661417322834,0.3799212598425197,0.5905511811023622,0.4921259842519685,0.6437007874015748,0.041501976284584984,0.05039525691699605,4.99445,0.223255,0.0007778919860627178,.223,.312,3.1,11.8,27.11323763955343,86.8,105.8,88.9,99.9,26.2,20.2,10.3,24.9,47.867711053089636,72.79693486590037,80.52631578947368,11.923411662315054,6.9,.248,.341,.332,.314,2.0905923344947737,6,34,13,1,62,2,58,550,137
Austin Murr,PHI,1B/OF,27,27,24,118,0.03543307086614173,0.1309055118110236,0.03543307086614173,0.2991510826771654,0.23622047244094485,0.3465973003374578,0.07086614173228346,0.17618110236220472,0.5265748031496063,0.18208661417322836,0.18503937007874016,0.023622047244094488,0.4301181102362205,0.07381889763779527,0.7490157480314961,0.024606299212598427,0.03937007874015748,0.9901574803149606,0.5,0.28443449048152303,0.018700787401574805,0.8986220472440944,0.6023622047244095,0.08267716535433071,0.4153543307086614,0.8992094861660079,0.9357707509881423,1.60119,"'-0.042295400000000004","'-0.0015664962962962962",.177,.293,6.7,7.4,33.846153846153854,82.8,109,85.9,105.4,20,37,24.8,27.5,43.22033898305085,54.716981132075475,89.65517241379311,11.864406779661017,26.7,.208,.259,.375,.286,3.7037037037037033,1,2,1,0,5,1,10,51,14
Tyler Fitzgerald,TOR,2B/SS,28,236,210,940,0.3937007874015748,0.31299212598425197,0.03346456692913386,0.38939468503937014,0.3043307086614173,0.3577052868391451,0.6663385826771654,0.41929133858267714,0.4074803149606299,0.15748031496062992,0.3405511811023622,0.1830708661417323,0.3061023622047244,0.28937007874015747,0.3375984251968504,0.20570866141732283,0.36220472440944884,0.7962598425196851,0.3188976377952756,0.6864501679731243,0.8011811023622047,0.2755905511811024,0.24803149606299213,0.3484251968503937,0.5708661417322834,0.48320158102766797,0.6877470355731226,4.18863,"'-0.048715800000000004","'-0.0002064228813559322",.242,.343,5.3,7.2,30.88803088803089,86,107.9,89,102.2,31.3,26.3,17,30.5,49.57446808510638,72.51184834123224,79.08496732026144,15.106382978723405,19.9,.248,.322,.381,.319,3.3898305084745757,8,17,10,0,52,6,62,466,142
Darius Hill,FA,OF,28,114,99,471,0.1889763779527559,0.19389763779527558,0.031496062992125984,0.3537155511811024,0.1700787401574803,0.4746906636670416,0.2874015748031496,0.17125984251968504,0.1830708661417323,0.5,0.2578740157480315,0.3700787401574803,0.06692913385826772,0.390748031496063,0.04921259842519685,0.05905511811023622,0.5905511811023622,0.3464566929133858,0.42322834645669294,0.7928331466965286,0.9114173228346457,0.3464566929133858,0.2933070866141732,0.6633858267716536,0.5610236220472441,0.49604743083003955,0.23023715415019763,5.94276,"'-0.028395","'-0.00024907894736842103",.210,.290,2.7,10.5,32.19696969696969,87.4,104.4,89.9,98.9,24.3,21.9,10.5,28.6,51.16772823779194,75.36231884057972,80.12820512820514,14.64968152866242,12,.212,.307,.323,.270,1.7543859649122806,2,12,6,1,21,1,25,241,69
Daniel Cope,FA,C,28,80,68,318,0.1328740157480315,0.2608267716535433,0.02952755905511811,0.31834399606299213,0.22263779527559055,0.4737064116985377,0.08759842519685039,0.047244094488188976,0.12696850393700787,0.5875984251968503,0.6614173228346457,0.23523622047244094,0.38779527559055116,0.3316929133858268,0.09251968503937008,0.3159448818897638,0.36220472440944884,0.03641732283464567,0.25196850393700787,0.4748040313549832,0.5728346456692913,0.6023622047244095,0.27755905511811024,0.4074803149606299,0.35039370078740156,0.08695652173913043,0.009881422924901186,4.60877,"'-0.149572","'-0.00186965",.181,.242,2.1,11.3,26.190476190476193,86.5,108.6,89.3,99.8,34,26.3,2.9,32,46.22641509433962,68.66666666666667,83.49514563106796,14.779874213836475,4.3,.206,.325,.338,.283,1.25,1,9,4,1,14,1,21,147,47
Zach Humphreys,LAA,C,28,222,194,907,0.11220472440944881,0.16830708661417323,0.027559055118110236,0.33156988188976383,0.08523622047244095,0.5351518560179978,0.22145669291338582,0.06496062992125984,0.08858267716535433,0.4360236220472441,0.7145669291338582,0.0344488188976378,0.20275590551181102,0.08956692913385826,0.031496062992125984,0.03543307086614173,0.6043307086614174,0.3543307086614173,0.6269685039370079,0.3706606942889138,0.3248031496062992,0.3641732283464567,0.6751968503937008,0.4448818897637795,0.8307086614173228,0.37549407114624506,0.24802371541501977,4.78253,1.00363,0.0045208558558558565,.202,.255,1.3,9.9,25.427350427350426,83.6,106.9,86.2,97.8,21.5,21.6,10.6,25.2,44.54244762954796,64.92027334851936,80.35087719298248,11.245865490628443,12.3,.216,.302,.320,.272,0.9009009009009008,2,22,14,0,42,2,48,404,102
Tyler Tolbert,KCR,OF,28,109,95,419,0.22440944881889763,0.5127952755905512,0.025590551181102362,0.2853100393700787,0.12244094488188977,0.3190382452193476,0.5019685039370079,0.18700787401574803,0.09547244094488189,0.27263779527559057,0.5019685039370079,0.09055118110236221,0.10925196850393701,0.08956692913385826,0.16141732283464566,0.12992125984251968,0.297244094488189,0.22736220472440946,0.11023622047244094,0.5145576707726763,0.6141732283464567,0.2933070866141732,0.1437007874015748,0.765748031496063,0.65748031496063,0.20454545454545456,0.48221343873517786,6.54156,0.115335,0.0010581192660550458,.229,.298,1.5,8.3,28.26086956521739,84.6,105.5,86.2,100.6,28.4,27.5,8.5,35.2,46.77804295942721,69.31216931216932,79.38931297709924,16.467780429594274,16.4,.274,.349,.421,.359,0.9174311926605504,1,9,5,0,26,3,30,196,69
Matt O'Neill,ARI,C,28,65,59,252,0.06988188976377953,0.10826771653543307,0.023622047244094488,0.28334153543307083,0.3639763779527559,0.30919572553430813,0.06692913385826772,0.1437007874015748,0.7726377952755905,0.37401574803149606,0.5846456692913385,0.3257874015748031,0.2874015748031496,0.3021653543307087,0.4202755905511811,0.2903543307086614,0.140748031496063,0.3543307086614173,0.24507874015748032,0.3617021276595745,0.44586614173228345,0.045275590551181105,0.328740157480315,0.058070866141732284,0.36023622047244097,0.011857707509881422,0.06521739130434782,1.35609,"'-0.118427","'-0.0018219538461538465",.175,.284,10.3,9.2,26.95035460992908,87.1,107.7,89.1,102.9,33.3,30.8,10.6,32.1,44.444444444444436,66.66666666666666,71.62162162162163,14.285714285714285,7.7,.203,.277,.305,.289,6.153846153846153,4,6,3,0,12,1,20,112,36
Konner Piotto,FA,C/1B,28,112,94,414,0.09153543307086615,0.2155511811023622,0.021653543307086614,0.2945374015748031,0.08011811023622047,0.4931102362204725,0.031496062992125984,0.017716535433070866,0.26279527559055116,0.8238188976377953,0.3828740157480315,0.017716535433070866,0.06200787401574803,0.023622047244094488,0.04330708661417323,0.040354330708661415,0.18700787401574803,0.5285433070866141,0.5748031496062992,0.43001119820828665,0.3454724409448819,0.5255905511811023,0.6122047244094488,0.20866141732283464,0.16141732283464566,0.27865612648221344,0.191699604743083,2.95077,"'-0.394343","'-0.003520919642857143",.161,.210,3.3,14.3,30,81.6,104.2,83,98.8,21.7,29.5,13,25.9,45.65217391304348,65.21739130434783,82.5,11.835748792270529,11.1,.223,.348,.266,.333,1.7857142857142856,2,16,1,0,21,1,33,189,49
Victor Robles,SEA,OF,28,32,29,116,0.562007874015748,0.8494094488188977,0.01968503937007874,0.40009842519685035,0.3289370078740157,0.2755905511811024,0.8198818897637795,0.5688976377952756,0.03346456692913386,0.00984251968503937,0.021653543307086614,0.6545275590551181,0.015748031496062992,0.5344488188976378,0.13877952755905512,0.3720472440944882,0.25393700787401574,0.8690944881889764,0.3425196850393701,0.986562150055991,0.9744094488188977,0.2874015748031496,0.03937007874015748,0.5767716535433071,0.08858267716535433,0.8537549407114624,0.9713438735177866,5.42033,"'-0.177464","'-0.00554575",.257,.366,0,0,40.81632653061224,89.2,101.9,90.8,100.4,35,28.1,18.4,30.1,62.93103448275862,79.1044776119403,79.24528301886792,18.96551724137931,30,.310,.375,.517,.421,0,0,0,3,0,9,1,9,73,22
Grae Kessinger,NYM,2B/3B,28,42,34,166,0.2755905511811024,0.4153543307086614,0.017716535433070866,0.2694389763779528,0.07007874015748032,0.4559898762654668,0.16535433070866143,0.03740157480314961,0.03346456692913386,0.968503937007874,0.3484251968503937,0.10531496062992125,0.07480314960629922,0.08267716535433071,0.31791338582677164,0.09940944881889764,0.23622047244094488,0.14468503937007873,0.43996062992125984,0.3717805151175812,0.15748031496062992,0.531496062992126,0.5098425196850394,0.1830708661417323,0.025590551181102362,0.6393280632411067,0.32707509881422925,2.77434,"'-0.45225","'-0.010767857142857143",.194,.234,0,19,30.76923076923077,84.8,104.7,86.1,102,27.3,28.6,6.8,28.4,44.57831325301205,61.33333333333333,82.6086956521739,12.650602409638553,13.6,.235,.381,.324,.364,0,0,8,3,0,8,0,12,74,21
Ben Rortvedt,NYM,C,28,137,117,543,0.12303149606299213,0.18996062992125984,0.015748031496062992,0.2632874015748031,0.225,0.35348706411698544,0.09744094488188976,0.11318897637795275,0.4074803149606299,0.4704724409448819,0.5905511811023622,0.10531496062992125,0.32086614173228345,0.1702755905511811,0.26968503937007876,0.1781496062992126,0.11909448818897637,0.24507874015748032,0.265748031496063,0.3460246360582307,0.2559055118110236,0.406496062992126,0.3661417322834646,0.14763779527559054,0.11023622047244094,0.14723320158102768,0.21047430830039526,2.59775,"'-0.618446","'-0.004514204379562044",.183,.277,5.3,10.2,26.896551724137932,84.8,108,87.8,101.6,30.3,31.4,8.9,31.7,44.19889502762431,64.03162055335969,80.8641975308642,13.996316758747698,11.7,.205,.299,.333,.284,2.9197080291970803,4,14,6,0,24,3,43,240,76
Cade Bunnell,FA,1B/3B,28,110,98,452,0.1328740157480315,0.1466535433070866,0.013779527559055118,0.2941067913385827,0.3828740157480315,0.1999437570303712,0.16535433070866143,0.2017716535433071,0.5954724409448819,0.359251968503937,0.3188976377952756,0.24606299212598426,0.6279527559055118,0.4921259842519685,0.4744094488188976,0.24311023622047245,0.021653543307086614,0.9183070866141733,0.04822834645669291,0.5901455767077267,0.5,0.1062992125984252,0.045275590551181105,0.17519685039370078,0.5728346456692913,0.017786561264822136,0.3942687747035573,2.72079,"'-0.019936000000000002","'-0.00018123636363636365",.194,.304,7.5,9.1,31.27572016460905,86.6,110.2,90.5,103.3,32.1,41.8,19.7,38.7,48.00884955752213,67.46411483253588,75.177304964539,18.584070796460182,14.8,.214,.291,.327,.373,3.6363636363636362,4,10,5,0,21,2,46,217,84
Jesus Valdez,ARI,3B,28,139,127,528,0.0610236220472441,0.15748031496062992,0.011811023622047244,0.2525836614173228,0.21988188976377954,0.3481439820022497,0.12303149606299213,0.1594488188976378,0.5216535433070866,0.15748031496062992,0.20275590551181102,0.1279527559055118,0.18405511811023623,0.4005905511811024,0.19586614173228348,0.1062992125984252,0.39468503937007876,0.17519685039370078,0.41437007874015747,0.5173572228443449,0.1594488188976378,0.6909448818897638,0.41732283464566927,0.14566929133858267,0.09055118110236221,0.7134387351778656,0.8152173913043478,2.54013,"'-0.75695","'-0.00544568345323741",.187,.287,6.6,7.2,33.691756272401435,85.3,106.7,90,100.9,27.5,25.9,7.6,28.7,46.78030303030303,61.44578313253012,84.9673202614379,13.446969696969695,22.6,.236,.288,.346,.300,4.316546762589929,6,10,5,0,30,3,36,247,71
Eric Yang,CHC,PH/PR,28,97,83,387,0.1889763779527559,0.1309055118110236,0.00984251968503937,0.2783587598425197,0.06633858267716536,0.5036557930258717,0.30413385826771655,0.07283464566929133,0.03346456692913386,0.2618110236220472,0.8513779527559056,0.08169291338582677,0.05610236220472441,0.03346456692913386,0.08464566929133858,0.08759842519685039,0.21751968503937008,0.07874015748031496,0.6801181102362205,0.07838745800671892,0.025590551181102362,0.6742125984251969,0.8149606299212598,0.024606299212598427,0.2047244094488189,0.27865612648221344,0.05632411067193676,0.857143,"'-0.27069","'-0.0027906185567010307",.212,.262,0,8.2,22.222222222222218,84.4,103.9,83.8,99.7,26.8,28.9,5.1,24.3,38.24289405684754,55.02645502645503,84.61538461538461,9.30232558139535,7,.229,.330,.241,.339,0,0,8,1,0,19,0,28,148,36
Hudson Haskin,FA,OF,27,58,50,214,0.017716535433070866,0.11122047244094488,0.007874015748031496,0.18171751968503938,0.028346456692913385,0.30582114735658045,0.023622047244094488,0.00984251968503937,0.03346456692913386,0.29429133858267714,0.43208661417322836,0.006889763779527559,0.08169291338582677,0.00984251968503937,0.007874015748031496,0.00984251968503937,0.2844488188976378,0.2687007874015748,0.11811023622047244,0.4154535274356103,0.46653543307086615,0.36220472440944884,0.1830708661417323,0.31496062992125984,0.003937007874015748,0.24209486166007904,0.47035573122529645,3.9008300000000005,"'-1.04233","'-0.017971206896551725",.151,.201,0,8.6,29.268292682926827,80.3,104.9,80.2,95.5,17.1,27.6,9.1,35.1,45.32710280373832,67.03296703296702,80.327868852459,15.887850467289717,16.2,.200,.293,.280,.265,0,0,5,1,0,10,1,16,97,34
Richie Palacios,TBR,2B/OF,28,82,76,309,0.003937007874015748,0.03937007874015748,0.005905511811023622,0.3206200787401575,0.08661417322834646,0.4865016872890888,0.012795275590551181,0.003937007874015748,0.10826771653543307,0.16830708661417323,0.4881889763779528,0.07677165354330709,0.2106299212598425,0.05708661417322835,0.11023622047244094,0.03346456692913386,0.4625984251968504,0.8553149606299213,0.7116141732283464,0.3572228443449048,0.14173228346456693,0.6850393700787402,0.7480314960629921,0.41929133858267714,0.6181102362204725,0.31521739130434784,0.758893280632411,4.67695,0.023849799999999997,0.0002908512195121951,.139,.184,1.8,7.3,28.481012658227854,84.3,107,85.2,100,21.4,24.4,18.1,23.4,44.336569579288025,60.92715231788079,84.78260869565217,10.355987055016184,21.4,.158,.220,.263,.185,1.2195121951219512,1,6,2,0,12,2,20,137,32
Eli Wilson,FA,C,27,34,33,128,0.02066929133858268,0.5127952755905512,0.003937007874015748,0.19629675196850396,0.11929133858267718,0.20613048368953882,0.16535433070866143,0.12303149606299213,0.3454724409448819,0.023622047244094488,0.45866141732283466,0.031496062992125984,0.05610236220472441,0.125,0.058070866141732284,0.040354330708661415,0.19291338582677164,0.8937007874015748,0.09055118110236221,0.7217245240761478,0.5255905511811023,0.08464566929133858,0.06692913385826772,0.021653543307086614,0.32086614173228345,0.6976284584980237,0.2618577075098814,0.767857,"'-0.06767260000000001","'-0.0019903705882352947",.194,.279,4.3,2.9,28.813559322033896,83.5,103.9,87.1,99.3,21.7,29.4,19.2,35.9,50,68.11594202898551,74.46808510638297,17.96875,12.5,.303,.324,.455,.409,2.9411764705882346,1,1,2,0,10,1,10,64,23
Kyle Hayes,WSN,C,28,29,21,117,0.03346456692913386,0.07874015748031496,0.001968503937007874,0.2407111220472441,0.00984251968503937,0.3769685039370079,0.003937007874015748,0.001968503937007874,0.03346456692913386,0.7992125984251969,0.7263779527559056,0.00984251968503937,0.001968503937007874,0.03641732283464567,0.001968503937007874,0.001968503937007874,0.06299212598425197,1,0.09645669291338582,0.08678611422172453,0.018700787401574805,0.5433070866141733,0.39173228346456695,0.12598425196850394,0.2618110236220472,1,1,2.19643,"'-0.06767260000000001","'-0.0023335379310344827",.121,.138,0,13.8,25,80.5,96.2,84.1,93.4,7.7,34.5,34.2,35.6,38.46153846153847,54.716981132075475,82.75862068965517,13.675213675213676,53.8,.143,.310,.190,.231,0,0,4,1,0,3,0,10,45,16