Name,Org,Pos,Age,PA,AB,Pitches,xwOBA,wOBA,PS Score,Agg,Contact Quality,Max Velo,xwOBA,xBA,xSLG,Barrels,BB%,Chase%,EV,Hard Hit%,K%,L°,Whiff%,Swing%,Z-Swing%,Z-Contact%,SwStr%,xBA,xSLG,Barrels,BB%,Chase%,EV,Hard Hit%,K%,L°,Whiff%,BA,OBP,SLG,BABIP,PA/Barrels,Barrels,BB,2B,3B,Hits,HR,K,Swings,Whiffs,Swing%,Z-Swing%,Z-Contact%,SwStr%
Jonah Tong,NYM,,22,45,42,178,.210,.219,1,0.787431640035419,0.5824721780604134,0.8219936708860759,0.9848966613672496,0.9523052464228935,0.9228934817170111,0.7837837837837838,0.9054054054054054,0.9841017488076311,0.29093799682034976,0.3322734499205087,0.9682034976152624,0.519872813990461,0.9825119236883942,0.8955696202531646,0.47615262321144675,0.9936406995230525,0.9904610492845787,.159,.251,4,6.7,37.63440860215053,89.2,40,37.8,13,42.4,.190,.244,.238,.320,2.2222222222222223,1,3,2,0,8,0,17,92,39,51.68539325842697,67.05882352941175,64.91228070175438,21.910112359550567
Walbert Urena,LAA,,22,24,21,102,.294,.249,0.9984101748807631,0.7732684867481033,0.9169316375198728,0.956487341772152,0.615262321144674,0.22813990461049286,0.787758346581876,0.9721780604133545,0.3783783783783784,0.9093799682034976,0.9904610492845787,0.9173290937996821,0.9848966613672496,0.5468998410174881,0.9920508744038156,0.11985759493670885,0.9920508744038156,0.7273449920508744,0.9618441971383148,.249,.293,0,12.5,33.846153846153854,82.6,27.3,41.7,12.5,46.3,.190,.292,.238,.364,0,0,3,1,0,4,0,10,41,19,40.19607843137255,51.35135135135135,78.94736842105263,18.62745098039216
Robby Snelling,MIA,,22,243,224,953,.228,.253,0.9968203497615262,0.8496997905388636,0.8503577106518283,0.8219936708860759,0.965818759936407,0.8449920508744038,0.9093799682034976,0.8394276629570747,0.8895071542130366,0.7742448330683624,0.753577106518283,0.8990461049284578,0.924483306836248,0.7114467408585056,0.8624801271860095,0.7381329113924051,0.6120826709062003,0.9554848966613673,0.9109697933227345,.186,.258,3.5,7,30.669546436285096,86.8,28.5,33.3,9.9,34.3,.201,.259,.313,.293,2.05761316872428,5,17,11,1,45,4,81,463,159,48.58342077649529,65.51020408163265,71.96261682242991,16.684155299055615
Angel Chivilli,NYY,,23,38,36,151,.235,.288,0.9952305246422893,0.765586218664681,0.6365262321144675,0.951740506329114,0.9459459459459459,0.7313195548489666,0.8108108108108109,0.9721780604133545,0.9491255961844197,0.9610492845786963,0.10174880763116058,0.6613672496025437,0.6828298887122417,0.5389507154213037,0.8799682034976153,0.9818037974683544,0.0047694753577106515,0.8895071542130366,0.9761526232114467,.202,.286,0,5.3,36.14457831325301,90.5,34.6,26.3,12.6,34.9,.278,.316,.333,.385,0,0,2,2,0,10,0,10,86,30,56.95364238410596,82.35294117647058,75,19.86754966887417
Chase Burns,CIN,,23,46,41,174,.270,.210,0.9936406995230525,0.6568068790122961,0.40878378378378377,0.9738924050632912,0.8171701112877583,0.5969793322734499,0.6120826709062003,0.9721780604133545,0.7639109697933227,0.9475357710651828,0.011128775834658187,0.0397456279809221,0.8434022257551669,0.4546899841017488,0.848966613672496,0.8797468354430379,0.41017488076311603,0.8187599364069952,0.9364069952305246,.218,.331,0,8.7,35.555555555555564,93.8,50,30.4,14.1,33.7,.171,.239,.220,.250,0,0,4,2,0,7,0,14,89,30,51.14942528735632,67.85714285714286,77.19298245614034,17.24137931034483
José Fermin,LAA,,24,46,41,191,.246,.281,0.9920508744038156,0.7477239024672476,0.6359300476947536,0.9766613924050632,0.9165341812400636,0.8577106518282989,0.9117647058823529,0.8084260731319555,0.5635930047694754,0.9697933227344993,0.16216216216216217,0.6613672496025437,0.9054054054054054,0.2647058823529412,0.9745627980922098,0.9438291139240508,0.030206677265500796,0.9968203497615262,0.9920508744038156,.184,.257,3.8,10.9,36.44859813084112,90,34.6,32.6,16.4,40.8,.220,.304,.317,.320,2.1739130434782608,1,5,1,0,9,1,15,103,42,53.92670157068062,76.19047619047619,62.5,21.98952879581152
Anthony Nunez,BAL,,24,61,52,253,.264,.231,0.9904610492845787,0.7635456391331763,0.6152623211446742,0.8358386075949367,0.8497615262321144,0.7655007949125596,0.863275039745628,0.8648648648648649,0.6605723370429253,0.9411764705882353,0.05087440381558029,0.6820349761526232,0.9403815580286169,0.7432432432432432,0.9650238473767886,0.4529272151898734,0.9427662957074722,0.17011128775834658,0.951510333863275,.197,.270,3.1,9.8,34.96503496503497,91.3,34.4,34.4,9.3,40,.135,.246,.250,.167,1.639344262295082,1,6,0,0,7,2,21,115,46,45.45454545454545,59.09090909090909,86.15384615384615,18.181818181818183
Didier Fuentes,ATL,,20,89,84,372,.289,.277,0.9888712241653418,0.5969674882440147,0.43163751987281396,0.8631329113924051,0.6605723370429253,0.23370429252782193,0.32591414944356123,0.3728139904610493,0.9737678855325914,0.7313195548489666,0.541335453100159,0.4864864864864865,0.9054054054054054,0.2821939586645469,0.7869634340222575,0.7681962025316456,0.09538950715421304,0.9284578696343402,0.8537360890302067,.248,.388,7.1,4.5,30.143540669856463,88,37.5,32.6,16.1,31.9,.238,.270,.369,.321,4.49438202247191,4,4,2,0,20,3,29,182,58,48.9247311827957,73.00613496932516,73.94957983193278,15.591397849462366
Mason Montgomery,PIT,,25,33,31,137,.246,.226,0.9872813990461049,0.7409260060507269,0.597972972972973,0.9968354430379748,0.9165341812400636,0.6081081081081081,0.8243243243243243,0.5079491255961844,0.9912559618441972,0.9491255961844197,0.22496025437201908,0.834658187599364,0.9936406995230525,0.04531001589825119,0.9984101748807631,0.9588607594936708,0.02384737678855326,0.9920508744038156,1,.217,.284,6.2,3,35.61643835616439,89.6,31.2,45.5,21.8,48,.194,.242,.258,.375,3.0303030303030303,1,1,2,0,6,0,15,75,36,54.74452554744526,76.5625,65.3061224489796,26.277372262773728
Edgardo Henriquez,LAD,,23,117,99,445,.323,.382,0.985691573926868,0.6556703762586116,0.6116852146263911,1,0.35532591414944353,0.3688394276629571,0.4467408585055644,0.5079491255961844,0.4507154213036566,0.918918918918919,0.7082670906200318,0.7837837837837838,0.8537360890302067,0.5548489666136724,0.918918918918919,0.6906645569620253,0.4785373608903021,0.9173290937996821,0.9427662957074722,.236,.361,6.2,12,34.230769230769226,87.1,32.8,30.8,12.4,36.6,.303,.402,.475,.443,3.418803418803419,4,14,4,2,30,3,36,213,78,47.86516853932585,67.02702702702703,74.19354838709677,17.528089887640448
Jacob Misiorowski,MIL,,24,250,217,1011,.275,.244,0.9841017488076311,0.6801808090666989,0.607114467408585,0.9984177215189872,0.7670906200317965,0.7313195548489666,0.7774244833068362,0.8314785373608903,0.39109697933227344,0.6343402225755167,0.3942766295707472,0.42527821939586646,0.8895071542130366,0.5063593004769475,0.8155802861685215,0.6969936708860761,0.4356120826709062,0.7344992050874404,0.8569157392686805,.202,.297,3.6,12.4,28.98832684824903,88.7,38.4,32,13.2,32.6,.175,.280,.240,.254,2,5,31,2,0,38,4,80,485,158,47.972304648862504,67.6056338028169,78.86904761904762,15.62809099901088
AJ Smith-Shawver,ATL,,23,39,35,175,.235,.290,0.9825119236883942,0.6610214668316865,0.6170508744038157,0.7033227848101266,0.9459459459459459,0.8918918918918919,0.9276629570747218,0.9721780604133545,0.615262321144674,0.7615262321144675,0.02782193958664547,0.5405405405405406,0.924483306836248,0.1836248012718601,0.4379968203497615,0.9675632911392406,0.017488076311605722,0.848966613672496,0.7996820349761526,.177,.250,0,10.3,30.48780487804878,92.6,36.4,33.3,17.9,26.8,.229,.308,.343,.364,0,0,4,4,0,8,0,13,97,26,55.42857142857143,77.4193548387097,76.3888888888889,14.857142857142858
Brandan Bidois,PIT,,24,44,38,192,.193,.114,0.9809220985691574,0.7746744149678345,0.9304451510333862,0.8358386075949367,0.9920508744038156,0.994435612082671,0.9936406995230525,0.9721780604133545,0.30604133545310014,0.9825119236883942,0.9069952305246423,0.848966613672496,0.9372019077901431,0.038950715421303655,0.4872813990461049,0.6526898734177216,0.8267090620031796,0.2082670906200318,0.5858505564387917,.110,.153,0,13.6,37.39130434782609,85.3,30.4,34.1,22.3,27.5,.026,.159,.026,.043,0,0,6,0,0,1,0,15,91,25,47.39583333333333,62.337662337662344,85.41666666666666,13.020833333333336
Josh White,MIA,,25,153,139,583,.230,.237,0.9793322734499205,0.7778174325665947,0.7191971383147854,0.6780063291139239,0.9634340222575517,0.8513513513513513,0.863275039745628,0.7106518282988871,0.8736089030206677,0.985691573926868,0.690779014308426,0.6120826709062003,0.9650238473767886,0.17090620031796502,0.9689984101748808,0.8243670886075949,0.6232114467408585,0.78060413354531,0.9809220985691574,.185,.270,4.7,7.2,37.73006134969325,87.2,35.3,37.3,18.1,40.5,.194,.248,.288,.301,2.6143790849673203,4,11,7,0,27,2,57,291,118,49.914236706689536,65.36964980544747,77.97619047619048,20.240137221269297
Payton Tolle,BOS,,23,58,56,206,.256,.237,0.9777424483306836,0.7452776911311908,0.7943163751987281,0.8813291139240507,0.8879173290937997,0.5866454689984102,0.5739268680445151,0.6701112877583466,0.9864864864864865,0.23529411764705882,0.9841017488076311,0.9491255961844197,0.7313195548489666,0.7178060413354531,0.739268680445151,0.8908227848101266,0.32909379968203495,0.9745627980922098,0.8791732909379968,.219,.338,5,3.4,24.691358024691358,83.1,25,27.6,9.8,31.1,.196,.224,.321,.237,3.4482758620689653,2,2,1,0,11,2,16,106,33,51.45631067961165,68.8,70.93023255813954,16.019417475728158
Jose Corniell,TEX,,22,53,47,213,.253,.297,0.9761526232114467,0.6470428917376051,0.5852543720190779,0.8734177215189873,0.9014308426073132,0.8966613672496025,0.8108108108108109,0.8696343402225755,0.6971383147853736,0.7551669316375199,0.4546899841017488,0.20588235294117646,0.6891891891891891,0.1232114467408585,0.4872813990461049,0.8821202531645571,0.04451510333863275,0.151033386327504,0.724960254372019,.176,.286,3,9.4,30.434782608695656,88.4,42.4,26.4,18.8,27.5,.234,.321,.340,.333,1.8867924528301887,1,5,5,0,11,0,14,109,30,51.17370892018778,75.51020408163265,86.4864864864865,14.084507042253524
Cam Schlittler,NYY,,25,96,86,404,.272,.295,0.9745627980922098,0.6750107854037953,0.3777821939586645,0.9228639240506328,0.7957074721780604,0.8187599364069952,0.6049284578696343,0.27106518282988873,0.6971383147853736,0.9634340222575517,0.178060413354531,0.45707472178060415,0.958664546899841,0.5468998410174881,0.8855325914149443,0.9098101265822784,0.4626391096979332,0.9348171701112877,0.9570747217806042,.191,.333,8,9.4,36.224489795918366,89.9,38,36.5,12.5,35.1,.221,.302,.360,.333,4.166666666666666,4,9,3,0,19,3,35,211,74,52.22772277227723,67.30769230769229,73.57142857142857,18.31683168316832
Emmet Sheehan,LAD,,26,73,69,291,.209,.285,0.972972972972973,0.890091494603315,0.9153418124006358,0.8631329113924051,0.9872813990461049,0.9181240063593005,0.9324324324324325,0.8871224165341812,0.9936406995230525,0.9984101748807631,0.8751987281399046,0.9666136724960255,0.9888712241653418,0.2933227344992051,0.9769475357710652,0.965981012658228,0.075516693163752,0.9809220985691574,0.9936406995230525,.170,.249,2.6,2.7,41.21212121212121,85.6,23.7,42.5,15.9,41,.232,.274,.377,.371,1.3698630136986298,1,2,1,0,16,3,31,161,66,55.32646048109965,73.80952380952381,69.89247311827957,22.680412371134018
Eury Pérez,MIA,,23,52,44,214,.285,.231,0.9713831478537361,0.5927589796609715,0.605127186009539,0.951740506329114,0.6979332273449921,0.7655007949125596,0.5906200317965024,0.8577106518282989,0.3179650238473768,0.28696343402225755,0.4546899841017488,0.5174880763116058,0.7901430842607313,0.033386327503974564,0.848966613672496,0.488132911392405,0.212241653418124,0.9538950715421304,0.8394276629570747,.197,.336,3.3,13.5,25.423728813559322,88.4,36.7,28.8,22.8,33.7,.136,.250,.250,.172,1.9230769230769231,1,7,0,1,6,1,15,98,33,45.79439252336449,70.83333333333334,72.05882352941177,15.42056074766355
Thomas White,MIA,,21,39,27,182,.290,.273,0.9697933227344993,0.6215394471165134,0.7172098569157391,0.8734177215189873,0.6502384737678856,0.9888712241653418,0.9952305246422893,0.9721780604133545,0.02066772655007949,0.0890302066772655,0.7925278219395866,0.10890302066772654,0.9904610492845787,0.022257551669316374,0.9546899841017488,0.03481012658227848,0.9936406995230525,0.4594594594594595,0.6089030206677265,.126,.152,0,25.6,21.698113207547173,86.6,45.5,43.6,24.5,38.7,.111,.359,.148,.273,0,0,10,1,0,3,0,17,62,24,34.065934065934066,51.31578947368421,82.05128205128204,13.186813186813188
Connelly Early,BOS,,24,116,103,488,.243,.251,0.9682034976152624,0.7877177834014208,0.8449920508744039,0.6020569620253164,0.9276629570747218,0.8402225755166932,0.8950715421303657,0.9324324324324325,0.6883942766295708,0.699523052464229,0.9403815580286169,0.6120826709062003,0.8600953895071543,0.8791732909379968,0.575516693163752,0.4414556962025317,0.8505564387917329,0.6351351351351351,0.56120826709062,.187,.261,1.5,9.5,29.761904761904763,84.8,35.3,31,6,28.5,.184,.261,.301,.258,0.8620689655172413,1,11,4,1,19,2,36,221,63,45.286885245901644,61.864406779661024,80.13698630136986,12.909836065573769
Juan Mejia,COL,,25,54,47,232,.245,.241,0.9666136724960255,0.8062652190537521,0.8233306836248013,0.9367088607594936,0.9205087440381559,0.8728139904610492,0.9642289348171701,0.7567567567567568,0.7082670906200318,0.6844197138314785,0.8171701112877583,0.7551669316375199,0.9817170111287759,0.37201907790143085,0.9054054054054054,0.4359177215189873,0.48012718600953896,0.8275039745627981,0.8950715421303657,.181,.224,4.2,9.3,29.629629629629626,86.4,33.3,40.7,15,36.2,.170,.278,.234,.320,1.8518518518518519,1,5,1,1,8,0,22,105,38,45.25862068965517,67.01030927835049,76.92307692307693,16.379310344827587
Jhancarlos Lara,ATL,,23,231,178,983,.299,.310,0.9650238473767886,0.6864741812736042,0.6659379968203498,0.997626582278481,0.5675675675675675,0.9348171701112877,0.8950715421303657,0.6701112877583466,0.05643879173290938,0.2972972972972973,0.7082670906200318,0.390302066772655,0.931637519872814,0.8505564387917329,0.9379968203497615,0.061708860759493674,0.9745627980922098,0.814785373608903,0.7297297297297297,.164,.261,5,19.9,25.549915397631136,87.1,39,33.8,6.7,37.5,.169,.359,.292,.271,2.1645021645021645,5,46,10,0,30,4,78,371,139,37.741607324516785,56.12244897959183,77.27272727272727,14.140386571719224
Andrew Walters,CLE,,25,50,40,229,.212,.227,0.9634340222575517,0.632064229857184,0.4302464228934817,0.8097310126582279,0.9817170111287759,0.9984101748807631,0.9904610492845787,0.5985691573926868,0.10333863275039745,0.9507154213036566,0.09220985691573927,0.0397456279809221,0.9952305246422893,0.031001589825119236,0.9936406995230525,0.8180379746835443,0.3990461049284579,0.9952305246422893,0.9952305246422893,.083,.174,5.6,18,35.65891472868217,90.6,50,46,23.8,46.5,.125,.280,.175,.278,2,1,9,2,0,5,0,23,114,53,49.78165938864629,68,63.235294117647065,23.14410480349345
Braydon Fisher,TOR,,25,66,60,281,.227,.211,0.9618441971383148,0.7875070540104513,0.7686804451510334,0.7155854430379747,0.9689984101748808,0.800476947535771,0.9324324324324325,0.6597774244833068,0.8481717011128775,0.8942766295707473,0.541335453100159,0.9411764705882353,0.924483306836248,0.34340222575516693,0.8799682034976153,0.3924050632911392,0.918918918918919,0.9268680445151033,0.8600953895071543,.193,.249,5.1,7.6,33.33333333333333,88,25.6,33.3,15.3,34.9,.183,.242,.217,.282,3.0303030303030303,2,5,2,0,11,0,22,126,44,44.839857651245545,59.8360655737705,73.97260273972603,15.658362989323845
Trey Yesavage,TOR,,22,72,60,329,.222,.236,0.9602543720190779,0.6624650758353291,0.6118839427662958,0.5712025316455697,0.972972972972973,0.9920508744038156,0.9697933227344993,0.08108108108108109,0.19395866454689983,0.5866454689984102,0.5635930047694754,0.8330683624801272,0.9507154213036566,0.2933227344992051,0.9411764705882353,0.3607594936708861,0.7281399046104928,0.9666136724960255,0.9141494435612083,.112,.218,11.4,15.3,28.57142857142857,87.9,31.4,36.1,15.9,37.7,.150,.278,.217,.257,5.5555555555555545,4,11,4,0,9,0,26,146,55,44.37689969604863,63.94557823129252,71.27659574468085,16.717325227963528
Blade Tidwell,SFG,,24,402,360,1605,.255,.280,0.958664546899841,0.7263802801312109,0.7329093799682035,0.9272151898734176,0.8918918918918919,0.8449920508744038,0.7933227344992051,0.6486486486486487,0.7400635930047694,0.5357710651828299,0.753577106518283,0.7360890302066773,0.7313195548489666,0.4109697933227345,0.7027027027027027,0.553006329113924,0.4944356120826709,0.6693163751987281,0.7233704292527822,.186,.292,5.2,9,27.909738717339675,86.8,33.6,27.6,14.6,30.3,.214,.291,.339,.284,3.2338308457711435,13,36,19,1,77,8,111,745,226,46.417445482866036,66.84141546526867,79.80392156862746,14.080996884735205
Troy Melton,DET,,25,146,137,588,.297,.307,0.9570747217806042,0.534332906529016,0.10472972972972973,0.951740506329114,0.5866454689984102,0.356120826709062,0.26788553259141495,0.11764705882352941,0.9197138314785374,0.9395866454689984,0.012718600953895072,0.02066772655007949,0.9721780604133545,0.4872813990461049,0.7798092209856916,0.8694620253164557,0.46740858505564387,0.760731319554849,0.8871224165341812,.237,.398,10.4,6.2,34.899328859060404,93.6,53.2,38.4,13.5,31.8,.241,.288,.423,.368,5.479452054794519,8,9,8,1,33,5,56,299,95,50.85034013605442,67.24137931034483,78.46153846153847,16.156462585034014
Ronan Kopp,LAD,,23,115,95,504,.284,.335,0.9554848966613673,0.6391420855889397,0.4523052464228935,0.918512658227848,0.7042925278219396,0.9181240063593005,0.7774244833068362,0.09618441971383147,0.11764705882352941,0.4848966613672496,0.31001589825119236,0.6255961844197139,0.9467408585055644,0.8744038155802861,0.895866454689984,0.1617879746835443,0.9332273449920508,0.8839427662957074,0.7774244833068362,.170,.297,11.1,17.4,27.52613240418119,89.1,35.2,35.7,6.1,35.6,.242,.374,.368,.415,5.217391304347826,6,20,7,1,23,1,41,208,74,41.26984126984127,59.447004608294925,75.1937984496124,14.682539682539685
Bubba Chandler,PIT,,23,440,379,1835,.288,.322,0.9538950715421304,0.5960550787198219,0.4888712241653418,0.9920886075949368,0.6701112877583466,0.7519872813990461,0.6319554848966613,0.44992050874403816,0.4507154213036566,0.44992050874403816,0.4546899841017488,0.4189189189189189,0.7257551669316376,0.3871224165341812,0.7694753577106518,0.4960443037974683,0.534181240063593,0.8314785373608903,0.7583465818759937,.199,.327,6.6,12,27.23492723492724,88.4,38.5,27.5,14.8,31.6,.248,.348,.372,.341,3.8636363636363633,17,53,17,3,94,8,121,842,266,45.88555858310627,66.43757159221076,76.89655172413794,14.49591280653951
Grant Holman,DET,,25,29,28,120,.184,.054,0.9523052464228935,0.8670888172237762,0.9614467408585055,0.5712025316455697,0.9952305246422893,0.9117647058823529,0.9769475357710652,0.9721780604133545,0.9864864864864865,0.9968203497615262,0.9181240063593005,0.9785373608903021,0.8600953895071543,0.7178060413354531,0.519872813990461,0.9774525316455696,0.13672496025437203,0.6844197138314785,0.8696343402225755,.172,.209,0,3.4,40.67796610169492,85.1,21.1,31,9.8,27.9,.036,.069,.036,.053,0,0,1,0,0,1,0,9,68,19,56.66666666666666,72.13114754098359,79.54545454545455,15.833333333333332
Roddery Muñoz,HOU,,26,244,211,961,.270,.286,0.9507154213036566,0.7609699819886901,0.6675278219395866,0.8995253164556962,0.8171701112877583,0.7376788553259142,0.8497615262321144,0.8751987281399046,0.46502384737678853,0.9777424483306836,0.4133545310015898,0.5317965023847376,0.8648648648648649,0.7273449920508744,0.9721780604133545,0.8631329113924051,0.287758346581876,0.8362480127186009,0.9841017488076311,.201,.277,2.9,11.9,37.05035971223021,88.6,36.5,31.1,9.6,40.7,.218,.316,.313,.316,1.639344262295082,4,29,8,0,46,4,76,487,198,50.676378772112386,69.38271604938272,76.86832740213522,20.60353798126951
Dylan Ross,NYM,,25,126,102,534,.258,.224,0.9491255961844197,0.8201780755066309,0.923489666136725,0.9319620253164556,0.8791732909379968,0.9745627980922098,0.972972972972973,0.9300476947535771,0.11446740858505565,0.5675675675675675,0.8577106518282989,0.9332273449920508,0.8600953895071543,0.8338632750397457,0.9864864864864865,0.2539556962025317,0.8139904610492846,0.9793322734499205,0.9666136724960255,.145,.216,1.6,17.5,28.387096774193548,85.8,26.6,31,7.3,43.9,.108,.270,.176,.159,0.7936507936507936,1,22,4,0,11,1,39,228,100,42.69662921348314,62.5,70,18.726591760299627
Andre Granillo,WSN,,25,160,145,687,.234,.204,0.9475357710651828,0.7473990825803466,0.6738871224165341,0.7939082278481012,0.9523052464228935,0.9276629570747218,0.8593004769475358,0.5834658187599364,0.7567567567567568,0.7599364069952306,0.49761526232114467,0.7551669316375199,0.9531001589825119,0.20031796502384738,0.9292527821939587,0.7183544303797469,0.39268680445151033,0.9618441971383148,0.9459459459459459,.167,.271,5.7,8.8,30.47091412742382,88.2,33.3,36.3,17.5,37,.145,.225,.214,.224,3.125,5,14,2,1,21,2,58,332,123,48.326055312954864,68.09815950920245,71.62162162162163,17.903930131004362
Cade Horton,CHC,,24,108,93,434,.275,.213,0.9459459459459459,0.6605106013496743,0.7515898251192369,0.8219936708860759,0.7670906200317965,0.809220985691574,0.8044515103338633,0.6844197138314785,0.4507154213036566,0.34022257551669316,0.609697933227345,0.9077901430842608,0.8497615262321144,0.07869634340222575,0.8020667726550079,0.3014240506329114,0.8012718600953895,0.760731319554849,0.7186009538950715,.192,.288,4.9,12,25.991189427312776,87.7,27.9,30.6,20.3,32.3,.129,.241,.204,.169,2.7777777777777777,3,13,1,0,12,2,33,189,61,43.548387096774185,62.80193236714975,78.46153846153847,14.055299539170509
Cristian Mena,ARI,,23,189,172,713,.312,.336,0.9443561208267091,0.5058781498829433,0.12221780604133545,0.7939082278481012,0.4562798092209857,0.3688394276629571,0.19236883942766295,0.057233704292527825,0.8227344992050875,0.8441971383147854,0.12241653418124006,0.11685214626391097,0.7074721780604134,0.7480127186009539,0.8402225755166932,0.6629746835443038,0.35930047694753575,0.25834658187599363,0.8712241653418124,.236,.415,12.3,7.9,32.029339853300726,90.3,45.1,27,9.2,33.3,.262,.324,.453,.339,7.936507936507937,15,15,9,3,45,6,51,339,113,47.545582047685826,68.42105263157895,84.61538461538461,15.848527349228613
Jaden Hill,COL,,26,67,63,265,.232,.213,0.9427662957074722,0.8458435108134941,0.7686804451510333,0.9410601265822784,0.9602543720190779,0.829093799682035,0.8410174880763116,0.5834658187599364,0.9737678855325914,0.49920508744038156,0.9610492845786963,0.6891891891891891,0.9872813990461049,0.9038155802861685,0.9809220985691574,0.4707278481012658,0.5627980922098569,0.9872813990461049,0.972972972972973,.189,.280,5.7,4.5,27.659574468085108,84.2,34.3,41.8,5.2,42.1,.159,.209,.270,.265,2.985074626865672,2,3,4,0,10,1,28,121,51,45.660377358490564,66.12903225806451,68.29268292682927,19.245283018867926
David Festa,MIN,,26,119,112,443,.233,.257,0.9411764705882353,0.7751121199848395,0.65302066772655,0.7345727848101266,0.9578696343402225,0.8640699523052464,0.7933227344992051,0.7567567567567568,0.9356120826709062,0.7821939586645469,0.49761526232114467,0.5643879173290938,0.9133545310015898,0.5468998410174881,0.9546899841017488,0.8433544303797469,0.23211446740858505,0.9062003179650239,0.9745627980922098,.183,.292,4.2,5.9,30.837004405286347,88.2,36.1,32.8,12.5,38.7,.214,.261,.321,.310,2.5210084033613445,3,7,6,0,24,2,39,222,86,50.11286681715576,70.37037037037038,74.3421052631579,19.413092550790072
Ethan Pecko,HOU,,23,149,136,618,.271,.290,0.9395866454689984,0.5458779004246243,0.4379968203497615,0.5712025316455697,0.8060413354531002,0.519872813990461,0.6589825119236884,0.9030206677265501,0.8076311605723371,0.4451510333863275,0.13513513513513514,0.054848966613672494,0.8728139904610492,0.24006359300476948,0.5357710651828299,0.5189873417721519,0.6486486486486487,0.6422893481717011,0.5707472178060413,.225,.322,2.3,8.1,27.184466019417478,90.2,48.3,31.5,16.8,28.1,.250,.309,.346,.364,1.342281879194631,2,12,5,1,34,2,47,285,80,46.11650485436893,65.0485436893204,80.09950248756219,12.944983818770226
Luis Morales,ATH,,23,196,172,779,.293,.315,0.9379968203497615,0.5635421697758817,0.48509538950715414,0.96123417721519,0.6224165341812401,0.6923688394276629,0.5214626391096979,0.4220985691573927,0.6263910969793323,0.37360890302066774,0.519872813990461,0.4769475357710652,0.7313195548489666,0.1875993640699523,0.6271860095389508,0.2887658227848101,0.8457869634340223,0.49920508744038156,0.4912559618441971,.207,.348,6.8,10.2,26.405867970660147,88.1,37.6,27.6,17.7,29.1,.221,.316,.395,.279,4.081632653061225,8,20,9,0,38,7,54,337,98,43.260590500641854,61.8918918918919,81.6593886462882,12.58023106546855
Logan Henderson,MIL,,24,310,283,1211,.281,.278,0.9364069952305246,0.5919144374735867,0.43104133545310014,0.4932753164556962,0.7273449920508744,0.5604133545310016,0.5286168521462639,0.3728139904610493,0.8434022257551669,0.9348171701112877,0.4133545310015898,0.4093799682034976,0.7575516693163752,0.356120826709062,0.7058823529411765,0.875,0.45151033386327505,0.8457869634340223,0.848966613672496,.221,.347,7.1,7.7,34.653465346534645,88.6,38.6,28.1,15.2,30.4,.216,.281,.350,.277,4.516129032258063,14,24,9,1,61,9,87,618,188,51.03220478943022,67.43801652892562,76.71568627450979,15.524360033030556
William Kempner,MIA,,24,75,57,352,.290,.280,0.9348171701112877,0.6961108190282613,0.8511526232114468,0.918512658227848,0.6502384737678856,0.972972972972973,0.9594594594594594,0.5079491255961844,0.05087440381558029,0.7503974562798092,0.9610492845786963,0.9761526232114467,0.924483306836248,0.08664546899841018,0.5945945945945946,0.3742088607594937,0.8441971383147854,0.7519872813990461,0.534181240063593,.147,.229,6.2,20,30.412371134020614,84.2,21.9,33.3,20,28.7,.123,.333,.228,.167,2.666666666666667,2,15,0,0,7,2,25,157,45,44.60227272727273,62.0253164556962,78.57142857142857,12.784090909090908
Mick Abel,MIN,,24,397,353,1517,.271,.257,0.9332273449920508,0.6047665195910727,0.381160572337043,0.9074367088607594,0.8060413354531002,0.7837837837837838,0.6550079491255962,0.40063593004769477,0.6335453100158982,0.6677265500794912,0.12241653418124006,0.3465818759936407,0.7861685214626392,0.5945945945945946,0.5532591414944356,0.6621835443037974,0.5214626391096979,0.41812400635930047,0.6470588235294118,.195,.323,6.9,10.1,29.381443298969074,90.3,39.8,28.7,11.9,28.3,.193,.277,.289,.264,4.030226700251888,16,40,12,2,68,6,114,721,204,47.52801582069875,66.53171390013496,82.55578093306288,13.447593935398814
Rolddy Muñoz,ATL,,26,90,79,372,.254,.281,0.931637519872814,0.7975114331569096,0.7613275039745627,0.96123417721519,0.8966613672496025,0.7837837837837838,0.9014308426073132,0.9284578696343402,0.5429252782193958,0.8998410174880763,0.541335453100159,0.6740858505564388,0.7408585055643879,0.9697933227344993,0.7297297297297297,0.5862341772151899,0.699523052464229,0.2066772655007949,0.7615262321144675,.195,.260,1.8,11.1,33.49056603773585,88,34.5,27.8,1.6,31,.215,.300,.329,.283,1.1111111111111112,1,10,3,0,17,2,25,174,54,46.774193548387096,64.375,85.43689320388349,14.516129032258064
Dylan Smith,SFG,,25,49,41,215,.247,.274,0.9300476947535771,0.6527382452724505,0.3883147853736089,0.7939082278481012,0.9125596184419714,0.9618441971383148,0.9324324324324325,0.5985691573926868,0.25834658187599363,0.8887122416534181,0.009538950715421303,0.012718600953895072,0.9920508744038156,0.48330683624801274,0.9888712241653418,0.5126582278481012,0.8068362480127186,0.9841017488076311,0.985691573926868,.157,.249,5.6,14.3,33.057851239669425,93.9,55.6,44.9,13.6,45.5,.195,.306,.293,.368,2.0408163265306123,1,7,1,0,8,1,22,99,45,46.04651162790698,62.76595744680851,69.49152542372882,20.930232558139533
Connor Prielipp,MIN,,25,93,79,371,.284,.331,0.9284578696343402,0.7367559643597432,0.8181637519872814,0.8219936708860759,0.7042925278219396,0.6160572337042926,0.7837837837837838,0.8314785373608903,0.27980922098569155,0.8775834658187599,0.8664546899841018,0.7909379968203497,0.7011128775834659,0.8076311605723371,0.7599364069952306,0.625,0.7503974562798092,0.5723370429252782,0.794912559618442,.216,.294,3.6,14,32.82828282828283,85.7,32.7,26.9,7.9,31.4,.253,.355,.392,.340,2.1505376344086025,2,13,3,1,20,2,25,175,55,47.16981132075472,63.58381502890174,80.9090909090909,14.824797843665767
Andrew Hoffmann,ARI,,26,177,163,745,.234,.273,0.9268680445151033,0.7756923202055369,0.59697933227345,0.6914556962025317,0.9523052464228935,0.800476947535771,0.8457869634340223,0.7106518282988871,0.8990461049284578,0.9236883942766295,0.29093799682034976,0.5405405405405406,0.8950715421303657,0.890302066772655,0.8680445151033387,0.6598101265822784,0.7090620031796503,0.794912559618442,0.8934817170111288,.193,.278,4.7,6.8,34.375,89.2,36.4,32.2,5.8,34.5,.239,.288,.331,.343,2.824858757062147,5,12,2,2,39,3,57,354,122,47.51677852348993,64.13373860182371,77.72511848341233,16.375838926174495
Andrew Painter,PHI,,23,473,423,1840,.311,.359,0.9252782193958664,0.5257492868426877,0.3934817170111288,0.9647943037974684,0.46740858505564387,0.28139904610492844,0.30127186009538953,0.3728139904610493,0.6685214626391097,0.8060413354531002,0.4546899841017488,0.4451510333863275,0.5468998410174881,0.4872813990461049,0.5127186009538951,0.810126582278481,0.24324324324324326,0.5007949125596184,0.6979332273449921,.244,.391,7.1,9.7,31.20494335736354,88.4,38.1,23.5,13.5,27.8,.279,.347,.492,.336,4.651162790697675,22,46,30,3,118,18,111,913,254,49.6195652173913,70.19562715765247,81.63934426229507,13.804347826086955
JR Ritchie,ATL,,22,239,207,961,.253,.260,0.9236883942766295,0.6872363393270412,0.689785373608903,0.663370253164557,0.9014308426073132,0.9141494435612083,0.8672496025437202,0.7718600953895072,0.5635930047694754,0.8235294117647058,0.6748807631160573,0.4451510333863275,0.6422893481717011,0.8012718600953895,0.178060413354531,0.560126582278481,0.7074721780604134,0.18600953895071543,0.21303656597774245,.171,.269,4.1,10.9,31.538461538461537,87.3,38.1,25.5,8.1,22.6,.174,.280,.285,.218,2.510460251046025,6,26,8,0,36,5,61,447,101,46.51404786680541,64.17233560090703,85.86572438162543,10.509885535900104
Nolan McLean,NYM,,24,356,310,1360,.271,.263,0.9220985691573926,0.6836478604442119,0.6232114467408585,0.7753164556962026,0.8060413354531002,0.7655007949125596,0.787758346581876,0.7567567567567568,0.5802861685214626,0.6518282988871225,0.4546899841017488,0.49364069952305245,0.7201907790143084,0.884737678855326,0.527027027027027,0.3789556962025317,0.8553259141494436,0.38791732909379967,0.4809220985691574,.197,.293,4.2,10.7,29.18994413407821,88.4,37.4,27.2,5.9,28,.184,.285,.290,.238,2.528089887640449,9,38,9,0,57,8,97,607,170,44.63235294117647,61.80124223602485,82.91457286432161,12.5
José Rodríguez,LAD,,24,188,155,770,.313,.332,0.9205087440381559,0.5348565593702415,0.3358505564387917,0.9675632911392406,0.4467408585055644,0.7034976152623211,0.5007949125596184,0.11128775834658187,0.2901430842607313,0.43879173290937995,0.178060413354531,0.5532591414944356,0.9348171701112877,0.3068362480127186,0.9864864864864865,0.17088607594936708,0.9284578696343402,0.9475357710651828,0.951510333863275,.206,.352,10.6,13.8,27.1461716937355,89.9,36.2,34,15.7,43.9,.213,.335,.426,.299,5.319148936170213,10,26,6,3,33,7,64,319,140,41.42857142857143,59.587020648967545,72.77227722772277,18.181818181818183
Jaxon Wiggins,CHC,,24,44,37,181,.286,.344,0.918918918918919,0.6816491542734097,0.6881955484896661,0.9707278481012658,0.6883942766295708,0.8839427662957074,0.7027027027027027,0.20508744038155802,0.30604133545310014,0.02702702702702703,0.9069952305246423,0.9379968203497615,0.8831478537360891,0.7313195548489666,0.9364069952305246,0.4936708860759494,0.025437201907790145,0.9300476947535771,0.931637519872814,.178,.314,8.7,13.6,18.75,85.3,26.1,31.8,9.5,37.3,.243,.364,.405,.333,4.545454545454546,2,6,0,0,9,2,14,83,31,45.85635359116022,76.47058823529412,73.84615384615384,17.12707182320442
David Morgan,SDP,,26,27,24,118,.268,.380,0.9173290937996821,0.6459499917825494,0.2718600953895071,0.956487341772152,0.8275039745627981,0.7742448330683624,0.5397456279809221,0.3728139904610493,0.9841017488076311,0.9093799682034976,0.13513513513513514,0.0397456279809221,0.9817170111287759,0.37758346581875996,0.8529411764705882,0.8322784810126582,0.2559618441971383,0.766295707472178,0.9252782193958664,.196,.345,7.1,3.7,33.846153846153854,90.2,50,40.7,14.9,33.9,.292,.333,.583,.417,3.7037037037037033,1,1,1,0,7,2,11,59,20,50,69.81132075471697,78.37837837837837,16.94915254237288
Ryan Weathers,NYY,,26,63,56,247,.218,.283,0.9157392686804452,0.8419992323391896,0.8815580286168521,0.9465981012658228,0.9777424483306836,0.9348171701112877,0.9825119236883942,0.9721780604133545,0.5429252782193958,0.6899841017488076,0.7082670906200318,0.863275039745628,0.6359300476947536,0.9173290937996821,0.9324324324324325,0.8488924050632911,0.1271860095389507,0.7853736089030207,0.9602543720190779,.164,.200,0,11.1,29.6875,87.1,30,25.4,4.5,37.1,.232,.317,.304,.308,0,0,7,1,0,13,1,16,124,46,50.202429149797574,72.26890756302521,77.90697674418605,18.62348178137652
Peyton Pallette,CLE,,24,182,157,731,.300,.300,0.9141494435612083,0.5720575028677225,0.4994038155802862,0.7033227848101266,0.56120826709062,0.636724960254372,0.5349761526232114,0.30286168521462636,0.5564387917329093,0.670906200317965,0.43084260731319557,0.7289348171701113,0.8195548489666137,0.06200317965023847,0.8569157392686805,0.34375,0.7965023847376789,0.8378378378378378,0.8171701112877583,.213,.346,7.7,11,29.411764705882355,88.5,33.7,29.7,21.1,34.1,.204,.308,.369,.287,4.395604395604397,8,20,15,1,32,3,54,323,110,44.1860465116279,62.848297213622295,76.84729064039408,15.047879616963066
Philip Abner,ARI,,23,30,28,105,.150,.105,0.9125596184419714,0.7209366384254694,0.9874801271860094,0.12341772151898735,0.9984101748807631,0.994435612082671,0.9968203497615262,0.9721780604133545,0.9054054054054054,0.057233704292527825,0.9825119236883942,0.9984101748807631,0.9602543720190779,0.1422893481717011,0.519872813990461,0.15229430379746836,0.9793322734499205,0.6955484896661367,0.33624801271860094,.110,.150,0,6.7,20.454545454545453,83.2,11.8,36.7,18.5,27.9,.071,.133,.071,.118,0,0,2,0,0,2,0,11,43,12,40.952380952380956,55.73770491803278,79.41176470588233,11.428571428571427
Porter Hodge,CHC,,25,75,60,346,.279,.326,0.9109697933227345,0.6822382113125784,0.7031001589825119,0.8219936708860759,0.746422893481717,0.9411764705882353,0.9324324324324325,0.5540540540540541,0.05087440381558029,0.43720190779014306,0.519872813990461,0.8060413354531002,0.9427662957074722,0.7114467408585056,0.7225755166931638,0.1661392405063291,0.958664546899841,0.5190779014308426,0.5151033386327504,.163,.249,5.9,20,27.127659574468087,88.1,32.4,34.7,9.9,30.8,.217,.373,.333,.364,2.666666666666667,2,15,2,1,13,1,26,143,44,41.329479768786136,58.22784810126582,81.52173913043478,12.716763005780347
Santiago Suarez,TBR,,21,43,40,140,.274,.323,0.9093799682034976,0.47857179242720016,0.2333068362480127,0.663370253164557,0.7766295707472178,0.6605723370429253,0.31001589825119236,0.5079491255961844,0.9682034976152624,0.9459459459459459,0.04133545310015898,0.0739268680445151,0.35453100158982515,0.16534181240063592,0.27503974562798095,0.9881329113924052,0.022257551669316374,0.4968203497615262,0.7384737678855325,.210,.390,6.2,4.7,35.483870967741936,91.7,46.9,20.9,18.2,24.4,.225,.256,.525,.207,4.651162790697675,2,2,3,0,9,3,9,82,20,58.57142857142858,76.92307692307693,81.66666666666667,14.285714285714285
Noah Schultz,CHW,,22,77,64,306,.290,.422,0.9077901430842608,0.5653383744876671,0.4296502384737679,0.7753164556962026,0.6502384737678856,0.5468998410174881,0.6319554848966613,0.24721780604133545,0.4841017488076312,0.47217806041335453,0.47774244833068363,0.3616852146263911,0.5349761526232114,0.6931637519872814,0.9085850556438791,0.28125,0.9236883942766295,0.8815580286168522,0.8640699523052464,.222,.327,8.3,11.7,27.38853503184713,88.3,39.6,23.4,10.3,36.4,.359,.429,.578,.435,5.194805194805196,4,9,3,1,23,3,18,132,48,43.137254901960794,59.731543624161084,75.28089887640449,15.68627450980392
Mason Fluharty,TOR,,24,51,42,225,.287,.310,0.9062003179650239,0.7415308900672825,0.9606518282988872,0.14161392405063292,0.6772655007949125,0.5389507154213037,0.8799682034976153,0.9721780604133545,0.29650238473767887,0.8457869634340223,0.9936406995230525,0.9968203497615262,0.809220985691574,0.8505564387917329,0.895866454689984,0.528876582278481,0.5771065182829889,0.8648648648648649,0.8998410174880763,.223,.267,0,13.7,32.06106870229007,82.1,17.9,29.4,6.7,35.6,.238,.353,.333,.357,0,0,7,2,1,10,0,15,104,37,46.22222222222222,65.95744680851064,75.80645161290323,16.444444444444443
Luis Mey,CIN,,24,167,143,657,.297,.260,0.904610492845787,0.6575917293876155,0.6981319554848966,0.9992088607594936,0.5866454689984102,0.5763116057233705,0.6661367249602543,0.6351351351351351,0.4507154213036566,0.5103338632750397,0.6605723370429253,0.8306836248012719,0.7257551669316376,0.9133545310015898,0.33624801271860094,0.2460443037974684,0.9109697933227345,0.4419713831478537,0.24006359300476948,.220,.321,5.3,12,27.731092436974787,87.4,31.6,27.5,4.9,25.4,.189,.299,.259,.276,2.9940119760479043,5,20,6,2,27,0,46,280,71,42.6179604261796,60.33333333333334,82.32044198895028,10.806697108066972
Tekoah Roby,STL,,24,133,124,488,.301,.334,0.9030206677265501,0.5147951842385945,0.2484101748807631,0.7753164556962026,0.5532591414944356,0.3267090620031797,0.21621621621621623,0.34340222575516693,0.9308426073131956,0.9888712241653418,0.10174880763116058,0.3322734499205087,0.46740858505564387,0.6383147853736089,0.5031796502384738,0.9003164556962026,0.31319554848966613,0.12082670906200318,0.7472178060413355,.240,.409,7.4,6,38.54545454545455,90.5,40,22.6,11.1,27.7,.266,.311,.468,.322,5.263157894736842,7,8,11,1,33,4,30,253,70,51.84426229508197,69.01408450704226,87.07482993197279,14.344262295081966
Paul Gervase,LAD,,25,242,210,1008,.257,.286,0.9014308426073132,0.7131258678633957,0.708664546899841,0.7753164556962026,0.8839427662957074,0.904610492845787,0.8362480127186009,0.4220985691573927,0.5802861685214626,0.5930047694753577,0.753577106518283,0.8227344992050875,0.9054054054054054,0.2702702702702703,0.8100158982511924,0.6677215189873418,0.40222575516693165,0.9252782193958664,0.8426073131955485,.174,.281,6.8,10.7,28.598848368522074,86.8,31.8,32.6,16.3,32.5,.195,.293,.348,.258,3.71900826446281,9,26,3,1,41,9,79,480,156,47.61904761904761,67.96714579055441,74.01812688821751,15.476190476190474
Parker Messick,CLE,,25,407,359,1580,.261,.292,0.8998410174880763,0.7063054887538319,0.707074721780604,0.6020569620253164,0.8624801271860095,0.809220985691574,0.8028616852146264,0.71939586645469,0.615262321144674,0.6248012718600954,0.609697933227345,0.6963434022257552,0.8068362480127186,0.6168521462639109,0.7098569157392687,0.6384493670886076,0.356120826709062,0.47297297297297297,0.753577106518283,.192,.289,4.6,10.3,28.7914691943128,87.7,34.2,29.2,11.5,30.5,.217,.305,.348,.297,2.7027027027027017,11,42,20,0,78,9,119,747,228,47.278481012658226,68.47826086956522,81.94444444444444,14.430379746835444
Brayan Castillo,COL,,25,75,62,306,.255,.292,0.8982511923688394,0.7179130044508396,0.7921303656597773,0.6475474683544303,0.8918918918918919,0.8688394276629571,0.9459459459459459,0.8871224165341812,0.4507154213036566,0.17011128775834658,0.43084260731319557,0.904610492845787,0.8895071542130366,0.6089030206677265,0.918918918918919,0.11985759493670885,0.7376788553259142,0.40540540540540543,0.78060413354531,.182,.242,2.6,12,23.463687150837988,88.5,28.2,32,11.6,36.6,.194,.307,.355,.282,1.3333333333333337,1,9,3,2,12,1,24,123,45,40.19607843137255,63.77952755905512,82.71604938271605,14.705882352941178
Chase Dollander,COL,,24,72,61,298,.326,.363,0.8966613672496025,0.5722589037753315,0.7261526232114467,0.9465981012658228,0.3195548489666137,0.14626391096979333,0.568362480127186,0.9721780604133545,0.2845786963434022,0.4960254372019078,0.6605723370429253,0.7034976152623211,0.5564387917329093,0.6049284578696343,0.6081081081081081,0.44224683544303794,0.33465818759936405,0.5882352941176471,0.5945945945945946,.261,.339,0,13.9,27.64705882352941,87.4,34.1,23.6,11.7,28.9,.295,.403,.410,.395,0,0,10,4,0,18,1,17,135,39,45.302013422818796,68.75,80.68181818181817,13.087248322147653
Kyle Harrison,MIL,,24,337,297,1383,.291,.317,0.8950715421303657,0.6111378213190853,0.6659379968203497,0.7939082278481012,0.6383147853736089,0.6081081081081081,0.5095389507154213,0.44992050874403816,0.6335453100158982,0.5580286168521462,0.8354531001589826,0.8688394276629571,0.6748807631160573,0.2599364069952305,0.5031796502384738,0.5356012658227848,0.5453100158982512,0.651033386327504,0.5405405405405406,.217,.350,6.6,10.1,28.1980742778542,86.2,29.7,26.1,16.6,27.7,.259,.338,.377,.341,4.154302670623145,14,34,12,1,77,7,88,640,177,46.2762111352133,66.3109756097561,80,12.79826464208243
Eduarniel Núñez,ATH,,26,91,76,391,.228,.216,0.8934817170111288,0.87109608212084,0.9713831478537361,0.9889240506329114,0.965818759936407,0.9825119236883942,0.9872813990461049,0.9030206677265501,0.1875993640699523,0.848966613672496,1,0.9952305246422893,0.9531001589825119,0.6836248012718601,0.9570747217806042,0.7009493670886076,0.27980922098569155,0.9761526232114467,0.9650238473767886,.135,.184,2.3,15.4,32.142857142857146,79.5,18.2,36.3,10.4,38.8,.132,.264,.171,.209,1.0989010989010992,1,14,0,0,10,1,33,188,73,48.08184143222506,69.46107784431138,70.6896551724138,18.67007672634271
Zach Agnos,COL,,25,45,41,189,.227,.213,0.8918918918918919,0.6833828895910057,0.7247615262321144,0.7753164556962026,0.9689984101748808,0.9348171701112877,0.918918918918919,0.7567567567567568,0.7488076311605724,0.3179650238473768,0.7368839427662957,0.4864864864864865,0.8648648648648649,0.178060413354531,0.5127186009538951,0.8876582278481012,0.014308426073131956,0.47297297297297297,0.7384737678855325,.164,.252,4.2,8.9,25.773195876288657,86.9,37.5,31.1,18,27.8,.146,.222,.244,.192,2.2222222222222223,1,4,1,0,6,1,14,97,27,51.32275132275132,78.26086956521739,81.94444444444444,14.285714285714285
Joe Boyle,TBR,,26,346,299,1377,.253,.244,0.890302066772655,0.8350022933395048,0.8418124006359301,0.9675632911392406,0.9014308426073132,0.904610492845787,0.9141494435612083,0.7440381558028617,0.4753577106518283,0.6756756756756757,0.9252782193958664,0.7837837837837838,0.9165341812400636,0.8426073131955485,0.9689984101748808,0.5340189873417721,0.5357710651828299,0.9777424483306836,0.9682034976152624,.174,.256,4.3,11.8,29.52127659574468,85,32.8,32.9,7,40.5,.154,.266,.258,.218,2.312138728323699,8,41,10,0,46,7,114,637,258,46.25998547567175,66.4,70.36144578313252,18.736383442265797
Will Klein,LAD,,26,204,166,862,.272,.347,0.8887122416534181,0.7373859514298364,0.7503974562798092,0.9869462025316456,0.7957074721780604,0.9348171701112877,0.9395866454689984,0.8577106518282989,0.1232114467408585,0.48171701112877585,0.43084260731319557,0.7734499205087441,0.9618441971383148,0.643879173290938,0.918918918918919,0.17563291139240506,0.890302066772655,0.6025437201907791,0.8282988871224165,.164,.245,3.3,17.2,27.454909819639283,88.5,33,36.8,11,36.6,.247,.387,.380,.425,1.4705882352941175,3,35,8,1,41,4,75,358,131,41.53132250580047,60.88154269972452,80.54298642533935,15.19721577726218
Ben Brown,CHC,,26,31,30,115,.164,.108,0.8871224165341812,0.7660732388661929,0.6866057233704292,0.8097310126582279,0.9968203497615262,0.9872813990461049,0.9713831478537361,0.9721780604133545,0.9888712241653418,1,0.519872813990461,0.28298887122416533,0.6613672496025437,0.3871224165341812,0.615262321144674,0.9426424050632912,0.465818759936407,0.017488076311605722,0.8585055643879174,.127,.217,0,3.2,41.66666666666667,88.1,40.9,25.8,14.8,29,.100,.129,.100,.136,0,0,1,0,0,3,0,8,62,18,53.91304347826087,67.27272727272727,91.8918918918919,15.65217391304348
Hunter Greene,CIN,,26,48,44,195,.246,.338,0.8855325914149443,0.6409086278199272,0.21045310015898253,0.9738924050632912,0.9165341812400636,0.924483306836248,0.6732909379968204,0.05087440381558029,0.7941176470588235,0.9761526232114467,0.07790143084260731,0.0397456279809221,0.9848966613672496,0.302066772655008,0.9769475357710652,0.8860759493670886,0.5437201907790143,0.9411764705882353,0.9888712241653418,.168,.320,12.5,8.3,37,90.8,50,41.7,15.8,41,.227,.292,.500,.300,6.25,3,4,0,0,10,4,20,100,41,51.28205128205128,66.3157894736842,73.01587301587301,21.025641025641026
Drew Sommers,DET,,25,170,143,686,.260,.285,0.8839427662957074,0.8027947612075964,0.9447535771065183,0.5850474683544303,0.8680445151033387,0.8513513513513513,0.9570747217806042,0.9117647058823529,0.5278219395866455,0.5643879173290938,0.9705882352941176,0.9395866454689984,0.7647058823529411,0.9538950715421304,0.739268680445151,0.3037974683544304,0.8728139904610492,0.651033386327504,0.6613672496025437,.185,.230,2.2,11.2,28.26086956521739,83.8,25.8,28.2,2.6,31.1,.217,.331,.280,.323,1.1764705882352942,2,19,9,0,31,0,48,299,93,43.58600583090379,61.320754716981135,80,13.556851311953352
Jack Perkins,ATH,,26,177,152,767,.248,.259,0.8823529411764706,0.6798992775351674,0.45051669316375204,0.8734177215189873,0.9109697933227345,0.9769475357710652,0.884737678855326,0.21621621621621623,0.5174880763116058,0.6422893481717011,0.27106518282988873,0.4300476947535771,0.9721780604133545,0.5858505564387917,0.8775834658187599,0.3449367088607595,0.7201907790143084,0.7694753577106518,0.8354531001589826,.143,.266,8.6,11.3,29.128440366972477,89.3,38.3,38.4,12,34.8,.164,.282,.276,.272,3.954802259887006,7,20,6,1,25,3,68,339,118,44.19817470664928,64.04833836858006,78.30188679245283,15.384615384615385
Luinder Avila,KCR,,24,231,203,927,.305,.309,0.8807631160572337,0.6237901795596787,0.5777027027027027,0.7939082278481012,0.527027027027027,0.519872813990461,0.40381558028616854,0.23926868044515104,0.6422893481717011,0.5214626391096979,0.931637519872814,0.7360890302066773,0.6891891891891891,0.7647058823529411,0.7162162162162162,0.33781645569620256,0.7297297297297297,0.5071542130365659,0.6550079491255962,.225,.373,8.4,10,27.788649706457925,84.9,33.6,26.4,8.8,30.6,.236,.320,.379,.299,5.194805194805196,12,23,6,1,48,7,61,408,125,44.01294498381877,63.94230769230769,81.57894736842105,13.48435814455232
Zebby Matthews,MIN,,25,145,136,574,.243,.254,0.8791732909379968,0.617806586370436,0.3257154213036566,0.9319620253164556,0.9276629570747218,0.8187599364069952,0.7281399046104928,0.12957074721780604,0.9197138314785374,0.3672496025437202,0.13513513513513514,0.31001589825119236,0.8982511923688394,0.5620031796502385,0.685214626391097,0.6289556962025317,0.47058823529411764,0.8203497615262321,0.7265500794912559,.191,.309,10.1,6.2,26.33451957295373,90.2,40.4,32.4,12.3,29.9,.221,.269,.301,.330,6.206896551724138,9,9,6,1,30,1,47,271,81,47.21254355400697,67.23549488054607,77.15736040609137,14.111498257839722
Hurston Waldrep,ATL,,24,403,344,1548,.293,.307,0.8775834658187599,0.5874725071776915,0.4777424483306836,0.8358386075949367,0.6224165341812401,0.5969793322734499,0.6430842607313195,0.6192368839427663,0.39109697933227344,0.6597774244833068,0.31001589825119236,0.3386327503974563,0.46740858505564387,0.9379968203497615,0.6271860095389508,0.3615506329113924,0.7583465818759937,0.3847376788553259,0.5643879173290938,.218,.326,5.4,12.4,29.282407407407412,89.1,39.9,22.6,3.6,29.1,.238,.337,.346,.296,3.4739454094292808,14,50,11,1,82,8,91,687,200,44.37984496124031,63.45029239766082,82.94930875576037,12.919896640826874
RJ Petit,COL,,26,96,85,383,.234,.298,0.875993640699523,0.8344420078585659,0.8412162162162162,0.7939082278481012,0.9523052464228935,0.9570747217806042,0.9475357710651828,0.4737678855325914,0.6065182829888712,0.8330683624801272,0.9753577106518283,0.9682034976152624,0.9403815580286169,0.7599364069952306,0.8052464228934817,0.3623417721518987,0.9348171701112877,0.4069952305246423,0.7488076311605724,.158,.239,6.4,10.4,31.73076923076923,83.7,23.4,34.4,8.9,32.4,.224,.313,.353,.340,3.125,3,10,5,0,19,2,33,170,55,44.386422976501315,59.42857142857143,82.69230769230771,14.360313315926893
Franco Aleman,CLE,,25,173,146,748,.286,.355,0.8744038155802861,0.5729213309083468,0.4187201907790143,0.9465981012658228,0.6883942766295708,0.7837837837837838,0.6868044515103339,0.44992050874403816,0.33068362480127184,0.37758346581875996,0.356120826709062,0.1820349761526232,0.9165341812400636,0.2273449920508744,0.9292527821939587,0.4659810126582278,0.27344992050874406,0.958664546899841,0.918918918918919,.195,.318,6.6,13.3,26.44230769230769,88.9,42.9,32.9,17,37,.281,.382,.425,.425,3.4682080924855487,6,23,9,0,41,4,57,341,126,45.58823529411765,69.57831325301204,71.86147186147187,16.844919786096256
Luis Curvelo,TEX,,25,178,154,733,.267,.303,0.8728139904610492,0.7243685769723559,0.8124006359300477,0.8219936708860759,0.834658187599364,0.8577106518282989,0.8108108108108109,0.6351351351351351,0.5802861685214626,0.9173290937996821,0.9252782193958664,0.8783783783783784,0.5103338632750397,0.5063593004769475,0.41414944356120825,0.7602848101265823,0.5087440381558028,0.2519872813990461,0.5723370429252782,.184,.286,5.3,10.7,34,85,29.2,23,13.2,26.5,.221,.326,.344,.275,3.3707865168539324,6,19,5,1,34,4,41,358,95,48.84038199181446,66.66666666666666,84.68468468468468,12.960436562073669
Ben Peoples,CHW,,24,204,174,809,.296,.276,0.8712241653418124,0.6233838664613981,0.6949523052464229,0.8995253164556962,0.6001589825119237,0.71939586645469,0.5961844197138315,0.5079491255961844,0.36486486486486486,0.6200317965023847,0.8068362480127186,0.8688394276629571,0.5103338632750397,0.2702702702702703,0.7162162162162162,0.8710443037974683,0.030206677265500796,0.6868044515103339,0.8521462639109698,.204,.335,6.2,12.7,28.770301624129928,86.5,29.7,23,16.3,30.6,.195,.309,.287,.242,3.92156862745098,8,26,4,0,34,4,47,412,126,50.92707045735475,76.19047619047619,79.5138888888889,15.57478368355995
Miguel Ullola,HOU,,23,487,400,2071,.291,.282,0.8696343402225755,0.5708271388011243,0.6893879173290939,0.7155854430379747,0.6383147853736089,0.809220985691574,0.7972972972972973,0.6486486486486487,0.16375198728139906,0.22098569157392686,0.5882352941176471,0.7233704292527822,0.7011128775834659,0.15023847376788554,0.6931637519872814,0.21123417721518986,0.7170111287758346,0.8521462639109698,0.5039745627980922,.192,.291,5.2,16,24.319578577699733,87.8,33.8,26.9,18.4,30,.185,.320,.285,.251,2.8747433264887063,14,78,15,2,74,7,131,874,262,42.20183486238533,64.05579399141631,76.21440536013402,12.650893288266538
Antonio Jimenez,FA,,24,198,161,816,.323,.318,0.8680445151033387,0.5921553010102433,0.666335453100159,0.8872626582278481,0.35532591414944353,0.4769475357710652,0.6796502384737679,0.8084260731319555,0.11049284578696343,0.36089030206677264,0.690779014308426,0.4864864864864865,0.7408585055643879,0.6740858505564388,0.834658187599364,0.254746835443038,0.7360890302066773,0.9125596184419714,0.7329093799682035,.228,.319,3.8,17.7,26.258205689277897,87.2,37.5,27.8,10.5,33.2,.217,.364,.323,.304,2.0202020202020203,4,35,5,0,35,4,55,349,116,42.76960784313725,63.7883008356546,74.235807860262,14.215686274509805
Riskiel Tineo,MIA,,23,36,32,139,.289,.408,0.8664546899841018,0.6374673083824703,0.7484101748807631,0.7155854430379747,0.6605723370429253,0.5969793322734499,0.5961844197138315,0.7837837837837838,0.5429252782193958,0.8823529411764706,0.6263910969793323,0.9872813990461049,0.2559618441971383,0.7790143084260731,0.22257551669316375,0.7674050632911392,0.3767885532591415,0.17567567567567569,0.35532591414944353,.218,.335,4,11.1,32.89473684210527,87.6,20,19.4,8.6,23.5,.344,.417,.531,.417,2.7777777777777777,1,4,1,1,11,1,7,68,16,48.92086330935252,68.25396825396825,86.046511627907,11.510791366906474
Alimber Santa,HOU,,22,67,49,294,.317,.329,0.8648648648648649,0.6875944901994324,0.9687996820349761,0.7622626582278481,0.4165341812400636,0.9181240063593005,0.9793322734499205,0.9721780604133545,0.025437201907790145,0.06518282988871224,0.931637519872814,0.9920508744038156,0.7742448330683624,0.9674085850556439,0.4467408585055644,0.022151898734177212,0.9968203497615262,0.3004769475357711,0.06359300476947535,.170,.205,0,23.9,20.786516853932586,84.9,19.2,28.4,1.7,26.9,.204,.418,.245,.333,0,0,16,2,0,10,0,19,93,25,31.632653061224488,48.27586206896552,83.92857142857143,8.503401360544219
Taj Bradley,MIN,,25,88,83,335,.293,.322,0.863275039745628,0.5414630646562423,0.4527027027027027,0.7622626582278481,0.6224165341812401,0.39825119236883944,0.25119236883942764,0.08585055643879173,0.9737678855325914,0.9554848966613673,0.5882352941176471,0.8855325914149443,0.5739268680445151,0.10572337042925278,0.294912559618442,0.7903481012658228,0.5325914149443561,0.20270270270270271,0.45310015898251194,.234,.400,11.3,4.5,35.97883597883597,87.8,29,23.9,19.3,24.8,.241,.284,.470,.276,7.954545454545454,7,4,7,0,20,4,21,165,41,49.253731343283576,66.43835616438356,85.56701030927834,12.238805970149254
Mason Englert,TBR,,26,90,84,359,.218,.280,0.8616852146263911,0.8194631887565152,0.8640699523052464,0.4806170886075949,0.9777424483306836,0.904610492845787,0.9117647058823529,0.848966613672496,0.9435612082670907,0.9093799682034976,0.9117647058823529,0.7837837837837838,0.7957074721780604,0.6629570747217806,0.7027027027027027,0.7507911392405063,0.5310015898251192,0.7329093799682035,0.7885532591414944,.174,.257,3.4,5.6,33.846153846153854,85.2,32.8,28.9,10.7,30.3,.238,.289,.345,.333,2.2222222222222223,2,5,6,0,20,1,26,175,53,48.74651810584958,66.46341463414635,78.89908256880734,14.763231197771587
Brayan Bello,BOS,,26,44,40,167,.240,.312,0.8600953895071543,0.7716526676527607,0.5292130365659777,0.8552215189873418,0.9356120826709062,0.8402225755166932,0.8163751987281399,0.821939586645469,0.8990461049284578,0.9268680445151033,0.178060413354531,0.3004769475357711,0.8831478537360891,0.9292527821939587,0.8736089030206677,0.7270569620253164,0.739268680445151,0.8473767885532592,0.9157392686804452,.187,.285,3.7,6.8,34.48275862068966,89.9,40.7,31.8,4,34.6,.300,.341,.375,.444,2.272727272727273,1,3,1,1,12,0,14,81,28,48.50299401197605,63.74999999999999,76.47058823529412,16.766467065868262
Craig Yoho,MIL,,26,190,166,771,.234,.226,0.8585055643879174,0.8371764064418104,0.9040143084260731,0.4141613924050633,0.9523052464228935,0.9411764705882353,0.9554848966613673,0.821939586645469,0.6422893481717011,0.8744038155802861,0.9181240063593005,0.9205087440381559,0.8783783783783784,0.8012718600953895,0.9260731319554849,0.4691455696202532,0.9030206677265501,0.972972972972973,0.9205087440381559,.163,.231,3.7,10,32.76699029126214,85.1,27.1,31.6,8.1,36.9,.157,.258,.223,.243,2.1052631578947367,4,19,7,2,26,0,60,352,130,45.6549935149157,60.44568245125348,70.96774193548387,16.861219195849547
Andrew Morris,MIN,,24,392,356,1520,.286,.327,0.8569157392686805,0.5602121632522321,0.46204292527821944,0.9228639240506328,0.6883942766295708,0.5007949125596184,0.4666136724960254,0.44992050874403816,0.8815580286168522,0.4769475357710652,0.4546899841017488,0.4769475357710652,0.4769475357710652,0.6089030206677265,0.3179650238473768,0.7555379746835443,0.3656597774244833,0.5373608903020668,0.45151033386327505,.226,.358,6.6,7.1,27.410468319559232,88.4,37.6,22.7,11.6,25.1,.270,.327,.427,.327,4.591836734693878,18,28,19,2,96,11,89,742,186,48.81578947368421,68.38790931989925,81.21546961325967,12.23684210526316
Gordon Graceffo,STL,,26,189,174,698,.280,.310,0.8553259141494436,0.6832427527117586,0.59181240063593,0.96123417721519,0.7368839427662957,0.5604133545310016,0.568362480127186,0.6192368839427663,0.8934817170111288,0.7376788553259142,0.6263910969793323,0.5532591414944356,0.5691573926868044,0.8282988871224165,0.5445151033386327,0.7618670886075949,0.4435612082670906,0.314785373608903,0.6883942766295708,.221,.339,5.4,6.9,30.28571428571429,87.6,36.2,23.8,7.4,28.2,.259,.312,.397,.320,3.7037037037037033,7,13,9,0,45,5,45,341,96,48.853868194842406,67.52873563218391,83.82978723404256,13.753581661891117
Emiliano Teodo,TEX,,25,91,73,354,.333,.388,0.8537360890302067,0.6187126022150222,0.7980922098569158,0.985759493670886,0.2631160572337043,0.4626391096979332,0.5532591414944356,0.7837837837837838,0.07631160572337042,0.24324324324324326,0.9491255961844197,0.9062003179650239,0.6311605723370429,0.6740858505564388,0.895866454689984,0.06645569620253164,0.9491255961844197,0.7074721780604134,0.6629570747217806,.229,.342,4,18.7,24.76635514018692,84.6,28,25.3,10.5,35.6,.260,.407,.479,.326,2.1978021978021984,2,17,4,0,19,4,23,135,48,38.135593220338976,58.57142857142858,79.26829268292683,13.559322033898303
Luke Little,CHC,,25,251,207,1105,.276,.275,0.8521462639109698,0.6948149459493002,0.7259538950715422,0.7622626582278481,0.7623211446740858,0.8839427662957074,0.8918918918918919,0.8084260731319555,0.3179650238473768,0.2718600953895072,0.609697933227345,0.5937996820349761,0.8259141494435612,0.9069952305246423,0.7027027027027027,0.125,0.9523052464228935,0.7297297297297297,0.44753577106518283,.178,.262,3.8,13.5,25.207296849087896,87.7,35.6,29.9,5.1,30.3,.174,.315,.266,.254,1.99203187250996,5,34,8,1,36,3,75,446,135,40.36199095022624,58.56573705179283,78.91156462585032,12.217194570135744
Hudson Leach,HOU,,23,29,25,132,.391,.409,0.8505564387917329,0.4096770646763666,0.4753577106518283,0.8358386075949367,0.04689984101748808,0.003179650238473768,0.1192368839427663,0.9721780604133545,0.2901430842607313,0.1589825119236884,0.541335453100159,0.2686804451510334,0.7313195548489666,0.2933227344992051,0.6550079491255962,0.07397151898734178,0.9634340222575517,0.6955484896661367,0.321939586645469,.348,.442,0,13.8,23.28767123287671,88,41.2,27.6,15.9,29.4,.360,.448,.480,.500,0,0,4,0,0,9,1,8,51,15,38.63636363636363,57.62711864406779,79.41176470588233,11.363636363636365
Troy Taylor,SEA,,24,206,173,815,.322,.360,0.848966613672496,0.564730817703407,0.5288155802861686,0.8872626582278481,0.3656597774244833,0.4626391096979332,0.4467408585055644,0.3195548489666137,0.27503974562798095,0.6406995230524642,0.6748807631160573,0.6740858505564388,0.6788553259141494,0.8640699523052464,0.4872813990461049,0.22943037974683544,0.9093799682034976,0.1669316375198728,0.3847376788553259,.229,.361,7.6,14.1,29.122055674518197,87.3,34.5,26.2,6.3,27.5,.266,.379,.439,.345,4.368932038834951,9,29,7,1,46,7,54,346,95,42.45398773006135,60.3448275862069,86.19047619047619,11.65644171779141
John Klein,MIN,,24,116,99,509,.311,.323,0.8473767885532592,0.4911958507744527,0.5212639109697934,0.7345727848101266,0.46740858505564387,0.44038155802861684,0.5818759936406995,0.7305246422893482,0.5278219395866455,0.3314785373608903,0.4546899841017488,0.3179650238473768,0.7313195548489666,0.23211446740858505,0.3441971383147854,0.7294303797468354,0.06995230524642289,0.71939586645469,0.46899841017488075,.231,.337,4.5,11.2,25.925925925925927,88.4,40.3,27.6,16.9,25.5,.263,.362,.354,.373,2.586206896551724,3,13,6,0,26,1,32,247,63,48.526522593320244,74.05857740585773,79.09604519774011,12.37721021611002
Marco Raya,MIN,,23,446,379,1717,.318,.362,0.8457869634340223,0.5675736992111248,0.5292130365659777,0.7345727848101266,0.40540540540540543,0.519872813990461,0.41017488076311603,0.4220985691573927,0.35771065182829886,0.643879173290938,0.690779014308426,0.5937996820349761,0.46740858505564387,0.8449920508744038,0.7201907790143084,0.6424050632911392,0.2702702702702703,0.5151033386327504,0.7599364069952306,.225,.371,6.8,12.8,29.14466737064414,87.2,35.6,22.6,6.9,30.7,.266,.370,.462,.321,4.260089686098653,19,57,22,2,101,16,101,812,249,47.291788002329646,69.61038961038962,81.52985074626865,14.502038439138033
Simeon Woods Richardson,MIN,,25,96,89,372,.309,.315,0.8441971383147854,0.501702238584452,0.19932432432432434,0.4671677215189873,0.4904610492845787,0.5007949125596184,0.1343402225755167,0.1518282988871224,0.9157392686804452,0.972972972972973,0.1931637519872814,0.3179650238473768,0.7575516693163752,0.2933227344992051,0.8251192368839427,0.8931962025316456,0.2178060413354531,0.8426073131955485,0.9236883942766295,.226,.435,9.7,6.3,36.53846153846153,89.8,40.3,28.1,15.9,32.8,.236,.292,.438,.293,6.25,6,6,6,0,21,4,27,192,63,51.612903225806456,70.73170731707317,76.72413793103449,16.93548387096774
Eric Cerantola,KCR,,25,213,179,830,.273,.301,0.8426073131955485,0.6015731386636077,0.39209062003179646,0.7753164556962026,0.7869634340222575,0.8839427662957074,0.7456279809220986,0.25516693163751986,0.5174880763116058,0.5723370429252782,0.29093799682034976,0.2766295707472178,0.8139904610492846,0.3656597774244833,0.9348171701112877,0.5087025316455697,0.33068362480127184,0.8744038155802861,0.9300476947535771,.178,.305,8.2,11.3,28.418803418803414,89.2,41,29.6,15.1,37.2,.223,.315,.374,.303,4.694835680751173,10,24,11,2,40,4,63,382,142,46.02409638554217,68.78453038674033,75.50200803212851,17.10843373493976
Jared Southard,LAA,,25,162,143,629,.290,.324,0.8410174880763116,0.6911163595184909,0.740262321144674,0.7345727848101266,0.6502384737678856,0.5604133545310016,0.5818759936406995,0.6597774244833068,0.7726550079491256,0.3481717011128776,0.8664546899841018,0.8529411764705882,0.6669316375198728,0.9554848966613673,0.643879173290938,0.2958860759493671,0.5802861685214626,0.45310015898251194,0.5166931637519873,.221,.337,5.1,8.6,26.12359550561798,85.7,30.3,25.9,2.5,29.3,.245,.327,.413,.309,3.0864197530864197,5,14,7,1,35,5,42,273,80,43.40222575516693,65.93406593406593,82.2222222222222,12.71860095389507
Brandyn Garcia,ARI,,25,81,68,331,.266,.317,0.8394276629570747,0.7114583752591012,0.8626788553259142,0.9707278481012658,0.8418124006359301,0.8839427662957074,0.9419713831478538,0.9117647058823529,0.30604133545310014,0.17488076311605724,0.8418124006359301,0.7551669316375199,0.7201907790143084,0.5620031796502385,0.6271860095389508,0.24525316455696206,0.7440381558028617,0.5643879173290938,0.47058823529411764,.178,.244,2.2,13.6,23.5632183908046,86.1,33.3,27.2,12.3,29.1,.221,.346,.353,.295,1.2345679012345678,1,11,3,0,15,2,22,141,41,42.59818731117825,63.69426751592356,81,12.386706948640485
Alexander Cornielle,NYY,,24,64,52,260,.313,.354,0.8378378378378378,0.5152061091713456,0.4912559618441971,0.3247626582278481,0.4467408585055644,0.8187599364069952,0.5627980922098569,0.5317965023847376,0.18044515103338632,0.8942766295707473,0.3298887122416534,0.5405405405405406,0.8195548489666137,0.003179650238473768,0.7297297297297297,0.7238924050632911,0.38791732909379967,0.604133545310016,0.8124006359300477,.191,.340,6.1,15.6,33.33333333333333,89,36.4,29.7,30,31,.212,.359,.442,.241,3.125,2,10,0,0,11,4,19,126,39,48.46153846153846,68.14159292035397,80.51948051948051,15
Brandon Sproat,MIL,,25,507,440,1997,.280,.291,0.8362480127186009,0.6737650136174894,0.7172098569157394,0.9738924050632912,0.7368839427662957,0.670906200317965,0.7567567567567568,0.7305246422893482,0.5977742448330684,0.6470588235294118,0.6263910969793323,0.7551669316375199,0.4395866454689984,0.7837837837837838,0.36645468998410174,0.5799050632911392,0.5818759936406995,0.7138314785373608,0.4276629570747218,.209,.303,4.5,10.5,29.14669223394056,87.6,33.3,22.3,8.5,25.7,.216,.314,.330,.269,2.9585798816568047,15,53,21,1,95,9,113,933,240,46.72008012018027,65.9329140461216,79.17329093799681,12.018027040560842
Roki Sasaki,LAD,,24,92,74,356,.339,.319,0.834658187599364,0.48387917538722647,0.45369634340222575,0.9766613924050632,0.20429252782193957,0.2138314785373609,0.37042925278219396,0.8394276629570747,0.27503974562798095,0.8680445151033387,0.4546899841017488,0.15023847376788554,0.3441971383147854,0.6629570747217806,0.4467408585055644,0.6036392405063291,0.5087440381558028,0.3815580286168522,0.5007949125596184,.251,.380,3.5,14.1,32.5242718446602,88.4,43.9,20.7,10.7,26.9,.243,.359,.351,.286,2.1739130434782608,2,13,2,0,18,2,19,167,45,46.91011235955056,66.66666666666666,83,12.640449438202248
George Soriano,STL,,27,169,152,694,.243,.247,0.8330683624801272,0.8439793339504806,0.7853736089030205,0.8813291139240507,0.9276629570747218,0.8513513513513513,0.8950715421303657,0.6844197138314785,0.7941176470588235,0.9523052464228935,0.8497615262321144,0.712241653418124,0.8012718600953895,0.9133545310015898,0.8648648648648649,0.5609177215189873,0.8926868044515104,0.8028616852146264,0.875993640699523,.185,.261,4.9,8.3,35.69620253164557,85.9,34,29,4.9,34.4,.178,.260,.283,.240,2.9585798816568047,5,14,7,0,27,3,49,323,111,46.54178674351586,60.86956521739131,77.47252747252746,15.994236311239192
Yoendrys Gómez,TBR,,26,200,175,839,.279,.288,0.8314785373608903,0.6812964537508469,0.7915341812400636,0.6914556962025317,0.746422893481717,0.6279809220985691,0.7567567567567568,0.8823529411764706,0.5977742448330684,0.5230524642289348,0.753577106518283,0.7734499205087441,0.8895071542130366,0.1232114467408585,0.8100158982511924,0.3829113924050633,0.6613672496025437,0.5580286168521462,0.7647058823529411,.214,.303,2.7,10.5,27.789934354485784,86.8,33,32,18.8,32.5,.217,.312,.326,.324,1.5,3,21,8,1,38,3,64,375,122,44.69606674612635,64.92146596858639,81.04838709677419,14.541120381406436
Zach Maxwell,CIN,,25,218,187,935,.307,.312,0.8298887122416534,0.532792344187076,0.5936009538950715,0.9944620253164556,0.5079491255961844,0.5604133545310016,0.5095389507154213,0.5079491255961844,0.26788553259141495,0.07472178060413355,0.6748807631160573,0.6820349761526232,0.7138314785373608,0.21462639109697934,0.685214626391097,0.2147943037974684,0.6025437201907791,0.8171701112877583,0.49761526232114467,.221,.350,6.2,14.2,21.29817444219067,87.3,34.4,27.1,17.2,29.9,.225,.335,.358,.295,3.669724770642202,8,31,7,0,42,6,59,395,118,42.24598930481284,65.61085972850678,77.24137931034483,12.620320855614972
Helcris Olivárez,KCR,,25,129,84,603,.337,.318,0.8282988871224165,0.7304700339766423,0.9497217806041335,0.9707278481012658,0.22813990461049286,0.9666136724960255,0.9809220985691574,0.918918918918919,0.02384737678855326,0.025437201907790145,0.9864864864864865,0.9125596184419714,0.8378378378378378,0.972972972972973,0.9411764705882353,0.029272151898734174,0.9872813990461049,0.9904610492845787,0.4753577106518283,.156,.201,2.1,24.8,18.66295264623956,83,27.7,30.2,1.4,37.7,.143,.426,.155,.255,0.7751937984496124,1,32,1,0,12,0,39,199,75,33.001658374792704,54.098360655737714,65.9090909090909,12.437810945273633
Connor Phillips,CIN,,24,141,113,580,.311,.284,0.8267090620031796,0.546320950977038,0.5737281399046105,0.956487341772152,0.46740858505564387,0.6828298887122417,0.6661367249602543,0.4848966613672496,0.21621621621621623,0.21939586645468998,0.6263910969793323,0.5174880763116058,0.6422893481717011,0.3235294117647059,0.7527821939586645,0.11867088607594935,0.9062003179650239,0.5405405405405406,0.492845786963434,.208,.321,6.3,14.9,24.30769230769231,87.6,36.7,25.5,15.5,31.3,.159,.312,.301,.197,3.546099290780142,5,21,5,1,18,3,36,233,73,40.17241379310345,60.392156862745104,81.16883116883116,12.586206896551724
Felipe De La Cruz,NYM,,24,115,95,456,.320,.368,0.8251192368839427,0.4852646647951003,0.38175675675675674,0.9074367088607594,0.3815580286168522,0.6923688394276629,0.4523052464228935,0.16772655007949125,0.22496025437201908,0.40222575516693165,0.3298887122416534,0.5771065182829889,0.7074721780604134,0.21462639109697934,0.7655007949125596,0.3251582278481013,0.6868044515103339,0.9332273449920508,0.7011128775834659,.207,.360,9.4,14.8,26.8,89,35.9,27,17.2,31.5,.253,.383,.453,.322,5.217391304347826,6,17,4,0,24,5,31,200,63,43.85964912280701,64.5631067961165,73.68421052631578,13.815789473684212
Logan Evans,SEA,,24,192,175,741,.272,.330,0.8235294117647058,0.6196701343469306,0.6120826709062003,0.4932753164556962,0.7957074721780604,0.5604133545310016,0.6430842607313195,0.71939586645469,0.8990461049284578,0.8155802861685215,0.690779014308426,0.39507154213036566,0.5349761526232114,0.6836248012718601,0.20508744038155802,0.4556962025316456,0.8664546899841018,0.06041335453100159,0.21462639109697934,.221,.326,4.6,6.8,31.39240506329114,87.2,38.9,23.4,10.4,23.1,.280,.339,.417,.359,3.125,6,13,11,2,49,3,45,337,78,45.47908232118758,61.5606936416185,89.20187793427229,10.526315789473683
Coleman Crow,MIL,,25,33,28,130,.285,.382,0.821939586645469,0.5455004636989931,0.3815580286168521,0.1875,0.6979332273449921,0.8187599364069952,0.5906200317965024,0.5540540540540541,0.43243243243243246,0.5866454689984102,0.11287758346581876,0.2686804451510334,0.9562798092209857,0.44435612082670906,0.895866454689984,0.446993670886076,0.6542130365659777,0.904610492845787,0.8855325914149443,.191,.336,5.9,12.1,28.57142857142857,90.4,41.2,36.4,14.2,35.6,.321,.394,.500,.500,3.0303030303030303,1,4,2,0,9,1,12,59,21,45.384615384615394,65,74.35897435897436,16.153846153846153
Dax Fulton,MIA,,24,81,69,345,.291,.343,0.8203497615262321,0.6096504522951843,0.6909777424483307,0.6194620253164557,0.6383147853736089,0.4149443561208267,0.6661367249602543,0.5699523052464229,0.5429252782193958,0.7034976152623211,0.7368839427662957,0.7909379968203497,0.5468998410174881,0.7909379968203497,0.294912559618442,0.3587816455696203,0.8569157392686805,0.20270270270270271,0.2543720190779014,.233,.321,5.8,11.1,29.78723404255319,86.9,32.7,23.5,8.3,24.8,.319,.395,.377,.423,3.7037037037037033,3,9,2,1,22,0,19,153,38,44.34782608695652,61.783439490445865,85.56701030927834,11.014492753623188
Joey Estes,ATH,,24,336,307,1273,.271,.358,0.8187599364069952,0.5660135365726858,0.6081081081081081,0.4932753164556962,0.8060413354531002,0.5604133545310016,0.5572337042925278,0.7305246422893482,0.9308426073131956,0.9030206677265501,0.6446740858505564,0.5,0.2901430842607313,0.17090620031796502,0.20508744038155802,0.9169303797468354,0.14308426073131955,0.4133545310015898,0.43243243243243246,.221,.341,4.5,6,33.59013867488444,87.5,37.1,19.9,18.1,23.1,.274,.321,.528,.294,3.273809523809524,11,20,21,3,84,17,67,667,154,52.39591516103693,71.9551282051282,82.62806236080178,12.09740769835035
Sem Robberse,STL,,24,76,67,275,.321,.399,0.8171701112877583,0.5256668503015302,0.4250794912559619,0.2555379746835443,0.37360890302066774,0.2138314785373609,0.3767885532591415,0.5079491255961844,0.5977742448330684,0.9666136724960255,0.6605723370429253,0.15500794912559618,0.6200317965023847,0.7647058823529411,0.8155802861685215,0.7768987341772152,0.302066772655008,0.3179650238473768,0.8775834658187599,.251,.379,6.2,10.5,36.30952380952381,87.4,43.8,25,8.8,32.6,.343,.421,.493,.457,3.947368421052632,3,8,2,1,23,2,19,135,44,49.09090909090909,69.1588785046729,83.7837837837838,16
Eric Pardinho,TOR,,25,81,69,305,.268,.338,0.8155802861685215,0.7047927546403442,0.8437996820349761,0.3247626582278481,0.8275039745627981,0.7448330683624801,0.9379968203497615,0.9117647058823529,0.22496025437201908,0.3004769475357711,0.931637519872814,0.5937996820349761,0.8139904610492846,0.9888712241653418,0.8569157392686805,0.2191455696202532,0.6391096979332274,0.4562798092209857,0.7519872813990461,.200,.247,2.2,14.8,25.568181818181817,84.9,35.6,29.6,"'-1",34.1,.290,.395,.348,.444,1.2345679012345678,1,12,2,1,20,0,24,129,44,42.295081967213115,65.11627906976744,82.14285714285714,14.426229508196723
Carson Whisenhunt,SFG,,25,450,409,1694,.289,.332,0.8139904610492846,0.6257942312658897,0.6558028616852146,0.5850474683544303,0.6605723370429253,0.383147853736089,0.4785373608903021,0.7718600953895072,0.834658187599364,0.9427662957074722,0.6605723370429253,0.712241653418124,0.3672496025437202,0.6836248012718601,0.4292527821939587,0.877373417721519,0.2861685214626391,0.29411764705882354,0.678060413354531,.235,.356,4.1,7.8,35.27472527472528,87.4,34,21.1,10.4,26.7,.271,.327,.443,.320,2.888888888888889,13,35,31,0,111,13,95,865,231,51.06257378984653,69.38775510204081,84.00735294117648,13.636363636363635
Spencer Strider,ATL,,27,51,45,225,.192,.183,0.8124006359300477,0.7912260268459078,0.7674880763116058,0.7753164556962026,0.9936406995230525,0.9904610492845787,0.9920508744038156,0.5985691573926868,0.6605723370429253,0.9920508744038156,0.7241653418124007,0.7551669316375199,0.9984101748807631,0.02384737678855326,0.9904610492845787,0.9272151898734176,0.34022257551669316,0.985691573926868,0.9968203497615262,.125,.164,5.6,9.8,39.83739837398374,87,33.3,52.9,24.4,46.2,.111,.216,.156,.278,1.96078431372549,1,5,2,0,5,0,27,119,55,52.88888888888889,68.62745098039215,68.57142857142857,24.444444444444446
Carlos Rodriguez,MIL,,24,338,294,1342,.294,.311,0.8108108108108109,0.5787696086816524,0.635731319554849,0.3156645569620253,0.615262321144674,0.6605723370429253,0.5286168521462639,0.44992050874403816,0.5278219395866455,0.6931637519872814,0.8751987281399046,0.6891891891891891,0.5882352941176471,0.28537360890302066,0.7162162162162162,0.6305379746835443,0.18600953895071543,0.7424483306836248,0.7551669316375199,.210,.347,6.6,11.2,29.71576227390181,85.6,34.3,24.3,16,30.6,.224,.320,.384,.282,4.142011834319527,14,38,21,1,66,8,82,634,194,47.24292101341281,71.1267605633803,78.71287128712872,14.456035767511176
Michael McGreevy,STL,,25,303,286,1199,.264,.308,0.809220985691574,0.6401130339665801,0.5419316375198728,0.5589398734177216,0.8497615262321144,0.5604133545310016,0.5906200317965024,0.4356120826709062,0.9602543720190779,0.821939586645469,0.609697933227345,0.5317965023847376,0.6558028616852146,0.8553259141494436,0.25119236883942764,0.5498417721518988,0.8108108108108109,0.17965023847376788,0.26391096979332274,.221,.336,6.7,5,31.528662420382165,87.7,36.5,25.7,6.5,23.9,.266,.307,.399,.343,4.62046204620462,14,15,15,1,76,7,78,556,133,46.371976647206004,62.6970227670753,86.03351955307262,11.092577147623016
Sean Burke,CHW,,26,59,54,233,.263,.412,0.8076311605723371,0.6309186606561885,0.541335453100159,0.7753164556962026,0.8537360890302067,0.670906200317965,0.7130365659777425,0.30286168521462636,0.7821939586645469,0.7972972972972973,0.3942766295707472,0.7551669316375199,0.6359300476947536,0.42289348171701113,0.46740858505564387,0.9628164556962026,0.011128775834658187,0.5190779014308426,0.8155802861685215,.209,.312,7.7,8.5,31.03448275862069,88.7,33.3,25.4,14.4,27.3,.333,.390,.574,.417,5.084745762711865,3,5,4,0,18,3,15,128,35,54.93562231759657,78.63247863247864,81.52173913043478,15.021459227467814
Jose Franco,CIN,,25,220,189,917,.325,.338,0.8060413354531002,0.4548932192617039,0.2388712241653418,0.8219936708860759,0.33068362480127184,0.519872813990461,0.25119236883942764,0.27106518282988873,0.36486486486486486,0.7567567567567568,0.178060413354531,0.25516693163751986,0.5564387917329093,0.3322734499205087,0.8203497615262321,0.507120253164557,0.5421303656597775,0.6565977742448331,0.8187599364069952,.225,.400,8,12.7,30.44315992292871,89.9,41.6,23.6,15.4,32.7,.228,.336,.434,.260,5,11,28,5,2,43,10,52,422,138,46.019629225736104,66.33165829145729,79.92424242424242,15.049073064340242
Cade Povich,BAL,,26,76,68,293,.252,.300,0.8044515103338633,0.7213088868373214,0.8380365659777425,0.2701740506329114,0.904610492845787,0.39825119236883944,0.7416534181240063,0.821939586645469,0.9491255961844197,0.604133545310016,0.8267090620031796,0.9618441971383148,0.5635930047694754,0.8338632750397457,0.7798092209856916,0.33860759493670883,0.8585055643879174,0.8537360890302067,0.7154213036565977,.234,.306,3.7,5.3,28.662420382165603,86.3,24.1,23.7,7.3,31.8,.279,.307,.397,.346,2.631578947368421,2,4,3,1,19,1,18,129,41,44.027303754266214,61.764705882352935,76.19047619047619,13.993174061433447
Steven Cruz,KCR,,26,30,27,134,.244,.307,0.8028616852146264,0.6771503097475734,0.5355723370429253,0.956487341772152,0.9228934817170111,0.9523052464228935,0.787758346581876,0.05087440381558029,0.9054054054054054,0.4189189189189189,0.8171701112877583,0.4864864864864865,0.924483306836248,0.15023847376788554,0.7527821939586645,0.6815664556962026,0.08426073131955485,0.6844197138314785,0.8028616852146264,.159,.293,12.5,6.7,27.02702702702703,86.4,37.5,33.3,18.4,31.3,.222,.300,.407,.353,6.666666666666668,2,2,3,1,6,0,10,64,20,47.76119402985074,73.33333333333333,79.54545454545455,14.925373134328355
Gavin Collyer,TEX,,24,78,60,340,.314,.330,0.8012718600953895,0.5629146458446533,0.6345389507154213,0.8734177215189873,0.43720190779014306,0.7448330683624801,0.7027027027027027,0.6844197138314785,0.06200317965023847,0.11128775834658187,0.6263910969793323,0.5246422893481717,0.7011128775834659,0.7114467408585056,0.575516693163752,0.223496835443038,0.5087440381558028,0.8044515103338633,0.43084260731319557,.200,.314,4.9,19.2,22.459893048128343,87.6,36.6,26.9,9.9,28.5,.233,.385,.333,.325,2.564102564102564,2,15,3,0,14,1,21,144,41,42.352941176470594,66.66666666666666,77.45098039215686,12.058823529411766
Jordan Wicks,CHC,,26,291,265,1189,.270,.296,0.7996820349761526,0.7547289645844653,0.7863672496025438,0.5185917721518988,0.8171701112877583,0.5763116057233705,0.6550079491255962,0.7440381558028617,0.8227344992050875,0.9443561208267091,0.9403815580286169,0.8060413354531002,0.6947535771065183,0.9292527821939587,0.6081081081081081,0.8536392405063291,0.3163751987281399,0.4483306836248013,0.7678855325914149,.220,.323,4.3,7.9,35.31202435312024,84.8,32.4,26.5,4,28.9,.242,.302,.374,.323,2.7491408934707904,8,23,17,3,64,4,77,599,173,50.378469301934395,68.98496240601504,82.28882833787466,14.550042052144661
Carlos Duran,LAD,,24,293,228,1165,.310,.327,0.7980922098569158,0.6108784580373375,0.8072337042925278,0.8631329113924051,0.48012718600953896,0.7519872813990461,0.8362480127186009,0.8648648648648649,0.0739268680445151,0.18600953895071543,0.7368839427662957,0.7909379968203497,0.49761526232114467,0.6629570747217806,0.5858505564387917,0.14477848101265822,0.7853736089030207,0.6589825119236884,0.38791732909379967,.199,.281,3.1,18.8,23.751891074130107,86.9,32.7,22.9,10.7,28.6,.228,.389,.307,.309,1.706484641638225,5,55,12,0,52,2,67,475,136,40.772532188841204,63.0952380952381,79.87421383647799,11.673819742489268
Trevor McDonald,SFG,,25,622,543,2304,.318,.351,0.7965023847376789,0.5074655642705251,0.2849761526232114,0.6333069620253164,0.40540540540540543,0.4300476947535771,0.29650238473767887,0.4220985691573927,0.6422893481717011,0.7400635930047694,0.27106518282988873,0.15023847376788554,0.5103338632750397,0.890302066772655,0.6979332273449921,0.37183544303797467,0.8203497615262321,0.16534181240063592,0.6486486486486487,.232,.392,6.8,10,30.3125,89.3,43.9,23,5.8,30.2,.263,.351,.457,.318,4.340836012861737,27,62,27,6,143,22,143,1027,310,44.57465277777778,62.40234375,86.2284820031299,13.454861111111109
Ryan Harbin,PIT,,24,73,57,300,.368,.409,0.794912559618442,0.5075787114366787,0.6496422893481717,0.9319620253164556,0.08505564387917329,0.051669316375198726,0.49364069952305245,0.9721780604133545,0.03418124006359301,0.4785373608903021,0.2384737678855326,0.8942766295707473,0.32829888712241656,0.9443561208267091,0.6383147853736089,0.4723101265822785,0.431637519872814,0.5190779014308426,0.6248012718600954,.287,.353,0,21.9,27.439024390243908,89.5,28.6,20.5,3.2,29.2,.351,.493,.404,.476,0,0,16,3,0,20,0,15,137,40,45.66666666666666,67.64705882352942,81.52173913043478,13.333333333333336
Adam Macko,TOR,,25,283,239,1110,.288,.327,0.7933227344992051,0.6034236372448398,0.746422893481717,0.6194620253164557,0.6701112877583466,0.7034976152623211,0.7352941176470589,0.6701112877583466,0.39109697933227344,0.5564387917329093,0.8068362480127186,0.7734499205087441,0.5103338632750397,0.24006359300476948,0.5643879173290938,0.7587025316455697,0.17488076311605724,0.6915739268680445,0.7058823529411765,.206,.307,5,12.4,28.151986183074268,86.5,33,23,16.8,28.4,.247,.346,.397,.306,3.1802120141342747,9,35,12,3,59,6,65,542,154,48.82882882882883,71.37476459510358,79.41952506596306,13.873873873873874
Cameron Foster,BAL,,27,90,77,378,.289,.332,0.7917329093799682,0.6387167486734687,0.5431240063593005,0.8219936708860759,0.6605723370429253,0.5317965023847376,0.6168521462639109,0.7957074721780604,0.41573926868044514,0.9062003179650239,0.1478537360890302,0.6120826709062003,0.8648648648648649,0.42289348171701113,0.8680445151033387,0.9280063291139241,0.0492845786963434,0.8712241653418124,0.9554848966613673,.224,.330,3.9,12.2,33.82352941176471,90.1,35.3,31.1,14.4,34.5,.273,.356,.403,.388,2.2222222222222223,2,11,4,0,21,2,28,200,69,52.9100529100529,75.28735632183907,75.57251908396947,18.253968253968253
Francis Peña,SDP,,25,233,194,893,.284,.329,0.7901430842607313,0.6625185311894173,0.8318759936406996,0.9367088607594936,0.7042925278219396,0.7583465818759937,0.8457869634340223,0.848966613672496,0.24403815580286167,0.22416534181240064,0.8267090620031796,0.8060413354531002,0.30604133545310014,0.884737678855326,0.5643879173290938,0.13844936708860758,0.8982511923688394,0.6661367249602543,0.3640699523052464,.198,.278,3.4,14.6,24.39024390243902,86.3,32.4,20.2,5.9,28.4,.247,.361,.376,.301,2.1459227467811157,5,34,7,3,48,4,47,363,103,40.6494960806271,60.59850374064838,79.83539094650206,11.534154535274356
Kai-Wei Teng,HOU,,27,238,211,966,.249,.266,0.7885532591414944,0.8080693372542312,0.7961049284578696,0.6475474683544303,0.9093799682034976,0.8775834658187599,0.8736089030206677,0.6844197138314785,0.7186009538950715,0.9014308426073132,0.7734499205087441,0.8529411764705882,0.9666136724960255,0.5858505564387917,0.9054054054054054,0.4841772151898734,0.8871224165341812,0.8441971383147854,0.9062003179650239,.179,.268,4.9,9.2,33.582089552238806,86.7,30.3,37.4,12,36.2,.199,.290,.294,.328,2.5210084033613445,6,22,7,2,42,3,89,442,160,45.75569358178054,60.93023255813954,76.7175572519084,16.563146997929607
J.T. Ginn,ATH,,26,84,74,341,.237,.266,0.7869634340222575,0.7660024367256311,0.6283783783783784,0.5712025316455697,0.9419713831478538,0.9483306836248012,0.884737678855326,0.4356120826709062,0.5802861685214626,0.7909379968203497,0.7241653418124007,0.46899841017488075,0.9467408585055644,0.9769475357710652,0.9220985691573926,0.3346518987341772,0.6645468998410174,0.9213036565977742,0.8831478537360891,.161,.266,6.7,10.7,30.952380952380953,87,37.8,35.7,1.3,36.7,.203,.289,.297,.326,3.571428571428571,3,9,4,0,15,1,30,150,55,43.988269794721404,64.8854961832061,74.11764705882355,16.129032258064516
Nate Ackenhausen,KCR,,24,43,35,168,.338,.346,0.7853736089030207,0.42596024682538086,0.4507154213036566,0.28401898734177217,0.21144674085850557,0.23370429252782193,0.5397456279809221,0.7567567567567568,0.15580286168521462,0.9332273449920508,0.2543720190779014,0.2519872813990461,0.6494435612082671,0.13116057233704292,0.7098569157392687,0.7547468354430379,0.15023847376788554,0.4165341812400636,0.8012718600953895,.248,.345,4.2,16.3,34.615384615384606,89.4,41.7,25.6,18.7,30.5,.229,.372,.400,.304,2.3255813953488373,1,7,3,0,8,1,11,82,25,48.80952380952381,71.875,82.6086956521739,14.88095238095238
Evan Reifert,TBR,,26,127,105,553,.260,.277,0.7837837837837838,0.7426341666498963,0.6617647058823529,0.5324367088607594,0.8680445151033387,0.9697933227344993,0.951510333863275,0.609697933227345,0.26788553259141495,0.8982511923688394,0.753577106518283,0.3322734499205087,0.9793322734499205,0.7519872813990461,0.9968203497615262,0.3299050632911392,0.9014308426073132,0.8783783783783784,0.9872813990461049,.155,.236,5.5,14.2,33.43195266272189,86.8,40,40.2,9.1,47.7,.181,.307,.295,.302,2.3622047244094486,3,18,1,1,19,3,51,243,116,43.94213381555153,60.465116279069754,75.38461538461539,20.97649186256781
Bradgley Rodriguez,SDP,,22,59,48,238,.306,.295,0.7821939586645469,0.5813576863348829,0.7488076311605724,0.9707278481012658,0.5174880763116058,0.4626391096979332,0.884737678855326,0.8950715421303657,0.08108108108108109,0.6232114467408585,0.690779014308426,0.5246422893481717,0.029411764705882353,0.972972972972973,0.3235294117647059,0.7175632911392406,0.0397456279809221,0.21144674085850557,0.4451510333863275,.229,.266,2.4,18.6,28.776978417266182,87.2,36.6,11.9,1.4,25.2,.188,.339,.292,.220,1.6949152542372878,1,11,5,0,9,0,7,115,29,48.319327731092436,75.75757575757575,85.33333333333334,12.184873949579833
Adam Mazur,MIA,,25,445,409,1708,.308,.337,0.78060413354531,0.46260729852152976,0.32531796502384736,0.663370253164557,0.49920508744038156,0.1875993640699523,0.28139904610492844,0.4737678855325914,0.9054054054054054,0.5945945945945946,0.2543720190779014,0.2917329093799682,0.4562798092209857,0.5993640699523053,0.3441971383147854,0.6875,0.40063593004769477,0.48171701112877585,0.4435612082670906,.254,.396,6.4,6.7,28.604118993135014,89.4,40.8,22.5,11.8,25.5,.267,.319,.465,.302,4.49438202247191,20,30,18,0,109,21,100,817,208,47.83372365339578,67.98561151079137,81.83421516754848,12.177985948477753
Zach McCambley,MIA,,26,165,146,632,.279,.274,0.7790143084260731,0.7129890850455817,0.7416534181240064,0.6194620253164557,0.746422893481717,0.5763116057233705,0.7416534181240063,0.7567567567567568,0.8227344992050875,0.5961844197138315,0.8171701112877583,0.651033386327504,0.8728139904610492,0.4546899841017488,0.9006359300476947,0.3243670886075949,0.9173290937996821,0.5190779014308426,0.8616852146263911,.220,.306,4.2,7.9,28.615384615384606,86.4,34.7,31.5,14.1,35.7,.219,.299,.308,.323,2.4242424242424243,4,13,7,0,32,2,52,277,99,43.82911392405064,59.93485342019545,81.52173913043478,15.664556962025314
Hunter Barco,PIT,,25,317,270,1282,.295,.296,0.7774244833068362,0.5484993614705548,0.5532591414944356,0.5589398734177216,0.6089030206677265,0.6923688394276629,0.6732909379968204,0.40063593004769477,0.3712241653418124,0.465818759936407,0.47774244833068363,0.6613672496025437,0.6669316375198728,0.3322734499205087,0.6724960254372019,0.3473101265822785,0.7647058823529411,0.5468998410174881,0.5977742448330684,.207,.320,6.9,12.6,27.31277533039648,88.3,34.6,25.9,15.4,29.6,.207,.325,.322,.279,4.100946372239748,13,40,14,1,56,5,82,567,168,44.22776911076443,63.39434276206322,81.1023622047244,13.10452418096724
Max Lazar,PHI,,26,85,78,350,.278,.267,0.7758346581875993,0.556103071146351,0.32054848966613675,0.6780063291139239,0.7543720190779014,0.4872813990461049,0.48330683624801274,0.5834658187599364,0.8815580286168522,0.8855325914149443,0.10174880763116058,0.1136724960254372,0.7138314785373608,0.15023847376788554,0.8402225755166932,0.8132911392405063,0.35453100158982515,0.9364069952305246,0.9077901430842608,.227,.355,5.7,7.1,32.97297297297297,90.5,45.3,27.1,18.4,33.3,.192,.247,.372,.226,3.5294117647058822,3,6,3,1,15,3,23,174,58,49.714285714285715,68.48484848484848,73.45132743362831,16.57142857142857
Slade Cecconi,CLE,,26,51,47,179,.267,.249,0.7742448330683624,0.6733845896808947,0.7062798092209857,0.8477056962025317,0.834658187599364,0.13751987281399047,0.6430842607313195,0.9721780604133545,0.9809220985691574,0.9610492845786963,0.4546899841017488,0.7551669316375199,0.26788553259141495,0.7313195548489666,0.4944356120826709,0.9596518987341772,0.212241653418124,0.6955484896661367,0.8251192368839427,.262,.326,0,3.9,36.14457831325301,88.4,33.3,19.6,9.5,27.6,.255,.275,.298,.308,0,0,2,2,0,12,0,10,98,27,54.748603351955296,70.83333333333334,79.41176470588233,15.083798882681565
Christian Montes De Oca,FA,,26,101,94,380,.285,.311,0.7726550079491256,0.6123844316207495,0.46899841017488075,0.9074367088607594,0.6979332273449921,0.2726550079491256,0.5453100158982512,0.541335453100159,0.9356120826709062,0.8028616852146264,0.541335453100159,0.2480127186009539,0.6558028616852146,0.8640699523052464,0.33624801271860094,0.8995253164556962,0.19236883942766295,0.3354531001589825,0.6017488076311606,.245,.344,6,5.9,31.147540983606557,88,41.8,25.7,6.3,25.4,.266,.317,.394,.348,3.96039603960396,4,6,6,0,25,2,26,197,50,51.84210526315789,71.06598984771573,83.57142857142857,13.157894736842106
Gunnar Hoglund,ATH,,26,114,105,451,.270,.286,0.7710651828298887,0.5758823382671577,0.4193163751987281,0.663370253164557,0.8171701112877583,0.6081081081081081,0.6248012718600954,0.6351351351351351,0.924483306836248,0.8378378378378378,0.22496025437201908,0.19236883942766295,0.6828298887122417,0.5468998410174881,0.15262321144674085,0.8235759493670886,0.2591414944356121,0.02384737678855326,0.26232114467408585,.217,.328,5.3,6.1,31.77966101694915,89.6,42.7,26.3,12.5,22.2,.219,.281,.371,.278,3.5087719298245608,4,7,7,0,23,3,30,225,50,49.889135254988915,69.76744186046511,91.33333333333331,11.086474501108649
Wilkin Ramos,SFG,,25,66,59,255,.272,.296,0.7694753577106518,0.6910927762740403,0.8650635930047694,0.7939082278481012,0.7957074721780604,0.7034976152623211,0.7281399046104928,0.9030206677265501,0.8481717011128775,0.16375198728139906,0.9117647058823529,0.9173290937996821,0.4769475357710652,0.9928457869634341,0.05802861685214626,0.1985759493670886,0.9300476947535771,0.08187599364069953,0.04133545310015898,.206,.309,2.3,7.6,23.387096774193548,85.2,27.3,22.7,"'-1.2",18.7,.237,.318,.339,.302,1.5151515151515151,1,5,3,0,14,1,15,107,20,41.96078431372549,59.54198473282442,88.46153846153845,7.84313725490196
Lyon Richardson,CIN,,26,135,121,539,.279,.305,0.7678855325914149,0.6688439766087756,0.7839825119236884,0.8552215189873418,0.746422893481717,0.4872813990461049,0.7352941176470589,0.7305246422893482,0.678060413354531,0.2957074721780604,0.8171701112877583,0.8529411764705882,0.5635930047694754,0.7965023847376789,0.46740858505564387,0.26305379746835444,0.848966613672496,0.4912559618441971,0.39268680445151033,.227,.307,4.5,9.6,25.53191489361702,86.4,30.3,23.7,8.2,27.3,.248,.326,.355,.314,2.9629629629629632,4,13,4,0,30,3,32,231,63,42.857142857142854,61.86770428015564,81.76100628930818,11.688311688311687
Justin Wrobleski,LAD,,25,220,194,843,.273,.320,0.766295707472178,0.6042930728569225,0.6373211446740858,0.9319620253164556,0.7869634340222575,0.7376788553259142,0.6963434022257552,0.7718600953895072,0.5977742448330684,0.40063593004769477,0.5635930047694754,0.5174880763116058,0.37917329093799684,0.5858505564387917,0.2821939586645469,0.6867088607594937,0.4133545310015898,0.6009538950715422,0.3990461049284579,.201,.315,4.1,10.5,26.763990267639905,87.9,36.7,21.4,12,24.6,.247,.327,.402,.289,2.727272727272727,6,23,9,0,48,7,47,403,99,47.805456702253856,67.82407407407408,80.54607508532423,11.743772241992884
Nestor German,BAL,,24,36,32,156,.378,.404,0.7647058823529411,0.3782519197809127,0.20926073131955483,0.40150316455696206,0.06836248012718601,0.058823529411764705,0.046104928457869634,0.037360890302066775,0.5429252782193958,0.6104928457869634,0.6446740858505564,0.10890302066772654,0.7408585055643879,0.3871224165341812,0.8918918918918919,0.1843354430379747,0.8751987281399046,0.13195548489666137,0.7853736089030207,.283,.515,13.6,11.1,28.723404255319156,87.5,45.5,27.8,14.8,35.4,.281,.361,.594,.316,8.333333333333332,3,4,1,0,9,3,10,65,23,41.66666666666667,61.29032258064516,86.8421052631579,14.743589743589745
Sam Bachman,LAA,,26,108,92,426,.282,.258,0.7631160572337043,0.729622399763874,0.8928855325914149,0.9367088607594936,0.7178060413354531,0.6470588235294118,0.8593004769475358,0.9324324324324325,0.2845786963434022,0.5691573926868044,0.9403815580286169,0.8394276629570747,0.42686804451510335,0.8791732909379968,0.7225755166931638,0.29667721518987344,0.766295707472178,0.7631160572337043,0.6327503974562798,.212,.271,1.5,13.9,28.395061728395056,84.8,30.9,22.2,6,30.8,.207,.324,.207,.279,0.9259259259259258,1,15,0,0,19,0,24,185,57,43.42723004694836,63.3879781420765,78.44827586206897,13.380281690140846
Michael Knorr,HOU,,25,130,112,546,.313,.373,0.7615262321144675,0.4775925113031871,0.3990461049284579,0.7939082278481012,0.4467408585055644,0.3449920508744038,0.3990461049284579,0.4848966613672496,0.5707472178060413,0.7726550079491256,0.3298887122416534,0.38235294117647056,0.5691573926868044,0.1422893481717011,0.4944356120826709,0.8196202531645571,0.3068362480127186,0.7408585055643879,0.6868044515103339,.238,.374,6.3,10.8,30.656934306569344,89,39.2,23.8,18.5,27.6,.286,.369,.500,.346,3.8461538461538463,5,14,7,1,32,5,31,272,75,49.816849816849825,69.11764705882352,78.72340425531915,13.736263736263735
Kumar Rocker,TEX,,26,64,59,249,.260,.290,0.7599364069952306,0.6856623935924011,0.7990858505564389,0.8734177215189873,0.8680445151033387,0.4300476947535771,0.6430842607313195,0.7408585055643879,0.9682034976152624,0.5310015898251192,0.9753577106518283,0.8370429252782194,0.5349761526232114,0.7567567567567568,0.06915739268680444,0.7076740506329114,0.4260731319554849,0.019077901430842606,0.10810810810810811,.232,.326,4.4,4.7,27.86885245901639,83.7,31.1,23.4,9,19.2,.237,.266,.424,.273,3.125,2,3,3,1,14,2,15,120,23,48.19277108433735,67.71653543307087,91.86046511627909,9.236947791164658
Garrett McDaniels,LAD,,26,140,117,569,.281,.305,0.7583465818759937,0.6251142477175612,0.5224562798092209,0.5458860759493671,0.7273449920508744,0.7933227344992051,0.8497615262321144,0.8871224165341812,0.25834658187599363,0.42289348171701113,0.1931637519872814,0.15977742448330684,0.7813990461049285,0.9928457869634341,0.8895071542130366,0.10759493670886076,0.9650238473767886,0.48012718600953896,0.7201907790143084,.194,.277,2.6,14.3,27.051671732522802,89.8,43.6,28.6,"'-1.2",35.2,.222,.343,.325,.316,1.4285714285714286,2,20,4,1,26,2,40,227,80,39.894551845342704,57.49999999999999,81.88405797101449,14.059753954305801
Mike Burrows,HOU,,26,130,118,549,.318,.281,0.7567567567567568,0.4424095598297479,0.0455087440381558,0.6475474683544303,0.40540540540540543,0.6542130365659777,0.07790143084260731,0.009538950715421303,0.7821939586645469,0.863275039745628,0.0643879173290938,0.030206677265500796,0.8728139904610492,0.09936406995230525,0.8020667726550079,0.5901898734177216,0.6740858505564388,0.7901430842607313,0.8267090620031796,.211,.467,16.9,8.5,32.459016393442624,91,50.6,31.5,19.5,32.3,.195,.264,.381,.239,10,13,11,4,0,23,6,41,257,83,46.81238615664846,64.75409836065575,77.8481012658228,15.1183970856102
David Sandlin,CHW,,25,117,102,438,.385,.411,0.7551669316375199,0.4474887093907012,0.48370429252782193,0.951740506329114,0.06279809220985691,0.01192368839427663,0.0794912559618442,0.6844197138314785,0.5429252782193958,0.8585055643879174,0.5882352941176471,0.5826709062003179,0.17965023847376788,0.42289348171701113,0.404610492845787,0.8496835443037974,0.20349761526232116,0.6613672496025437,0.6168521462639109,.322,.465,4.9,11.1,32.34042553191489,87.8,35.8,17.9,14.4,26.4,.343,.427,.520,.410,3.418803418803419,4,13,7,1,35,3,21,220,58,50.22831050228311,70.93596059113301,79.8611111111111,13.242009132420089
Juan Morillo,ARI,,27,87,75,372,.267,.297,0.753577106518283,0.8151906909701959,0.9429650238473768,0.9802215189873418,0.834658187599364,0.7257551669316376,0.9228934817170111,0.9721780604133545,0.615262321144674,0.7694753577106518,0.9952305246422893,0.8815580286168522,0.5103338632750397,0.972972972972973,0.6017488076311606,0.6645569620253164,0.5294117647058824,0.6168521462639109,0.685214626391097,.203,.251,0,10.3,30.612244897959183,82,29.1,23,1.4,28.8,.240,.345,.293,.315,0,0,9,1,0,18,1,20,177,51,47.58064516129033,66.47727272727273,80.34188034188034,13.709677419354836
Tyler Owens,DET,,25,140,120,567,.332,.360,0.7519872813990461,0.489901654726208,0.3908982511923689,0.9074367088607594,0.27344992050874406,0.31558028616852146,0.36486486486486486,0.5079491255961844,0.25834658187599363,0.6844197138314785,0.4546899841017488,0.23608903020667726,0.25119236883942764,0.8449920508744038,0.7798092209856916,0.5640822784810127,0.3052464228934817,0.3585055643879173,0.7917329093799682,.241,.381,6.2,14.3,29.629629629629626,88.4,42,19.3,6.9,31.8,.267,.371,.450,.307,3.571428571428571,5,20,5,1,32,5,27,264,84,46.56084656084657,69.1358024691358,83.33333333333334,14.814814814814813
Sauryn Lao,FA,,26,298,273,1158,.291,.293,0.7503974562798092,0.5841470076740926,0.46005564387917325,0.6194620253164557,0.6383147853736089,0.383147853736089,0.48330683624801274,0.44992050874403816,0.8895071542130366,0.9745627980922098,0.49761526232114467,0.4093799682034976,0.6104928457869634,0.3871224165341812,0.6669316375198728,0.8639240506329114,0.48171701112877585,0.31319554848966613,0.8044515103338633,.235,.355,6.6,7,36.65594855305466,88.2,38.6,24.8,14.8,29.5,.238,.302,.359,.306,4.362416107382551,13,21,15,0,65,6,74,587,173,50.69084628670121,66.97761194029852,83.84401114206128,14.939550949913645
Robert Gasser,MIL,,26,129,117,476,.238,.253,0.7488076311605724,0.7673672776928083,0.8974562798092209,0.3872626582278481,0.93879173290938,0.7933227344992051,0.9014308426073132,0.8950715421303657,0.834658187599364,0.9379968203497615,0.9181240063593005,0.8751987281399046,0.7472178060413355,0.519872813990461,0.4594594594594595,0.6914556962025317,0.8648648648648649,0.6724960254372019,0.5882352941176471,.194,.260,2.4,7.8,34.83606557377049,85.1,29.3,27.9,13,27.2,.214,.279,.282,.296,1.5503875968992251,2,10,3,1,25,1,36,228,62,47.89915966386555,61.637931034482754,79.72027972027972,13.025210084033615
Luis Peralta,COL,,25,179,146,778,.315,.388,0.7472178060413355,0.4882495174344113,0.4936406995230525,0.6475474683544303,0.42845786963434024,0.5969793322734499,0.5151033386327504,0.16772655007949125,0.20429252782193957,0.2686804451510334,0.609697933227345,0.6820349761526232,0.7766295707472178,0.2519872813990461,0.7098569157392687,0.2389240506329114,0.8036565977742448,0.7869634340222575,0.5786963434022258,.218,.349,9.4,15.1,25.11961722488038,87.7,34.4,28.5,16.7,30.5,.301,.413,.479,.413,5.027932960893856,9,27,6,1,44,6,51,331,101,42.54498714652957,62.77777777777778,77.87610619469027,12.982005141388175
Jack Neely,CHC,,25,139,105,601,.325,.339,0.7456279809220986,0.4889056557022399,0.40759141494435613,0.663370253164557,0.33068362480127184,0.829093799682035,0.6931637519872814,0.34340222575516693,0.10333863275039745,0.5294117647058824,0.2384737678855326,0.35532591414944353,0.7575516693163752,0.0739268680445151,0.9491255961844197,0.3647151898734177,0.314785373608903,0.6788553259141494,0.9268680445151033,.189,.316,7.4,18,27.85515320334262,89.5,39.7,28.1,20.5,38.2,.190,.374,.371,.250,3.5971223021582728,5,25,5,1,20,4,39,267,102,44.42595673876872,69.00826446280992,79.64071856287423,16.97171381031614
Gustavo Rodriguez,ATH,,25,137,113,563,.313,.270,0.7440381558028617,0.5378086575033708,0.4918521462639109,0.8734177215189873,0.4467408585055644,0.5604133545310016,0.6868044515103339,0.28855325914149443,0.19395866454689983,0.12559618441971382,0.7368839427662957,0.25516693163751986,0.6828298887122417,0.9483306836248012,0.6550079491255962,0.30063291139240506,0.3688394276629571,0.651033386327504,0.5373608903020668,.221,.318,7.8,15.3,22.801302931596087,86.9,41.6,26.3,3.1,29.4,.177,.314,.257,.237,4.37956204379562,6,21,3,0,20,2,36,245,72,43.51687388987567,68.359375,80,12.788632326820604
Hayden Birdsong,SFG,,24,193,158,838,.338,.387,0.7424483306836248,0.34647679953781035,0.17130365659777425,0.8477056962025317,0.21144674085850557,0.519872813990461,0.27503974562798095,0.19634340222575516,0.18441971383147854,0.5087440381558028,0.058823529411764705,0.15500794912559618,0.5937996820349761,0.08664546899841018,0.519872813990461,0.3109177215189873,0.643879173290938,0.7011128775834659,0.4419713831478537,.225,.397,8.9,15.5,27.708333333333336,91.2,43.8,24.4,20,27.9,.259,.389,.506,.311,5.181347150259066,10,30,12,0,41,9,47,366,102,43.67541766109785,65.08379888268156,79.39914163090128,12.17183770883055
Shane Drohan,MIL,,27,188,171,766,.243,.240,0.7408585055643879,0.6801794988864517,0.5308028616852146,0.5850474683544303,0.9276629570747218,0.9451510333863276,0.7170111287758346,0.15659777424483307,0.7821939586645469,0.8529411764705882,0.5882352941176471,0.6613672496025437,0.9443561208267091,0.057233704292527825,0.9443561208267091,0.8465189873417721,0.18998410174880764,0.9650238473767886,0.9697933227344993,.162,.311,9.6,8.5,32.20338983050847,87.8,34.6,35.6,21.3,37.8,.175,.250,.281,.260,5.319148936170213,10,16,6,0,30,4,67,384,145,50.130548302872064,71.10481586402267,71.31474103585656,18.929503916449086
Trey Gibson,BAL,,23,137,122,515,.337,.412,0.739268680445151,0.393781119401233,0.19415739268680446,0.663370253164557,0.22813990461049286,0.08664546899841018,0.1820349761526232,0.3195548489666137,0.7567567567567568,0.49761526232114467,0.11287758346581876,0.16216216216216217,0.46740858505564387,0.8744038155802861,0.3744038155802862,0.43275316455696206,0.7408585055643879,0.2742448330683625,0.3815580286168522,.275,.420,7.6,8.8,27.65151515151515,90.4,43.5,22.6,6.1,25.8,.336,.401,.566,.414,5.109489051094892,7,12,13,0,41,5,31,233,60,45.242718446601934,63.745019920318725,84.375,11.650485436893206
Zach Franklin,CHW,,27,58,51,238,.219,.313,0.7376788553259142,0.7447855874303194,0.7007154213036566,0.6194620253164557,0.9745627980922098,0.9809220985691574,0.9069952305246423,0.18600953895071543,0.615262321144674,0.9793322734499205,0.7925278219395866,0.9173290937996821,0.9133545310015898,0.09220985691573927,0.9594594594594594,0.9200949367088608,0.16375198728139906,0.8895071542130366,0.9825119236883942,.138,.259,9.1,10.3,37.12121212121213,86.6,27.3,32.8,19.8,39.2,.235,.310,.412,.323,5.172413793103448,3,6,3,0,12,2,19,125,49,52.52100840336135,71.69811320754717,75,20.588235294117645
Clayton Beeter,WSN,,27,110,88,489,.262,.304,0.7360890302066773,0.8004506391164061,0.8616852146263911,0.8995253164556962,0.8577106518282989,0.9570747217806042,0.9745627980922098,0.7718600953895072,0.09538950715421304,0.6327503974562798,0.8577106518282989,0.8426073131955485,0.9562798092209857,0.8124006359300477,0.9475357710651828,0.3322784810126582,0.7106518282988871,0.8553259141494436,0.9173290937996821,.158,.212,4.1,18.2,28.92857142857143,85.8,30.6,36.4,7.8,38.1,.216,.367,.273,.396,1.8181818181818181,2,20,3,1,19,0,40,215,82,43.967280163599185,64.11483253588517,76.11940298507463,16.768916155419227
Jayvien Sandridge,BAL,,27,141,119,582,.277,.319,0.7344992050874404,0.6185403397161123,0.4676073131955485,0.8358386075949367,0.7591414944356121,0.8640699523052464,0.7631160572337043,0.4220985691573927,0.43243243243243246,0.6724960254372019,0.3298887122416534,0.35532591414944353,0.924483306836248,0.15023847376788554,0.9133545310015898,0.4280063291139241,0.6279809220985691,0.9109697933227345,0.9022257551669316,.183,.302,6.8,12.1,29.447852760736197,89,39.7,33.3,18.4,36.5,.235,.343,.370,.357,3.546099290780142,5,17,7,0,28,3,47,263,96,45.18900343642611,65.234375,74.25149700598801,16.49484536082474
Emerson Hancock,SEA,,26,201,181,782,.296,.370,0.7329093799682035,0.5954900241827829,0.4364069952305246,0.91376582278481,0.6001589825119237,0.3267090620031797,0.5214626391096979,0.6844197138314785,0.8529411764705882,0.5373608903020668,0.1931637519872814,0.3465818759936407,0.7472178060413355,0.918918918918919,0.5031796502384738,0.5253164556962026,0.5278219395866455,0.6740858505564388,0.5357710651828299,.240,.348,4.9,7.5,27.912621359223298,89.8,39.8,27.9,4.4,27.7,.298,.363,.497,.405,2.985074626865672,6,15,13,4,54,5,56,361,100,46.16368286445013,66.48648648648647,79.67479674796748,12.78772378516624
Yoniel Curet,DET,,23,149,114,626,.351,.372,0.7313195548489666,0.35702191627591856,0.36526232114467416,0.8995253164556962,0.1422893481717011,0.16772655007949125,0.4069952305246423,0.5079491255961844,0.11764705882352941,0.017488076311605722,0.31001589825119236,0.23608903020667726,0.5468998410174881,0.3235294117647059,0.6081081081081081,0.10126582278481013,0.589825119236884,0.931637519872814,0.3505564387917329,.257,.372,6.2,17.4,18.128654970760234,89.1,42,23.5,15.5,28.9,.298,.430,.404,.390,3.355704697986577,5,26,6,0,34,2,35,249,72,39.77635782747604,65.84507042253522,73.79679144385027,11.501597444089455
Sean Paul Liñan,NYY,,21,37,27,155,.350,.388,0.7297297297297297,0.44095499771923824,0.39705882352941174,0.22389240506329114,0.15023847376788554,0.636724960254372,0.4523052464228935,0.5079491255961844,0.06995230524642289,0.06915739268680444,0.5882352941176471,0.0397456279809221,0.8982511923688394,0.6931637519872814,0.9618441971383148,0.03639240506329114,0.9825119236883942,0.7384737678855325,0.6597774244833068,.213,.360,6.2,18.9,21.052631578947366,87.8,50,32.4,10.3,39.6,.259,.432,.444,.400,2.7027027027027017,1,7,2,0,7,1,12,53,21,34.19354838709677,55.00000000000001,78.78787878787878,13.548387096774194
Kyle Amendt,ARI,,26,127,109,542,.274,.308,0.7281399046104928,0.5815888545377097,0.6124801271860095,0.3057753164556962,0.7766295707472178,0.800476947535771,0.8068362480127186,0.5699523052464229,0.26788553259141495,0.2758346581875994,0.519872813990461,0.5532591414944356,0.8728139904610492,0.356120826709062,0.8736089030206677,0.28322784810126583,0.6629570747217806,0.6589825119236884,0.8060413354531002,.193,.287,5.8,14.2,25.25252525252525,88.1,36.2,31.5,15.2,34.6,.239,.346,.330,.368,3.149606299212598,4,18,7,0,26,1,40,234,81,43.17343173431734,64.89795918367346,79.87421383647799,14.944649446494465
Bryan Mata,FA,,26,318,270,1265,.297,.336,0.7265500794912559,0.6451353217048024,0.5608108108108109,0.9228639240506328,0.5866454689984102,0.5763116057233705,0.7225755166931638,0.7837837837837838,0.4030206677265501,0.6009538950715422,0.519872813990461,0.21701112877583467,0.8068362480127186,0.9038155802861685,0.6979332273449921,0.3655063291139241,0.8187599364069952,0.5325914149443561,0.6454689984101749,.220,.310,4,12.3,28.63501483679525,88.1,42.2,29.2,5.2,30.2,.267,.372,.374,.384,2.2012578616352205,7,39,11,0,72,6,93,562,170,44.42687747035573,62.43654822335025,81.30081300813008,13.438735177865613
Marquis Grissom Jr.,WSN,,24,145,123,573,.317,.355,0.724960254372019,0.4627411465355899,0.4278616852146264,0.4932753164556962,0.4165341812400636,0.5866454689984102,0.356120826709062,0.21621621621621623,0.39109697933227344,0.6089030206677265,0.7925278219395866,0.3465818759936407,0.4149443561208267,0.06200317965023847,0.8680445151033387,0.6977848101265823,0.15023847376788554,0.9459459459459459,0.9093799682034976,.219,.383,8.6,12.4,28.706624605678233,86.6,39.8,22.1,21.1,34.5,.244,.345,.480,.267,5.517241379310344,8,18,8,0,30,7,32,275,95,47.99301919720768,71.875,72.82608695652173,16.57940663176265
Elvis Alvarado,ATH,,27,118,104,474,.274,.265,0.7233704292527822,0.6105612896030803,0.3887122416534181,0.9944620253164556,0.7766295707472178,0.8449920508744038,0.6248012718600954,0.1383147853736089,0.5564387917329093,0.8473767885532592,0.609697933227345,0.1820349761526232,0.7901430842607313,0.21462639109697934,0.7472178060413355,0.7950949367088608,0.5087440381558028,0.7567567567567568,0.8378378378378378,.186,.328,10,11,32.06751054852321,87.7,42.9,28.8,17.2,31.2,.173,.271,.317,.224,5.932203389830509,7,13,6,0,18,3,34,234,73,49.36708860759494,66.66666666666666,78.48101265822784,15.400843881856543
Jake Bloss,TOR,,24,114,99,460,.324,.380,0.7217806041335453,0.3993102896735157,0.18660572337042927,0.7519778481012658,0.34340222575516693,0.19475357710651828,0.31001589825119236,0.18600953895071543,0.5047694753577107,0.6502384737678856,0.11287758346581876,0.13751987281399047,0.3672496025437202,0.6383147853736089,0.5945945945945946,0.6083860759493671,0.28139904610492844,0.6327503974562798,0.6534181240063593,.253,.390,9.1,11.4,29.182879377431913,90.4,44.2,21.1,11.1,28.7,.323,.395,.485,.392,6.140350877192982,7,13,7,0,32,3,24,216,62,46.95652173913044,69.45812807881774,80.1418439716312,13.478260869565215
Tate Kuehner,MIL,,25,42,38,185,.328,.435,0.7201907790143084,0.4854220960536113,0.35989666136724957,0.6780063291139239,0.3036565977742448,0.2893481717011129,0.1136724960254372,0.5317965023847376,0.6883942766295708,0.9936406995230525,0.5882352941176471,0.20588235294117646,0.029411764705882353,0.6931637519872814,0.7098569157392687,0.9794303797468354,0.003179650238473768,0.8505564387917329,0.9379968203497615,.243,.444,6.1,9.5,40.35087719298245,87.8,42.4,11.9,10.3,30.5,.316,.381,.658,.300,4.761904761904762,2,4,2,1,12,3,5,105,32,56.75675675675675,83.09859154929578,76.27118644067797,17.297297297297302
Kohl Drake,ARI,,25,154,138,624,.296,.368,0.7186009538950715,0.5745029805028408,0.65560413354531,0.4671677215189873,0.6001589825119237,0.4149443561208267,0.5007949125596184,0.7957074721780604,0.7289348171701113,0.7034976152623211,0.519872813990461,0.8060413354531002,0.5349761526232114,0.6168521462639109,0.20508744038155802,0.7349683544303798,0.2766295707472178,0.1589825119236884,0.27980922098569155,.233,.352,3.9,9.1,29.78723404255319,88.1,32.4,23.4,11.5,23.1,.312,.377,.471,.388,2.5974025974025974,4,14,7,0,43,5,36,303,70,48.55769230769231,69.49152542372882,86.34146341463415,11.21794871794872
Joey Cantillo,CLE,,26,89,80,363,.282,.296,0.7170111287758346,0.522298376885821,0.20111287758346583,0.4806170886075949,0.7178060413354531,0.7130365659777425,0.5286168521462639,0.09618441971383147,0.7400635930047694,0.7885532591414944,0.12241653418124006,0.057233704292527825,0.8410174880763116,0.6693163751987281,0.5127186009538951,0.8061708860759493,0.390302066772655,0.6637519872813991,0.6947535771065183,.205,.347,11.1,9,30.939226519337016,90.3,48.1,30.3,10.6,27.8,.225,.292,.388,.294,6.741573033707866,6,8,4,0,18,3,27,180,50,49.586776859504134,68.13186813186813,79.83870967741935,13.77410468319559
Travis Adams,MIN,,26,288,259,1122,.273,.297,0.7154213036565977,0.5845636449927217,0.5166931637519873,0.5712025316455697,0.7869634340222575,0.636724960254372,0.6430842607313195,0.6597774244833068,0.8139904610492846,0.766295707472178,0.3767885532591415,0.3871224165341812,0.42686804451510335,0.5317965023847376,0.41414944356120825,0.7215189873417721,0.3370429252782194,0.4968203497615262,0.5516693163751988,.213,.326,5.1,8,30.602006688963215,88.8,39.1,22.2,12.8,26.5,.243,.309,.367,.301,3.4722222222222223,10,23,13,2,63,5,64,543,144,48.395721925133685,68.70229007633588,81.66666666666667,12.834224598930485
Pierson Ohl,COL,,26,115,108,449,.262,.280,0.7138314785373608,0.6579146102077505,0.7440381558028616,0.2701740506329114,0.8577106518282989,0.6224165341812401,0.6168521462639109,0.4737678855325914,0.9554848966613673,0.9220985691573926,0.9610492845786963,0.924483306836248,0.6748807631160573,0.178060413354531,0.4379968203497615,0.8227848101265823,0.5930047694753577,0.6351351351351351,0.6279809220985691,.215,.330,6.4,5.2,34.36123348017621,84.2,26.9,26.1,18,26.8,.231,.278,.361,.293,4.3478260869565215,5,6,5,0,25,3,30,224,60,49.88864142538976,65.76576576576578,80.13698630136986,13.363028953229401
Hayden Durke,ARI,,23,90,68,361,.354,.370,0.712241653418124,0.4240667743320387,0.4904610492845787,0.8813291139240507,0.13036565977742448,0.4491255961844197,0.4666136724960254,0.5317965023847376,0.05087440381558029,0.13195548489666137,0.5635930047694754,0.3998410174880763,0.42686804451510335,0.37758346581875996,0.6788553259141494,0.08227848101265822,0.7138314785373608,0.7170111287758346,0.3783783783783784,.230,.358,6.1,20,22.831050228310502,87.9,38.8,22.2,14.9,29.8,.250,.422,.397,.333,3.333333333333333,3,18,3,2,17,1,20,141,42,39.05817174515235,64.08450704225352,79.12087912087912,11.634349030470915
Caden Dana,LAA,,22,370,317,1513,.342,.357,0.7106518282988871,0.3150495583539608,0.13950715421303658,0.7519778481012658,0.18998410174880764,0.26232114467408585,0.1271860095389507,0.14626391096979333,0.39109697933227344,0.4912559618441971,0.16216216216216217,0.12241653418124006,0.5103338632750397,0.34340222575516693,0.2821939586645469,0.5205696202531646,0.3322734499205087,0.11287758346581876,0.32432432432432434,.246,.437,9.8,12.4,27.557160048134776,90,44.9,23,15.3,24.6,.265,.360,.461,.317,6.216216216216218,23,46,18,1,84,14,85,698,172,46.13350958360872,68.76832844574781,87.42004264392322,11.36814276272307
Mason Barnett,ATH,,25,539,467,2171,.323,.349,0.7090620031796503,0.43290226306910035,0.3833465818759937,0.7345727848101266,0.35532591414944353,0.2726550079491256,0.38553259141494434,0.5540540540540541,0.43243243243243246,0.424483306836248,0.3767885532591415,0.21701112877583467,0.5103338632750397,0.356120826709062,0.575516693163752,0.4485759493670886,0.37360890302066774,0.46899841017488075,0.5691573926868044,.245,.377,5.9,12.1,27.053941908713693,88.8,42.2,23,15.2,28.5,.261,.358,.439,.321,3.710575139146568,20,65,24,4,122,17,124,986,281,45.41685859051128,68.32298136645964,81.96969696969697,12.94334408106863
Braxton Ashcraft,PIT,,26,217,191,765,.326,.341,0.7074721780604134,0.4768142642363138,0.19038155802861684,0.7519778481012658,0.3195548489666137,0.1875993640699523,0.31001589825119236,0.34340222575516693,0.7567567567567568,0.6454689984101749,0.058823529411764705,0.0492845786963434,0.6613672496025437,0.8124006359300477,0.8251192368839427,0.7424841772151899,0.26073131955484896,0.7058823529411765,0.8744038155802861,.254,.390,7.4,8.8,29.145728643216074,91.2,49.6,25.8,7.8,32.8,.277,.359,.414,.366,4.6082949308755765,10,19,7,2,53,5,56,372,122,48.62745098039216,69.75476839237056,79.296875,15.947712418300652
Alex Hoppe,SEA,,27,201,176,796,.274,.315,0.7058823529411765,0.6559115018313176,0.40957869634340227,0.9766613924050632,0.7766295707472178,0.7519872813990461,0.7313195548489666,0.5540540540540541,0.5047694753577107,0.7972972972972973,0.20985691573926868,0.14308426073131955,0.7472178060413355,0.9252782193958664,0.7527821939586645,0.8457278481012658,0.09062003179650238,0.48569157392686807,0.8664546899841018,.199,.308,5.9,11.4,31.03448275862069,89.7,44.1,27.9,4.1,31.3,.250,.338,.369,.342,3.4825870646766166,7,23,9,0,44,4,56,399,125,50.125628140703505,73.13019390581718,81.81818181818183,15.703517587939698
Tyler Mattison,DET,,26,86,70,393,.287,.333,0.7042925278219396,0.5754029695182896,0.6182432432432432,0.6194620253164557,0.6772655007949125,0.8449920508744038,0.8736089030206677,0.9030206677265501,0.08108108108108109,0.5866454689984102,0.4133545310015898,0.28298887122416533,0.8378378378378378,0.20906200317965024,0.575516693163752,0.4628164556962026,0.3958664546899841,0.8076311605723371,0.5771065182829889,.186,.268,2.3,18.6,28.57142857142857,88.6,40.9,30.2,17.3,28.5,.243,.384,.343,.372,1.162790697674419,1,16,2,1,17,1,26,179,51,45.5470737913486,68.04733727810651,77.39130434782608,12.977099236641221
Levi Wells,BAL,,24,89,73,364,.315,.345,0.7027027027027027,0.4737654223937266,0.5910174880763116,0.9228639240506328,0.42845786963434024,0.6279809220985691,0.651033386327504,0.8394276629570747,0.24403815580286167,0.4944356120826709,0.2384737678855326,0.6351351351351351,0.1875993640699523,0.302066772655008,0.1136724960254372,0.7828322784810127,0.08664546899841018,0.2861685214626391,0.1971383147853736,.214,.324,3.5,14.6,27.60416666666667,89.5,35.1,18,15.8,21.2,.233,.371,.397,.259,2.247191011235955,2,13,3,0,17,3,16,179,38,49.17582417582418,73.25581395348838,84.12698412698413,10.43956043956044
Victor Mederos,ATL,,24,378,333,1442,.297,.306,0.7011128775834659,0.5048016009773736,0.6464626391096979,0.8358386075949367,0.5866454689984102,0.4149443561208267,0.5818759936406995,0.848966613672496,0.7400635930047694,0.2384737678855326,0.519872813990461,0.6351351351351351,0.22972972972972974,0.3322734499205087,0.09379968203497616,0.7737341772151899,0.12957074721780604,0.23211446740858505,0.15421303656597773,.233,.337,3.4,9,24.71590909090909,88.1,35.1,18.8,15.4,20.2,.243,.331,.351,.292,2.380952380952381,9,34,16,1,81,6,71,707,143,49.02912621359224,72.2222222222222,84.99061913696059,9.916782246879334
Carson Palmquist,COL,,25,330,279,1336,.278,.315,0.699523052464229,0.5632264687435015,0.6544117647058824,0.2555379746835443,0.7543720190779014,0.8728139904610492,0.7496025437201908,0.18600953895071543,0.39109697933227344,0.30842607313195547,0.8354531001589826,0.8465818759936407,0.7766295707472178,0.057233704292527825,0.724960254372019,0.4651898734177215,0.4117647058823529,0.7988871224165341,0.7217806041335453,.181,.304,9.1,12.4,25.673758865248228,86.2,30.5,28.5,21.3,30.9,.219,.333,.373,.300,5.151515151515151,17,41,18,2,61,7,94,609,188,45.583832335329355,67.82884310618067,77.57009345794394,14.071856287425149
Bryce Miller,SEA,,27,50,47,194,.199,.265,0.6979332273449921,0.8271386439026517,0.734697933227345,0.8358386075949367,0.9904610492845787,0.985691573926868,0.890302066772655,0.1383147853736089,0.9308426073131956,0.9904610492845787,0.9403815580286169,0.9697933227344993,0.8306836248012719,0.8696343402225755,0.5532591414944356,0.9865506329113924,0.06041335453100159,0.9825119236883942,0.9022257551669316,.131,.264,10,6,38.63636363636363,84.8,23.3,30,6.2,28.3,.149,.200,.426,.107,6,3,3,1,0,7,4,15,113,32,58.24742268041238,74.52830188679245,69.62025316455697,16.49484536082474
Chase Silseth,LAA,,25,167,137,715,.309,.279,0.6963434022257552,0.5360105137248193,0.6492448330683626,0.6475474683544303,0.4904610492845787,0.519872813990461,0.6430842607313195,0.6486486486486487,0.2519872813990461,0.4642289348171701,0.7734499205087441,0.5317965023847376,0.6558028616852146,0.302066772655008,0.5031796502384738,0.6962025316455697,0.17011128775834658,0.7217806041335453,0.6216216216216216,.225,.326,5.2,14.4,27.296587926509186,86.7,36.5,25.7,15.8,27.7,.197,.325,.270,.274,2.9940119760479043,5,24,5,1,27,1,43,343,95,47.972027972027966,71.55688622754491,79.0794979079498,13.286713286713288
AJ Blubaugh,HOU,,25,448,382,1744,.310,.333,0.6947535771065183,0.47650689595030626,0.5109300476947536,0.7753164556962026,0.48012718600953896,0.5007949125596184,0.4737678855325914,0.5699523052464229,0.3537360890302067,0.6375198728139905,0.5635930047694754,0.4364069952305246,0.4562798092209857,0.11526232114467408,0.35532591414944353,0.6257911392405063,0.3179650238473768,0.5135135135135135,0.43402225755166934,.226,.357,5.8,12.9,29.02208201892745,87.9,38.2,22.5,19,25.6,.254,.353,.403,.315,3.571428571428571,16,58,21,3,97,10,101,823,211,47.190366972477065,68.97856242118537,81.53564899451554,12.09862385321101
Noah Cameron,KCR,,26,132,115,558,.283,.285,0.6931637519872814,0.6882363737061709,0.6657392686804451,0.4806170886075949,0.7106518282988871,0.636724960254372,0.6661367249602543,0.3195548489666137,0.6605723370429253,0.5866454689984102,0.8990461049284578,0.7782193958664547,0.7901430842607313,0.910174880763116,0.8203497615262321,0.569620253164557,0.5993640699523053,0.8815580286168522,0.8298887122416534,.213,.321,7.6,9.8,28.57142857142857,85.4,32.9,28.8,5,32.7,.209,.298,.339,.270,4.545454545454546,6,13,3,0,24,4,38,260,85,46.59498207885304,65.68265682656826,75.28089887640449,15.232974910394265
Kyle Nicolas,CIN,,27,160,140,598,.307,.301,0.6915739268680445,0.541176606846981,0.3259141494435612,0.982990506329114,0.5079491255961844,0.4491255961844197,0.4523052464228935,0.44992050874403816,0.3783783783783784,0.6136724960254372,0.2543720190779014,0.14705882352941177,0.8497615262321144,0.6089030206677265,0.7996820349761526,0.42167721518987344,0.7813990461049285,0.7678855325914149,0.766295707472178,.230,.360,6.6,12.5,28.753993610223645,89.4,44,30.6,11.6,32.2,.250,.344,.314,.378,3.75,6,20,6,0,35,1,49,270,87,45.1505016722408,63.157894736842096,78.33333333333333,14.54849498327759
Michael Cuevas,FA,,24,54,43,210,.289,.426,0.6899841017488076,0.5990396169158734,0.7466216216216216,0.2329905063291139,0.6605723370429253,0.8688394276629571,0.9364069952305246,0.8577106518282989,0.08744038155802862,0.1875993640699523,0.6748807631160573,0.5174880763116058,0.5786963434022258,0.7368839427662957,0.848966613672496,0.15229430379746836,0.6724960254372019,0.4292527821939587,0.699523052464229,.182,.248,3.3,18.5,23.770491803278688,87.3,36.7,24.1,9.4,33.7,.326,.463,.512,.448,1.8518518518518519,1,10,5,0,14,1,13,86,29,40.952380952380956,64.77272727272727,82.45614035087719,13.809523809523812
Lucas Braun,ATL,,24,63,59,227,.276,.168,0.6883942766295708,0.5206597082469663,0.6534181240063592,0.2701740506329114,0.7623211446740858,0.2893481717011129,0.6216216216216216,0.918918918918919,0.9157392686804452,0.8124006359300477,0.519872813990461,0.5532591414944356,0.1589825119236884,0.34340222575516693,0.08187599364069953,0.9382911392405064,0.14149443561208266,0.04054054054054054,0.21939586645468998,.243,.329,2.1,6.3,31.37254901960784,88.1,36.2,17.5,15.3,19.7,.136,.190,.169,.167,1.5873015873015872,1,4,2,0,8,0,11,122,24,53.744493392070474,72,90,10.572687224669604
Samy Natera Jr.,LAA,,26,44,32,192,.317,.342,0.6868044515103339,0.4619055659810965,0.3404213036565978,0.7622626582278481,0.4165341812400636,0.9451510333863276,0.7631160572337043,0.5079491255961844,0.022257551669316374,0.11605723370429252,0.05087440381558029,0.0397456279809221,0.9745627980922098,0.06200317965023847,0.8823529411764706,0.1843354430379747,0.6391096979332274,0.9379968203497615,0.7710651828298887,.162,.302,6.2,25,22.641509433962263,91.3,50,38.6,21.1,35,.156,.364,.406,.214,2.272727272727273,1,11,0,1,5,2,17,80,28,41.66666666666667,65.11627906976744,73.21428571428571,14.583333333333336
Joe Rock,TBR,,25,418,371,1562,.314,.344,0.685214626391097,0.5346807331810588,0.5548489666136724,0.4932753164556962,0.43720190779014306,0.30286168521462636,0.28855325914149443,0.44992050874403816,0.7082670906200318,0.8251192368839427,0.6748807631160573,0.8060413354531002,0.3672496025437202,0.5858505564387917,0.4769475357710652,0.8409810126582279,0.27821939586645467,0.3521462639109698,0.6820349761526232,.242,.394,6.6,9.3,31.539424280350442,87.3,32.4,21.1,12,27.4,.275,.344,.450,.316,4.545454545454546,19,39,15,1,102,16,88,782,214,50.06402048655569,69.46264744429882,83.39622641509435,13.700384122919335
Keider Montero,DET,,25,182,161,668,.300,.332,0.6836248012718601,0.4852535544666036,0.4135532591414944,0.6020569620253164,0.56120826709062,0.3449920508744038,0.41414944356120825,0.3195548489666137,0.8012718600953895,0.5659777424483307,0.356120826709062,0.5643879173290938,0.5564387917329093,0.4332273449920509,0.3036565977742448,0.4699367088607595,0.6168521462639109,0.1891891891891892,0.3267090620031797,.238,.370,7.6,8.2,28.370786516853933,88.9,36.1,23.6,14.3,24.9,.261,.330,.441,.319,4.945054945054945,9,15,8,3,42,5,43,305,76,45.65868263473054,65.38461538461539,85.78431372549021,11.377245508982035
Cole Winn,TEX,,26,115,102,467,.270,.219,0.6820349761526232,0.6742037667786923,0.8191573926868044,0.7033227848101266,0.8171701112877583,0.6224165341812401,0.8163751987281399,0.9379968203497615,0.5174880763116058,0.5866454689984102,0.8871224165341812,0.6351351351351351,0.35453100158982515,0.8076311605723371,0.404610492845787,0.620253164556962,0.24483306836248012,0.28139904610492844,0.4737678855325914,.215,.285,1.3,11.3,28.57142857142857,85.5,35.1,20.9,7.9,26.4,.167,.261,.196,.208,0.8695652173913043,1,13,0,0,17,1,24,220,58,47.10920770877944,70.19230769230771,84.24657534246576,12.419700214132762
Reese Olson,DET,,26,41,37,180,.274,.280,0.6804451510333863,0.6446056420344394,0.5308028616852146,0.5055379746835443,0.7766295707472178,0.7257551669316376,0.3990461049284579,0.05087440381558029,0.9642289348171701,0.46899841017488075,0.9181240063593005,0.7551669316375199,0.9372019077901431,0.7567567567567568,0.4769475357710652,0.5767405063291139,0.3783783783783784,0.4014308426073132,0.5325914149443561,.203,.374,12.5,4.9,27.36842105263159,85.1,33.3,34.1,9,27.4,.216,.268,.378,.273,7.317073170731707,3,2,0,0,8,2,14,84,23,46.66666666666666,68.23529411764707,82.75862068965517,12.777777777777775
Quinn Mathews,STL,,25,419,337,1723,.315,.312,0.6788553259141494,0.5122420097871513,0.47813990461049294,0.5324367088607594,0.42845786963434024,0.670906200317965,0.651033386327504,0.3537360890302067,0.11049284578696343,0.32591414944356123,0.43084260731319557,0.4769475357710652,0.6422893481717011,0.6383147853736089,0.8855325914149443,0.20253164556962025,0.6597774244833068,0.8600953895071543,0.7837837837837838,.209,.324,7.3,17.7,25.889328063241106,88.5,37.6,25.5,11.1,35.1,.220,.361,.312,.298,4.05727923627685,17,74,13,0,74,6,107,724,254,42.01973302379571,64.9789029535865,75.97402597402598,14.741729541497389
Riley Cornelio,WSN,,25,149,135,624,.316,.329,0.6772655007949125,0.37955329561691253,0.12440381558028618,0.7939082278481012,0.4220985691573927,0.3449920508744038,0.17329093799682035,0.08823529411764706,0.7639109697933227,0.5389507154213037,0.16216216216216217,0.0739268680445151,0.6422893481717011,0.2217806041335453,0.32909379968203495,0.7492088607594937,0.11764705882352941,0.4260731319554849,0.4642289348171701,.238,.422,11.2,8.7,27.92792792792793,90,46.9,25.5,17.1,25.3,.259,.322,.437,.315,7.38255033557047,11,13,6,0,35,6,38,304,77,48.71794871794872,72.5085910652921,82.46445497630332,12.339743589743593
Alfred Morillo,ARI,,24,134,113,508,.306,.345,0.6756756756756757,0.5850261910272149,0.8895071542130365,0.9074367088607594,0.5174880763116058,0.39825119236883944,0.7352941176470589,0.9117647058823529,0.21621621621621623,0.09062003179650238,0.9809220985691574,0.9300476947535771,0.14864864864864866,0.9483306836248012,0.23529411764705882,0.4738924050632912,0.14626391096979333,0.22575516693163752,0.24165341812400637,.234,.307,2.2,14.9,21.804511278195488,83.3,26.7,17.2,3.1,23.7,.292,.403,.354,.360,1.4925373134328357,2,20,2,1,33,1,23,232,55,45.66929133858268,71.900826446281,85.0574712643678,10.826771653543307
Chase Petty,CIN,,23,518,453,1933,.344,.353,0.6740858505564388,0.35084845176524243,0.13930842607313196,0.9319620253164556,0.17965023847376788,0.20429252782193957,0.10969793322734499,0.06359300476947535,0.5278219395866455,0.4546899841017488,0.20985691573926868,0.1740858505564388,0.27821939586645467,0.7726550079491256,0.3036565977742448,0.5751582278481012,0.3004769475357711,0.5039745627980922,0.3799682034976153,.252,.446,11.9,11.2,27.263969171483623,89.7,43.1,19.7,8.7,24.9,.269,.355,.459,.312,8.108108108108109,42,58,27,4,122,17,102,902,225,46.66321779617175,69.16201117318435,81.58319870759291,11.639937920331091
Cole Wilcox,SEA,,26,221,196,863,.291,.332,0.6724960254372019,0.5780827073816185,0.3845389507154213,0.7939082278481012,0.6383147853736089,0.6470588235294118,0.5007949125596184,0.3537360890302067,0.5635930047694754,0.724960254372019,0.356120826709062,0.3275039745627981,0.6613672496025437,0.8338632750397457,0.5357710651828299,0.6068037974683544,0.6184419713831478,0.32909379968203495,0.6120826709062003,.212,.352,7.3,10.9,30,88.9,40.1,25.8,7.3,28.1,.235,.321,.444,.285,4.524886877828054,10,24,10,2,46,9,57,405,114,46.929316338354575,65.37530266343825,83.7037037037037,13.20973348783314
Dylan Dodd,ATL,,27,100,96,397,.268,.327,0.670906200317965,0.6956334941605791,0.5337837837837838,0.6194620253164557,0.8275039745627981,0.44038155802861684,0.5007949125596184,0.4848966613672496,0.9912559618441972,0.9578696343402225,0.3942766295707472,0.7551669316375199,0.8895071542130366,0.5858505564387917,0.9006359300476947,0.9707278481012658,0.04133545310015898,0.9014308426073132,0.9777424483306836,.231,.352,6.3,3,36,88.7,33.3,32,12,35.7,.281,.310,.448,.383,4,4,3,4,0,27,4,32,221,79,55.667506297229224,75.63451776649747,74.49664429530202,19.899244332493705
Sean Sullivan,PIT,,25,177,156,716,.282,.319,0.6693163751987281,0.5521280890905799,0.5395468998410174,0.34572784810126583,0.7178060413354531,0.7034976152623211,0.5818759936406995,0.40063593004769477,0.6263910969793323,0.615262321144674,0.5635930047694754,0.6120826709062003,0.5254372019077902,0.5468998410174881,0.3863275039745628,0.5727848101265823,0.5739268680445151,0.5548489666136724,0.43879173290937995,.206,.337,6.9,10.2,28.763440860215052,87.9,35.3,23.2,12.5,26,.237,.318,.410,.282,4.519774011299434,8,18,9,0,37,6,41,334,87,46.64804469273743,65.98837209302324,81.05726872246696,12.150837988826813
Kervin Castro,NYY,,27,185,161,751,.258,.226,0.6677265500794912,0.7460125450282745,0.7909379968203497,0.5324367088607594,0.8791732909379968,0.8728139904610492,0.8736089030206677,0.8823529411764706,0.46502384737678853,0.7519872813990461,0.8354531001589826,0.5723370429252782,0.7074721780604134,0.8195548489666137,0.7599364069952306,0.7800632911392406,0.16057233704292528,0.7885532591414944,0.8410174880763116,.181,.268,2.7,11.9,30.413625304136247,86.2,36,27,7.6,31.4,.161,.270,.199,.227,1.6216216216216215,3,22,3,0,26,1,50,369,116,49.13448735019973,71.76470588235293,77.86885245901641,15.446071904127828
Ryan Fernandez,STL,,27,147,124,609,.262,.257,0.6661367249602543,0.7584245113971008,0.7442368839427662,0.8872626582278481,0.8577106518282989,0.9348171701112877,0.9069952305246423,0.28855325914149443,0.30604133545310014,0.9157392686804452,0.8871224165341812,0.8942766295707473,0.924483306836248,0.3139904610492846,0.9841017488076311,0.6550632911392406,0.5707472178060413,0.8275039745627981,0.9793322734499205,.164,.259,7.8,13.6,33.994334277620396,85.5,28.6,33.3,15.6,42.6,.185,.299,.250,.289,4.081632653061225,6,20,3,1,23,1,49,289,123,47.454844006568145,66.015625,76.92307692307693,20.19704433497537
Wyatt Olds,BOS,,26,236,187,969,.297,.331,0.6645468998410174,0.613653419801037,0.6424880763116056,0.8813291139240507,0.5866454689984102,0.904610492845787,0.8163751987281399,0.5079491255961844,0.1478537360890302,0.4864864864864865,0.5635930047694754,0.6820349761526232,0.6200317965023847,0.5119236883942766,0.6550079491255962,0.3512658227848101,0.615262321144674,0.615262321144674,0.5818759936406995,.174,.285,6.2,16.5,27.541589648798517,87.9,34.4,25,13.1,29.4,.198,.356,.374,.231,3.3898305084745757,8,39,6,0,37,9,59,429,126,44.27244582043343,65.42056074766353,80.35714285714286,13.003095975232199
Brady Choban,LAA,,25,43,36,150,.257,.296,0.6629570747217806,0.7035073105961508,0.9405802861685215,0.5589398734177216,0.8839427662957074,0.875993640699523,0.9228934817170111,0.9721780604133545,0.7082670906200318,0.4419713831478537,0.9181240063593005,0.9491255961844197,0.2138314785373609,0.9841017488076311,0.012718600953895072,0.29074367088607594,0.8298887122416534,0.009538950715421303,0.009538950715421303,.180,.251,0,9.3,27.160493827160487,85.1,25,18.6,"'-0.1",13.8,.222,.326,.333,.276,0,0,4,2,1,8,0,8,65,9,43.33333333333334,62.31884057971014,93.02325581395347,6
Kade Morris,ATH,,23,429,384,1612,.325,.357,0.6613672496025437,0.4092042992359448,0.33644674085850557,0.7753164556962026,0.33068362480127184,0.14626391096979333,0.23767885532591415,0.3847376788553259,0.7885532591414944,0.3847376788553259,0.49761526232114467,0.22575516693163752,0.2138314785373609,0.7726550079491256,0.15262321144674085,0.4968354430379746,0.6454689984101749,0.2686804451510334,0.17170111287758347,.261,.402,7,8.4,26.55860349127182,88.2,42.1,18.6,8.7,22.2,.286,.357,.466,.329,4.895104895104895,21,36,23,2,110,14,80,740,164,45.90570719602978,65.06172839506172,84.44022770398482,10.173697270471463
Johan Oviedo,BOS,,28,50,47,200,.218,.266,0.6597774244833068,0.7890214651546558,0.7519872813990461,0.8219936708860759,0.9777424483306836,0.9411764705882353,0.8521462639109698,0.34340222575516693,0.9308426073131956,0.8171701112877583,0.9403815580286169,0.8720190779014309,0.9769475357710652,0.04848966613672496,0.9459459459459459,0.6590189873417721,0.6255961844197139,0.9173290937996821,0.9491255961844197,.163,.276,7.4,6,31.42857142857143,84.8,29.6,40,21.7,37.9,.170,.220,.404,.208,4,2,3,0,1,8,3,20,95,36,47.5,65.26315789473685,74.19354838709677,18
Yunior Tur,ATH,,26,53,46,221,.297,.280,0.6581875993640699,0.5999170708310694,0.7287360890302067,0.7753164556962026,0.5866454689984102,0.5468998410174881,0.6430842607313195,0.5317965023847376,0.5174880763116058,0.42130365659777425,0.8871224165341812,0.8529411764705882,0.5977742448330684,0.28537360890302066,0.5532591414944356,0.6954113924050633,0.07790143084260731,0.9682034976152624,0.6661367249602543,.222,.326,6.1,11.3,27.049180327868854,85.5,30.3,24.5,16,28.3,.217,.321,.283,.281,3.7735849056603774,2,6,0,0,10,1,13,106,30,47.963800904977376,73.73737373737373,71.23287671232877,13.574660633484163
Brian Fitzpatrick,MIL,,25,82,65,351,.330,.282,0.6565977742448331,0.588296558146009,0.8839427662957073,0.4291930379746836,0.28855325914149443,0.20429252782193957,0.6319554848966613,0.9228934817170111,0.16931637519872814,0.809220985691574,0.9968203497615262,0.9841017488076311,0.41255961844197137,0.6836248012718601,0.527027027027027,0.689873417721519,0.3449920508744038,0.7988871224165341,0.6359300476947536,.252,.327,2,15.9,31.28205128205128,81.7,20.4,22,10.4,28,.215,.354,.231,.286,1.2195121951219512,1,13,1,0,14,0,18,168,47,47.863247863247864,68.58974358974359,77.57009345794394,13.390313390313391
Ryan Bergert,KCR,,26,192,170,740,.305,.353,0.6550079491255962,0.4859972651821591,0.36923688394276627,0.6475474683544303,0.527027027027027,0.4300476947535771,0.40381558028616854,0.3728139904610493,0.6971383147853736,0.6073131955484896,0.29093799682034976,0.4093799682034976,0.49761526232114467,0.5620031796502385,0.3863275039745628,0.7666139240506329,0.18998410174880764,0.3322734499205087,0.5135135135135135,.232,.373,7.1,9.4,28.68217054263566,89.2,38.6,22.9,12.3,26,.271,.349,.465,.325,4.6875,9,18,10,1,46,7,44,362,94,48.918918918918926,71.10481586402267,83.66533864541833,12.702702702702705
Ian Seymour,TBR,,27,348,322,1356,.275,.284,0.6534181240063593,0.6221215864039765,0.5574324324324325,0.2420886075949367,0.7670906200317965,0.6470588235294118,0.48807631160572335,0.609697933227345,0.9403815580286169,0.8839427662957074,0.519872813990461,0.6120826709062003,0.8259141494435612,0.10890302066772654,0.8203497615262321,0.8583860759493671,0.20190779014308427,0.8235294117647058,0.904610492845787,.212,.354,5.5,5.7,32.92181069958848,88.1,35.3,29.9,19.2,32.7,.227,.282,.366,.301,3.4482758620689653,12,20,11,2,73,10,104,685,224,50.51622418879056,70.97288676236045,77.07865168539327,16.519174041297937
Richard Fitts,STL,,26,116,100,451,.302,.308,0.6518282988871225,0.5684851129983297,0.565779014308426,0.6914556962025317,0.5453100158982512,0.39825119236883944,0.4411764705882353,0.7957074721780604,0.6883942766295708,0.575516693163752,0.7082670906200318,0.3179650238473768,0.3887122416534181,0.884737678855326,0.3863275039745628,0.3575949367088608,0.834658187599364,0.7790143084260731,0.35930047694753575,.234,.363,3.9,9.5,28.45188284518829,87.1,40.3,21.6,5.9,26,.260,.339,.350,.320,2.586206896551724,3,11,3,0,26,2,25,200,52,44.3458980044346,62.26415094339622,78.03030303030303,11.529933481152993
Harrison Cohen,NYY,,26,115,95,488,.277,.224,0.6502384737678856,0.7317782751571379,0.8819554848966614,0.4291930379746836,0.7591414944356121,0.829093799682035,0.9419713831478538,0.7305246422893482,0.22496025437201908,0.6359300476947536,0.9531001589825119,0.9022257551669316,0.6279809220985691,0.8338632750397457,0.9133545310015898,0.3987341772151899,0.1573926868044515,0.8783783783783784,0.8982511923688394,.189,.244,4.5,14.8,28.990228013029324,84.4,28.4,25.2,7.3,36.5,.137,.278,.168,.194,2.608695652173913,3,17,3,0,13,0,29,219,80,44.877049180327866,71.82320441988949,75.38461538461539,16.393442622950822
Skylar Hales,STL,,24,123,102,506,.337,.372,0.6486486486486487,0.34286044001931937,0.27563593004769477,0.8631329113924051,0.22813990461049286,0.3449920508744038,0.18441971383147854,0.08108108108108109,0.5047694753577107,0.21144674085850557,0.4546899841017488,0.38235294117647056,0.3672496025437202,0.06995230524642289,0.4220985691573927,0.5925632911392406,0.11446740858505565,0.5771065182829889,0.4769475357710652,.238,.419,11.4,11.4,24.1635687732342,88.4,39.2,21.1,20.7,26.6,.255,.358,.520,.264,7.317073170731707,9,14,6,0,26,7,26,237,63,46.83794466403162,72.57383966244726,80.81395348837209,12.450592885375494
Blake Burkhalter,ATL,,25,131,113,497,.315,.316,0.6470588235294118,0.4566723916302751,0.4715818759936407,0.7622626582278481,0.42845786963434024,0.2893481717011129,0.3767885532591415,0.4642289348171701,0.41573926868044514,0.5278219395866455,0.5882352941176471,0.45707472178060415,0.16534181240063592,0.37758346581875996,0.6271860095389508,0.7776898734177216,0.05325914149443561,0.8394276629570747,0.7384737678855325,.243,.379,6.5,12.2,27.83882783882784,87.8,38,17.6,14.9,29.1,.248,.336,.381,.281,4.580152671755725,6,16,4,1,28,3,23,244,71,49.09456740442656,75,76.78571428571429,14.285714285714285
Antoine Kelly,LAD,,26,190,155,767,.301,.357,0.6454689984101749,0.5785246573826246,0.6293720190779014,0.9319620253164556,0.5532591414944356,0.6279809220985691,0.7933227344992051,0.8394276629570747,0.29650238473767887,0.19554848966613672,0.4546899841017488,0.4300476947535771,0.3887122416534181,0.9364069952305246,0.4944356120826709,0.3560126582278481,0.6089030206677265,0.48966613672496023,0.4562798092209857,.214,.292,3.5,13.7,23.84615384615385,88.4,38.3,21.6,3.8,27.6,.284,.405,.387,.368,2.1052631578947367,4,26,10,0,44,2,41,340,94,44.32855280312907,65.51724137931035,81.78137651821862,12.25554106910039
Braxton Roxby,SFG,,27,142,119,562,.273,.350,0.643879173290938,0.5767003624063379,0.46740858505564387,0.8552215189873418,0.7869634340222575,0.8966613672496025,0.7631160572337043,0.3195548489666137,0.36486486486486486,0.21462639109697934,0.3298887122416534,0.45707472178060415,0.8139904610492846,0.3656597774244833,0.7527821939586645,0.3212025316455696,0.6470588235294118,0.7710651828298887,0.6836248012718601,.176,.302,7.6,12.7,24.232081911262803,89,38,29.6,15.1,31.3,.244,.352,.454,.315,4.225352112676056,6,18,5,1,29,6,42,246,77,43.77224199288256,65.05576208178438,78.28571428571428,13.701067615658364
Christian Roa,MIN,,27,245,211,996,.298,.271,0.6422893481717011,0.5479258693727235,0.4815182829888712,0.918512658227848,0.5747217806041336,0.6923688394276629,0.5508744038155803,0.6192368839427663,0.5047694753577107,0.47058823529411764,0.49761526232114467,0.25834658187599363,0.6748807631160573,0.2933227344992051,0.519872813990461,0.4054588607594937,0.5230524642289348,0.5103338632750397,0.48966613672496023,.207,.343,5.4,11.4,27.37226277372263,88.2,41.5,26.1,15.9,27.9,.180,.290,.303,.225,3.26530612244898,8,28,8,0,38,6,64,448,125,44.97991967871486,66.51785714285714,81.54362416107381,12.550200803212853
Kendry Rojas,MIN,,23,169,141,642,.366,.420,0.6406995230524642,0.3112143987341772,0.19475357710651828,0.7345727848101266,0.09379968203497616,0.0834658187599364,0.15818759936406995,0.23052464228934816,0.22496025437201908,0.3624801271860095,0.22496025437201908,0.16534181240063592,0.3004769475357711,0.5699523052464229,0.5858505564387917,0.5981012658227848,0.1669316375198728,0.3275039745627981,0.6375198728139905,.276,.425,8.5,14.8,26.285714285714285,89.6,43.4,20.1,12.2,28.6,.333,.444,.525,.412,5.325443786982249,9,25,8,2,47,5,34,301,86,46.88473520249221,71.57534246575342,83.73205741626796,13.395638629283487
Ben Sears,KCR,,25,56,50,217,.268,.363,0.6391096979332274,0.5561280169782589,0.519872813990461,0.4485759493670886,0.8275039745627981,0.9117647058823529,0.5453100158982512,0.08108108108108109,0.7488076311605724,0.5174880763116058,0.9531001589825119,0.5,0.6979332273449921,0.3871224165341812,0.054848966613672494,0.6139240506329114,0.5675675675675675,0.03656597774244833,0.07154213036565978,.172,.344,11.4,8.9,27.777777777777782,84.4,37.1,26.8,14.8,18.6,.280,.357,.480,.364,7.142857142857142,4,5,4,0,14,2,15,102,19,47.00460829493089,66.05504587155964,90.2777777777778,8.755760368663594
Carmen Mlodzinski,PIT,,27,63,56,256,.274,.248,0.6375198728139905,0.6505095762646489,0.7128378378378377,0.7345727848101266,0.7766295707472178,0.519872813990461,0.8553259141494436,0.9721780604133545,0.5429252782193958,0.41017488076311603,0.1931637519872814,0.8306836248012719,0.6359300476947536,0.9483306836248012,0.3863275039745628,0.8085443037974683,0.09220985691573927,0.33068362480127184,0.5564387917329093,.225,.275,0,11.1,26.923076923076927,89.8,31.6,25.4,3.1,26,.196,.286,.250,.275,0,0,7,1,1,11,0,16,127,33,49.609375,73.01587301587301,83.69565217391305,12.890625
Robinson Ortiz,SEA,,26,66,57,258,.322,.276,0.6359300476947536,0.5274900447264093,0.6627583465818759,0.5850474683544303,0.3656597774244833,0.13751987281399047,0.5349761526232114,0.7106518282988871,0.30604133545310014,0.6279809220985691,0.609697933227345,0.7957074721780604,0.37201907790143085,0.6693163751987281,0.615262321144674,0.17167721518987342,0.9809220985691574,0.7829888712241654,0.42527821939586646,.262,.346,4.7,13.6,28.88888888888889,87.7,32.6,21.2,10.6,29,.193,.303,.298,.238,3.0303030303030303,2,9,3,0,11,1,14,107,31,41.472868217054256,55.28455284552846,77.94117647058823,12.015503875968992
Will Sanders,CHC,,24,352,310,1392,.309,.375,0.6343402225755167,0.3647550717601444,0.21860095389507156,0.35957278481012656,0.4904610492845787,0.5604133545310016,0.28139904610492844,0.30286168521462636,0.7289348171701113,0.3958664546899841,0.13513513513513514,0.15500794912559618,0.44594594594594594,0.2702702702702703,0.25119236883942764,0.6352848101265823,0.519872813990461,0.4117647058823529,0.29252782193958665,.221,.396,7.7,9.1,26.706231454005927,90.2,43.8,22.4,16.3,23.9,.274,.355,.523,.324,5.113636363636363,18,32,31,2,85,14,79,658,157,47.27011494252874,66.57381615598887,82.6359832635983,11.278735632183906
Tyler Uberstine,BOS,,26,386,341,1525,.311,.332,0.6327503974562798,0.5168912105981633,0.44952305246422897,0.5850474683544303,0.46740858505564387,0.519872813990461,0.2599364069952305,0.15659777424483307,0.678060413354531,0.6486486486486487,0.6263910969793323,0.7551669316375199,0.6891891891891891,0.1232114467408585,0.6931637519872814,0.6724683544303798,0.4960254372019078,0.8585055643879174,0.7424483306836248,.225,.399,9.6,9.6,29.161290322580648,87.6,33.3,26.4,18.8,30,.246,.327,.434,.302,5.958549222797928,23,37,16,0,84,16,102,727,218,47.67213114754099,66.8,76.04790419161677,14.295081967213113
Eric Reyzelman,NYY,,24,185,142,845,.320,.316,0.6311605723370429,0.44368184966425844,0.46800476947535774,0.8631329113924051,0.3815580286168522,0.8640699523052464,0.690779014308426,0.3728139904610493,0.037360890302066775,0.012718600953895072,0.29093799682034976,0.5174880763116058,0.5882352941176471,0.519872813990461,0.18521462639109698,0.10680379746835444,0.4236883942766296,0.47774244833068363,0.09697933227344992,.183,.317,7.1,21.6,17.65957446808511,89.2,36.7,24.3,13,22.8,.176,.362,.310,.215,3.7837837837837838,7,40,4,0,25,5,45,337,77,39.88165680473372,67.73333333333333,81.88976377952756,9.112426035502956
Joel Valdez,FA,,25,58,50,233,.305,.386,0.629570747217806,0.6174862735035854,0.786168521462639,0.5712025316455697,0.527027027027027,0.4769475357710652,0.6049284578696343,0.5985691573926868,0.7726550079491256,0.46740858505564387,0.9920508744038156,0.9491255961844197,0.3441971383147854,0.9006359300476947,0.20508744038155802,0.5450949367088608,0.6089030206677265,0.5071542130365659,0.2273449920508744,.228,.333,5.6,8.6,27.350427350427356,82.4,25,20.7,5.3,23.1,.320,.414,.460,.405,3.4482758620689653,2,5,4,0,16,1,12,108,25,46.3519313304721,65.51724137931035,81.57894736842105,10.72961373390558
Hayden Harris,ATL,,27,110,92,474,.266,.201,0.6279809220985691,0.6582979165408893,0.6577901430842608,0.3057753164556962,0.8418124006359301,0.9483306836248012,0.8553259141494436,0.28855325914149443,0.5635930047694754,0.3656597774244833,0.8751987281399046,0.6120826709062003,0.9697933227344993,0.3998410174880763,0.8736089030206677,0.4865506329113924,0.48330683624801274,0.8696343402225755,0.8680445151033387,.161,.275,7.8,10.9,26.315789473684212,85.6,35.3,38.2,14.7,34.6,.098,.236,.163,.160,3.6363636363636362,4,12,3,0,9,1,42,217,75,45.780590717299575,66.96035242290749,75.6578947368421,15.822784810126587
Brandon Young,BAL,,27,104,100,392,.234,.235,0.6263910969793323,0.7149393669544452,0.7108505564387917,0.5458860759493671,0.9523052464228935,0.8187599364069952,0.6963434022257552,0.4220985691573927,0.9825119236883942,0.7869634340222575,0.8664546899841018,0.8585055643879174,0.670906200317965,0.3235294117647059,0.6550079491255962,0.8852848101265823,0.3799682034976153,0.7774244833068362,0.8203497615262321,.191,.315,6.8,3.8,30.89887640449438,85.7,30.1,26,15.5,29.4,.190,.221,.320,.229,4.807692307692308,5,4,2,1,19,3,27,201,59,51.275510204081634,68.22429906542055,78.08219178082193,15.051020408163266
Jose Fleury,HOU,,24,199,172,801,.322,.378,0.6248012718600954,0.3854482682142306,0.47933227344992047,0.29549050632911394,0.3656597774244833,0.3267090620031797,0.3497615262321145,0.5079491255961844,0.34340222575516693,0.6693163751987281,0.356120826709062,0.7034976152623211,0.3354531001589825,0.06836248012718601,0.3036565977742448,0.564873417721519,0.5087440381558028,0.3585055643879173,0.37360890302066774,.240,.384,6.2,13.1,29.398148148148145,88.9,34.1,20.6,20.9,24.9,.267,.362,.523,.289,4.0201005025125625,8,26,9,1,46,11,41,373,93,46.56679151061174,66.66666666666666,83.33333333333334,11.610486891385767
Will Dion,CLE,,26,429,388,1724,.298,.330,0.6232114467408585,0.48201012465369303,0.45349761526232113,0.17919303797468356,0.5747217806041336,0.3354531001589825,0.39507154213036566,0.4737678855325914,0.7726550079491256,0.9252782193958664,0.4133545310015898,0.5317965023847376,0.44594594594594594,0.4332273449920509,0.3036565977742448,0.8504746835443038,0.4276629570747218,0.42130365659777425,0.4864864864864865,.239,.375,6.4,8.6,34.40265486725664,88.6,36.5,22.4,14.3,24.9,.276,.336,.425,.341,4.428904428904429,19,37,27,2,107,9,96,866,216,50.23201856148491,67.6829268292683,82.52252252252252,12.529002320185617
Christian Romero,LAD,,23,167,147,630,.297,.301,0.6216216216216216,0.4680164562831633,0.5709459459459459,0.3872626582278481,0.5866454689984102,0.5969793322734499,0.4666136724960254,0.6351351351351351,0.7400635930047694,0.20190779014308427,0.7368839427662957,0.4451510333863275,0.3203497615262321,0.44435612082670906,0.054848966613672494,0.3528481012658228,0.6216216216216216,0.2543720190779014,0.05246422893481717,.218,.358,5.3,9,23.98753894080997,86.9,38.1,20.4,14.2,18.6,.218,.305,.374,.248,3.5928143712574854,6,15,6,1,32,5,34,279,52,44.28571428571429,65.37216828478964,84.65346534653466,8.253968253968253
Kyle Bischoff,MIN,,26,163,129,653,.302,.329,0.6200317965023847,0.5322282329798153,0.5025834658187599,0.91376582278481,0.5453100158982512,0.7519872813990461,0.8736089030206677,0.9117647058823529,0.1232114467408585,0.10015898251192369,0.13513513513513514,0.08982511923688394,0.4769475357710652,0.6550079491255962,0.8100158982511924,0.1337025316455696,0.6136724960254372,0.6756756756756757,0.604133545310016,.199,.268,2.2,17.2,22.13333333333333,90.2,46.2,22.7,10.8,32.5,.233,.387,.318,.315,1.2269938650306749,2,28,8,0,30,1,37,265,86,40.581929555895854,65.46762589928058,79.67032967032965,13.169984686064318
Wikelman González,CHW,,24,143,112,593,.340,.309,0.6184419713831478,0.3990142937520544,0.47496025437201905,0.663370253164557,0.19952305246422894,0.670906200317965,0.4467408585055644,0.15659777424483307,0.06995230524642289,0.0397456279809221,0.49761526232114467,0.7988871224165341,0.3600953895071542,0.09379968203497616,0.7909379968203497,0.059335443037974674,0.8139904610492846,0.8410174880763116,0.41971383147853736,.209,.361,9.6,18.9,19.420289855072465,88.2,32.5,21,19.7,32,.188,.357,.304,.235,5.594405594405594,8,27,5,1,21,2,30,222,71,37.43676222596965,62.5,76.7741935483871,11.973018549747048
Eddy Yean,WSN,,24,307,256,1179,.324,.337,0.6168521462639109,0.456098375460345,0.5904213036565977,0.956487341772152,0.34340222575516693,0.2138314785373609,0.568362480127186,0.848966613672496,0.25834658187599363,0.13672496025437203,0.541335453100159,0.4030206677265501,0.16534181240063592,0.910174880763116,0.1271860095389507,0.5134493670886076,0.32432432432432434,0.287758346581876,0.16057233704292528,.251,.339,3.4,14.3,22.905982905982903,88,38.7,17.6,5,21.7,.266,.378,.371,.315,2.280130293159609,7,44,10,1,68,5,54,543,118,46.055979643765895,68.85521885521885,84.10757946210269,10.008481764206957
Ryan Jennings,TOR,,26,175,140,768,.331,.382,0.615262321144674,0.4693197711859291,0.25715421303656594,0.6914556962025317,0.28060413354531,0.71939586645469,0.42527821939586646,0.06756756756756757,0.16375198728139906,0.505564387917329,0.3298887122416534,0.20588235294117646,0.8569157392686805,0.5,0.8855325914149443,0.1962025316455696,0.7631160572337043,0.9141494435612083,0.7821939586645469,.204,.367,11.8,16,27.705627705627705,89,42.4,30.9,13.3,35.1,.264,.400,.479,.378,5.7142857142857135,10,28,8,2,37,6,54,322,113,41.92708333333333,63.398692810457504,74.22680412371135,14.713541666666664
Carson Seymour,SFG,,27,331,283,1329,.292,.312,0.6136724960254372,0.6031741789257612,0.4984101748807631,0.91376582278481,0.6279809220985691,0.6828298887122417,0.7090620031796503,0.7106518282988871,0.4753577106518283,0.5262321144674086,0.29093799682034976,0.28298887122416533,0.7201907790143084,0.9427662957074722,0.35532591414944353,0.3757911392405063,0.7933227344992051,0.24324324324324326,0.34022257551669316,.208,.313,4.7,11.8,27.809798270893367,89.2,40.9,27.2,3.4,25.6,.223,.332,.364,.299,2.7190332326283992,9,39,17,1,63,7,90,593,152,44.62001504890896,62.99212598425196,84.75,11.437170805116631
DL Hall,MIL,,27,25,21,106,.240,.217,0.6120826709062003,0.7498370659844507,0.9890699523052464,0.4932753164556962,0.9356120826709062,0.9666136724960255,0.985691573926868,0.9721780604133545,0.16375198728139906,0.48012718600953896,0.9984101748807631,1,0.7519872813990461,0.4546899841017488,0.7957074721780604,0.8322784810126582,0.20747217806041335,0.8275039745627981,0.8807631160572337,.156,.188,0,16,27.450980392156865,81.1,7.1,28,14.1,32.1,.143,.280,.143,.214,0,0,4,0,0,3,0,7,53,17,50,70.9090909090909,76.92307692307693,16.037735849056602
Robinson Piña,FA,,27,272,244,1078,.286,.309,0.6104928457869634,0.6280815963487688,0.5049682034976153,0.663370253164557,0.6883942766295708,0.5763116057233705,0.49364069952305245,0.3847376788553259,0.910174880763116,0.8712241653418124,0.5882352941176471,0.5532591414944356,0.4872813990461049,0.705087440381558,0.615262321144674,0.8599683544303798,0.22416534181240064,0.7726550079491256,0.7742448330683624,.220,.353,7,6.6,32.631578947368425,87.8,36.2,22.8,10,29,.246,.313,.393,.302,4.779411764705882,13,18,14,2,60,6,62,545,158,50.556586270871975,70.66929133858267,78.27298050139275,14.656771799628945
Austin Pope,ATL,,27,126,116,496,.297,.330,0.6089030206677265,0.5496108135779115,0.3273052464228935,0.4291930379746836,0.5866454689984102,0.28139904610492844,0.4220985691573927,0.5317965023847376,0.8227344992050875,0.890302066772655,0.27106518282988873,0.08426073131955485,0.7074721780604134,0.7368839427662957,0.8314785373608903,0.7539556962025317,0.23529411764705882,0.19236883942766295,0.8831478537360891,.244,.368,6.1,7.9,33.10104529616725,89.3,46.3,27,9.4,33.1,.284,.341,.414,.388,3.9682539682539684,5,10,7,1,33,2,34,242,80,48.79032258064516,70.33492822966507,85.71428571428571,16.129032258064516
Anthony Molina,ATL,,24,333,299,1316,.326,.395,0.6073131955484896,0.36100533589248224,0.2817965023847377,0.7939082278481012,0.3195548489666137,0.1271860095389507,0.20985691573926868,0.40063593004769477,0.7400635930047694,0.39109697933227344,0.178060413354531,0.3386327503974563,0.0945945945945946,0.6319554848966613,0.10651828298887123,0.7974683544303798,0.03656597774244833,0.17170111287758347,0.18600953895071543,.265,.411,6.9,9,26.61971830985915,89.9,39.9,15.3,11.2,20.9,.334,.395,.525,.378,5.105105105105106,17,30,24,3,100,9,51,650,136,49.39209726443769,76.07260726072606,86.11713665943601,10.334346504559269
Cameron Weston,BAL,,25,600,508,2414,.300,.333,0.6057233704292527,0.5475682949796408,0.7470190779014307,0.40150316455696206,0.56120826709062,0.5969793322734499,0.6319554848966613,0.7106518282988871,0.4841017488076312,0.20508744038155802,0.8267090620031796,0.8187599364069952,0.42686804451510335,0.492845786963434,0.41414944356120825,0.17800632911392406,0.821939586645469,0.39268680445151033,0.2559618441971383,.218,.327,4.7,11.7,24.143183549124146,86.3,32,22.2,13.4,26.5,.250,.352,.402,.302,3,18,70,23,3,127,16,133,1004,266,41.5907207953604,62.39782016348774,82.82387190684132,11.019055509527755
Cole Ragans,KCR,,28,25,23,101,.139,.207,0.604133545310016,0.7241714734559578,0.5149046104928457,0.7345727848101266,1,1,0.9984101748807631,0.09618441971383147,0.8139904610492846,0.9952305246422893,0.20985691573926868,0.7551669316375199,1,0.08664546899841018,1,0.4616297468354431,0.9888712241653418,1,0.9984101748807631,.074,.143,11.1,8,40.625,89.7,33.3,56,20,54.3,.130,.200,.261,.250,4,1,2,0,0,3,1,14,46,25,45.54455445544555,54.05405405405406,60,24.752475247524753
Josh Winckowski,TOR,,27,80,78,293,.293,.295,0.6025437201907791,0.6564554362627705,0.5639904610492845,0.6914556962025317,0.6224165341812401,0.12082670906200318,0.32591414944356123,0.6486486486486487,0.9952305246422893,0.9538950715421304,0.49761526232114467,0.7837837837837838,0.4562798092209857,0.9904610492845787,0.7909379968203497,0.8829113924050633,0.24165341812400637,0.24006359300476948,0.8966613672496025,.266,.388,5.2,2.5,35.80246913580247,88.2,32.8,22.5,"'-1.1",32,.256,.275,.410,.298,3.75,3,2,3,0,20,3,18,150,48,51.19453924914675,70.22900763358778,84.78260869565217,16.38225255972696
Luis Guerrero,TBR,,25,116,97,456,.335,.290,0.6009538950715422,0.3688938263468234,0.25357710651828297,0.8631329113924051,0.24960254372019078,0.6081081081081081,0.1494435612082671,0.10572337042925278,0.23529411764705882,0.43243243243243246,0.3767885532591415,0.38235294117647056,0.28537360890302066,0.05325914149443561,0.685214626391097,0.23813291139240506,0.7615262321144675,0.1685214626391097,0.5190779014308426,.217,.429,10.8,14.7,27.09923664122137,88.8,39.2,19.8,21.5,29.9,.175,.302,.340,.171,6.896551724137932,8,17,1,0,17,5,23,194,58,42.54385964912281,63.4020618556701,86.1788617886179,12.719298245614036
Ben Harris,FA,,26,146,104,633,.296,.346,0.5993640699523053,0.5883882183561074,0.8650635930047694,0.4485759493670886,0.6001589825119237,0.9793322734499205,0.9666136724960255,0.7567567567567568,0.028616852146263912,0.06915739268680444,0.7734499205087441,0.9634340222575517,0.6049284578696343,0.21462639109697934,0.6550079491255962,0.08702531645569621,0.7758346581875993,0.8108108108108109,0.36089030206677264,.141,.220,4.2,22.6,21.052631578947366,86.7,23.9,24.7,17.2,29.4,.202,.411,.327,.275,2.054794520547945,3,33,3,2,21,2,36,248,73,39.178515007898895,63.235294117647065,77.32558139534885,11.532385466034755
Bradley Blalock,MIA,,25,294,255,1130,.318,.405,0.5977742448330684,0.40326970678794954,0.38314785373608906,0.8734177215189873,0.40540540540540543,0.31558028616852146,0.3449920508744038,0.6192368839427663,0.46502384737678853,0.37042925278219396,0.3942766295707472,0.1740858505564388,0.17170111287758347,0.5620031796502385,0.14308426073131955,0.5617088607594937,0.390302066772655,0.16216216216216217,0.178060413354531,.241,.385,5.4,11.9,26.36986301369863,88.7,43.1,17.7,12.3,22.1,.322,.398,.557,.362,3.741496598639456,11,35,17,5,82,11,52,526,116,46.54867256637168,68.13186813186813,86.29032258064518,10.265486725663717
Jacob Lopez,ATH,,28,103,95,423,.210,.222,0.5961844197138315,0.8018748050451793,0.8594992050874404,0.2329905063291139,0.9848966613672496,0.9666136724960255,0.9443561208267091,0.6351351351351351,0.834658187599364,0.8529411764705882,0.8990461049284578,0.9594594594594594,0.9634340222575517,0.42289348171701113,0.9260731319554849,0.34572784810126583,0.9379968203497615,0.8950715421303657,0.890302066772655,.156,.243,5.3,7.8,32.20338983050847,85.4,24.6,36.9,14.4,36.9,.158,.223,.274,.236,2.9126213592233015,3,8,3,1,15,2,38,187,69,44.2080378250591,59.35828877005347,74.77477477477478,16.312056737588655
Adam Kloffenstein,NYY,,25,373,322,1434,.330,.382,0.5945945945945946,0.4273521823200714,0.30822734499205084,0.4485759493670886,0.28855325914149443,0.4769475357710652,0.20588235294117646,0.16772655007949125,0.4753577106518283,0.3799682034976153,0.541335453100159,0.3179650238473768,0.5739268680445151,0.6248012718600954,0.6271860095389508,0.3599683544303797,0.6915739268680445,0.5023847376788553,0.5596184419713831,.228,.412,9.4,11.8,26.447368421052627,88,40.3,23.9,11.4,29.1,.273,.370,.519,.318,5.898123324396782,22,44,17,1,88,20,89,636,185,44.35146443514644,64.540059347181,81.60919540229884,12.90097629009763
Duncan Davitt,CHW,,26,294,257,1112,.298,.329,0.5930047694753577,0.5336822186110161,0.5141096979332274,0.2555379746835443,0.5747217806041336,0.5468998410174881,0.5572337042925278,0.40063593004769477,0.6263910969793323,0.7996820349761526,0.49761526232114467,0.6009538950715422,0.5468998410174881,0.4332273449920509,0.5643879173290938,0.7254746835443038,0.4419713831478537,0.29093799682034976,0.6915739268680445,.222,.341,6.9,10.2,31.09965635738832,88.2,35.4,23.5,14.3,28.4,.249,.337,.412,.304,4.421768707482993,13,30,15,0,64,9,69,539,153,48.47122302158273,67.54716981132076,84.07821229050279,13.758992805755394
Lenny Torres Jr.,PHI,,25,202,165,835,.347,.381,0.5914149443561209,0.3094976433525856,0.22794117647058826,0.8872626582278481,0.1685214626391097,0.2726550079491256,0.30127186009538953,0.44992050874403816,0.15580286168521462,0.1383147853736089,0.09220985691573927,0.06836248012718601,0.3744038155802862,0.2519872813990461,0.5532591414944356,0.4825949367088608,0.05087440381558029,0.6232114467408585,0.5675675675675675,.245,.391,6.6,16.3,22.92993630573249,90.6,47.5,21.3,16.7,28.3,.261,.391,.485,.304,3.96039603960396,8,33,11,1,43,8,43,382,108,45.748502994011965,75.27472527472527,80.2919708029197,12.934131736526947
Freddy Tarnok,FA,,27,278,244,1091,.265,.270,0.589825119236884,0.6296075370791491,0.6188394276629571,0.9074367088607594,0.8457869634340223,0.8513513513513513,0.7090620031796503,0.40063593004769477,0.5278219395866455,0.31160572337042924,0.753577106518283,0.6120826709062003,0.6828298887122417,0.5389507154213037,0.41414944356120825,0.40901898734177217,0.7233704292527822,0.6406995230524642,0.4133545310015898,.185,.313,6.9,11.2,25.69316081330869,86.8,35.3,26.3,12.6,26.5,.189,.281,.324,.235,4.316546762589929,12,31,8,2,46,7,73,491,130,45.004582951420716,64,80.11363636363636,11.915673693858846
Hayden Juenger,TOR,,25,162,138,658,.319,.343,0.5882352941176471,0.45433047064190024,0.5488871224165341,0.5712025316455697,0.39268680445151033,0.3688394276629571,0.43720190779014306,0.8751987281399046,0.26788553259141495,0.23370429252782193,0.3298887122416534,0.5532591414944356,0.3600953895071542,0.6629570747217806,0.3990461049284579,0.3275316455696203,0.5516693163751988,0.5866454689984102,0.3672496025437202,.236,.365,2.9,14.2,24.645892351274785,89,36.2,21,10.7,26.3,.261,.364,.413,.317,1.8518518518518519,3,23,5,2,36,4,34,289,76,43.920972644376896,66.22950819672131,80.69306930693071,11.550151975683892
Thomas Harrington,PIT,,24,415,371,1612,.319,.341,0.5866454689984102,0.31512261400454816,0.1818362480127186,0.40150316455696206,0.39268680445151033,0.3267090620031797,0.16216216216216217,0.27106518282988873,0.8139904610492846,0.4356120826709062,0.10174880763116058,0.19236883942766295,0.397456279809221,0.08108108108108109,0.20508744038155802,0.5791139240506329,0.5723370429252782,0.2845786963434022,0.23529411764705882,.240,.424,8,8,27.125,90.5,42.7,21.7,20.2,23.1,.251,.319,.480,.275,5.542168674698795,23,33,13,6,93,20,90,753,174,46.71215880893301,66.00985221674877,84.1417910447761,10.794044665012407
Tyson Guerrero,KCR,,27,49,43,186,.241,.345,0.5850556438791733,0.6479932440817585,0.6901828298887122,0.3156645569620253,0.9332273449920508,0.9523052464228935,0.9014308426073132,0.821939586645469,0.8012718600953895,0.15262321144674085,0.7368839427662957,0.3004769475357711,0.910174880763116,0.5119236883942766,0.4379968203497615,0.3401898734177215,0.41573926868044514,0.08744038155802862,0.40381558028616854,.159,.260,3.7,8.2,23.232323232323232,86.9,40.7,32.7,13.1,26.8,.256,.347,.442,.385,2.0408163265306123,1,4,5,0,11,1,16,82,22,44.08602150537634,67.81609195402298,88.13559322033899,11.827956989247312
Dom Hamel,NYY,,27,297,264,1166,.315,.329,0.5834658187599364,0.4622161311069073,0.14686009538950714,0.6475474683544303,0.42845786963434024,0.4300476947535771,0.24483306836248012,0.11446740858505565,0.8600953895071543,0.7297297297297297,0.1478537360890302,0.08028616852146264,0.6311605723370429,0.5468998410174881,0.685214626391097,0.7325949367088608,0.26232114467408585,0.41971383147853736,0.7567567567567568,.232,.401,10.5,7.4,30.128205128205128,90.1,46.6,25.3,12.5,29.9,.258,.330,.424,.311,6.7340067340067336,20,22,8,0,68,12,75,566,169,48.542024013722134,69.74169741697415,82.53968253968253,14.493996569468267
Seth Johnson,PHI,,27,268,228,1029,.305,.313,0.5818759936406995,0.49893765344831054,0.3865262321144674,0.9228639240506328,0.527027027027027,0.5007949125596184,0.505564387917329,0.6701112877583466,0.4030206677265501,0.7090620031796503,0.10174880763116058,0.2686804451510334,0.6200317965023847,0.20508744038155802,0.5532591414944356,0.7531645569620253,0.3036565977742448,0.5564387917329093,0.6963434022257552,.226,.351,5,12.3,29.831144465290805,90.5,41.2,25,17.4,28.3,.250,.343,.360,.327,2.985074626865672,8,33,13,0,57,4,67,502,142,48.7852283770651,69.15322580645162,81.04956268221575,13.799805636540329
Michael Mercado,PHI,,27,220,185,876,.320,.362,0.5802861685214626,0.47359656636345954,0.3032591414944356,0.8477056962025317,0.3815580286168522,0.5317965023847376,0.3497615262321145,0.24721780604133545,0.4030206677265501,0.5453100158982512,0.29093799682034976,0.3251192368839428,0.5564387917329093,0.417329093799682,0.7869634340222575,0.5569620253164557,0.1589825119236884,0.5421303656597775,0.7980922098569158,.224,.384,8.3,12.3,28.007889546351084,89.2,40.2,23.6,14.5,31.9,.276,.377,.454,.346,5,11,27,13,1,51,6,52,407,130,46.46118721461186,71.81571815718158,81.13207547169812,14.840182648401823
Raúl Alcantara,FA,,25,126,98,507,.337,.394,0.5786963434022258,0.4919801246704634,0.7078696343402225,0.6780063291139239,0.22813990461049286,0.4491255961844197,0.6319554848966613,0.8791732909379968,0.06677265500794913,0.01589825119236884,0.47774244833068363,0.8426073131955485,0.3354531001589825,0.8696343402225755,0.4292527821939587,0.04113924050632911,0.985691573926868,0.47774244833068363,0.11446740858505565,.230,.327,2.8,19,17.883211678832122,88.3,30.6,20.6,6.2,26.7,.327,.468,.398,.431,1.5873015873015872,2,24,4,0,32,1,26,176,47,34.714003944773175,54.506437768240346,81.88976377952756,9.270216962524657
Logan Workman,TBR,,27,618,562,2405,.289,.313,0.5771065182829889,0.5001318041328745,0.32492050874403816,0.5850474683544303,0.6605723370429253,0.5007949125596184,0.3767885532591415,0.36089030206677264,0.8688394276629571,0.7360890302066773,0.356120826709062,0.20588235294117646,0.6001589825119237,0.1232114467408585,0.6271860095389508,0.8979430379746836,0.12400635930047695,0.7503974562798092,0.821939586645469,.226,.379,7.2,7.3,30.220713073005093,88.9,42.4,24.6,18.8,29.1,.242,.296,.432,.278,4.854368932038835,30,45,24,1,136,27,152,1244,362,51.725571725571726,72.3716381418093,78.60360360360359,15.051975051975052
Jacob Wallace,ATL,,27,170,151,639,.280,.283,0.575516693163752,0.5893871521838293,0.38910969793322736,0.5185917721518988,0.7368839427662957,0.6828298887122417,0.5739268680445151,0.4356120826709062,0.6971383147853736,0.8410174880763116,0.10174880763116058,0.4451510333863275,0.6947535771065183,0.519872813990461,0.8251192368839427,0.6329113924050633,0.7019077901430842,0.651033386327504,0.8457869634340223,.208,.338,6.7,9.4,31.845238095238088,90.5,38.1,26.5,13,32.8,.219,.288,.358,.269,4.117647058823529,7,16,4,1,33,5,45,302,99,47.26134585289515,64.35643564356435,80,15.492957746478872
Roansy Contreras,FA,,26,390,355,1487,.317,.316,0.5739268680445151,0.4326137089714435,0.33585055643879175,0.7939082278481012,0.4165341812400636,0.30286168521462636,0.17329093799682035,0.23926868044515104,0.8012718600953895,0.7782193958664547,0.3298887122416534,0.6009538950715422,0.17965023847376788,0.3322734499205087,0.24324324324324326,0.7579113924050633,0.3942766295707472,0.27980922098569155,0.3767885532591415,.242,.422,8.4,8.2,30.76923076923077,89,35.4,17.9,15.4,23.8,.242,.308,.420,.267,6.153846153846153,24,32,20,2,86,13,70,726,173,48.823133826496296,68.05555555555556,84.28571428571429,11.63416274377942
Adisyn Coffey,CHW,,27,184,155,751,.342,.347,0.5723370429252782,0.43859751178952594,0.22615262321144675,0.8219936708860759,0.18998410174880764,0.5007949125596184,0.1136724960254372,0.04292527821939587,0.27503974562798095,0.5468998410174881,0.5882352941176471,0.15977742448330684,0.8434022257551669,0.2774244833068362,0.9030206677265501,0.5965189873417721,0.23370429252782193,0.9570747217806042,0.9220985691573926,.226,.444,12.9,14.1,28.057553956834532,87.8,43.6,30.4,16.2,36.1,.232,.344,.452,.289,7.065217391304348,13,26,2,1,36,10,56,352,127,46.87083888149136,70.35928143712576,71.91489361702128,16.910785619174433
Manuel Castro,SDP,,23,133,110,537,.311,.295,0.5707472178060413,0.34960362330871453,0.32511923688394273,0.4806170886075949,0.46740858505564387,0.6828298887122417,0.4737678855325914,0.10333863275039745,0.21065182829888712,0.2082670906200318,0.2543720190779014,0.46899841017488075,0.46740858505564387,0.04848966613672496,0.32909379968203495,0.1574367088607595,0.8600953895071543,0.18124006359300476,0.19554848966613672,.208,.357,11,15,24.149659863945576,89.4,37.8,22.6,21.7,25.3,.200,.316,.345,.247,6.7669172932330826,9,20,8,1,22,2,30,221,56,41.15456238361266,61.72839506172839,86,10.42830540037244
Jonathan Cannon,CHW,,25,143,127,570,.322,.372,0.5691573926868044,0.45466168420840797,0.5520667726550079,0.5712025316455697,0.3656597774244833,0.20429252782193957,0.32591414944356123,0.5834658187599364,0.6605723370429253,0.7217806041335453,0.609697933227345,0.6891891891891891,0.08028616852146264,0.356120826709062,0.287758346581876,0.7151898734177216,0.2718600953895072,0.2480127186009539,0.4165341812400636,.252,.388,5.7,9.8,29.967426710097726,87.7,34.3,14.7,15.2,24.7,.307,.385,.465,.337,4.195804195804196,6,14,5,0,39,5,21,275,68,48.24561403508772,69.58174904942965,84.69945355191257,11.929824561403509
Collin Baumgartner,COL,,27,92,80,409,.282,.293,0.5675675675675675,0.5885566551286955,0.6579888712241654,0.6914556962025317,0.7178060413354531,0.71939586645469,0.7496025437201908,0.8314785373608903,0.6605723370429253,0.11287758346581876,0.3767885532591415,0.6740858505564388,0.7201907790143084,0.1232114467408585,0.685214626391097,0.4802215189873418,0.20508744038155802,0.8728139904610492,0.6804451510333863,.204,.304,3.6,9.8,22.53521126760564,88.8,34.5,27.2,18.8,29.9,.225,.315,.338,.296,2.1739130434782608,2,9,3,0,18,2,25,187,56,45.721271393643036,70.91836734693877,75.53956834532373,13.691931540342296
Jairo Iriarte,CHW,,24,222,177,911,.327,.405,0.5659777424483307,0.4215557352773473,0.44038155802861684,0.5324367088607594,0.31001589825119236,0.5604133545310016,0.4523052464228935,0.24721780604133545,0.12639109697933226,0.19395866454689983,0.49761526232114467,0.5643879173290938,0.3887122416534181,0.7178060413354531,0.46740858505564387,0.10522151898734178,0.7742448330683624,0.32114467408585057,0.24324324324324326,.221,.360,8.3,17.1,23.844731977818853,88.2,36.1,21.6,9.8,27.3,.299,.419,.531,.352,4.954954954954955,11,38,12,1,53,9,48,363,99,39.84632272228321,63.24324324324325,83.76068376068376,10.867178924259058
Luis Gil,NYY,,27,34,29,142,.337,.343,0.5643879173290938,0.5301285905227641,0.24304451510333863,0.8631329113924051,0.22813990461049286,0.28139904610492844,0.0890302066772655,0.012718600953895072,0.7567567567567568,0.7933227344992051,0.6446740858505564,0.22575516693163752,0.8982511923688394,0.6550079491255962,0.9133545310015898,0.9058544303797468,0.0890302066772655,0.8275039745627981,0.9713831478537361,.244,.459,15.8,8.8,30.985915492957744,87.5,42.1,32.4,10.8,36.5,.241,.324,.483,.294,8.823529411764708,3,3,1,0,7,2,11,74,27,52.112676056338024,73.23943661971832,76.92307692307693,19.014084507042245
Valente Bellozo,COL,,26,77,69,286,.286,.280,0.5627980922098569,0.5037857920280668,0.7225755166931638,0.14161392405063292,0.6883942766295708,0.39825119236883944,0.6796502384737679,0.7837837837837838,0.7289348171701113,0.20031796502384738,0.5635930047694754,0.863275039745628,0.6049284578696343,0.026232114467408585,0.36645468998410174,0.7697784810126582,0.19475357710651828,0.5969793322734499,0.4944356120826709,.234,.319,4,9.1,23.88059701492537,87.9,30,24.7,24.2,25.7,.232,.312,.304,.320,2.5974025974025974,2,7,5,0,16,0,19,140,36,48.95104895104895,71.05263157894737,80.55555555555556,12.587412587412588
Yosver Zulueta,SEA,,28,248,210,1012,.266,.275,0.56120826709062,0.7378456150677856,0.6627583465818759,0.91376582278481,0.8418124006359301,0.8640699523052464,0.9014308426073132,0.8084260731319555,0.3537360890302067,0.5993640699523053,0.43084260731319557,0.5103338632750397,0.8728139904610492,0.9618441971383148,0.7957074721780604,0.2104430379746836,0.9364069952305246,0.3521462639109698,0.6581875993640699,.183,.260,3.8,12.9,28.62190812720848,88.5,36.8,31.5,1.9,32.1,.176,.298,.300,.238,2.0161290322580645,5,32,5,0,37,7,78,427,137,42.19367588932806,59.4170403587444,83.39622641509435,13.537549407114625
Austin Vernon,TBR,,27,78,63,338,.284,.265,0.5596184419713831,0.622065458282184,0.8594992050874404,0.6333069620253164,0.7042925278219396,0.904610492845787,0.9276629570747218,0.7305246422893482,0.10651828298887123,0.3068362480127186,0.8068362480127186,0.972972972972973,0.404610492845787,0.014308426073131956,0.9523052464228935,0.5233386075949367,0.17170111287758347,0.8895071542130366,0.9443561208267091,.174,.250,4.5,17.9,25.66844919786097,86.5,22.7,21.8,26.3,38.5,.143,.308,.238,.159,2.564102564102564,2,14,0,0,9,2,17,156,60,46.153846153846146,71.52317880794702,75,17.75147928994083
Marc Church,TEX,,25,31,23,142,.392,.547,0.5580286168521462,0.34309842115943195,0.4342209856915739,0.8477056962025317,0.04292527821939587,0.07313195548489666,0.26788553259141495,0.9721780604133545,0.019077901430842606,0.20349761526232116,0.27106518282988873,0.22575516693163752,0.046104928457869634,0.5620031796502385,0.5858505564387917,0.09177215189873418,0.7480127186009539,0.07790143084260731,0.2893481717011129,.279,.398,0,25.8,24.13793103448276,89.3,42.1,12.9,12.3,28.6,.435,.581,.739,.500,0,0,8,2,1,10,1,4,56,16,39.43661971830985,63.63636363636363,88.57142857142857,11.26760563380282
Matt Turner,NYM,,26,208,179,777,.291,.355,0.5564387917329093,0.6613418321057468,0.8825516693163751,0.4806170886075949,0.6383147853736089,0.5969793322734499,0.7710651828298887,0.8696343402225755,0.5429252782193958,0.6613672496025437,0.9793322734499205,0.910174880763116,0.30604133545310014,0.9618441971383148,0.2178060413354531,0.3892405063291139,0.7917329093799682,0.10492845786963434,0.19395866454689983,.218,.299,3,11.1,29.28571428571429,83.4,27.8,20.2,1.9,23.3,.296,.394,.397,.373,1.9230769230769231,4,23,7,1,53,3,42,348,81,44.78764478764479,63.02521008403361,87.55555555555556,10.424710424710424
Brandon Birdsell,CHC,,26,80,70,324,.306,.330,0.5548489666136724,0.449454608648112,0.417329093799682,0.5055379746835443,0.5174880763116058,0.5007949125596184,0.37042925278219396,0.5699523052464229,0.6422893481717011,0.3751987281399046,0.31001589825119236,0.4189189189189189,0.4562798092209857,0.6248012718600954,0.10174880763116058,0.5391613924050633,0.2893481717011129,0.14546899841017488,0.13354531001589826,.226,.380,5.8,10,26.436781609195403,89.1,38.5,22.5,11.4,20.7,.229,.313,.457,.245,3.75,3,8,2,1,16,4,18,150,31,46.2962962962963,69.33333333333334,86.53846153846155,9.5679012345679
Joe Miller,DET,,26,43,39,163,.324,.320,0.5532591414944356,0.3412894814956431,0.2249602543720191,0.3156645569620253,0.34340222575516693,0.16295707472178061,0.21303656597774245,0.40063593004769477,0.7082670906200318,0.8187599364069952,0.16216216216216217,0.12400635930047695,0.35453100158982515,0.04531001589825119,0.4467408585055644,0.6890822784810127,0.44038155802861684,0.46502384737678853,0.5548489666136724,.258,.410,6.9,9.3,31.460674157303373,90,44.8,20.9,21.8,26.9,.231,.302,.436,.250,4.651162790697675,2,4,2,0,9,2,9,78,21,47.852760736196316,67.56756756756756,82,12.883435582822086
Ryan Loutos,SEA,,27,183,163,694,.291,.287,0.5516693163751988,0.5476139416594553,0.40620031796502387,0.7033227848101266,0.6383147853736089,0.6224165341812401,0.4435612082670906,0.44992050874403816,0.6065182829888712,0.8505564387917329,0.356120826709062,0.3751987281399046,0.44594594594594594,0.7432432432432432,0.33624801271860094,0.747626582278481,0.43720190779014306,0.29252782193958665,0.47217806041335453,.215,.362,6.6,10.4,32.16216216216216,88.9,39.3,22.4,9.3,25.4,.221,.301,.344,.263,4.371584699453551,8,19,5,0,36,5,41,338,86,48.703170028818434,67.5925925925926,84.01826484018264,12.391930835734868
Blake Holub,MIL,,27,185,152,780,.282,.301,0.5500794912559619,0.5792519646414844,0.49781399046104935,0.6020569620253164,0.7178060413354531,0.809220985691574,0.884737678855326,0.7837837837837838,0.1327503974562798,0.397456279809221,0.08664546899841018,0.23608903020667726,0.7813990461049285,0.8640699523052464,0.6550079491255962,0.2848101265822785,0.8751987281399046,0.5850556438791733,0.5087440381558028,.192,.266,4,16.8,26.715686274509807,90.7,42,28.6,6.3,29.4,.217,.351,.296,.323,2.1621621621621623,4,31,7,1,33,1,53,337,99,43.20512820512821,61.29032258064516,80.7017543859649,12.692307692307693
Cade Cavalli,WSN,,27,282,250,1076,.322,.363,0.548489666136725,0.5573542932824858,0.435214626391097,0.9465981012658228,0.3656597774244833,0.2480127186009539,0.29650238473767887,0.5079491255961844,0.7488076311605724,0.753577106518283,0.6263910969793323,0.31001589825119236,0.6104928457869634,0.8696343402225755,0.404610492845787,0.7064873417721519,0.4467408585055644,0.43243243243243246,0.5262321144674086,.247,.392,6.2,8.9,30.427046263345197,87.6,40.4,24.8,6.2,26.4,.296,.376,.452,.384,3.9007092198581566,11,25,13,1,74,8,70,518,137,48.141263940520446,67.50972762645915,82.42074927953891,12.732342007434944
Guillo Zuñiga,FA,,27,202,171,817,.312,.313,0.5468998410174881,0.5766899333715697,0.6530206677265501,0.9647943037974684,0.4562798092209857,0.5007949125596184,0.5627980922098569,0.5540540540540541,0.46502384737678853,0.4626391096979332,0.6748807631160573,0.8203497615262321,0.4872813990461049,0.44435612082670906,0.527027027027027,0.5348101265822784,0.2972972972972973,0.6454689984101749,0.575516693163752,.226,.340,5.9,11.9,27.293064876957487,87.3,31.9,22.8,14.2,28,.234,.347,.345,.301,3.4653465346534658,7,24,6,2,40,3,46,378,106,46.26682986536108,69.18918918918921,80.078125,12.974296205630354
Matt Sauer,FA,,27,370,332,1423,.292,.368,0.5453100158982512,0.5733651151616993,0.5868441971383148,0.663370253164557,0.6279809220985691,0.4300476947535771,0.5095389507154213,0.4848966613672496,0.8481717011128775,0.6629570747217806,0.7082670906200318,0.6446740858505564,0.37917329093799684,0.48330683624801274,0.4379968203497615,0.5814873417721519,0.3847376788553259,0.4451510333863275,0.48330683624801274,.232,.350,6.3,7.6,29.29936305732484,87.1,34.9,21.4,13.6,26.8,.295,.359,.497,.347,4.3243243243243255,16,28,17,4,98,14,79,665,178,46.732255797610684,68.18181818181817,82.29885057471266,12.508784258608575
John Stankiewicz,DET,,27,30,25,128,.270,.233,0.5437201907790143,0.5930259943953634,0.5345786963434022,0.1965981012658228,0.8171701112877583,0.809220985691574,0.9538950715421304,0.9721780604133545,0.14149443561208266,0.3139904610492846,0.12241653418124006,0.08982511923688394,0.9769475357710652,0.7432432432432432,0.9793322734499205,0.2721518987341772,0.7344992050874404,0.9435612082670907,0.9475357710651828,.192,.232,0,16.7,25.71428571428571,90.3,46.2,40,9.3,41.8,.160,.300,.160,.308,0,0,5,0,0,4,0,12,55,23,42.96875,63.793103448275865,72.97297297297297,17.96875
Anthony Maldonado,HOU,,28,202,178,812,.259,.327,0.5421303656597775,0.7082125347145358,0.7603338632750397,0.3872626582278481,0.8744038155802861,0.8998410174880763,0.7416534181240063,0.5540540540540541,0.5047694753577107,0.9650238473767886,0.8990461049284578,0.8465818759936407,0.8195548489666137,0.0739268680445151,0.9324324324324325,0.7808544303797469,0.41812400635930047,0.6073131955484896,0.9538950715421304,.175,.306,5.9,11.4,36.25,85.4,30.5,29.7,20.5,37.1,.225,.312,.444,.275,3.4653465346534658,7,23,9,0,40,10,60,399,148,49.13793103448275,67.7710843373494,80.44444444444444,18.22660098522168
Garrett Acton,MIN,,27,236,208,1045,.250,.275,0.5405405405405406,0.6070739566353397,0.6347376788553258,0.5185917721518988,0.9069952305246423,0.9300476947535771,0.8243243243243243,0.6597774244833068,0.5047694753577107,0.6868044515103339,0.4133545310015898,0.6414944356120826,0.834658187599364,0.008744038155802861,0.35532591414944353,0.8401898734177216,0.18124006359300476,0.6248012718600954,0.5468998410174881,.165,.284,5.1,11.4,29.643527204502806,88.6,35,30.1,26.7,25.6,.188,.280,.337,.244,2.9661016949152543,7,27,10,0,39,7,71,523,134,50.047846889952154,71.2890625,80.27397260273973,12.822966507177036
Kyle Hurt,LAD,,27,41,36,167,.237,.278,0.5389507154213037,0.7240831673072923,0.9342209856915739,0.8734177215189873,0.9419713831478538,0.8839427662957074,0.9769475357710652,0.9721780604133545,0.41573926868044514,0.35930047694753575,0.8068362480127186,0.9809220985691574,0.5937996820349761,0.6168521462639109,0.2670906200317965,0.3552215189873418,0.8887122416534181,0.3799682034976153,0.23211446740858505,.178,.209,0,12.2,26.25,86.5,20.8,24.4,11.5,24.3,.250,.341,.250,.346,0,0,5,0,0,9,0,10,74,18,44.31137724550898,60.919540229885065,83.01886792452831,10.778443113772457
Joander Suarez,NYM,,26,51,46,197,.259,.370,0.5373608903020668,0.568318929735767,0.7967011128775834,0.35957278481012656,0.8744038155802861,0.7034976152623211,0.8243243243243243,0.8823529411764706,0.834658187599364,0.1669316375198728,0.8449920508744038,0.6351351351351351,0.16534181240063592,0.2774244833068362,0.25119236883942764,0.5783227848101266,0.40381558028616854,0.5278219395866455,0.27503974562798095,.206,.284,2.7,7.8,23.40425531914893,86,35.1,17.6,16.2,23.9,.304,.373,.478,.343,1.96078431372549,1,4,2,0,14,2,9,92,22,46.7005076142132,67.96116504854369,81.42857142857143,11.167512690355329
Matt Pushard,STL,,28,254,228,1014,.255,.263,0.5357710651828299,0.7561004612672986,0.75258346581876,0.7345727848101266,0.8918918918918919,0.7583465818759937,0.8068362480127186,0.7305246422893482,0.7289348171701113,0.9364069952305246,0.6605723370429253,0.8124006359300477,0.7861685214626392,0.4109697933227345,0.8155802861685215,0.9153481012658228,0.1383147853736089,0.7551669316375199,0.9284578696343402,.198,.287,4.5,9.1,34.823091247672245,87.4,32.3,28.7,14.6,32.6,.211,.287,.294,.294,2.755905511811024,7,23,8,1,48,3,73,531,173,52.36686390532545,72.11740041928721,78.48837209302323,17.06114398422091
Chazz Martinez,KCR,,26,137,114,572,.313,.332,0.534181240063593,0.4794904384093699,0.6188394276629571,0.6020569620253164,0.4467408585055644,0.39825119236883944,0.5095389507154213,0.5540540540540541,0.39109697933227344,0.034976152623211444,0.7082670906200318,0.7034976152623211,0.5349761526232114,0.575516693163752,0.294912559618442,0.07832278481012657,0.931637519872814,0.6391096979332274,0.13513513513513514,.234,.350,5.9,12.4,19.112627986348127,87.1,34.1,23.4,12.1,24.8,.254,.358,.395,.325,3.6496350364963503,5,17,6,2,29,2,32,222,55,38.81118881118881,59.49820788530465,80.12048192771084,9.615384615384617
Bobby Miller,LAD,,27,408,344,1665,.320,.322,0.5325914149443561,0.5179900849751463,0.6762718600953894,0.9869462025316456,0.3815580286168522,0.383147853736089,0.48807631160572335,0.8084260731319555,0.23529411764705882,0.4149443561208267,0.7734499205087441,0.6351351351351351,0.3124006359300477,0.46740858505564387,0.32909379968203495,0.37737341772151894,0.40540540540540543,0.492845786963434,0.2972972972972973,.235,.354,3.8,14.7,27.004219409282694,86.7,35.1,20.3,13.9,25.3,.233,.348,.369,.274,2.4509803921568634,10,60,8,3,80,11,83,743,188,44.624624624624616,67.92189679218968,81.72484599589322,11.291291291291289
Christian MacLeod,FA,,26,169,139,710,.310,.387,0.5310015898251192,0.422663885730481,0.45210651828298887,0.16099683544303794,0.48012718600953896,0.670906200317965,0.5214626391096979,0.3847376788553259,0.1875993640699523,0.3465818759936407,0.3298887122416534,0.5723370429252782,0.5882352941176471,0.09936406995230525,0.7297297297297297,0.21677215189873414,0.753577106518283,0.6883942766295708,0.5961844197138315,.209,.348,7,15.4,26.054590570719604,89,36,24.3,19.5,31,.273,.391,.511,.333,4.142011834319527,7,26,10,1,38,7,41,300,93,42.25352112676056,63.51791530944625,79.48717948717949,13.098591549295776
Owen White,FA,,26,344,291,1349,.320,.327,0.5294117647058824,0.48465737004688975,0.4439586645468998,0.6020569620253164,0.3815580286168522,0.4149443561208267,0.43720190779014306,0.699523052464229,0.3783783783783784,0.7106518282988871,0.356120826709062,0.28298887122416533,0.23449920508744038,0.7909379968203497,0.527027027027027,0.4897151898734177,0.37042925278219396,0.4276629570747218,0.548489666136725,.233,.365,4.8,12.5,29.87341772151899,88.9,40.9,18.9,8.3,28,.251,.355,.378,.296,3.1976744186046515,11,43,12,2,73,7,65,618,173,45.811712379540396,68.33631484794276,82.4607329842932,12.824314306893998
Trent Harris,SFG,,27,175,160,695,.310,.338,0.5278219395866455,0.5518397446217626,0.5655802861685215,0.5712025316455697,0.48012718600953896,0.18124006359300476,0.36089030206677264,0.5540540540540541,0.7726550079491256,0.6311605723370429,0.753577106518283,0.5937996820349761,0.49761526232114467,0.7965023847376789,0.4292527821939587,0.4833860759493671,0.8171701112877583,0.6677265500794912,0.44992050874403816,.255,.382,5.9,8.6,28.901734104046245,86.8,35.6,22.9,8.2,26.7,.269,.331,.450,.330,4,7,15,12,1,43,5,40,318,85,45.755395683453244,62.46418338108882,79.81651376146789,12.23021582733813
Sam Carlson,HOU,,27,270,222,1124,.299,.332,0.5262321144674086,0.5572593838253742,0.6297694753577107,0.6020569620253164,0.5675675675675675,0.670906200317965,0.6963434022257552,0.5317965023847376,0.33068362480127184,0.16216216216216217,0.7734499205087441,0.5174880763116058,0.7957074721780604,0.37201907790143085,0.6669316375198728,0.2824367088607595,0.670906200317965,0.8966613672496025,0.5230524642289348,.209,.315,6.1,13.3,23.33901192504259,86.7,36.7,28.9,15,29.5,.248,.367,.374,.354,3.333333333333333,9,36,10,3,55,4,78,485,143,43.14946619217082,64.80446927374301,74.71264367816093,12.722419928825625
Cade Gibson,MIA,,28,82,74,330,.271,.257,0.5246422893481717,0.7494544409450404,0.7581478537360891,0.37262658227848106,0.8060413354531002,0.6542130365659777,0.7225755166931638,0.7718600953895072,0.7821939586645469,0.904610492845787,0.8871224165341812,0.651033386327504,0.8465818759936407,0.9674085850556439,0.6271860095389508,0.3951740506329114,0.9554848966613673,0.4014308426073132,0.589825119236884,.211,.310,4.1,8.5,33.70165745856354,85.5,34.7,30.5,1.7,29.1,.203,.280,.284,.292,2.4390243902439024,2,7,3,0,15,1,25,148,43,44.84848484848485,58.38926174496645,82.75862068965517,13.030303030303033
José Suarez,ATL,,28,179,168,691,.287,.307,0.5230524642289348,0.6624142408417352,0.5965818759936407,0.5324367088607594,0.6772655007949125,0.30286168521462636,0.43084260731319557,0.7567567567567568,0.9602543720190779,0.9141494435612083,0.753577106518283,0.4451510333863275,0.7472178060413355,0.6550079491255962,0.7734499205087441,0.7191455696202531,0.604133545310016,0.643879173290938,0.8314785373608903,.242,.366,4.2,5,33.95225464190981,86.8,38.1,27.9,10.8,31.7,.250,.296,.411,.333,2.793296089385475,5,9,15,0,42,4,50,334,106,48.3357452966715,65.60509554140127,80.09708737864078,15.340086830680175
Carlos Peña,DET,,27,40,37,147,.212,.351,0.5214626391096979,0.6986099616463076,0.9175278219395866,0.21400316455696206,0.9817170111287759,0.924483306836248,0.9228934817170111,0.8314785373608903,0.9602543720190779,0.9809220985691574,0.9666136724960255,0.9491255961844197,0.4562798092209857,0.04292527821939587,0.15262321144674085,0.7721518987341772,0.9220985691573926,0.6089030206677265,0.2480127186009539,.168,.251,3.6,5,37.142857142857146,84.1,25,22.5,22,22.2,.297,.325,.514,.357,2.5,1,2,3,1,11,1,9,72,16,48.979591836734684,59.740259740259745,80.43478260869566,10.884353741496598
Nick Nastrini,FA,,26,233,171,967,.337,.370,0.519872813990461,0.41463882208716535,0.42309220985691576,0.6020569620253164,0.22813990461049286,0.7933227344992051,0.6796502384737679,0.5985691573926868,0.0397456279809221,0.151033386327504,0.12241653418124006,0.2917329093799682,0.3600953895071542,0.2519872813990461,0.8569157392686805,0.12341772151898735,0.3815580286168522,0.534181240063593,0.6899841017488076,.194,.319,5.6,21.5,23.205342237061767,90.3,40.8,21,16.7,34.1,.211,.408,.415,.233,3.004291845493562,7,50,8,0,36,9,49,390,133,40.330920372285426,68.20652173913044,81.27490039840637,13.753877973112722
Matt Svanson,STL,,27,98,88,386,.309,.343,0.5182829888712241,0.486055175149088,0.28875198728139906,0.918512658227848,0.4904610492845787,0.2480127186009539,0.43084260731319557,0.30286168521462636,0.7186009538950715,0.7344992050874404,0.356120826709062,0.06518282988871224,0.44594594594594594,0.985691573926868,0.1359300476947536,0.8014240506329114,0.22575516693163752,0.20985691573926868,0.24483306836248012,.247,.366,7.7,9.2,30.198019801980198,88.9,47.7,22.4,"'-0.3",22,.295,.367,.409,.385,5.1020408163265305,5,9,5,1,26,1,22,191,42,49.4818652849741,70.65217391304348,85.38461538461539,10.880829015544041
Ryan Cusick,PHI,,26,197,168,844,.352,.395,0.5166931637519873,0.334639111374964,0.09379968203497616,0.8813291139240507,0.1359300476947536,0.2893481717011129,0.11128775834658187,0.12957074721780604,0.33624801271860094,0.246422893481717,0.04451510333863275,0.08982511923688394,0.5349761526232114,0.7567567567567568,0.4594594594594595,0.4367088607594937,0.2384737678855326,0.699523052464229,0.4626391096979332,.243,.445,10.1,13.2,24.78448275862069,91.5,46.2,23.4,9,27.2,.286,.391,.524,.339,6.091370558375635,12,26,10,0,48,10,46,382,104,45.260663507109,70.26315789473685,79.40074906367043,12.322274881516588
Tyler Schoff,WSN,,27,30,27,133,.271,.323,0.5151033386327504,0.5273115981767322,0.4636327503974563,0.28401898734177217,0.8060413354531002,0.7742448330683624,0.609697933227345,0.09618441971383147,0.6422893481717011,0.26073131955484896,0.2384737678855326,0.910174880763116,0.8306836248012719,0.1359300476947536,0.739268680445151,0.4944620253164557,0.23052464228934816,0.9030206677265501,0.7384737678855325,.196,.332,11.1,10,25,89.5,27.8,30,18.6,31.1,.222,.300,.444,.250,6.666666666666668,2,3,0,0,6,2,9,61,19,45.86466165413533,70.49180327868852,74.4186046511628,14.285714285714285
Yilber Díaz,ARI,,25,225,157,959,.383,.425,0.5135135135135135,0.3306365631267903,0.2823926868044515,0.951740506329114,0.06518282988871224,0.5866454689984102,0.39507154213036566,0.4737678855325914,0.00794912559618442,0.022257551669316374,0.08664546899841018,0.1740858505564388,0.404610492845787,0.4332273449920509,0.36645468998410174,0.03560126582278481,0.9268680445151033,0.3068362480127186,0.07313195548489666,.219,.375,6.4,28.4,18.487394957983195,90.7,43.1,21.8,14.3,25.7,.248,.471,.497,.300,3.111111111111111,7,64,10,1,39,9,49,327,84,34.09801876955162,59.615384615384606,83.87096774193549,8.75912408759124
Douglas Orellana,NYM,,23,89,70,386,.372,.378,0.5119236883942766,0.2847105004762768,0.2988871224165342,0.5850474683544303,0.07710651828298887,0.11526232114467408,0.20985691573926868,0.5985691573926868,0.0643879173290938,0.12241653418124006,0.08664546899841018,0.3004769475357711,0.2424483306836248,0.5548489666136724,0.4594594594594595,0.06408227848101265,0.9713831478537361,0.48569157392686807,0.1891891891891892,.267,.411,5.6,19.1,22.748815165876774,90.7,40.7,19.1,12.4,27.2,.300,.438,.400,.377,3.3707865168539324,3,17,4,0,21,1,17,147,40,38.08290155440415,56.57142857142857,81.81818181818183,10.362694300518132
Forrest Whitley,FA,,28,240,212,941,.260,.264,0.5103338632750397,0.7381928652405199,0.7110492845786963,0.8734177215189873,0.8680445151033387,0.8577106518282989,0.78060413354531,0.36089030206677264,0.678060413354531,0.8362480127186009,0.9069952305246423,0.7957074721780604,0.8680445151033387,0.1589825119236884,0.8736089030206677,0.6416139240506329,0.7058823529411765,0.8012718600953895,0.8918918918918919,.184,.296,7.2,9.6,31.771894093686356,85.3,32.6,31.3,18.3,34.6,.184,.271,.321,.254,4.166666666666666,10,23,10,2,39,5,75,445,154,47.29011689691817,64.22222222222223,77.50865051903115,16.365568544102018
Domingo Gonzalez,SEA,,26,237,211,973,.308,.320,0.5087440381558028,0.4777888287114367,0.4556836248012719,0.6333069620253164,0.49920508744038156,0.4491255961844197,0.37042925278219396,0.27106518282988873,0.5564387917329093,0.6558028616852146,0.7241653418124007,0.45707472178060415,0.3124006359300477,0.5993640699523053,0.20508744038155802,0.7025316455696202,0.4594594594594595,0.3585055643879173,0.2655007949125596,.230,.380,8,11,29.268292682926827,87,38,20.3,11.8,23.1,.246,.329,.398,.293,5.485232067510549,13,26,12,1,52,6,48,468,108,48.09866392600205,67.35966735966737,83.33333333333334,11.099691675231245
Zak Kent,MIN,,28,158,135,641,.288,.289,0.5071542130365659,0.6086251576408872,0.5228537360890302,0.5324367088607594,0.6701112877583466,0.6081081081081081,0.766295707472178,0.8950715421303657,0.33068362480127184,0.6740858505564388,0.178060413354531,0.2519872813990461,0.8783783783783784,0.6836248012718601,0.834658187599364,0.12579113924050633,0.9841017488076311,0.5794912559618441,0.643879173290938,.217,.301,2.4,13.3,29.508196721311478,89.9,41.7,31.6,10.4,33.2,.215,.323,.311,.321,1.2658227848101269,2,21,5,1,29,2,50,259,86,40.40561622464899,54.90909090909091,80.79470198675497,13.416536661466456
Riley Martin,CHC,,28,260,220,1107,.278,.270,0.505564387917329,0.6364168058602161,0.5812798092209857,0.7753164556962026,0.7543720190779014,0.7837837837837838,0.8243243243243243,0.8394276629570747,0.3179650238473768,0.3163751987281399,0.4133545310015898,0.2480127186009539,0.8537360890302067,0.8124006359300477,0.6979332273449921,0.3164556962025317,0.8807631160572337,0.7758346581875993,0.6104928457869634,.195,.284,3.5,13.5,25.735294117647058,88.6,41.8,30.8,7.8,30.2,.186,.300,.286,.266,1.9230769230769231,5,35,8,1,41,4,80,484,146,43.721770551038844,61.101243339254,78.19767441860466,13.188798554652214
Lazaro Estrada,TOR,,27,424,388,1752,.318,.358,0.5039745627980922,0.35968504105371185,0.12201907790143085,0.5324367088607594,0.40540540540540543,0.2480127186009539,0.15580286168521462,0.19634340222575516,0.8688394276629571,0.7201907790143084,0.058823529411764705,0.07710651828298887,0.49761526232114467,0.1589825119236884,0.39666136724960255,0.8734177215189873,0.16216216216216217,0.5627980922098569,0.6263910969793323,.247,.427,8.9,7.3,29.965556831228472,91.2,46.7,22.9,18.3,26.2,.276,.333,.508,.326,6.132075471698112,26,31,21,9,107,17,97,893,234,50.97031963470321,71.7366628830874,81.01265822784809,13.356164383561644
Jonny Cuevas,TBR,,25,53,48,186,.314,.386,0.5023847376788553,0.36591982199995976,0.22794117647058823,0.34572784810126583,0.43720190779014306,0.5389507154213037,0.08426073131955485,0.14626391096979333,0.8529411764705882,0.8871224165341812,0.29093799682034976,0.390302066772655,0.09141494435612083,0.19395866454689983,0.13195548489666137,0.8931962025316456,0.08664546899841018,0.07074721780604133,0.2957074721780604,.223,.462,9.8,7.5,33,89.2,39,15.1,17.6,21.9,.292,.340,.583,.270,7.547169811320754,4,4,2,0,14,4,8,96,21,51.612903225806456,73.25581395348838,88.8888888888889,11.29032258064516
Zach Messinger,NYY,,26,304,265,1217,.327,.345,0.5007949125596184,0.37462822325303713,0.2879570747217806,0.6020569620253164,0.31001589825119236,0.2480127186009539,0.2933227344992051,0.541335453100159,0.4753577106518283,0.45310015898251194,0.1478537360890302,0.16931637519872814,0.37917329093799684,0.4793322734499205,0.39666136724960255,0.7136075949367089,0.11605723370429252,0.5389507154213037,0.505564387917329,.247,.393,6,11.8,27.25880551301684,90.1,43.2,21.4,13.7,26.2,.257,.352,.438,.316,3.947368421052632,12,36,19,4,68,7,65,587,154,48.23336072308956,72.51773049645391,81.17359413202934,12.65406737880033
Po-Yu Chen,PIT,,24,58,51,211,.294,.295,0.49920508744038156,0.4701423023451597,0.6872019077901431,0.2053006329113924,0.615262321144674,0.2138314785373609,0.7742448330683624,0.9721780604133545,0.615262321144674,0.07154213036565978,0.47774244833068363,0.5246422893481717,0.14864864864864866,0.8505564387917329,0.1724960254372019,0.2096518987341772,0.32591414944356123,0.3958664546899841,0.13195548489666137,.251,.298,0,10.3,21.1864406779661,88.3,36.6,17.2,6.7,22.5,.255,.345,.294,.317,0,0,6,2,0,13,0,10,89,20,42.18009478672986,68.81720430107528,82.8125,9.47867298578199
Hagen Danner,CIN,,27,248,220,968,.310,.353,0.49761526232114467,0.5122207848671457,0.35850556438791736,0.8358386075949367,0.48012718600953896,0.2893481717011129,0.3179650238473768,0.3728139904610493,0.8076311605723371,0.7837837837837838,0.356120826709062,0.3871224165341812,0.404610492845787,0.8553259141494436,0.2559618441971383,0.7444620253164557,0.36089030206677264,0.37360890302066774,0.3863275039745628,.243,.389,7.1,8.1,30.844793713163067,88.9,39.1,21.8,6.5,24,.286,.351,.468,.335,4.838709677419356,12,20,13,0,63,9,54,471,113,48.65702479338843,68.40958605664488,83.12101910828027,11.673553719008265
Eric Orze,MIN,,28,109,97,445,.242,.276,0.4960254372019078,0.8289591131526165,0.8257154213036566,0.5055379746835443,0.931637519872814,0.9093799682034976,0.8736089030206677,0.6844197138314785,0.7186009538950715,0.8942766295707473,0.9610492845786963,0.7837837837837838,0.9332273449920508,0.8012718600953895,0.9507154213036566,0.7318037974683544,0.3624801271860095,0.8672496025437202,0.9634340222575517,.173,.268,4.9,9.2,33.33333333333333,84.2,32.8,33.9,8.1,38.4,.196,.275,.351,.263,2.752293577981652,3,10,3,0,19,4,37,216,83,48.53932584269663,68.39378238341969,75.75757575757575,18.651685393258425
Nathan Wiles,FA,,27,468,429,1801,.295,.301,0.4944356120826709,0.5539695736317106,0.5001987281399046,0.5458860759493671,0.6089030206677265,0.4149443561208267,0.34022257551669316,0.34340222575516693,0.8688394276629571,0.9205087440381559,0.5882352941176471,0.7289348171701113,0.44594594594594594,0.2774244833068362,0.5643879173290938,0.909018987341772,0.05564387917329094,0.4379968203497615,0.7965023847376789,.233,.386,7.4,7.3,34.328358208955216,87.8,33.7,22.4,16.2,28.4,.240,.293,.401,.283,5.128205128205128,24,34,19,4,103,14,105,940,267,52.19322598556357,74.74874371859299,82.35294117647058,14.825097168239868
Kevin Kelly,TBR,,28,46,44,185,.203,.269,0.492845786963434,0.8058622076096946,0.8022655007949125,0.28401898734177217,0.9888712241653418,0.8918918918918919,0.9491255961844197,0.848966613672496,0.9976152623211447,0.7853736089030207,0.7368839427662957,0.6740858505564388,0.9054054054054054,1,0.6081081081081081,0.3971518987341772,0.9395866454689984,0.7925278219395866,0.5739268680445151,.177,.238,3.4,2.2,30.851063829787236,86.9,34.5,32.6,"'-5.9",28.9,.273,.304,.295,.414,2.1739130434782608,1,1,1,0,12,0,15,83,24,44.86486486486486,59.34065934065934,77.7777777777778,12.972972972972975
Joey Mancini,HOU,,26,37,33,140,.278,.296,0.4912559618441971,0.593445723739376,0.8855325914149443,0.22389240506329114,0.7543720190779014,0.4872813990461049,0.787758346581876,0.9721780604133545,0.5707472178060413,0.9578696343402225,0.8577106518282989,0.924483306836248,0.058823529411764705,0.519872813990461,0.006359300476947536,0.8900316455696202,0.2957074721780604,0.00794912559618442,0.014308426073131956,.227,.293,0,10.8,36,85.8,26.9,13.5,13,12.5,.242,.324,.333,.286,0,0,4,3,0,8,0,5,72,9,51.42857142857142,69.23076923076923,93.33333333333331,6.428571428571428
Gregory Santos,SFG,,26,26,17,120,.386,.375,0.48966613672496023,0.5907350656222119,0.9244833068362479,0.7939082278481012,0.05802861685214626,0.4491255961844197,0.8362480127186009,0.9721780604133545,0.003179650238473768,0.001589825119236884,0.9403815580286169,0.9491255961844197,0.246422893481717,0.9984101748807631,0.8402225755166932,0.013449367088607595,0.9984101748807631,0.9888712241653418,0.10333863275039745,.230,.281,0,34.6,12.12121212121212,84.8,25,19.2,"'-4.9",33.3,.235,.500,.235,.333,0,0,9,0,0,4,0,5,33,11,27.500000000000004,46.2962962962963,68,9.166666666666666
Austin Roberts,TEX,,27,152,133,622,.327,.332,0.48807631160572335,0.47409459207904847,0.3267090620031796,0.6780063291139239,0.31001589825119236,0.2726550079491256,0.1971383147853736,0.5317965023847376,0.4753577106518283,0.8696343402225755,0.3298887122416534,0.2480127186009539,0.5103338632750397,0.5063593004769475,0.7599364069952306,0.6653481012658228,0.246422893481717,0.5604133545310016,0.8076311605723371,.245,.414,6.1,11.8,32.620320855614985,89,41.8,23,13.2,31.4,.256,.342,.414,.309,3.947368421052632,6,18,6,0,34,5,35,296,93,47.58842443729904,70.16129032258065,81.0344827586207,14.951768488745982
Sawyer Gipson-Long,DET,,28,132,121,461,.238,.258,0.4864864864864865,0.7112596995264066,0.5922098569157392,0.3872626582278481,0.93879173290938,0.829093799682035,0.8887122416534181,0.821939586645469,0.924483306836248,0.9284578696343402,0.29093799682034976,0.3672496025437202,0.6947535771065183,0.6836248012718601,0.7798092209856916,0.9193037974683544,0.2575516693163752,0.4435612082670906,0.9125596184419714,.189,.265,3.7,6.1,34.51327433628318,89.2,39.5,26.5,10.4,31.8,.215,.273,.306,.291,2.272727272727273,3,8,8,0,26,1,35,242,77,52.4945770065076,69.78723404255321,82.3170731707317,16.702819956616054
Cory Lewis,MIN,,25,365,292,1540,.332,.395,0.4848966613672496,0.3797386075110851,0.49205087440381556,0.16099683544303794,0.27344992050874406,0.5007949125596184,0.48330683624801274,0.6351351351351351,0.08108108108108109,0.2893481717011129,0.43084260731319557,0.4189189189189189,0.5691573926868044,0.178060413354531,0.5357710651828299,0.10917721518987343,0.8966613672496025,0.7313195548489666,0.2845786963434022,.226,.355,5.3,18.6,25.44052863436123,88.5,38.5,23.8,18,28.1,.284,.419,.486,.359,3.0136986301369864,11,68,14,3,83,13,87,615,173,39.935064935064936,60.75949367088608,78.90625,11.233766233766234
George Kirby,SEA,,28,45,43,160,.275,.427,0.48330683624801274,0.5428415839052009,0.10373608903020666,0.7939082278481012,0.7670906200317965,0.7130365659777425,0.22972972972972974,0.1383147853736089,0.9777424483306836,0.8076311605723371,0.02782193958664547,0.019077901430842606,0.7957074721780604,0.8394276629570747,0.404610492845787,0.981012658227848,0.07154213036565978,0.4944356120826709,0.8124006359300477,.205,.404,10,4.4,31.25,92.6,53.3,28.9,7.1,26.4,.349,.378,.628,.444,6.666666666666668,3,2,3,0,15,3,13,91,24,56.875,73.95833333333334,81.69014084507045,15
Cody Laweryson,MIN,,27,107,96,442,.258,.292,0.48171701112877585,0.6734798135812655,0.8064387917329094,0.6914556962025317,0.8791732909379968,0.7583465818759937,0.8163751987281399,0.7567567567567568,0.7082670906200318,0.4069952305246423,0.7241653418124007,0.9284578696343402,0.5349761526232114,0.3998410174880763,0.4769475357710652,0.6170886075949367,0.43879173290937995,0.9077901430842608,0.5580286168521462,.198,.285,4.2,9.3,26.90582959641256,87,26.8,23.4,14.7,27.4,.229,.308,.344,.290,2.803738317757009,3,10,5,0,22,2,25,208,57,47.058823529411754,67.57990867579909,74.32432432432431,12.895927601809955
Chase Lee,TOR,,27,135,123,547,.254,.316,0.48012718600953896,0.5862630011806296,0.5190779014308426,0.12895569620253164,0.8966613672496025,0.7519872813990461,0.7710651828298887,0.821939586645469,0.8600953895071543,0.3640699523052464,0.29093799682034976,0.19236883942766295,0.7575516693163752,0.527027027027027,0.6724960254372019,0.6099683544303798,0.6947535771065183,0.875993640699523,0.7074721780604134,.199,.299,3.7,7.4,26.29482071713147,89.2,42.7,28.1,12.9,29.6,.244,.304,.431,.317,2.2222222222222223,3,10,5,3,30,4,38,257,76,46.983546617915906,64.52702702702703,75.39267015706807,13.893967093235831
Omar Cruz,SDP,,27,376,313,1496,.298,.327,0.4785373608903021,0.5815445704453522,0.7774244833068362,0.3338607594936709,0.5747217806041336,0.71939586645469,0.7027027027027027,0.5834658187599364,0.24403815580286167,0.6057233704292527,0.8871224165341812,0.9364069952305246,0.5349761526232114,0.1836248012718601,0.6724960254372019,0.4873417721518987,0.4451510333863275,0.7647058823529411,0.6645468998410174,.204,.314,5.7,14.6,28.673835125448022,85.5,26.3,23.4,17.9,29.6,.240,.357,.371,.301,3.4574468085106385,13,55,10,2,75,9,88,685,203,45.788770053475936,67.52655538694992,78.42696629213485,13.569518716577539
Bailey Horn,DET,,28,180,158,737,.267,.317,0.4769475357710652,0.7001237439039935,0.8062400635930048,0.8219936708860759,0.834658187599364,0.809220985691574,0.7567567567567568,0.5699523052464229,0.5890302066772655,0.7233704292527822,0.9491255961844197,0.9491255961844197,0.7702702702702703,0.3998410174880763,0.22813990461049286,0.7610759493670886,0.6009538950715422,0.4626391096979332,0.3624801271860095,.192,.303,5.8,10.6,29.971181556195965,84.6,25,28.3,14.7,23.6,.253,.333,.386,.343,3.333333333333333,6,19,7,1,40,4,51,360,85,48.846675712347356,65.64102564102564,82.03125,11.533242876526456
Ryan Gusto,MIA,,27,25,22,106,.327,.438,0.4753577106518283,0.5220270123530083,0.6724960254372019,0.663370253164557,0.31001589825119236,0.025437201907790145,0.27503974562798095,0.9721780604133545,0.8139904610492846,0.9682034976152624,0.47774244833068363,0.9650238473767886,0.007154213036565978,0.6971383147853736,0.0890302066772655,0.9754746835443038,0.012718600953895072,0.014308426073131956,0.31319554848966613,.311,.397,0,8,36.36363636363637,88.3,23.8,8,10.2,20,.455,.480,.545,.476,0,0,2,2,0,10,0,2,60,12,56.60377358490565,78.43137254901961,92.5,11.320754716981131
Ross Carver,FA,,26,35,30,127,.472,.599,0.4737678855325914,0.24302444314195057,0.0019872813990461052,0.4671677215189873,0.006359300476947536,0.02782193958664547,0.003179650238473768,0.001589825119236884,0.5047694753577107,0.1685214626391097,0.001589825119236884,0.001589825119236884,0.7813990461049285,0.038950715421303655,0.9133545310015898,0.15110759493670886,0.9475357710651828,0.9435612082670907,0.809220985691574,.310,.732,26.3,11.4,23.4375,98.2,78.9,28.6,22.3,36.5,.400,.486,.000,.467,14.285714285714285,5,4,3,0,12,5,10,52,19,40.94488188976378,58.73015873015874,72.97297297297297,14.960629921259846
Trent Baker,MIN,,27,207,185,854,.302,.381,0.47217806041335453,0.43063203514385573,0.33028616852146264,0.8631329113924051,0.5453100158982512,0.4626391096979332,0.356120826709062,0.27106518282988873,0.6685214626391097,0.23211446740858505,0.43084260731319557,0.2631160572337043,0.5254372019077902,0.19395866454689983,0.35532591414944353,0.4295886075949367,0.4546899841017488,0.41017488076311603,0.37042925278219396,.229,.383,8,9.7,24.604966139954854,88.5,41.3,23.2,17.6,25.6,.292,.362,.530,.344,5.3140096618357475,11,20,14,0,54,10,48,386,99,45.19906323185012,67.39659367396594,82.67148014440433,11.592505854800935
Andry Lara,WSN,,23,181,155,717,.361,.376,0.47058823529411764,0.2624253302073481,0.16554054054054054,0.5712025316455697,0.10731319554848967,0.0834658187599364,0.09379968203497616,0.24721780604133545,0.41573926868044514,0.5119236883942766,0.22496025437201908,0.09618441971383147,0.07472178060413355,0.4793322734499205,0.24324324324324326,0.5957278481012658,0.1987281399046105,0.046104928457869634,0.2718600953895072,.276,.456,8.3,12.2,27.750000000000004,89.6,45.9,14.4,13.7,23.8,.323,.400,.465,.359,6.077348066298343,11,22,8,1,50,4,26,336,80,46.86192468619247,70.97791798107255,89.77777777777777,11.157601115760114
Austin Peterson,CLE,,26,385,347,1437,.323,.336,0.46899841017488075,0.41016995448538635,0.4125596184419714,0.34572784810126583,0.35532591414944353,0.17329093799682035,0.20190779014308427,0.19634340222575516,0.834658187599364,0.8394276629570747,0.6263910969793323,0.6255961844197139,0.3124006359300477,0.15023847376788554,0.26073131955484896,0.5625,0.629570747217806,0.21621621621621623,0.29093799682034976,.256,.413,8.9,7.8,31.795511221945137,87.6,35.2,20.3,18.4,24.2,.268,.332,.444,.317,6.233766233766234,24,30,29,1,93,10,78,669,162,46.5553235908142,65.19685039370079,85.26570048309179,11.273486430062633
Jake Eder,LAD,,27,304,278,1117,.292,.374,0.46740858505564387,0.5186992069321742,0.4548887122416534,0.6194620253164557,0.6279809220985691,0.5007949125596184,0.32591414944356123,0.21621621621621623,0.910174880763116,0.7456279809220986,0.4546899841017488,0.8227344992050875,0.3004769475357711,0.3139904610492846,0.3863275039745628,0.8718354430379747,0.10333863275039745,0.32273449920508746,0.6184419713831478,.226,.388,8.6,6.6,30.381944444444446,88.4,31.8,20.1,15.6,26,.299,.349,.532,.332,6.25,19,20,14,3,83,15,61,569,148,50.940017905102955,72.82809611829944,83.75634517766497,13.24977618621307
Josh Stephan,TEX,,24,35,30,141,.288,.346,0.465818759936407,0.5189373977011263,0.8277027027027027,0.2701740506329114,0.6701112877583466,0.5969793322734499,0.800476947535771,0.7567567567567568,0.7726550079491256,0.003179650238473768,0.8751987281399046,0.8783783783783784,0.143879173290938,0.4546899841017488,0.0047694753577106515,0.15625,0.5087440381558028,0.04769475357710652,0.0047694753577106515,.218,.290,4.2,8.6,14.492753623188404,85.6,29.2,17.1,14.1,12.1,.267,.371,.400,.304,2.8571428571428568,1,3,1,0,8,1,6,58,7,41.13475177304964,66.66666666666666,89.58333333333334,4.964539007092199
Carlos Tavera,BAL,,27,67,54,296,.233,.308,0.4642289348171701,0.624901946110295,0.9008346581875993,0.663370253164557,0.9578696343402225,0.9841017488076311,0.9888712241653418,0.6844197138314785,0.3251192368839428,0.14149443561208266,0.9554848966613673,0.9745627980922098,0.5739268680445151,0.006359300476947536,0.24324324324324326,0.24287974683544306,0.7790143084260731,0.3449920508744038,0.1685214626391097,.132,.179,4.9,13.4,23.02631578947368,84.3,22,23.9,26.8,23.8,.241,.343,.352,.300,2.985074626865672,2,9,1,1,13,1,16,126,30,42.56756756756757,63.194444444444436,83.51648351648352,10.135135135135137
Wilkel Hernandez,FA,,27,495,438,1908,.322,.335,0.4626391096979332,0.36332383085803593,0.20409379968203498,0.7939082278481012,0.3656597774244833,0.2480127186009539,0.1971383147853736,0.20031796502384738,0.7488076311605724,0.6772655007949125,0.1931637519872814,0.22575516693163752,0.2559618441971383,0.1359300476947536,0.3179650238473768,0.814873417721519,0.09697933227344992,0.38950715421303655,0.4785373608903021,.247,.414,8.8,8.9,29.5387634936212,89.8,42.1,19.4,18.6,25.1,.267,.337,.436,.307,6.0606060606060606,30,44,28,2,117,14,96,949,238,49.73794549266247,72.89088863892013,82.87037037037038,12.473794549266248
Mitch Spence,KCR,,27,138,124,510,.281,.374,0.4610492845786963,0.6609262429313155,0.7674880763116058,0.35957278481012656,0.7273449920508744,0.39825119236883944,0.6868044515103339,0.918918918918919,0.7639109697933227,0.8314785373608903,0.690779014308426,0.7734499205087441,0.4562798092209857,0.6693163751987281,0.6550079491255962,0.7424841772151899,0.3195548489666137,0.32432432432432434,0.7440381558028617,.234,.318,2.1,8.7,31.654676258992804,87.2,33,22.5,10.6,29.4,.331,.391,.468,.418,1.4492753623188406,2,12,8,0,41,3,31,248,73,48.62745098039216,68.96551724137932,83.75,14.313725490196074
Oddanier Mosqueda,PIT,,26,279,237,1061,.279,.312,0.4594594594594595,0.5868876951225239,0.7007154213036566,0.22389240506329114,0.746422893481717,0.8362480127186009,0.7090620031796503,0.40063593004769477,0.5707472178060413,0.24960254372019078,0.8871224165341812,0.8060413354531002,0.5937996820349761,0.4332273449920509,0.5858505564387917,0.3963607594936709,0.56120826709062,0.7829888712241654,0.5437201907790143,.188,.313,6.9,10.8,24.862888482632545,85.5,32.4,24.4,14.3,28.6,.215,.319,.388,.265,4.301075268817205,12,30,18,1,51,7,68,476,136,44.86333647502357,66.14785992217898,77.94117647058823,12.81809613572102
Dugan Darnell,DET,,28,212,192,846,.250,.288,0.4578696343402226,0.7870799876570539,0.7641096979332274,0.8734177215189873,0.9069952305246423,0.7742448330683624,0.7821939586645469,0.6351351351351351,0.8139904610492846,0.7647058823529411,0.753577106518283,0.8855325914149443,0.8195548489666137,0.6486486486486487,0.7869634340222575,0.7373417721518988,0.4562798092209857,0.753577106518283,0.8441971383147854,.196,.295,5.3,8,30.555555555555557,86.8,29,29.7,10.9,31.9,.219,.283,.380,.299,3.30188679245283,7,17,15,2,42,4,63,411,131,48.581560283687935,67.3913043478261,78.49462365591397,15.484633569739955
Mason Albright,COL,,23,402,360,1533,.325,.430,0.4562798092209857,0.3274077549254392,0.31995230524642293,0.2420886075949367,0.33068362480127184,0.20429252782193957,0.13990461049284578,0.20508744038155802,0.7639109697933227,0.6263910969793323,0.47774244833068363,0.45707472178060415,0.1136724960254372,0.2933227344992051,0.07472178060413355,0.7310126582278481,0.10969793322734499,0.09697933227344992,0.13036565977742448,.252,.433,8.7,8.7,28.875739644970412,88.3,38,16.2,15.9,19.5,.331,.388,.639,.335,6.467661691542287,26,35,21,3,119,28,65,744,145,48.53228962818004,72.67441860465115,87.8,9.458577951728637
Spencer Giesting,ARI,,24,370,312,1470,.332,.388,0.4546899841017488,0.40053158729280286,0.5729332273449921,0.17919303797468356,0.27344992050874406,0.22813990461049286,0.36486486486486486,0.5699523052464229,0.41573926868044514,0.3370429252782194,0.6605723370429253,0.6963434022257552,0.2599364069952305,0.4546899841017488,0.36645468998410174,0.3306962025316456,0.6581875993640699,0.2893481717011129,0.2988871224165342,.249,.381,5.8,12.2,25.97730138713745,87.4,34.2,19.5,14.1,25.7,.282,.386,.519,.329,3.7837837837837838,14,45,18,10,88,12,72,646,166,43.94557823129252,64.99261447562779,84.0909090909091,11.292517006802724
Tyler Schweitzer,CHW,,25,231,203,893,.339,.391,0.45310015898251194,0.40881957790813894,0.44813195548489665,0.4932753164556962,0.20429252782193957,0.18124006359300476,0.1192368839427663,0.18600953895071543,0.5174880763116058,0.48330683624801274,0.6605723370429253,0.8267090620031796,0.1359300476947536,0.7233704292527822,0.3744038155802862,0.557753164556962,0.35135135135135137,0.5691573926868044,0.42130365659777425,.255,.442,9.1,11.3,27.500000000000004,87.4,31.7,16.9,9.7,25.8,.296,.372,.547,.307,6.493506493506493,15,26,8,2,60,13,39,415,107,46.472564389697645,68.52300242130751,80.91872791519434,11.98208286674132
Ricky Vanasco,DET,,27,104,86,430,.279,.315,0.45151033386327505,0.45928641085240113,0.3356518282988871,0.6020569620253164,0.746422893481717,0.9220985691573926,0.7496025437201908,0.3314785373608903,0.15580286168521462,0.18441971383147854,0.1478537360890302,0.1136724960254372,0.8537360890302067,0.2273449920508744,0.4769475357710652,0.14082278481012658,0.9618441971383148,0.5914149443561209,0.27344992050874406,.169,.304,7.5,16.3,23.72093023255814,90.1,45.3,30.8,17,27.4,.198,.327,.384,.269,3.8461538461538463,4,17,7,0,17,3,32,175,48,40.69767441860465,57.67441860465117,80.64516129032258,11.16279069767442
Doug Nikhazy,CHW,,26,385,340,1516,.335,.356,0.44992050874403816,0.3596823158787976,0.22833863275039745,0.37262658227848106,0.24960254372019078,0.31558028616852146,0.11605723370429252,0.09618441971383147,0.5278219395866455,0.6025437201907791,0.27106518282988873,0.4300476947535771,0.46740858505564387,0.20031796502384738,0.6669316375198728,0.6012658227848101,0.3386327503974563,0.6311605723370429,0.7027027027027027,.241,.443,11.1,11.2,28.640776699029125,89.3,38.3,22.6,17.5,29.5,.262,.346,.476,.311,7.2727272727272725,28,43,24,2,89,15,87,711,210,46.89973614775725,68.64161849710982,80.21052631578948,13.852242744063325
Dane Acker,TEX,,27,226,198,925,.317,.360,0.4483306836248013,0.41855940545907044,0.35850556438791736,0.5712025316455697,0.4165341812400636,0.31558028616852146,0.390302066772655,0.541335453100159,0.49523052464228934,0.5707472178060413,0.31001589825119236,0.19236883942766295,0.397456279809221,0.3998410174880763,0.4220985691573927,0.27531645569620256,0.8473767885532592,0.2702702702702703,0.34181240063593005,.241,.376,6,11.5,28.40690978886756,89.1,42.7,21.7,14.7,26.6,.298,.381,.439,.372,3.9823008849557517,9,26,9,2,59,5,49,398,106,43.02702702702703,61.881188118811885,84.39999999999998,11.45945945945946
Alek Jacob,SDP,,27,120,101,501,.274,.324,0.4467408585055644,0.6303471076251232,0.7907392686804452,0.04667721518987342,0.7766295707472178,0.8966613672496025,0.7352941176470589,0.5079491255961844,0.3783783783783784,0.7583465818759937,0.9864864864864865,0.9332273449920508,0.9014308426073132,0.04133545310015898,0.6017488076311606,0.4778481012658228,0.794912559618442,0.670906200317965,0.6057233704292527,.176,.307,6.2,12.5,30.451127819548873,83,26.6,32.5,22.2,28.8,.228,.336,.396,.322,3.333333333333333,4,15,5,0,23,4,39,229,66,45.70858283433134,62.97872340425533,79.72972972972974,13.17365269461078
Yu-Min Lin,ARI,,22,476,404,1846,.348,.389,0.4451510333863275,0.36011808182903676,0.477543720190779,0.35957278481012656,0.16454689984101747,0.12082670906200318,0.1971383147853736,0.5079491255961844,0.3712241653418124,0.18282988871224165,0.5635930047694754,0.6414944356120826,0.17965023847376788,0.8044515103338633,0.22813990461049286,0.24762658227848103,0.6883942766295708,0.14308426073131955,0.16534181240063592,.266,.414,6.2,12.6,23.71342078708375,87.9,35,17.9,8,23.6,.300,.395,.507,.337,4.201680672268908,20,60,24,3,121,18,85,787,186,42.632719393282784,64.56140350877193,86.59420289855072,10.075839653304444
Carlos Guzman,NYM,,27,30,26,127,.311,.337,0.4435612082670906,0.6204429310639754,0.7829888712241653,0.7155854430379747,0.46740858505564387,0.2726550079491256,0.5572337042925278,0.6351351351351351,0.33068362480127184,0.5174880763116058,0.9610492845786963,0.9785373608903021,0.5278219395866455,0.7519872813990461,0.7297297297297297,0.4738924050632912,0.30842607313195547,0.5071542130365659,0.7313195548489666,.245,.341,5.3,13.3,27.777777777777782,84.2,21.1,23.3,9.1,31,.269,.367,.385,.333,3.333333333333333,1,4,0,0,7,1,7,58,18,45.66929133858268,69.0909090909091,81.57894736842105,14.173228346456693
Tobias Myers,NYM,,27,248,229,939,.295,.313,0.4419713831478537,0.44235138782676947,0.2857710651828299,0.7939082278481012,0.6089030206677265,0.4626391096979332,0.32591414944356123,0.27106518282988873,0.8934817170111288,0.7186009538950715,0.2543720190779014,0.2917329093799682,0.42686804451510335,0.07869634340222575,0.1820349761526232,0.8647151898734177,0.10651828298887123,0.3990461049284579,0.3505564387917329,.229,.388,8,6.9,29.95867768595041,89.4,40.8,22.2,20.3,22.7,.266,.323,.389,.331,5.64516129032258,14,17,11,1,61,5,55,476,108,50.69222577209798,72.74725274725273,82.77945619335347,11.501597444089455
Anderson Pilar,ATL,,28,253,227,1014,.283,.270,0.44038155802861684,0.6493977573068228,0.799483306836248,0.4485759493670886,0.7106518282988871,0.4149443561208267,0.7027027027027027,0.9395866454689984,0.8815580286168522,0.6391096979332274,0.8267090620031796,0.7289348171701113,0.6136724960254372,0.4332273449920509,0.45310015898251194,0.7563291139240507,0.26391096979332274,0.724960254372019,0.6136724960254372,.233,.314,1.2,7.1,29.118773946360154,86.3,33.7,24.9,14.3,27.1,.220,.292,.308,.293,0.7905138339920948,2,18,10,2,50,2,63,495,134,48.816568047337284,69.71544715447155,79.00874635568513,13.214990138067062
Robby Ahlstrom,TEX,,26,226,187,996,.336,.321,0.43879173290937995,0.37624404234837966,0.27325119236883944,0.7033227848101266,0.2424483306836248,0.2726550079491256,0.27503974562798095,0.2821939586645469,0.24403815580286167,0.37201907790143085,0.31001589825119236,0.22575516693163752,0.46740858505564387,0.6168521462639109,0.5031796502384738,0.5150316455696202,0.2519872813990461,0.4753577106518283,0.5310015898251192,.245,.397,7.9,14.6,26.373626373626376,89.1,42.1,22.6,11.5,27.7,.235,.345,.380,.292,4.867256637168142,11,33,11,2,44,4,51,459,127,46.08433734939759,70,81.90476190476191,12.751004016064256
Ryan Watson,BOS,,28,223,207,876,.296,.333,0.43720190779014306,0.5933314760218148,0.47655007949125594,0.6780063291139239,0.6001589825119237,0.31558028616852146,0.3767885532591415,0.5079491255961844,0.9157392686804452,0.8267090620031796,0.6263910969793323,0.39507154213036566,0.7702702702702703,0.5317965023847376,0.575516693163752,0.7634493670886076,0.4578696343402226,0.3465818759936407,0.7090620031796503,.241,.379,6.2,6.3,31.567328918322296,87.6,38.9,28.3,12.8,28.5,.280,.327,.444,.379,4.0358744394618835,9,14,17,1,58,5,63,428,122,48.85844748858448,67.37588652482269,83.50877192982456,13.926940639269404
Connor Van Scoyoc,WSN,,26,367,333,1275,.309,.304,0.4356120826709062,0.47281003895742346,0.5158982511923689,0.4932753164556962,0.4904610492845787,0.13751987281399047,0.41812400635930047,0.8616852146263911,0.8227344992050875,0.6176470588235294,0.47774244833068363,0.30604133545310014,0.038950715421303655,0.9618441971383148,0.04769475357710652,0.7246835443037974,0.28298887122416533,0.10174880763116058,0.07631160572337042,.262,.369,3.2,7.9,28.767123287671232,88.3,40.5,12.5,1.9,18.1,.255,.319,.369,.279,2.452316076294278,9,29,16,2,85,6,46,618,112,48.470588235294116,69.41747572815535,87.64568764568764,8.784313725490197
Misael Tamarez,SDP,,26,272,228,1012,.349,.402,0.43402225755166934,0.32892022700287776,0.299483306836248,0.9367088607594936,0.15818759936406995,0.22257551669316375,0.1494435612082671,0.12957074721780604,0.43243243243243246,0.44038155802861684,0.4133545310015898,0.505564387917329,0.1136724960254372,0.24006359300476948,0.20508744038155802,0.7792721518987342,0.11287758346581876,0.651033386327504,0.321939586645469,.250,.429,10.1,12.1,27.151051625239006,88.6,36.9,16.2,16.8,23.1,.311,.412,.522,.345,6.617647058823531,18,33,10,4,71,10,44,497,115,49.11067193675889,72.59713701431492,80,11.363636363636365
Daison Acosta,SDP,,27,99,80,389,.286,.329,0.43243243243243246,0.5407454003240023,0.4843004769475358,0.7345727848101266,0.6883942766295708,0.8839427662957074,0.7774244833068362,0.21621621621621623,0.34340222575516693,0.2670906200317965,0.5882352941176471,0.35532591414944353,0.5834658187599364,0.3656597774244833,0.685214626391097,0.4588607594936709,0.2686804451510334,0.6637519872813991,0.6740858505564388,.178,.297,8.6,13.1,25.118483412322274,87.8,39.7,24.2,15.1,29.9,.250,.364,.375,.316,5.05050505050505,5,13,4,0,20,2,24,177,53,45.501285347043705,69.66292134831461,79.83870967741935,13.624678663239074
Colin Selby,BAL,,28,109,95,442,.272,.287,0.43084260731319557,0.6863638116895748,0.6726947535771064,0.7753164556962026,0.7957074721780604,0.6542130365659777,0.7972972972972973,0.6844197138314785,0.46502384737678853,0.5596184419713831,0.7368839427662957,0.47217806041335453,0.8934817170111288,0.7869634340222575,0.615262321144674,0.2056962025316456,0.9205087440381559,0.2670906200317965,0.44753577106518283,.211,.291,4.9,11.9,28.22580645161291,86.9,37.7,32.1,8.4,29,.221,.312,.326,.322,2.752293577981652,3,13,4,0,21,2,35,186,54,42.081447963800905,59.793814432989684,84.48275862068967,12.217194570135744
Chad Patrick,MIL,,27,180,159,709,.323,.322,0.4292527821939587,0.44146717338149766,0.3366454689984102,0.5185917721518988,0.35532591414944353,0.39825119236883944,0.14546899841017488,0.08823529411764706,0.6971383147853736,0.6534181240063593,0.3767885532591415,0.7360890302066773,0.6200317965023847,0.05325914149443561,0.6550079491255962,0.7943037974683544,0.2519872813990461,0.9093799682034976,0.7631160572337043,.234,.430,11.2,9.4,29.247910863509752,88.8,33.6,25,21.5,29.4,.233,.311,.434,.269,7.222222222222222,13,17,4,2,37,8,45,350,103,49.36530324400565,70,74.28571428571429,14.527503526093087
Nick Robertson,LAD,,27,220,189,912,.301,.294,0.4276629570747218,0.5980648952191208,0.6722972972972973,0.6020569620253164,0.5532591414944356,0.6605723370429253,0.5508744038155803,0.6597774244833068,0.30604133545310014,0.56120826709062,0.8171701112877583,0.6613672496025437,0.5564387917329093,0.6836248012718601,0.5643879173290938,0.38568037974683533,0.32114467408585057,0.22098569157392686,0.5190779014308426,.210,.343,5.1,13.6,28.22878228782288,86.4,34.6,23.6,10.4,28.4,.196,.309,.344,.237,3.1818181818181817,7,30,6,2,37,6,52,408,116,44.73684210526316,68.91891891891892,85.09803921568627,12.719298245614036
Jackson Wolf,SDP,,27,471,413,1785,.297,.354,0.4260731319554849,0.531019355869272,0.6514308426073132,0.2053006329113924,0.5866454689984102,0.5317965023847376,0.4785373608903021,0.4848966613672496,0.7082670906200318,0.7440381558028617,0.8267090620031796,0.8155802861685215,0.4093799682034976,0.3139904610492846,0.2670906200317965,0.6732594936708861,0.4737678855325914,0.19793322734499205,0.37201907790143085,.224,.356,6.3,9.3,30.37037037037037,86.3,32.1,21.9,15.6,24.3,.283,.357,.462,.345,4.246284501061571,20,44,32,3,117,12,103,851,207,47.675070028011206,67.14285714285714,85.63829787234044,11.596638655462186
Ryan Sublette,LAD,,27,257,211,1010,.330,.367,0.424483306836248,0.5394607947951675,0.7066772655007949,0.6333069620253164,0.28855325914149443,0.3449920508744038,0.5453100158982512,0.7957074721780604,0.19952305246422894,0.5135135135135135,0.7734499205087441,0.712241653418124,0.404610492845787,0.5858505564387917,0.6764705882352942,0.571993670886076,0.20031796502384738,0.8124006359300477,0.7042925278219396,.238,.344,3.9,15.2,27.76801405975395,86.7,34,21.8,12,29.7,.280,.405,.417,.358,2.3346303501945527,6,39,12,1,59,5,56,471,140,46.63366336633664,70.97505668934241,77.31629392971246,13.861386138613865
Blake Beers,ATH,,27,136,124,538,.345,.400,0.42289348171701113,0.43670639762062885,0.40103338632750396,0.663370253164557,0.1740858505564388,0.058823529411764705,0.1192368839427663,0.4642289348171701,0.8600953895071543,0.5532591414944356,0.5635930047694754,0.45707472178060415,0.5468998410174881,0.19395866454689983,0.5858505564387917,0.5933544303797469,0.21621621621621623,0.13354531001589826,0.6343402225755167,.283,.442,6.5,7.4,28.14569536423841,87.9,38,23.5,17.6,28.6,.331,.390,.540,.407,4.411764705882354,6,10,4,2,41,6,32,252,72,46.840148698884754,70.76271186440678,86.82634730538922,13.382899628252787
Deivi García,FA,,26,153,133,606,.337,.350,0.42130365659777425,0.447866303337962,0.5616057233704292,0.5850474683544303,0.22813990461049286,0.11526232114467408,0.30127186009538953,0.7106518282988871,0.5429252782193958,0.6915739268680445,0.7241653418124007,0.5103338632750397,0.16534181240063592,0.44435612082670906,0.35532591414944353,0.9082278481012658,0.033386327503974564,0.3497615262321145,0.629570747217806,.267,.391,4.7,11.1,29.712460063897762,87,36.8,17.6,14.2,25.6,.293,.386,.398,.356,3.2679738562091507,5,17,2,3,39,2,27,316,81,52.145214521452154,76.10921501706484,83.40807174887892,13.366336633663368
Tommy Mace,CLE,,27,57,48,204,.291,.327,0.41971383147853736,0.4894473366236676,0.3257154213036566,0.4671677215189873,0.6383147853736089,0.7257551669316376,0.6430842607313195,0.5985691573926868,0.27980922098569155,0.2480127186009539,0.038950715421303655,0.022257551669316374,0.4872813990461049,0.8155802861685215,0.9085850556438791,0.28125,0.41573926868044514,0.6772655007949125,0.8640699523052464,.203,.326,5.6,14,24.786324786324787,91.8,52.8,22.8,7.7,36.4,.229,.333,.417,.265,3.5087719298245608,2,8,3,0,11,2,13,88,32,43.137254901960794,67.81609195402298,79.66101694915254,15.68627450980392
Bradley Hanner,NYY,,27,214,181,897,.329,.370,0.41812400635930047,0.3735932856721203,0.12738473767885533,0.37262658227848106,0.29809220985691576,0.5604133545310016,0.21621621621621623,0.07154213036565978,0.4841017488076312,0.3688394276629571,0.12241653418124006,0.09936406995230525,0.8012718600953895,0.37201907790143085,0.7162162162162162,0.19462025316455694,0.8775834658187599,0.712241653418124,0.5453100158982512,.221,.409,11.7,11.7,26.358148893360163,90.3,45.8,29,15,30.6,.249,.360,.497,.299,6.5420560747663545,14,25,6,0,45,13,62,376,115,41.917502787068,61.25000000000001,79.18367346938777,12.82051282051282
Easton McGee,MIL,,28,201,179,765,.257,.257,0.4165341812400636,0.7284253142755562,0.7935214626391097,0.4485759493670886,0.8839427662957074,0.7837837837837838,0.8298887122416534,0.7957074721780604,0.6883942766295708,0.6788553259141494,0.8871224165341812,0.6613672496025437,0.6891891891891891,0.7790143084260731,0.615262321144674,0.5514240506329114,0.8251192368839427,0.5357710651828299,0.6502384737678856,.195,.283,3.9,9.5,29.56989247311828,85.5,34.6,26.4,8.6,29,.190,.274,.296,.250,2.4875621890547266,5,19,4,3,34,3,53,355,103,46.405228758169926,62.340966921119595,81.22448979591836,13.4640522875817
Cody Bolton,HOU,,27,92,78,368,.267,.293,0.4149443561208267,0.6468958895138623,0.8459856915739269,0.4932753164556962,0.834658187599364,0.829093799682035,0.951510333863275,0.9260731319554849,0.4507154213036566,0.548489666136725,0.690779014308426,0.8155802861685215,0.4872813990461049,0.417329093799682,0.3179650238473768,0.4462025316455696,0.5087440381558028,0.26391096979332274,0.33068362480127184,.189,.236,1.9,12,28.078817733990146,87.2,32.1,22.8,14.5,25.1,.244,.348,.282,.328,1.0869565217391304,1,11,3,0,19,0,21,167,42,45.3804347826087,66.66666666666666,84.54545454545455,11.41304347826087
Gabriel Hughes,COL,,24,272,241,1076,.311,.363,0.4133545310015898,0.3878972571324117,0.4652225755166931,0.4671677215189873,0.46740858505564387,0.4300476947535771,0.36486486486486486,0.27106518282988873,0.5802861685214626,0.02066772655007949,0.5635930047694754,0.6613672496025437,0.16534181240063592,0.519872813990461,0.14308426073131955,0.2420886075949367,0.5914149443561209,0.22416534181240064,0.12241653418124006,.232,.381,8,10.7,18.2509505703422,87.9,34.6,17.6,13,22.1,.278,.360,.477,.315,5.514705882352941,15,29,17,2,67,9,48,458,101,42.56505576208178,65.81818181818181,85.0828729281768,9.386617100371748
Holden Powell,WSN,,26,171,130,690,.324,.365,0.4117647058823529,0.5445768390318836,0.9093799682034975,0.6780063291139239,0.34340222575516693,0.6160572337042926,0.8553259141494436,0.9411764705882353,0.05643879173290938,0.08505564387917329,0.9777424483306836,0.863275039745628,0.22416534181240064,0.519872813990461,0.3744038155802862,0.1060126582278481,0.5643879173290938,0.7488076311605724,0.18282988871224165,.216,.275,1,19.9,21.621621621621625,83.5,30,18.7,13,25.8,.269,.433,.362,.343,0.5847953216374269,1,34,7,1,35,1,32,275,71,39.85507246376812,66.07773851590106,78.6096256684492,10.289855072463768
William Fleming,MIN,,27,192,176,690,.312,.373,0.41017488076311603,0.41880687230417313,0.3310810810810811,0.4485759493670886,0.4562798092209857,0.17329093799682035,0.20588235294117646,0.23052464228934816,0.9554848966613673,0.8942766295707473,0.43084260731319557,0.45707472178060415,0.25119236883942764,0.356120826709062,0.16613672496025436,0.8560126582278481,0.18441971383147854,0.151033386327504,0.3052464228934817,.256,.412,8.5,5.2,33.33333333333333,88.5,38,19.3,15.2,22.4,.324,.365,.511,.380,6.25,12,10,12,3,57,5,37,348,78,50.43478260869565,71.15384615384616,86.4864864864865,11.304347826086955
Drew Rom,MIL,,26,59,50,241,.296,.311,0.40858505564387915,0.48745015026195215,0.5397456279809221,0.2420886075949367,0.6001589825119237,0.800476947535771,0.5961844197138315,0.6597774244833068,0.6263910969793323,0.7710651828298887,0.6263910969793323,0.2766295707472178,0.2138314785373609,0.4109697933227345,0.025437201907790145,0.5585443037974683,0.7726550079491256,0.06200317965023847,0.030206677265500796,.193,.335,5.1,10.2,30.64516129032258,87.6,41,18.6,14.6,16.1,.180,.305,.400,.189,3.3898305084745757,2,6,3,1,9,2,11,112,18,46.47302904564315,63.24786324786324,89.18918918918921,7.4688796680497935
Brendan Beck,NYY,,27,309,282,1216,.298,.318,0.4069952305246423,0.4504323699630382,0.2551669316375199,0.29549050632911394,0.5747217806041336,0.5007949125596184,0.33465818759936405,0.16136724960254373,0.834658187599364,0.7678855325914149,0.178060413354531,0.3465818759936407,0.5103338632750397,0.356120826709062,0.5445151033386327,0.4814082278481013,0.7456279809220986,0.3783783783783784,0.5627980922098569,.226,.387,9.5,7.8,30.606060606060602,89.9,39.8,23,15.2,28.2,.227,.291,.450,.260,6.472491909385113,20,24,21,3,64,12,71,556,157,45.72368421052632,63.669064748201436,83.0508474576271,12.911184210526313
Bryce Elder,ATL,,26,59,52,252,.364,.393,0.40540540540540543,0.314804973905402,0.04312400635930047,0.28401898734177217,0.10015898251192369,0.16295707472178061,0.05405405405405406,0.011128775834658187,0.6263910969793323,0.8616852146263911,0.03577106518282989,0.07154213036565978,0.7138314785373608,0.5119236883942766,0.3441971383147854,0.30854430379746833,0.904610492845787,0.13036565977742448,0.2670906200317965,.258,.501,16.7,10.2,32.450331125827816,92,47.2,27.1,13.1,25.5,.308,.390,.519,.394,10.16949152542373,6,6,2,0,16,3,16,110,28,43.650793650793645,60.396039603960396,86.88524590163935,11.111111111111109
Kyle Backhus,PHI,,28,113,101,461,.281,.329,0.40381558028616854,0.581327971446875,0.5003974562798092,0.29549050632911394,0.7273449920508744,0.6160572337042926,0.6796502384737679,0.7106518282988871,0.8815580286168522,0.44753577106518283,0.3942766295707472,0.21701112877583467,0.910174880763116,0.5317965023847376,0.5643879173290938,0.4857594936708861,0.7265500794912559,0.863275039745628,0.5834658187599364,.216,.319,4.7,7.1,27.192982456140356,88.7,42.2,32.7,12.8,28.4,.277,.354,.386,.429,2.6548672566371683,3,8,4,2,28,1,37,211,60,45.770065075921906,63.94849785407725,75.83892617449666,13.015184381778743
Woo-Suk Go,DET,,27,115,102,470,.330,.317,0.40222575516693165,0.48664465144593594,0.4795310015898251,0.6020569620253164,0.28855325914149443,0.13751987281399047,0.21939586645468998,0.6192368839427663,0.678060413354531,0.2655007949125596,0.356120826709062,0.7233704292527822,0.5468998410174881,0.7647058823529411,0.6383147853736089,0.5015822784810127,0.22098569157392686,0.6271860095389508,0.6406995230524642,.262,.408,5.4,9.6,25.098039215686274,88.9,33.8,23.5,8.8,29.2,.245,.322,.402,.292,3.4782608695652173,4,11,4,0,25,4,27,216,63,45.95744680851064,70.69767441860466,80.26315789473685,13.404255319148936
Keaton Winn,SFG,,28,111,100,427,.325,.390,0.40063593004769477,0.5838291579461069,0.5936009538950715,0.8358386075949367,0.33068362480127184,0.10333863275039745,0.24483306836248012,0.6597774244833068,0.8736089030206677,0.9300476947535771,0.7734499205087441,0.6963434022257552,0.28537360890302066,0.8791732909379968,0.3934817170111288,0.9414556962025316,0.075516693163752,0.5914149443561209,0.7170111287758346,.270,.401,5.1,7.2,34.56221198156682,86.7,34.2,19.8,6,26.1,.330,.387,.520,.387,3.603603603603603,4,8,5,1,33,4,22,230,60,53.86416861826697,73.80952380952381,80.64516129032258,14.051522248243561
Jarret Whorff,MIN,,27,213,186,813,.335,.364,0.3990461049284579,0.41903395274462846,0.2555643879173291,0.7939082278481012,0.24960254372019078,0.23370429252782193,0.14546899841017488,0.21621621621621623,0.615262321144674,0.3497615262321145,0.4546899841017488,0.20588235294117646,0.5103338632750397,0.7003179650238474,0.5532591414944356,0.5063291139240507,0.4610492845786963,0.5262321144674086,0.5914149443561209,.248,.430,8.6,10.3,26.12826603325416,88.4,42.4,23,10.1,28.3,.290,.371,.468,.356,5.63380281690141,12,22,10,1,54,7,49,374,106,46.002460024600246,67.34693877551021,81.43939393939394,13.038130381303814
Kyle Luckham,WSN,,26,138,126,537,.314,.351,0.397456279809221,0.40435228252265665,0.3865262321144674,0.2329905063291139,0.43720190779014306,0.1271860095389507,0.2933227344992051,0.699523052464229,0.9379968203497615,0.5548489666136724,0.31001589825119236,0.24324324324324326,0.12798092209856915,0.5699523052464229,0.3179650238473768,0.7713607594936709,0.24960254372019078,0.3481717011128776,0.4578696343402226,.265,.393,4.8,5.8,28.14814814814815,89.1,41.9,16.7,12.2,25.1,.310,.355,.460,.365,3.6231884057971016,5,8,14,1,39,1,23,263,66,48.97579143389199,70.0374531835206,83.42245989304813,12.290502793296087
Chayce McDermott,LAD,,27,263,214,1104,.346,.362,0.3958664546899841,0.4457975287275362,0.5488871224165341,0.8734177215189873,0.17170111287758347,0.19475357710651828,0.390302066772655,0.4642289348171701,0.16375198728139906,0.2559618441971383,0.6446740858505564,0.6963434022257552,0.4872813990461049,0.2599364069952305,0.7472178060413355,0.22705696202531644,0.6343402225755167,0.6375198728139905,0.615262321144674,.253,.376,6.5,16,24.96,87.5,34.2,22.8,16.6,31.2,.276,.403,.407,.358,3.8022813688212933,10,42,11,1,59,5,60,468,146,42.39130434782609,65.1356993736952,80.12820512820514,13.22463768115942
Trenton Wallace,TOR,,27,230,189,965,.291,.329,0.3942766295707472,0.5034489708901008,0.693362480127186,0.07238924050632911,0.6383147853736089,0.8235294117647058,0.7496025437201908,0.699523052464229,0.17567567567567569,0.19236883942766295,0.7925278219395866,0.5317965023847376,0.7702702702702703,0.05087440381558029,0.5445151033386327,0.12697784810126586,0.9507154213036566,0.6804451510333863,0.32909379968203495,.190,.304,4.8,15.7,23.809523809523807,86.6,36.5,28.3,21.6,28.2,.233,.357,.381,.314,2.608695652173913,6,36,8,1,44,6,65,390,110,40.41450777202073,58.56832971800434,79.62962962962962,11.398963730569946
Alex Carrillo,NYM,,28,95,76,391,.280,.301,0.39268680445151033,0.7124874956397201,0.7225755166931638,0.9647943037974684,0.7368839427662957,0.9618441971383148,0.9157392686804452,0.699523052464229,0.06995230524642289,0.5174880763116058,0.519872813990461,0.7551669316375199,0.9491255961844197,0.492845786963434,0.9666136724960255,0.23022151898734175,0.8998410174880763,0.9507154213036566,0.9332273449920508,.157,.254,4.8,18.9,27.777777777777782,88.1,33.3,35.8,13.4,40.4,.184,.347,.289,.300,2.1052631578947367,2,18,2,0,14,2,34,166,67,42.455242966751925,60.57142857142858,72.64150943396227,17.135549872122766
Will Childers,MIL,,25,113,92,439,.336,.319,0.39109697933227344,0.3813506008801057,0.3978537360890302,0.8552215189873418,0.2424483306836248,0.4769475357710652,0.25119236883942764,0.4220985691573927,0.16931637519872814,0.06677265500794913,0.6446740858505564,0.27344992050874406,0.2138314785373609,0.9332273449920508,0.02702702702702703,0.14556962025316456,0.7424483306836248,0.058823529411764705,0.019077901430842606,.228,.400,6.8,15.9,20.851063829787236,87.5,41.1,18.6,3.9,16.2,.207,.336,.380,.217,4.424778761061948,5,18,4,0,19,4,21,179,29,40.774487471526186,63.725490196078425,89.23076923076924,6.605922551252848
Luis Frías,FA,,27,158,136,645,.303,.337,0.38950715421303655,0.590170011085173,0.6428855325914149,0.7155854430379747,0.5405405405405406,0.519872813990461,0.5906200317965024,0.40063593004769477,0.4507154213036566,0.6645468998410174,0.753577106518283,0.8267090620031796,0.42686804451510335,0.705087440381558,0.4872813990461049,0.3694620253164557,0.6788553259141494,0.40858505564387915,0.4546899841017488,.225,.336,6.9,12,29.347826086956523,86.8,31.7,22.2,10,27.5,.272,.373,.375,.360,4.4303797468354436,7,19,11,0,37,1,35,287,79,44.496124031007746,64.62093862815884,82.68156424581005,12.248062015503875
Bailey Dees,NYY,,27,75,58,327,.286,.316,0.38791732909379967,0.5808373351478806,0.9463434022257552,0.1965981012658228,0.6883942766295708,0.9276629570747218,0.9618441971383148,0.890302066772655,0.05087440381558029,0.09379968203497616,0.9459459459459459,0.9872813990461049,0.6311605723370429,0.02066772655007949,0.575516693163752,0.1004746835443038,0.8410174880763116,0.45310015898251194,0.31001589825119236,.167,.227,2.5,20,21.978021978021975,84.7,20,25.3,24.8,28.5,.224,.387,.276,.325,1.3333333333333337,1,15,3,0,13,0,19,130,37,39.75535168195719,62.06896551724138,82.2222222222222,11.314984709480123
Dylan Phillips,LAA,,26,47,46,187,.332,.390,0.3863275039745628,0.27159281861906587,0.04372019077901431,0.17246835443037975,0.27344992050874406,0.13036565977742448,0.05246422893481717,0.02066772655007949,1,0.5866454689984102,0.05087440381558029,0.05087440381558029,0.7368839427662957,0.06597774244833068,0.11844197138314785,0.9177215189873418,0.05325914149443561,0.5969793322734499,0.28298887122416533,.264,.506,15.2,2.1,28.57142857142857,91.3,48.5,27.7,21,21.4,.304,.319,.609,.367,10.638297872340424,5,1,3,1,14,3,13,98,21,52.40641711229946,75,80.55555555555556,11.229946524064172
Mason Black,KCR,,26,526,455,2045,.326,.346,0.3847376788553259,0.32334037895863105,0.18481717011128776,0.5589398734177216,0.3195548489666137,0.356120826709062,0.23767885532591415,0.11128775834658187,0.4904610492845787,0.2702702702702703,0.22496025437201908,0.16534181240063592,0.397456279809221,0.44435612082670906,0.3036565977742448,0.4454113924050633,0.575516693163752,0.7106518282988871,0.3004769475357711,.237,.402,10.6,11.6,25.121241513094088,89.6,43.4,21.7,14.2,24.9,.251,.346,.448,.297,6.844106463878328,36,61,33,3,114,17,114,928,231,45.37897310513447,65.97633136094674,79.22272047832584,11.295843520782395
Gavin Hollowell,CHC,,28,154,130,641,.318,.387,0.383147853736089,0.5416727983102237,0.345389507154213,0.7345727848101266,0.40540540540540543,0.670906200317965,0.3767885532591415,0.10572337042925278,0.4841017488076312,0.8298887122416534,0.2543720190779014,0.6446740858505564,0.8465818759936407,0.3871224165341812,0.7599364069952306,0.634493670886076,0.5866454689984102,0.8855325914149443,0.7933227344992051,.209,.379,10.8,11.7,31.60919540229885,89.4,34.9,30.5,14.8,31.4,.285,.390,.508,.397,5.844155844155844,9,18,9,1,37,6,47,303,95,47.26989079563182,65.8703071672355,75.12953367875646,14.82059282371295
Zach Brzykcy,MIA,,26,118,97,523,.365,.431,0.3815580286168522,0.3134583182400569,0.3122019077901431,0.5055379746835443,0.09618441971383147,0.1573926868044515,0.1383147853736089,0.23052464228934816,0.10810810810810811,0.5977742448330684,0.2543720190779014,0.6255961844197139,0.41255961844197137,0.09936406995230525,0.5357710651828299,0.7689873417721519,0.06518282988871224,0.7472178060413355,0.6931637519872814,.259,.434,8.5,17.8,28.620689655172416,89.4,35.2,22,19.5,28.1,.340,.458,.536,.433,5.084745762711865,6,21,7,0,33,4,26,256,72,48.948374760994255,74.24892703862659,78.61271676300578,13.766730401529633
Michael Soroka,ARI,,28,30,27,132,.290,.293,0.3799682034976153,0.538174564642826,0.09797297297297297,0.6194620253164557,0.6502384737678856,0.8362480127186009,0.2599364069952305,0.017488076311605722,0.6422893481717011,0.8648648648648649,0.0246422893481717,0.08982511923688394,0.9968203497615262,0.492845786963434,0.9634340222575517,0.3291139240506329,0.9157392686804452,0.7384737678855325,0.9411764705882353,.188,.399,15.4,10,32.467532467532465,92.9,46.2,46.7,13.4,39.7,.185,.267,.407,.273,6.666666666666668,2,3,0,0,5,2,14,58,23,43.93939393939394,60,78.78787878787878,17.424242424242426
Brendan Cellucci,TOR,,27,137,110,502,.344,.394,0.3783783783783784,0.44801823183943434,0.25695548489666137,0.6194620253164557,0.17965023847376788,0.4149443561208267,0.390302066772655,0.4642289348171701,0.1327503974562798,0.7631160572337043,0.1478537360890302,0.025437201907790145,0.5786963434022258,0.8640699523052464,0.7957074721780604,0.3765822784810127,0.7837837837837838,0.2972972972972973,0.7456279809220986,.233,.376,6.5,16.8,30.52631578947368,90.1,51.9,24.1,6.3,32.1,.300,.431,.464,.400,3.6496350364963503,5,23,9,0,33,3,33,224,72,44.621513944223096,63.133640552995395,83.94160583941607,14.342629482071715
Trevin Michael,DET,,28,44,38,160,.274,.252,0.3767885532591415,0.7079137088037405,0.8905007949125596,0.3057753164556962,0.7766295707472178,0.6828298887122417,0.8672496025437202,0.7567567567567568,0.5047694753577107,0.699523052464229,0.9888712241653418,0.9491255961844197,0.8831478537360891,0.2519872813990461,0.8282988871224165,0.4667721518987342,0.7813990461049285,0.7154213036565977,0.8124006359300477,.208,.269,4.2,11.4,29.761904761904763,82.7,25,31.8,16.7,32.9,.184,.295,.237,.292,2.272727272727273,1,5,2,0,7,0,14,73,24,45.625,63.157894736842096,79.16666666666666,15
Dylan Ray,ARI,,24,402,356,1473,.354,.387,0.3751987281399046,0.25446399373125916,0.17090620031796502,0.5185917721518988,0.13036565977742448,0.0794912559618442,0.08744038155802862,0.20508744038155802,0.6883942766295708,0.28298887122416533,0.1478537360890302,0.24324324324324326,0.15659777424483307,0.3998410174880763,0.1136724960254372,0.6210443037974683,0.2655007949125596,0.23449920508744038,0.1589825119236884,.277,.460,8.7,9.5,25.333333333333336,90.1,41.9,17.4,14.7,21.2,.301,.371,.539,.327,6.218905472636816,25,38,21,5,107,18,70,694,147,47.11473183978276,69.70954356846472,84.92063492063492,9.979633401221996
Josh Simpson,SEA,,28,130,114,523,.256,.210,0.37360890302066774,0.7380445004293198,0.8970588235294118,0.663370253164557,0.8879173290937997,0.7742448330683624,0.8243243243243243,0.9030206677265501,0.6422893481717011,0.712241653418124,0.9705882352941176,0.890302066772655,0.4395866454689984,0.34340222575516693,0.8052464228934817,0.19145569620253164,0.9777424483306836,0.5230524642289348,0.6677265500794912,.196,.284,2.3,10,29.8932384341637,83.8,28.7,22.3,15.3,32.4,.149,.238,.211,.186,1.5384615384615383,2,13,4,0,17,1,29,219,71,41.873804971319316,55.78512396694215,81.48148148148148,13.5755258126195
Osvaldo Berrios,BOS,,26,74,65,304,.333,.447,0.37201907790143085,0.3165086798917309,0.16176470588235295,0.4141613924050633,0.2631160572337043,0.16772655007949125,0.14308426073131955,0.15659777424483307,0.5707472178060413,0.5786963434022258,0.20985691573926868,0.13751987281399047,0.23449920508744038,0.5,0.4220985691573927,0.4814082278481013,0.3847376788553259,0.0985691573926868,0.44038155802861684,.257,.431,9.6,10.8,28.488372093023248,89.7,44.2,18.9,13.3,26.6,.354,.419,.646,.383,6.756756756756758,5,8,4,0,23,5,14,139,37,45.72368421052632,68.18181818181817,87.77777777777777,12.171052631578947
Yerry De los Santos,NYY,,28,70,65,288,.304,.295,0.37042925278219396,0.493620837190504,0.10135135135135136,0.6333069620253164,0.5357710651828299,0.26232114467408585,0.26788553259141495,0.11128775834658187,0.8815580286168522,0.7782193958664547,0.017488076311605722,0.008744038155802861,0.6558028616852146,0.9252782193958664,0.8457869634340223,0.22468354430379747,0.9761526232114467,0.43084260731319557,0.7344992050874404,.246,.398,10.6,7.1,30.76923076923077,93.3,59.6,25.7,4.1,33.6,.246,.300,.369,.311,7.142857142857142,5,5,2,0,16,2,18,122,41,42.361111111111114,56.06060606060606,82.43243243243244,14.236111111111109
Nico Tellache,SEA,,28,100,90,372,.289,.424,0.3688394276629571,0.6705441189048319,0.7861685214626392,0.16099683544303794,0.6605723370429253,0.4769475357710652,0.5627980922098569,0.7305246422893482,0.7400635930047694,0.875993640699523,0.9491255961844197,0.9022257551669316,0.5103338632750397,0.6168521462639109,0.8600953895071543,0.8520569620253164,0.5087440381558028,0.9713831478537361,0.9348171701112877,.228,.340,4.5,9,32.77777777777778,84.6,28.4,23,11.5,34.2,.356,.420,.567,.435,3,3,9,4,0,32,5,23,187,64,50.26881720430107,66.66666666666666,71.09375,17.20430107526882
Kade Strowd,ARI,,28,151,135,570,.273,.288,0.3672496025437202,0.6803447912264461,0.6563990461049285,0.8358386075949367,0.7869634340222575,0.7376788553259142,0.6661367249602543,0.4737678855325914,0.6526232114467408,0.3990461049284579,0.7734499205087441,0.712241653418124,0.7201907790143084,0.7790143084260731,0.6271860095389508,0.3710443037974683,0.8068362480127186,0.71939586645469,0.5802861685214626,.201,.321,6.4,9.9,26.73611111111111,86.7,34,27.2,8.6,29.1,.237,.318,.319,.326,3.9735099337748334,6,15,5,0,32,2,41,254,74,44.561403508771924,62.76595744680851,79.09604519774011,12.982456140350877
Ryan Webb,CLE,,27,516,438,2045,.325,.307,0.3656597774244833,0.43148228971711844,0.38275039745627976,0.22389240506329114,0.33068362480127184,0.3449920508744038,0.34022257551669316,0.3314785373608903,0.4753577106518283,0.5421303656597775,0.3942766295707472,0.46502384737678853,0.5214626391096979,0.643879173290938,0.5643879173290938,0.3734177215189873,0.4642289348171701,0.3942766295707472,0.5071542130365659,.238,.386,7.5,11.8,27.966101694915253,88.7,37.9,23.1,11,28.4,.224,.328,.358,.274,4.651162790697675,24,61,21,1,98,12,119,912,259,44.5965770171149,67.28323699421965,82.81786941580756,12.665036674816625
Carlos Romero,FA,,26,207,172,838,.337,.368,0.3640699523052464,0.38274961134813146,0.4473370429252782,0.7519778481012658,0.22813990461049286,0.356120826709062,0.2599364069952305,0.3195548489666137,0.3179650238473768,0.40858505564387915,0.7734499205087441,0.4364069952305246,0.25119236883942764,0.21462639109697934,0.27503974562798095,0.6582278481012658,0.13195548489666137,0.6136724960254372,0.3688394276629571,.237,.399,7.6,13.5,26.914660831509842,86.7,38.2,19.3,17.2,24.4,.273,.386,.453,.320,4.8309178743961345,10,28,11,1,47,6,40,398,97,47.49403341288782,72.17847769028872,80.36363636363636,11.575178997613365
Eric Adler,CHW,,25,52,41,209,.336,.395,0.3624801271860095,0.3512090133692889,0.5236486486486487,0.6914556962025317,0.2424483306836248,0.2138314785373609,0.6049284578696343,0.5834658187599364,0.1875993640699523,0.14467408585055644,0.7241653418124007,0.1820349761526232,0.058823529411764705,0.2933227344992051,0.287758346581876,0.13924050632911392,0.7901430842607313,0.5604133545310016,0.16375198728139906,.251,.333,5.7,15.4,23.07692307692308,87,42.9,13.5,15.9,24.7,.341,.451,.439,.382,3.8461538461538463,2,8,1,0,14,1,7,85,21,40.66985645933015,63.04347826086957,81.0344827586207,10.047846889952151
Brent Headrick,NYY,,28,96,88,368,.306,.301,0.36089030206677264,0.5506658231202163,0.40361685214626386,0.6914556962025317,0.5174880763116058,0.2726550079491256,0.31001589825119236,0.16772655007949125,0.8688394276629571,0.5627980922098569,0.4546899841017488,0.6820349761526232,0.6200317965023847,0.7003179650238474,0.7599364069952306,0.9011075949367088,0.12957074721780604,0.8934817170111288,0.8887122416534181,.245,.390,9.4,7.3,28.235294117647058,88.4,34.4,25,10.1,31.4,.261,.323,.352,.339,6.25,6,7,2,0,23,2,24,191,60,51.90217391304349,72.2222222222222,74.82517482517483,16.304347826086953
Anthony Simonelli,KCR,,27,69,55,294,.314,.331,0.35930047694753575,0.4088033840802829,0.41216216216216217,0.28401898734177217,0.43720190779014306,0.7655007949125596,0.609697933227345,0.6351351351351351,0.0739268680445151,0.09220985691573927,0.178060413354531,0.22575516693163752,0.6748807631160573,0.07631160572337042,0.8529411764705882,0.15822784810126586,0.3426073131955485,0.8616852146263911,0.712241653418124,.197,.332,5.3,18.8,21.965317919075147,89.9,42.1,26.1,20.4,33.9,.200,.353,.382,.257,2.898550724637681,2,13,4,0,11,2,18,121,41,41.15646258503402,68.59504132231406,75.90361445783131,13.945578231292515
Colton Gordon,HOU,,27,232,214,885,.307,.339,0.35771065182829886,0.42317967749022295,0.3296899841017488,0.1965981012658228,0.5079491255961844,0.23370429252782193,0.23767885532591415,0.21621621621621623,0.8934817170111288,0.5516693163751988,0.49761526232114467,0.3672496025437202,0.5786963434022258,0.42289348171701113,0.3744038155802862,0.6843354430379747,0.5389507154213037,0.5794912559618441,0.4610492845786963,.248,.402,8.6,6.9,28.13953488372093,88.2,39.5,24.1,14.4,25.8,.276,.328,.458,.338,5.603448275862068,13,16,15,0,59,8,56,423,109,47.79661016949153,66.37362637362637,80.79470198675497,12.31638418079096
Brandon Johnson,KCR,,26,228,198,903,.341,.405,0.356120826709062,0.28804904937513837,0.0969793322734499,0.5185917721518988,0.19395866454689983,0.2480127186009539,0.1343402225755167,0.06756756756756757,0.5977742448330684,0.6216216216216216,0.06915739268680444,0.11685214626391097,0.30604133545310014,0.09538950715421304,0.4872813990461049,0.5371835443037974,0.42130365659777425,0.48569157392686807,0.5278219395866455,.247,.435,11.8,10.5,28.772635814889327,90.9,45.1,20.2,19.6,27.5,.288,.377,.576,.304,7.894736842105262,18,24,12,0,57,15,46,418,115,46.29014396456257,67.73399014778325,81.81818181818183,12.735326688815059
Ryan Rolison,CHC,,28,125,114,484,.270,.321,0.35453100158982515,0.7345647665070133,0.7788155802861685,0.5850474683544303,0.8171701112877583,0.4769475357710652,0.7027027027027027,0.8950715421303657,0.9125596184419714,0.8799682034976153,0.690779014308426,0.8267090620031796,0.6494435612082671,0.9403815580286169,0.4379968203497615,0.6194620253164557,0.6693163751987281,0.3354531001589825,0.4960254372019078,.228,.314,2.4,6.4,32.83582089552239,87.2,31.7,25.6,3.5,26.8,.289,.344,.386,.390,1.6,2,8,6,1,33,1,32,228,61,47.10743801652893,64.81481481481481,83.57142857142857,12.603305785123966
Logan VanWey,HOU,,27,114,85,472,.343,.369,0.35294117647058826,0.4469492819792988,0.5624006359300476,0.5589398734177216,0.18600953895071543,0.7837837837837838,0.6661367249602543,0.6192368839427663,0.03418124006359301,0.08505564387917329,0.47774244833068363,0.4864864864864865,0.6001589825119237,0.2217806041335453,0.643879173290938,0.12974683544303794,0.7678855325914149,0.7925278219395866,0.41017488076311603,.195,.321,5.4,21.9,21.621621621621625,88.3,37.5,24.6,17.1,29.3,.235,.430,.365,.315,2.631578947368421,3,25,2,0,20,3,28,191,56,40.46610169491525,63.38028169014085,77.7777777777778,11.864406779661017
Ryan Jensen,CHC,,28,134,105,588,.318,.371,0.35135135135135137,0.6048525198225031,0.548489666136725,0.9410601265822784,0.40540540540540543,0.7376788553259142,0.6319554848966613,0.34340222575516693,0.058823529411764705,0.34181240063593005,0.7082670906200318,0.5103338632750397,0.8044515103338633,0.9403815580286169,0.834658187599364,0.2365506329113924,0.7774244833068362,0.8672496025437202,0.7281399046104928,.201,.327,7.4,19.4,25.99388379204893,87.1,36.8,29.1,3.5,33.2,.257,.403,.438,.359,3.7313432835820888,5,26,5,1,27,4,39,250,83,42.51700680272109,63.2183908045977,75.75757575757575,14.115646258503402
Caleb Freeman,TOR,,28,146,124,605,.287,.348,0.3497615262321145,0.5951519452717796,0.7736486486486487,0.8477056962025317,0.6772655007949125,0.7448330683624801,0.7567567567567568,0.7440381558028617,0.20429252782193957,0.3386327503974563,0.7082670906200318,0.8855325914149443,0.32829888712241656,0.26232114467408585,0.643879173290938,0.11431962025316456,0.9125596184419714,0.18282988871224165,0.397456279809221,.200,.303,4.3,15.1,25.97765363128491,87.1,29,20.5,16.5,29.3,.242,.356,.435,.273,2.7397260273972597,4,22,6,0,30,6,30,242,71,40,60.32388663967611,85.90604026845638,11.735537190082646
Grant Hartwig,MIN,,28,110,99,405,.286,.349,0.3481717011128776,0.5637209831760278,0.42666931637519867,0.6780063291139239,0.6883942766295708,0.636724960254372,0.5151033386327504,0.5317965023847376,0.8012718600953895,0.48966613672496023,0.3767885532591415,0.28298887122416533,0.8306836248012719,0.7726550079491256,0.16057233704292528,0.6716772151898734,0.5262321144674086,0.20031796502384738,0.22098569157392686,.213,.349,6.1,8.2,27.55102040816326,88.8,40.9,30,8.7,22.3,.273,.345,.455,.361,3.6363636363636362,4,9,1,1,27,5,33,193,43,47.65432098765432,66.50717703349282,85.61151079136691,10.617283950617283
Connor Noland,CHC,,26,575,512,2144,.307,.326,0.3465818759936407,0.43717916306105065,0.371422893481717,0.22389240506329114,0.5079491255961844,0.4626391096979332,0.33465818759936405,0.3847376788553259,0.678060413354531,0.5246422893481717,0.3298887122416534,0.4364069952305246,0.28537360890302066,0.7114467408585056,0.36645468998410174,0.4715189873417722,0.5405405405405406,0.11446740858505565,0.40063593004769477,.229,.387,7,9.6,27.801911381407475,89,38.2,19.8,9.9,25.7,.260,.334,.412,.308,4.869565217391305,28,55,33,3,133,13,114,979,252,45.662313432835816,66.36455186304129,87.25341426403642,11.753731343283587
Leonardo Pestana,FA,,27,196,157,818,.336,.364,0.3449920508744038,0.4729866512547544,0.4606518282988871,0.7155854430379747,0.2424483306836248,0.6605723370429253,0.43084260731319557,0.3314785373608903,0.12082670906200318,0.16534181240063592,0.49761526232114467,0.5826709062003179,0.6200317965023847,0.5389507154213037,0.7694753577106518,0.13449367088607594,0.6200317965023847,0.3386327503974563,0.5532591414944356,.210,.366,7.5,17.3,23.39544513457557,88.2,35.8,25,12.6,31.6,.223,.378,.446,.255,4.081632653061225,8,34,5,0,35,10,49,332,105,40.58679706601467,65.3731343283582,83.56164383561644,12.836185819070904
Sammy Peralta,COL,,27,287,261,1095,.264,.307,0.34340222575516693,0.5784667474156956,0.5546502384737678,0.16099683544303794,0.8497615262321144,0.670906200317965,0.6001589825119237,0.5985691573926868,0.9642289348171701,0.794912559618442,0.6446740858505564,0.3751987281399046,0.5937996820349761,0.5357710651828299,0.15262321144674085,0.7389240506329114,0.7551669316375199,0.2368839427662957,0.23052464228934816,.209,.334,5.6,4.9,31.01391650099404,87.5,39.3,24.4,12.7,22.2,.249,.289,.433,.295,3.8327526132404177,11,14,15,3,65,9,70,532,118,48.58447488584475,63.51351351351351,84.8404255319149,10.776255707762557
Jordan Balazovic,FA,,27,233,209,919,.326,.338,0.34181240063593005,0.38429965939506155,0.1836248012718601,0.6020569620253164,0.3195548489666137,0.22257551669316375,0.1669316375198728,0.3847376788553259,0.6526232114467408,0.5771065182829889,0.07790143084260731,0.10492845786963434,0.3354531001589825,0.6550079491255962,0.5127186009538951,0.6004746835443038,0.41971383147853736,0.575516693163752,0.5930047694753577,.250,.423,7,9.9,28.48360655737705,90.8,45.6,20.6,10.8,27.8,.273,.343,.431,.323,4.721030042918455,11,23,12,0,57,7,48,431,120,46.898803046789986,67.74941995359629,80.82191780821918,13.057671381936887
Shane Murphy,CHW,,25,58,50,214,.304,.322,0.34022257551669316,0.4524966899606233,0.5532591414944357,0.10166139240506328,0.5357710651828299,0.6224165341812401,0.3990461049284579,0.14626391096979333,0.43243243243243246,0.7488076311605724,0.7925278219395866,0.8751987281399046,0.14864864864864866,0.5858505564387917,0.04133545310015898,0.8892405063291139,0.2289348171701113,0.34022257551669316,0.08108108108108109,.215,.374,9.8,12.1,30.392156862745093,86.6,29.3,17.2,12,17.3,.220,.310,.440,.231,6.896551724137932,4,7,3,1,11,2,10,110,19,51.4018691588785,70.53571428571429,83.54430379746836,8.878504672897195
Luarbert Arias,FA,,25,107,85,400,.368,.366,0.3386327503974563,0.29986090078350874,0.44276629570747217,0.6333069620253164,0.08505564387917329,0.04292527821939587,0.17885532591414943,0.8084260731319555,0.21065182829888712,0.29252782193958665,0.47774244833068363,0.30604133545310014,0.012718600953895072,0.37758346581875996,0.1724960254372019,0.5838607594936709,0.10492845786963434,0.5707472178060413,0.21065182829888712,.293,.421,3.8,15,25.45454545454545,88.3,40.5,9.3,14.9,22.5,.271,.383,.471,.273,2.803738317757009,3,16,11,0,23,2,10,187,42,46.75,72.77777777777777,80.91603053435117,10.5
John McMillon,PHI,,28,35,25,151,.388,.410,0.3370429252782194,0.4409176313785863,0.38334658187599363,0.7345727848101266,0.05325914149443561,0.1573926868044515,0.4666136724960254,0.9721780604133545,0.006359300476947536,0.14467408585055644,0.017488076311605722,0.07710651828298887,0.7813990461049285,0.884737678855326,0.9952305246422893,0.09968354430379747,0.6542130365659777,0.9984101748807631,0.958664546899841,.259,.358,0,28.6,23.07692307692308,93.3,46.7,28.6,5.9,46.7,.320,.514,.360,.533,0,0,10,1,0,8,0,10,60,28,39.735099337748345,65,61.53846153846154,18.54304635761589
Juan Burgos,ARI,,26,37,31,149,.364,.405,0.3354531001589825,0.446991260154421,0.8098171701112877,0.7033227848101266,0.10015898251192369,0.01987281399046105,0.42527821939586646,0.9721780604133545,0.3179650238473768,0.02384737678855326,0.8497615262321144,0.9920508744038156,0.058823529411764705,0.7480127186009539,0.15262321144674085,0.21835443037974686,0.7710651828298887,0.2957074721780604,0.12400635930047695,.316,.367,0,13.5,18.571428571428573,85.9,19.2,13.5,9.2,22.2,.355,.459,.452,.423,0,0,5,3,0,11,0,5,63,14,42.28187919463088,63.291139240506325,84,9.395973154362416
Justin King,MIA,,28,24,20,115,.351,.392,0.3338632750397456,0.39232377970859916,0.024244833068362483,0.663370253164557,0.1422893481717011,0.7130365659777425,0.07472178060413355,0.003179650238473768,0.14149443561208266,0.8799682034976153,0.00794912559618442,0.011128775834658187,0.924483306836248,0.20508744038155802,0.9411764705882353,0.5158227848101266,0.6828298887122417,0.5914149443561209,0.9395866454689984,.205,.470,25,16.7,32.83582089552239,94.2,58.3,33.3,17.4,37.7,.250,.375,.550,.364,12.5,3,4,1,1,5,1,8,53,20,46.08695652173913,64.58333333333334,80.64516129032258,17.391304347826086
Casey Legumina,TBR,,28,45,39,190,.246,.278,0.3322734499205087,0.7633335471547497,0.8549284578696342,0.6194620253164557,0.9165341812400636,0.8839427662957074,0.9594594594594594,0.9721780604133545,0.5429252782193958,0.404610492845787,0.5635930047694754,0.924483306836248,0.7957074721780604,0.9220985691573926,0.6550079491255962,0.38568037974683533,0.8521462639109698,0.3585055643879173,0.6017488076311606,.178,.229,0,11.1,26.88172043010752,87.9,26.9,28.9,4.2,29.4,.231,.333,.256,.346,0,0,5,1,0,9,0,13,85,25,44.73684210526316,61.855670103092784,83.33333333333334,13.157894736842106
Chris Murphy,CHW,,27,89,74,333,.313,.323,0.33068362480127184,0.5190729227459031,0.6492448330683626,0.4291930379746836,0.4467408585055644,0.4769475357710652,0.690779014308426,0.5699523052464229,0.24403815580286167,0.32114467408585057,0.6748807631160573,0.6613672496025437,0.6049284578696343,0.34340222575516693,0.7655007949125596,0.27056962025316456,0.7519872813990461,0.821939586645469,0.6565977742448331,.228,.317,5.8,14.6,25.82417582417583,87.3,34.6,24.7,15.3,31.5,.230,.360,.351,.314,3.3707865168539324,3,13,4,1,17,1,22,143,45,42.94294294294294,63.576158940397356,77.08333333333334,13.513513513513516
Ethan Roberts,CHC,,28,180,157,751,.261,.298,0.32909379968203495,0.7070697430956646,0.8038553259141494,0.4291930379746836,0.8624801271860095,0.809220985691574,0.8457869634340223,0.5699523052464229,0.5890302066772655,0.8203497615262321,0.8751987281399046,0.924483306836248,0.8306836248012719,0.2519872813990461,0.6764705882352942,0.4754746835443038,0.8298887122416534,0.3640699523052464,0.670906200317965,.192,.278,5.8,10.6,31.527093596059114,85.6,26.9,30,16.7,29.7,.223,.317,.350,.324,3.333333333333333,6,19,12,1,35,2,54,343,102,45.67243675099867,62.31884057971014,83.25581395348838,13.581890812250332
Jack Leftwich,CLE,,27,121,102,478,.334,.345,0.3275039745627981,0.45798755056247603,0.6961446740858506,0.7033227848101266,0.2559618441971383,0.30286168521462636,0.356120826709062,0.6597774244833068,0.21621621621621623,0.8044515103338633,0.8354531001589826,0.9332273449920508,0.19475357710651828,0.028616852146263912,0.20508744038155802,0.4272151898734177,0.6677265500794912,0.06518282988871224,0.20190779014308427,.242,.383,5.1,14.9,31.182795698924732,86.2,26.6,18.2,24.1,23.1,.255,.372,.402,.299,3.3057851239669422,4,18,6,0,26,3,22,216,50,45.188284518828446,64.82412060301507,89.14728682170544,10.460251046025103
Justin Armbruester,NYM,,27,27,23,108,.337,.267,0.32591414944356123,0.43260144568432907,0.6023449920508743,0.3247626582278481,0.22813990461049286,0.10969793322734499,0.4666136724960254,0.4356120826709062,0.5429252782193958,0.5500794912559619,0.519872813990461,0.9872813990461049,0.6669316375198728,0.23211446740858505,0.1271860095389507,0.2440664556962025,0.7480127186009539,0.05564387917329094,0.11128775834658187,.269,.358,6.7,11.1,28.125,88.1,20,25.9,16.9,21.7,.217,.333,.217,.313,3.7037037037037033,1,3,0,0,5,0,7,46,10,42.5925925925926,63.63636363636363,89.2857142857143,9.25925925925926
Nick Frasso,LAD,,27,342,290,1400,.330,.352,0.32432432432432434,0.4187082943423692,0.49026232114467405,0.9465981012658228,0.28855325914149443,0.22257551669316375,0.31001589825119236,0.44992050874403816,0.4030206677265501,0.17329093799682035,0.47774244833068363,0.7233704292527822,0.26788553259141495,0.4737678855325914,0.287758346581876,0.23457278481012656,0.6804451510333863,0.5310015898251192,0.21065182829888712,.250,.390,6.6,12.3,23.505976095617534,88.3,33.8,19.6,13.8,24.7,.276,.368,.438,.320,4.385964912280701,15,42,17,0,80,10,67,595,147,42.5,64.60587326120556,81.3397129186603,10.5
Amos Willingham,HOU,,27,49,45,212,.321,.413,0.32273449920508746,0.49640303114916856,0.37241653418124,0.6333069620253164,0.37360890302066774,0.26232114467408585,0.07631160572337042,0.03179650238473768,0.924483306836248,0.7154213036565977,0.8171701112877583,0.5643879173290938,0.3203497615262321,0.980127186009539,0.2575516693163752,0.9264240506329114,0.030206677265500796,0.16375198728139906,0.5294117647058824,.246,.468,13.9,6.1,29.906542056074766,86.4,36.1,20.4,1,24.1,.333,.367,.622,.364,10.20408163265306,5,3,2,1,15,3,10,112,27,52.83018867924528,76.19047619047619,86.25,12.735849056603776
Luke Murphy,LAA,,26,158,136,636,.341,.447,0.32114467408585057,0.3996910804605798,0.5222575516693164,0.7939082278481012,0.19395866454689983,0.18124006359300476,0.20985691573926868,0.3314785373608903,0.4507154213036566,0.10333863275039745,0.8354531001589826,0.712241653418124,0.23926868044515104,0.705087440381558,0.0397456279809221,0.3259493670886076,0.6422893481717011,0.050079491255961846,0.03418124006359301,.255,.411,7.5,12,22.222222222222218,86.2,34,19,10,17.2,.375,.456,.588,.440,5.063291139240507,8,19,6,1,51,7,30,279,48,43.867924528301884,65.10903426791276,89.47368421052632,7.547169811320754
Juan Mercedes,FA,,26,245,211,1006,.350,.422,0.3195548489666137,0.2454163606085609,0.12162162162162161,0.5324367088607594,0.15023847376788554,0.3688394276629571,0.06677265500794913,0.03179650238473768,0.41573926868044514,0.492845786963434,0.07790143084260731,0.31001589825119236,0.246422893481717,0.016693163751987282,0.23529411764705882,0.6922468354430379,0.15580286168521462,0.32591414944356123,0.314785373608903,.236,.484,13.9,12.2,27.573529411764714,90.8,40.4,19.2,26.1,23.7,.299,.384,.626,.307,9.387755102040817,23,30,16,1,63,17,47,482,114,47.91252485089464,71.86147186147187,83.73493975903614,11.332007952286284
Michel Otañez,TEX,,28,86,68,373,.307,.380,0.3179650238473768,0.6794593714153468,0.7501987281399046,0.9802215189873418,0.5079491255961844,0.7837837837837838,0.8426073131955485,0.8950715421303657,0.08108108108108109,0.21701112877583467,0.6748807631160573,0.5882352941176471,0.8378378378378378,0.9006359300476947,0.8441971383147854,0.33306962025316456,0.3751987281399046,0.8998410174880763,0.7869634340222575,.195,.279,2.4,18.6,24.271844660194176,87.3,35.7,30.2,5.3,33.5,.279,.430,.412,.425,1.162790697674419,1,16,3,0,19,2,26,164,55,43.967828418230575,68.26347305389223,74.56140350877193,14.745308310991955
Jack Anderson,FA,,26,54,50,193,.371,.456,0.3163751987281399,0.3364538682390507,0.09240858505564387,0.14873417721518986,0.08108108108108109,0.09141494435612083,0.025437201907790145,0.04451510333863275,0.8600953895071543,0.9872813990461049,0.20985691573926868,0.08982511923688394,0.3203497615262321,0.7647058823529411,0.41414944356120825,0.8662974683544303,0.47615262321144675,0.28298887122416533,0.6518282988871225,.274,.546,12.8,7.4,37.96296296296296,89.7,46.2,20.4,8.8,26.5,.340,.389,.700,.353,9.25925925925926,5,4,3,0,17,5,11,98,26,50.77720207253886,67.05882352941175,84.21052631578947,13.471502590673575
John Michael Bertrand,SFG,,28,45,44,165,.231,.267,0.314785373608903,0.6681107473351983,0.7738473767885533,0.11669303797468356,0.9618441971383148,0.5007949125596184,0.8362480127186009,0.9721780604133545,0.9976152623211447,0.8012718600953895,0.6748807631160573,0.6120826709062003,0.42686804451510335,0.9952305246422893,0.12162162162162163,0.3951740506329114,0.8696343402225755,0.006359300476947536,0.13672496025437203,.226,.281,0,2.2,31.11111111111111,87.3,35.3,22.2,"'-1.4",21.6,.273,.289,.318,.353,0,0,1,2,0,12,0,10,74,16,44.84848484848485,61.33333333333333,93.47826086956522,9.696969696969695
Justin Jarvis,LAD,,26,248,209,917,.315,.333,0.31319554848966613,0.3852626418767986,0.5971780604133545,0.4291930379746836,0.42845786963434024,0.2726550079491256,0.6248012718600954,0.8751987281399046,0.29650238473767887,0.3195548489666137,0.29093799682034976,0.5977742448330684,0.0945945945945946,0.34340222575516693,0.050079491255961846,0.43512658227848106,0.3465818759936407,0.1573926868044515,0.05564387917329094,.245,.328,2.9,13.7,25.8,89.2,35.5,15.3,15.3,18.3,.263,.371,.368,.302,2.0161290322580645,5,34,10,0,55,4,38,415,76,45.25627044711014,68.58513189448439,86.36363636363636,8.287895310796074
Jacob Webb,PIT,,26,53,45,218,.318,.333,0.31160572337042924,0.35391474520872324,0.24701907790143085,0.4671677215189873,0.40540540540540543,0.636724960254372,0.1820349761526232,0.03179650238473768,0.33624801271860094,0.28696343402225755,0.20985691573926868,0.5643879173290938,0.23449920508744038,0.11208267090620032,0.7798092209856916,0.7753164556962026,0.02066772655007949,0.9491255961844197,0.8553259141494436,.213,.420,13.9,13.2,25.423728813559322,89.7,36.1,18.9,19.1,31.8,.267,.358,.400,.314,9.433962264150944,5,7,1,1,12,1,10,107,34,49.08256880733945,77,72.72727272727273,15.59633027522936
Beck Way,KCR,,26,179,144,678,.367,.397,0.31001589825119236,0.3621115996860598,0.4749602543720191,0.9272151898734176,0.08982511923688394,0.07074721780604133,0.27503974562798095,0.7718600953895072,0.24960254372019078,0.2273449920508744,0.49761526232114467,0.35532591414944353,0.05325914149443561,0.6550079491255962,0.1724960254372019,0.20332278481012656,0.6979332273449921,0.11049284578696343,0.1287758346581876,.280,.397,4.1,14.5,24.47368421052632,88.2,39.7,13.4,10.8,22.5,.292,.419,.493,.304,2.793296089385475,5,26,8,0,42,7,24,285,64,42.035398230088504,64.42953020134227,87.5,9.43952802359882
Hunter Parks,CIN,,24,134,107,512,.397,.442,0.30842607313195547,0.19204711156614543,0.18382352941176472,0.8928006329113924,0.03577106518282989,0.09141494435612083,0.04292527821939587,0.20508744038155802,0.15023847376788554,0.06359300476947535,0.16216216216216217,0.3251192368839428,0.04213036565977742,0.09936406995230525,0.19395866454689983,0.10443037974683543,0.685214626391097,0.17329093799682035,0.10492845786963434,.274,.517,8.7,16.4,20.761245674740483,90,40.2,12.7,19.5,23,.346,.463,.570,.360,5.970149253731343,8,22,6,0,37,6,17,204,47,39.84375,64.57399103139014,86.1111111111111,9.1796875
Devereaux Harrison,TOR,,25,50,41,198,.328,.373,0.3068362480127186,0.3623938125113199,0.6349364069952306,0.4671677215189873,0.3036565977742448,0.383147853736089,0.5349761526232114,0.5540540540540541,0.10333863275039745,0.014308426073131956,0.6446740858505564,0.8060413354531002,0.07154213036565978,0.03656597774244833,0.4292527821939587,0.2974683544303797,0.431637519872814,0.9523052464228935,0.3751987281399046,.235,.346,5.9,18,17.708333333333336,87.5,32.4,14,22.4,26.7,.293,.420,.415,.353,4,2,9,5,0,12,0,7,86,23,43.43434343434343,67.64705882352942,72.46376811594203,11.616161616161616
Elvin Rodríguez,FA,,28,193,180,755,.312,.371,0.3052464228934817,0.3956578739946201,0.253577106518283,0.6914556962025317,0.4562798092209857,0.19475357710651828,0.1669316375198728,0.24721780604133545,0.9554848966613673,0.9125596184419714,0.22496025437201908,0.3751987281399046,0.246422893481717,0.08267090620031796,0.19395866454689983,0.8607594936708861,0.3426073131955485,0.10651828298887123,0.383147853736089,.253,.423,8.3,5.2,33.92857142857143,89.6,39.3,19.2,20.1,23,.294,.332,.544,.308,6.217616580310881,12,10,5,2,53,12,37,382,88,50.59602649006622,68.59504132231406,87.55020080321285,11.655629139072847
Noah Murdock,PIT,,27,95,81,392,.284,.328,0.3036565977742448,0.5773540375353013,0.7007154213036566,0.7939082278481012,0.7042925278219396,0.7313195548489666,0.800476947535771,0.6844197138314785,0.29650238473767887,0.04133545310015898,0.753577106518283,0.5643879173290938,0.3672496025437202,0.9968203497615262,0.19395866454689983,0.07753164556962025,0.8712241653418124,0.5524642289348172,0.08426073131955485,.202,.290,4.9,13.7,19.431279620853086,86.8,36.1,21.1,"'-4.8",23,.247,.358,.370,.305,3.1578947368421053,3,13,4,0,20,2,20,152,35,38.775510204081634,61.32596685082872,81.08108108108108,8.928571428571429
Jake Miller,CLE,,25,75,62,294,.337,.394,0.302066772655008,0.3609973699965789,0.5254372019077901,0.4806170886075949,0.22813990461049286,0.26232114467408585,0.3449920508744038,0.30286168521462636,0.23529411764705882,0.6558028616852146,0.7925278219395866,0.6613672496025437,0.08028616852146264,0.2519872813990461,0.03577106518282989,0.2088607594936709,0.9538950715421304,0.050079491255961846,0.02702702702702703,.246,.385,7.7,14.7,29.268292682926827,86.6,34.6,14.7,16.7,16.9,.306,.413,.500,.340,5.333333333333334,4,11,4,1,19,2,11,124,21,42.17687074829932,58.46153846153847,89.47368421052632,7.142857142857142
Orlando Ribalta,WSN,,28,26,23,116,.362,.363,0.3004769475357711,0.39226560770562074,0.24463434022257552,0.8097310126582279,0.10492845786963434,0.03656597774244833,0.1232114467408585,0.5540540540540541,0.8434022257551669,0.08744038155802862,0.03259141494435612,0.2686804451510334,0.5214626391096979,0.6319554848966613,0.6931637519872814,0.2796677215189873,0.5659777424483307,0.5524642289348172,0.5659777424483307,.301,.438,5.9,7.7,21.66666666666667,92.2,41.2,23.1,11.2,30,.304,.385,.435,.375,3.8461538461538463,1,2,0,0,7,1,6,50,15,43.103448275862064,66.07142857142857,81.08108108108108,12.93103448275862
Raul Brito,MIN,,28,296,250,1242,.308,.381,0.2988871224165342,0.5936283628658443,0.5083465818759937,0.8477056962025317,0.49920508744038156,0.4626391096979332,0.5214626391096979,0.7106518282988871,0.4753577106518283,0.6661367249602543,0.4546899841017488,0.3465818759936407,0.7368839427662957,0.6629570747217806,0.739268680445151,0.3939873417721519,0.6931637519872814,0.7042925278219396,0.7106518282988871,.229,.348,4.7,11.8,29.35251798561151,88.4,39.8,27.7,10.7,31.1,.288,.382,.508,.380,2.7027027027027017,8,35,19,3,72,10,82,557,173,44.847020933977454,64.53382084095064,79.3201133144476,13.929146537842193
Anders Tolhurst,FA,,26,304,269,1197,.324,.331,0.2972972972972973,0.30199832883889105,0.17150238473767887,0.5055379746835443,0.34340222575516693,0.3354531001589825,0.20190779014308427,0.3195548489666137,0.6263910969793323,0.38950715421303655,0.06200317965023847,0.10254372019077901,0.27821939586645467,0.3871224165341812,0.07233704292527822,0.7033227848101266,0.21939586645468998,0.10015898251192369,0.11764705882352941,.239,.413,7.6,10.2,26.590538336052198,91.1,45.7,19.7,14.8,19.3,.242,.326,.435,.268,5.263157894736842,16,31,12,2,65,12,60,576,111,48.120300751879704,70.71917808219176,87.65133171912834,9.273182957393484
Sean Reynolds,FA,,28,119,93,499,.302,.287,0.2957074721780604,0.6163103605280634,0.776033386327504,0.8631329113924051,0.5453100158982512,0.8918918918918919,0.7678855325914149,0.4220985691573927,0.08744038155802862,0.29093799682034976,0.931637519872814,0.9825119236883942,0.20508744038155802,0.6279809220985691,0.7798092209856916,0.2674050632911392,0.5961844197138315,0.5659777424483307,0.6756756756756757,.177,.300,6.8,18.5,25.441696113074197,84.9,20.5,18.5,11.3,31.8,.172,.336,.269,.197,4.201680672268908,5,22,1,1,16,2,22,214,68,42.88577154308617,65.74074074074075,80.98591549295773,13.627254509018035
Jack Kochanowicz,LAA,,25,94,76,368,.364,.345,0.29411764705882354,0.2816402764920542,0.20011923688394276,0.8097310126582279,0.10015898251192369,0.1875993640699523,0.3179650238473768,0.30286168521462636,0.16375198728139906,0.12400635930047695,0.16216216216216217,0.017488076311605722,0.14069952305246422,0.9872813990461049,0.06597774244833068,0.25079113924050633,0.4912559618441971,0.2519872813990461,0.05087440381558029,.254,.389,7.7,16,22.772277227722768,90,53.8,17,"'-0.5",19.1,.224,.372,.395,.246,4.25531914893617,4,15,2,1,17,3,16,157,30,42.66304347826087,66.86746987951807,84.68468468468468,8.152173913043477
CJ Van Eyk,TOR,,27,401,355,1503,.320,.344,0.29252782193958665,0.4465651895380116,0.40858505564387915,0.7753164556962026,0.3815580286168522,0.30286168521462636,0.25119236883942764,0.28855325914149443,0.6422893481717011,0.4189189189189189,0.541335453100159,0.5532591414944356,0.19475357710651828,0.6971383147853736,0.31160572337042924,0.5039556962025317,0.548489666136725,0.25834658187599363,0.35294117647058826,.242,.400,7.8,10,27.02702702702703,88,36.2,18.2,10.2,25,.268,.347,.442,.297,5.4862842892768064,22,40,17,0,95,15,73,691,173,45.97471723220225,66.2534435261708,84.61538461538461,11.510312707917498
Bryse Wilson,PHI,,28,198,183,784,.269,.317,0.29093799682034976,0.5942068336486152,0.5455087440381557,0.5589398734177216,0.8235294117647058,0.3688394276629571,0.6796502384737679,0.6844197138314785,0.9435612082670907,0.8664546899841018,0.541335453100159,0.2766295707472178,0.3441971383147854,0.9332273449920508,0.10969793322734499,0.8219936708860759,0.47217806041335453,0.383147853736089,0.20031796502384738,.236,.319,4.9,5.6,32.48081841432225,88,41,20.7,3.9,21,.262,.308,.426,.304,3.5353535353535355,7,11,10,1,48,6,41,391,82,49.872448979591844,67.17557251908397,82.95454545454545,10.459183673469388
Ethan Bosacker,KCR,,25,118,104,455,.324,.363,0.2893481717011129,0.3924952036921509,0.6909777424483307,0.14873417721518986,0.34340222575516693,0.12082670906200318,0.41017488076311603,0.609697933227345,0.7821939586645469,0.2845786963434022,0.8497615262321144,0.8942766295707473,0.029411764705882353,0.17090620031796502,0.06597774244833068,0.632120253164557,0.04769475357710652,0.14069952305246422,0.0890302066772655,.266,.371,5.5,8.5,25.390625,85.9,28.6,11.9,18.1,19.1,.298,.373,.462,.326,4.23728813559322,5,10,11,0,31,2,14,215,41,47.25274725274725,75.37688442211056,86.66666666666669,9.010989010989011
Justin Yeager,SDP,,28,84,69,359,.235,.219,0.287758346581876,0.5772797241116768,0.6162559618441971,0.6475474683544303,0.9459459459459459,0.9769475357710652,0.9841017488076311,0.9260731319554849,0.14149443561208266,0.34340222575516693,0.1931637519872814,0.3616852146263911,0.30604133545310014,0.4737678855325914,0.6271860095389508,0.3370253164556962,0.5087440381558028,0.809220985691574,0.5421303656597775,.143,.197,1.9,16.7,26,89.8,39.6,20.2,13.8,29.1,.130,.274,.159,.170,1.1904761904761905,1,14,2,0,9,0,17,158,46,44.01114206128135,66.66666666666666,77.35849056603773,12.813370473537605
Carson Skipper,COL,,26,96,84,401,.337,.339,0.2861685214626391,0.3047619706452543,0.25635930047694755,0.052215189873417715,0.22813990461049286,0.13751987281399047,0.10492845786963434,0.2821939586645469,0.6971383147853736,0.45866454689984104,0.1931637519872814,0.4451510333863275,0.49761526232114467,0.20508744038155802,0.35532591414944353,0.3995253164556962,0.5468998410174881,0.3585055643879173,0.34340222575516693,.262,.448,7.9,9.4,27.27272727272727,89.8,38.1,22.9,17.4,25.6,.274,.344,.440,.328,5.208333333333334,5,9,5,0,23,3,22,180,46,44.88778054862843,66.29834254143645,83.33333333333334,11.4713216957606
Alex Speas,FA,,28,96,73,384,.367,.426,0.2845786963434022,0.4005433265078184,0.3201510333863275,0.982990506329114,0.08982511923688394,0.14626391096979333,0.30127186009538953,0.8314785373608903,0.04292527821939587,0.3338632750397456,0.07790143084260731,0.06995230524642289,0.3505564387917329,0.7837837837837838,0.7957074721780604,0.1372626582278481,0.809220985691574,0.4467408585055644,0.5858505564387917,.261,.391,3.6,20.8,25.97402597402597,90.8,47.3,20.8,8.5,32.1,.356,.490,.479,.463,2.083333333333333,2,20,6,0,26,1,20,156,50,40.625,62.74509803921568,82.29166666666666,13.020833333333336
Andrew Alvarez,WSN,,26,527,463,2019,.319,.322,0.28298887122416533,0.37336353246396065,0.1836248012718601,0.28401898734177217,0.39268680445151033,0.3449920508744038,0.24483306836248012,0.1740858505564388,0.6526232114467408,0.35771065182829886,0.178060413354531,0.13751987281399047,0.3887122416534181,0.9205087440381559,0.404610492845787,0.40427215189873417,0.5182829888712241,0.24165341812400637,0.4117647058823529,.238,.401,9.3,9.9,26.24768946395564,89.9,44.2,21.6,4.3,26.4,.246,.326,.413,.295,6.2618595825426935,33,52,28,5,114,13,114,908,240,44.97275879148094,66.59551760939168,84.77564102564101,11.88707280832095
Ian Bedell,STL,,26,246,217,971,.340,.395,0.28139904610492844,0.3006817025048131,0.21939586645468998,0.40150316455696206,0.19952305246422894,0.2480127186009539,0.09062003179650238,0.06200317965023847,0.6605723370429253,0.35135135135135137,0.3298887122416534,0.39507154213036566,0.3441971383147854,0.2217806041335453,0.3036565977742448,0.4905063291139241,0.32273449920508746,0.424483306836248,0.3386327503974563,.247,.458,12,9.8,26.145038167938928,89,38.9,20.7,17.1,24.9,.300,.374,.553,.331,8.130081300813007,20,24,11,1,65,14,51,445,111,45.82904222451082,68.90380313199104,82.46753246753245,11.431513903192586
Fraser Ellard,FA,,28,120,99,463,.309,.381,0.27980922098569155,0.4935881350915324,0.23032591414944353,0.7155854430379747,0.4904610492845787,0.6923688394276629,0.6001589825119237,0.178060413354531,0.26788553259141495,0.383147853736089,0.07790143084260731,0.06518282988871224,0.7702702702702703,0.8195548489666137,0.8624801271860095,0.4438291139240506,0.5246422893481717,0.7456279809220986,0.8505564387917329,.207,.334,9.2,14.2,26.530612244897963,90.8,47.7,28.3,7.6,34.3,.273,.395,.475,.377,5,6,17,8,0,27,4,34,210,72,45.35637149028078,66.5137614678899,78.6206896551724,15.550755939524837
Sam Benschoter,CIN,,28,324,299,1201,.310,.326,0.27821939586645467,0.5127666059581547,0.5013910969793323,0.5458860759493671,0.48012718600953896,0.19475357710651828,0.2845786963434022,0.40063593004769477,0.8990461049284578,0.7758346581875993,0.7082670906200318,0.6120826709062003,0.3600953895071542,0.7313195548489666,0.16057233704292528,0.7958860759493671,0.35771065182829886,0.15580286168521462,0.25119236883942764,.253,.395,6.9,6.8,30.756578947368425,87.1,35.3,21,9.5,22.3,.268,.321,.428,.312,4.938271604938271,16,22,15,0,80,11,68,593,132,49.37552039966696,68.46543001686341,86.45320197044335,10.990840965861784
Alan Rangel,PHI,,28,527,485,2032,.304,.345,0.2766295707472178,0.5040103569224474,0.3447933227344992,0.4932753164556962,0.5357710651828299,0.4769475357710652,0.19236883942766295,0.18600953895071543,0.8481717011128775,0.8569157392686805,0.4546899841017488,0.5461049284578696,0.6049284578696343,0.1232114467408585,0.7297297297297297,0.8884493670886076,0.24006359300476948,0.834658187599364,0.8728139904610492,.228,.415,9.1,7.6,32.27722772277228,88.4,36.3,24.7,18.8,31,.252,.309,.501,.284,6.072106261859582,32,40,30,2,122,29,130,1044,324,51.377952755905504,70.25440313111547,76.88022284122562,15.94488188976378
Eduardo Salazar,MIN,,27,164,139,593,.302,.312,0.27503974562798095,0.5067041923252367,0.4906597774244833,0.7155854430379747,0.5453100158982512,0.4300476947535771,0.5349761526232114,0.4737678855325914,0.4904610492845787,0.24165341812400637,0.4133545310015898,0.5405405405405406,0.2599364069952305,0.8076311605723371,0.6271860095389508,0.2998417721518987,0.6756756756756757,0.5969793322734499,0.5023847376788553,.232,.346,6.4,11.6,24.761904761904763,88.6,36.4,19.5,7.9,29.1,.252,.335,.374,.287,4.2682926829268295,7,19,5,0,35,4,32,258,75,43.507588532883645,64.74820143884892,80.55555555555556,12.647554806070824
Konnor Pilkington,DET,,28,177,145,703,.298,.247,0.27344992050874406,0.5381694811434666,0.3988473767885532,0.7155854430379747,0.5747217806041336,0.7742448330683624,0.6661367249602543,0.36089030206677264,0.19395866454689983,0.3449920508744038,0.356120826709062,0.212241653418124,0.7647058823529411,0.6049284578696343,0.8895071542130366,0.2579113924050633,0.724960254372019,0.8330683624801272,0.8235294117647058,.196,.321,7.2,15.3,26.02040816326531,88.9,42.3,28.2,11.7,35.2,.152,.294,.214,.211,3.954802259887006,7,27,3,0,22,2,50,301,106,42.816500711237545,63.9871382636656,76.88442211055276,15.078236130867708
Joe La Sorsa,PIT,,27,205,177,835,.299,.285,0.2718600953895072,0.5197085173874545,0.6077106518282989,0.663370253164557,0.5675675675675675,0.636724960254372,0.5453100158982512,0.4220985691573927,0.41573926868044514,0.2988871224165342,0.7082670906200318,0.7551669316375199,0.383147853736089,0.3871224165341812,0.45310015898251194,0.19382911392405064,0.9141494435612083,0.7027027027027027,0.3267090620031797,.213,.344,6.8,12.2,25.565610859728505,87.1,33.3,21.5,14.8,27.1,.198,.304,.328,.252,4.390243902439024,9,25,15,1,35,2,44,350,95,41.916167664670645,60.30534351145039,79.32489451476793,11.377245508982035
Joan Adon,FA,,27,202,162,831,.331,.365,0.2702702702702703,0.377412146649628,0.2430445151033386,0.8477056962025317,0.28060413354531,0.636724960254372,0.41414944356120825,0.23052464228934816,0.19395866454689983,0.27344992050874406,0.13513513513513514,0.19236883942766295,0.4872813990461049,0.492845786963434,0.3441971383147854,0.36313291139240506,0.4236883942766296,0.5468998410174881,0.30842607313195547,.213,.370,8.5,15.3,25.219298245614038,90.2,42.7,22.8,13.4,25.5,.247,.386,.444,.304,4.950495049504951,10,31,10,2,40,6,46,369,94,44.40433212996389,67.73333333333333,81.1023622047244,11.311672683513839
Houston Roth,SEA,,28,171,149,678,.281,.295,0.2686804451510334,0.5553799040570727,0.6166534181240063,0.4141613924050633,0.7273449920508744,0.7933227344992051,0.5818759936406995,0.3728139904610493,0.5977742448330684,0.4165341812400636,0.7925278219395866,0.71939586645469,0.3887122416534181,0.2217806041335453,0.6383147853736089,0.3314873417721519,0.5532591414944356,0.42289348171701113,0.5500794912559619,.194,.337,7.1,10.5,27.01298701298701,86.6,33.9,21.6,17.1,29.2,.215,.306,.356,.250,4.678362573099415,8,18,6,0,32,5,37,298,87,43.952802359882014,66.21160409556313,82.4742268041237,12.831858407079649
Isaac Coffey,BOS,,25,184,149,748,.310,.393,0.2670906200317965,0.36174983271618605,0.40937996820349765,0.08742088607594936,0.48012718600953896,0.8577106518282989,0.5739268680445151,0.3728139904610493,0.23529411764705882,0.13354531001589826,0.4546899841017488,0.23608903020667726,0.26788553259141495,0.06597774244833068,0.575516693163752,0.2147943037974684,0.5850556438791733,0.7360890302066773,0.4292527821939587,.184,.338,7.1,14.7,22.871046228710465,88.4,42,19.6,21,28.5,.248,.388,.523,.262,4.3478260869565215,8,27,11,0,37,10,36,316,90,42.24598930481284,65.87537091988129,78.82882882882883,12.032085561497324
Jose E. Hernandez,FA,,28,122,103,500,.306,.302,0.2655007949125596,0.518664827802486,0.5476947535771065,0.37262658227848106,0.5174880763116058,0.6828298887122417,0.48807631160572335,0.21621621621621623,0.22496025437201908,0.4260731319554849,0.7082670906200318,0.7782193958664547,0.7472178060413355,0.23211446740858505,0.8298887122416534,0.15901898734177214,0.8839427662957074,0.5468998410174881,0.6724960254372019,.208,.354,8.6,14.8,27.054794520547947,87.1,32.9,27.9,16.9,33,.214,.328,.340,.284,4.918032786885246,6,18,4,0,22,3,34,206,68,41.2,61.05769230769232,81.1023622047244,13.6
Ben Kudrna,KCR,,23,63,43,256,.386,.467,0.26391096979332274,0.26161516714965155,0.20767090620031797,0.35957278481012656,0.05802861685214626,0.39825119236883944,0.22257551669316375,0.21621621621621623,0.014308426073131956,0.058823529411764705,0.20985691573926868,0.1820349761526232,0.1041335453100159,0.6486486486486487,0.6669316375198728,0.03757911392405063,0.8235294117647058,0.034976152623211444,0.17011128775834658,.234,.407,8.6,27,20.46783625730994,89.7,42.9,15.9,10.9,29.5,.326,.508,.605,.344,4.761904761904762,3,17,3,0,14,3,10,88,26,34.375,62.352941176470594,90.56603773584905,10.15625
Antonio Menendez,ARI,,27,99,85,404,.324,.381,0.26232114467408585,0.45775433847846353,0.5308028616852146,0.12341772151898735,0.34340222575516693,0.3449920508744038,0.40381558028616854,0.40063593004769477,0.5429252782193958,0.4133545310015898,0.6446740858505564,0.6740858505564388,0.5834658187599364,0.8243243243243243,0.19395866454689983,0.5363924050632911,0.21462639109697934,0.23449920508744038,0.22257551669316375,.238,.373,6.9,11.1,26.991150442477874,87.5,34.5,24.2,7.5,23,.282,.384,.494,.362,4.040404040404041,4,11,7,1,24,3,24,187,43,46.28712871287129,70.78651685393258,84.92063492063492,10.643564356435645
Brady Basso,ATH,,28,38,35,137,.283,.360,0.26073131955484896,0.6216677923735352,0.8235294117647058,0.4671677215189873,0.7106518282988871,0.3688394276629571,0.568362480127186,0.8084260731319555,0.8227344992050875,0.6812400635930048,0.9252782193958664,0.9920508744038156,0.5635930047694754,0.4626391096979332,0.0890302066772655,0.8781645569620253,0.06677265500794913,0.021462639109697933,0.17647058823529413,.236,.339,3.8,7.9,29.57746478873239,85,19.2,23.7,14,20,.314,.368,.457,.400,2.631578947368421,1,3,2,0,11,1,9,70,14,51.09489051094891,74.24242424242425,91.83673469387756,10.218978102189784
Conor Grammes,FA,,28,22,14,102,.304,.390,0.2591414944356121,0.7205599354007767,0.929054054054054,0.5712025316455697,0.5357710651828299,0.9968203497615262,1,0.9721780604133545,0.0047694753577106515,0.00794912559618442,0.8497615262321144,0.8942766295707473,0.8831478537360891,0.958664546899841,0.9721780604133545,0.011075949367088608,1,0.8895071542130366,0.23370429252782193,.084,.101,0,31.8,16.923076923076927,85.9,28.6,31.8,2,40.7,.214,.500,.286,.429,0,0,7,1,0,3,0,7,27,11,26.470588235294123,43.24324324324325,75,10.784313725490195
Chandler Champlain,WSN,,26,561,501,2114,.330,.387,0.2575516693163752,0.32793722496696254,0.30922098569157397,0.4932753164556962,0.28855325914149443,0.15262321144674085,0.20190779014308427,0.5079491255961844,0.7289348171701113,0.32273449920508746,0.29093799682034976,0.23608903020667726,0.1740858505564388,0.492845786963434,0.04531001589825119,0.5561708860759493,0.46899841017488075,0.11764705882352941,0.057233704292527825,.260,.413,6.2,9.1,25.824693685202643,89.2,42,17.8,13.4,18,.315,.385,.513,.360,4.45632798573975,25,51,29,5,158,20,100,982,177,46.45222327341533,67.23646723646723,87.14689265536724,8.37275307473983
Leonardo Taveras,FA,,27,102,79,434,.351,.323,0.2559618441971383,0.4572471415011437,0.542329093799682,0.8995253164556962,0.1422893481717011,0.4872813990461049,0.45866454689984104,0.4220985691573927,0.04451510333863275,0.302066772655008,0.7925278219395866,0.4960254372019078,0.26788553259141495,0.7273449920508744,0.4467408585055644,0.26305379746835444,0.6828298887122417,0.3068362480127186,0.35771065182829886,.227,.359,6.8,20.6,25.6198347107438,86.6,37.3,19.6,9.6,26.9,.190,.373,.316,.228,3.92156862745098,4,21,2,1,15,2,20,186,50,42.857142857142854,64.58333333333334,83.87096774193549,11.52073732718894
Luis Moreno,MIA,,26,120,100,466,.305,.342,0.2543720190779014,0.40966763137858625,0.4642289348171701,0.35957278481012656,0.527027027027027,0.5763116057233705,0.7281399046104928,0.5985691573926868,0.21065182829888712,0.16057233704292528,0.356120826709062,0.1740858505564388,0.397456279809221,0.5993640699523053,0.22813990461049286,0.0814873417721519,0.9602543720190779,0.07631160572337042,0.10651828298887123,.220,.309,5.6,15,23.3201581027668,88.9,43.1,21.7,11.8,23.6,.260,.375,.390,.319,3.333333333333333,4,18,2,1,26,3,26,182,43,39.05579399141631,57.74647887323944,88.6178861788618,9.227467811158801
Garrett Schoenle,CHW,,27,132,113,530,.328,.372,0.2527821939586645,0.39288485129768635,0.4105723370429253,0.5850474683544303,0.3036565977742448,0.19475357710651828,0.2599364069952305,0.6351351351351351,0.5047694753577107,0.7329093799682035,0.3767885532591415,0.37042925278219396,0.1041335453100159,0.19395866454689983,0.45310015898251194,0.7990506329113924,0.04292527821939587,0.3863275039745628,0.6391096979332274,.253,.399,5.3,11.4,30.16393442622951,88.8,39.4,15.9,17.6,27.1,.301,.386,.469,.326,3.787878787878788,5,15,4,0,34,5,21,262,71,49.433962264150935,75.55555555555556,82.94117647058825,13.39622641509434
Jack Little,DET,,28,258,233,993,.291,.287,0.25119236883942764,0.4594974022794201,0.3676470588235294,0.5712025316455697,0.6383147853736089,0.5604133545310016,0.43720190779014306,0.541335453100159,0.834658187599364,0.7138314785373608,0.31001589825119236,0.1820349761526232,0.32829888712241656,0.1359300476947536,0.26073131955484896,0.9248417721518988,0.058823529411764705,0.44038155802861684,0.5389507154213037,.221,.365,6,7.8,29.896907216494853,89.1,42.9,20.5,18.6,24.2,.236,.298,.352,.281,4.263565891472869,11,20,10,1,55,5,53,524,127,52.7693856998993,74.60629921259844,82.32189973614777,12.789526686807651
Michael Darrell-Hicks,FA,,28,176,153,647,.338,.420,0.24960254372019078,0.4000442526480315,0.1687201907790143,0.8219936708860759,0.21144674085850557,0.09777424483306836,0.17329093799682035,0.30286168521462636,0.7289348171701113,0.6947535771065183,0.06915739268680444,0.12957074721780604,0.42686804451510335,0.5993640699523053,0.5445151033386327,0.6218354430379747,0.397456279809221,0.22972972972972974,0.6232114467408585,.271,.422,7.7,9.1,29.745042492917843,90.9,44.4,22.2,11.8,28.2,.346,.415,.575,.418,5.113636363636363,9,16,10,2,53,7,39,305,86,47.140649149922716,68.02721088435375,85,13.292117465224113
Alex Cornwell,STL,,26,421,370,1552,.319,.353,0.2480127186009539,0.4529012212137678,0.5802861685214626,0.3338607594936709,0.39268680445151033,0.16295707472178061,0.4220985691573927,0.7837837837837838,0.5802861685214626,0.44753577106518283,0.609697933227345,0.505564387917329,0.1359300476947536,0.9332273449920508,0.1271860095389507,0.6803797468354429,0.27503974562798095,0.12559618441971382,0.1907790143084261,.258,.368,4,10.7,27.192982456140356,87.7,36.9,16.9,3.9,21.7,.295,.375,.427,.342,2.8503562945368173,12,45,16,3,109,9,71,741,161,47.74484536082475,69.49602122015915,87.02290076335878,10.373711340206189
Hunter Gregory,FA,,27,61,43,279,.357,.453,0.246422893481717,0.3759681183883064,0.5186804451510334,0.6475474683544303,0.12162162162162163,0.4300476947535771,0.5818759936406995,0.8648648648648649,0.017488076311605722,0.14467408585055644,0.5882352941176471,0.0397456279809221,0.27821939586645467,0.11208267090620032,0.685214626391097,0.1973892405063291,0.5882352941176471,0.9236883942766295,0.48807631160572335,.232,.337,3.1,26.2,23.07692307692308,87.8,50,19.7,19.1,29.9,.326,.492,.581,.367,1.639344262295082,1,16,2,0,14,3,12,117,35,41.935483870967744,65.85365853658537,74.07407407407408,12.544802867383511
Paxton Schultz,WSN,,28,194,175,774,.282,.277,0.24483306836248012,0.4533601511507785,0.30226550079491254,0.4291930379746836,0.7178060413354531,0.7376788553259142,0.41812400635930047,0.23052464228934816,0.7567567567567568,0.7074721780604134,0.1931637519872814,0.3672496025437202,0.5635930047694754,0.031001589825119236,0.287758346581876,0.7484177215189873,0.22257551669316375,0.26232114467408585,0.42527821939586646,.201,.369,8.5,8.8,29.80769230769231,89.8,39.5,23.7,23.8,24.7,.211,.278,.354,.254,5.6701030927835046,11,17,6,2,37,5,46,377,93,48.70801033591732,70.6703910614525,84.58498023715416,12.015503875968992
Nick Dombkowski,PIT,,27,306,274,1199,.325,.350,0.24324324324324326,0.3845449775445587,0.3306836248012719,0.40150316455696206,0.33068362480127184,0.3354531001589825,0.1534181240063593,0.2591414944356121,0.7186009538950715,0.7400635930047694,0.5635930047694754,0.3465818759936407,0.3354531001589825,0.1422893481717011,0.287758346581876,0.6408227848101266,0.49920508744038156,0.3751987281399046,0.39109697933227344,.239,.428,8.1,9.2,30.3125,87.9,39.8,20.6,18.5,24.7,.270,.343,.464,.303,5.5555555555555545,17,28,7,2,74,14,63,567,140,47.28940783986656,66.7262969588551,83.10991957104558,11.676396997497914
Frankie Scalzo Jr.,CHC,,26,85,69,338,.458,.556,0.24165341812400637,0.17724563846236405,0.009340222575516692,0.6333069620253164,0.00794912559618442,0.01192368839427663,0.00794912559618442,0.017488076311605722,0.19395866454689983,0.27821939586645467,0.003179650238473768,0.008744038155802861,0.294912559618442,0.24006359300476948,0.4292527821939587,0.6700949367088608,0.01589825119236884,0.3004769475357711,0.5214626391096979,.322,.639,15.4,15.3,25.25773195876289,95.3,59.6,20,16.8,26.7,.406,.518,.841,.478,9.411764705882351,8,13,12,0,28,6,17,161,43,47.63313609467456,77.7777777777778,83.92857142857143,12.721893491124261
Dale Stanavich,FA,,26,139,103,574,.373,.412,0.24006359300476948,0.30177806133572144,0.17488076311605721,0.8097310126582279,0.0739268680445151,0.383147853736089,0.25119236883942764,0.28855325914149443,0.03179650238473768,0.006359300476947536,0.05087440381558029,0.10890302066772654,0.22416534181240064,0.7909379968203497,0.6017488076311606,0.039556962025316465,0.8394276629570747,0.6899841017488076,0.15580286168521462,.235,.400,7.8,22.3,16.42651296829971,91.3,45.5,18.7,8.3,28.8,.282,.453,.485,.315,4.316546762589929,6,31,3,0,29,6,26,198,57,34.494773519163765,62.11453744493392,79.43262411347519,9.930313588850174
Nolan Hoffman,PHI,,28,287,236,1184,.304,.334,0.2384737678855326,0.64065371915102,0.7855723370429253,0.4485759493670886,0.5357710651828299,0.6542130365659777,0.7170111287758346,0.6351351351351351,0.41573926868044514,0.38791732909379967,0.9181240063593005,0.8720190779014309,0.7647058823529411,0.5993640699523053,0.739268680445151,0.2484177215189873,0.9077901430842608,0.9213036565977742,0.6200317965023847,.211,.311,5.3,12.2,26.57004830917875,85.1,29.6,28.2,11.8,31.1,.242,.362,.386,.333,2.787456445993032,8,35,10,3,57,6,81,505,157,42.65202702702703,60.39076376554174,74.11764705882355,13.260135135135135
Kenyon Yovan,LAA,,28,173,150,698,.327,.360,0.2368839427662957,0.5271593028247906,0.6363275039745628,0.3338607594936709,0.31001589825119236,0.10333863275039745,0.45866454689984104,0.7305246422893482,0.5564387917329093,0.5325914149443561,0.7082670906200318,0.6478537360890302,0.5214626391096979,0.6836248012718601,0.739268680445151,0.6123417721518988,0.178060413354531,0.6112877583465819,0.7726550079491256,.270,.359,4.5,11,27.87723785166241,87.1,34.8,23.1,10.4,31.1,.307,.387,.433,.400,2.8901734104046244,5,19,11,1,46,2,40,328,102,46.99140401146133,71.33550488599349,80.36529680365297,14.613180515759316
Randy Vásquez,SDP,,27,37,31,139,.254,.312,0.23529411764705882,0.5619131964708565,0.767885532591415,0.8097310126582279,0.8966613672496025,0.9181240063593005,0.8362480127186009,0.30286168521462636,0.3179650238473768,0.05405405405405406,0.9610492845786963,0.9713831478537361,0.1136724960254372,0.5468998410174881,0.014308426073131956,0.09572784810126582,0.8680445151033387,0.0047694753577106515,0.00794912559618442,.170,.281,7.7,13.5,20.27027027027027,84.2,23.1,16.2,12.5,14.5,.226,.324,.387,.240,5.405405405405406,2,5,2,0,7,1,6,55,8,39.568345323741006,61.53846153846154,95,5.755395683453237
Blas Castaño,COL,,27,540,473,2017,.301,.335,0.23370429252782193,0.5297838034888946,0.700516693163752,0.4806170886075949,0.5532591414944356,0.5007949125596184,0.49364069952305245,0.7106518282988871,0.7082670906200318,0.356120826709062,0.8068362480127186,0.7909379968203497,0.1875993640699523,0.7233704292527822,0.04531001589825119,0.4375,0.7313195548489666,0.1271860095389507,0.0492845786963434,.226,.353,4.7,9.3,26.20481927710843,86.5,32.7,18,9.7,18,.260,.344,.421,.298,3.333333333333333,18,50,28,3,123,14,97,913,164,45.26524541398115,63.85896180215474,86.96319018404907,8.13088745661874
Jonathan Pintaro,NYM,,28,183,148,752,.313,.353,0.23211446740858505,0.4997342430386455,0.46005564387917325,0.7519778481012658,0.4467408585055644,0.6470588235294118,0.6168521462639109,0.40063593004769477,0.1724960254372019,0.28139904610492844,0.4133545310015898,0.4093799682034976,0.6263910969793323,0.575516693163752,0.6550079491255962,0.2405063291139241,0.8426073131955485,0.6112877583465819,0.4809220985691574,.212,.330,6.9,15.8,25.313283208020053,88.6,38.6,25.1,12.1,29.4,.250,.379,.419,.323,3.825136612021858,7,29,8,1,37,5,46,320,94,42.5531914893617,62.03966005665722,80.36529680365297,12.5
Drey Jameson,ARI,,28,61,53,241,.351,.451,0.23052464228934816,0.3883895180549127,0.060810810810810814,0.9786392405063292,0.1422893481717011,0.2480127186009539,0.08426073131955485,0.08108108108108109,0.34340222575516693,0.3052464228934817,0.05087440381558029,0.02702702702702703,0.8108108108108109,0.8195548489666137,0.7694753577106518,0.7333860759493671,0.33465818759936405,0.48569157392686807,0.8330683624801272,.247,.462,11.4,13.1,25.66371681415929,91.3,51.4,29.5,7.6,31.6,.340,.426,.642,.452,6.557377049180328,4,8,4,0,18,4,18,117,37,48.54771784232365,68.75,81.81818181818183,15.352697095435687
Angel Felipe,FA,,28,147,110,602,.329,.405,0.2289348171701113,0.641536937859304,0.8974562798092209,0.8097310126582279,0.29809220985691576,0.6923688394276629,0.8799682034976153,0.9356120826709062,0.02702702702702703,0.04769475357710652,0.931637519872814,0.8426073131955485,0.6669316375198728,0.8195548489666137,0.7472178060413355,0.03322784810126582,0.9952305246422893,0.45310015898251194,0.20349761526232116,.207,.267,1.4,23.8,19.822485207100588,84.9,30.6,25.9,7.6,31.2,.291,.469,.427,.429,0.6802721088435374,1,35,7,1,32,2,38,202,63,33.5548172757475,51.13636363636363,82.2222222222222,10.465116279069766
Aaron Davenport,CLE,,25,413,348,1585,.334,.358,0.2273449920508744,0.2799782342375883,0.2829888712241654,0.3247626582278481,0.2559618441971383,0.3688394276629571,0.31001589825119236,0.2591414944356121,0.34340222575516693,0.22575516693163752,0.27106518282988873,0.2917329093799682,0.2138314785373609,0.3068362480127186,0.18839427662957076,0.7088607594936709,0.06359300476947535,0.4379968203497615,0.2591414944356121,.236,.390,8.1,13.1,24.457831325301203,89.3,40.8,18.6,15.7,22.9,.259,.370,.445,.302,5.326876513317192,22,54,30,1,90,11,77,764,175,48.201892744479494,74.30463576158941,82.35294117647058,11.041009463722396
Seth Lonsway,SFG,,27,184,153,731,.289,.350,0.22575516693163752,0.5756270103405715,0.8420111287758347,0.3057753164556962,0.6605723370429253,0.670906200317965,0.7710651828298887,0.848966613672496,0.30604133545310014,0.2289348171701113,0.8664546899841018,0.8815580286168522,0.3441971383147854,0.9069952305246423,0.11605723370429252,0.27848101265822783,0.7885532591414944,0.178060413354531,0.10174880763116058,.209,.299,3.4,13.6,24.538258575197894,85.7,29.1,20.7,5.1,21.3,.281,.386,.405,.353,2.1739130434782608,4,25,11,1,43,2,38,315,67,43.09165526675787,63.06818181818182,86.03603603603605,9.165526675786591
Roman Angelo,ARI,,25,77,62,303,.338,.409,0.22416534181240064,0.3563205505859545,0.5043720190779014,0.4141613924050633,0.21144674085850557,0.5763116057233705,0.38235294117647056,0.7837837837837838,0.09538950715421304,0.10969793322734499,0.3942766295707472,0.45707472178060415,0.1359300476947536,0.5548489666136724,0.16057233704292528,0.10838607594936707,0.8926868044515104,0.1287758346581876,0.08267090620031796,.220,.378,4,18.2,22.424242424242426,88.7,38,16.9,12.4,22.3,.274,.403,.565,.298,2.5974025974025974,2,14,9,0,17,3,13,121,27,39.933993399339926,60.86956521739131,86.90476190476191,8.91089108910891
Justin Bruihl,STL,,28,169,153,655,.244,.254,0.22257551669316375,0.691099169953647,0.6645468998410176,0.11115506329113924,0.9228934817170111,0.8362480127186009,0.8736089030206677,0.6844197138314785,0.7941176470588235,0.5739268680445151,0.753577106518283,0.3465818759936407,0.8012718600953895,0.9570747217806042,0.6383147853736089,0.2681962025316456,0.972972972972973,0.5834658187599364,0.4848966613672496,.188,.268,4.9,8.3,28.434504792332266,86.8,39.8,29,2.3,29.2,.196,.272,.288,.267,2.9585798816568047,5,14,3,1,30,3,49,281,82,42.90076335877863,56.14035087719297,80.72916666666666,12.519083969465651
Jimmy Burnette,TOR,,27,68,43,290,.392,.435,0.22098569157392686,0.5331223523877563,0.7752384737678856,0.4141613924050633,0.04292527821939587,0.7257551669316376,0.8243243243243243,0.8084260731319555,0.011128775834658187,0.0047694753577106515,0.8068362480127186,0.6613672496025437,0.5468998410174881,0.895866454689984,0.6550079491255962,0.04351265822784809,0.7996820349761526,0.7965023847376789,0.1875993640699523,.203,.284,3.8,27.9,15.384615384615385,86.5,34.6,23.5,5.6,29.4,.279,.544,.372,.423,1.4705882352941175,1,19,1,0,12,1,16,102,30,35.172413793103445,62.809917355371894,77.63157894736842,10.344827586206897
Troy Watson,DET,,28,210,191,766,.286,.308,0.21939586645468998,0.598502128571237,0.5584260731319555,0.7519778481012658,0.6883942766295708,0.5468998410174881,0.43084260731319557,0.4220985691573927,0.8815580286168522,0.8728139904610492,0.6446740858505564,0.7360890302066773,0.294912559618442,0.4737678855325914,0.4379968203497615,0.7879746835443038,0.5691573926868044,0.19554848966613672,0.6073131955484896,.222,.366,6.8,7.1,32.64248704663213,87.5,33.6,20,13.8,26.8,.246,.300,.414,.276,4.761904761904762,10,15,5,3,47,7,42,377,101,49.21671018276763,66.05263157894737,85.6573705179283,13.185378590078328
Logan Boyer,FA,,28,249,206,1068,.357,.362,0.2178060413354531,0.3587137782328121,0.35989666136724957,0.8928006329113924,0.12162162162162163,0.09777424483306836,0.19236883942766295,0.5834658187599364,0.17567567567567569,0.4117647058823529,0.2543720190779014,0.4093799682034976,0.3004769475357711,0.2702702702702703,0.5945945945945946,0.6392405063291139,0.046104928457869634,0.6057233704292527,0.6693163751987281,.271,.415,5.7,15.7,26.935483870967737,89.4,38.6,20.1,16.3,28.7,.291,.406,.403,.359,3.6144578313253017,9,39,6,1,60,5,50,505,145,47.284644194756545,75.44642857142857,80.4733727810651,13.576779026217228
Joey Gerber,NYM,,28,192,171,777,.294,.362,0.21621621621621623,0.5079552572397416,0.3445945945945946,0.7345727848101266,0.615262321144674,0.5468998410174881,0.43084260731319557,0.3195548489666137,0.834658187599364,0.2066772655007949,0.22496025437201908,0.4030206677265501,0.7575516693163752,0.2821939586645469,0.739268680445151,0.5423259493670886,0.4292527821939587,0.8982511923688394,0.7503974562798092,.222,.366,7.6,7.8,24.146981627296586,89.6,38.7,28.1,16.1,31.1,.275,.344,.503,.345,4.6875,9,15,10,1,47,9,54,360,112,46.332046332046325,67.67676767676768,74.6268656716418,14.414414414414413
Stephen Jones,MIA,,28,37,33,143,.262,.371,0.21462639109697934,0.6779104763270344,0.8052464228934817,0.7939082278481012,0.8577106518282989,0.5389507154213037,0.9014308426073132,0.9721780604133545,0.5707472178060413,0.8426073131955485,0.8449920508744038,0.5023847376788553,0.1136724960254372,0.9825119236883942,0.2138314785373609,0.7159810126582279,0.5556438791732909,0.14069952305246422,0.27821939586645467,.223,.260,0,10.8,32,86,37,16.2,0.8,23.2,.364,.432,.394,.444,0,0,4,1,0,12,0,6,69,16,48.251748251748246,66.17647058823529,86.66666666666669,11.188811188811188
Sean Hjelle,FA,,28,282,258,1060,.259,.286,0.21303656597774245,0.6987689651211152,0.7408585055643879,0.4806170886075949,0.8744038155802861,0.7034976152623211,0.7225755166931638,0.4848966613672496,0.9403815580286169,0.7170111287758346,0.8418124006359301,0.9141494435612083,0.6104928457869634,0.8282988871224165,0.2670906200317965,0.5988924050632911,0.6502384737678856,0.21462639109697934,0.3338632750397456,.206,.310,6.3,5.7,29.927007299270077,86.1,27.5,24.8,7.4,24.3,.240,.295,.357,.319,4.25531914893617,12,16,18,3,62,2,70,497,121,46.88679245283019,65.0390625,85.28528528528528,11.415094339622641
Harold Chirino,FA,,28,222,185,823,.308,.354,0.21144674085850557,0.5741317278279768,0.7637122416534181,0.7345727848101266,0.49920508744038156,0.3688394276629571,0.7130365659777425,0.9427662957074722,0.41573926868044514,0.4435612082670906,0.7734499205087441,0.6255961844197139,0.23449920508744038,0.9157392686804452,0.22257551669316375,0.16534810126582278,0.9411764705882353,0.1478537360890302,0.1383147853736089,.236,.312,0.7,12.2,27.173913043478255,86.7,35.2,18.9,4.7,23.5,.286,.396,.395,.357,0.4504504504504504,1,27,10,2,53,2,42,340,80,41.312272174969614,59.22865013774105,86.51162790697674,9.720534629404618
Brett Kerry,LAA,,27,483,432,1792,.332,.410,0.20985691573926868,0.3140517250776465,0.28914944356120825,0.4291930379746836,0.27344992050874406,0.20429252782193957,0.10015898251192369,0.18600953895071543,0.7941176470588235,0.5039745627980922,0.3767885532591415,0.49364069952305245,0.13195548489666137,0.10890302066772654,0.16613672496025436,0.7405063291139241,0.12559618441971382,0.2273449920508744,0.246422893481717,.252,.451,9.1,8.3,27.70199370409234,88.8,37.4,16.8,19.2,22.4,.306,.366,.613,.318,6.625258799171842,32,40,44,4,132,27,81,871,195,48.604910714285715,72.34803337306317,85.00823723228996,10.881696428571427
Andrew Abbott,CIN,,26,42,37,176,.312,.393,0.2082670906200318,0.37746376775137014,0.43819554848966613,0.13449367088607594,0.4562798092209857,0.4769475357710652,0.32591414944356123,0.848966613672496,0.46502384737678853,0.2758346581875994,0.11287758346581876,0.46502384737678853,0.23926868044515104,0.5063593004769475,0.22257551669316375,0.5079113924050633,0.10810810810810811,0.3004769475357711,0.2368839427662957,.228,.388,3.4,11.9,25.25252525252525,90.4,37.9,19,13.2,23.5,.270,.357,.568,.269,2.380952380952381,1,5,2,0,10,3,8,81,19,46.02272727272727,72.72727272727273,83.92857142857143,10.795454545454543
Ken Waldichuk,WSN,,28,251,207,1093,.306,.424,0.2066772655007949,0.4931830273590791,0.6053259141494436,0.40150316455696206,0.5174880763116058,0.7448330683624801,0.6796502384737679,0.5985691573926868,0.14149443561208266,0.3942766295707472,0.43084260731319557,0.712241653418124,0.6422893481717011,0.178060413354531,0.4769475357710652,0.5181962025316456,0.17647058823529413,0.7583465818759937,0.49920508744038156,.200,.319,5.6,16.7,26.69902912621359,88.5,34,25.5,18,27.4,.300,.418,.580,.374,3.187250996015936,8,42,15,2,62,13,64,504,138,46.11161939615737,71.36842105263158,78.46607669616519,12.625800548947847
Jared Shuster,STL,,27,166,147,635,.332,.400,0.20508744038155802,0.39642731665023173,0.325516693163752,0.2555379746835443,0.27344992050874406,0.06836248012718601,0.22575516693163752,0.8577106518282989,0.7885532591414944,0.7424483306836248,0.12241653418124006,0.09618441971383147,0.1359300476947536,0.8243243243243243,0.36645468998410174,0.5712025316455697,0.2988871224165342,0.03815580286168521,0.41812400635930047,.281,.406,3.3,8.4,30.352303523035232,90.3,45.9,16.9,7.5,25.7,.333,.392,.551,.371,2.409638554216868,4,14,10,2,49,6,28,296,76,46.61417322834646,69.17293233082708,90.21739130434784,11.968503937007876
Trevor Rogers,BAL,,28,131,123,531,.280,.344,0.20349761526232116,0.5765113296002629,0.6377186009538951,0.4141613924050633,0.7368839427662957,0.2893481717011129,0.5453100158982512,0.6486486486486487,0.924483306836248,0.7265500794912559,0.7925278219395866,0.5643879173290938,0.28537360890302066,0.7726550079491256,0.2178060413354531,0.7397151898734177,0.49761526232114467,0.3656597774244833,0.3036565977742448,.243,.344,5.2,6.1,30.03802281368821,86.6,36.1,19.8,8.7,23.3,.309,.351,.439,.372,3.816793893129771,5,8,7,0,38,3,26,258,60,48.58757062146893,66.79104477611939,83.24022346368714,11.299435028248588
Chris Roycroft,STL,,28,207,180,796,.281,.326,0.20190779014308427,0.6584184531236374,0.8135930047694754,0.8358386075949367,0.7273449920508744,0.5389507154213037,0.7416534181240063,0.8696343402225755,0.4904610492845787,0.29411764705882354,0.9069952305246423,0.7360890302066773,0.4769475357710652,0.9650238473767886,0.3179650238473768,0.41693037974683533,0.6963434022257552,0.3585055643879173,0.3068362480127186,.223,.306,3,11.6,25.5050505050505,85.3,33.6,22.7,1.8,25.1,.278,.357,.378,.348,1.932367149758454,4,24,4,1,50,4,47,359,90,45.10050251256281,64.5,83.33333333333334,11.306532663316586
Brendan White,SEA,,27,159,135,602,.347,.397,0.20031796502384738,0.3546316758400247,0.23887122416534182,0.663370253164557,0.1685214626391097,0.19475357710651828,0.28855325914149443,0.23052464228934816,0.5802861685214626,0.31001589825119236,0.27106518282988873,0.16534181240063592,0.14069952305246422,0.8282988871224165,0.41414944356120825,0.5443037974683544,0.20747217806041335,0.4594594594594595,0.4594594594594595,.253,.394,8.5,10.7,25.68807339449541,89.3,43.4,17,7.4,26.5,.326,.409,.519,.380,5.6603773584905674,9,17,15,1,44,3,27,279,74,46.34551495016611,70.9090909090909,82.05128205128204,12.292358803986712
Jack Dashwood,ATL,,28,256,230,953,.338,.403,0.1987281399046105,0.4239650519376412,0.42885532591414943,0.3872626582278481,0.21144674085850557,0.09141494435612083,0.1271860095389507,0.34340222575516693,0.7726550079491256,0.9713831478537361,0.541335453100159,0.7034976152623211,0.4093799682034976,0.1422893481717011,0.3863275039745628,0.9359177215189872,0.10174880763116058,0.24483306836248012,0.7138314785373608,.274,.437,7.4,8.6,36.507936507936506,88,34.1,21.9,18.5,26,.335,.391,.557,.401,5.078125,13,22,15,3,77,10,56,511,133,53.62014690451207,72.82850779510022,84.70948012232415,13.955928646379853
Ty Cummings,SEA,,24,31,27,123,.425,.364,0.1971383147853736,0.2584490903785394,0.33386327503974567,0.2420886075949367,0.019077901430842606,0.03418124006359301,0.011128775834658187,0.02782193958664547,0.6685214626391097,0.019077901430842606,0.541335453100159,0.7551669316375199,0.2559618441971383,0.3998410174880763,0.1271860095389507,0.05854430379746835,0.9252782193958664,0.21303656597774245,0.04769475357710652,.304,.606,14.3,9.7,18.181818181818183,88,33.3,19.4,14.7,21.7,.259,.355,.481,.263,9.677419354838712,3,3,0,0,7,2,6,46,10,37.398373983739845,59.649122807017534,85.29411764705883,8.130081300813007
Logan Gilbert,SEA,,28,43,36,177,.287,.288,0.19554848966613672,0.5691525188162847,0.576510333863275,0.7622626582278481,0.6772655007949125,0.7655007949125596,0.5818759936406995,0.8084260731319555,0.7082670906200318,0.13036565977742448,0.2543720190779014,0.6613672496025437,0.6494435612082671,0.44435612082670906,0.3863275039745628,0.15981012658227847,0.8791732909379968,0.14546899841017488,0.2289348171701113,.197,.337,3.8,9.3,22.82608695652174,89.4,34.6,25.6,14.2,26,.222,.326,.306,.308,2.3255813953488373,1,4,3,0,8,0,11,73,19,41.24293785310734,61.17647058823529,86.53846153846155,10.734463276836157
Triston McKenzie,SDP,,28,43,24,191,.393,.372,0.19395866454689983,0.5243172074252211,0.6999205087440382,0.7345727848101266,0.0397456279809221,0.9618441971383148,0.9682034976152624,0.9721780604133545,0.001589825119236884,0.17965023847376788,0.27106518282988873,0.5882352941176471,0.6494435612082671,0.001589825119236884,0.9236883942766295,0.1028481012658228,0.15023847376788554,0.9602543720190779,0.7758346581875993,.157,.219,0,39.5,23.622047244094485,89.3,35.7,25.6,31.6,36.8,.167,.512,.167,.286,0,0,17,0,0,4,0,11,76,28,39.79057591623037,71.875,71.73913043478261,14.659685863874344
Jack Sinclair,WSN,,26,194,162,769,.348,.365,0.19236883942766295,0.2894923439355215,0.24582670906200318,0.3872626582278481,0.16454689984101747,0.2480127186009539,0.1534181240063593,0.24721780604133545,0.3251192368839428,0.2527821939586645,0.29093799682034976,0.2917329093799682,0.42686804451510335,0.4109697933227345,0.27503974562798095,0.2492088607594937,0.8036565977742448,0.40381558028616854,0.19236883942766295,.247,.428,8.3,13.4,24.93887530562348,89.2,40.8,22.2,14.6,24.4,.284,.392,.438,.359,5.154639175257731,10,26,11,1,46,4,43,328,80,42.65279583875163,62.77777777777778,82.7433628318584,10.403120936280882
Hunter Dobbins,STL,,26,53,47,204,.359,.349,0.1907790143084261,0.24267598760338896,0.13970588235294118,0.9272151898734176,0.11287758346581876,0.16295707472178061,0.05802861685214626,0.05087440381558029,0.5174880763116058,0.07313195548489666,0.3298887122416534,0.12003179650238474,0.05087440381558029,0.3656597774244833,0.14308426073131955,0.5656645569620253,0.3847376788553259,0.651033386327504,0.18441971383147854,.258,.494,12.5,11.3,21.27659574468085,89,45,13.2,15.1,22.1,.234,.321,.489,.194,9.433962264150944,5,6,0,0,11,4,7,95,21,46.568627450980394,68.18181818181817,80,10.294117647058822
Carson Ragsdale,FA,,27,391,340,1508,.296,.348,0.1891891891891892,0.44759703509354476,0.48589030206677264,0.4291930379746836,0.6001589825119237,0.7034976152623211,0.5214626391096979,0.3195548489666137,0.4507154213036566,0.5866454689984102,0.4546899841017488,0.6478537360890302,0.27821939586645467,0.16534181240063592,0.2138314785373609,0.4303797468354431,0.7042925278219396,0.10333863275039745,0.20508744038155802,.206,.348,7.6,12,28.57142857142857,88.4,34.8,19.7,18.2,23.2,.244,.340,.462,.261,5.115089514066496,20,47,11,3,83,19,77,682,158,45.225464190981434,64.29587482219061,87.61061946902655,10.477453580901855
Levi Stoudt,PHI,,28,109,94,433,.316,.363,0.1875993640699523,0.47611850611780815,0.45747217806041335,0.8358386075949367,0.4220985691573927,0.4300476947535771,0.41812400635930047,0.6597774244833068,0.35771065182829886,0.8139904610492846,0.2543720190779014,0.49761526232114467,0.0985691573926868,0.6740858505564388,0.25119236883942764,0.9295886075949368,0.00794912559618442,0.3688394276629571,0.5119236883942766,.232,.369,5.1,12.8,31.380753138075317,89.4,37.2,15.6,10.5,23.9,.287,.376,.457,.320,3.669724770642202,4,14,7,0,27,3,17,230,55,53.11778290993072,79.89690721649485,83.2258064516129,12.702078521939955
Chase Plymell,CHW,,27,221,192,825,.319,.315,0.18600953895071543,0.4185471945791659,0.4922496025437202,0.5185917721518988,0.39268680445151033,0.17329093799682035,0.23767885532591415,0.609697933227345,0.7726550079491256,0.5802861685214626,0.6446740858505564,0.4769475357710652,0.08426073131955485,0.34340222575516693,0.18839427662957076,0.7412974683544303,0.2543720190779014,0.3354531001589825,0.2702702702702703,.256,.402,5.5,8.6,28.53773584905661,87.5,37.6,14.9,15.3,22.9,.266,.330,.396,.290,4.072398190045249,9,19,11,1,51,4,33,401,92,48.60606060606061,69.82543640897757,83.57142857142857,11.15151515151515
Chris Rodriguez,CHW,,27,187,158,735,.322,.380,0.18441971383147854,0.40095729105874295,0.2577503974562798,0.6914556962025317,0.3656597774244833,0.5317965023847376,0.41017488076311603,0.34340222575516693,0.4030206677265501,0.32432432432432434,0.22496025437201908,0.05246422893481717,0.22416534181240064,0.895866454689984,0.3441971383147854,0.28955696202531644,0.7869634340222575,0.3068362480127186,0.2575516693163752,.224,.371,7.4,12.3,25.83120204603581,89.6,48.4,18.7,5.6,25.5,.278,.390,.481,.325,4.81283422459893,9,23,8,3,44,6,35,318,81,43.265306122448976,63.08139534883721,83.87096774193549,11.020408163265307
Seth Shuman,WSN,,28,395,365,1417,.329,.372,0.18282988871224165,0.3389113995324438,0.07710651828298887,0.7155854430379747,0.29809220985691576,0.18124006359300476,0.08426073131955485,0.12957074721780604,0.9491255961844197,0.8600953895071543,0.03577106518282989,0.058823529411764705,0.3124006359300477,0.3235294117647059,0.11844197138314785,0.8575949367088608,0.31001589825119236,0.08585055643879173,0.2384737678855326,.255,.462,10.1,5.3,32.40611961057024,92,47.9,20.3,15.5,21.4,.299,.342,.534,.328,7.341772151898733,29,21,23,0,109,21,80,715,153,50.45871559633027,69.05444126074497,88.17427385892117,10.797459421312633
Daniel Harper,PHI,,26,75,64,296,.376,.434,0.18124006359300476,0.20884870583539608,0.07154213036565978,0.7033227848101266,0.07074721780604133,0.30286168521462636,0.031001589825119236,0.058823529411764705,0.4507154213036566,0.26073131955484896,0.014308426073131956,0.1820349761526232,0.1534181240063593,0.011128775834658187,0.2670906200317965,0.6435917721518988,0.13513513513513514,0.7742448330683624,0.3481717011128776,.242,.531,12.2,12,25,93.4,42.9,17.3,26.5,24.3,.313,.387,.672,.313,8,6,9,6,1,20,5,13,140,34,47.2972972972973,72.14285714285714,78.21782178217822,11.486486486486488
Andrew Saalfrank,ARI,,28,47,37,200,.260,.270,0.17965023847376788,0.6308308785796221,0.7329093799682035,0.07950949367088607,0.8680445151033387,0.9713831478537361,0.9642289348171701,0.7567567567567568,0.0643879173290938,0.13513513513513514,0.7241653418124007,0.4864864864864865,0.8235294117647058,0.7368839427662957,0.9594594594594594,0.0925632911392405,0.7599364069952306,0.9395866454689984,0.8473767885532592,.151,.224,4.2,19.1,22.881355932203395,87,37.5,29.8,9.4,39.2,.162,.319,.243,.217,2.127659574468085,1,9,0,0,6,1,14,79,31,39.5,63.414634146341456,73.07692307692307,15.5
Mason Thompson,TEX,,28,46,38,169,.363,.366,0.178060413354531,0.31097772777431193,0.1671303656597774,0.663370253164557,0.10333863275039745,0.04054054054054054,0.16216216216216217,0.40063593004769477,0.3505564387917329,0.19793322734499205,0.05087440381558029,0.054848966613672494,0.397456279809221,0.5,0.8100158982511924,0.6487341772151899,0.10015898251192369,0.9697933227344993,0.8354531001589826,.296,.424,6.9,13,23.863636363636363,91.3,48.3,21.7,13.3,32.5,.289,.391,.447,.357,4.3478260869565215,2,6,3,0,11,1,10,80,26,47.33727810650888,72.83950617283949,71.18644067796609,15.384615384615385
Michael Caldon,BAL,,23,40,29,162,.343,.329,0.17647058823529413,0.28085102391110395,0.4850953895071542,0.29549050632911394,0.18600953895071543,0.7655007949125596,0.7567567567567568,0.9721780604133545,0.012718600953895072,0.10651828298887123,0.0643879173290938,0.14705882352941177,0.017488076311605722,0.012718600953895072,0.033386327503974564,0.14319620253164558,0.5556438791732909,0.025437201907790145,0.02066772655007949,.197,.303,0,27.5,22.34042553191489,91,44,10,26.4,16.7,.172,.400,.276,.167,0,0,11,0,0,5,1,4,66,11,40.74074074074074,66.17647058823529,91.11111111111113,6.790123456790122
Joel Peguero,SFG,,28,190,165,728,.349,.351,0.17488076311605724,0.40302223994284686,0.1836248012718601,0.9960443037974684,0.15818759936406995,0.10969793322734499,0.15818759936406995,0.178060413354531,0.43243243243243246,0.6581875993640699,0.16216216216216217,0.23608903020667726,0.5834658187599364,0.5620031796502385,0.6017488076311606,0.872626582278481,0.12241653418124006,0.7090620031796503,0.7790143084260731,.269,.425,9.2,12.1,29.2817679558011,90,42,24.2,12.3,28.8,.267,.363,.436,.348,5.7894736842105265,11,23,12,2,44,4,46,371,107,50.96153846153846,72.40437158469945,79.24528301886792,14.6978021978022
Drake Fellows,FA,,28,477,423,1796,.296,.321,0.17329093799682035,0.4817752355389641,0.5677662957074722,0.2701740506329114,0.6001589825119237,0.4491255961844197,0.49364069952305245,0.7305246422893482,0.678060413354531,0.43084260731319557,0.541335453100159,0.505564387917329,0.27821939586645467,0.46740858505564387,0.33624801271860094,0.5743670886075949,0.3640699523052464,0.246422893481717,0.4069952305246423,.230,.353,4.5,9.6,27.08994708994709,88,36.9,19.7,13.9,25.4,.255,.333,.397,.302,3.1446540880503147,15,46,19,4,108,11,94,838,213,46.659242761692646,68.39012925969448,84.70790378006873,11.859688195991092
Ray Gaither,FA,,28,112,96,444,.326,.323,0.17170111287758347,0.4881959048586934,0.6724960254372019,0.5324367088607594,0.3195548489666137,0.39825119236883944,0.38553259141494434,0.5834658187599364,0.3783783783783784,0.7281399046104928,0.8577106518282989,0.863275039745628,0.22972972972972974,0.4546899841017488,0.1271860095389507,0.4794303797468354,0.6327503974562798,0.1359300476947536,0.15262321144674085,.234,.377,5.7,12.5,30.081300813008127,85.8,30,18.8,14.1,21.7,.229,.339,.385,.264,3.571428571428571,4,14,2,2,22,3,21,203,44,45.72072072072072,65.15151515151516,86.8217054263566,9.90990990990991
Kevin Gowdy,NYM,,28,172,146,642,.333,.383,0.17011128775834658,0.4238633819504538,0.22873608903020667,0.8097310126582279,0.2631160572337043,0.22257551669316375,0.26788553259141495,0.27106518282988873,0.4904610492845787,0.6883942766295708,0.2384737678855326,0.13751987281399047,0.2138314785373609,0.980127186009539,0.5031796502384738,0.32832278481012656,0.7567567567567568,0.06836248012718601,0.43720190779014306,.250,.398,8,11.6,29.649595687331534,89.5,44.2,18.6,1,27.7,.308,.401,.479,.360,5.232558139534883,9,20,10,0,45,5,32,282,78,43.92523364485981,63.46863468634685,88.953488372093,12.149532710280376
Raymond Burgos,FA,,27,113,100,396,.333,.428,0.1685214626391097,0.3521306465624225,0.2515898251192369,0.37262658227848106,0.2631160572337043,0.0794912559618442,0.28139904610492844,0.30286168521462636,0.8815580286168522,0.32909379968203495,0.20985691573926868,0.212241653418124,0.3203497615262321,0.9523052464228935,0.02066772655007949,0.4529272151898734,0.7217806041335453,0.033386327503974564,0.025437201907790145,.277,.396,7.7,7.1,25.90673575129533,89.7,42.3,20.4,2.8,15.6,.370,.438,.550,.452,5.3097345132743365,6,8,6,0,37,4,23,180,28,45.45454545454545,64.03940886699506,90.76923076923076,7.070707070707071
Matt Brash,SEA,,27,27,25,103,.361,.416,0.1669316375198728,0.3135259759480255,0.05723370429252782,0.7519778481012658,0.10731319554848967,0.01987281399046105,0.08108108108108109,0.1383147853736089,0.8600953895071543,0.45866454689984104,0.0047694753577106515,0.0047694753577106515,0.20508744038155802,0.8553259141494436,0.27503974562798095,0.31329113924050633,0.8139904610492846,0.04054054054054054,0.22575516693163752,.316,.463,10,7.4,27.27272727272727,95.1,65,18.5,6.5,24.4,.360,.407,.560,.421,7.4074074074074066,2,2,2,0,9,1,5,45,11,43.68932038834952,62.5,90,10.679611650485436
Max Rajcic,STL,,24,220,184,857,.403,.409,0.16534181240063592,0.2013788441736599,0.1720985691573927,0.4141613924050633,0.03179650238473768,0.030206677265500796,0.031001589825119236,0.12957074721780604,0.4030206677265501,0.23052464228934816,0.20985691573926868,0.3179650238473768,0.04213036565977742,0.4332273449920509,0.14308426073131955,0.5632911392405063,0.09379968203497616,0.20508744038155802,0.17965023847376788,.307,.531,10.1,12.3,24.57264957264957,89.7,40.3,12.7,14.3,22.1,.310,.406,.554,.315,7.2727272727272725,16,27,9,3,57,10,28,399,88,46.55775962660443,73.00771208226222,85.56338028169014,10.268378063010502
Evan McKendry,MIA,,28,378,350,1366,.300,.339,0.16375198728139906,0.518922671275147,0.6347376788553258,0.22389240506329114,0.56120826709062,0.30286168521462636,0.28855325914149443,0.4642289348171701,0.9737678855325914,0.8553259141494436,0.8871224165341812,0.8990461049284578,0.10810810810810811,0.527027027027027,0.1359300476947536,0.9446202531645571,0.08267090620031796,0.24960254372019078,0.40540540540540543,.242,.394,6.5,4.5,32.248062015503876,85.5,28.5,16.1,12.9,22,.269,.317,.471,.281,5.026455026455026,19,17,20,0,94,17,61,737,162,53.953147877013166,73.37031900138696,84.68809073724006,11.859443631039534
T.J. Sikkema,BOS,,27,99,89,398,.307,.308,0.16216216216216217,0.47671909274315266,0.681637519872814,0.3247626582278481,0.5079491255961844,0.26232114467408585,0.4411764705882353,0.9356120826709062,0.8076311605723371,0.25119236883942764,0.7241653418124007,0.6255961844197139,0.1136724960254372,0.6168521462639109,0.10969793322734499,0.5822784810126582,0.20985691573926868,0.2766295707472178,0.14626391096979333,.246,.363,1.4,8.1,24.880382775119614,87,35.2,16.2,11.5,21,.247,.323,.371,.292,1.0101010101010102,1,8,6,1,22,1,16,186,39,46.73366834170854,70.8994708994709,84.32835820895522,9.798994974874372
Brandon Komar,FA,,26,89,75,307,.311,.384,0.16057233704292528,0.4806555030924446,0.6981319554848966,0.08742088607594936,0.46740858505564387,0.31558028616852146,0.45866454689984104,0.5079491255961844,0.3179650238473768,0.7909379968203497,0.8664546899841018,0.9594594594594594,0.058823529411764705,0.8593004769475358,0.07790143084260731,0.8204113924050633,0.11128775834658187,0.0890302066772655,0.14149443561208266,.241,.359,6.2,13.5,30.952380952380953,85.7,24.6,13.5,6.4,19.6,.333,.416,.467,.365,4.49438202247191,4,12,4,0,25,2,12,153,30,49.83713355048861,72.66187050359713,88.11881188118812,9.77198697068404
Nick Krauth,TEX,,26,33,30,130,.357,.426,0.1589825119236884,0.26568846513117733,0.22019077901430842,0.11115506329113924,0.12162162162162163,0.05564387917329094,0.07313195548489666,0.20508744038155802,0.7289348171701113,0.3139904610492846,0.541335453100159,0.06120826709062003,0.19475357710651828,0.3139904610492846,0.46740858505564387,0.22072784810126586,0.8616852146263911,0.151033386327504,0.3656597774244833,.285,.471,8.7,9.1,25.71428571428571,88,47.8,18.2,15.6,27.3,.367,.424,.567,.435,6.0606060606060606,2,3,3,0,11,1,6,55,15,42.307692307692314,61.66666666666667,86.4864864864865,11.538461538461537
Alek Manoah,LAA,,28,144,123,550,.338,.330,0.1573926868044515,0.4852719493972751,0.5467011128775834,0.3057753164556962,0.21144674085850557,0.4149443561208267,0.17885532591414943,0.1518282988871224,0.3783783783783784,0.8108108108108109,0.8990461049284578,0.9570747217806042,0.3505564387917329,0.5699523052464229,0.5945945945945946,0.6542721518987342,0.37201907790143085,0.5500794912559619,0.678060413354531,.233,.421,9.7,12.5,31.290322580645164,85.4,24.7,20.8,12.2,28.7,.220,.333,.415,.241,6.25,9,18,4,1,27,6,30,261,75,47.45454545454545,68.33333333333333,81.09756097560977,13.636363636363635
Javier Assad,CHC,,28,67,59,254,.266,.275,0.15580286168521462,0.6092804049861477,0.7905405405405406,0.4671677215189873,0.8418124006359301,0.4491255961844197,0.863275039745628,0.9721780604133545,0.6065182829888712,0.4276629570747218,0.8577106518282989,0.46899841017488075,0.44594594594594594,0.8473767885532592,0.06359300476947535,0.16811708860759494,0.9697933227344993,0.04292527821939587,0.04292527821939587,.230,.270,0,10.4,27.06766917293233,85.8,37.8,22.4,6.8,19,.254,.328,.271,.333,0,0,7,1,0,15,0,15,105,20,41.33858267716536,57.02479338842975,89.8550724637681,7.874015748031495
Jason Blanchard,FA,,28,194,160,798,.318,.353,0.15421303656597773,0.5080766323378478,0.4831081081081081,0.4291930379746836,0.40540540540540543,0.3688394276629571,0.4785373608903021,0.6844197138314785,0.39109697933227344,0.78060413354531,0.3942766295707472,0.3751987281399046,0.4769475357710652,0.7178060413354531,0.5945945945945946,0.5830696202531646,0.492845786963434,0.4149443561208267,0.6422893481717011,.236,.356,4.9,12.4,30.786516853932586,88.7,39.3,22.7,9.8,28.7,.275,.373,.438,.336,3.09278350515464,6,24,9,1,44,5,44,373,107,46.74185463659147,66.85552407932012,82.62711864406779,13.408521303258144
Preston Johnson,FA,,26,56,40,238,.426,.424,0.15262321144674085,0.14654056863080503,0.038553259141494434,0.3872626582278481,0.017488076311605722,0.075516693163752,0.050079491255961846,0.0397456279809221,0.01589825119236884,0.1891891891891892,0.0246422893481717,0.0397456279809221,0.26788553259141495,0.11526232114467408,0.5357710651828299,0.12420886075949368,0.6255961844197139,0.44992050874403816,0.3179650238473768,.278,.508,13.3,26.8,23.776223776223773,92.9,50,19.6,19,28.1,.250,.446,.550,.259,7.142857142857142,4,15,3,0,10,3,11,96,27,40.33613445378151,65.26315789473685,82.25806451612904,11.344537815126053
Austin Krob,FA,,26,225,183,865,.334,.350,0.151033386327504,0.3123956572451081,0.2893481717011129,0.4291930379746836,0.2559618441971383,0.30286168521462636,0.4737678855325914,0.4848966613672496,0.18044515103338632,0.05564387917329094,0.06915739268680444,0.12957074721780604,0.22416534181240064,0.9769475357710652,0.16613672496025436,0.14003164556962025,0.6772655007949125,0.2178060413354531,0.0985691573926868,.242,.357,6.3,15.6,20.299145299145298,90.9,44.4,18.7,1.3,22.4,.262,.387,.399,.314,4,9,35,11,1,48,4,42,352,79,40.69364161849711,64.73551637279597,85.21400778210115,9.132947976878613
Tanner Burns,CLE,,27,156,135,646,.350,.329,0.1494435612082671,0.26133719930839255,0.20011923688394279,0.5589398734177216,0.15023847376788554,0.10333863275039745,0.10174880763116058,0.178060413354531,0.41573926868044514,0.21303656597774245,0.10174880763116058,0.4189189189189189,0.17965023847376788,0.4109697933227345,0.3036565977742448,0.38568037974683533,0.45310015898251194,0.3767885532591415,0.2686804451510334,.270,.450,9.2,12.2,24.18879056047198,90.5,38.5,17.9,14.6,24.9,.267,.353,.393,.305,6.41025641025641,10,19,3,1,36,4,28,289,72,44.73684210526316,67.42671009771986,83.09178743961353,11.145510835913312
Bryan Hudson,CHW,,28,136,121,498,.264,.319,0.1478537360890302,0.6121606004273075,0.71939586645469,0.3872626582278481,0.8497615262321144,0.5866454689984102,0.8314785373608903,0.9117647058823529,0.678060413354531,0.4737678855325914,0.5882352941176471,0.5461049284578696,0.4872813990461049,0.8394276629570747,0.16613672496025436,0.5680379746835443,0.863275039745628,0.27821939586645467,0.1987281399046105,.219,.282,2.2,9.6,27.397260273972602,87.8,36.3,22.8,7.1,22.4,.273,.341,.380,.341,1.4705882352941175,2,13,4,0,33,3,31,232,52,46.58634538152611,61.64874551971328,84.30232558139534,10.44176706827309
Keagan Gillies,BAL,,28,93,84,385,.308,.380,0.14626391096979333,0.4588990691641008,0.5254372019077901,0.4932753164556962,0.49920508744038156,0.2480127186009539,0.390302066772655,0.3314785373608903,0.6685214626391097,0.37758346581875996,0.690779014308426,0.6891891891891891,0.19952305246422894,0.643879173290938,0.27503974562798095,0.5846518987341772,0.2273449920508744,0.43402225755166934,0.33624801271860094,.247,.376,7.5,9.7,26.44230769230769,87.2,34.3,18.3,11,24.4,.321,.387,.488,.375,5.376344086021504,5,9,5,0,27,3,17,180,44,46.75324675324675,70.62146892655367,82.39999999999998,11.428571428571427
TJ Shook,COL,,27,27,22,122,.352,.334,0.14467408585055644,0.3881773212620662,0.620429252782194,0.4291930379746836,0.1359300476947536,0.2480127186009539,0.3449920508744038,0.5540540540540541,0.08744038155802862,0.3815580286168522,0.9705882352941176,0.6120826709062003,0.20508744038155802,0.10333863275039745,0.5858505564387917,0.11787974683544306,0.9666136724960255,0.9173290937996821,0.34578696343402227,.247,.385,5.9,18.5,26.470588235294123,83.8,35.3,18.5,19.4,28.6,.227,.370,.364,.250,3.7037037037037033,1,5,0,0,5,1,5,49,14,40.1639344262295,57.407407407407405,74.19354838709677,11.475409836065571
Mason Hickman,FA,,27,102,79,419,.343,.396,0.14308426073131955,0.39275074124757664,0.589825119236884,0.17246835443037975,0.18600953895071543,0.5389507154213037,0.5007949125596184,0.6192368839427663,0.11287758346581876,0.03259141494435612,0.519872813990461,0.71939586645469,0.3887122416534181,0.4546899841017488,0.46740858505564387,0.04746835443037975,0.9459459459459459,0.25834658187599363,0.14467408585055644,.223,.352,5.4,17.6,19.008264462809922,88.1,33.9,21.6,14.1,27.3,.304,.441,.456,.375,2.9411764705882346,3,18,3,0,24,3,22,150,41,35.79952267303103,58.75706214689265,84.61538461538461,9.785202863961814
Isaiah Campbell,ARI,,28,258,231,968,.324,.339,0.14149443561208266,0.4329685057824019,0.2780206677265501,0.7345727848101266,0.34340222575516693,0.13751987281399047,0.23767885532591415,0.30286168521462636,0.834658187599364,0.5437201907790143,0.27106518282988873,0.3004769475357711,0.19475357710651828,0.890302066772655,0.404610492845787,0.4529272151898734,0.712241653418124,0.46502384737678853,0.42289348171701113,.262,.402,7.7,7.8,28.000000000000004,89.3,40.7,18.2,5.8,26.4,.290,.357,.416,.343,5.426356589147288,14,20,12,1,67,5,47,440,116,45.45454545454545,64.1025641025641,82,11.983471074380164
Tanner Gordon,COL,,28,247,237,973,.319,.379,0.13990461049284578,0.4072166509864294,0.35214626391096976,0.35957278481012656,0.39268680445151033,0.09141494435612083,0.1271860095389507,0.3537360890302067,0.9793322734499205,0.931637519872814,0.609697933227345,0.3179650238473768,0.2138314785373609,0.3998410174880763,0.10969793322734499,0.9604430379746836,0.0794912559618442,0.3179650238473768,0.35532591414944353,.274,.437,7.3,4,34.6072186836518,87.7,40.3,18.6,14.7,21,.325,.352,.536,.374,5.668016194331983,14,10,21,1,77,9,46,533,112,54.77903391572456,73.70517928286853,83.7837837837838,11.510791366906474
Shinnosuke Ogasawara,WSN,,28,108,99,401,.280,.324,0.1383147853736089,0.4905601513184816,0.6377186009538951,0.1673259493670886,0.7368839427662957,0.383147853736089,0.5572337042925278,0.821939586645469,0.8600953895071543,0.6176470588235294,0.356120826709062,0.8155802861685215,0.16534181240063592,0.1875993640699523,0.2178060413354531,0.7049050632911392,0.17329093799682035,0.31160572337042924,0.28139904610492844,.235,.341,3.7,7.4,28.767123287671232,88.9,32.1,17.6,17.7,23.3,.283,.333,.414,.338,2.7777777777777777,3,8,4,3,28,1,19,193,45,48.12967581047381,71.42857142857143,83.84615384615384,11.221945137157107
Baron Stuart,NYY,,26,66,54,276,.354,.334,0.13672496025437203,0.3199584368899801,0.6025437201907791,0.7345727848101266,0.13036565977742448,0.2138314785373609,0.2599364069952305,0.5079491255961844,0.09538950715421304,0.09538950715421304,0.8871224165341812,0.7551669316375199,0.0047694753577106515,0.13116057233704292,0.02384737678855326,0.1843354430379747,0.5373608903020668,0.07074721780604133,0.01589825119236884,.251,.399,6.2,18.2,22.07792207792208,85.5,33.3,7.6,18.7,15.7,.241,.379,.352,.250,4.545454545454546,3,12,3,0,13,1,5,115,18,41.66666666666667,66.39344262295081,88.8888888888889,6.521739130434782
Shane Panzini,KCR,,24,109,93,411,.397,.389,0.13513513513513514,0.12595307751906784,0.0910174880763116,0.6020569620253164,0.03577106518282989,0.0643879173290938,0.022257551669316374,0.037360890302066775,0.2901430842607313,0.08267090620031796,0.13513513513513514,0.16931637519872814,0.029411764705882353,0.026232114467408585,0.016693163751987282,0.2768987341772152,0.5596184419713831,0.03179650238473768,0.017488076311605722,.282,.554,13.6,13.8,21.596244131455396,90.2,43.2,11.9,24.2,15.3,.269,.367,.548,.243,10.091743119266058,11,15,5,0,25,7,13,177,27,43.06569343065693,66.16161616161617,90.83969465648858,6.569343065693432
Nick Richmond,FA,,28,78,60,331,.356,.424,0.13354531001589826,0.41448678877127315,0.7380763116057234,0.7345727848101266,0.12559618441971382,0.08664546899841018,0.33465818759936405,0.7837837837837838,0.14149443561208266,0.17726550079491257,0.9705882352941176,0.863275039745628,0.12798092209856915,0.3998410174880763,0.22813990461049286,0.2199367088607595,0.7186009538950715,0.6820349761526232,0.1573926868044515,.275,.387,4,16.7,23.595505617977533,83.8,30,16.7,14.7,23.6,.350,.462,.533,.408,2.564102564102564,2,13,6,1,21,1,13,140,33,42.296072507552864,64.05228758169935,79.59183673469387,9.969788519637463
Tyler Baum,WSN,,28,60,47,238,.337,.449,0.13195548489666137,0.41030490305085426,0.48271065182829886,0.9228639240506328,0.22813990461049286,0.3688394276629571,0.5151033386327504,0.24721780604133545,0.14149443561208266,0.03259141494435612,0.7734499205087441,0.39507154213036566,0.294912559618442,0.6248012718600954,0.37917329093799684,0.04667721518987342,0.9904610492845787,0.8060413354531002,0.10969793322734499,.236,.349,8.3,16.7,19.008264462809922,86.7,38.9,20,11.4,25.9,.319,.450,.617,.344,5,3,10,0,1,15,4,12,85,22,35.714285714285715,52.991452991453,77.4193548387097,9.243697478991598
Luis Palacios,MIA,,25,68,58,278,.340,.382,0.13036565977742448,0.3499893927807181,0.7392686804451509,0.09335443037974683,0.19952305246422894,0.11287758346581876,0.38235294117647056,0.8084260731319555,0.23529411764705882,0.2368839427662957,0.8171701112877583,0.9491255961844197,0.009538950715421303,0.2933227344992051,0.06200317965023847,0.32674050632911394,0.06836248012718601,0.22972972972972974,0.05405405405405406,.268,.378,3.8,14.7,24.705882352941174,86.4,25,8.8,15.9,18.9,.328,.426,.431,.353,2.9411764705882346,2,10,3,0,19,1,6,122,23,43.884892086330936,74.07407407407408,85,8.273381294964029
Kyle Brnovich,PHI,,28,374,315,1458,.311,.391,0.1287758346581876,0.4141956143131218,0.4370031796502385,0.4671677215189873,0.46740858505564387,0.6160572337042926,0.4666136724960254,0.40063593004769477,0.34340222575516693,0.43402225755166934,0.3942766295707472,0.4864864864864865,0.4562798092209857,0.17090620031796502,0.2670906200317965,0.5664556962025317,0.48966613672496023,0.397456279809221,0.31160572337042924,.216,.358,6.9,13.1,27.114093959731544,88.7,37.5,22.5,18.1,24.3,.286,.390,.521,.342,4.27807486631016,16,49,23,3,90,15,84,679,165,46.57064471879287,66.90042075736325,82.80922431865828,11.316872427983537
Garrett Stallings,MIL,,28,399,372,1452,.301,.293,0.1271860095389507,0.4578229919234201,0.451510333863275,0.28401898734177217,0.5532591414944356,0.17329093799682035,0.3179650238473768,0.5540540540540541,0.9491255961844197,0.834658187599364,0.49761526232114467,0.4364069952305246,0.1875993640699523,0.4626391096979332,0.24324324324324326,0.7816455696202531,0.3497615262321145,0.2655007949125596,0.3942766295707472,.256,.389,5.9,5.3,31.764705882352942,88.2,38.2,18,14,23.8,.250,.286,.398,.283,4.511278195488722,18,21,16,6,93,9,72,714,170,49.173553719008275,68.5589519650655,84.50106157112526,11.707988980716252
Matt Manning,FA,,28,228,187,898,.340,.340,0.12559618441971382,0.29175596855232,0.15500794912559618,0.7753164556962026,0.19952305246422894,0.4626391096979332,0.23211446740858505,0.09618441971383147,0.1724960254372019,0.1573926868044515,0.16216216216216217,0.12957074721780604,0.4872813990461049,0.3656597774244833,0.26073131955484896,0.555379746835443,0.2845786963434022,0.5739268680445151,0.2861685214626391,.229,.403,11.1,15.8,23.2662192393736,90,44.4,22.8,15.1,24.2,.235,.360,.412,.282,6.578947368421053,15,36,8,2,44,7,52,417,101,46.43652561247215,69.40133037694012,80.83067092651757,11.247216035634745
Cesar Gomez,FA,,27,123,109,486,.386,.420,0.12400635930047695,0.26844288326859994,0.25079491255961844,0.8477056962025317,0.05802861685214626,0.03815580286168521,0.04769475357710652,0.12400635930047695,0.5890302066772655,0.13990461049284578,0.29093799682034976,0.5405405405405406,0.143879173290938,0.34340222575516693,0.05802861685214626,0.41218354430379744,0.3275039745627981,0.16057233704292528,0.06200317965023847,.300,.514,10.2,10.6,23.015873015873016,89.2,36.4,17.1,15.3,18.7,.330,.407,.578,.366,7.317073170731707,9,13,5,2,36,6,21,219,41,45.06172839506172,68.80341880341881,86.33540372670807,8.436213991769549
Dylan Heid,FA,,27,37,27,161,.371,.397,0.12241653418124006,0.2927878665150631,0.21621621621621623,0.34572784810126583,0.08108108108108109,0.829093799682035,0.33465818759936405,0.09618441971383147,0.037360890302066775,0.1192368839427663,0.3942766295707472,0.0397456279809221,0.7074721780604134,0.008744038155802861,0.519872813990461,0.0625,0.8855325914149443,0.11605723370429252,0.2178060413354531,.189,.387,11.1,21.6,22.680412371134018,88.7,50,27,26.7,27.9,.259,.432,.481,.353,5.405405405405406,2,8,3,0,7,1,10,61,17,37.888198757763966,60.9375,87.1794871794872,10.559006211180122
Cruz Noriega,FA,,28,98,80,391,.394,.453,0.12082670906200318,0.26605641615181824,0.06518282988871224,0.6020569620253164,0.03815580286168521,0.03179650238473768,0.06995230524642289,0.14626391096979333,0.15580286168521462,0.6963434022257552,0.02066772655007949,0.02384737678855326,0.3203497615262321,0.3139904610492846,0.7734499205087441,0.5110759493670886,0.1192368839427663,0.7440381558028617,0.7694753577106518,.305,.477,9.8,16.3,29.75206611570248,93.2,52.5,20.4,15.6,31.7,.350,.459,.613,.421,6.1224489795918355,6,16,7,1,28,4,20,180,57,46.035805626598474,72.48322147651007,78.7037037037037,14.578005115089516
Matt Cronin,FA,,28,50,44,205,.224,.207,0.1192368839427663,0.5332241271893636,0.5415341812400636,0.3247626582278481,0.9713831478537361,0.9570747217806042,0.9173290937996821,0.8751987281399046,0.6422893481717011,0.21701112877583467,0.27106518282988873,0.10254372019077901,0.294912559618442,0.7233704292527822,0.10174880763116058,0.2286392405063291,0.8950715421303657,0.3068362480127186,0.07472178060413355,.158,.253,2.9,10,24.271844660194176,89.3,45.7,20,9.7,20.7,.159,.240,.205,.200,2,1,5,2,0,7,0,10,87,18,42.439024390243894,60.784313725490186,83.87096774193549,8.780487804878048
Florencio Serrano,FA,,26,52,47,207,.359,.392,0.11764705882352941,0.23389474032856386,0.2740461049284579,0.1875,0.11287758346581876,0.07074721780604133,0.06836248012718601,0.30286168521462636,0.678060413354531,0.22257551669316375,0.1478537360890302,0.5771065182829889,0.09697933227344992,0.3322734499205087,0.009538950715421303,0.5949367088607594,0.019077901430842606,0.003179650238473768,0.012718600953895072,.280,.482,7.7,9.6,24.369747899159666,90.1,35.9,15.4,15.4,13.4,.298,.365,.553,.306,5.769230769230768,3,5,3,0,14,3,8,97,13,46.859903381642525,77.27272727272727,97.05882352941177,6.280193236714977
Morgan McSweeney,FA,,28,243,219,928,.272,.257,0.11605723370429252,0.5321916527473116,0.7180047694753577,0.17246835443037975,0.7957074721780604,0.6470588235294118,0.6589825119236884,0.7305246422893482,0.7289348171701113,0.7472178060413355,0.753577106518283,0.7289348171701113,0.1534181240063593,0.20906200317965024,0.06041335453100159,0.8322784810126582,0.16534181240063592,0.2384737678855326,0.12082670906200318,.212,.322,4.5,9.1,30.39014373716633,86.8,33.7,17.3,17.3,18.8,.205,.280,.288,.240,3.2921810699588483,8,22,7,1,45,3,42,464,87,50,71.65532879818595,84.81012658227847,9.375
Brett Sears,ATL,,25,43,37,161,.385,.488,0.11446740858505565,0.2621126163859317,0.19833068362480127,0.10799050632911393,0.06279809220985691,0.23370429252782193,0.01589825119236884,0.00794912559618442,0.9682034976152624,0.45866454689984104,0.5635930047694754,0.20588235294117646,0.07154213036565978,0.4109697933227345,0.03815580286168521,0.6281645569620253,0.18282988871224165,0.08187599364069953,0.046104928457869634,.248,.588,18.2,4.7,27.27272727272727,87.9,42.4,14,14.6,17.1,.297,.349,.892,.154,13.953488372093025,6,2,1,0,11,7,6,76,13,47.20496894409938,71.23287671232877,88.46153846153845,8.074534161490684
Ryan Garcia,FA,,28,257,213,1076,.335,.390,0.11287758346581876,0.3879833621782616,0.5411367249602543,0.3338607594936709,0.24960254372019078,0.44038155802861684,0.2599364069952305,0.25516693163751986,0.19952305246422894,0.35294117647058826,0.7925278219395866,0.8569157392686805,0.42686804451510335,0.1589825119236884,0.32909379968203495,0.2950949367088608,0.6359300476947536,0.6192368839427663,0.24960254372019078,.231,.399,8.2,15.2,26.166666666666664,86.6,30.2,22.2,18.3,25.3,.272,.385,.526,.299,5.058365758754863,13,39,7,1,58,15,57,467,118,43.40148698884758,65.12605042016807,80.3225806451613,10.966542750929367
Henry Williams,KCR,,24,43,32,158,.381,.382,0.11128775834658187,0.16875645656825852,0.1973370429252782,0.2420886075949367,0.06677265500794913,0.3688394276629571,0.1232114467408585,0.34340222575516693,0.08108108108108109,0.15580286168521462,0.1931637519872814,0.12957074721780604,0.07154213036565978,0.07154213036565978,0.178060413354531,0.08781645569620253,0.9570747217806042,0.09062003179650238,0.07790143084260731,.236,.438,7.4,18.6,23.255813953488367,89.8,44.4,14,20.6,22.6,.281,.442,.406,.308,4.651162790697675,2,8,1,0,9,1,6,62,14,39.24050632911392,58.33333333333334,88.09523809523809,8.860759493670884
Jordan Geber,NYM,,26,61,50,239,.390,.398,0.10969793322734499,0.18513030319038323,0.0983704292527822,0.29549050632911394,0.050079491255961846,0.30286168521462636,0.050079491255961846,0.05087440381558029,0.15023847376788554,0.5007949125596184,0.09220985691573927,0.20031796502384738,0.1875993640699523,0.10572337042925278,0.23529411764705882,0.6756329113924051,0.1685214626391097,0.25834658187599363,0.302066772655008,.242,.508,12.5,16.4,27.69230769230769,90.6,42.5,18,19.3,23.7,.280,.393,.540,.278,8.196721311475411,5,10,1,0,14,4,11,114,27,47.69874476987448,71.55963302752293,84.61538461538461,11.297071129707112
Ryan Middendorf,FA,,28,59,50,205,.323,.389,0.10810810810810811,0.48171632983504725,0.6764705882352942,0.5850474683544303,0.35532591414944353,0.1573926868044515,0.45866454689984104,0.699523052464229,0.6263910969793323,0.3314785373608903,0.7925278219395866,0.7551669316375199,0.06359300476947535,0.8593004769475358,0.09618441971383147,0.6859177215189873,0.13354531001589826,0.19236883942766295,0.13990461049284578,.259,.359,4.8,10.2,25.925925925925927,86.6,33.3,13.6,6.4,20.4,.360,.441,.440,.419,3.3898305084745757,2,6,4,0,18,0,8,98,20,47.80487804878049,72.16494845360825,85.71428571428571,9.75609756097561
Ryan Brady,FA,,27,61,49,255,.357,.381,0.10651828298887123,0.2709735226197903,0.22098569157392683,0.4806170886075949,0.12162162162162163,0.0643879173290938,0.10731319554848967,0.12162162162162163,0.34340222575516693,0.06200317965023847,0.6263910969793323,0.028616852146263912,0.1875993640699523,0.7965023847376789,0.31160572337042924,0.1463607594936709,0.7694753577106518,0.6271860095389508,0.17488076311605724,.282,.447,10.3,13.1,20.740740740740737,87.6,51.3,18,8.2,25,.367,.443,.429,.439,6.557377049180328,4,8,3,0,18,0,11,104,26,40.784313725490186,63.33333333333333,80.26315789473685,10.196078431372547
Caleb Kilian,SFG,,28,61,51,244,.335,.377,0.10492845786963434,0.3883983224661743,0.208664546899841,0.956487341772152,0.24960254372019078,0.4300476947535771,0.17329093799682035,0.3314785373608903,0.49523052464228934,0.07790143084260731,0.20985691573926868,0.12003179650238474,0.3744038155802862,0.8982511923688394,0.3441971383147854,0.4145569620253165,0.4864864864864865,0.34181240063593005,0.34578696343402227,.232,.422,7.5,11.5,21.367521367521366,89.7,45,21.3,5.4,25.5,.294,.377,.510,.324,4.918032786885246,3,7,2,0,15,3,13,110,28,45.08196721311475,66.92913385826772,83.52941176470588,11.475409836065571
Tanner Dodson,FA,,28,193,166,762,.300,.381,0.10333863275039745,0.5699930256485077,0.6848171701112877,0.6475474683544303,0.56120826709062,0.5866454689984102,0.6168521462639109,0.6351351351351351,0.39109697933227344,0.629570747217806,0.8751987281399046,0.6120826709062003,0.12400635930047695,0.9252782193958664,0.23529411764705882,0.34651898734177217,0.6089030206677265,0.1192368839427663,0.2082670906200318,.219,.330,5.3,12.4,28.893905191873582,85.6,35.3,16.6,4.1,23.7,.301,.399,.470,.349,3.6269430051813454,7,24,13,0,50,5,32,337,80,44.225721784776894,65.51724137931035,87.08133971291866,10.498687664041997
Patrick Monteverde,MIA,,28,388,354,1454,.305,.334,0.10174880763116058,0.3968750838515358,0.39407790143084265,0.12895569620253164,0.527027027027027,0.383147853736089,0.23767885532591415,0.19634340222575516,0.8012718600953895,0.48807631160572335,0.541335453100159,0.6009538950715422,0.37917329093799684,0.1232114467408585,0.35532591414944353,0.6455696202531646,0.43402225755166934,0.5246422893481717,0.4356120826709062,.235,.402,8.9,8.2,27.544097693351432,88,35.4,21.4,18.8,25.6,.251,.312,.466,.276,6.185567010309278,24,32,17,1,89,19,83,688,176,47.31774415405777,67.64295676429569,81.44329896907216,12.104539202200826
Evan Justice,COL,,27,141,114,583,.344,.371,0.10015898251192369,0.273351866619039,0.2044912559618442,0.663370253164557,0.17965023847376788,0.39825119236883944,0.36486486486486486,0.27106518282988873,0.1287758346581876,0.03815580286168521,0.10174880763116058,0.08028616852146264,0.2424483306836248,0.5317965023847376,0.27980922098569155,0.11075949367088607,0.7329093799682035,0.3672496025437202,0.14308426073131955,.234,.381,8,17,19.230769230769234,90.5,46.6,19.1,12.8,24.5,.254,.390,.456,.280,4.964539007092199,7,24,3,1,29,6,27,233,57,39.96569468267582,63.83763837638377,83.23699421965318,9.777015437392798
Zach Penrod,WSN,,28,172,130,713,.341,.406,0.0985691573926868,0.46850059408813144,0.671502384737679,0.8358386075949367,0.19395866454689983,0.4626391096979332,0.7225755166931638,0.9228934817170111,0.04133545310015898,0.20985691573926868,0.5635930047694754,0.4769475357710652,0.15659777424483307,0.5,0.5357710651828299,0.2333860759493671,0.40858505564387915,0.6216216216216216,0.4149443561208267,.229,.310,2,20.9,24.15458937198068,87.9,37.6,17.4,13.3,28.1,.308,.465,.446,.374,1.162790697674419,2,36,7,1,40,3,30,303,85,42.496493688639546,67.89297658862876,80.29556650246306,11.921458625525947
Billy Corcoran,ARI,,26,94,88,340,.358,.390,0.09697933227344992,0.22828957960194,0.09220985691573926,0.12341772151898735,0.11685214626391097,0.03418124006359301,0.06120826709062003,0.2591414944356121,0.9491255961844197,0.10333863275039745,0.03259141494435612,0.01589825119236884,0.10651828298887123,0.7432432432432432,0.19395866454689983,0.7302215189873418,0.12082670906200318,0.17567567567567569,0.2766295707472178,.304,.493,8.1,5.3,22.222222222222218,92.2,54.1,16,9.3,23,.341,.372,.545,.380,6.382978723404255,6,5,7,1,30,3,15,165,38,48.529411764705884,72.47191011235954,86.046511627907,11.176470588235297
Peter Van Loon,FA,,27,54,45,216,.367,.484,0.09538950715421304,0.19879417298907245,0.09896661367249604,0.3338607594936709,0.08982511923688394,0.18124006359300476,0.09220985691573927,0.025437201907790145,0.22496025437201908,0.17170111287758347,0.13513513513513514,0.14308426073131955,0.3203497615262321,0.356120826709062,0.31160572337042924,0.2440664556962025,0.7019077901430842,0.5119236883942766,0.22416534181240064,.255,.457,14.7,14.8,23.47826086956522,90.2,44.1,20.4,15.2,25,.356,.463,.689,.379,9.25925925925926,5,8,0,0,16,5,11,92,23,42.5925925925926,64.35643564356435,81.53846153846153,10.648148148148149
Bryce Jarvis,ARI,,28,368,314,1428,.333,.408,0.09379968203497616,0.3208747245477049,0.29988076311605727,0.4291930379746836,0.2631160572337043,0.356120826709062,0.22257551669316375,0.24721780604133545,0.4507154213036566,0.3275039745627981,0.3298887122416534,0.3998410174880763,0.26788553259141495,0.2273449920508744,0.32909379968203495,0.4264240506329114,0.48807631160572335,0.34340222575516693,0.3322734499205087,.237,.407,8.3,12,25.891677675033026,89,38.8,19.6,17,25.3,.309,.405,.548,.361,5.434782608695652,20,44,27,3,97,14,72,645,163,45.168067226890756,66.91505216095379,83.51893095768375,11.414565826330533
Ian Anderson,FA,,27,167,137,667,.344,.355,0.09220985691573927,0.3689034692734432,0.5256359300476947,0.5055379746835443,0.17965023847376788,0.17329093799682035,0.3497615262321145,0.7305246422893482,0.1327503974562798,0.404610492845787,0.6605723370429253,0.3616852146263911,0.1136724960254372,0.7368839427662957,0.07790143084260731,0.5870253164556962,0.15421303656597773,0.08426073131955485,0.10015898251192369,.256,.384,4.5,16.8,26.88172043010752,87.4,39.6,16.2,9.4,19.6,.277,.395,.401,.327,2.9940119760479043,5,28,9,1,38,2,27,312,61,46.776611694152926,71.86440677966101,88.2075471698113,9.145427286356822
Landon Knack,LAD,,28,455,393,1816,.319,.349,0.09062003179650238,0.41391020464805833,0.5075516693163752,0.5185917721518988,0.39268680445151033,0.4149443561208267,0.356120826709062,0.23052464228934816,0.43243243243243246,0.26073131955484896,0.6446740858505564,0.7988871224165341,0.3441971383147854,0.19395866454689983,0.37917329093799684,0.4232594936708861,0.3672496025437202,0.629570747217806,0.38950715421303655,.233,.383,8.5,12.1,25,87.5,32.5,20.7,17.6,25.9,.265,.352,.453,.308,5.7142857142857135,26,55,27,1,104,15,94,820,212,45.15418502202643,68.36492890995261,80.24263431542461,11.674008810572689
Jack Ralston,MIA,,28,88,70,362,.337,.369,0.0890302066772655,0.4137114765081537,0.4819157392686804,0.5185917721518988,0.22813990461049286,0.356120826709062,0.356120826709062,0.27106518282988873,0.09538950715421304,0.04451510333863275,0.5882352941176471,0.712241653418124,0.6200317965023847,0.7519872813990461,0.4220985691573927,0.09335443037974683,0.8378378378378378,0.5675675675675675,0.2066772655007949,.237,.383,8,18.2,19.689119170984455,87.8,34,25,9.1,26.6,.286,.409,.429,.375,4.545454545454546,4,16,4,0,20,2,22,143,38,39.50276243093923,62.1301775147929,80.95238095238095,10.497237569060774
Chase Solesky,TBR,,28,483,433,1879,.324,.351,0.08744038155802862,0.3311881490108873,0.1913751987281399,0.4806170886075949,0.34340222575516693,0.2893481717011129,0.1669316375198728,0.14626391096979333,0.7488076311605724,0.534181240063593,0.2543720190779014,0.19793322734499205,0.2901430842607313,0.4332273449920509,0.0890302066772655,0.5308544303797469,0.6311605723370429,0.09379968203497616,0.11287758346581876,.243,.423,9.8,8.9,27.882599580712785,89.4,42.6,19.9,14.3,20,.275,.344,.469,.318,6.832298136645963,33,43,30,3,119,16,96,869,174,46.248004257583816,65.18918918918921,87.89386401326698,9.260244811069716
Ryan Ramsey,KCR,,25,41,31,160,.438,.393,0.08585055643879173,0.1825720452395806,0.25476947535771066,0.14873417721518986,0.012718600953895072,0.0047694753577106515,0.02702702702702703,0.075516693163752,0.12639109697933226,0.046104928457869634,0.49761526232114467,0.4189189189189189,0.07790143084260731,0.2519872813990461,0.5031796502384738,0.1372626582278481,0.15023847376788554,0.8569157392686805,0.287758346581876,.334,.544,11.5,17.1,19.791666666666664,88.2,38.5,14.6,16.7,27.7,.290,.439,.452,.320,7.317073170731707,3,7,2,0,9,1,6,65,18,40.625,71.875,76.08695652173914,11.25
Tommy Henry,ARI,,28,249,226,952,.321,.411,0.08426073131955485,0.3826730968216914,0.3537360890302067,0.11115506329113924,0.37360890302066774,0.22257551669316375,0.17329093799682035,0.08108108108108109,0.7885532591414944,0.7058823529411765,0.5882352941176471,0.5723370429252782,0.32829888712241656,0.1875993640699523,0.4594594594594595,0.7112341772151899,0.3481717011128776,0.6192368839427663,0.5993640699523053,.250,.422,11.4,8.4,29.8,87.8,36,20.5,17.7,27.2,.332,.390,.580,.402,8.032128514056225,20,21,25,5,75,7,51,459,125,48.214285714285715,68.58407079646017,80.3225806451613,13.130252100840336
Nate Webb,FA,,28,119,92,515,.338,.314,0.08267090620031796,0.42301611458815475,0.6228139904610492,0.6914556962025317,0.21144674085850557,0.3267090620031797,0.6049284578696343,0.7957074721780604,0.06041335453100159,0.11446740858505565,0.3942766295707472,0.6963434022257552,0.09141494435612083,0.5858505564387917,0.5031796502384738,0.11431962025316456,0.29411764705882354,0.7273449920508744,0.26073131955484896,.240,.333,3.9,19.3,22.600619195046438,88.7,34.2,15.1,12,27.7,.228,.387,.272,.267,2.5210084033613445,3,23,1,0,21,1,18,206,57,40,69.27083333333334,78.94736842105263,11.067961165048542
Rhett Kouba,FA,,26,352,299,1309,.350,.349,0.08108108108108109,0.2554496685348789,0.29908585055643877,0.2053006329113924,0.15023847376788554,0.1271860095389507,0.21621621621621623,0.36089030206677264,0.34340222575516693,0.26073131955484896,0.356120826709062,0.2631160572337043,0.07631160572337042,0.6168521462639109,0.0890302066772655,0.3488924050632912,0.44992050874403816,0.0794912559618442,0.0794912559618442,.265,.409,7.2,13.1,25,88.9,41.3,14.5,11.5,20,.261,.369,.421,.290,4.829545454545454,17,46,16,4,78,8,51,579,116,44.23223834988541,67.45362563237775,88.5,8.861726508785333
Erik Sabrowski,CLE,,28,32,26,129,.332,.344,0.0794912559618442,0.2727935202048661,0.17666931637519873,0.40150316455696206,0.27344992050874406,0.7034976152623211,0.34022257551669316,0.06756756756756757,0.18044515103338632,0.028616852146263912,0.030206677265500796,0.2686804451510334,0.7575516693163752,0.016693163751987282,0.20508744038155802,0.122626582278481,0.6542130365659777,0.4594594594594595,0.1192368839427663,.206,.386,11.8,15.6,18.84057971014493,92.3,41.2,28.1,26.1,23.1,.231,.375,.385,.313,6.25,2,5,1,0,6,1,9,52,12,40.31007751937985,65,82.05128205128204,9.30232558139535
Beau Brieske,DET,,28,48,40,187,.473,.466,0.07790143084260731,0.20376709313557786,0.11327503974562797,0.8219936708860759,0.0047694753577106515,0.001589825119236884,0.0047694753577106515,0.014308426073131956,0.14149443561208266,0.17726550079491257,0.3942766295707472,0.0397456279809221,0.12798092209856915,0.2702702702702703,0.4467408585055644,0.8140822784810127,0.08108108108108109,0.5969793322734499,0.6311605723370429,.356,.655,15.6,16.7,23.595505617977533,88.7,50,16.7,16.3,26.9,.325,.438,.675,.321,10.416666666666668,5,8,2,0,13,4,8,93,25,49.73262032085562,73.46938775510205,80.55555555555556,13.368983957219253
Ethan Routzahn,SDP,,28,116,98,458,.349,.370,0.07631160572337042,0.3079031539916685,0.4461446740858505,0.3156645569620253,0.15818759936406995,0.10333863275039745,0.1875993640699523,0.6844197138314785,0.43243243243243246,0.1494435612082671,0.3298887122416534,0.5826709062003179,0.12082670906200318,0.3068362480127186,0.3235294117647059,0.5806962025316456,0.1875993640699523,0.37201907790143085,0.40222575516693165,.270,.417,4.9,12.1,23.17596566523605,89,35.8,16.4,15.7,25.2,.286,.379,.480,.321,3.4482758620689653,4,14,8,1,28,3,19,214,54,46.72489082969432,71.1111111111111,83.125,11.790393013100436
McKinley Moore,FA,,27,40,30,143,.359,.326,0.07472178060413355,0.3207533494495985,0.4028219395866454,0.7345727848101266,0.11287758346581876,0.30286168521462636,0.7170111287758346,0.27106518282988873,0.030206677265500796,0.04292527821939587,0.29093799682034976,0.3322734499205087,0.08744038155802862,0.7909379968203497,0.1359300476947536,0.04272151898734177,0.9443561208267091,0.09538950715421304,0.03656597774244833,.242,.311,8,22.5,19.540229885057467,89.2,40,15,8.3,22,.200,.375,.333,.208,5,2,9,1,0,6,1,6,50,11,34.96503496503497,58.92857142857143,87.87878787878788,7.6923076923076925
Jared Lyons,CIN,,25,42,36,150,.408,.337,0.07313195548489666,0.08885417085924345,0.018680445151033384,0.35957278481012656,0.030206677265500796,0.0492845786963434,0.019077901430842606,0.034976152623211444,0.25834658187599363,0.11764705882352941,0.006359300476947536,0.014308426073131956,0.12798092209856915,0.019077901430842606,0.029411764705882353,0.7452531645569621,0.057233704292527825,0.02702702702702703,0.04451510333863275,.288,.572,13.8,14.3,22.666666666666664,94.4,55.2,16.7,25.5,16.4,.194,.310,.472,.154,9.523809523809524,4,6,1,0,7,3,7,73,12,48.66666666666667,74.66666666666667,91.07142857142857,8
Lael Lockhart,DET,,28,374,322,1497,.330,.348,0.07154213036565978,0.33568809408813133,0.2031001589825119,0.2420886075949367,0.28855325914149443,0.5763116057233705,0.1891891891891892,0.04133545310015898,0.35771065182829886,0.18124006359300476,0.356120826709062,0.22575516693163752,0.42686804451510335,0.6836248012718601,0.4594594594594595,0.17721518987341772,0.7980922098569158,0.2718600953895072,0.29411764705882354,.220,.416,13.2,12.8,23.710073710073708,88.9,42.1,22.2,10.4,27.2,.252,.356,.441,.310,8.021390374331549,30,48,17,7,81,10,83,622,169,41.5497661990648,62.81112737920939,84.38228438228437,11.289245156980627
Ryan Shreve,FA,,27,133,114,512,.354,.398,0.06995230524642289,0.33029109479919233,0.3710254372019078,0.15427215189873414,0.13036565977742448,0.15262321144674085,0.10333863275039745,0.075516693163752,0.5977742448330684,0.4753577106518283,0.7734499205087441,0.5317965023847376,0.10174880763116058,0.4737678855325914,0.3934817170111288,0.7436708860759493,0.06200317965023847,0.46740858505564387,0.5103338632750397,.260,.449,11.5,10.5,27.402135231316727,86.7,36.5,15.8,13.8,26.1,.298,.376,.570,.303,8.270676691729323,11,14,8,1,34,7,21,249,65,48.6328125,74.45887445887445,81.97674418604652,12.6953125
Luke Bell,CHW,,25,41,33,132,.351,.316,0.06836248012718601,0.1979767253292011,0.3294912559618442,0.22389240506329114,0.1422893481717011,0.20429252782193957,0.18600953895071543,0.1383147853736089,0.24403815580286167,0.10333863275039745,0.2384737678855326,0.7551669316375199,0.01589825119236884,0.034976152623211444,0.0890302066772655,0.7895569620253164,0.006359300476947536,0.021462639109697933,0.1478537360890302,.252,.418,10,14.6,22.222222222222218,89.5,33.3,9.8,22.7,20,.212,.341,.364,.207,7.317073170731707,3,6,2,0,7,1,4,65,13,49.24242424242424,81.66666666666667,91.83673469387756,9.848484848484848
Andrew Misiaszek,FA,,28,138,118,550,.294,.366,0.06677265500794913,0.4378309515304583,0.4699920508744038,0.1673259493670886,0.615262321144674,0.7130365659777425,0.6550079491255962,0.44992050874403816,0.3505564387917329,0.15421303656597773,0.4133545310015898,0.3616852146263911,0.26788553259141495,0.5699523052464229,0.5357710651828299,0.3358386075949367,0.5580286168521462,0.4356120826709062,0.46740858505564387,.205,.323,6.6,13,23.239436619718308,88.6,39.6,19.6,12.2,28.1,.297,.399,.424,.356,4.3478260869565215,6,18,3,0,35,4,27,242,68,44,66.16541353383458,82.38636363636364,12.363636363636365
Jack O'Loughlin,FA,,26,208,168,819,.416,.405,0.06518282988871224,0.13647167620897147,0.14348171701112877,0.3872626582278481,0.02384737678855326,0.02384737678855326,0.038950715421303655,0.21621621621621623,0.1327503974562798,0.0985691573926868,0.1931637519872814,0.12559618441971382,0.058823529411764705,0.24006359300476948,0.0985691573926868,0.18037974683544306,0.4069952305246423,0.06677265500794913,0.06518282988871224,.314,.521,8.6,16.8,22.127659574468087,89.8,44.6,13.5,16.8,20.5,.304,.428,.506,.326,5.769230769230768,12,35,9,2,51,7,28,341,70,41.63614163614164,67.90830945558739,89.02953586497891,8.547008547008549
Will Johnston,ATH,,25,55,45,212,.358,.506,0.06359300476947535,0.28413622227029717,0.3459856915739269,0.1965981012658228,0.11685214626391097,0.519872813990461,0.09697933227344992,0.12162162162162163,0.09538950715421304,0.06041335453100159,0.5882352941176471,0.5771065182829889,0.02066772655007949,0.7726550079491256,0.24324324324324326,0.0981012658227848,0.6057233704292527,0.04451510333863275,0.1271860095389507,.225,.453,10.3,18.2,20.491803278688526,87.8,35.9,10.9,8.7,23.8,.356,.473,.756,.343,7.2727272727272725,4,10,4,1,16,4,6,84,20,39.62264150943396,65.55555555555556,89.83050847457628,9.433962264150944
Adam Laskey,COL,,28,142,121,574,.329,.367,0.06200317965023847,0.37995992315845256,0.45369634340222575,0.1875,0.29809220985691576,0.4491255961844197,0.27503974562798095,0.3537360890302067,0.36486486486486486,0.26073131955484896,0.43084260731319557,0.7551669316375199,0.16534181240063592,0.7837837837837838,0.23529411764705882,0.25276898734177217,0.4848966613672496,0.12400635930047695,0.1669316375198728,.230,.397,7.3,12.7,25,88.5,33.3,17.6,8.5,23.7,.248,.359,.488,.258,4.929577464788731,7,18,6,1,30,7,25,245,58,42.68292682926829,66.94214876033058,87.03703703703705,10.104529616724738
Noah Song,BOS,,28,27,23,110,.398,.536,0.06041335453100159,0.24374488505631473,0.05981717011128776,0.5712025316455697,0.033386327503974564,0.04531001589825119,0.038950715421303655,0.006359300476947536,0.22496025437201908,0.08108108108108109,0.038950715421303655,0.15500794912559618,0.42686804451510335,0.4626391096979332,0.8402225755166932,0.06724683544303797,0.8362480127186009,0.9634340222575517,0.5246422893481717,.292,.521,18.8,14.8,21.538461538461537,91.8,43.8,22.2,14,33.3,.391,.481,.826,.467,11.111111111111109,3,4,2,1,9,2,6,42,14,38.18181818181819,62.22222222222222,71.42857142857143,12.727272727272727
Anthony Veneziano,FA,,28,115,92,471,.376,.359,0.058823529411764705,0.38730107271269776,0.5788950715421304,0.4671677215189873,0.07074721780604133,0.0643879173290938,0.14149443561208266,0.44992050874403816,0.11764705882352941,0.6120826709062003,0.8354531001589826,0.8887122416534181,0.10015898251192369,0.6486486486486487,0.25119236883942764,0.2515822784810127,0.8823529411764706,0.3068362480127186,0.17329093799682035,.282,.432,6.6,17.4,28.731343283582092,86.2,28.9,15.7,10.9,23.9,.283,.409,.391,.315,4.3478260869565215,5,20,1,0,26,3,18,201,48,42.6751592356688,61.083743842364534,83.87096774193549,10.191082802547774
Jimmy Endersby,FA,,28,29,26,114,.271,.292,0.057233704292527825,0.4734286536629704,0.5039745627980922,0.2701740506329114,0.8060413354531002,0.7933227344992051,0.6168521462639109,0.16136724960254373,0.615262321144674,0.1271860095389507,0.7925278219395866,0.4451510333863275,0.14864864864864866,0.8934817170111288,0.011128775834658187,0.38568037974683533,0.5087440381558028,0.01589825119236884,0.011128775834658187,.194,.330,9.5,10.3,22.807017543859647,86.6,38.1,17.2,5.7,13.7,.231,.310,.346,.286,6.896551724137932,2,3,3,0,6,0,5,51,7,44.73684210526316,66.66666666666666,92.10526315789473,6.140350877192982
Kolby Allard,CLE,,28,70,64,282,.326,.321,0.05564387917329094,0.31559307352773475,0.18461844197138316,0.13449367088607594,0.3195548489666137,0.12082670906200318,0.10731319554848967,0.30286168521462636,0.8815580286168522,0.6812400635930048,0.2384737678855326,0.08982511923688394,0.2138314785373609,0.575516693163752,0.12162162162162163,0.6606012658227848,0.5977742448330684,0.18441971383147854,0.18124006359300476,.266,.447,7.7,7.1,29.57746478873239,89.5,46.2,18.6,12.1,21.6,.250,.300,.453,.280,5.7142857142857135,4,5,7,0,16,2,13,134,29,47.51773049645389,65.71428571428571,85.86956521739131,10.28368794326241
Nick Mikolajchak,FA,,28,134,114,537,.414,.360,0.05405405405405406,0.18700249835650987,0.037360890302066775,0.5850474683544303,0.026232114467408585,0.058823529411764705,0.017488076311605722,0.02384737678855326,0.26788553259141495,0.1907790143084261,0.04292527821939587,0.06518282988871224,0.22416534181240064,0.2647058823529412,0.4769475357710652,0.2587025316455696,0.31160572337042924,0.5294117647058824,0.3958664546899841,.283,.585,14.8,14.2,23.79421221864952,91.6,47.7,18.7,16.4,27.4,.254,.358,.474,.274,9.701492537313431,13,19,7,0,29,6,25,230,63,42.83054003724395,69.02654867256636,81.41025641025641,11.731843575418994
Declan Cronin,TEX,,28,90,75,366,.330,.338,0.05246422893481717,0.36001352944530535,0.32392686804451515,0.37262658227848106,0.28855325914149443,0.6081081081081081,0.31001589825119236,0.18600953895071543,0.18044515103338632,0.24006359300476948,0.690779014308426,0.10890302066772654,0.42686804451510335,0.7647058823529411,0.14308426073131955,0.09731012658227847,0.9682034976152624,0.15421303656597773,0.06995230524642289,.217,.390,9.1,15.6,24.74747474747475,87.2,45.5,22.2,8.8,22.1,.240,.367,.387,.302,5.5555555555555545,5,14,5,0,18,2,20,145,32,39.61748633879781,57.14285714285714,86.45833333333334,8.743169398907106
Nick Fraze,FA,,28,107,91,405,.390,.393,0.05087440381558029,0.24445060054469958,0.06200317965023847,0.12895569620253164,0.050079491255961846,0.09538950715421304,0.03577106518282989,0.07313195548489666,0.43243243243243246,0.5174880763116058,0.07790143084260731,0.06120826709062003,0.3354531001589825,0.6383147853736089,0.4872813990461049,0.4018987341772152,0.6899841017488076,0.47058823529411764,0.465818759936407,.273,.524,11.6,12.1,27.777777777777782,90.8,47.8,20.6,11.1,27.5,.286,.393,.516,.338,7.4766355140186915,8,13,7,1,26,4,22,182,50,44.93827160493828,64.55026455026454,81.96721311475409,12.345679012345679
Davis Daniel,CIN,,28,443,389,1635,.320,.344,0.0492845786963434,0.34116773954706753,0.35850556438791736,0.2053006329113924,0.3815580286168522,0.3267090620031797,0.22972972972972974,0.5834658187599364,0.6526232114467408,0.5023847376788553,0.2384737678855326,0.38235294117647056,0.19952305246422894,0.3139904610492846,0.07790143084260731,0.4596518987341772,0.5945945945945946,0.057233704292527825,0.08585055643879173,.240,.404,5.7,9.9,27.701149425287362,89.5,39.2,18.3,15.6,19.6,.262,.339,.460,.291,4.063205417607223,18,44,22,5,102,15,81,744,146,45.504587155963314,65.7516339869281,89.26441351888668,8.929663608562691
Carson Spiers,CIN,,28,79,65,291,.360,.369,0.04769475357710652,0.3576753293688327,0.46204292527821944,0.2555379746835443,0.10969793322734499,0.2480127186009539,0.1494435612082671,0.1740858505564388,0.2845786963434022,0.699523052464229,0.8990461049284578,0.6255961844197139,0.06836248012718601,0.48330683624801274,0.294912559618442,0.4770569620253165,0.4483306836248013,0.37042925278219396,0.3163751987281399,.247,.429,9.3,13.9,29.761904761904763,85.4,35.2,13.9,13.6,24.8,.246,.380,.462,.269,6.329113924050633,5,11,8,0,16,2,11,133,33,45.70446735395189,67.47967479674797,83.13253012048195,11.340206185567009
Sean Hunley,DET,,26,142,121,500,.344,.390,0.046104928457869634,0.23748164699509636,0.3837440381558028,0.07950949367088607,0.17965023847376788,0.13195548489666137,0.2273449920508744,0.40063593004769477,0.36486486486486486,0.09697933227344992,0.49761526232114467,0.4093799682034976,0.08267090620031796,0.34340222575516693,0.03577106518282989,0.5276898734177216,0.2480127186009539,0.09220985691573927,0.0397456279809221,.263,.405,6.9,12.7,22.088353413654623,88.2,38.6,14.8,15.3,16.9,.298,.394,.512,.323,4.929577464788731,7,18,7,2,36,5,21,231,39,46.2,70.11952191235059,88.06818181818181,7.8
Trey Dombroski,HOU,,25,40,31,174,.435,.344,0.04451510333863275,0.12724339543378077,0.20926073131955486,0.10561708860759493,0.015103338632750398,0.006359300476947536,0.02384737678855326,0.27106518282988873,0.21065182829888712,0.03656597774244833,0.20985691573926868,0.3322734499205087,0.08744038155802862,0.178060413354531,0.050079491255961846,0.14715189873417722,0.5500794912559619,0.07472178060413355,0.03179650238473768,.328,.553,8,15,19.148936170212764,89.7,40,15,18,18.3,.258,.400,.355,.308,5,2,6,3,0,8,0,6,71,13,40.80459770114943,66.25,88.67924528301887,7.471264367816093
Todd Peterson,FA,,28,38,31,151,.409,.584,0.04292527821939587,0.21289915427340966,0.21065182829888712,0.34572784810126583,0.028616852146263912,0.014308426073131956,0.06518282988871224,0.7567567567567568,0.09062003179650238,0.1478537360890302,0.017488076311605722,0.003179650238473768,0.20190779014308427,0.705087440381558,0.178060413354531,0.1550632911392405,0.8298887122416534,0.7233704292527822,0.11605723370429252,.319,.487,4.2,18.4,23.170731707317074,93.3,66.7,18.4,10,22.6,.484,.579,.839,.609,2.631578947368421,1,7,8,0,15,1,7,62,14,41.05960264900662,62.31884057971014,79.06976744186046,9.271523178807945
Brett de Geus,FA,,28,182,157,706,.349,.373,0.04133545310015898,0.28108659431956157,0.226550079491256,0.6194620253164557,0.15818759936406995,0.075516693163752,0.16216216216216217,0.28855325914149443,0.5564387917329093,0.12082670906200318,0.2384737678855326,0.21701112877583467,0.06518282988871224,0.8394276629570747,0.03179650238473768,0.6242088607594937,0.29252782193958665,0.10810810810810811,0.03815580286168521,.278,.424,7.8,11,22.686567164179106,89.5,42.2,13.7,7.1,16.5,.331,.409,.439,.374,5.4945054945054945,10,20,8,0,52,3,25,333,55,47.167138810198296,69.2722371967655,87.54863813229572,7.790368271954675
Aaron Brown,FA,,27,355,312,1333,.388,.455,0.0397456279809221,0.16045761766047506,0.11089030206677267,0.2053006329113924,0.05325914149443561,0.04531001589825119,0.033386327503974564,0.06041335453100159,0.6065182829888712,0.27980922098569155,0.16216216216216217,0.1875993640699523,0.04848966613672496,0.20031796502384738,0.04292527821939587,0.6337025316455697,0.1971383147853736,0.1383147853736089,0.058823529411764705,.292,.527,12.1,10.4,25.289017341040463,90,42.8,13,17.5,17.8,.340,.415,.670,.332,8.732394366197184,31,37,23,1,106,26,46,630,112,47.261815453863456,70.98283931357255,86.81318681318682,8.402100525131283
Ryan Boyer,FA,,28,27,25,100,.345,.389,0.03815580286168521,0.3084360305018347,0.3273052464228935,0.14161392405063292,0.1740858505564388,0.3267090620031797,0.04451510333863275,0.09618441971383147,0.8600953895071543,0.050079491255961846,0.4133545310015898,0.7551669316375199,0.42686804451510335,0.057233704292527825,0.35532591414944353,0.2737341772151899,0.8537360890302067,0.6955484896661367,0.2527821939586645,.240,.516,11.1,7.4,20,88.6,33.3,22.2,21.3,25.6,.240,.296,.640,.188,7.4074074074074066,2,2,1,0,6,3,6,43,11,43,61.81818181818181,79.41176470588233,11
Victor Lizarraga,SDP,,22,43,35,166,.414,.320,0.03656597774244833,0.16767749693103376,0.20190779014308424,0.12341772151898735,0.026232114467408585,0.051669316375198726,0.028616852146263912,0.10810810810810811,0.27980922098569155,0.030206677265500796,0.5882352941176471,0.08267090620031796,0.025437201907790145,0.5858505564387917,0.08187599364069953,0.2555379746835443,0.19475357710651828,0.21939586645468998,0.06041335453100159,.287,.533,10.7,14,18.88888888888889,87.8,46.4,11.6,12,19.7,.229,.372,.314,.267,6.9767441860465125,3,6,3,0,8,0,5,71,14,42.77108433734939,71.05263157894737,85.18518518518519,8.433734939759036
Jake Rice,FA,,28,265,203,1096,.347,.392,0.034976152623211444,0.2991961677332582,0.3092209856915739,0.3057753164556962,0.1685214626391097,0.519872813990461,0.32591414944356123,0.12957074721780604,0.10015898251192369,0.19793322734499205,0.356120826709062,0.42527821939586646,0.26788553259141495,0.24006359300476948,0.5532591414944356,0.192246835443038,0.6542130365659777,0.5818759936406995,0.40858505564387915,.225,.388,10.1,18.1,23.863636363636363,88.9,38.4,19.6,16.8,28.3,.281,.419,.488,.320,6.037735849056604,16,48,15,0,57,9,52,459,130,41.879562043795616,65,80.76923076923076,11.861313868613136
Tyler Myrick,FA,,27,65,55,220,.386,.375,0.033386327503974564,0.20753040247060164,0.21462639109697934,0.2701740506329114,0.05802861685214626,0.0643879173290938,0.03577106518282989,0.23052464228934816,0.2901430842607313,0.3036565977742448,0.16216216216216217,0.4300476947535771,0.06677265500794913,0.4737678855325914,0.10492845786963434,0.30735759493670883,0.7154213036565977,0.05405405405405406,0.09220985691573927,.282,.524,8.5,13.8,25.64102564102564,90,38.3,13.8,13.8,20.8,.273,.369,.509,.289,6.153846153846153,4,9,7,0,15,2,9,96,20,43.63636363636363,64.07766990291263,89.3939393939394,9.090909090909092
Austin Bergner,TEX,,28,28,24,115,.484,.484,0.03179650238473768,0.1840041770642571,0.008744038155802861,0.29549050632911394,0.003179650238473768,0.00794912559618442,0.001589825119236884,0.0047694753577106515,0.25834658187599363,0.8282988871224165,0.022257551669316374,0.006359300476947536,0.17965023847376788,0.1232114467408585,0.4769475357710652,0.9426424050632912,0.03815580286168521,0.814785373608903,0.7901430842607313,.326,.753,21.1,14.3,31.578947368421048,93,63.2,17.9,18.8,27.4,.292,.393,.792,.200,14.285714285714285,4,4,0,0,7,4,5,62,17,53.91304347826087,75.86206896551724,77.27272727272727,14.782608695652176
Karl Kauffmann,FA,,28,381,317,1591,.351,.370,0.030206677265500796,0.2961245287543687,0.3555246422893482,0.28401898734177217,0.1422893481717011,0.14626391096979333,0.22257551669316375,0.5079491255961844,0.2519872813990461,0.4292527821939587,0.43084260731319557,0.26073131955484896,0.1192368839427663,0.5858505564387917,0.1724960254372019,0.18987341772151897,0.8330683624801272,0.22257551669316375,0.12559618441971382,.261,.407,6.2,14.4,27.085590465872155,88.5,41.4,16.3,12,22.5,.284,.391,.457,.317,4.199475065616799,16,55,12,5,90,11,62,666,150,41.860465116279066,62.275449101796404,85.09615384615384,9.428032683846636
Andrew Quezada,FA,,28,424,377,1637,.349,.411,0.028616852146263912,0.31246666901450965,0.2728537360890302,0.3338607594936709,0.15818759936406995,0.04769475357710652,0.13036565977742448,0.3728139904610493,0.7186009538950715,0.39268680445151033,0.3298887122416534,0.25834658187599363,0.04848966613672496,0.8744038155802861,0.08426073131955485,0.49525316455696206,0.2670906200317965,0.12241653418124006,0.09538950715421304,.289,.436,7.1,9.2,26.629834254143642,89,41.5,13,6.1,19.8,.342,.406,.557,.369,5.4245283018867925,23,39,29,5,129,14,55,751,149,45.876603543066594,69.67213114754098,87.05882352941177,9.10201588271228
Tommy Romero,FA,,28,176,147,687,.333,.396,0.02702702702702703,0.28087906176839533,0.3120031796502385,0.14161392405063292,0.2631160572337043,0.3449920508744038,0.28855325914149443,0.4220985691573927,0.30604133545310014,0.5071542130365659,0.16216216216216217,0.3751987281399046,0.12241653418124006,0.2519872813990461,0.18521462639109698,0.2935126582278481,0.6661367249602543,0.19793322734499205,0.1494435612082671,.238,.394,6.8,13.6,27.70780856423174,90,39.3,16.5,16.7,22.8,.293,.398,.524,.313,4.545454545454546,8,24,10,0,43,8,29,298,68,43.377001455604066,64.82758620689654,85.63829787234044,9.8981077147016
Carson Rudd,FA,,27,32,26,110,.435,.408,0.025437201907790145,0.128886151835007,0.053457869634340224,0.3057753164556962,0.015103338632750398,0.02782193958664547,0.012718600953895072,0.05087440381558029,0.3783783783783784,0.3863275039745628,0.05087440381558029,0.09936406995230525,0.014308426073131956,0.1359300476947536,0.06915739268680444,0.6360759493670886,0.034976152623211444,0.39109697933227344,0.09220985691573927,.310,.592,12.5,12.5,26.5625,91.3,45.8,9.4,18.6,19.2,.385,.469,.462,.417,9.375,3,4,2,0,10,0,3,52,10,47.27272727272727,76.08695652173914,82.85714285714286,9.090909090909092
Drew Parrish,FA,,28,123,106,493,.372,.416,0.02384737678855326,0.18368276364599892,0.14189189189189189,0.1875,0.07710651828298887,0.04054054054054054,0.06120826709062003,0.23052464228934816,0.5047694753577107,0.45151033386327505,0.07790143084260731,0.19793322734499205,0.03418124006359301,0.1589825119236884,0.1820349761526232,0.8417721518987342,0.0985691573926868,0.5437201907790143,0.3195548489666137,.296,.493,8.5,11.4,27.235772357723576,90.8,42.6,12.2,18.3,22.7,.330,.398,.594,.330,6.504065040650407,8,14,8,1,35,6,15,247,56,50.10141987829615,72.8744939271255,81.1111111111111,11.359026369168355
Hyun-il Choi,FA,,25,47,38,184,.447,.541,0.022257551669316374,0.09996020196480919,0.0435214626391097,0.08346518987341772,0.011128775834658187,0.009538950715421303,0.014308426073131956,0.05087440381558029,0.5890302066772655,0.050079491255961846,0.06915739268680444,0.0397456279809221,0.04451510333863275,0.16534181240063592,0.07233704292527822,0.4185126582278481,0.14467408585055644,0.2742448330683625,0.06836248012718601,.324,.589,12.5,10.6,20,90.9,50,12.8,18.2,19.3,.421,.532,.763,.448,8.51063829787234,4,5,4,0,16,3,6,83,16,45.10869565217392,71.91011235955057,84.375,8.695652173913043
Trey McGough,FA,,28,73,57,268,.365,.403,0.02066772655007949,0.27292490508006145,0.5129173290937996,0.15427215189873414,0.09618441971383147,0.3267090620031797,0.1343402225755167,0.4356120826709062,0.046104928457869634,0.05246422893481717,0.6446740858505564,0.8370429252782194,0.1740858505564388,0.2774244833068362,0.09618441971383147,0.20806962025316456,0.5834658187599364,0.05246422893481717,0.06677265500794913,.240,.435,6.7,20.5,20.143884892086326,87.5,31.1,17.8,16.2,20.4,.281,.425,.509,.310,4.10958904109589,3,15,4,0,16,3,13,113,23,42.16417910447761,65.89147286821705,89.41176470588236,8.582089552238806
Connor Gillispie,PHI,,28,209,176,788,.354,.379,0.019077901430842606,0.2254216474478946,0.2768282988871224,0.17246835443037975,0.13036565977742448,0.15262321144674085,0.0985691573926868,0.36089030206677264,0.4507154213036566,0.3354531001589825,0.356120826709062,0.2917329093799682,0.05325914149443561,0.15023847376788554,0.15262321144674085,0.6566455696202531,0.07313195548489666,0.1875993640699523,0.21621621621621623,.260,.452,7.2,12,25.97701149425287,88.9,40.8,13.4,18.4,22.2,.250,.351,.545,.225,5.263157894736842,11,25,9,2,44,13,28,374,83,47.46192893401015,73.93767705382436,85.82375478927203,10.532994923857867
Aidan Anderson,TEX,,28,162,130,606,.337,.342,0.017488076311605722,0.3653058191288832,0.6144674085850557,0.22389240506329114,0.22813990461049286,0.39825119236883944,0.5286168521462639,0.6192368839427663,0.22496025437201908,0.35453100158982515,0.6748807631160573,0.6351351351351351,0.03656597774244833,0.3235294117647059,0.1359300476947536,0.4106012658227848,0.35294117647058826,0.3179650238473768,0.151033386327504,.234,.347,5.4,14.8,26.190476190476193,87.3,35.1,12.3,15.5,22,.231,.370,.392,.234,3.7037037037037033,6,24,6,0,30,5,20,273,60,45.04950495049504,68.51851851851852,83.7837837837838,9.900990099009901
Xzavion Curry,FA,,27,237,205,859,.373,.418,0.01589825119236884,0.16912440758889938,0.21462639109697934,0.2329905063291139,0.0739268680445151,0.10969793322734499,0.05564387917329094,0.19236883942766295,0.36486486486486486,0.2543720190779014,0.31001589825119236,0.3004769475357711,0.02384737678855326,0.09062003179650238,0.02066772655007949,0.5435126582278481,0.29093799682034976,0.030206677265500796,0.028616852146263912,.269,.495,9,12.7,24.9438202247191,89.1,40.7,11.4,19.9,15.6,.298,.392,.595,.287,6.7510548523206735,16,30,13,3,61,14,27,398,62,46.33294528521537,69.32367149758454,90.94076655052264,7.217694994179277
Patrick Halligan,BOS,,26,25,18,109,.485,.455,0.014308426073131956,0.18473531004943888,0.3811605723370429,0.37262658227848106,0.001589825119236884,0.016693163751987282,0.009538950715421303,0.02782193958664547,0.05087440381558029,0.07631160572337042,0.8990461049284578,0.5882352941176471,0.007154213036565978,0.1589825119236884,0.00794912559618442,0.1629746835443038,0.5087440381558028,0.11049284578696343,0.006359300476947536,.317,.632,14.3,20,21.311475409836067,85.4,35.7,8,18.3,13.3,.333,.480,.611,.313,8,2,5,2,0,6,1,2,45,6,41.284403669724774,66.66666666666666,87.5,5.504587155963304
Huascar Ynoa,LAA,,27,25,17,107,.424,.408,0.012718600953895072,0.3073009427428172,0.6122813990461049,0.4141613924050633,0.02066772655007949,0.14626391096979333,0.1343402225755167,0.5079491255961844,0.009538950715421303,0.009538950715421303,0.8577106518282989,0.9491255961844197,0.003179650238473768,0.6319554848966613,0.003179650238473768,0.0514240506329114,0.6391096979332274,0.01192368839427663,0.003179650238473768,.261,.435,6.2,28,17.1875,85.8,25,4,11.2,10.3,.235,.480,.412,.250,4,1,7,3,0,4,0,1,39,4,36.44859813084112,65.11627906976744,92.85714285714286,3.738317757009345
J.C. Flowers,FA,,27,49,40,209,.391,.437,0.011128775834658187,0.17838360861792546,0.0967806041335453,0.2701740506329114,0.04689984101748808,0.10333863275039745,0.06359300476947535,0.06756756756756757,0.15580286168521462,0.45866454689984104,0.11287758346581876,0.14308426073131955,0.03418124006359301,0.6319554848966613,0.05246422893481717,0.7919303797468354,0.009538950715421303,0.01192368839427663,0.09220985691573927,.270,.492,11.8,16.3,27.27272727272727,90.4,44.1,12.2,11.2,18.4,.300,.429,.600,.290,8.16326530612245,4,8,3,0,12,3,6,103,19,49.282296650717704,79.54545454545455,92.85714285714286,9.090909090909092
Nick Zwack,SFG,,27,73,61,289,.449,.498,0.009538950715421303,0.16745937812346975,0.28279014308426076,0.5055379746835443,0.009538950715421303,0.022257551669316374,0.006359300476947536,0.022257551669316374,0.20429252782193957,0.011128775834658187,0.519872813990461,0.5826709062003179,0.022257551669316374,0.08664546899841018,0.016693163751987282,0.4430379746835443,0.17965023847376788,0.07313195548489666,0.02384737678855326,.315,.642,15.1,15.1,17.26618705035971,88.1,35.8,11,20,15.3,.344,.452,.754,.304,10.958904109589039,8,11,2,1,21,7,8,131,20,45.32871972318339,71.33333333333334,88.78504672897196,6.920415224913494
Mason Erla,LAA,,28,107,93,389,.349,.418,0.00794912559618442,0.25069334738685073,0.15441176470588236,0.2555379746835443,0.15818759936406995,0.2480127186009539,0.09538950715421304,0.11764705882352941,0.43243243243243246,0.10810810810810811,0.08664546899841018,0.3179650238473768,0.08744038155802862,0.9483306836248012,0.15262321144674085,0.4335443037974683,0.13990461049284578,0.1359300476947536,0.16216216216216217,.247,.454,10.4,12.1,22.380952380952387,90.7,40.3,15,3.1,22.2,.333,.421,.548,.361,7.4766355140186915,8,13,5,0,31,5,16,176,39,45.24421593830335,72.06703910614524,86.8217054263566,10.025706940874036
Ben Anderson,TEX,,27,152,130,583,.367,.388,0.006359300476947536,0.17571917365988476,0.15441176470588236,0.22389240506329114,0.08982511923688394,0.05405405405405406,0.07154213036565978,0.16772655007949125,0.5278219395866455,0.0794912559618442,0.13513513513513514,0.24324324324324326,0.019077901430842606,0.46740858505564387,0.029411764705882353,0.5213607594936709,0.02702702702702703,0.028616852146263912,0.03418124006359301,.286,.472,9.4,11.2,21.495327102803742,90.2,41.9,10.5,13.9,16.4,.323,.401,.500,.336,7.236842105263157,11,17,9,1,42,4,16,269,44,46.14065180102916,76.33587786259542,91,7.547169811320754
Jared Kollar,FA,,27,232,199,898,.371,.448,0.0047694753577106515,0.17786881259517148,0.22714626391096981,0.14873417721518986,0.08108108108108109,0.0794912559618442,0.05802861685214626,0.11764705882352941,0.43243243243243246,0.1287758346581876,0.3942766295707472,0.3386327503974563,0.011128775834658187,0.3235294117647059,0.02066772655007949,0.3093354430379747,0.2368839427662957,0.06359300476947535,0.022257551669316374,.277,.494,10.4,12.1,22.817460317460323,88.7,39.9,9.1,15.5,15.6,.362,.431,.638,.347,8.189655172413794,19,28,16,0,72,13,21,392,61,43.65256124721604,70.30456852791879,89.16967509025271,6.792873051224944
Eric Yang,CHC,,28,45,39,150,.392,.449,0.003179650238473768,0.15864060728636303,0.20846581875993642,0.02689873417721519,0.04292527821939587,0.12082670906200318,0.02066772655007949,0.017488076311605722,0.33068362480127184,0.5405405405405406,0.3767885532591415,0.4189189189189189,0.001589825119236884,0.0047694753577106515,0.001589825119236884,0.8623417721518988,0.001589825119236884,0.001589825119236884,0.001589825119236884,.266,.565,15.4,13.3,27.956989247311824,88.8,38.5,0,28.7,5.3,.333,.422,.641,.278,13.333333333333336,6,6,3,0,13,3,0,76,4,50.66666666666667,87.71929824561403,98,2.666666666666667
Mitch Neunborn,PHI,,28,152,125,615,.417,.423,0.001589825119236884,0.11721249823911777,0.11108903020667726,0.09335443037974683,0.022257551669316374,0.016693163751987282,0.04133545310015898,0.16772655007949125,0.20429252782193957,0.24483306836248012,0.10174880763116058,0.13354531001589826,0.038950715421303655,0.24006359300476948,0.10174880763116058,0.2879746835443038,0.5786963434022258,0.19236883942766295,0.08744038155802862,.317,.518,9.4,15.1,24.778761061946906,90.5,44.3,12.5,16.8,20.7,.312,.414,.592,.307,6.578947368421053,10,23,7,2,39,8,19,266,55,43.2520325203252,65.94202898550725,85.71428571428571,8.943089430894311