Name,Org,Pos,Age,PA,AB,Pitches,xwOBA,wOBA,PS Score,Agg,Power,Discipline,xBA,xSLG,Barrels,BB%,Chase%,EV,Max EV,50th% EV,90th% EV,Hard Hit%,K%,L°,Whiff%,Swing%,Z-Swing%,Z-Contact%,SwStr%,Speed,wBsR/PA,Pull,Pull Air,Spd,wBsR,wBsR/PA,xBA,xSLG,Barrels,BB%,Chase%,EV,Max EV,50th% EV,90th% EV,Hard Hit%,K%,L°,Whiff%,Swing%,Z-Swing%,Z-Contact%,SwStr%,PullAir%,BA,OBP,SLG,BABIP,PA/Barrels,Barrels,BB,2B,3B,Hits,HR,K,Swings,Whiffs
Jesus Pinto,DET,OF,19,117,95,490,0.8776978417266187,0.841726618705036,1,0.7149280575539568,0.7223021582733813,0.7533401849948612,0.9064748201438849,0.658273381294964,0.35251798561151076,0.8884892086330936,0.8776978417266187,0.8776978417266187,0.8093525179856115,0.935251798561151,0.7949640287769785,0.9136690647482014,0.7446043165467626,0.02877697841726619,0.7913669064748201,0.17647058823529413,0.2302158273381295,0.9064748201438849,0.8345323741007195,0.7410071942446043,0.17266187050359713,0.3695652173913043,0.1079136690647482,6.878639999999999,"'-0.78928","'-0.006745982905982906",.256,.334,2.8,17.9,16.94915254237288,91.3,109.8,95.2,104.9,52.1,20.5,"'-4.6",23.8,38.571428571428584,58.661417322834644,88.59060402684564,9.183673469387756,5.6,.263,.402,.400,.343,1.7094017094017095,2,21,6,2,25,1,24,189,45
JoJo Parker,TOR,3B/SS,19,135,110,635,0.802158273381295,0.7014388489208633,0.9928057553956835,0.6607464028776978,0.820863309352518,0.6269270298047277,0.5719424460431655,0.7805755395683454,0.7086330935251799,0.7194244604316546,0.6906474820143885,0.9064748201438849,0.762589928057554,0.9496402877697842,0.841726618705036,0.9460431654676259,0.5179856115107914,0.20863309352517986,0.7482014388489209,0.106951871657754,0.04316546762589928,0.7985611510791367,0.8705035971223022,0.49640287769784175,0.7050359712230215,0.3695652173913043,0.2589928057553957,5.4311,0.41072,0.0030423703703703698,.214,.355,8.2,15.6,22.492401215805472,91.9,109.2,95.8,105.6,54.8,27.4,3.2,24.2,36.37795275590551,51.307189542483655,85.3503184713376,8.818897637795276,9.5,.227,.363,.391,.310,4.4444444444444455,6,21,9,0,25,3,37,231,56
Edward Florentino,PIT,OF,19,40,28,161,1,1,0.9856115107913669,0.6780575539568345,0.8366906474820144,0.5272353545734841,0.960431654676259,0.9856115107913669,0.9460431654676259,0.9928057553956835,0.9784172661870504,0.9856115107913669,0.5863309352517986,0.8345323741007195,0.9172661870503597,0.6798561151079137,0.8489208633093526,0.7985611510791367,0.1223021582733813,0.026737967914438502,0.1079136690647482,0.12949640287769784,0.5107913669064749,0.2158273381294964,0.02877697841726619,1,1,3.23413,"'-0.892342","'-0.02230855",.276,.567,13.6,27.5,13.636363636363635,94.5,107.6,93.8,106.4,40.9,17.5,16.8,40.4,32.29813664596273,54.794520547945204,70,13.043478260869565,40.9,.321,.500,.750,.316,7.5,3,11,3,0,9,3,7,52,21
Yasser Mercedes,MIN,OF,21,67,55,300,0.9856115107913669,0.9928057553956835,0.9784172661870504,0.8340827338129497,0.9661870503597123,0.6808838643371017,0.9712230215827338,0.9928057553956835,0.9784172661870504,0.8884892086330936,0.7841726618705036,0.9316546762589928,0.9568345323741008,0.9928057553956835,0.9496402877697842,0.9712230215827338,0.7266187050359713,0.8129496402877698,0.7050359712230215,0.213903743315508,0.2733812949640288,0.6115107913669064,0.7769784172661871,0.9784172661870504,0.920863309352518,0.7572463768115942,0.9640287769784173,9.2903,0.9568909999999999,0.014281955223880597,.289,.571,17.1,17.9,20.26143790849673,92.7,113.7,98,107.4,58.5,20.9,17.1,25.2,39.66666666666666,59.863945578231295,81.81818181818183,10,31.7,.327,.448,.764,.343,10.44776119402985,7,12,2,2,18,6,14,119,30
Alirio Ferrebus,PHI,C/1B,20,107,93,316,0.7482014388489209,0.9280575539568345,0.9712230215827338,0.689748201438849,0.8553956834532374,0.6217882836587872,0.8669064748201439,0.8633093525179856,0.7589928057553957,0.1223021582733813,0.04316546762589928,0.8848920863309353,0.8992805755395683,0.8848920863309353,0.9028776978417267,0.8705035971223022,0.920863309352518,0.3237410071942446,0.9064748201438849,0.8877005347593583,0.6690647482014388,0.9280575539568345,0.762589928057554,0.4676258992805755,0.8129496402877698,0.3695652173913043,0.5683453237410072,5.11041,0.662993,0.006196196261682244,.249,.394,8.8,6.5,39.215686274509814,91.5,111.7,94.3,106.2,48.8,14,7,18.7,54.1139240506329,68.09815950920245,89.18918918918921,10.126582278481012,15,.333,.402,.538,.364,6.5420560747663545,7,7,10,0,31,3,15,171,32
Anibal Salas,DET,OF,20,107,85,446,0.6870503597122302,0.6762589928057554,0.9640287769784173,0.6009442446043165,0.6848920863309352,0.6536485097636177,0.28776978417266186,0.6187050359712231,0.9172661870503597,0.8741007194244604,0.8489208633093526,0.6834532374100719,0.8093525179856115,0.44964028776978415,0.6474820143884892,0.39568345323741005,0.4748201438848921,0.1223021582733813,0.6330935251798561,0.16042780748663102,0.34532374100719426,0.6438848920863309,0.7553956834532374,0.5179856115107914,0.12949640287769784,0.7898550724637681,0.21942446043165467,5.47786,"'-1.0165","'-0.0095",.185,.328,12.5,17.8,18.442622950819672,88.8,109.8,88.2,103.6,32.1,28,1.8,26.9,38.34080717488789,62.37623762376238,82.53968253968253,10.31390134529148,8.9,.200,.355,.400,.278,6.5420560747663545,7,19,5,3,17,2,30,171,46
Andres Valor,MIA,OF,20,131,105,570,0.7877697841726619,0.7158273381294964,0.9568345323741008,0.6263489208633094,0.7446043165467626,0.43576567317574516,0.5539568345323741,0.7194244604316546,0.7877697841726619,0.7482014388489209,0.4316546762589928,0.6510791366906474,0.8705035971223022,0.7517985611510791,0.935251798561151,0.6942446043165468,0.31654676258992803,0.9424460431654677,0.3669064748201439,0.4545454545454545,0.4892086330935252,0.3381294964028777,0.3597122302158273,0.9640287769784173,0.8992805755395683,0.18840579710144928,0.6438848920863309,9.11725,1.6682099999999997,0.01273442748091603,.213,.338,9.2,16,26.885245901639344,88.6,111.1,92.2,106.7,41.5,31.3,20.2,34.1,44.73684210526316,65.28301886792453,74.56647398843931,15.26315789473684,16.9,.219,.366,.390,.323,4.580152671755725,6,21,3,3,23,3,41,255,87
Elian Peña,NYM,SS,18,115,97,448,0.6330935251798561,0.7913669064748201,0.9496402877697842,0.6193794964028777,0.5244604316546763,0.6443987667009249,0.7050359712230215,0.7014388489208633,0.4460431654676259,0.60431654676259,0.37410071942446044,0.4784172661870504,0.7338129496402878,0.5323741007194245,0.39928057553956836,0.26258992805755393,0.8633093525179856,0.9640287769784173,0.7985611510791367,0.32620320855614976,0.2589928057553957,0.841726618705036,0.7697841726618705,0.4748201438848921,0.8057553956834532,0.2463768115942029,0.7769784172661871,5.15195,0.7042970000000001,0.006124321739130434,.228,.337,3.8,13.9,27.800829875518676,86.7,109.1,89.5,101.2,28.2,17.4,20.6,23.7,42.410714285714285,59.42028985507246,86.1788617886179,10.044642857142858,20.5,.278,.383,.402,.329,2.608695652173913,3,16,6,0,27,2,20,190,45
Quentin Young,MIN,3B/SS,19,108,97,452,0.6007194244604317,0.2446043165467626,0.9424460431654677,0.5116906474820144,0.9517985611510792,0.262589928057554,0.26258992805755393,0.9424460431654677,0.9928057553956835,0.24100719424460432,0.460431654676259,0.9784172661870504,0.9100719424460432,0.9568345323741008,0.9820143884892086,0.935251798561151,0.04316546762589928,0.41007194244604317,0.13309352517985612,0.6898395721925134,0.7194244604316546,0.10071942446043165,0.14028776978417265,0.31654676258992803,0.050359712230215826,0.38405797101449274,0.29856115107913667,4.47008,"'-1.79355","'-0.016606944444444445",.182,.432,22,8.3,26.605504587155966,94.3,111.8,96.3,109.1,54,45.4,8,40,48.672566371681405,69.23076923076923,68.51851851851852,19.469026548672566,10,.186,.250,.361,.304,10.185185185185183,11,9,3,1,18,4,49,220,88
Juan Villavicencio,PHI,2B/SS,21,87,72,360,0.9280575539568345,0.6294964028776978,0.935251798561151,0.7075089928057554,0.853956834532374,0.5775950668036999,0.935251798561151,0.8561151079136691,0.7266187050359713,0.7553956834532374,0.7122302158273381,1,0.6942446043165468,0.9784172661870504,0.7805755395683454,0.9928057553956835,0.36330935251798563,0.33093525179856115,0.6079136690647482,0.18181818181818185,0.07913669064748201,0.7769784172661871,0.7482014388489209,0.8129496402877698,0.6762589928057554,0.057971014492753624,0.16546762589928057,7.51208,0.210103,0.002414977011494253,.266,.393,8.5,16.1,22.09302325581395,95.7,108.8,97.7,104.8,66,29.9,7.1,27.3,38.611111111111114,53.723404255319146,85.14851485148516,10.555555555555557,8.3,.208,.333,.417,.273,4.597701149425287,4,14,2,2,15,3,26,139,38
Jayson Bass,MIN,OF,20,94,82,358,0.6330935251798561,0.5071942446043165,0.9280575539568345,0.6081384892086331,0.7122302158273381,0.46916752312435767,0.7733812949640287,0.8345323741007195,0.7589928057553957,0.4244604316546763,0.4028776978417266,0.60431654676259,0.8489208633093526,0.5467625899280576,0.6654676258992805,0.5143884892086331,0.5,0.6438848920863309,0.35251798561151076,0.6791443850267379,0.841726618705036,0.48201438848920863,0.2805755395683453,0.8345323741007195,0.7985611510791367,0.7681159420289855,0.7985611510791367,8.03454,0.574629,0.006113074468085106,.233,.372,8.8,10.6,27.173913043478255,88.2,110.6,89.7,103.8,35.1,27.7,12.8,34.5,48.603351955307254,71.26436781609196,79.03225806451613,16.75977653631285,21.1,.232,.319,.390,.309,5.319148936170213,5,10,5,1,19,2,26,174,60
Edgleen Perez,PIT,C,19,115,101,426,0.8381294964028777,0.8309352517985612,0.920863309352518,0.6373651079136691,0.5856115107913669,0.7327852004110998,0.9784172661870504,0.8201438848920863,0.4244604316546763,0.460431654676259,0.539568345323741,0.60431654676259,0.5863309352517986,0.5971223021582733,0.5755395683453237,0.49280575539568344,0.8848920863309353,0.23741007194244604,0.8129496402877698,0.5187165775401069,0.7697841726618705,0.8776978417266187,0.7841726618705036,0.08633093525179857,0.3237410071942446,0.050724637681159424,0.0683453237410072,1.14829,"'-0.38135","'-0.003316086956521739",.290,.368,3.6,11.3,25.110132158590307,88.2,107.6,90.4,102.8,34.9,16.5,4.9,21.4,46.009389671361504,69.84924623115577,87.05035971223022,9.859154929577462,4.8,.337,.409,.396,.402,2.608695652173913,3,13,3,0,34,1,19,196,42
Bryce Rainer,DET,SS,20,49,42,209,0.5899280575539568,0.2014388489208633,0.9136690647482014,0.5397931654676259,0.929496402877698,0.31500513874614594,0.23741007194244604,0.9496402877697842,0.9856115107913669,0.5107913669064749,0.841726618705036,0.9640287769784173,1,0.8705035971223022,1,0.7482014388489209,0.09352517985611511,0.28776978417266186,0.1618705035971223,0.0481283422459893,0.02877697841726619,0.07913669064748201,0.4892086330935252,0.6690647482014388,0.9280575539568345,0.7391304347826086,0.05755395683453238,6.33929,0.720183,0.01469761224489796,.177,.437,17.4,12.2,18.446601941747574,93.7,116.2,94.1,110.6,43.5,40.8,5.8,39.4,33.97129186602871,49.0566037735849,67.30769230769229,13.397129186602873,4.3,.167,.265,.310,.273,8.16326530612245,4,6,3,0,7,1,20,71,28
Bruin Agbayani,MIN,2B/SS,19,29,23,113,0.8561151079136691,0.381294964028777,0.9064748201438849,0.6297212230215827,0.26043165467625895,0.802672147995889,0.920863309352518,0.44244604316546765,0.11870503597122302,0.8345323741007195,0.9280575539568345,0.5035971223021583,0.07913669064748201,0.39928057553956836,0.17985611510791366,0.15827338129496402,0.960431654676259,0.7661870503597122,0.8525179856115108,0.0855614973262032,0.11510791366906475,0.9784172661870504,0.9496402877697842,0.6115107913669064,0.8489208633093526,0.5797101449275363,0.29856115107913667,6.06988,0.240365,0.00828844827586207,.260,.295,0,17.2,15.789473684210524,87.2,102.5,87.6,99.4,25,10.3,15.7,20,35.398230088495566,55.35714285714286,93.54838709677419,7.079646017699115,10,.174,.345,.261,.200,0,0,5,2,0,4,0,3,40,8
Jaeden Calderon,PHI,1B/OF,20,78,66,303,0.4712230215827338,0.26258992805755393,0.8992805755395683,0.5690197841726619,0.6028776978417266,0.5256937307297019,0.42805755395683454,0.5071942446043165,0.4676258992805755,0.6187050359712231,0.2841726618705036,0.6223021582733813,0.8273381294964028,0.46402877697841727,0.6474820143884892,0.5899280575539568,0.5899280575539568,0.6546762589928058,0.6906474820143885,0.3422459893048128,0.08633093525179857,0.7410071942446043,0.6690647482014388,0.8561151079136691,0.9424460431654677,0.014492753623188406,0.1223021582733813,8.09027,1.2315,0.01578846153846154,.203,.306,4.4,14.1,29.411764705882355,88.3,110.2,88.6,103.6,37.8,25.6,13,26.2,42.904290429042895,53.892215568862284,84.44444444444444,11.221122112211221,6.5,.167,.295,.288,.222,2.564102564102564,2,11,1,2,11,1,20,130,34
Carter Johnson,MIA,2B/SS,20,126,100,540,0.4892086330935252,0.8129496402877698,0.8920863309352518,0.5310251798561151,0.5568345323741009,0.5847893114080164,0.2517985611510791,0.38848920863309355,0.5,0.737410071942446,0.6402877697841727,0.7482014388489209,0.6151079136690647,0.7913669064748201,0.7805755395683454,0.5323741007194245,0.39568345323741005,0.5323741007194245,0.658273381294964,0.3796791443850268,0.3597122302158273,0.6762589928057554,0.6258992805755396,0.34532374100719426,0.5179856115107914,0.4782608695652174,0.39928057553956836,4.66437,"'-0.0831784","'-0.0006601460317460317",.179,.282,4.6,15.9,23.371647509578548,89.3,107.9,92.6,104.8,35.4,29.4,11.4,26.7,43.7037037037037,62.72401433691756,82.85714285714286,11.666666666666664,12.3,.250,.389,.410,.344,2.380952380952381,3,20,4,0,25,4,37,236,63
Drew Davies,CIN,1B/OF,20,45,35,178,0.9568345323741008,0.8812949640287769,0.8848920863309353,0.6196043165467626,0.39856115107913676,0.6618705035971224,0.9496402877697842,0.7482014388489209,0.4460431654676259,0.8741007194244604,0.9568345323741008,0.2158273381294964,0.4568345323741007,0.1618705035971223,0.2014388489208633,0.12589928057553956,0.7589928057553957,0.5755395683453237,0.5971223021582733,0.18716577540106952,0.22302158273381295,0.4892086330935252,0.7338129496402878,0.8057553956834532,0.9136690647482014,0.6666666666666666,0.7194244604316546,7.462339999999999,0.583175,0.012959444444444444,.272,.348,3.8,17.8,13.924050632911394,84.1,106.3,84.4,99.5,23.1,20,11.7,27.5,38.76404494382023,58.585858585858595,79.3103448275862,10.674157303370784,19.2,.286,.444,.371,.385,2.2222222222222223,1,8,1,1,10,0,9,69,19
Randy Guzman,NYM,1B/OF,21,109,92,427,0.6726618705035972,0.6690647482014388,0.8776978417266187,0.5993705035971223,0.8928057553956835,0.3514902363823227,0.6798561151079137,0.7482014388489209,0.9028776978417267,0.5035971223021583,0.09352517985611511,0.920863309352518,0.9928057553956835,0.8525179856115108,0.9820143884892086,0.8992805755395683,0.26618705035971224,0.6294964028776978,0.26618705035971224,0.8181818181818182,0.7338129496402878,0.43884892086330934,0.15827338129496402,0.6834532374100719,0.45323741007194246,0.9021739130434783,0.9424460431654677,6.39371,"'-0.203361","'-0.001865697247706422",.224,.348,12.3,11.9,36.56387665198238,92.3,115.8,94,109.1,50.9,33,12.7,36.9,51.99063231850117,69.5,77.6978417266187,19.20374707259953,29.3,.239,.339,.424,.333,6.422018348623854,7,13,5,0,22,4,36,222,82
Jordan Yost,DET,SS,19,58,48,230,0.762589928057554,0.6151079136690647,0.8705035971223022,0.5883543165467626,0.29280575539568343,0.7194244604316548,0.9136690647482014,0.6007194244604317,0.11870503597122302,0.2589928057553957,0.7697841726618705,0.3381294964028777,0.17266187050359713,0.22661870503597123,0.050359712230215826,0.23381294964028776,0.9280575539568345,0.31654676258992803,0.9928057553956835,0.20320855614973266,0.1366906474820144,0.9568345323741008,0.9928057553956835,0.920863309352518,0.7194244604316546,0.6268115942028986,0.5359712230215827,8.5404,0.22262800000000002,0.0038384137931034477,.258,.324,0,8.6,20.37037037037037,85.5,103.5,85.9,96.9,27.5,13.8,6.2,13.3,39.130434782608695,55.73770491803278,91.17647058823529,5.217391304347826,14.6,.271,.379,.333,.317,0,0,5,1,1,13,0,8,90,12
Tyson Lewis,CIN,SS,20,58,52,240,0.5215827338129496,0.09352517985611511,0.8633093525179856,0.487410071942446,0.8474820143884892,0.262589928057554,0.6798561151079137,0.7913669064748201,0.7985611510791367,0.2589928057553957,0.1079136690647482,0.9568345323741008,0.8597122302158273,0.8705035971223022,0.8920863309352518,0.8309352517985612,0.1906474820143885,0.16906474820143885,0.14388489208633093,0.8582887700534759,0.7553956834532374,0.3237410071942446,0.05755395683453238,0.35251798561151076,0.26618705035971224,0.13768115942028986,0.02158273381294964,4.682519999999999,"'-0.269715","'-0.004650258620689655",.224,.362,9.4,8.6,36.440677966101696,93,110.7,94.1,106.1,46.9,34.5,2.3,39.8,53.33333333333334,69.67213114754098,74.11764705882355,21.25,3.1,.154,.241,.231,.250,5.172413793103448,3,5,4,0,8,0,20,128,51
Irvin Nunez,MIN,C/1B,20,49,37,205,0.5755395683453237,0.16906474820143885,0.8561151079136691,0.6153327338129497,0.27482014388489207,0.7887975334018499,0.5539568345323741,0.3669064748201439,0.11870503597122302,0.7661870503597122,0.8992805755395683,0.31654676258992803,0.15467625899280577,0.2158273381294964,0.3381294964028777,0.4172661870503597,0.8920863309352518,0.9496402877697842,0.89568345323741,0.29411764705882354,0.5863309352517986,0.5683453237410072,0.9136690647482014,0.8705035971223022,0.6906474820143885,0.6521739130434783,0.9712230215827338,8.15749,0.138537,0.002827285714285714,.213,.272,0,16.3,16.50485436893204,85.4,103.4,85.8,100.6,32.3,16.3,20.3,18.8,41.46341463414634,66.66666666666666,80.88235294117648,7.804878048780488,32.3,.162,.327,.162,.194,0,0,8,0,0,6,0,8,85,16
Jude Warwick,DET,2B/SS,20,131,109,499,0.7877697841726619,0.6870503597122302,0.8489208633093526,0.591501798561151,0.625179856115108,0.48252826310380265,0.7985611510791367,0.802158273381295,0.460431654676259,0.5719424460431655,0.3669064748201439,0.6366906474820144,0.7122302158273381,0.7338129496402878,0.39928057553956836,0.5143884892086331,0.5107913669064749,0.6618705035971223,0.4244604316546763,0.8021390374331551,0.9064748201438849,0.2805755395683453,0.31654676258992803,0.7122302158273381,0.30935251798561153,0.4927536231884058,0.7589928057553957,6.69314,"'-0.505189","'-0.003856404580152672",.235,.365,4.1,13,28.033472803347284,88.5,109,92,101.2,35.1,27.5,13.5,31.8,51.703406813627254,73.46153846153847,72.25130890052355,16.432865731462925,20.3,.248,.366,.385,.347,2.2900763358778624,3,17,7,1,27,2,36,258,82
Ramiro Dominguez,MIN,2B,19,57,50,210,0.5215827338129496,0.7482014388489209,0.841726618705036,0.5870053956834532,0.4129496402877698,0.7127440904419321,0.6151079136690647,0.7482014388489209,0.6870503597122302,0.5215827338129496,0.48201438848920863,0.050359712230215826,0.31654676258992803,0.1079136690647482,0.302158273381295,0.26258992805755393,0.8057553956834532,0.6187050359712231,0.9136690647482014,0.41711229946524064,0.381294964028777,0.9856115107913669,0.8992805755395683,0.5827338129496403,0.8848920863309353,0.9927536231884058,0.9928057553956835,5.96163,0.622628,0.010923298245614034,.218,.348,7.7,12.3,26.168224299065415,81.3,105,82.3,100.3,28.2,19.3,12.5,18.3,44.28571428571429,63.10679611650486,93.84615384615385,8.095238095238095,38.5,.220,.316,.480,.222,5.263157894736842,3,7,4,0,11,3,11,93,17
JP Smith II,MIN,1B,21,88,73,357,0.7733812949640287,0.5863309352517986,0.8345323741007195,0.6827787769784173,0.7625899280575539,0.6767728674203495,0.6007194244604317,0.8129496402877698,0.6654676258992805,0.8093525179856115,0.60431654676259,0.8992805755395683,0.5503597122302158,0.9136690647482014,0.7302158273381295,0.8848920863309353,0.7446043165467626,0.7985611510791367,0.697841726618705,0.6390374331550802,0.9424460431654677,0.36330935251798563,0.5755395683453237,0.2014388489208633,0.18705035971223022,0.5797101449275363,0.7446043165467626,2.80753,"'-0.576755","'-0.00655403409090909",.217,.366,7.4,17,23.958333333333336,91.8,107.4,94.9,104.2,50,20.5,16.8,25.9,47.61904761904761,75.15151515151514,75.80645161290323,12.324929971988794,20,.233,.364,.329,.296,4.545454545454546,4,15,4,0,17,1,18,170,44
Richard Ramirez,PIT,C,20,56,48,196,0.8561151079136691,0.8812949640287769,0.8273381294964028,0.5694694244604317,0.8827338129496403,0.29907502569373073,0.8273381294964028,0.9172661870503597,0.8165467625899281,0.28776978417266186,0.1510791366906475,0.9460431654676259,0.7877697841726619,0.9280575539568345,0.9172661870503597,0.9460431654676259,0.2805755395683453,0.7985611510791367,0.20863309352517986,0.8663101604278075,0.8992805755395683,0.15827338129496402,0.1079136690647482,0.1223021582733813,0.4244604316546763,0.18115942028985507,0.7266187050359713,1.9484099999999998,"'-0.115292","'-0.0020587857142857144",.241,.416,9.7,8.9,34.34343434343434,92.9,109.5,95.1,106.4,54.8,32.1,16.8,38.1,53.57142857142857,73.1958762886598,70.4225352112676,20.40816326530612,19.4,.292,.375,.500,.433,5.357142857142857,3,5,7,0,14,1,18,105,40
Jack Gurevitch,STL,1B,22,123,102,496,0.9496402877697842,0.9424460431654677,0.8201438848920863,0.6414118705035972,0.9661870503597122,0.4922918807810894,0.7482014388489209,0.9640287769784173,0.9028776978417267,0.7050359712230215,0.4460431654676259,0.9928057553956835,0.9856115107913669,1,0.9928057553956835,0.9856115107913669,0.35251798561151076,0.1223021582733813,0.381294964028777,0.7540106951871658,0.9280575539568345,0.381294964028777,0.2517985611510791,0.16546762589928057,0.07194244604316546,0.5072463768115942,0.6438848920863309,2.34136,"'-1.7626700000000002","'-0.014330650406504062",.231,.462,12.3,15.4,26.720647773279357,94.9,115,101.3,109.9,61.5,30.1,1.8,33.6,50.403225806451616,73.89558232931726,76.08695652173914,16.93548387096774,16.9,.275,.398,.549,.373,6.504065040650407,8,19,10,0,28,6,37,250,84
Jonathan Mejía,STL,2B/SS,21,126,103,526,0.9064748201438849,0.6618705035971223,0.8129496402877698,0.6276978417266188,0.660431654676259,0.5318602261048304,0.6654676258992805,0.8884892086330936,0.8453237410071942,0.737410071942446,0.6115107913669064,0.37050359712230213,0.6294964028776978,0.5035971223021583,0.4172661870503597,0.5683453237410072,0.43884892086330934,0.9064748201438849,0.4460431654676259,0.5614973262032086,0.6474820143884892,0.4244604316546763,0.4172661870503597,0.539568345323741,0.05755395683453238,0.6521739130434783,0.920863309352518,5.73097,"'-1.90425","'-0.015113095238095238",.223,.404,10.3,15.9,23.809523809523807,85.9,108,89.1,101.3,36.8,28.6,19.1,30.5,46.768060836501895,67.88321167883211,77.4193548387097,14.258555133079849,26.1,.194,.333,.427,.238,5.5555555555555545,7,20,5,2,20,5,36,246,75
Aldo Gaxiola,TOR,1B/3B,19,106,94,382,0.1906474820143885,0.41007194244604317,0.8057553956834532,0.4638039568345324,0.5654676258992806,0.45889003083247687,0.19424460431654678,0.3237410071942446,0.60431654676259,0.07553956834532374,0.16546762589928057,0.46402877697841727,0.9424460431654677,0.2697841726618705,0.9028776978417267,0.49280575539568344,0.45323741007194246,0.6870503597122302,0.49640287769784175,0.7647058823529411,0.7266187050359713,0.9136690647482014,0.381294964028777,0.30935251798561153,0.539568345323741,0.6014492753623188,0.6690647482014388,4.35445,"'-0.012846600000000001","'-0.00012119433962264153",.171,.266,6.3,5.7,33.99014778325123,86.5,112.5,86.3,106.2,34.9,28.3,14.1,29.5,50.523560209424076,69.27374301675978,88.70967741935482,14.921465968586386,17.2,.213,.302,.362,.279,3.7735849056603774,4,6,5,0,20,3,30,193,57
Julio Henriquez,MIA,1B,21,57,49,200,0.6546762589928058,0.7338129496402878,0.7985611510791367,0.6267985611510791,0.5755395683453238,0.6428571428571429,0.9424460431654677,0.6007194244604317,0.11870503597122302,0.4028776978417266,0.2841726618705036,0.8237410071942446,0.5503597122302158,0.8057553956834532,0.7446043165467626,0.7841726618705036,0.9424460431654677,0.14028776978417265,0.841726618705036,0.5828877005347594,0.49640287769784175,0.7266187050359713,0.8057553956834532,0.9136690647482014,0.2446043165467626,0.08695652173913043,0.007194244604316547,8.396,"'-0.318948","'-0.005595578947368421",.269,.324,0,10.5,29.411764705882355,90.2,107.4,93,104.3,45.2,12.3,1.9,20.2,47,65.3061224489796,84.375,9.5,2.3,.286,.368,.408,.326,0,0,6,4,1,14,0,7,94,19
Eduardo Beltre,MIN,OF,19,67,62,277,0.2589928057553957,0.45323741007194246,0.7913669064748201,0.5236061151079137,0.5705035971223021,0.5303186022610483,0.381294964028777,0.7014388489208633,0.6258992805755396,0.17985611510791366,0.33093525179856115,0.44244604316546765,0.7122302158273381,0.5323741007194245,0.7122302158273381,0.37050359712230213,0.539568345323741,0.9280575539568345,0.7769784172661871,0.6737967914438503,0.6258992805755396,0.6258992805755396,0.6330935251798561,0.2446043165467626,0.5251798561151079,0.2898550724637681,0.7769784172661871,3.6976199999999997,"'-0.0348573","'-0.0005202582089552238",.198,.337,6.8,7.5,28.35820895522388,86.4,109,89.5,104.1,31.8,26.9,19.9,23.9,48.375451263537904,67.13286713286713,82.29166666666666,11.552346570397113,20.5,.242,.299,.387,.293,4.477611940298506,3,5,0,0,15,3,18,134,32
Enmanuel Tejeda,NYY,2B/3B,21,144,112,556,0.7230215827338129,0.7985611510791367,0.7841726618705036,0.6070143884892086,0.4330935251798561,0.7009249743062692,0.5287769784172662,0.4568345323741007,0.3237410071942446,0.9136690647482014,0.9424460431654677,0.5359712230215827,0.31654676258992803,0.6187050359712231,0.3669064748201439,0.5323741007194245,0.7338129496402878,0.6115107913669064,0.6223021582733813,0.2192513368983957,0.4748201438848921,0.49640287769784175,0.7230215827338129,0.7769784172661871,0.5971223021582733,0.2318840579710145,0.34532374100719426,7.200660000000001,0.0734176,0.0005098444444444443,.211,.296,2.4,19.4,14.94661921708185,87.6,105,90.6,100.7,35.4,20.8,12.4,27.1,39.74820143884892,65.0909090909091,79.3296089385475,10.791366906474819,10.8,.232,.392,.384,.296,1.3888888888888888,2,28,9,1,26,2,30,221,60
Brando Mayea,NYY,OF,20,122,109,456,0.539568345323741,0.3057553956834532,0.7769784172661871,0.4840377697841727,0.7258992805755395,0.2836587872559096,0.7482014388489209,0.7697841726618705,0.7086330935251799,0.22302158273381295,0.19424460431654678,0.6654676258992805,0.6690647482014388,0.7230215827338129,0.9424460431654677,0.8165467625899281,0.381294964028777,0.30935251798561153,0.28776978417266186,0.5454545454545454,0.31654676258992803,0.31654676258992803,0.26618705035971224,0.5323741007194245,0.7913669064748201,0.15942028985507245,0.39928057553956836,5.72339,0.7428100000000001,0.006088606557377049,.231,.352,8.2,8.2,31.877729257641924,88.7,108.6,91.9,107,46.6,29.5,6.1,36.3,46.49122807017544,61.23348017621145,74.10071942446042,16.885964912280702,12.3,.211,.295,.312,.296,4.918032786885246,6,10,5,0,23,2,36,212,77
Griffin Burkholder,PHI,OF,20,66,55,257,0.3489208633093525,0.18705035971223022,0.7697841726618705,0.4865107913669065,0.4661870503597122,0.501027749229188,0.17985611510791366,0.35251798561151076,0.37410071942446044,0.4244604316546763,0.7338129496402878,0.24100719424460432,0.7877697841726619,0.02158273381294964,0.8561151079136691,0.5755395683453237,0.4316546762589928,0.48201438848920863,0.5107913669064749,0.4224598930481284,0.45323741007194246,0.4136690647482014,0.539568345323741,0.935251798561151,0.60431654676259,0.3115942028985507,0.48201438848920863,8.635010000000001,0.0367088,0.0005561939393939393,.167,.270,2.9,10.6,21.487603305785125,84.4,109.5,79.6,105.8,37.1,28.8,9.9,28.9,44.3579766536965,64.70588235294117,77.27272727272727,12.840466926070038,13.5,.164,.303,.218,.250,1.5151515151515151,1,7,1,1,9,0,19,114,33
Matthew Ferrara,PHI,2B/SS,18,107,97,394,0.21942446043165467,0.37410071942446044,0.762589928057554,0.4404226618705036,0.5107913669064749,0.27081192189105857,0.5071942446043165,0.4064748201438849,0.5,0.06115107913669065,0.07913669064748201,0.25539568345323743,0.8597122302158273,0.4244604316546763,0.6474820143884892,0.5323741007194245,0.3381294964028777,0.9712230215827338,0.3381294964028777,0.7593582887700535,0.41007194244604317,0.45323741007194246,0.2158273381294964,0.8992805755395683,0.7769784172661871,0.8478260869565217,0.8920863309352518,8.30889,0.569416,0.005321644859813085,.210,.286,4.6,5.6,37.5,84.5,110.7,87.9,103.6,35.4,30.8,21.2,35.2,50.50761421319797,63.91752577319587,78.2258064516129,17.76649746192893,24.6,.206,.271,.402,.274,2.803738317757009,3,6,4,3,20,3,33,199,70
Ryan Sprock,MIN,C/3B,21,82,64,348,0.8273381294964028,0.7482014388489209,0.7553956834532374,0.6411870503597122,0.39999999999999997,0.8108941418293937,0.7050359712230215,0.4316546762589928,0.26258992805755393,0.8237410071942446,0.8057553956834532,0.737410071942446,0.1223021582733813,0.6438848920863309,0.2302158273381295,0.4460431654676259,0.9136690647482014,0.5035971223021583,0.9280575539568345,0.25133689839572193,0.37410071942446044,0.8884892086330936,0.9424460431654677,0.5467625899280576,0.8776978417266187,0.07246376811594203,0.1079136690647482,5.73688,0.862993,0.01052430487804878,.228,.294,1.9,17.1,19.672131147540984,89.1,103,90.8,99.7,33.3,14.6,10.9,17.9,40.22988505747128,63.03030303030302,87.5,7.183908045977012,5.6,.281,.415,.328,.333,1.2195121951219512,1,14,3,0,18,0,12,140,25
Arnaldo Lantigua,CIN,OF,20,51,46,189,0.24100719424460432,0.38848920863309355,0.7482014388489209,0.4049010791366906,0.6942446043165468,0.2646454265159301,0.31654676258992803,0.5251798561151079,0.8453237410071942,0.34532374100719426,0.38489208633093525,0.7877697841726619,0.4064748201438849,0.9064748201438849,0.6942446043165468,0.9064748201438849,0.2517985611510791,0.18705035971223022,0.18705035971223022,0.39572192513368987,0.20863309352517986,0.2158273381294964,0.2589928057553957,0.41007194244604317,0.15827338129496402,0.2536231884057971,0.3237410071942446,4.8899,"'-0.403361","'-0.007909039215686276",.189,.308,10.3,9.8,27.27272727272727,89.8,105.9,94.7,104,51.7,33.3,2.6,38.6,43.915343915343904,58.41584158415842,71.18644067796609,16.93121693121693,10.3,.217,.294,.370,.321,5.882352941176469,3,5,2,1,10,1,17,83,32
Carson Rucker,DET,3B,21,126,101,534,0.6726618705035972,0.7805755395683454,0.7410071942446043,0.5474370503597122,0.797841726618705,0.3083247687564234,0.4136690647482014,0.7266187050359713,0.8453237410071942,0.7841726618705036,0.3597122302158273,0.7194244604316546,0.8812949640287769,0.7086330935251799,0.7697841726618705,0.8165467625899281,0.16546762589928057,0.6762589928057554,0.07913669064748201,0.5026737967914439,0.4028776978417266,0.23741007194244604,0.12949640287769784,0.8489208633093526,0.8273381294964028,0.7971014492753623,0.8453237410071942,8.07805,0.8807299999999999,0.006989920634920635,.201,.340,10.3,16.7,28.14814814814815,89,111.2,91.7,104.7,46.6,36.5,13.9,42.6,45.69288389513109,63.63636363636363,71.42857142857143,19.475655430711612,22.4,.238,.365,.436,.370,4.761904761904762,6,21,4,2,24,4,46,244,104
PJ Morlando,MIA,OF,20,118,94,513,0.6330935251798561,0.5719424460431655,0.7338129496402878,0.5051708633093525,0.4920863309352518,0.5226104830421378,0.4136690647482014,0.4712230215827338,0.697841726618705,0.7985611510791367,0.7410071942446043,0.27697841726618705,0.539568345323741,0.19424460431654678,0.4172661870503597,0.4748201438848921,0.5611510791366906,0.6870503597122302,0.4136690647482014,0.19786096256684493,0.2014388489208633,0.38848920863309355,0.5539568345323741,0.2302158273381295,0.5035971223021583,0.8188405797101449,0.7589928057553957,3.43393,"'-0.163613","'-0.0013865508474576274",.201,.299,7.8,16.9,21.26865671641791,84.7,107.2,85.5,101.3,34.4,26.3,14.1,32.5,38.98635477582846,58.36734693877551,76.22377622377621,12.670565302144249,20.3,.202,.356,.330,.262,4.23728813559322,5,20,3,0,19,3,31,200,65
Murf Gray,PIT,3B,22,147,126,595,0.9712230215827338,0.9640287769784173,0.7266187050359713,0.695818345323741,0.8525179856115107,0.5734840698869476,0.9856115107913669,0.9712230215827338,0.8920863309352518,0.22302158273381295,0.2446043165467626,0.6510791366906474,0.9712230215827338,0.6906474820143885,0.8812949640287769,0.7769784172661871,0.8201438848920863,0.7841726618705036,0.7769784172661871,0.5401069518716578,0.38848920863309355,0.8705035971223022,0.6906474820143885,0.11510791366906475,0.3597122302158273,0.21014492753623187,0.4352517985611511,1.8462900000000002,"'-0.407956","'-0.002775210884353741",.292,.493,11.8,8.2,30.132450331125828,88.6,114.3,91.4,106,45.1,18.4,16.7,23.9,46.386554621848745,63.13993174061433,87.02702702702703,11.092436974789916,12.9,.349,.425,.571,.400,8.16326530612245,12,12,10,0,44,6,27,276,66
Nolan Beltran,PHI,SS,21,78,61,311,0.8776978417266187,0.8633093525179856,0.7194244604316546,0.5296762589928058,0.30791366906474815,0.6634121274409044,0.8669064748201439,0.4856115107913669,0.11870503597122302,0.9496402877697842,0.4748201438848921,0.44244604316546765,0.3776978417266187,0.4136690647482014,0.09352517985611511,0.11510791366906475,0.8776978417266187,0.1223021582733813,0.8057553956834532,0.2834224598930481,0.06474820143884892,0.658273381294964,0.8129496402877698,0.4244604316546763,0.35251798561151076,0.47101449275362317,0.38848920863309355,4.96477,"'-0.221098","'-0.0028345897435897434",.249,.304,0,21.8,26.277372262773728,86.4,105.7,87.7,98,22.9,16.7,1.8,22.7,41.15755627009647,52.87356321839081,82.6086956521739,9.32475884244373,11.8,.279,.436,.377,.340,0,0,17,3,0,17,1,13,128,29
Edian Espinal,DET,C,21,76,67,264,0.4892086330935252,0.5575539568345323,0.7122302158273381,0.5764388489208633,0.5654676258992806,0.63103802672148,0.8273381294964028,0.564748201438849,0.2517985611510791,0.4028776978417266,0.6474820143884892,0.7769784172661871,0.6798561151079137,0.7841726618705036,0.5215827338129496,0.5539568345323741,0.8992805755395683,0.3597122302158273,0.7338129496402878,0.446524064171123,0.3237410071942446,0.697841726618705,0.7122302158273381,0.302158273381295,0.2014388489208633,0.8369565217391305,0.7446043165467626,4.28,"'-0.496938","'-0.006538657894736843",.241,.315,1.8,10.5,23.27586206896552,89.6,108.7,92.4,102.2,36.4,15.8,7.5,24.6,44.6969696969697,61.48648648648649,83.51648351648352,10.984848484848484,20,.269,.355,.343,.327,1.3157894736842104,1,8,1,2,18,0,12,118,29
Enmanuel Bonilla,TOR,OF,20,48,45,166,0.3597122302158273,0.7158273381294964,0.7050359712230215,0.4680755395683453,0.7244604316546763,0.32168550873586843,0.7841726618705036,0.7338129496402878,0.6438848920863309,0.10431654676258993,0.03597122302158273,0.7589928057553957,0.762589928057554,0.39928057553956836,0.841726618705036,0.7230215827338129,0.2517985611510791,0.34172661870503596,0.19424460431654678,0.9518716577540108,1,0.6438848920863309,0.02158273381294964,0.12949640287769784,0.02158273381294964,0.9021739130434783,0.7913669064748201,2.11512,"'-1.0834700000000002","'-0.022572291666666664",.234,.346,7.1,6.3,40.44943820224719,89.4,109.2,87.6,105.6,42.9,33.3,7.2,38.4,59.63855421686747,81.81818181818183,82.53968253968253,22.891566265060238,20.7,.289,.333,.444,.407,4.166666666666666,2,3,1,0,13,2,16,99,38
Dariel Ramon,TOR,2B/OF,20,104,87,372,0.38848920863309355,0.539568345323741,0.697841726618705,0.47099820143884896,0.17985611510791366,0.6598150051387461,0.46402877697841727,0.2949640287769784,0.11870503597122302,0.4244604316546763,0.5323741007194245,0.14028776978417265,0.2517985611510791,0.1474820143884892,0.11510791366906475,0.09352517985611511,0.8705035971223022,0.2158273381294964,0.8201438848920863,0.3582887700534759,0.3381294964028777,0.7697841726618705,0.8633093525179856,0.9496402877697842,0.8633093525179856,0.717391304347826,0.8633093525179856,8.6821,0.983497,0.009456701923076922,.207,.260,0,10.6,25.26315789473684,83.1,104.5,83.7,98.4,20.6,17.3,3.7,20.5,43.27956989247311,62.087912087912095,84.95575221238937,8.870967741935484,23.6,.195,.327,.368,.212,0,0,11,4,1,17,3,18,161,33
Ryan Mitchell,STL,OF,19,130,106,583,0.33093525179856115,0.5575539568345323,0.6906474820143885,0.3776978417266187,0.33525179856115106,0.4295991778006166,0.14388489208633093,0.2697841726618705,0.5431654676258992,0.8633093525179856,0.8561151079136691,0.24100719424460432,0.21223021582733814,0.564748201438849,0.26258992805755393,0.41007194244604317,0.17266187050359713,0.2805755395683453,0.3237410071942446,0.0427807486631016,0.014388489208633094,0.17985611510791366,0.5971223021582733,0.60431654676259,0.5467625899280576,0.9130434782608695,0.12949640287769784,6.04461,"'-0.00701708","'-0.00005397753846153846",.155,.254,5.1,17.7,17.938931297709924,84.4,104.2,90.2,99.9,32.2,36.2,5.5,35.4,33.9622641509434,47.0404984423676,70.86092715231787,12.006861063464838,6.8,.198,.346,.340,.309,2.307692307692308,3,23,3,0,21,4,47,198,70
Blaine Bullard,TOR,OF,19,129,110,522,0.37410071942446044,0.5863309352517986,0.6834532374100719,0.4345773381294964,0.43597122302158275,0.40596094552929085,0.36330935251798563,0.5539568345323741,0.6546762589928058,0.31654676258992803,0.45323741007194246,0.3381294964028777,0.34532374100719426,0.2697841726618705,0.4892086330935252,0.28776978417266186,0.2517985611510791,0.2014388489208633,0.4136690647482014,0.606951871657754,0.6402877697841727,0.4136690647482014,0.35251798561151076,0.9928057553956835,0.9568345323741008,0.6992753623188406,0.4352517985611511,9.81213,2.4321099999999998,0.01885356589147287,.197,.314,7.2,9.3,26.7175572519084,85.5,105.2,86.3,101.8,29,33.3,3,32.5,47.12643678160919,67.69230769230771,77.27272727272727,15.32567049808429,12.9,.227,.320,.409,.323,3.875968992248062,5,12,4,2,25,4,43,246,80
Estuar Suero,PIT,OF,20,48,46,188,0.13309352517985612,0.31654676258992803,0.6762589928057554,0.36375899280575535,0.8388489208633093,0.14594039054470706,0.27697841726618705,0.5251798561151079,0.9172661870503597,0.02158273381294964,0.20863309352517986,0.8669064748201439,0.920863309352518,0.9640287769784173,0.841726618705036,0.9640287769784173,0.02877697841726619,0.08633093525179857,0.03597122302158273,0.5347593582887701,0.33093525179856115,0.35251798561151076,0.04316546762589928,0.1079136690647482,0.09352517985611511,0.9637681159420289,0.9064748201438849,1.60714,"'-0.563908","'-0.01174808333333333",.184,.308,12.5,4.2,31.25,91.2,111.9,96.4,105.6,58.3,45.8,1,47.1,46.276595744680854,61.95652173913043,75.43859649122807,21.80851063829788,25,.239,.271,.370,.435,6.25,3,2,3,0,11,1,22,87,41
Dameury Pena,MIN,2B,20,110,96,386,0.38848920863309355,0.8309352517985612,0.6690647482014388,0.5571043165467626,0.2589928057553957,0.8201438848920863,0.841726618705036,0.4064748201438849,0.11870503597122302,0.3669064748201439,0.6690647482014388,0.39928057553956836,0.19784172661870503,0.5539568345323741,0.1223021582733813,0.17266187050359713,0.9712230215827338,0.09352517985611511,0.9712230215827338,0.5668449197860963,0.8848920863309353,0.9424460431654677,0.935251798561151,0.5539568345323741,0.11510791366906475,0.17391304347826086,0.381294964028777,5.75514,"'-1.22841","'-0.011167363636363637",.243,.286,0,10,23,86.1,104.1,89.8,98.6,25.6,10,1.1,15.5,46.89119170984456,72.5806451612903,90.37037037037035,7.253886010362692,11.6,.333,.413,.385,.376,0,0,11,3,1,32,0,11,181,28
Eddie Rynders,PIT,3B/SS,20,102,91,425,0.09712230215827339,0.11870503597122302,0.6618705035971223,0.37859712230215825,0.6323741007194245,0.16135662898252826,0.08633093525179857,0.24100719424460432,0.8776978417266187,0.34532374100719426,0.3381294964028777,0.7697841726618705,0.4748201438848921,0.841726618705036,0.6079136690647482,0.7985611510791367,0.007194244604316547,0.7050359712230215,0.02877697841726619,0.46524064171123,0.2949640287769784,0.06474820143884892,0.050359712230215826,0.8776978417266187,0.6834532374100719,0.13043478260869565,0.35251798561151076,8.19033,0.249234,0.0024434705882352943,.138,.252,11.4,9.8,28.292682926829265,89.5,106.4,93.9,103.2,45.7,54.9,14.5,47.6,44.941176470588225,60.45454545454545,64.66165413533834,21.41176470588235,11.1,.143,.235,.264,.353,3.92156862745098,4,10,4,2,13,1,56,191,91
Jack Goodman,DET,2B/SS,22,113,96,487,0.8165467625899281,0.20863309352517986,0.6546762589928058,0.6164568345323741,0.7683453237410072,0.48252826310380265,0.8992805755395683,0.8273381294964028,0.48201438848920863,0.6258992805755396,0.5755395683453237,0.8489208633093526,0.762589928057554,0.920863309352518,0.8057553956834532,0.920863309352518,0.579136690647482,0.43884892086330934,0.5035971223021583,0.2887700534759358,0.16546762589928057,0.34532374100719426,0.5827338129496403,0.4892086330935252,0.6690647482014388,0.5289855072463768,0.20503597122302158,5.4258,0.24985100000000002,0.0022110707964601768,.254,.369,4.5,14.2,24.45414847161572,90.9,109.2,95,105,52.2,25.7,9.1,29.4,41.27310061601643,56.2015503875969,75.17241379310343,12.114989733059547,8.8,.188,.301,.250,.254,2.6548672566371683,3,16,3,0,18,1,29,201,59
Eric Snow,TOR,2B/3B/SS,22,102,87,396,0.6007194244604317,0.3597122302158273,0.6474820143884892,0.5845323741007195,0.5294964028776978,0.6485097636176773,0.8848920863309353,0.5467625899280576,0.11870503597122302,0.5467625899280576,0.4892086330935252,0.5251798561151079,0.7338129496402878,0.7086330935251799,0.5359712230215827,0.7230215827338129,0.8345323741007195,0.15467625899280577,0.7194244604316546,0.446524064171123,0.5971223021582733,0.6690647482014388,0.6834532374100719,0.5251798561151079,0.43884892086330934,0.07971014492753623,0.1906474820143885,5.60724,"'-0.193553","'-0.0018975784313725488",.251,.313,0,12.7,26.046511627906977,87.5,109.1,91.7,102.4,42.9,17.6,2,24.9,44.6969696969697,66.85082872928176,82.64462809917356,11.111111111111109,8.6,.230,.333,.287,.286,0,0,13,5,0,20,0,18,177,44
Andrew Salas,MIA,SS/OF,18,112,96,460,0.20863309352517986,0.23381294964028776,0.6402877697841727,0.4357014388489209,0.23165467625899278,0.5493319630010277,0.27697841726618705,0.20503597122302158,0.37410071942446044,0.5359712230215827,0.5539568345323741,0.27697841726618705,0.1223021582733813,0.37410071942446044,0.10071942446043165,0.17985611510791366,0.6223021582733813,0.8920863309352518,0.5467625899280576,0.4919786096256685,0.460431654676259,0.579136690647482,0.5467625899280576,0.5899280575539568,0.20863309352517986,0.9492753623188406,0.8776978417266187,5.98999,"'-0.718331","'-0.006413669642857144",.184,.240,2.9,12.5,24.663677130044842,84.7,103,87.3,98.1,26.1,25,18.9,28.2,45.43478260869565,64.9789029535865,81.16883116883116,12.82608695652174,23.9,.177,.286,.292,.224,1.7857142857142856,2,14,3,1,17,2,28,209,59
Yordalin Peña,STL,OF,21,100,90,415,0.6151079136690647,0.3057553956834532,0.6330935251798561,0.5431654676258992,0.8122302158273381,0.289825282631038,0.8489208633093526,0.8884892086330936,0.8848920863309353,0.02877697841726619,0.2589928057553957,0.7194244604316546,0.762589928057554,0.8705035971223022,0.8165467625899281,0.8057553956834532,0.33093525179856115,0.4316546762589928,0.28776978417266186,0.7914438502673797,0.7769784172661871,0.17266187050359713,0.17266187050359713,0.7050359712230215,0.8345323741007195,0.4057971014492754,0.37050359712230213,6.64916,0.804891,0.00804891,.244,.404,11.5,5,30.102040816326532,89,109.2,94.1,105.2,45.9,31,9,36.3,51.08433734939759,69.86301369863014,70.58823529411767,18.55421686746988,11.5,.233,.290,.333,.333,7.000000000000001,7,5,6,0,21,1,31,212,77
Zach MacDonald,DET,OF,22,139,120,578,0.9640287769784173,0.8920863309352518,0.6258992805755396,0.6742356115107913,0.9352517985611511,0.3520041109969167,0.7985611510791367,1,1,0.2589928057553957,0.7266187050359713,0.8561151079136691,0.9640287769784173,0.8992805755395683,0.960431654676259,0.8561151079136691,0.1906474820143885,0.9136690647482014,0.33093525179856115,0.5561497326203209,0.5251798561151079,0.1223021582733813,0.30935251798561153,0.9712230215827338,0.8201438848920863,0.6086956521739131,0.8705035971223022,9.212769999999999,0.960548,0.00691041726618705,.235,.580,24,8.6,21.73913043478261,91,114.2,94.5,107.6,48,34.5,19.3,35.3,46.53979238754326,65.84615384615384,69.1588785046729,16.43598615916955,23.7,.250,.331,.583,.318,12.949640287769785,18,12,7,3,30,9,48,269,95
Jackson Lovich,NYY,1B/3B/SS,22,116,102,452,0.8776978417266187,0.8992805755395683,0.6187050359712231,0.6025179856115107,0.8726618705035971,0.31397738951695786,0.8273381294964028,0.9568345323741008,0.9460431654676259,0.38848920863309355,0.2733812949640288,0.7194244604316546,0.9496402877697842,0.7410071942446043,0.960431654676259,0.7913669064748201,0.34532374100719426,0.5539568345323741,0.1510791366906475,0.7112299465240641,0.8489208633093526,0.050359712230215826,0.14028776978417265,0.8201438848920863,0.5323741007194245,0.10144927536231885,0.14388489208633093,7.5290300000000006,"'-0.0253715","'-0.0002187198275862069",.241,.442,13.6,10.3,29.46058091286307,89,113.6,92.1,107.6,45.5,30.2,11.5,39.6,49.11504424778761,71.56398104265402,62.91390728476821,19.469026548672566,7.5,.284,.371,.520,.397,7.758620689655173,9,12,8,2,29,4,35,222,88
Byron Chourio,MIN,OF,20,72,56,293,0.697841726618705,0.45323741007194246,0.6115107913669064,0.4775179856115108,0.3877697841726619,0.47533401849948614,0.46402877697841727,0.4172661870503597,0.37410071942446044,0.7841726618705036,0.2302158273381295,0.5503597122302158,0.17266187050359713,0.5971223021582733,0.2302158273381295,0.4244604316546763,0.2949640287769784,0.6438848920863309,0.6223021582733813,0.4010695187165775,0.26618705035971224,0.5251798561151079,0.60431654676259,0.5683453237410072,0.9928057553956835,0.27898550724637683,0.1906474820143885,5.85656,1.6896,0.02346666666666667,.207,.289,2.9,16.7,30.57324840764331,87.8,103.5,90.4,99.7,32.4,31.9,12.8,27.1,44.027303754266214,59.558823529411754,80.24691358024691,11.945392491467574,8.6,.196,.361,.268,.303,1.3888888888888888,1,12,1,0,11,1,23,129,35
Yorman Licourt,TOR,OF,22,102,81,442,0.5683453237410072,0.8057553956834532,0.60431654676259,0.4617805755395683,0.8323741007194245,0.210688591983556,0.16906474820143885,0.5827338129496403,0.9712230215827338,0.8561151079136691,0.302158273381295,0.7877697841726619,0.8920863309352518,0.9424460431654677,0.9712230215827338,0.9280575539568345,0.050359712230215826,0.5755395683453237,0.007194244604316547,0.3155080213903743,0.2158273381294964,0.007194244604316547,0.03597122302158273,0.43884892086330934,0.6258992805755396,0.4855072463768116,0.16546762589928057,4.99789,0.160548,0.001574,.166,.318,16.7,17.6,29.31726907630522,89.8,111.4,95.4,108.2,52.8,45.1,11.7,52.7,42.081447963800905,58.54922279792746,57.522123893805315,22.171945701357465,8.3,.198,.353,.457,.333,5.882352941176469,6,18,3,0,16,6,46,186,98
Antonio Pimentel,PIT,2B/SS,20,83,74,324,0.17985611510791366,0.22302158273381295,0.5971223021582733,0.48696043165467623,0.2705035971223021,0.6834532374100719,0.302158273381295,0.20503597122302158,0.26258992805755393,0.3237410071942446,0.4244604316546763,0.302158273381295,0.18705035971223022,0.35611510791366907,0.3381294964028777,0.39568345323741005,0.6402877697841727,0.4244604316546763,0.9424460431654677,0.7165775401069518,0.8201438848920863,0.7553956834532374,0.8776978417266187,0.7482014388489209,0.9640287769784173,0.03985507246376811,0.3381294964028777,6.9174,1.7208,0.020732530120481932,.188,.240,1.9,9.6,26.923076923076927,85,103.9,87.1,100.6,32.1,24.1,8.4,17.4,49.69135802469136,70.83333333333334,84.87394957983193,8.641975308641975,10.5,.203,.289,.284,.264,1.2048192771084338,1,8,3,0,15,1,20,161,28
Bryan Acuña,MIN,3B/SS,20,46,36,211,0.5071942446043165,0.8705035971223022,0.5899280575539568,0.4613309352517986,0.21510791366906473,0.6284686536485099,0.5899280575539568,0.2158273381294964,0.11870503597122302,0.920863309352518,0.8633093525179856,0.16906474820143885,0.35611510791366907,0.02877697841726619,0.6330935251798561,0.2158273381294964,0.2733812949640288,0.3776978417266187,0.7589928057553957,0.13368983957219252,0.28776978417266186,0.4460431654676259,0.8489208633093526,0.4316546762589928,0.7410071942446043,0.007246376811594203,0.24100719424460432,4.99375,0.196022,0.004261347826086956,.216,.248,0,19.6,17.69911504424779,83.8,105.3,79.7,103.5,27.3,32.6,7.7,24.1,37.44075829383886,60.204081632653065,77.96610169491525,9.00473933649289,9.1,.333,.457,.361,.545,0,0,9,1,0,12,0,15,79,19
Yoffry Solano,MIA,2B,21,34,29,113,0.802158273381295,0.18705035971223022,0.5827338129496403,0.5607014388489209,0.41798561151079144,0.7040082219938334,0.960431654676259,0.6258992805755396,0.11870503597122302,0.658273381294964,0.5251798561151079,0.5719424460431655,0.050359712230215826,0.6798561151079137,0.08633093525179857,0.7230215827338129,0.6474820143884892,0.007194244604316547,0.9820143884892086,0.3048128342245989,0.18705035971223022,0.9496402877697842,0.9784172661870504,0.18345323741007194,0.4172661870503597,0.3333333333333333,0.5215827338129496,2.6428599999999998,"'-0.0709489","'-0.0020867323529411767",.276,.329,0,14.7,25.45454545454545,87.9,101.8,91.2,97.7,42.9,23.5,"'-12.4",14.9,41.592920353982294,56.896551724137936,90.9090909090909,6.1946902654867255,14.3,.172,.294,.241,.238,0,0,5,2,0,5,0,8,47,7
Robert Phelps,PHI,2B/3B/SS,22,87,65,339,0.8165467625899281,0.7266187050359713,0.5755395683453237,0.5555305755395683,0.33597122302158267,0.7055498458376156,0.5287769784172662,0.2805755395683453,0.3129496402877698,0.9280575539568345,0.8345323741007195,0.420863309352518,0.2949640287769784,0.2949640287769784,0.46402877697841727,0.37050359712230213,0.6115107913669064,0.29856115107913667,0.8525179856115108,0.032085561497326213,0.007194244604316547,0.7338129496402878,0.9712230215827338,0.6258992805755396,0.37410071942446044,0.7246376811594203,0.7769784172661871,6.14307,"'-0.221098","'-0.0025413563218390804",.211,.256,2.3,20.7,18.857142857142858,86.3,104.9,86.6,101.7,31.8,25.3,6,20,32.448377581120944,46.95121951219512,84.4155844155844,6.489675516224189,20.5,.215,.402,.323,.302,1.1494252873563218,1,18,4,0,14,1,22,110,22
Hans Montero,NYY,3B/SS,22,118,97,458,0.6546762589928058,0.8561151079136691,0.5683453237410072,0.6191546762589928,0.6309352517985611,0.5719424460431654,0.43884892086330934,0.6834532374100719,0.5899280575539568,0.6870503597122302,0.6618705035971223,0.6834532374100719,0.35611510791366907,0.7697841726618705,0.4352517985611511,0.841726618705036,0.5251798561151079,0.697841726618705,0.4856115107913669,0.4759358288770054,0.5683453237410072,0.579136690647482,0.49640287769784175,0.9568345323741008,0.8920863309352518,0.7572463768115942,0.8093525179856115,8.83175,1.40551,0.011911101694915254,.204,.336,6.1,15.3,23.00884955752212,88.8,105.3,92.3,101.5,47,27.1,14.3,29.6,44.978165938864635,66.3793103448276,81.16883116883116,13.31877729257642,21.2,.268,.390,.443,.385,3.3898305084745757,4,18,6,4,26,1,32,206,61
Ryan Weingartner,STL,2B/SS,21,130,105,534,0.7553956834532374,0.4748201438848921,0.5611510791366906,0.5391187050359711,0.4812949640287769,0.5488180883864336,0.5539568345323741,0.5899280575539568,0.7410071942446043,0.7050359712230215,0.8129496402877698,0.25539568345323743,0.5863309352517986,0.1474820143884892,0.46402877697841727,0.23381294964028776,0.4460431654676259,0.737410071942446,0.460431654676259,0.1390374331550802,0.17985611510791366,0.5899280575539568,0.6474820143884892,0.33093525179856115,0.2733812949640288,0.3333333333333333,0.31654676258992803,4.4729,"'-0.601805","'-0.004629269230769231",.213,.320,8.7,15.4,19.62962962962963,84.5,107.6,83.7,101.7,27.5,28.5,14.9,30.2,37.827715355805246,56.43939393939394,81.20805369127517,11.423220973782772,10.1,.210,.354,.295,.299,4.615384615384616,6,20,3,0,22,2,37,202,61
Cristian Jauregui,PIT,OF,20,77,70,302,0.38848920863309355,0.7661870503597122,0.5539568345323741,0.4586330935251799,0.37625899280575537,0.4414182939362795,0.8561151079136691,0.564748201438849,0.11870503597122302,0.1223021582733813,0.08633093525179857,0.37050359712230213,0.5035971223021583,0.2949640287769784,0.5539568345323741,0.3237410071942446,0.3237410071942446,0.4028776978417266,0.6726618705035972,0.8716577540106952,0.8561151079136691,0.60431654676259,0.4244604316546763,0.7194244604316546,0.1510791366906475,0.11956521739130435,0.658273381294964,6.731380000000001,"'-0.647382","'-0.008407558441558442",.245,.315,0,6.5,36.94267515923567,85.9,106.9,86.6,102.6,30.4,31.2,7.9,26.5,53.642384105960254,71.72413793103449,81.73076923076924,14.23841059602649,17,.286,.351,.443,.409,0,0,5,3,1,20,2,24,162,43
Brayden Smith,STL,2B/OF,22,101,85,418,0.44244604316546765,0.3273381294964029,0.5467625899280576,0.5852068345323742,0.5755395683453237,0.6073997944501542,0.34532374100719426,0.5251798561151079,0.7589928057553957,0.6690647482014388,0.6330935251798561,0.5899280575539568,0.6474820143884892,0.46402877697841727,0.6079136690647482,0.35611510791366907,0.5,0.5611510791366906,0.6079136690647482,0.6203208556149733,0.7482014388489209,0.5611510791366906,0.5323741007194245,0.8848920863309353,0.841726618705036,0.5144927536231884,0.49280575539568344,8.19048,0.8232450000000001,0.008150940594059406,.194,.308,8.8,14.9,23.38308457711443,88,108.2,88.6,103.2,31.6,27.7,11.6,27.3,47.368421052631575,69.5852534562212,80.79470198675497,12.91866028708134,13.6,.200,.327,.271,.286,4.950495049504951,5,15,1,1,17,1,28,198,54
Echedry Vargas,MIA,SS,21,50,45,165,0.2302158273381295,0.539568345323741,0.539568345323741,0.477068345323741,0.5841726618705037,0.4280575539568345,0.2949640287769784,0.4856115107913669,0.6330935251798561,0.3669064748201439,0.01079136690647482,0.802158273381295,0.5179856115107914,0.44964028776978415,0.762589928057554,0.48201438848920863,0.28776978417266186,0.8237410071942446,0.4028776978417266,0.9465240641711229,0.8776978417266187,0.8992805755395683,0.1510791366906475,0.3669064748201439,0.7553956834532374,0.7318840579710145,0.4748201438848921,4.73415,0.22262800000000002,0.00445256,.187,.304,6.9,10,50,89.9,107,88.2,104.5,34.5,32,17.3,32.7,59.3939393939394,72.46376811594203,88,19.393939393939394,13.3,.289,.360,.333,.448,4,2,5,2,0,13,0,16,98,32
Heriberto Caraballo,STL,C/1B,21,48,36,210,0.5827338129496403,0.6151079136690647,0.5323741007194245,0.3891636690647482,0.26546762589928063,0.5051387461459403,0.18705035971223022,0.1618705035971223,0.48201438848920863,0.9640287769784173,0.7985611510791367,0.19424460431654678,0.2733812949640288,0.1223021582733813,0.3669064748201439,0.2158273381294964,0.41007194244604317,0.29856115107913667,0.3057553956834532,0.053475935828877004,0.02158273381294964,0.4676258992805755,0.5683453237410072,0.2949640287769784,0.1366906474820144,0.8260869565217391,0.49280575539568344,4.1456,"'-0.443726","'-0.009244291666666666",.170,.228,4.5,22.9,19.81132075471698,83.9,104.7,82.7,100.7,27.3,29.2,6,36.1,34.285714285714285,49.03846153846153,78.43137254901961,12.38095238095238,13.6,.194,.396,.278,.286,2.083333333333333,1,11,0,0,7,1,14,72,26
Luke Scherrer,PIT,C/1B,21,74,65,285,0.07913669064748201,0.34532374100719426,0.5251798561151079,0.4392985611510791,0.3589928057553957,0.5493319630010278,0.2014388489208633,0.13309352517985612,0.29136690647482016,0.046762589928057555,0.5683453237410072,0.38848920863309355,0.6798561151079137,0.5107913669064749,0.5467625899280576,0.302158273381295,0.579136690647482,0.5323741007194245,0.8309352517985612,0.1443850267379679,0.05755395683453238,0.8345323741007195,0.9280575539568345,0.5755395683453237,0.697841726618705,0.2608695652173913,0.33093525179856115,5.863519999999999,0.22262800000000002,0.0030084864864864864,.172,.213,2.1,5.4,24.489795918367342,86,108.7,89.2,102.5,29.8,25.7,11.4,20.4,37.894736842105274,52.17391304347826,86.1111111111111,7.719298245614035,10.4,.246,.311,.323,.319,1.3513513513513509,1,4,2,0,16,1,19,108,22
Willy Montero,NYY,OF,21,127,115,489,0.4028776978417266,0.18705035971223022,0.5179856115107914,0.5013489208633093,0.6906474820143884,0.354573484069887,0.6402877697841727,0.802158273381295,0.6762589928057554,0.19424460431654678,0.15827338129496402,0.5719424460431655,0.935251798561151,0.38848920863309355,0.6079136690647482,0.4676258992805755,0.4172661870503597,0.6690647482014388,0.3597122302158273,0.8074866310160428,0.7410071942446043,0.4028776978417266,0.20863309352517986,0.37410071942446044,0.7122302158273381,0.3188405797101449,0.6115107913669064,4.73876,0.45871899999999993,0.00361196062992126,.221,.365,7.6,7.9,34.14634146341464,87.9,112.4,87.5,103.2,34.2,29.1,13.6,34.4,51.73824130879346,69.54732510288066,76.33136094674556,17.791411042944784,16.5,.200,.268,.296,.263,4.724409448818896,6,10,2,0,23,3,37,253,87
Santiago Gomez,NYY,2B/3B,22,51,43,190,0.29856115107913667,0.5215827338129496,0.5107913669064749,0.5676708633093526,0.36187050359712225,0.6685508735868447,0.4028776978417266,0.35251798561151076,0.37410071942446044,0.34532374100719426,0.6546762589928058,0.37050359712230213,0.5179856115107914,0.49280575539568344,0.14388489208633093,0.19424460431654678,0.7805755395683454,1,0.7589928057553957,0.5080213903743316,0.5863309352517986,0.8561151079136691,0.697841726618705,0.8920863309352518,0.7266187050359713,0.8695652173913043,0.9280575539568345,8.25394,0.209486,0.004107568627450982,.200,.270,2.9,9.8,23.07692307692308,85.9,107,88.8,99,26.5,19.6,26.8,24.1,45.78947368421053,66.66666666666666,86.36363636363636,11.052631578947368,26.5,.233,.333,.372,.294,1.96078431372549,1,5,4,1,10,0,10,87,21
Josh Hogue,MIA,1B/OF,22,56,50,196,0.4892086330935252,0.5719424460431655,0.5035971223021583,0.614658273381295,0.5719424460431655,0.7158273381294965,0.8129496402877698,0.7014388489208633,0.5431654676258992,0.4460431654676259,0.49640287769784175,0.37050359712230213,0.4892086330935252,0.6690647482014388,0.5359712230215827,0.7553956834532374,0.7805755395683454,0.2733812949640288,0.8669064748201439,0.7379679144385026,0.9172661870503597,0.7050359712230215,0.7985611510791367,0.38848920863309355,0.4028776978417266,0.028985507246376812,0.08273381294964029,4.79563,"'-0.124161","'-0.002217160714285714",.239,.337,5.1,10.7,25.773195876288657,85.9,106.6,91.1,102.4,43.6,19.6,5.4,19.4,50,73.73737373737373,83.56164383561644,9.693877551020408,5,.240,.321,.400,.289,3.571428571428571,2,6,3,1,12,1,11,98,19
Kyle Henley,CIN,OF,21,57,49,203,0.21942446043165467,0.6294964028776978,0.49640287769784175,0.3637589928057554,0.48201438848920863,0.24563206577595068,0.46402877697841727,0.18345323741007194,0.11870503597122302,0.15827338129496402,0.050359712230215826,0.5143884892086331,0.762589928057554,0.579136690647482,0.6942446043165468,0.8309352517985612,0.37410071942446044,0.02158273381294964,0.11510791366906475,0.8288770053475936,0.4244604316546763,0.5179856115107914,0.07913669064748201,0.9856115107913669,1,0.1956521739130435,0.014388489208633094,9.54394,1.54864,0.027169122807017543,.207,.235,0,7,38.29787234042553,87.4,109.2,90.3,104,46.9,29.8,"'-4.8",40.6,52.21674876847291,64.22018348623854,80,21.182266009852214,2.9,.286,.375,.347,.438,0,0,4,1,1,14,0,17,106,43
Jacob Friend,CIN,C/OF,23,46,37,201,0.935251798561151,0.9496402877697842,0.4892086330935252,0.6360161870503598,0.8748201438848922,0.43730729701952725,0.48201438848920863,0.9064748201438849,0.960431654676259,0.8453237410071942,0.9712230215827338,0.9460431654676259,0.60431654676259,0.8920863309352518,0.7553956834532374,0.9568345323741008,0.17985611510791366,0.49640287769784175,0.2733812949640288,0.20855614973262032,0.2446043165467626,0.14388489208633093,0.4028776978417266,0.8273381294964028,0.7482014388489209,0.427536231884058,0.6834532374100719,7.54593,0.196639,0.004274760869565217,.208,.411,14.3,17.4,13.79310344827586,92.9,107.8,94.4,104.4,57.1,34.8,10.6,36.7,39.30348258706468,58.771929824561404,70.1492537313433,14.427860696517413,17.4,.243,.391,.595,.368,6.521739130434782,3,8,3,2,9,2,16,79,29
Victor Ortega,MIA,C,22,66,52,257,0.5071942446043165,0.420863309352518,0.48201438848920863,0.5735161870503598,0.3589928057553957,0.8093525179856116,0.2446043165467626,0.25539568345323743,0.3129496402877698,0.6762589928057554,0.9928057553956835,0.4784172661870504,0.09352517985611511,0.4784172661870504,0.24820143884892087,0.6546762589928058,0.935251798561151,0.8237410071942446,0.89568345323741,0.12299465240641712,0.39568345323741005,0.8057553956834532,0.9640287769784173,0.14028776978417265,0.3381294964028777,0.5615942028985508,0.5107913669064749,2.19643,"'-0.195109","'-0.0029561969696969693",.178,.253,2.3,15.2,10.9375,86.7,102.7,88.7,99.8,39.5,13.6,17.3,18.8,37.35408560311284,63.56589147286822,85.36585365853658,7.003891050583657,14,.173,.348,.269,.190,1.5151515151515151,1,10,2,0,9,1,9,96,18
Engelth Urena,NYY,C,21,126,99,518,0.3669064748201439,0.45323741007194246,0.4748201438848921,0.5429406474820144,0.22302158273381295,0.7867420349434738,0.12949640287769784,0.1618705035971223,0.564748201438849,0.9064748201438849,0.9640287769784173,0.19424460431654678,0.04316546762589928,0.33093525179856115,0.1079136690647482,0.1510791366906475,0.6618705035971223,0.8705035971223022,0.8309352517985612,0.22459893048128346,0.43884892086330934,0.8129496402877698,0.8920863309352518,0.697841726618705,0.302158273381295,0.9710144927536232,0.7338129496402878,6.4682699999999995,"'-0.48745200000000005","'-0.0038686666666666665",.152,.228,5.7,19,13.83399209486166,83.9,101.5,86.8,98.2,24.3,23,18.5,20.4,39.76833976833976,64.52830188679245,85.38011695906431,8.108108108108109,19.7,.182,.349,.293,.243,3.1746031746031744,4,24,6,1,18,1,29,206,42
Jose Monserrate,MIA,OF,21,71,63,281,0.04316546762589928,0.06474820143884892,0.4676258992805755,0.43592625899280574,0.37410071942446044,0.5375128468653648,0.15827338129496402,0.08273381294964029,0.29136690647482016,0.15827338129496402,0.5827338129496403,0.4892086330935252,0.841726618705036,0.31654676258992803,0.8273381294964028,0.16546762589928057,0.6007194244604317,0.34172661870503596,0.6438848920863309,0.7058823529411765,0.8129496402877698,0.460431654676259,0.5035971223021583,0.7985611510791367,0.935251798561151,0.21739130434782608,0.17985611510791366,7.426310000000001,1.07584,0.015152676056338028,.159,.197,2.1,7,24.427480916030532,86.8,110.4,86.7,105.3,25.5,25.4,7.2,26.8,49.1103202846975,70.66666666666667,78.30188679245283,13.167259786476867,8.5,.159,.225,.222,.196,1.4084507042253522,1,5,1,0,10,1,18,138,37
Rafhlmil Torres,CIN,2B/SS,20,57,50,213,0.3129496402877698,0.5215827338129496,0.460431654676259,0.4375,0.31654676258992803,0.5416238437821171,0.5719424460431655,0.381294964028777,0.5287769784172662,0.4028776978417266,0.11510791366906475,0.31654676258992803,0.06115107913669065,0.49280575539568344,0.2805755395683453,0.2949640287769784,0.8489208633093526,0.10071942446043165,0.5827338129496403,0.9037433155080212,0.935251798561151,0.5323741007194245,0.37410071942446044,0.6402877697841727,0.14388489208633093,0.7753623188405797,0.5971223021582733,6.16697,"'-0.505189","'-0.008862964912280702",.214,.279,4.9,10.5,35.77981651376147,85.4,101.9,88.8,100,29.3,17.5,1.2,27.6,54.460093896713616,74.03846153846155,80.51948051948051,15.023474178403756,16.3,.260,.333,.380,.317,3.5087719298245608,2,6,4,1,13,0,10,116,32
Julio Zayas,NYM,C,20,90,79,356,0.2841726618705036,0.5071942446043165,0.45323741007194246,0.42176258992805754,0.43093525179856124,0.4090441932168551,0.5071942446043165,0.539568345323741,0.5827338129496403,0.18705035971223022,0.26618705035971224,0.35251798561151076,0.3345323741007194,0.17625899280575538,0.49640287769784175,0.34532374100719426,0.20503597122302158,0.7661870503597122,0.5215827338129496,0.5721925133689839,0.48201438848920863,0.7194244604316546,0.48201438848920863,0.17266187050359713,0.3669064748201439,0.8043478260869565,0.5971223021582733,2.54205,"'-0.239452","'-0.0026605777777777783",.210,.310,5.9,7.8,29.89130434782609,85.8,105.1,84.8,102,31.4,34.4,15.7,28.7,46.91011235955056,65.11627906976744,83.92857142857143,13.483146067415731,16.3,.253,.318,.392,.383,3.333333333333333,3,7,5,0,20,2,31,167,48
Yilber Herrera,MIN,2B/SS,21,38,28,179,0.4244604316546763,0.7805755395683454,0.4460431654676259,0.42131294964028776,0.30863309352517987,0.5020554984583762,0.04316546762589928,0.13309352517985612,0.7194244604316546,0.9784172661870504,1,0.1223021582733813,0.1223021582733813,0.4136690647482014,0.46402877697841727,0.4460431654676259,0.07553956834532374,0.7553956834532374,0.34532374100719426,0.016042780748663103,0.1510791366906475,0.28776978417266186,0.6762589928057554,0.460431654676259,0.7841726618705036,0.927536231884058,0.6258992805755396,5.07391,0.209486,0.0055127894736842105,.124,.213,8.3,23.7,10.526315789473683,82.5,103,87.7,101.7,33.3,42.1,15.5,35.1,31.843575418994412,55.95238095238096,72.3404255319149,11.1731843575419,16.7,.179,.395,.357,.364,2.631578947368421,1,9,2,0,5,1,16,57,20
Ichiro Cano,CIN,1B/3B,21,28,21,116,0.737410071942446,0.4316546762589928,0.43884892086330934,0.4210881294964029,0.14028776978417268,0.5791366906474821,0.42805755395683454,0.19424460431654678,0.11870503597122302,0.935251798561151,0.6762589928057554,0.26618705035971224,0.02158273381294964,0.564748201438849,0.07913669064748201,0.10071942446043165,0.6223021582733813,0.14028776978417265,0.5683453237410072,0.35294117647058826,0.35251798561151076,0.30935251798561153,0.5899280575539568,0.6762589928057554,0.4676258992805755,0.6811594202898551,0.8237410071942446,6.36431,"'-0.0483211","'-0.0017257535714285716",.203,.237,0,21.4,22.807017543859647,84.6,100.2,90.2,97.6,21.4,25,1.9,28,43.103448275862064,62.711864406779654,72.97297297297297,12.06896551724138,21.4,.190,.393,.190,.286,0,0,6,0,0,4,0,7,50,14
Manolfi Jimenez,PHI,OF,21,75,67,267,0.11510791366906475,0.16906474820143885,0.4316546762589928,0.4357014388489209,0.4949640287769784,0.4460431654676259,0.31654676258992803,0.17266187050359713,0.11870503597122302,0.20503597122302158,0.07194244604316546,0.802158273381295,0.7122302158273381,0.6546762589928058,0.6654676258992805,0.6690647482014388,0.4748201438848921,0.7482014388489209,0.45323741007194246,0.8983957219251337,0.8273381294964028,0.7877697841726619,0.302158273381295,0.19424460431654678,0.2302158273381295,0.35144927536231885,0.6258992805755396,2.78095,"'-0.461463","'-0.0061528400000000006",.189,.234,0,8,37.593984962406005,89.9,109,90.9,103.8,40.4,28,15.3,30.3,54.30711610486891,70.8955223880597,85.26315789473685,16.479400749063668,16.7,.209,.267,.299,.277,0,0,6,3,0,14,1,21,145,44
Cameron Nickens,STL,OF,22,93,71,354,0.8920863309352518,0.9136690647482014,0.4244604316546763,0.608138489208633,0.5784172661870504,0.6089414182939363,0.7733812949640287,0.6726618705035972,0.4460431654676259,0.8992805755395683,0.935251798561151,0.7014388489208633,0.3776978417266187,0.7697841726618705,0.21223021582733814,0.6942446043165468,0.697841726618705,0.6294964028776978,0.4856115107913669,0.1497326203208556,0.2517985611510791,0.33093525179856115,0.6618705035971223,0.2805755395683453,0.28776978417266186,0.14492753623188406,0.4676258992805755,4.08734,"'-0.394492","'-0.004241849462365592",.233,.335,3.8,18.3,15.294117647058822,88.9,105.7,92.3,99.6,41.5,21.5,12.7,29.6,38.135593220338976,59.2391304347826,74.31192660550458,11.299435028248588,13.2,.296,.441,.437,.373,2.1505376344086025,2,17,4,0,21,2,20,135,40
Emilio Barreras,MIA,2B/3B,22,84,62,367,0.7733812949640287,0.9568345323741008,0.4172661870503597,0.5762140287769784,0.2266187050359712,0.8386433710174718,0.33093525179856115,0.28776978417266186,0.4316546762589928,0.9568345323741008,0.8920863309352518,0.04316546762589928,0.22661870503597123,0.03597122302158273,0.12949640287769784,0.14388489208633093,0.9784172661870504,0.8525179856115108,1,0.06951871657754011,0.07194244604316546,0.9712230215827338,1,0.2589928057553957,0.2589928057553957,0.27898550724637683,0.44964028776978415,3.75271,"'-0.394492","'-0.0046963333333333345",.190,.258,3.7,22.6,16.756756756756758,80.7,104.3,79.8,98.7,24.1,9.5,17.8,10.2,34.87738419618528,53.2967032967033,92.78350515463914,3.5422343324250685,13,.290,.476,.452,.308,2.380952380952381,2,19,4,0,18,2,8,128,13
Simon Juan,NYM,OF,20,79,77,248,0.05755395683453238,0.13309352517985612,0.41007194244604317,0.33295863309352514,0.5848920863309353,0.17831449126413154,0.31654676258992803,0.3381294964028777,0.6115107913669064,0.007194244604316547,0.01079136690647482,0.60431654676259,0.9100719424460432,0.4352517985611511,0.9280575539568345,0.460431654676259,0.1223021582733813,0.3776978417266187,0.07194244604316546,0.9893048128342246,0.9568345323741008,0.07194244604316546,0.007194244604316547,0.4028776978417266,0.17985611510791366,0.9420289855072463,0.4244604316546763,4.84355,"'-0.518948","'-0.006568962025316455",.189,.268,6.4,2.5,50,88.2,111.8,88,106.6,34,38,7.7,43.3,63.306451612903224,75.78125,67.01030927835049,27.41935483870968,12.8,.195,.215,.312,.289,3.79746835443038,3,2,3,0,15,2,30,157,68
Edward Lantigua,NYM,OF,19,34,30,137,0.13309352517985612,0.15827338129496402,0.4028776978417266,0.33183453237410077,0.25755395683453236,0.3458376156217883,0.2158273381294964,0.11510791366906475,0.11870503597122302,0.08992805755395683,0.30935251798561153,0.3381294964028777,0.21223021582733814,0.35611510791366907,0.46402877697841727,0.5035971223021583,0.39568345323741005,0.4892086330935252,0.4316546762589928,0.7967914438502673,0.6187050359712231,0.2446043165467626,0.33093525179856115,0.762589928057554,0.9784172661870504,0.927536231884058,0.5683453237410072,7.05357,0.746788,0.02196435294117647,.174,.206,0,5.9,29.310344827586203,85.5,104.2,87.1,101.7,35,29.4,10,31.4,51.09489051094891,67.08860759493672,71.69811320754717,16.05839416058394,15,.167,.265,.267,.250,0,0,2,3,0,5,0,10,70,22
Victor Arias,TOR,OF,22,23,18,103,0.4136690647482014,0.1510791366906475,0.39568345323741005,0.4948291366906475,0.45539568345323744,0.6397738951695785,0.1510791366906475,0.24100719424460432,0.6870503597122302,0.9424460431654677,0.9496402877697842,0.44244604316546765,0.2949640287769784,0.6618705035971223,0.6079136690647482,0.6115107913669064,0.6906474820143885,0.03597122302158273,0.3057553956834532,0.0748663101604278,0.4316546762589928,0.5971223021582733,0.5611510791366906,0.5611510791366906,0.23741007194244604,0.855072463768116,0.1510791366906475,5.78528,"'-0.137303","'-0.005969695652173914",.157,.252,7.7,21.7,14.754098360655734,86.4,104.9,91,103.2,38.5,21.7,"'-3.5",36.1,34.95145631067961,64.28571428571429,81.48148148148148,12.621359223300969,7.7,.111,.304,.167,.154,4.3478260869565215,1,5,1,0,2,0,5,36,13
Jake McCutcheon,MIA,OF,22,49,40,210,0.5539568345323741,0.4028776978417266,0.38848920863309355,0.5651978417266188,0.5223021582733812,0.6217882836587874,0.35251798561151076,0.7014388489208633,0.41007194244604317,0.7661870503597122,0.4172661870503597,0.16906474820143885,0.7338129496402878,0.6187050359712231,0.7122302158273381,0.5971223021582733,0.6330935251798561,0.920863309352518,0.4676258992805755,0.6951871657754011,0.9172661870503597,0.762589928057554,0.38848920863309355,0.2517985611510791,0.6115107913669064,0.6268115942028986,0.9856115107913669,3.69801,0.040365,0.0008237755102040817,.196,.337,3.4,16.3,27.02702702702703,83.8,109.1,90.6,104.1,37.9,24.5,19.5,30.1,49.04761904761904,73.73737373737373,84.93150684931506,14.761904761904766,34.5,.175,.306,.350,.185,2.0408163265306123,1,8,1,0,7,2,12,103,31
Javier Osorio,DET,3B/SS,21,89,80,323,0.2841726618705036,0.39568345323741005,0.381294964028777,0.40557553956834536,0.5071942446043166,0.26156217882836585,0.5071942446043165,0.49640287769784175,0.564748201438849,0.06115107913669065,0.06474820143884892,0.6223021582733813,0.4568345323741007,0.7697841726618705,0.3129496402877698,0.39568345323741005,0.30935251798561153,0.5971223021582733,0.2446043165467626,0.9197860962566844,0.8057553956834532,0.2589928057553957,0.08633093525179857,0.7338129496402878,0.9712230215827338,0.5942028985507246,0.8093525179856115,6.87355,1.85445,0.020836516853932584,.210,.305,5.7,5.6,37.671232876712324,88.3,106.3,92.3,100.5,32.1,31.5,12.1,37.8,55.72755417956657,70.62146892655367,72,21.052631578947366,21.2,.237,.307,.350,.353,3.3707865168539324,3,5,6,0,19,1,28,180,68
Christian Martin,STL,2B,23,78,58,319,0.9424460431654677,0.420863309352518,0.37410071942446044,0.733363309352518,0.5043165467625899,0.8622816032887977,0.7050359712230215,0.658273381294964,0.5755395683453237,0.9856115107913669,0.9856115107913669,0.5719424460431655,0.15467625899280577,0.579136690647482,0.2805755395683453,0.5611510791366906,0.9856115107913669,0.8812949640287769,0.9640287769784173,0.10160427807486633,0.19424460431654678,0.935251798561151,0.9856115107913669,0.6474820143884892,0.1079136690647482,0.2028985507246377,0.5539568345323741,6.21529,"'-0.882857","'-0.011318679487179488",.228,.334,5.8,24.4,12.82051282051282,87.9,103.4,90.3,100,36.5,9,18.8,15.7,36.050156739811904,58.28220858895706,89.47368421052632,5.6426332288401255,14.8,.155,.359,.259,.173,3.8461538461538463,3,19,4,1,9,0,7,115,18
Abrahan Ramirez,MIA,2B/3B,21,86,76,358,0.44244604316546765,0.8489208633093526,0.3669064748201439,0.4993255395683453,0.43741007194244597,0.5488180883864338,0.6402877697841727,0.6726618705035972,0.7589928057553957,0.48201438848920863,0.4676258992805755,0.39928057553956836,0.10431654676258993,0.4784172661870504,0.3381294964028777,0.2517985611510791,0.6834532374100719,0.39568345323741005,0.4748201438848921,0.5775401069518716,0.762589928057554,0.5107913669064749,0.460431654676259,0.48201438848920863,0.04316546762589928,0.45652173913043476,0.20503597122302158,5.21779,"'-1.56174","'-0.01815976744186046",.221,.335,8.8,11.6,26.45502645502645,86.1,102.8,88.7,100.6,28.1,22.1,7.8,29.8,46.927374301675975,69.8224852071006,79.66101694915254,13.966480446927376,8.8,.289,.372,.461,.352,5.813953488372092,5,10,4,0,22,3,19,168,50
Francisco Toledo,NYM,C,21,37,35,124,0.11510791366906475,0.2517985611510791,0.3597122302158273,0.3167715827338129,0.5776978417266186,0.2009249743062693,0.36330935251798563,0.33093525179856115,0.5143884892086331,0.046762589928057555,0.10071942446043165,0.8237410071942446,0.49640287769784175,0.6798561151079137,0.5899280575539568,0.7230215827338129,0.12949640287769784,0.05755395683453238,0.09352517985611511,0.7807486631016043,0.5107913669064749,0.4316546762589928,0.09352517985611511,0.23741007194244604,0.014388489208633094,0.15217391304347827,0.2589928057553957,3.4372,"'-1.07461","'-0.02904351351351352",.197,.267,4.8,5.4,36.507936507936506,90.2,106.8,91.2,103,42.9,37.8,"'-0.7",41.3,50.806451612903224,65.57377049180327,77.5,20.967741935483872,9.5,.200,.243,.371,.263,2.7027027027027017,1,2,0,0,7,2,14,63,26
Beau Ankeney,DET,1B/OF,23,144,123,542,0.6546762589928058,0.6546762589928058,0.35251798561151076,0.5802607913669064,0.8482014388489209,0.36896197327852,0.6258992805755396,0.7805755395683454,0.8273381294964028,0.29856115107913667,0.22302158273381295,0.9136690647482014,0.9784172661870504,0.7985611510791367,0.7122302158273381,0.7410071942446043,0.36330935251798563,0.841726618705036,0.39568345323741005,0.8235294117647058,0.8345323741007195,0.2302158273381295,0.23741007194244604,0.3381294964028777,0.2805755395683453,0.6159420289855072,0.5971223021582733,4.50472,"'-0.656573","'-0.004559534722222222",.220,.355,9.9,9,30.70866141732284,92,114.4,92.9,104.1,43.2,29.9,17.7,32.9,52.214022140221395,71.18055555555556,71.21951219512195,17.15867158671587,16.3,.252,.357,.382,.364,5.5555555555555545,8,13,5,1,31,3,43,283,93
Bryce Martin-Grudzielanek,NYY,2B/3B/SS,22,124,103,500,0.7122302158273381,0.6474820143884892,0.34532374100719426,0.5717176258992805,0.5258992805755396,0.5858170606372044,0.7482014388489209,0.6115107913669064,0.34172661870503596,0.6870503597122302,0.8201438848920863,0.6654676258992805,0.3776978417266187,0.5971223021582733,0.5071942446043165,0.6330935251798561,0.6726618705035972,0.4460431654676259,0.539568345323741,0.12834224598930485,0.10071942446043165,0.539568345323741,0.7410071942446043,0.5107913669064749,0.7697841726618705,0.35144927536231885,0.5467625899280576,5.460319999999999,0.659337,0.005317233870967743,.231,.325,2.7,15.3,19.59183673469388,88.7,105.7,90.4,102.1,38.7,22.6,9.2,28.3,37.4,54.50980392156863,80.5755395683453,10.6,14.7,.252,.379,.340,.329,1.6129032258064515,2,19,3,0,26,2,28,187,53
Josh Tate,PIT,OF,22,122,105,465,0.3129496402877698,0.3273381294964029,0.3381294964028777,0.4982014388489209,0.4798561151079137,0.5344295991778006,0.539568345323741,0.30935251798561153,0.23741007194244604,0.5215827338129496,0.3237410071942446,0.8129496402877698,0.4064748201438849,0.7517985611510791,0.21223021582733814,0.6330935251798561,0.6007194244604317,0.2517985611510791,0.5323741007194245,0.6310160427807486,0.5755395683453237,0.7122302158273381,0.4748201438848921,0.7266187050359713,0.19424460431654678,0.3007246376811594,0.2302158273381295,6.86225,"'-0.798148","'-0.006542196721311475",.212,.262,1.3,12.3,28.448275862068968,90,105.9,92.2,99.6,38.7,25.4,5.1,28.5,47.526881720430104,66.52360515021459,83.87096774193549,13.548387096774194,9,.229,.328,.276,.311,0.819672131147541,1,15,0,1,24,1,31,221,63
Branny De Oleo,NYM,2B/3B/SS,20,69,60,285,0.44244604316546765,0.4892086330935252,0.33093525179856115,0.43277877697841727,0.37482014388489204,0.4008221993833504,0.7985611510791367,0.4712230215827338,0.11870503597122302,0.381294964028777,0.17266187050359713,0.420863309352518,0.2805755395683453,0.31654676258992803,0.5611510791366906,0.5827338129496403,0.4244604316546763,0.737410071942446,0.31654676258992803,0.839572192513369,0.9496402877697842,0.39568345323741005,0.16546762589928057,0.26618705035971224,0.03597122302158273,0.8623188405797102,0.8848920863309353,3.7689699999999995,"'-1.5226","'-0.02206666666666666",.235,.299,0,10.1,33.112582781456965,86.3,104.8,86.7,102.7,37.5,29,14.9,35.8,52.982456140350884,75.3731343283582,76.23762376237623,18.947368421052637,24.4,.233,.333,.350,.333,0,0,7,4,0,14,1,20,151,54
Juan Sanchez,TOR,3B/SS,18,85,73,308,0.07913669064748201,0.1079136690647482,0.3237410071942446,0.2670863309352518,0.18057553956834532,0.29753340184994864,0.05755395683453238,0.05755395683453238,0.29136690647482016,0.49280575539568344,0.2517985611510791,0.05755395683453238,0.2517985611510791,0.014388489208633094,0.4352517985611511,0.2446043165467626,0.39568345323741005,0.460431654676259,0.1079136690647482,0.6524064171122995,0.5179856115107914,0.19424460431654678,0.1223021582733813,0.6906474820143885,0.8705035971223022,0.5615942028985508,0.4136690647482014,6.4450199999999995,0.8403649999999999,0.00988664705882353,.131,.174,2.1,11.8,30.128205128205128,81.4,104.5,77.7,101.5,27.7,29.4,9.5,40.8,47.72727272727273,65.78947368421053,71,19.480519480519487,12.5,.123,.247,.219,.152,1.1764705882352942,1,10,1,0,9,2,25,147,60
Dylan Palmer,PIT,2B/OF,22,117,93,468,0.7230215827338129,0.5971223021582733,0.31654676258992803,0.5413669064748201,0.21079136690647485,0.7266187050359713,0.8848920863309353,0.44244604316546765,0.2446043165467626,0.7050359712230215,0.39568345323741005,0.07913669064748201,0.23741007194244604,0.08633093525179857,0.02158273381294964,0.050359712230215826,0.8273381294964028,0.050359712230215826,0.8776978417266187,0.5882352941176471,0.60431654676259,0.8201438848920863,0.8561151079136691,0.8633093525179856,0.6546762589928058,0.43478260869565216,0.2733812949640288,8.13753,0.22480100000000003,0.0019213760683760683,.251,.295,1.4,15.4,27.23404255319149,81.8,104.4,81.6,95.8,18.9,17.9,"'-1.3",19.1,47.00854700854701,66.95278969957081,85.8974358974359,8.974358974358974,9.6,.237,.366,.333,.296,0.8547008547008548,1,18,4,1,22,1,21,220,42
Nathan Humphreys,FA,OF,23,92,75,360,0.8561151079136691,0.8201438848920863,0.30935251798561153,0.6976169064748202,0.8683453237410074,0.7497430626927031,0.5827338129496403,0.8489208633093526,0.8453237410071942,0.8453237410071942,0.7913669064748201,0.8345323741007195,0.9280575539568345,0.8273381294964028,0.6798561151079137,0.8848920863309353,0.8129496402877698,0.1079136690647482,0.8669064748201439,0.2406417112299465,0.1223021582733813,0.8884892086330936,0.920863309352518,0.025179856115107913,0.5719424460431655,0.44565217391304346,0.16546762589928057,0,0,0,.215,.389,10.3,17.4,20.253164556962027,90.3,112.1,93.6,103.9,50,18.5,1.6,19.4,40,55.44554455445545,87.5,7.777777777777778,8.3,.227,.370,.440,.241,6.521739130434782,6,16,4,0,17,4,17,144,28
Carlos Caro,PIT,2B,21,38,35,149,0.4136690647482014,0.920863309352518,0.302158273381295,0.4986510791366907,0.5467625899280575,0.41521068859198357,0.4892086330935252,0.8776978417266187,0.9316546762589928,0.03597122302158273,0.5107913669064749,0.49640287769784175,0.10431654676258993,0.381294964028777,0.26258992805755393,0.3237410071942446,0.22302158273381295,0.9820143884892086,0.43884892086330934,0.4705882352941176,0.5611510791366906,0.6906474820143885,0.4460431654676259,0.45323741007194246,0.06474820143884892,0.6376811594202898,0.9064748201438849,5.01269,"'-0.55504","'-0.014606315789473684",.209,.399,13,5.3,25.64102564102564,87,102.8,87.4,99.9,30.4,34.2,23.1,31.3,44.966442953020135,66.19718309859155,82.97872340425532,14.093959731543624,25,.286,.316,.657,.350,7.894736842105262,3,2,0,2,10,3,13,67,21
David Beckles,TOR,1B/OF,22,61,45,266,0.460431654676259,0.23381294964028776,0.2949640287769784,0.3693794964028777,0.2755395683453237,0.5416238437821173,0.1366906474820144,0.1079136690647482,0.41007194244604317,0.9712230215827338,0.8705035971223022,0.22661870503597123,0.2949640287769784,0.24100719424460432,0.2805755395683453,0.3381294964028777,0.4892086330935252,0.06474820143884892,0.21942446043165467,0.2620320855614973,0.6870503597122302,0.20863309352517986,0.34532374100719426,0.07913669064748201,0.34532374100719426,0.5217391304347826,0.03597122302158273,1.08036,"'-0.177372","'-0.002907737704918033",.153,.205,3.4,23,17.24137931034483,84.2,104.9,86,100,31,27.9,"'-0.2",38,40.6015037593985,68.59504132231406,71.08433734939759,15.413533834586465,3.4,.133,.344,.156,.207,1.639344262295082,1,14,1,0,6,0,17,108,41
Chase Heath,STL,C,22,112,102,421,0.737410071942446,0.48201438848920863,0.28776978417266186,0.5638489208633093,0.6410071942446043,0.45940390544707094,0.9280575539568345,0.8705035971223022,0.7877697841726619,0.20503597122302158,0.1223021582733813,0.2949640287769784,0.8201438848920863,0.35611510791366907,0.3381294964028777,0.4316546762589928,0.6546762589928058,0.7266187050359713,0.6726618705035972,0.8342245989304813,0.6330935251798561,0.4748201438848921,0.45323741007194246,0.20863309352517986,0.1223021582733813,0.2391304347826087,0.5827338129496403,3.1396900000000003,"'-1.0917299999999999","'-0.009747589285714288",.261,.396,9.2,8,35.751295336787564,84.9,109.9,87.1,100.6,32.9,23.2,14.8,26.5,52.969121140142526,67.54385964912281,78.57142857142857,14.014251781472685,15.8,.245,.313,.382,.301,6.25,7,9,5,0,25,3,26,223,59
Jaxson West,TOR,C,22,31,30,130,0.9064748201438849,0.9784172661870504,0.2805755395683453,0.6182553956834532,0.4971223021582733,0.6685508735868447,1,0.9172661870503597,0.11870503597122302,0.014388489208633094,0.5611510791366906,0.6834532374100719,0.08633093525179857,0.4352517985611511,0.17985611510791366,0.6798561151079137,0.7949640287769785,0.5323741007194245,0.920863309352518,0.7754010695187166,0.7050359712230215,0.8633093525179856,0.8201438848920863,0.28776978417266186,0.08633093525179857,0.06521739130434782,0.37050359712230213,4.1348400000000005,"'-0.399383","'-0.01288332258064516",.340,.416,0,3.2,24.52830188679245,88.8,102.6,88,99.4,40.9,19.4,11.4,18.2,50.769230769230774,68.83116883116884,86.7924528301887,9.230769230769232,11.5,.433,.452,.600,.522,0,0,1,2,0,13,1,6,66,12
Sam Robertson,NYM,2B/3B/OF,21,96,82,390,0.2589928057553957,0.43884892086330934,0.2733812949640288,0.4132194244604317,0.15827338129496402,0.5426515930113053,0.381294964028777,0.1510791366906475,0.11870503597122302,0.4712230215827338,0.697841726618705,0.06474820143884892,0.4352517985611511,0.11510791366906475,0.03597122302158273,0.02158273381294964,0.460431654676259,0.45323741007194246,0.5215827338129496,0.27807486631016043,0.2805755395683453,0.7482014388489209,0.6187050359712231,0.9280575539568345,0.9856115107913669,0.3007246376811594,0.21942446043165467,8.5957,2.2416,0.02335,.198,.227,0,11.5,22.335025380710658,81.5,106.1,82.4,96.2,13,28.1,9.4,28.7,41.02564102564102,60.10362694300518,84.48275862068967,11.794871794871796,8.9,.244,.354,.293,.364,0,0,11,2,1,20,0,27,160,46
Luis Pino,STL,OF,22,61,53,237,0.2589928057553957,0.13309352517985612,0.26618705035971224,0.34307553956834536,0.6258992805755395,0.15005138746145943,0.22661870503597123,0.5071942446043165,0.8165467625899281,0.1366906474820144,0.31654676258992803,0.5143884892086331,0.658273381294964,0.2949640287769784,0.8669064748201439,0.6330935251798561,0.1366906474820144,0.3776978417266187,0.08633093525179857,0.2727272727272727,0.03597122302158273,0.1079136690647482,0.2302158273381295,0.4460431654676259,0.10071942446043165,0.6521739130434783,0.2805755395683453,5.00579,"'-0.692342","'-0.011349868852459016",.176,.306,9.7,6.6,29.12621359223301,87.4,108.3,86.6,105.9,38.7,37.7,7.7,42.3,40.92827004219409,50,68.65671641791045,17.29957805907173,9.7,.189,.267,.226,.323,4.918032786885246,3,4,2,0,10,0,23,97,41
Trevor Haskins,STL,2B,23,82,66,320,0.539568345323741,0.6870503597122302,0.2589928057553957,0.5364208633093525,0.6,0.48252826310380265,0.26258992805755393,0.5755395683453237,0.7769784172661871,0.8237410071942446,0.7050359712230215,0.46402877697841727,0.564748201438849,0.5179856115107914,0.7302158273381295,0.6187050359712231,0.4748201438848921,0.8992805755395683,0.2589928057553957,0.4866310160427808,0.6546762589928058,0.18705035971223022,0.2733812949640288,0.5035971223021583,0.460431654676259,0.8369565217391305,0.9064748201438849,5.4406,"'-0.145554","'-0.0017750487804878046",.182,.317,9.1,17.1,22.15189873417721,86.5,107.5,89.3,104.2,38.6,28,19,37.2,45.3125,67.90123456790124,70.9090909090909,16.875,25,.197,.341,.424,.244,4.878048780487805,4,14,6,0,13,3,23,145,54
Eddie King Jr.,PIT,OF,23,124,100,546,0.6151079136690647,0.7661870503597122,0.2517985611510791,0.5863309352517986,0.5014388489208633,0.7240493319630011,0.6402877697841727,0.4568345323741007,0.33093525179856115,0.5575539568345323,0.8273381294964028,0.6366906474820144,0.420863309352518,0.8129496402877698,0.6798561151079137,0.6618705035971223,0.7194244604316546,0.16906474820143885,0.7338129496402878,0.5267379679144385,0.8920863309352518,0.6834532374100719,0.6546762589928058,0.381294964028777,0.2517985611510791,0.16666666666666666,0.050359712230215826,4.74446,"'-0.656573","'-0.005294943548387097",.221,.296,2.6,12.9,19.34306569343066,88.5,106,93.4,103.9,40.3,21,2.3,24.6,46.153846153846146,73.16176470588233,82.91457286432161,11.355311355311356,3.9,.270,.390,.380,.338,1.6129032258064515,2,16,3,1,27,2,26,252,62
Mason Neville,CIN,OF,22,44,40,186,0.24100719424460432,0.3669064748201439,0.2446043165467626,0.3801708633093525,0.5971223021582733,0.20298047276464543,0.381294964028777,0.762589928057554,0.8057553956834532,0.14388489208633093,0.38489208633093525,0.22661870503597123,0.5863309352517986,0.06115107913669065,0.46402877697841727,0.60431654676259,0.03597122302158273,0.26258992805755393,0.2446043165467626,0.4117647058823529,0.15827338129496402,0.16546762589928057,0.28776978417266186,0.7913669064748201,0.762589928057554,0.8913043478260869,0.7050359712230215,7.40382,0.196022,0.004455045454545455,.198,.349,9.5,6.8,27.27272727272727,84.2,107.6,80.8,101.7,38.1,45.5,5.3,37.8,44.08602150537634,55.963302752293565,70.49180327868852,16.666666666666664,19,.225,.273,.400,.400,4.545454545454546,2,3,4,0,9,1,20,82,31
Esmil Valencia,MIA,OF,20,22,18,108,0.07913669064748201,0.28776978417266186,0.23741007194244604,0.31182553956834536,0.21007194244604319,0.32476875642343267,0.050359712230215826,0.03597122302158273,0.11870503597122302,0.30935251798561153,0.02158273381294964,0.07194244604316546,0.3776978417266187,0.007194244604316547,0.04316546762589928,0.4460431654676259,0.302158273381295,0.8812949640287769,0.37410071942446044,0.9090909090909092,0.9712230215827338,0.11510791366906475,0.17985611510791366,0.6546762589928058,0.007194244604316547,0.9855072463768116,0.9784172661870504,6.26159,"'-1.02505","'-0.04659318181818182",.130,.158,0,9.1,42.857142857142854,81.7,105.7,75.1,96.4,33.3,31.8,18.8,33.9,54.62962962962962,76.31578947368422,68.96551724137932,18.51851851851852,33.3,.222,.318,.278,.333,0,0,2,1,0,4,0,7,59,20
Jonathan Hogart,PHI,OF,24,54,42,226,0.8381294964028777,0.6402877697841727,0.2302158273381295,0.5968974820143884,0.8741007194244604,0.32990750256937307,0.3381294964028777,0.6330935251798561,0.9316546762589928,0.7841726618705036,0.6258992805755396,0.9712230215827338,0.8345323741007195,0.9856115107913669,0.8669064748201439,1,0.1510791366906475,0.8525179856115108,0.2446043165467626,0.22994652406417115,0.050359712230215826,0.08633093525179857,0.3669064748201439,0.841726618705036,0.48201438848920863,0.9782608695652174,0.8345323741007195,8.05558,"'-0.08806889999999999","'-0.0016309055555555558",.192,.330,13,16.7,23.40425531914893,94.1,110.3,97.8,105.9,69.6,37,17.8,37.8,39.82300884955753,51.51515151515152,67.64705882352942,15.044247787610619,21.7,.190,.352,.381,.286,5.5555555555555545,3,9,2,0,8,2,20,90,34
Sam Biller,NYM,OF,23,31,25,140,0.9928057553956835,0.9856115107913669,0.22302158273381295,0.7178507194244604,0.7503597122302159,0.646454265159301,0.9928057553956835,0.9784172661870504,0.8705035971223022,0.33093525179856115,0.7194244604316546,0.737410071942446,0.39568345323741005,0.6438848920863309,0.3669064748201439,0.7697841726618705,0.6726618705035972,0.60431654676259,0.658273381294964,0.3342245989304813,0.6762589928057554,0.8273381294964028,0.6402877697841727,0.6187050359712231,0.16546762589928057,0.021739130434782608,0.1079136690647482,6.08365,"'-0.21190799999999999","'-0.006835741935483871",.333,.534,11.1,9.7,22.07792207792208,89.1,105.8,90.8,100.7,44.4,22.6,12.2,26.7,42.857142857142854,68.25396825396825,86.046511627907,11.428571428571427,5.6,.440,.548,.520,.611,6.451612903225807,2,3,2,0,11,0,7,60,16
Bernard Moon,CIN,2B,21,61,55,246,0.1618705035971223,0.28776978417266186,0.2158273381294964,0.3464478417266187,0.23309352517985613,0.38489208633093525,0.22661870503597123,0.25539568345323743,0.37410071942446044,0.22302158273381295,0.14388489208633093,0.16906474820143885,0.17266187050359713,0.13309352517985612,0.5071942446043165,0.19424460431654678,0.20503597122302158,0.935251798561151,0.5827338129496403,0.6149732620320856,0.17266187050359713,0.8489208633093526,0.5179856115107914,0.3597122302158273,0.4892086330935252,0.8768115942028986,0.9496402877697842,4.68409,"'-0.0963204","'-0.0015790229508196721",.176,.253,2.9,8.2,34.615384615384606,83.8,103.5,83.6,102.1,26.5,34.4,20,27.6,47.15447154471545,56.338028169014095,86.25,13.008130081300814,30.6,.218,.295,.309,.333,1.639344262295082,1,5,2,0,12,1,21,116,32
Ediel Rivera,NYY,C,20,84,70,336,0.14388489208633093,0.050359712230215826,0.20863309352517986,0.304181654676259,0.19568345323741007,0.3520041109969167,0.11510791366906475,0.14388489208633093,0.5287769784172662,0.4460431654676259,0.5899280575539568,0.03597122302158273,0.19784172661870503,0.22661870503597123,0.3129496402877698,0.07194244604316546,0.15827338129496402,0.9820143884892086,0.21942446043165467,0.43315508021390375,0.5323741007194245,0.2733812949640288,0.2446043165467626,0.18345323741007194,0.4316546762589928,0.5,0.5359712230215827,2.6428599999999998,"'-0.168504","'-0.002006",.147,.217,4.9,10.7,24.41860465116279,80.4,104.1,85.9,100.5,19.5,36.9,23.1,38,44.64285714285715,65.85365853658537,72.2222222222222,16.964285714285715,14.6,.129,.250,.157,.220,2.380952380952381,2,9,2,0,9,0,31,150,57
Jack Barker,PHI,1B/OF,20,43,40,179,0.007194244604316547,0.007194244604316547,0.2014388489208633,0.26214028776978415,0.17769784172661868,0.2209660842754368,0.03237410071942446,0.02877697841726619,0.11870503597122302,0.15827338129496402,0.5467625899280576,0.09712230215827339,0.6151079136690647,0.10071942446043165,0.1510791366906475,0.02877697841726619,0.02158273381294964,0.7194244604316546,0.050359712230215826,0.6256684491978609,0.6618705035971223,0.04316546762589928,0.06474820143884892,1,0.9064748201438849,0.10869565217391304,0.24100719424460432,10,0.555657,0.012922255813953487,.103,.138,0,7,24.705882352941174,82.1,107.9,82,99.1,15,46.5,14.7,44.7,47.48603351955308,68.08510638297872,62.5,21.22905027932961,9.1,.075,.140,.150,.150,0,0,3,1,1,3,0,20,85,38
JoJo Jackson,NYY,OF,23,117,96,472,0.7050359712230215,0.60431654676259,0.19424460431654678,0.5308003597122303,0.4460431654676259,0.6187050359712231,0.6654676258992805,0.6438848920863309,0.34172661870503596,0.6402877697841727,0.762589928057554,0.5359712230215827,0.4352517985611511,0.6330935251798561,0.381294964028777,0.2733812949640288,0.7697841726618705,0.23741007194244604,0.5827338129496403,0.3475935828877005,0.4172661870503597,0.5467625899280576,0.6115107913669064,0.3237410071942446,0.6187050359712231,0.463768115942029,0.2589928057553957,4.4705900000000005,0.112548,0.000961948717948718,.223,.331,2.7,14.5,20.869565217391305,87.6,106.1,90.7,100.8,28.4,19.7,4.9,27.6,43.00847457627119,64.0495867768595,80.64516129032258,11.864406779661017,9.5,.240,.362,.354,.292,1.7094017094017095,2,17,5,0,23,2,23,203,56
Chase Meggers,NYM,C/1B,23,75,67,310,0.29856115107913667,0.2158273381294964,0.18705035971223022,0.5065197841726619,0.5618705035971223,0.5267214799588901,0.6151079136690647,0.39568345323741005,0.29136690647482016,0.4460431654676259,0.02877697841726619,0.7589928057553957,0.658273381294964,0.697841726618705,0.7949640287769785,0.7050359712230215,0.5539568345323741,0.4712230215827338,0.6834532374100719,0.9411764705882352,0.9784172661870504,0.658273381294964,0.3381294964028777,0.22302158273381295,0.07913669064748201,0.5398550724637681,0.658273381294964,3.2964900000000004,"'-1.00763","'-0.013435066666666669",.218,.284,2.1,10.7,41.875,89.4,108.3,91.6,104.9,42.6,26.7,9.8,26.4,58.70967741935483,76.66666666666667,82.6086956521739,15.483870967741936,17,.224,.307,.254,.319,1.3333333333333337,1,8,2,0,15,0,20,182,48
Austin Smith,TOR,OF,23,90,74,338,0.1618705035971223,0.05755395683453238,0.17985611510791366,0.4464928057553957,0.22158273381294963,0.6510791366906474,0.1223021582733813,0.1223021582733813,0.41007194244604317,0.5827338129496403,0.7553956834532374,0.1510791366906475,0.31654676258992803,0.19424460431654678,0.15827338129496402,0.1079136690647482,0.7086330935251799,0.5323741007194245,0.7769784172661871,0.26737967914438504,0.30935251798561153,0.6330935251798561,0.7913669064748201,0.6618705035971223,0.22302158273381295,0.39855072463768115,0.460431654676259,6.28061,"'-0.554423","'-0.006160255555555555",.150,.208,3.4,13.3,21.176470588235293,83.7,105,85.5,99.3,22.4,21.1,11.4,23.9,40.828402366863905,60.71428571428571,82.35294117647058,9.763313609467458,13.1,.108,.233,.189,.123,2.2222222222222223,2,12,1,1,8,1,19,138,33
Will Vierling,PHI,C,22,78,67,287,0.2733812949640288,0.2733812949640288,0.17266187050359713,0.39838129496402874,0.3345323741007194,0.43268242548818087,0.46402877697841727,0.22661870503597123,0.11870503597122302,0.29856115107913667,0.23741007194244604,0.31654676258992803,0.6294964028776978,0.19424460431654678,0.5215827338129496,0.381294964028777,0.539568345323741,0.7769784172661871,0.5575539568345323,0.7860962566844921,0.6115107913669064,0.37410071942446044,0.41007194244604317,0.15827338129496402,0.2949640287769784,0.5398550724637681,0.8561151079136691,2.33597,"'-0.305806","'-0.003920589743589744",.207,.251,0,9,30.158730158730158,85.4,108,85.5,102.2,31.9,26.9,16.3,28.1,50.87108013937283,67.0807453416149,75.92592592592592,14.285714285714285,23.4,.209,.308,.284,.283,0,0,7,2,0,14,1,21,146,41
Adrian Pinto,TOR,2B,23,29,25,118,0.9064748201438849,0.539568345323741,0.16546762589928057,0.5926258992805755,0.44820143884892094,0.7322713257965056,0.8848920863309353,0.9280575539568345,0.48201438848920863,0.5971223021582733,0.7769784172661871,0.19424460431654678,0.420863309352518,0.17625899280575538,0.7446043165467626,0.2158273381294964,0.960431654676259,0.22302158273381295,0.7122302158273381,0.4064171122994653,0.8705035971223022,0.5035971223021583,0.7050359712230215,0.10071942446043165,0.41007194244604317,0.5507246376811594,0.6834532374100719,1.60119,"'-0.0620803","'-0.0021407",.251,.418,4.5,13.8,20.3125,83.9,106,84.8,104.3,27.3,10.3,4.6,25,44.067796610169495,72.2222222222222,79.48717948717949,11.016949152542374,17.4,.200,.310,.400,.190,3.4482758620689653,1,4,2,0,5,1,3,52,13
Harry Genth,MIN,2B/OF,23,48,34,223,0.6870503597122302,0.4676258992805755,0.15827338129496402,0.42288669064748197,0.3776978417266187,0.42497430626927024,0.1079136690647482,0.08273381294964029,0.6438848920863309,0.6474820143884892,0.920863309352518,0.09712230215827339,0.5179856115107914,0.24100719424460432,0.3381294964028777,0.5467625899280576,0.08633093525179857,0.35251798561151076,0.28776978417266186,0.0962566844919786,0.14388489208633093,0.36330935251798563,0.5251798561151079,0.7553956834532374,0.9496402877697842,0.7463768115942029,0.9568345323741008,7.0429,0.836709,0.0174314375,.143,.197,7.1,14.6,16.071428571428573,82.1,107,86,100.6,35.7,41.7,7.3,36.3,35.874439461883405,55.85585585585586,75.80645161290323,13.004484304932735,31.3,.118,.375,.206,.286,2.083333333333333,1,7,3,0,4,0,20,80,29
Jeremy Almonte,MIA,C,20,24,19,108,0.11510791366906475,0.10071942446043165,0.1510791366906475,0.2596672661870503,0.06330935251798561,0.4532374100719424,0.03237410071942446,0.014388489208633094,0.11870503597122302,0.5359712230215827,0.2158273381294964,0.1079136690647482,0.06115107913669065,0.13309352517985612,0.014388489208633094,0.014388489208633094,0.14388489208633093,0.3776978417266187,0.6438848920863309,0.8128342245989305,0.9640287769784173,0.2014388489208633,0.4676258992805755,0.14028776978417265,0.31654676258992803,0,0.29856115107913667,2.19643,"'-0.0798175","'-0.0033257291666666665",.103,.120,0,12.5,31.03448275862069,82.2,101.9,83.6,94.3,10,37.5,7.7,26.8,51.851851851851855,76,71.05263157894737,13.888888888888891,10,.105,.292,.105,.200,0,0,3,0,0,2,0,9,56,15
Tyler Pettorini,PHI,2B/3B,23,77,72,287,0.17266187050359713,0.039568345323741004,0.14388489208633093,0.47189748201438847,0.24964028776978422,0.6253854059609455,0.6546762589928058,0.302158273381295,0.11870503597122302,0.1223021582733813,0.2949640287769784,0.20863309352517986,0.48201438848920863,0.20863309352517986,0.17985611510791366,0.1366906474820144,0.9064748201438849,0.15467625899280577,0.8848920863309353,0.6577540106951871,0.539568345323741,0.7877697841726619,0.841726618705036,0.9424460431654677,0.8561151079136691,0.44565217391304346,0.08273381294964029,8.66601,0.663315,0.00861448051948052,.222,.261,0,6.5,29.370629370629374,84,106.5,85.7,99.4,23.7,15.6,2,19,47.735191637630656,65.97222222222221,85.26315789473685,9.059233449477352,5,.167,.221,.167,.200,0,0,5,0,0,12,0,12,137,26
Brent Iredale,PIT,1B/3B,22,47,36,194,0.03597122302158273,0.014388489208633094,0.1366906474820144,0.28889388489208634,0.22302158273381295,0.41675231243576566,0.01079136690647482,0.007194244604316547,0.11870503597122302,0.8093525179856115,0.8848920863309353,0.28776978417266186,0.6402877697841727,0.31654676258992803,0.17985611510791366,0.06115107913669065,0.23741007194244604,0.4712230215827338,0.1618705035971223,0.1176470588235294,0.12949640287769784,0.29856115107913667,0.39568345323741005,0.07194244604316546,0.4748201438848921,0.6992753623188406,0.0683453237410072,0.9067459999999999,"'-0.0798175","'-0.0016982446808510641",.083,.096,0,17,16.842105263157894,84.8,108.1,86.7,99.4,19,34,9.8,39.4,36.5979381443299,55.555555555555564,72.72727272727273,14.432989690721648,4.8,.028,.200,.028,.048,0,0,8,0,0,1,0,16,71,28
Samuel Escudero,PIT,C/1B,22,34,29,128,0.02877697841726619,0.02877697841726619,0.12949640287769784,0.279226618705036,0.31582733812949637,0.25539568345323743,0.02158273381294964,0.10071942446043165,0.6187050359712231,0.49280575539568344,0.5035971223021583,0.44244604316546765,0.3345323741007194,0.2805755395683453,0.07194244604316546,0.08273381294964029,0.05755395683453238,0.9928057553956835,0.05755395683453238,0.3850267379679144,0.5035971223021583,0.05755395683453238,0.11510791366906475,0.05755395683453238,0.5107913669064749,0.5797101449275363,0.935251798561151,0.767857,"'-0.0354744","'-0.001043364705882353",.098,.204,6.7,11.8,25.71428571428571,86.4,105.1,86.5,97.5,20,44.1,25.3,44.6,43.75,65.51724137931035,63.157894736842096,19.53125,26.7,.069,.176,.207,.071,2.9411764705882346,1,4,1,0,2,1,15,56,25
Nolan McCarthy,FA,OF,24,36,25,162,0.9784172661870504,0.935251798561151,0.1223021582733813,0.5566546762589928,0.5928057553956835,0.5899280575539568,0.7302158273381295,0.8992805755395683,0.5539568345323741,1,0.9064748201438849,0.16906474820143885,0.6942446043165468,0.35611510791366907,0.17985611510791366,0.6474820143884892,0.7949640287769785,0.07913669064748201,0.17625899280575538,0.11229946524064173,0.5539568345323741,0.26618705035971224,0.4316546762589928,0.025179856115107913,0.5719424460431655,0.782608695652174,0.6258992805755396,0,0,0,.230,.405,5.6,30.6,16.49484536082474,83.8,108.8,87.1,99.4,38.9,19.4,0.8,39,36.419753086419746,66.15384615384615,72.09302325581395,14.197530864197528,16.7,.280,.500,.360,.389,2.7777777777777777,1,11,2,0,7,0,7,59,23
Luis Durango,NYY,OF,23,51,46,187,0.1906474820143885,0.7482014388489209,0.11510791366906475,0.4487410071942446,0.10503597122302158,0.697841726618705,0.6007194244604317,0.22661870503597123,0.11870503597122302,0.08992805755395683,0.12949640287769784,0.12949640287769784,0.014388489208633094,0.2517985611510791,0.06115107913669065,0.03597122302158273,0.9496402877697842,0.07194244604316546,0.9820143884892086,0.8823529411764706,0.8633093525179856,0.9640287769784173,0.9064748201438849,0.9064748201438849,0.4460431654676259,0.03985507246376811,0.1366906474820144,8.386000000000001,"'-0.0959985","'-0.0018823235294117648",.217,.251,0,5.9,35.164835164835175,83,99.5,86.1,97.2,17.1,11.8,0.5,14.9,54.01069518716579,71.875,91.30434782608695,8.021390374331549,7,.326,.373,.413,.366,0,0,3,2,1,15,0,6,101,15
Eddinson Paulino,NYM,2B/3B/SS,23,26,22,107,0.3237410071942446,0.7014388489208633,0.1079136690647482,0.5159622302158273,0.20935251798561155,0.7774922918807811,0.39568345323741005,0.18345323741007194,0.11870503597122302,0.4712230215827338,0.43884892086330934,0.41007194244604317,0.2517985611510791,0.2589928057553957,0.06115107913669065,0.08273381294964029,0.9928057553956835,0.26258992805755393,0.935251798561151,0.6470588235294118,0.7985611510791367,0.920863309352518,0.8848920863309353,0.7841726618705036,0.2158273381294964,0.8115942028985508,0.5683453237410072,7.358060000000001,"'-0.163908","'-0.0063041538461538465",.199,.235,0,11.5,26.785714285714285,86.2,104.5,86.2,97.2,20,7.7,5.3,17.6,47.66355140186916,70.58823529411767,88.8888888888889,8.411214953271028,15,.273,.385,.364,.300,0,0,3,0,1,6,0,2,51,9
Alex Birge,FA,C,23,68,54,295,0.3489208633093525,0.14388489208633093,0.10071942446043165,0.39545863309352514,0.5913669064748202,0.28108941418293937,0.07194244604316546,0.2697841726618705,0.6654676258992805,0.658273381294964,0.6187050359712231,0.7014388489208633,0.4568345323741007,0.6187050359712231,0.5755395683453237,0.8633093525179856,0.10071942446043165,0.9568345323741008,0.06474820143884892,0.15508021390374332,0.09352517985611511,0.1366906474820144,0.2949640287769784,0.025179856115107913,0.5719424460431655,0.11956521739130435,0.5035971223021583,0,0,0,.134,.254,7.4,14.7,23.529411764705877,88.9,106.3,90.6,102.8,48.1,39.7,20.4,43.4,38.30508474576271,54.225352112676056,70.12987012987013,16.610169491525422,13.8,.093,.279,.204,.154,2.9411764705882346,2,10,1,1,5,1,27,113,49
Raimundo De Los Santos,TOR,OF,21,57,50,235,0.050359712230215826,0.08633093525179857,0.09352517985611511,0.21447841726618705,0.08776978417266187,0.3473792394655704,0.10071942446043165,0.04316546762589928,0.11870503597122302,0.27697841726618705,0.6834532374100719,0.11510791366906475,0.03597122302158273,0.1618705035971223,0.02877697841726619,0.12589928057553956,0.07553956834532374,0.014388489208633094,0.17625899280575538,0.4385026737967914,0.697841726618705,0.29856115107913667,0.22302158273381295,0.39568345323741005,0.6330935251798561,0.09420289855072464,0.04316546762589928,4.83895,0.0987891,0.001733142105263158,.141,.165,0,8.8,22.76422764227642,82.4,101.4,84.4,96,23.1,42.1,"'-9.4",39,44.680851063829785,68.75,72.72727272727273,17.446808510638302,3.7,.160,.263,.180,.308,0,0,5,1,0,8,0,24,105,41
AJ Salgado,FA,IF,24,108,98,419,0.44244604316546765,0.49640287769784175,0.08633093525179857,0.47819244604316546,0.8345323741007193,0.2846865364850976,0.5071942446043165,0.841726618705036,0.7338129496402878,0.17266187050359713,0.18705035971223022,0.8669064748201439,0.8812949640287769,0.8525179856115108,0.8165467625899281,0.8489208633093526,0.539568345323741,0.5107913669064749,0.2014388489208633,0.6684491978609626,0.4676258992805755,0.22302158273381295,0.2014388489208633,0.025179856115107913,0.5719424460431655,0.26811594202898553,0.29856115107913667,0,0,0,.210,.379,8.6,7.4,31.944444444444446,91.2,111.2,94,105.2,47.1,26.9,11.2,38.3,47.97136038186158,65.02463054187191,71.21212121212122,18.377088305489266,10,.245,.306,.408,.303,5.5555555555555545,6,8,2,1,24,4,29,201,77
Austin Green,NYY,2B,23,43,35,152,0.4712230215827338,0.28776978417266186,0.07913669064748201,0.5717176258992805,0.17338129496402876,0.817060637204522,0.7302158273381295,0.35251798561151076,0.11870503597122302,0.6115107913669064,0.35251798561151076,0.08633093525179857,0.26618705035971224,0.050359712230215826,0.4172661870503597,0.04316546762589928,1,0.5899280575539568,0.9496402877697842,0.8502673796791443,0.9856115107913669,0.9928057553956835,0.8273381294964028,0.7697841726618705,0.6402877697841727,0.391304347826087,0.3597122302158273,7.12852,0.0758395,0.0017637093023255817,.230,.270,0,14,28.2051282051282,82,104.6,80.4,101.3,17.6,4.7,12,17.3,53.28947368421054,79.72972972972974,94.91525423728814,9.210526315789473,11.4,.200,.326,.257,.206,0,0,6,0,1,7,0,2,81,14
Newremberg Rondon,DET,C,22,44,38,159,0.1510791366906475,0.07913669064748201,0.07194244604316546,0.25404676258992803,0.24964028776978417,0.32374100719424465,0.16906474820143885,0.09352517985611511,0.11870503597122302,0.5899280575539568,0.17985611510791366,0.5719424460431655,0.14028776978417265,0.5323741007194245,0.46402877697841727,0.3237410071942446,0.2302158273381295,0.17985611510791366,0.38848920863309355,0.7005347593582888,0.302158273381295,0.2517985611510791,0.3237410071942446,0.050359712230215826,0.381294964028777,0.9565217391304348,0.6834532374100719,0.559524,"'-0.106423","'-0.002418704545454545",.166,.200,0,13.6,32.30769230769231,87.9,103.1,89.5,101.7,30.4,34.1,2.5,33.3,49.0566037735849,60.63829787234043,71.9298245614035,16.352201257861633,17.4,.158,.273,.158,.261,0,0,6,0,0,6,0,15,78,26
Kevin Verde,NYY,3B/SS,20,35,33,118,0.02158273381294964,0.07194244604316546,0.06474820143884892,0.1868255395683453,0.05611510791366906,0.20811921891058582,0.06474820143884892,0.050359712230215826,0.11870503597122302,0.07553956834532374,0.05755395683453238,0.02158273381294964,0.02877697841726619,0.06115107913669065,0.1366906474820144,0.06115107913669065,0.2158273381294964,0.5323741007194245,0.2302158273381295,0.9251336898395722,0.7122302158273381,0.09352517985611511,0.07194244604316546,0.6330935251798561,0.6474820143884892,0.6811594202898551,0.7050359712230215,6.15086,0.0626975,0.001791357142857143,.132,.167,0,5.7,38,79,100.8,80.8,98.8,19,34.3,11.4,37.9,55.932203389830505,69.11764705882352,68.08510638297872,21.1864406779661,19,.152,.200,.273,.200,0,0,2,1,0,5,1,12,66,25
Peyton Williams,TOR,1B,25,38,29,139,0.5611510791366906,0.9712230215827338,0.05755395683453238,0.625,0.5755395683453237,0.7451181911613567,0.6906474820143885,0.37410071942446044,0.11870503597122302,0.7266187050359713,0.9136690647482014,0.841726618705036,0.564748201438849,0.9712230215827338,0.8812949640287769,0.9784172661870504,0.7086330935251799,0.23741007194244604,0.7338129496402878,0.3903743315508021,0.7913669064748201,0.6187050359712231,0.7230215827338129,0.4172661870503597,0.33093525179856115,0.42028985507246375,0.44964028776978415,4.93452,"'-0.115292","'-0.003034",.225,.273,0,15.8,16.176470588235293,90.6,107.5,96.9,106,60.9,21.1,4.9,24.6,43.884892086330936,70.4225352112676,82,10.791366906474819,13,.345,.447,.586,.409,0,0,6,2,1,10,1,8,61,15
Will Cresswell,TOR,C,22,72,64,285,0.014388489208633094,0.02158273381294964,0.050359712230215826,0.22122302158273383,0.28345323741007195,0.2040082219938335,0.01079136690647482,0.02158273381294964,0.39568345323741005,0.24100719424460432,0.34532374100719426,0.5503597122302158,0.14028776978417265,0.3381294964028777,0.24820143884892087,0.30935251798561153,0.014388489208633094,0.5755395683453237,0.014388489208633094,0.7219251336898396,0.7841726618705036,0.014388489208633094,0.014388489208633094,0.09352517985611511,0.49640287769784175,0.2246376811594203,0.02877697841726619,1.4409299999999998,"'-0.106423","'-0.0014780972222222222",.083,.135,3.3,8.3,28.26086956521739,87.8,103.1,87,99.8,30,48.6,11.7,51.4,49.82456140350878,70.06802721088435,60.19417475728155,25.6140350877193,3.3,.109,.194,.141,.233,1.3888888888888888,1,6,2,0,7,0,35,142,73
Sergio Tapia,DET,C,23,70,61,269,0.2014388489208633,0.35251798561151076,0.04316546762589928,0.3821942446043165,0.2079136690647482,0.5,0.4460431654676259,0.31654676258992803,0.2733812949640288,0.3669064748201439,0.1366906474820144,0.02877697841726619,0.22661870503597123,0.07194244604316546,0.2949640287769784,0.19424460431654678,0.7589928057553957,0.8633093525179856,0.5575539568345323,0.7486631016042781,0.6870503597122302,0.5539568345323741,0.43884892086330934,0.06474820143884892,0.39568345323741005,0.41304347826086957,0.8453237410071942,0.8336469999999999,"'-0.159635","'-0.0022805",.206,.264,2,10,35.135135135135144,79.9,104.3,81.4,100.1,26.5,20,18.1,28.1,50.185873605947954,68.59504132231406,80.72289156626506,14.126394052044608,22.4,.230,.300,.344,.255,1.4285714285714286,1,7,1,0,14,2,14,135,38
Carlos Sanchez,FA,P,26,63,53,241,0.920863309352518,0.9064748201438849,0.03597122302158273,0.7308902877697843,0.9021582733812951,0.7543679342240495,0.762589928057554,0.935251798561151,0.960431654676259,0.6330935251798561,0.5179856115107914,0.9316546762589928,0.7985611510791367,0.7230215827338129,0.6258992805755396,0.8848920863309353,0.8489208633093526,0.19424460431654678,0.9568345323741008,0.3689839572192513,0.3669064748201439,1,0.9568345323741008,0.025179856115107913,0.5719424460431655,0.7101449275362319,0.5215827338129496,0,0,0,.232,.427,14.3,14.3,25.6,92.7,109.6,91.9,103.3,50,17.5,2.9,16.2,43.56846473029046,62.93103448275862,95.8904109589041,7.053941908713693,14.3,.245,.365,.528,.216,9.523809523809524,6,9,0,0,13,5,11,105,17
Jorel Ortega,MIN,2B/3B,25,34,29,129,0.3381294964028777,0.3381294964028777,0.02877697841726619,0.3468974820143885,0.6417266187050361,0.1752312435765673,0.20863309352517986,0.4244604316546763,0.5971223021582733,0.27697841726618705,0.2014388489208633,0.8920863309352518,0.5323741007194245,0.8201438848920863,0.5755395683453237,0.762589928057554,0.11510791366906475,0.4172661870503597,0.02158273381294964,0.5508021390374331,0.5467625899280576,0.03597122302158273,0.02877697841726619,0.1510791366906475,0.38848920863309355,0.927536231884058,0.4136690647482014,2.29563,"'-0.0798175","'-0.002347573529411765",.173,.292,6.2,8.8,31.50684931506849,91.7,107.1,93.5,102.8,43.8,38.2,8.3,48.3,46.511627906976734,66.07142857142857,62.16216216216216,22.48062015503876,12.5,.207,.324,.276,.375,2.9411764705882346,1,3,2,0,6,0,13,60,29
Ian Daugherty,MIN,C,23,46,39,195,0.09712230215827339,0.11870503597122302,0.02158273381294964,0.23628597122302158,0.12086330935251796,0.2867420349434738,0.08633093525179857,0.0683453237410072,0.5143884892086331,0.5719424460431655,0.41007194244604317,0.007194244604316547,0.007194244604316547,0.08633093525179857,0.007194244604316547,0.007194244604316547,0.1079136690647482,0.7122302158273381,0.13309352517985612,0.5267379679144385,0.4460431654676259,0.1510791366906475,0.18705035971223022,0.2733812949640288,0.6618705035971223,0.3333333333333333,0.7050359712230215,3.86124,0.0935767,0.0020342760869565216,.138,.179,4.8,13,27.08333333333333,77.3,98,81.6,93.7,4.8,39.1,14.6,40,46.153846153846146,64.64646464646465,70.3125,18.461538461538463,19,.128,.261,.205,.200,2.1739130434782608,1,6,0,0,5,1,18,90,36
Jamari Baylor,NYM,2B,25,31,27,135,0.539568345323741,0.26258992805755393,0.014388489208633094,0.43817446043165464,0.41510791366906474,0.43371017471736895,0.7194244604316546,0.6438848920863309,0.8633093525179856,0.5575539568345323,0.7482014388489209,0.14028776978417265,0.07194244604316546,0.08633093525179857,0.38848920863309355,0.35611510791366907,0.5683453237410072,0.04316546762589928,0.04316546762589928,0.481283422459893,0.9928057553956835,0.025179856115107913,0.10071942446043165,0.5971223021582733,0.7338129496402878,0.8840579710144928,0.09352517985611511,6.003819999999999,0.129051,0.004162935483870968,.229,.331,10.5,12.9,21.25,83.1,102.4,81.6,100.9,31.6,25.8,"'-3.3",45.9,45.185185185185176,80,61.36363636363637,20.740740740740737,5.3,.185,.290,.296,.222,6.451612903225807,2,4,0,0,5,1,8,61,28
Dylan King,FA,P,23,32,28,125,0.06474820143884892,0.039568345323741004,0.007194244604316547,0.2045863309352518,0.18776978417266185,0.1891058581706064,0.08633093525179857,0.0683453237410072,0.11870503597122302,0.10431654676258993,0.5971223021582733,0.014388489208633094,0.4568345323741007,0.04316546762589928,0.2302158273381295,0.2805755395683453,0.06474820143884892,0.8345323741007195,0.10071942446043165,0.4598930481283423,0.23741007194244604,0.025179856115107913,0.19424460431654678,0.025179856115107913,0.5719424460431655,0.6811594202898551,0.8237410071942446,0,0,0,.138,.179,0,6.3,24,77.9,106.3,80.3,99.7,28.6,43.8,17.6,41.1,44.8,58.66666666666666,61.36363636363637,18.4,21.4,.107,.219,.143,.214,0,0,2,1,0,3,0,14,56,23