Name,Org,Pos,Age,PA,AB,Pitches,xwOBA,wOBA,PS Score,Agg,Power,Discipline,xBA,xSLG,Barrels,BB%,Chase%,EV,Max EV,50th% EV,90th% EV,Hard Hit%,K%,L°,Whiff%,Swing%,Z-Swing%,Z-Contact%,SwStr%,Speed,wBsR/PA,Pull,Pull Air,Spd,wBsR,wBsR/PA,xBA,xSLG,Barrels,BB%,Chase%,EV,Max EV,50th% EV,90th% EV,Hard Hit%,K%,L°,Whiff%,Swing%,Z-Swing%,Z-Contact%,SwStr%,PullAir%,BA,OBP,SLG,BABIP,PA/Barrels,Barrels,BB,2B,3B,Hits,HR,K,Swings,Whiffs
Walker Jenkins,MIN,OF,21,111,90,401,0.5647590361445783,0.6204819277108434,1,0.6740399096385542,0.646987951807229,0.807013769363167,0.2545180722891566,0.34186746987951805,0.4186746987951807,0.875,0.7951807228915663,0.8930722891566265,0.8719879518072289,0.7530120481927711,0.8855421686746988,0.7093373493975904,0.8373493975903614,0.6024096385542169,0.891566265060241,0.2272727272727273,0.4006024096385542,0.9337349397590361,0.9156626506024096,0.4789156626506024,0.7018072289156626,0.5858895705521472,0.3880368098159509,4.71395,0.261915,0.0023595945945945945,.213,.333,5.6,17.1,21.698113207547173,92.2,112.3,92.6,107.2,44.4,16.2,13.4,17.7,40.897755610972574,62.43386243386243,90.67796610169492,7.231920199501247,13.9,.256,.396,.389,.300,3.603603603603603,4,19,6,0,23,2,18,164,29
George Lombard Jr.,NYY,SS,20,59,41,235,0.963855421686747,0.2891566265060241,0.9969879518072289,0.623023343373494,0.6186746987951808,0.6914802065404474,0.6731927710843374,0.5466867469879518,0.23493975903614459,1,0.9427710843373494,0.911144578313253,0.5481927710843374,0.8463855421686747,0.6686746987951807,0.8524096385542169,0.8795180722891566,0.07530120481927711,0.5075301204819277,0.052727272727272734,0.1460843373493976,0.5933734939759037,0.7710843373493976,0.32228915662650603,0.20180722891566266,0.3389570552147239,0.48466257668711654,3.5095400000000003,"'-0.25009000000000003","'-0.004238813559322032",.249,.369,3.1,27.1,18.181818181818183,92.4,109.1,94.2,104.5,50,15.3,3.2,26.8,34.893617021276604,56.31067961165049,82.75862068965517,9.361702127659576,15.6,.146,.407,.146,.188,1.6949152542372878,1,16,0,0,6,0,9,82,22
A.J. Ewing,NYM,OF,21,51,46,182,0.9728915662650602,0.6536144578313253,0.9939759036144579,0.7891566265060241,0.6475903614457831,0.8147590361445783,0.9849397590361446,0.9849397590361446,0.838855421686747,0.37349397590361444,0.8283132530120482,0.5858433734939759,0.5105421686746988,0.4939759036144578,0.4743975903614458,0.3177710843373494,0.9668674698795181,0.7515060240963856,0.9563253012048193,0.4772727272727273,0.7198795180722891,0.9246987951807228,0.9337349397590361,0.9759036144578314,0.9819277108433735,0.06288343558282208,0.2929447852760736,9.18399,0.882674,0.01730733333333333,.319,.577,12.2,9.8,21.34831460674157,89.2,108.8,90.6,103.2,34.1,9.8,16,14.6,45.05494505494506,67.74193548387096,90.4761904761905,6.593406593406594,12.2,.326,.392,.435,.366,9.803921568627453,5,5,3,1,15,0,5,82,12
Travis Bazzana,CLE,2B,23,116,94,484,0.7981927710843374,0.8629518072289156,0.9909638554216867,0.7329631024096386,0.7135542168674699,0.7577452667814113,0.4879518072289157,0.7198795180722891,0.7951807228915663,0.9186746987951807,0.8042168674698795,0.7515060240963856,0.7078313253012049,0.6746987951807228,0.6686746987951807,0.5933734939759037,0.5993975903614458,0.6445783132530121,0.8313253012048193,0.3,0.5090361445783133,0.8132530120481928,0.8283132530120482,0.9246987951807228,0.75,0.18558282208588958,0.2684049079754601,7.791869999999999,0.402479,0.0034696465517241376,.233,.407,10.3,18.1,21.6,90.5,110.3,91.9,104.5,41.2,21.6,14,20.1,42.14876033057851,64.1025641025641,87.33333333333331,8.47107438016529,11.4,.287,.422,.511,.373,6.0344827586206895,7,21,11,2,27,2,25,204,41
Jasson Domínguez,NYY,OF,23,105,92,402,0.8945783132530121,0.7981927710843374,0.9879518072289156,0.749905873493976,0.7566265060240964,0.75,0.9352409638554217,0.9141566265060241,0.5512048192771084,0.5105421686746988,0.7394578313253012,0.911144578313253,0.6927710843373494,0.838855421686747,0.7756024096385542,0.713855421686747,0.8825301204819277,0.5783132530120482,0.7515060240963856,0.5045454545454545,0.7951807228915663,0.8689759036144579,0.7018072289156626,0.5572289156626506,0.9006024096385542,0.49079754601226994,0.4263803680981595,5.2274400000000005,0.8692479999999999,0.00827855238095238,.290,.483,6.6,11.4,23.07692307692308,92.4,110.2,94.1,105.4,44.7,15.2,13.2,21.9,45.52238805970149,69.58762886597938,88.14814814814815,9.950248756218906,14.5,.326,.410,.478,.370,4.761904761904762,5,12,5,0,30,3,16,183,40
Emmanuel Rodriguez,MIN,OF,23,108,81,461,0.9021084337349398,0.8463855421686747,0.9849397590361446,0.6282003012048193,0.9271084337349397,0.4713855421686747,0.24096385542168675,0.8237951807228916,0.9728915662650602,0.963855421686747,0.7710843373493976,0.9337349397590361,1,0.9156626506024096,0.9969879518072289,0.9051204819277109,0.2319277108433735,0.6987951807228916,0.09186746987951808,0.3509090909090909,0.7981927710843374,0.20783132530120482,0.23493975903614459,0.2740963855421687,0.1566265060240964,0.8788343558282209,0.9478527607361963,3.09233,"'-0.612187","'-0.005668398148148147",.212,.440,19.2,21.3,22.30769230769231,93.1,118.3,95.4,111.3,51.9,28.7,15.1,36.4,42.95010845986985,69.65174129353234,76.42857142857143,15.61822125813449,28.8,.247,.417,.506,.304,9.25925925925926,10,23,3,0,20,6,31,198,72
Bryce Eldridge,SFG,1B/DH,21,136,114,571,0.9578313253012049,0.9186746987951807,0.9819277108433735,0.6442018072289156,0.9533132530120481,0.42276247848537,0.8012048192771084,0.9548192771084337,0.9608433734939759,0.6987951807228916,0.572289156626506,0.9337349397590361,0.9292168674698795,0.9864457831325302,0.8524096385542169,0.9879518072289156,0.17921686746987953,0.6987951807228916,0.17921686746987953,0.2872727272727273,0.5587349397590361,0.44879518072289154,0.32228915662650603,0.12349397590361445,0.28012048192771083,0.9708588957055214,0.9708588957055214,1.87635,"'-0.319742","'-0.002351044117647059",.264,.532,17.8,14,25.52552552552553,93.1,113.1,97.5,106.6,60.3,30.1,15.1,33.9,41.85639229422067,64.70588235294117,80.51948051948051,14.185639229422069,30.1,.333,.441,.518,.485,9.558823529411764,13,19,6,0,38,5,41,239,81
Kahlil Watson,CLE,SS/OF,23,159,126,673,0.7530120481927711,0.8689759036144579,0.9789156626506024,0.6380835843373494,0.8105421686746987,0.47740963855421686,0.2289156626506024,0.6280120481927711,0.7033132530120482,0.9442771084337349,0.786144578313253,0.9879518072289156,0.7635542168674698,0.9262048192771084,0.8719879518072289,0.9698795180722891,0.28313253012048195,0.9503012048192772,0.20180722891566266,0.30727272727272725,0.6204819277108434,0.1686746987951807,0.3373493975903614,0.8825301204819277,0.7439759036144579,0.7484662576687117,0.6395705521472392,7.36338,0.522284,0.003284805031446541,.210,.385,8.5,18.9,22.03856749311295,94.4,110.9,95.6,107,57.3,27.7,21.3,33.1,42.199108469539375,65.80645161290322,75.49019607843138,13.967310549777118,18.1,.278,.421,.516,.368,4.402515723270441,7,30,7,1,35,7,44,284,94
Hendry Mendez,MIN,OF,22,28,22,110,0.8659638554216867,0.9668674698795181,0.9759036144578314,0.7092432228915663,0.6346385542168675,0.8332616179001721,0.8403614457831325,0.5918674698795181,0.5135542168674698,0.9668674698795181,0.9216867469879518,0.9021084337349398,0.2063253012048193,0.27259036144578314,0.7108433734939759,0.9593373493975904,0.6129518072289156,0.10240963855421686,0.8704819277108434,0.11181818181818183,0.5813253012048193,0.9698795180722891,0.9096385542168675,0.5331325301204819,0.7530120481927711,0.0736196319018405,0.3174846625766871,5.12599,0.09734010000000001,0.003476432142857143,.268,.377,6.2,21.4,18.75,92.3,105.7,88.6,104.8,56.2,21.4,4.4,19,38.18181818181819,65.21739130434783,93.33333333333331,7.272727272727272,12.5,.409,.536,.455,.563,3.571428571428571,1,6,1,0,9,0,6,42,8
Pedro Ramírez,CHC,2B/3B,22,174,155,690,0.6370481927710844,0.8283132530120482,0.9728915662650602,0.6628388554216867,0.6771084337349398,0.6529690189328744,0.7289156626506024,0.7304216867469879,0.6144578313253012,0.3102409638554217,0.4307228915662651,0.7078313253012049,0.7575301204819277,0.5978915662650602,0.7846385542168675,0.5753012048192772,0.7921686746987951,0.37349397590361444,0.9382530120481928,0.4327272727272728,0.23493975903614459,0.9367469879518072,0.927710843373494,0.9096385542168675,0.9216867469879518,0.6702453987730062,0.6794478527607362,7.62458,1.71448,0.009853333333333334,.255,.410,7.3,9.2,28.486646884273,90.2,110.8,91.3,105.5,40.7,17.2,10.6,15.4,44.20289855072464,59.206798866855536,90.9090909090909,6.811594202898552,18.9,.297,.374,.548,.319,5.172413793103448,9,16,10,1,46,9,30,305,47
Henry Bolte,ATH,OF,22,177,158,606,0.8283132530120482,0.9728915662650602,0.9698795180722891,0.661144578313253,0.7975903614457831,0.5423838209982789,0.9021084337349398,0.8825301204819277,0.7545180722891566,0.34789156626506024,0.6942771084337349,0.7349397590361446,0.9382530120481928,0.8328313253012049,0.9819277108433735,0.677710843373494,0.5692771084337349,0.08132530120481928,0.47740963855421686,0.8018181818181818,0.9698795180722891,0.39457831325301207,0.3433734939759036,0.9819277108433735,0.9518072289156626,0.401840490797546,0.1334355828220859,9.3426,2.03867,0.011517909604519774,.281,.465,9.4,9.6,24,90.4,113.3,94,109.4,43.6,22,3.4,27.5,50.33003300330034,76.14379084967321,79.39914163090128,13.861386138613865,8.4,.348,.418,.658,.402,6.214689265536723,11,17,7,3,55,12,39,305,84
Esmerlyn Valdez,PIT,OF,22,169,136,701,0.9397590361445783,0.6204819277108434,0.9668674698795181,0.5958207831325302,0.8274096385542169,0.46880378657487093,0.8478915662650602,0.9201807228915663,0.8599397590361446,0.9066265060240963,0.6024096385542169,0.6340361445783133,0.9623493975903614,0.6852409638554217,0.9563253012048193,0.7605421686746988,0.5481927710843374,0.27259036144578314,0.25150602409638556,0.25636363636363635,0.28012048192771083,0.286144578313253,0.4066265060240964,0.05421686746987952,0.3102409638554217,0.5368098159509203,0.35429447852760737,1.00091,"'-0.366642","'-0.0021694792899408285",.270,.488,13,17.8,25.066666666666666,89.5,114,92,108.4,46,22.5,8.6,31.7,41.36947218259629,60.122699386503065,77.55102040816327,13.12410841654779,13,.243,.379,.426,.295,7.6923076923076925,13,30,10,0,33,5,38,290,92
Luis Lara,MIL,OF,21,166,142,649,0.5195783132530121,0.9487951807228916,0.963855421686747,0.6382718373493976,0.5237951807228916,0.7687177280550774,0.5150602409638554,0.4894578313253012,0.43373493975903615,0.6566265060240963,0.7289156626506024,0.4623493975903614,0.5301204819277109,0.697289156626506,0.4307228915662651,0.7033132530120482,0.9412650602409639,0.32228915662650603,0.9668674698795181,0.15272727272727274,0.15963855421686746,0.9518072289156626,0.9759036144578314,0.8554216867469879,0.7771084337349398,0.31901840490797545,0.4263803680981595,7.139419999999999,0.6489550000000001,0.003909367469879518,.235,.358,5.7,13.3,23.30383480825959,88.4,109,92.1,102.8,44.3,12,9.3,13.7,39.291217257318955,56.774193548387096,91.47727272727272,5.392912172573189,14.5,.352,.446,.542,.374,4.216867469879518,7,22,4,1,50,7,20,255,35
Edwin Arroyo,CIN,SS,22,185,160,632,0.8554216867469879,0.9141566265060241,0.9608433734939759,0.7019013554216867,0.7051204819277109,0.628012048192771,0.9231927710843374,0.9036144578313253,0.7259036144578314,0.3102409638554217,0.14156626506024098,0.7078313253012049,0.5481927710843374,0.7530120481927711,0.5271084337349398,0.6400602409638554,0.8614457831325302,0.6325301204819277,0.8358433734939759,0.84,0.7439759036144579,0.8162650602409639,0.6867469879518072,0.8975903614457831,0.7409638554216867,0.6380368098159509,0.9141104294478528,7.543069999999999,0.596693,0.003225367567567568,.287,.478,8.8,9.2,34.70031545741325,90.2,109.1,92.6,103.6,42.6,15.7,13.8,20,51.42405063291139,68.25396825396825,87.44186046511628,10.284810126582279,25.9,.338,.404,.581,.365,6.486486486486488,12,17,7,4,54,8,29,325,65
Kaelen Culpepper,MIN,SS,23,173,149,674,0.5993975903614458,0.5948795180722891,0.9578313253012049,0.6419427710843373,0.7292168674698795,0.5976764199655766,0.6490963855421686,0.6731927710843374,0.5783132530120482,0.5301204819277109,0.30120481927710846,0.8343373493975904,0.6927710843373494,0.9066265060240963,0.6445783132530121,0.8674698795180723,0.6596385542168675,0.47289156626506024,0.7515060240963856,0.46,0.3207831325301205,0.8885542168674698,0.7319277108433735,0.7198795180722891,0.8674698795180723,0.11809815950920245,0.4447852760736196,5.9622,1.2700200000000001,0.007341156069364163,.248,.394,6.9,11.6,30.446927374301676,91.4,110.2,95.1,104.2,50.9,20.2,11.9,21.9,44.658753709198805,60.75949367088608,89.0625,9.792284866468842,14.7,.255,.347,.463,.278,4.624277456647398,8,20,7,0,38,8,35,301,66
Abimelec Ortiz,WSN,1B,24,129,107,481,0.8945783132530121,0.5873493975903614,0.9548192771084337,0.6921121987951806,0.825,0.623063683304647,0.8117469879518072,0.8674698795180723,0.8509036144578314,0.6400602409638554,0.4608433734939759,0.7695783132530121,0.8810240963855421,0.7108433734939759,0.7756024096385542,0.7560240963855421,0.8343373493975904,0.661144578313253,0.5075301204819277,0.5181818181818182,0.8042168674698795,0.6265060240963856,0.4879518072289157,0.21987951807228914,0.1536144578313253,0.9846625766871165,0.8865030674846626,2.6727,"'-0.738085","'-0.005721589147286822",.265,.458,12.9,13.2,27.898550724637683,90.7,112.5,92.2,105.4,45.9,16.3,14.2,26.8,45.73804573804574,69.7560975609756,83.2167832167832,12.266112266112266,24.4,.243,.372,.411,.277,8.527131782945737,11,17,9,0,26,3,21,220,59
James Tibbs III,LAD,OF,23,181,155,767,0.9397590361445783,0.891566265060241,0.9518072289156626,0.6413780120481928,0.8828313253012048,0.4107142857142857,0.8012048192771084,0.963855421686747,0.9819277108433735,0.6566265060240963,0.7349397590361446,0.9021084337349398,0.588855421686747,0.9518072289156626,0.8117469879518072,0.9774096385542169,0.3132530120481928,0.5783132530120482,0.15963855421686746,0.42,0.6731927710843374,0.07530120481927711,0.2620481927710843,0.6536144578313253,0.5963855421686747,0.5920245398773006,0.4539877300613497,5.6091,0.106359,0.0005876187845303868,.264,.538,19.8,13.3,23.115577889447238,92.3,109.4,96.1,106.1,57.5,27.1,13.2,34.3,44.067796610169495,66.66666666666666,72.35772357723576,15.123859191655805,14.8,.284,.381,.594,.344,11.602209944751381,21,24,13,1,44,11,49,338,116
Angel Genao,CLE,SS,21,37,35,129,0.4322289156626506,0.9006024096385542,0.9487951807228916,0.6711219879518073,0.655421686746988,0.7562392426850258,0.7801204819277109,0.7093373493975904,0.5993975903614458,0.08433734939759036,0.8554216867469879,0.7966867469879518,0.24096385542168675,0.9518072289156626,0.7349397590361446,0.9307228915662651,0.7349397590361446,0.012048192771084338,0.9819277108433735,0.4290909090909091,0.6731927710843374,0.9819277108433735,0.9819277108433735,0.9427710843373494,0.7680722891566265,0.8895705521472392,0.40797546012269936,8.160839999999999,0.141337,0.0038199189189189187,.261,.405,7.1,5.4,20.634920634920636,90.9,106.2,96.1,105,53.6,18.9,"'-4.1",10.5,44.1860465116279,66.66666666666666,95.45454545454544,4.651162790697675,14.3,.343,.378,.600,.407,5.405405405405406,2,2,4,1,12,1,7,57,6
Noelvi Marte,CIN,3B/OF,24,108,96,361,0.8554216867469879,0.8825301204819277,0.9457831325301205,0.6623682228915662,0.772289156626506,0.5473321858864028,0.9743975903614458,0.8765060240963856,0.6355421686746988,0.3192771084337349,0.21084337349397592,0.6942771084337349,0.9096385542168675,0.7620481927710844,0.911144578313253,0.7454819277108434,0.8117469879518072,0.1686746987951807,0.7078313253012049,0.6127272727272727,0.30873493975903615,0.8493975903614458,0.6234939759036144,0.9066265060240963,0.8885542168674698,0.8006134969325154,0.2684049079754601,7.57797,0.84725,0.007844907407407406,.305,.462,7.6,9.3,32.369942196531795,90.1,112.7,92.8,107.6,45.6,16.7,6.6,22.9,47.09141274238228,60.63829787234043,87.71929824561403,10.80332409972299,11.4,.365,.426,.521,.421,5.5555555555555545,6,10,4,1,35,3,18,170,39
Mikey Romero,BOS,2B/SS,22,149,131,523,0.5316265060240963,0.17319277108433734,0.9427710843373494,0.5850903614457832,0.7816265060240963,0.4905335628227195,0.7198795180722891,0.6731927710843374,0.4503012048192771,0.27259036144578314,0.5301204819277109,0.9533132530120482,0.9563253012048193,0.8659638554216867,0.911144578313253,0.875,0.7123493975903614,0.6746987951807228,0.47740963855421686,0.4545454545454545,0.4307228915662651,0.516566265060241,0.4939759036144578,0.09337349397590361,0.3493975903614458,0.22699386503067484,0.40797546012269936,1.45238,"'-0.278648","'-0.0018701208053691282",.254,.394,5.8,8.7,26.691729323308273,93.5,113.8,94.5,107.6,51,19.5,14.5,27.5,44.55066921606118,63.03501945525292,81.48148148148148,12.237093690248564,14.3,.229,.309,.305,.282,4.026845637583892,6,13,7,0,30,1,29,233,64
Kemp Alderman,MIA,OF,23,155,138,605,0.9518072289156626,0.7168674698795181,0.9397590361445783,0.6171875,0.9798192771084338,0.2685025817555938,0.8765060240963856,0.9789156626506024,0.9548192771084337,0.19728915662650603,0.3192771084337349,1,0.9683734939759037,0.9984939759036144,0.9849397590361446,0.9969879518072289,0.10542168674698796,0.44879518072289154,0.17018072289156627,0.8854545454545455,0.8945783132530121,0.12650602409638553,0.06626506024096386,0.8192771084337349,0.641566265060241,0.3389570552147239,0.5904907975460123,6.65428,0.19592,0.001264,.277,.561,17.2,7.7,30.175438596491226,96,114.6,100.6,109.8,64.4,32.9,11.5,34.1,52.892561983471076,73.125,74.35897435897436,18.016528925619834,17.2,.290,.368,.486,.412,9.677419354838712,15,12,4,1,40,7,51,320,109
Sterlin Thompson,COL,OF,24,156,122,585,0.9322289156626506,0.9533132530120482,0.9367469879518072,0.7317394578313253,0.6789156626506024,0.7631239242685026,0.8689759036144579,0.7409638554216867,0.5406626506024096,0.9292168674698795,0.9849397590361446,0.7846385542168675,0.5301204819277109,0.7394578313253012,0.8283132530120482,0.7981927710843374,0.7620481927710844,0.5195783132530121,0.6716867469879518,0.4109090909090909,0.8704819277108434,0.4578313253012048,0.6656626506024096,0.6506024096385542,0.16265060240963855,0.3880368098159509,0.5766871165644172,5.5945599999999995,"'-0.874698","'-0.005607038461538461",.274,.413,6.5,18.6,15.463917525773196,90.8,109,92.5,106.3,47.3,17.9,12.7,23.7,43.931623931623925,72.10884353741497,80.66037735849056,10.427350427350428,17,.344,.487,.500,.422,3.8461538461538463,6,29,5,1,42,4,28,257,61
Cooper Ingle,CLE,C,24,85,62,395,0.9698795180722891,0.9969879518072289,0.9337349397590361,0.6858998493975903,0.7340361445783132,0.6376936316695352,0.7801204819277109,0.8087349397590361,0.7876506024096386,0.9969879518072289,0.9939759036144579,0.7575301204819277,0.338855421686747,0.9759036144578314,0.29819277108433734,0.9774096385542169,0.42319277108433734,0.7439759036144579,0.516566265060241,0.01090909090909091,0.006024096385542169,0.608433734939759,0.9186746987951807,0.3463855421686747,0.4759036144578313,0.32515337423312884,0.5828220858895705,3.6226199999999995,"'-0.0639825","'-0.0007527352941176469",.261,.434,10,25.9,13.242009132420089,90.6,107.2,97,101.8,57.5,24.7,15.9,26.7,26.58227848101265,43.18181818181818,82.89473684210526,7.088607594936709,17.1,.339,.518,.629,.444,4.705882352941177,4,22,3,0,21,5,21,105,28
Nick Morabito,NYM,OF,23,152,126,635,0.7033132530120482,0.44879518072289154,0.9307228915662651,0.5921498493975904,0.6153614457831326,0.6049913941480207,0.5301204819277109,0.7153614457831325,0.7259036144578314,0.5948795180722891,0.8072289156626506,0.42620481927710846,0.7168674698795181,0.5391566265060241,0.5271084337349398,0.4924698795180723,0.44126506024096385,0.1280120481927711,0.6897590361445783,0.1781818181818182,0.2545180722891566,0.6731927710843374,0.7740963855421686,0.8012048192771084,0.9246987951807228,0.11809815950920245,0.2147239263803681,6.5896300000000005,1.50715,0.009915460526315787,.236,.406,8.8,12.5,21.580547112462007,88.1,110.4,90.8,103.6,38.5,24.3,5.3,23.3,39.84251968503937,59.47712418300654,84.61538461538461,9.291338582677165,10.6,.238,.358,.381,.302,5.263157894736842,8,19,6,0,30,4,37,253,59
Cooper Pratt,MIL,SS,21,147,121,562,0.5993975903614458,0.28012048192771083,0.927710843373494,0.5916792168674698,0.37740963855421683,0.7271944922547334,0.6731927710843374,0.3704819277108434,0.2183734939759036,0.8012048192771084,0.6506024096385542,0.17319277108433734,0.6445783132530121,0.3042168674698795,0.2710843373493976,0.48042168674698793,0.9141566265060241,0.30120481927710846,0.8614457831325302,0.2490909090909091,0.19578313253012047,0.8057228915662651,0.8614457831325302,0.9156626506024096,0.9156626506024096,0.299079754601227,0.10429447852760736,7.66483,1.40325,0.00954591836734694,.249,.337,2.9,15.6,24.548736462093864,86,109.9,88.9,101.6,38.2,13.6,9,19.4,41.281138790035584,57.54385964912281,87.1951219512195,8.007117437722421,7.6,.207,.340,.314,.230,2.0408163265306123,3,23,3,2,25,2,20,232,45
Blaze Jordan,STL,1B/3B,23,149,135,511,0.6822289156626506,0.8539156626506024,0.9246987951807228,0.6367658132530121,0.775301204819277,0.6299483648881239,0.8539156626506024,0.7771084337349398,0.5873493975903614,0.22439759036144577,0.08734939759036145,0.8418674698795181,0.9382530120481928,0.8177710843373494,0.9322289156626506,0.7319277108433735,0.9307228915662651,0.1822289156626506,0.8418674698795181,0.94,0.9156626506024096,0.7981927710843374,0.6114457831325302,0.18373493975903615,0.1716867469879518,0.7223926380368099,0.7576687116564417,2.58772,"'-0.826852","'-0.005549342281879195",.271,.422,7,8.1,37.06563706563706,91.5,113.3,93.7,107.9,45.2,12.8,6.9,19.9,55.18590998043053,73.80952380952381,87.09677419354837,10.958904109589039,20.7,.311,.376,.563,.315,5.369127516778524,8,12,10,0,42,8,19,282,56
Héctor Rodríguez,CIN,OF,22,189,166,710,0.5195783132530121,0.44879518072289154,0.9216867469879518,0.5733245481927711,0.6551204819277109,0.49569707401032703,0.6280120481927711,0.6792168674698795,0.6234939759036144,0.3960843373493976,0.12048192771084337,0.4789156626506024,0.8674698795180723,0.5978915662650602,0.8463855421686747,0.6265060240963856,0.8057228915662651,0.5903614457831325,0.7259036144578314,0.5618181818181818,0.16265060240963855,0.5903614457831325,0.6686746987951807,0.6897590361445783,0.4307228915662651,0.6779141104294478,0.6349693251533742,5.7847599999999995,"'-0.23341199999999998","'-0.001234984126984127",.247,.395,7.4,10.1,35.46511627906977,88.5,112.2,91.3,106.5,42.2,16.9,13.3,22.4,46.478873239436616,56.830601092896174,82.69230769230771,10.422535211267606,18,.253,.328,.440,.269,5.291005291005291,10,19,6,2,42,7,32,330,74
Charlie Condon,COL,1B/OF,23,158,127,621,0.6897590361445783,0.5015060240963856,0.9186746987951807,0.5095067771084337,0.5951807228915662,0.47783993115318424,0.40210843373493976,0.3825301204819277,0.5406626506024096,0.7771084337349398,0.9216867469879518,0.5587349397590361,0.8930722891566265,0.6521084337349398,0.7469879518072289,0.6009036144578314,0.4879518072289157,0.21536144578313254,0.2756024096385542,0.2,0.22289156626506024,0.21686746987951808,0.4427710843373494,0.5240963855421686,0.6746987951807228,0.7607361963190185,0.7101226993865031,5.08473,0.273733,0.001732487341772152,.226,.339,6.5,15.2,18.75,89,112.6,91.7,105.1,41.3,23.4,7.4,31.2,40.257648953301135,58.85885885885885,76.53061224489795,12.560386473429954,19.6,.236,.373,.370,.295,3.79746835443038,6,24,5,0,30,4,37,250,78
Max Clark,DET,OF,21,162,144,644,0.3177710843373494,0.30271084337349397,0.9156626506024096,0.5724774096385543,0.4346385542168674,0.6944922547332186,0.5963855421686747,0.3704819277108434,0.1822289156626506,0.3825301204819277,0.7153614457831325,0.40813253012048195,0.8012048192771084,0.3313253012048193,0.5466867469879518,0.411144578313253,0.8765060240963856,0.33433734939759036,0.9382530120481928,0.2536363636363637,0.0783132530120482,0.9307228915662651,0.9397590361445783,0.8765060240963856,0.8734939759036144,0.7116564417177914,0.5690184049079755,7.323760000000001,1.21059,0.007472777777777778,.244,.337,2.5,9.9,23.529411764705877,88,111.3,89.2,103.7,36.4,15.4,9.7,15.4,41.30434782608695,54.30107526881721,90.59405940594058,6.366459627329192,16.9,.257,.327,.361,.300,1.8518518518518519,3,16,10,1,37,1,25,266,41
Ryan Clifford,NYM,1B/OF,22,157,140,657,0.6295180722891566,0.40963855421686746,0.9126506024096386,0.5326618975903614,0.9210843373493975,0.2398881239242685,0.5,0.8539156626506024,0.8825301204819277,0.40813253012048195,0.37349397590361444,0.9804216867469879,0.9292168674698795,0.9713855421686747,0.9503012048192772,0.9593373493975904,0.045180722891566265,0.5903614457831325,0.13102409638554216,0.4881818181818182,0.3795180722891566,0.14006024096385541,0.20180722891566266,0.5180722891566265,0.21385542168674698,0.74079754601227,0.8619631901840491,4.988180000000001,"'-0.604854","'-0.003852573248407643",.234,.453,13.8,10.2,29.58579881656805,94.2,113.1,96.8,108.3,56.2,38.2,13.3,35,45.20547945205479,61.75548589341693,74.61928934010153,15.829528158295279,23.5,.236,.312,.443,.351,7.0063694267515935,11,16,6,1,33,7,60,297,104
Ryan Waldschmidt,ARI,OF,23,153,126,614,0.44728915662650603,0.7786144578313253,0.9096385542168675,0.6026920180722891,0.5515060240963855,0.6052065404475043,0.29066265060240964,0.32680722891566266,0.6460843373493976,0.5828313253012049,0.9698795180722891,0.5858433734939759,0.822289156626506,0.3825301204819277,0.7108433734939759,0.37650602409638556,0.4126506024096386,0.9713855421686747,0.6355421686746988,0.08181818181818183,0.1460843373493976,0.697289156626506,0.7921686746987951,0.9397590361445783,0.46987951807228917,0.4233128834355828,0.7469325153374233,8.02973,"'-0.12870399999999999","'-0.0008412026143790849",.216,.328,7.8,12.4,16.721311475409838,89.2,111.5,89.6,104.8,35.6,24.8,23.1,24.4,36.64495114006515,56.31067961165049,85.0574712643678,8.957654723127035,20.4,.286,.399,.476,.379,4.575163398692809,7,19,9,3,36,3,38,225,55
Dylan Crews,WSN,OF,24,162,143,626,0.7786144578313253,0.5135542168674698,0.9066265060240963,0.6057981927710843,0.8882530120481927,0.3537005163511187,0.7695783132530121,0.8418674698795181,0.8795180722891566,0.3825301204819277,0.23493975903614459,0.9879518072289156,0.822289156626506,0.9457831325301205,0.9789156626506024,0.9096385542168675,0.42319277108433734,0.4352409638554217,0.17018072289156627,0.5536363636363636,0.4939759036144578,0.5662650602409639,0.20481927710843373,0.7921686746987951,0.5150602409638554,0.16411042944785276,0.2147239263803681,6.4666,"'-0.0488509","'-0.00030154876543209884",.260,.448,13.7,9.9,31.778425655976683,94.4,111.5,96,109.3,52,24.7,11.4,34.1,46.325878594249204,63.95759717314488,82.32044198895028,15.814696485623006,10.6,.259,.340,.434,.323,8.641975308641975,14,16,8,1,37,5,40,290,99
Rece Hinds,CIN,OF,25,93,75,349,0.9608433734939759,0.9789156626506024,0.9036144578313253,0.6699924698795181,0.9530120481927712,0.39651462994836484,0.7695783132530121,0.9518072289156626,0.9201807228915663,0.9246987951807228,0.22289156626506024,0.9487951807228916,0.9774096385542169,0.9984939759036144,1,0.9668674698795181,0.3207831325301205,0.6325301204819277,0.21385542168674698,0.5581818181818182,0.27710843373493976,0.5602409638554217,0.2560240963855422,0.8162650602409639,0.463855421686747,0.7162576687116564,0.7101226993865031,6.642530000000001,"'-0.0940875","'-0.0010116935483870967",.260,.526,15.7,18.3,32.16374269005848,93.4,115,100.6,112.6,56.9,26.9,13.8,32.7,46.41833810888252,60.1123595505618,82.24299065420558,15.18624641833811,19.6,.320,.441,.653,.400,8.60215053763441,8,17,3,2,24,6,25,162,53
Deyvison De Los Santos,MIA,1B/DH,22,125,109,485,0.4322289156626506,0.4683734939759036,0.9006024096385542,0.5272966867469879,0.6768072289156626,0.43502581755593805,0.5301204819277109,0.4442771084337349,0.6551204819277109,0.34789156626506024,0.1897590361445783,0.7966867469879518,0.9292168674698795,0.697289156626506,0.963855421686747,0.5587349397590361,0.766566265060241,0.37349397590361444,0.4382530120481928,0.69,0.5271084337349398,0.411144578313253,0.3644578313253012,0.6716867469879518,0.7469879518072289,0.5475460122699386,0.5690184049079755,5.66641,0.42447799999999997,0.0033958240000000004,.236,.348,7.9,9.6,32.786885245901644,90.9,113.1,92.1,108.8,40.4,17.6,10.6,28.1,48.45360824742268,64.31535269709543,80,13.608247422680412,16.9,.257,.336,.431,.282,5.6000000000000005,7,12,7,0,28,4,22,235,66
Zac Veen,COL,OF,24,149,120,583,0.7409638554216867,0.7349397590361446,0.8975903614457831,0.5989269578313253,0.6783132530120483,0.557013769363167,0.6280120481927711,0.5331325301204819,0.43373493975903615,0.9382530120481928,0.46686746987951805,0.8132530120481928,0.8930722891566265,0.6852409638554217,0.911144578313253,0.7183734939759037,0.5301204819277109,0.42620481927710846,0.46686746987951805,0.6436363636363637,0.6626506024096386,0.4367469879518072,0.39759036144578314,0.49698795180722893,0.7198795180722891,0.06288343558282208,0.18404907975460122,4.90431,0.432144,0.002900295302013423,.247,.366,5.7,18.8,27.816901408450715,91.1,112.6,92,107.6,44.8,22.8,11.3,27.7,47.6843910806175,66.5551839464883,80.40201005025126,13.20754716981132,10,.275,.409,.433,.349,3.355704697986577,5,28,7,0,33,4,34,278,77
Carson Williams,TBR,SS,22,131,112,514,0.7530120481927711,0.44879518072289154,0.8945783132530121,0.5532756024096386,0.7376506024096386,0.3283132530120482,0.4427710843373494,0.8493975903614458,0.8072289156626506,0.6295180722891566,0.5963855421686747,0.6024096385542169,0.8117469879518072,0.3539156626506024,0.7259036144578314,0.6174698795180723,0.22590361445783133,0.8057228915662651,0.0572289156626506,0.32181818181818184,0.42771084337349397,0.1746987951807229,0.18674698795180722,0.8644578313253012,0.22590361445783133,0.7883435582822086,0.48466257668711654,7.16563,"'-0.47895600000000005","'-0.003656152671755725",.230,.452,10.8,13,25.089605734767023,89.3,111.4,89.4,104.9,41.9,29,16.9,37.6,42.4124513618677,62.97872340425533,75.67567567567569,15.95330739299611,15.6,.232,.336,.420,.300,6.106870229007633,8,17,4,1,26,5,38,218,82
Jeferson Quero,MIL,C,23,137,119,492,0.6370481927710844,0.3795180722891566,0.891566265060241,0.5847138554216869,0.8689759036144578,0.40533562822719443,0.5,0.786144578313253,0.8765060240963856,0.40813253012048195,0.18373493975903615,0.9216867469879518,0.8117469879518072,0.9713855421686747,0.9231927710843374,0.9487951807228916,0.4879518072289157,0.6445783132530121,0.25903614457831325,0.8109090909090909,0.8554216867469879,0.4457831325301205,0.19728915662650603,0.39156626506024095,0.6295180722891566,0.5030674846625767,0.4371165644171779,4.0010699999999995,0.14335,0.0010463503649635038,.234,.427,13.5,10.2,32.84132841328413,92.8,111.4,96.8,107.7,55.1,23.4,14,31.5,50.40650406504064,71.94570135746606,80.50314465408806,15.853658536585364,14.6,.244,.328,.403,.294,8.75912408759124,12,14,7,0,29,4,32,248,78
Christian Moore,LAA,2B,23,113,82,492,0.8192771084337349,0.8072289156626506,0.8885542168674698,0.5584525602409638,0.4909638554216868,0.5972461273666093,0.2545180722891566,0.4066265060240964,0.38403614457831325,0.9939759036144579,0.9216867469879518,0.7183734939759037,0.4442771084337349,0.8057228915662651,0.7108433734939759,0.5015060240963856,0.5240963855421686,0.37349397590361444,0.2996987951807229,0.22545454545454546,0.7379518072289156,0.27259036144578314,0.4307228915662651,0.8524096385542169,0.09337349397590361,0.3880368098159509,0.20552147239263804,7.02562,"'-0.980982","'-0.008681256637168141",.213,.342,5.3,25.7,18.75,90.3,108.3,93.5,104.8,38.6,23,10.6,30.8,40.85365853658536,68.18181818181817,77.33333333333333,12.601626016260164,10.5,.232,.434,.451,.309,2.6548672566371683,3,29,6,3,19,2,26,201,62
Kody Huff,CLE,C,25,154,131,617,0.8795180722891566,0.9397590361445783,0.8855421686746988,0.6908885542168675,0.6771084337349398,0.7074010327022375,0.9352409638554217,0.8237951807228916,0.4503012048192771,0.6731927710843374,0.8734939759036144,0.6551204819277109,0.8554216867469879,0.36596385542168675,0.6792168674698795,0.6009036144578314,0.7725903614457831,0.5195783132530121,0.713855421686747,0.2945454545454545,0.34036144578313254,0.8283132530120482,0.75,0.3825301204819277,0.20783132530120482,0.656441717791411,0.808282208588957,3.93225,"'-0.6260789999999999","'-0.004065448051948052",.290,.440,5.8,13.6,20.27972027972028,89.7,112,89.5,104.6,41.3,17.5,12.7,22.7,42.13938411669368,61.027190332326285,87.62376237623762,9.562398703403566,21.9,.321,.422,.565,.361,3.8961038961038965,6,21,9,1,42,7,27,260,59
Joe Mack,MIA,C,23,102,81,431,0.7786144578313253,0.5873493975903614,0.8825301204819277,0.5531814759036144,0.6289156626506024,0.48881239242685026,0.4879518072289157,0.6566265060240963,0.35843373493975905,0.9548192771084337,0.5090361445783133,0.7349397590361446,0.7304216867469879,0.6521084337349398,0.7108433734939759,0.6641566265060241,0.5993975903614458,0.8313253012048193,0.3704819277108434,0.3381818181818182,0.18072289156626506,0.3614457831325301,0.4457831325301205,0.18674698795180722,0.49096385542168675,0.9187116564417178,0.8957055214723927,2.60169,"'-0.0566497","'-0.0005553892156862745",.233,.390,5,19.6,27.05314009661836,90.4,110.5,91.7,104.8,43.3,21.6,17.6,29.3,42.691415313225065,57.14285714285714,78.90625,12.529002320185617,25,.247,.392,.383,.298,2.9411764705882346,3,20,2,0,20,3,22,184,54
Cole Carrigg,COL,OF,24,166,150,618,0.7289156626506024,0.9141566265060241,0.8795180722891566,0.6556852409638554,0.6313253012048193,0.6424268502581755,0.9096385542168675,0.7951807228915663,0.608433734939759,0.2063253012048193,0.17771084337349397,0.49849397590361444,0.6762048192771084,0.5602409638554217,0.5466867469879518,0.5783132530120482,0.9066265060240963,0.20481927710843373,0.8418674698795181,0.88,0.858433734939759,0.8554216867469879,0.6506024096385542,0.9939759036144579,0.9789156626506024,0.74079754601227,0.6104294478527608,9.6975,2.80361,0.016889216867469883,.283,.432,7.2,7.8,32.89473684210527,88.6,110.1,91,103.7,40.8,13.9,7.3,19.9,52.750809061488674,71.97452229299363,88.05309734513273,10.517799352750806,17.6,.360,.416,.560,.403,5.421686746987952,9,13,8,5,54,4,23,326,65
Leo Bernal,STL,C,22,137,119,513,0.6099397590361446,0.3207831325301205,0.8765060240963856,0.5442394578313252,0.6385542168674699,0.4298623063683304,0.6490963855421686,0.6792168674698795,0.6551204819277109,0.5436746987951807,0.3825301204819277,0.516566265060241,0.8614457831325302,0.4382530120481928,0.6069277108433735,0.48042168674698793,0.5406626506024096,0.6746987951807228,0.4006024096385542,0.4581818181818182,0.4066265060240964,0.3192771084337349,0.41566265060240964,0.572289156626506,0.10240963855421686,0.656441717791411,0.852760736196319,5.26783,"'-1.09362","'-0.007982627737226277",.248,.395,7.9,11.7,29.496402877697843,88.7,112.1,90.1,104,38.2,22.6,14.5,28.8,44.639376218323584,62.55319148936171,78.23129251700679,12.865497076023393,23.3,.244,.328,.370,.299,5.109489051094892,7,16,4,1,29,3,31,229,66
Sam Antonacci,CHW,OF,23,64,47,269,0.9879518072289156,0.9457831325301205,0.8734939759036144,0.6319653614457832,0.39397590361445783,0.802710843373494,0.9743975903614458,0.8373493975903614,0.36596385542168675,0.9698795180722891,1,0.3192771084337349,0.23042168674698796,0.5737951807228916,0.3132530120481928,0.21686746987951808,0.9337349397590361,0.12048192771084337,0.8990963855421686,0.027272727272727268,0.02710843373493976,0.822289156626506,0.9668674698795181,0.4397590361445783,0.963855421686747,0.7638036809815951,0.8297546012269938,4.33403,0.79468,0.012416875,.305,.447,5.1,21.9,11.38211382113821,87.3,106,91.1,101.9,30.8,12.5,5.1,17.4,31.970260223048324,49.31506849315068,87.5,5.5762081784386615,22.5,.298,.484,.468,.324,3.125,2,14,2,0,14,2,8,86,15
Alejandro Osuna,TEX,OF,23,75,64,314,0.5647590361445783,0.32981927710843373,0.8704819277108434,0.6088102409638554,0.43493975903614457,0.781196213425129,0.7575301204819277,0.39156626506024095,0.1430722891566265,0.6566265060240963,0.34487951807228917,0.45180722891566266,0.6295180722891566,0.6521084337349398,0.16415662650602408,0.5587349397590361,0.8885542168674698,0.11596385542168675,0.9728915662650602,0.6581818181818182,0.6837349397590361,0.9668674698795181,0.9548192771084337,0.6596385542168675,0.6837349397590361,0.19938650306748465,0.14570552147239263,5.64195,0.13891099999999998,0.0018521466666666668,.259,.340,1.9,13.3,30,88.3,109.8,91.7,100.4,40.4,14.7,4.8,12.6,48.08917197452229,66.88311688311688,93.20388349514565,6.050955414012739,8.9,.250,.347,.344,.283,1.3333333333333337,1,10,3,0,16,1,11,151,19
Yohandy Morales,WSN,1B/3B,24,154,132,559,0.8478915662650602,0.963855421686747,0.8674698795180723,0.5785015060240963,0.8813253012048193,0.4165232358003442,0.8117469879518072,0.8418674698795181,0.8253012048192772,0.5436746987951807,0.3313253012048193,0.8855421686746988,0.9292168674698795,0.9307228915662651,0.9382530120481928,0.9246987951807228,0.42319277108433734,0.0963855421686747,0.32680722891566266,0.6363636363636364,0.7168674698795181,0.26656626506024095,0.3072289156626506,0.17771084337349397,0.19879518072289157,0.4325153374233129,0.1334355828220859,2.4729799999999997,"'-0.65541","'-0.004255909090909091",.265,.448,11.7,11.7,30.100334448160535,92,113.1,95.7,108.1,53.2,24.7,4.2,30.1,47.584973166368506,67.69230769230771,77.27272727272727,14.311270125223613,8.4,.348,.435,.598,.430,7.142857142857142,11,18,6,0,46,9,38,266,80
Spencer Jones,NYY,DH/OF,25,142,120,574,0.9939759036144579,0.8629518072289156,0.8644578313253012,0.6234939759036144,0.9951807228915662,0.2637693631669535,0.8117469879518072,1,1,0.608433734939759,0.20783132530120482,0.9969879518072289,0.9969879518072289,0.9623493975903614,0.9909638554216867,0.9819277108433735,0.1144578313253012,0.7936746987951807,0.018072289156626505,0.7490909090909091,0.8644578313253012,0.015060240963855422,0.018072289156626505,0.5542168674698795,0.6536144578313253,0.08742331288343558,0.2254601226993865,5.21943,0.202479,0.0014259084507042253,.265,.646,29.3,12.7,32.415902140672785,95.7,117.4,96.5,110,58.7,32.4,16.7,43.3,49.477351916376314,72.06477732793523,65.73033707865169,21.428571428571427,10.7,.258,.366,.592,.313,15.492957746478872,22,18,7,0,31,11,46,284,123
Luke Adams,MIL,1B/3B,22,51,39,182,0.9397590361445783,0.42771084337349397,0.8614457831325302,0.5768072289156627,0.5144578313253012,0.5869191049913942,0.9231927710843374,0.8765060240963856,0.49096385542168675,0.37349397590361444,0.4864457831325301,0.1355421686746988,0.7756024096385542,0.2394578313253012,0.8719879518072289,0.2936746987951807,0.8614457831325302,0.42018072289156627,0.6822289156626506,0.09454545454545454,0.015060240963855422,0.8795180722891566,0.8102409638554217,0.26506024096385544,0.024096385542168676,0.8174846625766872,0.9447852760736196,3.0357,"'-0.850864","'-0.016683607843137254",.287,.462,6.1,9.8,27.472527472527474,85.5,111,88.3,107,33.3,15.7,11.2,23.5,37.362637362637365,47.25274725274725,88.3720930232558,8.791208791208794,28.1,.205,.347,.385,.200,3.92156862745098,2,5,1,0,8,2,8,68,16
Yohendrick Piñango,TOR,OF,24,89,78,404,0.5647590361445783,0.6114457831325302,0.858433734939759,0.5669239457831325,0.7668674698795181,0.4107142857142857,0.6490963855421686,0.6430722891566265,0.7259036144578314,0.3960843373493976,0.29819277108433734,0.7349397590361446,0.9849397590361446,0.4819277108433735,0.9231927710843374,0.7454819277108434,0.42319277108433734,0.7801204819277109,0.608433734939759,0.5645454545454546,0.29518072289156627,0.30271084337349397,0.5512048192771084,0.3674698795180723,0.7048192771084337,0.5858895705521472,0.8128834355828221,3.88866,0.231345,0.00259938202247191,.248,.388,8.8,10.1,30.48128342245989,90.4,115.4,90.5,107.7,45.6,24.7,16.5,25,46.53465346534654,60.36866359447004,77.86259541984732,11.633663366336634,22,.269,.348,.474,.333,5.617977528089887,5,9,7,0,21,3,22,188,47
Yanquiel Fernández,NYY,DH/OF,23,138,128,502,0.7906626506024096,0.5948795180722891,0.8554216867469879,0.6030685240963856,0.8132530120481929,0.4395438898450946,0.8614457831325302,0.9307228915662651,0.8253012048192772,0.14006024096385541,0.06626506024096386,0.6731927710843374,0.7936746987951807,0.8765060240963856,0.9021084337349398,0.8433734939759037,0.7409638554216867,0.5436746987951807,0.4307228915662651,0.958181818181818,0.9939759036144579,0.5391566265060241,0.16566265060240964,0.3102409638554217,0.18674698795180722,0.8174846625766872,0.7944785276073619,3.45626,"'-0.672089","'-0.004870210144927537",.272,.499,11.7,6.5,38.24561403508772,89.9,111.2,94.7,107.5,49.5,18.8,12.9,28.3,56.972111553784856,81.56682027649771,81.92090395480227,16.135458167330675,21.4,.258,.304,.523,.255,8.695652173913043,12,9,5,1,33,9,26,286,81
Kevin Alcántara,CHC,OF,23,153,134,607,0.8102409638554217,0.8403614457831325,0.8524096385542169,0.508753765060241,0.8924698795180722,0.21622203098106713,0.3147590361445783,0.9427710843373494,0.9939759036144579,0.5542168674698795,0.3117469879518072,0.8132530120481928,0.9623493975903614,0.7771084337349398,0.9442771084337349,0.75,0.09036144578313253,0.6837349397590361,0.06626506024096386,0.4836363636363637,0.24397590361445784,0.11144578313253012,0.1355421686746988,0.35542168674698793,0.4789156626506024,0.2898773006134969,0.504601226993865,3.77011,"'-0.108753","'-0.0007108039215686275",.219,.517,23.5,11.8,30.303030303030305,91.1,114,93,108.2,45.7,34,14.7,36.9,45.14003294892916,59.354838709677416,73.91304347826086,16.639209225700164,15.9,.246,.340,.604,.279,12.418300653594773,19,18,6,0,33,14,52,274,101
Jacob Gonzalez,CHW,2B/SS,23,177,143,729,0.8478915662650602,0.9427710843373494,0.8493975903614458,0.5979856927710844,0.6177710843373494,0.5197934595524957,0.608433734939759,0.7891566265060241,0.7545180722891566,0.8960843373493976,0.42771084337349397,0.6204819277108434,0.35240963855421686,0.5391566265060241,0.3629518072289157,0.572289156626506,0.608433734939759,0.7996987951807228,0.6355421686746988,0.3763636363636363,0.09337349397590361,0.3328313253012048,0.6445783132530121,0.5843373493975904,0.2289156626506024,0.4570552147239264,0.5352760736196319,5.30605,"'-0.632946","'-0.003575966101694916",.245,.430,9.4,17.5,28.52664576802508,89.4,107.3,90.8,102.3,40.6,21.5,16.8,24.4,43.209876543209866,54.63414634146342,78.57142857142857,10.562414266117967,16.4,.287,.418,.580,.316,5.649717514124294,10,31,7,1,41,11,38,315,77
Brock Wilken,MIL,3B,23,159,128,671,0.4141566265060241,0.2680722891566265,0.8463855421686747,0.5706890060240963,0.5322289156626506,0.5832616179001722,0.1566265060240964,0.3147590361445783,0.7394578313253012,0.8674698795180723,0.9819277108433735,0.49849397590361444,0.5617469879518072,0.6099397590361446,0.7756024096385542,0.5466867469879518,0.28313253012048195,0.9759036144578314,0.6009036144578314,0.029090909090909087,0.018072289156626505,0.47289156626506024,0.858433734939759,0.8403614457831325,0.7349397590361446,0.6702453987730062,0.9263803680981595,6.98082,0.506686,0.0031867044025157233,.198,.326,9.2,17,15.915915915915914,88.6,109.2,91.4,105.4,40.2,27.7,23.8,25.1,32.04172876304024,47.92899408284024,80.8641975308642,8.047690014903129,26.4,.188,.327,.336,.259,5.031446540880504,8,27,9,2,24,2,44,215,54
Denzer Guzman,LAA,SS,22,172,151,643,0.5060240963855421,0.7605421686746988,0.8433734939759037,0.5932793674698795,0.5801204819277108,0.6947074010327022,0.5150602409638554,0.6927710843373494,0.7394578313253012,0.4713855421686747,0.6536144578313253,0.4789156626506024,0.5617469879518072,0.46987951807228917,0.5677710843373494,0.42771084337349397,0.6852409638554217,0.463855421686747,0.7515060240963856,0.7563636363636363,0.9668674698795181,0.7168674698795181,0.6174698795180723,0.24397590361445784,0.11144578313253012,0.6303680981595092,0.6947852760736196,2.8545700000000003,"'-1.25929","'-0.007321453488372094",.235,.398,9.2,11,24.54545454545455,88.5,109.2,90.4,103.8,37,19.8,11.8,21.9,49.611197511664066,76.03833865814697,85.29411764705883,10.886469673405909,19.3,.305,.378,.497,.348,6.395348837209302,11,19,8,0,46,7,34,319,70
Ronny Mauricio,NYM,2B/3B,25,63,58,242,0.9668674698795181,0.9081325301204819,0.8403614457831325,0.6494728915662651,0.8716867469879519,0.4124354561101549,0.9548192771084337,0.9969879518072289,0.9578313253012049,0.12951807228915663,0.05120481927710843,0.8343373493975904,0.7575301204819277,0.7108433734939759,0.8855421686746988,0.8117469879518072,0.7274096385542169,0.42018072289156627,0.34186746987951805,0.8290909090909091,0.8885542168674698,0.4954819277108434,0.25301204819277107,0.8042168674698795,0.9759036144578314,0.08282208588957055,0.4723926380368098,6.589910000000001,0.8973399999999999,0.014243492063492062,.295,.608,17.4,6.3,38.96103896103897,91.4,110.8,92.2,107.2,47.8,19,11.2,29.8,51.2396694214876,72.72727272727273,81.25,15.289256198347106,15.2,.293,.349,.638,.275,12.698412698412698,8,4,2,0,17,6,12,124,37
Victor Bericoto,SFG,1B/OF,24,157,141,613,0.6957831325301205,0.5451807228915663,0.8373493975903614,0.579066265060241,0.7903614457831324,0.4778399311531842,0.8840361445783133,0.7831325301204819,0.5993975903614458,0.24096385542168675,0.20481927710843373,0.8825301204819277,0.7876506024096386,0.911144578313253,0.7951807228915663,0.8990963855421686,0.6927710843373494,0.09337349397590361,0.45331325301204817,0.6545454545454545,0.7048192771084337,0.6626506024096386,0.3855421686746988,0.29518072289156627,0.34036144578313254,0.14877300613496933,0.0843558282208589,3.34139,"'-0.300166","'-0.0019118853503184712",.278,.426,7.1,8.3,32.55131964809384,91.9,111.1,95.3,105.7,51.8,19.7,4,27.9,47.96084828711256,67.27941176470588,84.15300546448087,13.3768352365416,7.1,.298,.357,.433,.352,5.095541401273887,8,13,5,1,42,4,31,294,82
Adael Amador,COL,2B,23,161,135,638,0.4141566265060241,0.3855421686746988,0.8343373493975904,0.5875376506024097,0.2960843373493976,0.7932444061962134,0.4427710843373494,0.21987951807228914,0.1822289156626506,0.75,0.8102409638554217,0.21536144578313254,0.4864457831325301,0.2605421686746988,0.4427710843373494,0.37650602409638556,0.9608433734939759,0.6882530120481928,0.875,0.3890909090909091,0.463855421686747,0.8403614457831325,0.8524096385542169,0.822289156626506,0.8192771084337349,0.8420245398773006,0.5904907975460123,6.668260000000001,0.756201,0.004696900621118013,.230,.309,2.5,14.9,21.568627450980397,86.4,108.6,88.5,102.9,35.6,10.6,14.8,18.8,43.41692789968653,63.55421686746988,87.67772511848341,8.150470219435736,17.2,.252,.360,.356,.265,1.8633540372670807,3,24,3,1,34,3,17,277,52
Brett Bateman,CHC,OF,24,85,64,389,0.9322289156626506,0.6897590361445783,0.8313253012048193,0.6278237951807228,0.4743975903614458,0.7063253012048192,0.7695783132530121,0.6686746987951807,0.5316265060240963,0.9909638554216867,0.9728915662650602,0.42620481927710846,0.10542168674698796,0.7394578313253012,0.338855421686747,0.6400602409638554,0.6731927710843374,0.44879518072289154,0.8072289156626506,0.00909090909090909,0.0030120481927710845,0.5240963855421686,0.9728915662650602,0.5783132530120482,0.7981927710843374,0.09969325153374232,0.05828220858895705,5.26954,0.358016,0.004211952941176471,.260,.393,6.4,24.7,16.666666666666664,88.1,103.7,92.5,102.1,42.6,20,11.5,20.8,25.96401028277635,37.57225433526011,81.53846153846153,5.398457583547557,6.3,.250,.435,.359,.326,3.5294117647058822,3,21,4,0,16,1,17,101,21
LuJames Groover,ARI,3B,24,184,149,814,0.4924698795180723,0.6987951807228916,0.8283132530120482,0.5593938253012049,0.39548192771084334,0.7018072289156627,0.5647590361445783,0.26957831325301207,0.24246987951807228,0.7771084337349398,0.7801204819277109,0.338855421686747,0.6927710843373494,0.3433734939759036,0.1927710843373494,0.43373493975903615,0.8524096385542169,0.6024096385542169,0.8253012048192772,0.09636363636363636,0.07530120481927711,0.7228915662650602,0.8795180722891566,0.4006024096385542,0.4427710843373494,0.16411042944785276,0.5352760736196319,4.10901,"'-0.22414699999999999","'-0.0012181902173913045",.240,.319,3.2,15.2,22.142857142857146,87.4,110.2,89.3,100.8,37.1,15.8,13.4,20.3,37.469287469287465,53.807106598984774,85.37735849056604,7.616707616707617,16.4,.315,.418,.416,.371,2.1739130434782608,4,28,10,1,47,1,29,305,62
Jimmy Crooks,STL,C,24,137,111,592,0.9849397590361446,0.9307228915662651,0.8253012048192772,0.5840549698795181,0.8539156626506024,0.35907917383821003,0.7439759036144579,0.9909638554216867,0.9909638554216867,0.8298192771084337,0.5331325301204819,0.8719879518072289,0.5,0.8990963855421686,0.6927710843373494,0.9156626506024096,0.15210843373493976,0.5075301204819277,0.17921686746987953,0.34545454545454546,0.33433734939759036,0.1897590361445783,0.29518072289156627,0.3253012048192771,0.48493975903614456,0.6441717791411042,0.6871165644171779,3.5385699999999995,"'-0.09331389999999999","'-0.0006811233576642336",.257,.582,22.4,16.1,26.451612903225808,91.8,108.7,95,104.7,52.2,31.4,12.6,33.9,42.905405405405396,60.99290780141844,76.16279069767442,14.527027027027025,19.1,.252,.394,.604,.286,10.948905109489052,15,22,3,0,28,12,43,254,86
Matthew Etzel,MIA,OF,24,124,111,469,0.6596385542168675,0.1822289156626506,0.822289156626506,0.612387048192771,0.6521084337349399,0.507314974182444,0.6731927710843374,0.8087349397590361,0.49096385542168675,0.3644578313253012,0.45481927710843373,0.6024096385542169,0.8403614457831325,0.7108433734939759,0.3795180722891566,0.5180722891566265,0.4879518072289157,0.9066265060240963,0.4442771084337349,0.7454545454545455,0.8117469879518072,0.641566265060241,0.3463855421686747,0.7469879518072289,0.4819277108433735,0.4401840490797546,0.8773006134969326,6.08455,"'-0.0867547","'-0.0006996346774193549",.249,.434,6.1,9.7,27.947598253275107,89.3,111.8,92.2,102.4,39,23.4,20,28,49.46695095948828,70,83.92857142857143,13.859275053304904,24.1,.207,.290,.333,.253,4.032258064516129,5,12,3,1,23,3,29,232,65
Charles McAdoo,TOR,3B,24,158,133,664,0.6521084337349398,0.6746987951807228,0.8192771084337349,0.598644578313253,0.505722891566265,0.6678141135972462,0.5406626506024096,0.6566265060240963,0.7801204819277109,0.7364457831325302,0.6445783132530121,0.12198795180722892,0.6295180722891566,0.20933734939759036,0.338855421686747,0.34036144578313254,0.6521084337349398,0.5557228915662651,0.7740963855421686,0.22,0.21686746987951808,0.8343373493975904,0.8162650602409639,0.6265060240963856,0.21987951807228914,0.4447852760736196,0.6104294478527608,5.50044,"'-0.581616","'-0.0036811139240506326",.237,.390,9.9,14.6,24.63768115942029,85.4,109.8,88.1,102.1,34.7,20.3,13,21.4,40.813253012048186,58.30721003134797,87.63440860215056,8.734939759036145,17.6,.271,.380,.459,.313,6.329113924050633,10,23,5,1,36,6,32,271,58
Christian Franklin,WSN,OF,26,164,135,651,0.8719879518072289,0.6114457831325302,0.8162650602409639,0.6656626506024097,0.769277108433735,0.651247848537005,0.8765060240963856,0.7259036144578314,0.38403614457831325,0.7771084337349398,0.9006024096385542,0.9713855421686747,0.8012048192771084,0.9909638554216867,0.7650602409638554,0.963855421686747,0.5406626506024096,0.0391566265060241,0.5903614457831325,0.12818181818181815,0.28313253012048195,0.7439759036144579,0.7228915662650602,0.4578313253012048,0.6506024096385542,0.15644171779141106,0.12423312883435583,4.57724,0.219158,0.0013363292682926828,.277,.409,5.3,15.2,19.298245614035086,94,111.3,98.1,105.3,56.4,22.6,0.8,25.4,38.70967741935485,60.19417475728155,86.02150537634407,9.831029185867896,8.2,.274,.402,.378,.358,3.0487804878048776,5,25,5,0,37,3,37,252,64
Tommy White,ATH,3B,23,53,51,170,0.4608433734939759,0.6340361445783133,0.8132530120481928,0.6121046686746988,0.6337349397590362,0.6987951807228916,0.9096385542168675,0.7349397590361446,0.29668674698795183,0.010542168674698794,0.26506024096385544,0.8132530120481928,0.40813253012048195,0.8855421686746988,0.45933734939759036,0.9156626506024096,0.9728915662650602,0.1822289156626506,0.9201807228915663,0.9036363636363636,0.9367469879518072,0.9789156626506024,0.8072289156626506,0.18072289156626506,0.060240963855421686,0.5996932515337423,0.4723926380368098,2.5714200000000003,"'-0.6023609999999999","'-0.011365301886792451",.283,.412,4.3,1.9,31.325301204819283,91.1,107.9,94.8,103.1,52.2,9.4,6.9,16.5,53.529411764705884,74.71264367816093,95.3846153846154,8.823529411764708,15.2,.333,.358,.471,.356,3.7735849056603774,2,1,4,0,17,1,5,91,15
Joshua Báez,STL,OF,22,156,140,601,0.552710843373494,0.5015060240963856,0.8102409638554217,0.49849397590361444,0.8138554216867471,0.18244406196213428,0.35993975903614456,0.8192771084337349,0.9036144578313253,0.16415662650602408,0.09939759036144578,0.6837349397590361,0.8403614457831325,0.7921686746987951,0.8192771084337349,0.822289156626506,0.10843373493975904,0.858433734939759,0.10692771084337349,0.8181818181818182,0.6867469879518072,0.060240963855421686,0.05120481927710843,0.858433734939759,0.8042168674698795,0.8236196319018405,0.8895705521472392,7.14267,0.676581,0.004337057692307692,.222,.436,14.6,7.1,36.5625,90,111.8,93.2,106.2,48.3,32.7,18.5,36.1,50.74875207986689,66.90391459074732,71.80851063829788,18.302828618968388,24.7,.236,.314,.464,.309,8.333333333333332,13,11,6,1,33,8,51,305,110
Ben Malgeri,DET,OF,26,162,137,612,0.9141566265060241,0.8012048192771084,0.8072289156626506,0.6478727409638554,0.8150602409638555,0.5021514629948364,0.9021084337349398,0.9141566265060241,0.8012048192771084,0.5737951807228916,0.5783132530120482,0.8478915662650602,0.6295180722891566,0.891566265060241,0.8192771084337349,0.8825301204819277,0.5993975903614458,0.19728915662650603,0.5602409638554217,0.3709090909090909,0.14156626506024098,0.46536144578313254,0.5963855421686747,0.7620481927710844,0.24397590361445784,0.4294478527607362,0.1411042944785276,6.18002,"'-0.514847","'-0.0031780679012345684",.281,.483,10.7,12.3,25.482625482625483,91.6,109.8,94.9,106.2,51.5,21.6,7.2,25.8,43.137254901960794,56.09065155807365,80.8080808080808,11.111111111111109,8.7,.299,.395,.511,.357,6.790123456790122,11,20,7,2,41,6,35,264,68
Jett Williams,MIL,SS,22,177,146,708,0.4141566265060241,0.40963855421686746,0.8042168674698795,0.5548757530120483,0.28493975903614455,0.7188037865748708,0.32981927710843373,0.20481927710843373,0.3177710843373494,0.7409638554216867,0.8373493975903614,0.1897590361445783,0.5301204819277109,0.10391566265060241,0.1822289156626506,0.1822289156626506,0.6521084337349398,0.8162650602409639,0.8072289156626506,0.3418181818181818,0.5301204819277109,0.6656626506024096,0.7981927710843374,0.8614457831325302,0.858433734939759,0.906441717791411,0.7944785276073619,7.1648,1.1079299999999999,0.0062594915254237295,.220,.306,4.5,14.7,21.022727272727273,86.2,109,86.4,100.7,29.7,20.3,17.3,20.8,42.79661016949153,64.32584269662921,84.27947598253273,8.898305084745761,21.4,.240,.367,.349,.296,2.824858757062147,5,26,5,1,35,3,36,303,63
Victor Mesa Jr.,TBR,OF,24,69,59,289,0.766566265060241,0.9578313253012049,0.8012048192771084,0.6178463855421686,0.7301204819277108,0.43093803786574864,0.7801204819277109,0.7515060240963856,0.7454819277108434,0.7304216867469879,0.35240963855421686,0.9457831325301205,0.32831325301204817,0.8328313253012049,0.5271084337349398,0.8795180722891566,0.5060240963855421,0.9427710843373494,0.28313253012048195,0.8709090909090909,0.9307228915662651,0.05421686746987952,0.15963855421686746,0.7289156626506024,0.0030120481927710845,0.5996932515337423,0.8742331288343558,5.99681,"'-2.79127","'-0.0404531884057971",.261,.414,9.3,14.5,29.86111111111111,93.3,107.1,94,103.6,51.2,23.2,21.1,31.1,52.249134948096895,74.48275862068967,71.2962962962963,16.26297577854671,23.9,.339,.435,.593,.439,5.797101449275362,4,10,7,1,20,2,16,151,47
Jacob Melton,TBR,OF,25,81,64,342,0.6596385542168675,0.5135542168674698,0.7981927710843374,0.5788780120481927,0.880722891566265,0.28808089500860584,0.37349397590361444,0.7801204819277109,0.9518072289156626,0.822289156626506,0.42168674698795183,0.9337349397590361,0.9096385542168675,0.8659638554216867,0.963855421686747,0.8283132530120482,0.024096385542168676,0.8207831325301205,0.025602409638554216,0.6527272727272727,0.6731927710843374,0.007530120481927711,0.04216867469879518,0.9879518072289156,0.9969879518072289,0.8957055214723927,0.8619631901840491,9.65278,3.26801,0.0403458024691358,.223,.423,17.1,16,28.57142857142857,93.1,112.7,94.5,108.8,48.6,40.7,17.4,39.6,47.95321637426901,66.66666666666666,63.793103448275865,19.00584795321637,23.5,.234,.350,.438,.424,7.4074074074074066,6,13,8,1,15,1,33,164,65
Alan Roden,MIN,OF,26,87,69,324,0.8945783132530121,0.822289156626506,0.7951807228915663,0.6394954819277108,0.7355421686746988,0.6400602409638554,0.7048192771084337,0.7996987951807228,0.6144578313253012,0.9503012048192772,0.7439759036144579,0.7349397590361446,0.661144578313253,0.8463855421686747,0.45933734939759036,0.8674698795180723,0.8403614457831325,0.24849397590361447,0.5406626506024096,0.17636363636363636,0.2680722891566265,0.4789156626506024,0.6581325301204819,0.22590361445783133,0.23493975903614459,0.4493865030674847,0.3343558282208589,2.69243,"'-0.294087","'-0.0033803103448275863",.252,.433,7.3,19.5,22.857142857142854,90.4,110,94.2,103.1,50.9,16.1,8.2,26.4,39.814814814814824,59.731543624161084,80.89887640449437,10.493827160493826,12.7,.275,.425,.464,.308,4.597701149425287,4,17,4,0,19,3,14,129,34
Zack Gelof,ATH,2B,26,54,41,227,0.8855421686746988,1,0.7921686746987951,0.7122552710843373,0.7006024096385542,0.7807659208261618,0.35993975903614456,0.7590361445783133,0.8313253012048193,0.9879518072289156,0.9548192771084337,0.5737951807228916,0.5481927710843374,0.625,0.4939759036144578,0.7906626506024096,0.927710843373494,0.661144578313253,0.677710843373494,0.14727272727272728,0.7078313253012049,0.4292168674698795,0.7801204819277109,0.5210843373493976,0.9066265060240963,0.26380368098159507,0.7515337423312883,5.04779,0.46296800000000005,0.00857348148148148,.222,.415,11.8,24.1,17.829457364341085,89.1,109.1,91.5,103.3,47.1,13,14.2,23.6,39.20704845814978,67.34693877551021,80.3030303030303,9.251101321585905,20.6,.366,.519,.732,.367,7.4074074074074066,4,13,3,0,15,4,7,89,21
Colby Thomas,ATH,OF,25,78,68,292,0.8192771084337349,0.9081325301204819,0.7891566265060241,0.5894201807228916,0.8385542168674698,0.4608433734939759,0.5963855421686747,0.9246987951807228,0.9292168674698795,0.42168674698795183,0.18072289156626506,0.8132530120481928,0.8765060240963856,0.8177710843373494,0.9231927710843374,0.6490963855421686,0.43373493975903615,0.31626506024096385,0.4126506024096386,0.8781818181818182,0.9006024096385542,0.6054216867469879,0.2710843373493976,0.28012048192771083,0.14156626506024098,0.5782208588957055,0.12423312883435583,3.20923,"'-0.461089","'-0.005911397435897436",.244,.490,16.3,10.3,32.88590604026846,91.1,112.4,93.7,107.7,42.9,24.4,9.2,28.6,52.73972602739726,73.42657342657344,82.85714285714286,15.068493150684931,8.2,.309,.397,.574,.364,10.256410256410255,8,8,3,0,21,5,19,154,44
Drew Gilbert,SFG,OF,25,54,45,205,0.9141566265060241,0.5993975903614458,0.786144578313253,0.716773343373494,0.5644578313253013,0.8332616179001721,0.9879518072289156,0.8298192771084337,0.3509036144578313,0.48343373493975905,0.8644578313253012,0.4789156626506024,0.46987951807228917,0.2605421686746988,0.6280120481927711,0.6927710843373494,0.9789156626506024,0.7078313253012049,0.9608433734939759,0.4490909090909091,0.6475903614457831,0.9548192771084337,0.9427710843373494,0.2033132530120482,0.3057228915662651,0.37423312883435583,0.9033742331288344,2.6428599999999998,"'-0.11745599999999999","'-0.0021751111111111107",.322,.442,4.9,11.1,20.40816326530612,88.5,108.5,88.5,104.1,43.9,9.3,15.3,14.3,44.39024390243903,66.35514018691589,91.54929577464789,6.3414634146341475,25.6,.289,.389,.400,.300,3.7037037037037033,2,6,2,0,13,1,5,91,13
Kristian Campbell,BOS,2B,23,148,121,654,0.552710843373494,0.48493975903614456,0.7831325301204819,0.4666792168674699,0.6397590361445783,0.4171686746987952,0.48042168674698793,0.41566265060240964,0.6234939759036144,0.713855421686747,0.5271084337349398,0.7575301204819277,0.6927710843373494,0.8283132530120482,0.6792168674698795,0.7093373493975904,0.19578313253012047,0.17319277108433734,0.3539156626506024,0.2509090909090909,0.21385542168674698,0.4186746987951807,0.49698795180722893,0.14156626506024098,0.25,0.13803680981595093,0.299079754601227,2.02314,"'-0.426079","'-0.002878912162162162",.232,.344,7.4,14.2,26.70454545454545,90.6,110.2,93.9,104.6,44.4,29.7,6.8,29.6,41.284403669724774,58.278145695364245,80.11363636363636,12.232415902140673,12.3,.273,.378,.372,.392,4.0540540540540535,6,21,6,0,33,2,44,270,80
Johnathan Rodríguez,BAL,OF,26,87,72,373,0.6099397590361446,0.7063253012048193,0.7801204819277109,0.6081513554216867,0.761144578313253,0.6820137693631668,0.4292168674698795,0.5,0.7545180722891566,0.8298192771084337,0.8855421686746988,0.8719879518072289,0.8117469879518072,0.8765060240963856,0.9563253012048193,0.8674698795180723,0.5828313253012049,0.02108433734939759,0.7831325301204819,0.06545454545454546,0.05421686746987952,0.75,0.8885542168674698,0.09036144578313253,0.25301204819277107,0.299079754601227,0.09815950920245399,1.4275799999999998,"'-0.241984","'-0.002781425287356322",.229,.360,9.4,16.1,19.587628865979386,91.8,111.4,94.7,108.4,50.9,21.8,"'-2.8",21.2,35.388739946380696,52.51396648044693,86.17021276595743,7.506702412868633,7.4,.319,.425,.403,.415,5.747126436781608,5,14,3,0,23,1,19,132,28
Jace Jung,DET,3B,25,147,119,626,0.6295180722891566,0.6114457831325302,0.7771084337349398,0.5815135542168675,0.5984939759036145,0.6594234079173837,0.2996987951807229,0.5195783132530121,0.6551204819277109,0.9036144578313253,0.7650602409638554,0.5858433734939759,0.7515060240963856,0.625,0.6792168674698795,0.48042168674698793,0.5828313253012049,0.6219879518072289,0.7319277108433735,0.3527272727272727,0.24096385542168675,0.6445783132530121,0.7469879518072289,0.14457831325301204,0.29819277108433734,0.6134969325153374,0.4938650306748466,2.0419,"'-0.32264499999999996","'-0.0021948639455782308",.217,.362,7.9,17.7,22.382671480144406,89.2,110.7,91.5,104.6,38.2,21.8,13.6,22.3,42.97124600638978,59.31232091690545,84.05797101449275,9.584664536741213,15.7,.252,.381,.420,.306,4.761904761904762,7,26,8,0,30,4,32,269,60
Wenceel Pérez,DET,OF,26,50,43,198,0.8719879518072289,0.536144578313253,0.7740963855421686,0.7265625,0.641566265060241,0.721815834767642,0.8689759036144579,0.8975903614457831,0.4186746987951807,0.6987951807228916,0.6867469879518072,0.7695783132530121,0.8283132530120482,0.6656626506024096,0.22740963855421686,0.2936746987951807,0.9036144578313253,0.9668674698795181,0.9126506024096386,0.13090909090909092,0.1566265060240964,0.7575301204819277,0.9367469879518072,0.6566265060240963,0.6024096385542169,0.015337423312883436,0.23773006134969324,5.63234,0.0305709,0.0006114180000000001,.274,.473,5.6,14,24.074074074074073,90.7,111.6,91.8,101.2,33.3,14,22.9,16.9,38.888888888888886,56.66666666666666,86.27450980392156,6.5656565656565675,10.8,.233,.340,.442,.235,4,2,7,3,0,10,2,7,77,13
Jonatan Clase,TOR,OF,23,60,51,251,0.4924698795180723,0.15813253012048192,0.7710843373493976,0.5189194277108433,0.49789156626506026,0.4810671256454389,0.5,0.39156626506024095,0.43373493975903615,0.6566265060240963,0.7153614457831325,0.4397590361445783,0.5753012048192772,0.5150602409638554,0.6069277108433735,0.6490963855421686,0.4006024096385542,0.48042168674698793,0.3644578313253012,0.6236363636363637,0.4789156626506024,0.411144578313253,0.34036144578313254,0.9728915662650602,0.927710843373494,0.8788343558282209,0.6319018404907976,9.09715,0.608572,0.010142866666666668,.234,.340,5.7,13.3,23.529411764705877,88.2,109.3,90.7,104,42.9,25,12,29.4,47.41035856573706,63.758389261744966,80,13.944223107569721,17.9,.196,.300,.314,.250,3.333333333333333,2,8,1,1,10,1,15,119,35
Jonathon Long,CHC,1B,24,171,152,758,0.4006024096385542,0.6340361445783133,0.7680722891566265,0.487292921686747,0.5912650602409639,0.4614888123924269,0.5737951807228916,0.48343373493975905,0.29668674698795183,0.4457831325301205,0.3373493975903614,0.7349397590361446,0.8012048192771084,0.7108433734939759,0.8373493975903614,0.6400602409638554,0.6265060240963856,0.24096385542168675,0.661144578313253,0.24,0.0391566265060241,0.4006024096385542,0.7198795180722891,0.39457831325301207,0.44879518072289154,0.06748466257668712,0.046012269938650305,4.05593,"'-0.195974","'-0.001146046783625731",.242,.356,4.3,10.5,30.028328611898022,90.4,111.3,92.2,106.4,42.6,21.1,8.1,24,41.160949868073885,50.8641975308642,79.61165048543691,9.894459102902372,6,.316,.388,.428,.404,2.9239766081871337,5,18,9,1,48,2,36,312,75
Creed Willems,BAL,C/1B,22,140,118,489,0.8057228915662651,0.7710843373493976,0.7650602409638554,0.5110128012048193,0.7237951807228915,0.326592082616179,0.5301204819277109,0.8765060240963856,0.8975903614457831,0.5105421686746988,0.20180722891566266,0.516566265060241,0.7439759036144579,0.5150602409638554,0.7756024096385542,0.5843373493975904,0.4006024096385542,0.8478915662650602,0.15210843373493976,0.7636363636363637,0.8192771084337349,0.09939759036144578,0.10240963855421686,0.08734939759036145,0.2921686746987952,0.3220858895705521,0.8619631901840491,1.34713,"'-0.315312","'-0.0022522285714285713",.236,.462,14.5,11.4,32.57575757575758,88.7,110.6,90.7,105.4,41,25,18.2,34.4,49.89775051124745,70.22222222222221,73.41772151898734,17.177914110429448,23.5,.280,.379,.500,.325,8.571428571428571,12,16,2,0,33,8,35,244,84
BJ Murray,CHC,1B/3B,26,147,127,616,0.7605421686746988,0.8780120481927711,0.7620481927710844,0.6944653614457832,0.674698795180723,0.6751290877796902,0.8358433734939759,0.7725903614457831,0.5873493975903614,0.5677710843373494,0.8403614457831325,0.7846385542168675,0.6445783132530121,0.6656626506024096,0.5466867469879518,0.5843373493975904,0.7274096385542169,0.7710843373493976,0.7620481927710844,0.2781818181818182,0.3313253012048193,0.7108433734939759,0.786144578313253,0.6445783132530121,0.6475903614457831,0.8711656441717791,0.8466257668711656,5.56157,0.19592,0.0013327891156462589,.267,.421,7,12.2,20.94594594594595,90.8,109.9,91.8,103.7,41,19,16.3,21.8,41.72077922077922,60.9375,85.12820512820512,9.090909090909092,23,.323,.408,.543,.372,4.761904761904762,7,18,8,1,41,6,28,257,56
Kristian Robinson,ARI,OF,25,158,130,677,0.6295180722891566,0.8313253012048193,0.7590361445783133,0.5162838855421686,0.619277108433735,0.4081325301204819,0.5828313253012049,0.4503012048192771,0.3102409638554217,0.7771084337349398,0.7831325301204819,0.7695783132530121,0.8403614457831325,0.8554216867469879,0.8283132530120482,0.7259036144578314,0.3825301204819277,0.28463855421686746,0.09186746987951808,0.3545454545454545,0.5060240963855421,0.09036144578313253,0.22590361445783133,0.8102409638554217,0.4608433734939759,0.4723926380368098,0.39570552147239263,6.6245199999999995,"'-0.167856","'-0.0010623797468354431",.243,.349,4.4,15.2,22.058823529411764,90.7,111.8,94.3,106.3,45.1,25.3,8.8,36.4,42.98375184638109,64.09495548961425,73.14814814814815,15.657311669128509,14,.300,.418,.492,.402,2.5316455696202533,4,24,7,3,39,4,40,291,106
Eddys Leonard,MIL,SS,25,140,121,513,0.8132530120481928,0.9608433734939759,0.7560240963855421,0.6197289156626506,0.6358433734939759,0.5628227194492256,0.9096385542168675,0.8087349397590361,0.49096385542168675,0.3192771084337349,0.4427710843373494,0.4789156626506024,0.7936746987951807,0.5602409638554217,0.5873493975903614,0.6069277108433735,0.8298192771084337,0.5316265060240963,0.5783132530120482,0.5254545454545455,0.4894578313253012,0.7319277108433735,0.5481927710843374,0.5421686746987951,0.18072289156626506,0.7684049079754601,0.8711656441717791,5.14839,"'-0.730286","'-0.005216328571428571",.283,.434,6.1,9.3,28.35249042145594,88.5,111.2,91,103.9,41.4,16.4,12.8,25.5,45.808966861598435,63.88888888888889,85.71428571428571,11.695906432748535,23.8,.347,.429,.603,.387,4.285714285714286,6,13,11,1,42,6,23,235,60
Gage Workman,DET,3B,26,149,134,542,0.9819277108433735,0.9352409638554217,0.7530120481927711,0.6422251506024097,0.9686746987951809,0.2930292598967298,0.9939759036144579,0.9819277108433735,0.9457831325301205,0.22439759036144577,0.1144578313253012,0.9653614457831325,0.9774096385542169,0.9789156626506024,0.9728915662650602,0.9728915662650602,0.47740963855421686,0.4924698795180723,0.2680722891566265,0.8309090909090909,0.5,0.2891566265060241,0.17771084337349397,0.9126506024096386,0.8825301204819277,0.5674846625766872,0.8404907975460123,7.649539999999999,1.15848,0.0077750335570469795,.332,.572,16.8,8.1,35.537190082644635,93.9,115,97.1,109.1,57.4,23.5,12.4,31.3,51.29151291512915,64,77.60416666666666,16.051660516605164,22.8,.358,.409,.590,.454,11.409395973154364,17,12,15,2,48,4,35,278,87
Jim Jarvis,ATL,SS,25,161,137,646,0.7198795180722891,0.786144578313253,0.75,0.6085278614457831,0.4596385542168675,0.7226764199655766,0.8253012048192772,0.5858433734939759,0.4066265060240964,0.6792168674698795,0.5692771084337349,0.40813253012048195,0.5481927710843374,0.4382530120481928,0.5466867469879518,0.3493975903614458,0.7816265060240963,0.12349397590361445,0.8990963855421686,0.28545454545454546,0.37650602409638556,0.8463855421686747,0.9066265060240963,0.7108433734939759,0.9698795180722891,0.852760736196319,0.6533742331288344,5.93584,2.03382,0.012632422360248445,.266,.376,5.5,13.7,25.56179775280899,88,109.1,90.1,103.7,34.9,17.4,5.2,17.4,41.79566563467493,61.72413793103448,87.70949720670393,7.275541795665633,18.3,.314,.416,.445,.371,3.7267080745341614,6,22,6,0,43,4,28,270,47
Josh Kasevich,TOR,SS,25,158,142,603,0.4141566265060241,0.4683734939759036,0.7469879518072289,0.5944088855421688,0.4346385542168675,0.737736660929432,0.8253012048192772,0.3463855421686747,0.05120481927710843,0.3328313253012048,0.8765060240963856,0.6024096385542169,0.661144578313253,0.6521084337349398,0.3795180722891566,0.5120481927710844,0.891566265060241,0.24096385542168675,0.9518072289156626,0.2309090909090909,0.25903614457831325,0.9006024096385542,0.9518072289156626,0.6927710843373494,0.2680722891566265,0.5613496932515337,0.27607361963190186,5.78749,"'-0.41141300000000003","'-0.002603879746835443",.266,.334,0,9.5,20.070422535211264,89.3,110,91.7,102.4,38.8,14.6,8.1,15,40.96185737976783,59.561128526645774,89.47368421052632,6.1359867330016575,11.7,.289,.361,.394,.339,0,0,15,8,2,41,1,23,247,37
Dom Keegan,TBR,C,25,133,105,557,0.5647590361445783,0.5662650602409639,0.7439759036144579,0.48748117469879515,0.697289156626506,0.3347676419965576,0.11897590361445783,0.3328313253012048,0.8253012048192772,0.9156626506024096,0.7590361445783133,0.8132530120481928,0.6927710843373494,0.7590361445783133,0.7906626506024096,0.822289156626506,0.09337349397590361,0.47289156626506024,0.06927710843373494,0.04727272727272727,0.012048192771084338,0.07228915662650602,0.42168674698795183,0.8132530120481928,0.7560240963855421,0.5567484662576687,0.46319018404907975,6.6264899999999995,0.47002200000000005,0.0035340000000000002,.191,.330,11.7,18,22.419928825622772,91.1,110.2,92.7,105.6,48.3,33.8,11.9,36.8,34.64991023339318,47.10144927536232,72.30769230769229,12.74685816876122,15,.219,.383,.381,.327,5.263157894736842,7,24,0,1,23,5,45,193,71
Maick Collado,CLE,1B/3B,23,36,34,139,0.4924698795180723,0.8870481927710844,0.7409638554216867,0.6097515060240963,0.5707831325301205,0.6097246127366608,0.947289156626506,0.7620481927710844,0.5135542168674698,0.02710843373493976,0.08283132530120482,0.6024096385542169,0.19126506024096385,0.7771084337349398,0.338855421686747,0.7846385542168675,0.9924698795180723,0.5557228915662651,0.9156626506024096,0.860909090909091,0.46987951807228917,0.9578313253012049,0.822289156626506,0.6385542168674698,0.7921686746987951,0.10889570552147239,0.7806748466257669,5.541980000000001,0.14867,0.004129722222222222,.293,.418,6.2,2.8,37.096774193548384,89.3,105.5,93,102.1,46.9,8.3,13,16.7,51.79856115107914,63.63636363636363,91.83673469387756,8.633093525179858,21.2,.382,.389,.588,.406,5.5555555555555545,2,1,7,0,13,0,3,72,12
Jacob Berry,MIA,3B/OF,25,134,110,569,0.7198795180722891,0.7786144578313253,0.7379518072289156,0.6108810240963856,0.411144578313253,0.7396729776247847,0.7289156626506024,0.5542168674698795,0.5135542168674698,0.75,0.5993975903614458,0.37801204819277107,0.28313253012048195,0.20933734939759036,0.29819277108433734,0.32680722891566266,0.9457831325301205,0.49849397590361444,0.9036144578313253,0.1690909090909091,0.10843373493975904,0.9457831325301205,0.9246987951807228,0.5933734939759037,0.6445783132530121,0.3389570552147239,0.553680981595092,5.32396,0.17361400000000002,0.0012956268656716418,.255,.370,6.2,14.9,25.084745762711858,87.8,106.6,88.1,101.8,34.4,11.9,12.5,17.3,39.71880492091388,55.47445255474452,91.44736842105264,6.854130052724078,16.7,.309,.418,.445,.340,4.477611940298506,6,20,9,0,34,2,16,226,39
Felix Reyes,PHI,1B/OF,25,84,81,298,0.8192771084337349,0.9216867469879518,0.7349397590361446,0.6196347891566265,0.8548192771084338,0.40942340791738374,0.9186746987951807,0.9698795180722891,0.9789156626506024,0.01957831325301205,0.0030120481927710845,0.7078313253012049,0.9774096385542169,0.5391566265060241,0.8855421686746988,0.6400602409638554,0.6596385542168675,0.9036144578313253,0.46686746987951805,0.9927272727272728,0.9879518072289156,0.6566265060240963,0.07228915662650602,0.13253012048192772,0.11746987951807229,0.2147239263803681,0.6625766871165644,1.92757,"'-0.584095","'-0.006953511904761905",.285,.554,19.7,2.4,51.851851851851855,90.2,115,90.8,107.2,42.6,20.2,19.9,27.7,64.09395973154362,78.67647058823529,84.11214953271029,17.78523489932886,18.5,.333,.345,.654,.356,14.285714285714285,12,2,8,0,27,6,17,191,53
Jase Bowen,SDP,OF,25,151,136,577,0.8855421686746988,0.7515060240963856,0.7319277108433735,0.5802899096385542,0.8481927710843374,0.23192771084337346,0.891566265060241,0.9668674698795181,0.891566265060241,0.21385542168674698,0.1566265060240964,0.7515060240963856,0.8930722891566265,0.7921686746987951,0.8373493975903614,0.7379518072289156,0.2710843373493976,0.7515060240963856,0.21686746987951808,0.7327272727272728,0.3885542168674699,0.20481927710843373,0.1716867469879518,0.891566265060241,0.1355421686746988,0.36809815950920244,0.5966257668711656,7.46667,"'-0.9157290000000001","'-0.006064430463576159",.279,.547,14.4,7.9,33.59375,90.5,112.6,93.2,106.4,45.4,27.8,16,32.6,49.393414211438476,61.99376947040498,76.38190954773869,16.11785095320624,17.3,.265,.318,.588,.299,9.271523178807945,14,12,6,4,36,10,42,285,93
Ben Ross,MIN,SS,24,64,51,261,0.8057228915662651,0.8689759036144579,0.7289156626506024,0.5876317771084338,0.6042168674698795,0.5546471600688467,0.3930722891566265,0.7033132530120482,0.8072289156626506,0.8810240963855421,0.6129518072289156,0.7183734939759037,0.22439759036144577,0.5391566265060241,0.5466867469879518,0.5677710843373494,0.5753012048192772,0.911144578313253,0.3795180722891566,0.29818181818181816,0.45180722891566266,0.49096385542168675,0.49096385542168675,0.3885542168674699,0.06927710843373494,0.9279141104294478,0.9340490797546013,3.99687,"'-0.687528","'-0.010742625",.225,.404,10.8,17.2,25,90.3,105.9,90.8,103.7,40.5,21.9,20.1,29.1,42.1455938697318,63.24786324786324,81.08108108108108,12.260536398467432,27,.275,.422,.510,.343,6.25,4,11,6,0,14,2,14,110,32
Tommy Troy,ARI,2B/SS,24,173,147,744,0.5813253012048193,0.7228915662650602,0.7259036144578314,0.538121234939759,0.4662650602409638,0.5733648881239243,0.5828313253012049,0.5391566265060241,0.5512048192771084,0.6897590361445783,0.7394578313253012,0.3509036144578313,0.4442771084337349,0.5150602409638554,0.5271084337349398,0.4457831325301205,0.44126506024096385,0.17319277108433734,0.5406626506024096,0.3781818181818182,0.5030120481927711,0.5331325301204819,0.5662650602409639,0.927710843373494,0.6686746987951807,0.3880368098159509,0.15030674846625766,7.84704,0.297473,0.0017194971098265894,.243,.367,6.6,13.9,23.07692307692308,87.5,108.3,90.7,103.6,37.7,24.3,6.8,26.4,43.27956989247311,64.03269754768392,81.70212765957446,11.424731182795696,9,.306,.405,.442,.413,4.0462427745664735,7,24,8,3,45,2,42,322,85
Milan Tolentino,CLE,SS,24,148,129,566,0.4141566265060241,0.5768072289156626,0.7228915662650602,0.47402108433734935,0.7490963855421686,0.23945783132530116,0.1686746987951807,0.6430722891566265,0.8719879518072289,0.6174698795180723,0.21987951807228914,0.7846385542168675,0.6927710843373494,0.7771084337349398,0.5466867469879518,0.7530120481927711,0.15813253012048192,0.838855421686747,0.12048192771084337,0.5854545454545454,0.31626506024096385,0.10542168674698796,0.13855421686746988,0.7409638554216867,0.536144578313253,0.7162576687116564,0.7806748466257669,6.05659,"'-0.00485382","'-0.00003279608108108108",.202,.388,13.3,12.8,32.2463768115942,90.8,110.2,93,103.7,45.8,31.1,17.7,35.5,46.819787985865716,60.68965517241379,73.86363636363636,16.607773851590107,21.2,.240,.338,.465,.325,7.4324324324324325,11,19,9,1,31,6,46,265,94
Brennen Davis,SEA,OF,26,146,118,554,0.9081325301204819,0.9006024096385542,0.7198795180722891,0.6655685240963856,0.9262048192771084,0.48709122203098104,0.6490963855421686,0.9382530120481928,0.9292168674698795,0.6295180722891566,0.37650602409638556,0.9427710843373494,0.8930722891566265,0.9201807228915663,0.8765060240963856,0.927710843373494,0.4563253012048193,0.9367469879518072,0.3328313253012048,0.8254545454545454,0.9759036144578314,0.3885542168674699,0.25,0.1144578313253012,0.35843373493975905,0.9969325153374233,0.99079754601227,1.7400799999999998,"'-0.26753899999999997","'-0.0018324589041095888",.248,.509,16.3,13,29.56810631229236,93.2,112.6,95.5,107.1,53.5,24,21,30,51.08303249097472,76.6798418972332,79.38144329896906,15.342960288808662,36,.288,.404,.576,.333,9.58904109589041,14,19,10,0,34,8,35,283,85
Zach Ehrhard,LAD,OF,23,165,142,675,0.32831325301204817,0.22590361445783133,0.7168674698795181,0.5100715361445782,0.42891566265060244,0.5154905335628227,0.40210843373493976,0.4186746987951807,0.4186746987951807,0.3644578313253012,0.5813253012048193,0.3192771084337349,0.7756024096385542,0.19578313253012047,0.24548192771084337,0.21234939759036145,0.47289156626506024,0.9186746987951807,0.7108433734939759,0.3109090909090909,0.2740963855421687,0.4608433734939759,0.7439759036144579,0.7590361445783133,0.5030120481927711,0.5475460122699386,0.5966257668711656,6.14458,"'-0.0830266","'-0.0005031915151515151",.226,.345,5.6,9.7,25.433526011560694,87.3,111,88,101.4,30.6,23.6,20.4,22.8,42.22222222222222,59.878419452887535,80.71065989847716,9.629629629629632,17.3,.225,.303,.352,.276,3.6363636363636362,6,16,7,1,32,3,39,285,65
Andrew Pinckney,WSN,OF,25,125,110,529,0.32831325301204817,0.39006024096385544,0.713855421686747,0.46705572289156627,0.7503012048192771,0.30055938037865754,0.32981927710843373,0.4894578313253012,0.5135542168674698,0.4954819277108434,0.5030120481927711,0.9021084337349398,0.9939759036144579,0.8765060240963856,0.9698795180722891,0.8524096385542169,0.061746987951807226,0.11596385542168675,0.043674698795180725,0.43454545454545457,0.5210843373493976,0.35843373493975905,0.12048192771084337,0.8433734939759037,0.7831325301204819,0.029141104294478526,0.10429447852760736,6.986219999999999,0.49124700000000004,0.003929976,.220,.358,6.2,11.2,27.27272727272727,92.3,117.1,94.7,109,50,36.8,4.8,38,44.234404536862,64.19753086419753,78.84615384615384,16.824196597353495,7.6,.245,.328,.409,.377,3.2,4,14,4,1,27,4,46,234,89
Juan Brito,CLE,2B,24,103,89,424,0.6189759036144579,0.7891566265060241,0.7108433734939759,0.6060805722891567,0.45060240963855414,0.6546901893287436,0.7891566265060241,0.6566265060240963,0.4066265060240964,0.5436746987951807,0.5933734939759037,0.5587349397590361,0.3870481927710843,0.6746987951807228,0.1822289156626506,0.24397590361445784,0.8207831325301205,0.9503012048192772,0.7710843373493976,0.52,0.5587349397590361,0.5813253012048193,0.713855421686747,0.5030120481927711,0.5602409638554217,0.9662576687116564,0.9846625766871165,4.92066,0.016678799999999997,0.00016193009708737863,.262,.390,5.5,11.7,25.12315270935961,89,107.7,91.9,100.7,31.5,16.5,21.3,21.6,45.75471698113208,64.70588235294117,82.51748251748252,9.90566037735849,35.1,.281,.369,.528,.304,3.8834951456310685,4,12,8,1,25,4,17,194,42
James Triantos,CHC,2B/3B,23,142,132,520,0.5993975903614458,0.45481927710843373,0.7078313253012049,0.5798192771084338,0.413855421686747,0.6766351118760757,0.9593373493975904,0.7409638554216867,0.3102409638554217,0.10090361445783133,0.46987951807228917,0.20180722891566266,0.2575301204819277,0.5858433734939759,0.28463855421686746,0.5587349397590361,0.9006024096385542,0.1566265060240964,0.9337349397590361,0.7254545454545455,0.5436746987951807,0.9141566265060241,0.8734939759036144,0.7560240963855421,0.7108433734939759,0.5260736196319018,0.39570552147239263,6.11837,0.387813,0.0027310774647887324,.297,.413,4.4,5.6,27.777777777777782,86.3,106.4,91.2,101.7,40.4,14.1,6.2,15.6,49.230769230769226,64.47368421052633,89.79591836734693,7.6923076923076925,14,.295,.331,.439,.318,3.5211267605633805,5,8,7,0,39,4,20,256,40
Eduardo Valencia,DET,C/1B,26,154,135,583,0.5813253012048193,0.35843373493975905,0.7048192771084337,0.5353915662650603,0.8150602409638553,0.3762908777969019,0.3463855421686747,0.766566265060241,0.8599397590361446,0.43373493975903615,0.18674698795180722,0.6641566265060241,0.9096385542168675,0.8990963855421686,0.8373493975903614,0.875,0.5647590361445783,0.49849397590361444,0.5075301204819277,0.5454545454545454,0.12951807228915663,0.34789156626506024,0.463855421686747,0.4307228915662651,0.21686746987951808,0.4723926380368098,0.6717791411042945,4.31609,"'-0.567416","'-0.0036845194805194812",.221,.419,13,10.4,32.79352226720648,89.8,112.7,95,106.4,51,22.1,12.5,26.8,46.14065180102916,55.95238095238096,78.72340425531915,12.349914236706688,18.8,.230,.325,.385,.271,8.441558441558442,13,16,4,1,31,5,34,269,72
Tanner Murray,CHW,OF,26,29,22,114,0.9759036144578314,0.9879518072289156,0.7018072289156626,0.5996799698795181,0.7903614457831326,0.37672117039586916,0.947289156626506,0.8614457831325302,0.5135542168674698,0.9608433734939759,0.4126506024096386,0.9759036144578314,0.6099397590361446,0.9819277108433735,0.7259036144578314,0.9909638554216867,0.641566265060241,0.3960843373493976,0.06325301204819277,0.62,0.4246987951807229,0.043674698795180725,0.09036144578313253,0.6867469879518072,0.9457831325301205,0.8236196319018405,0.05828220858895705,5.74492,0.319339,0.011011689655172413,.293,.456,6.2,20.7,28.846153846153847,94.1,109.6,97.4,104.9,62.5,20.7,10.9,37,47.368421052631575,62.903225806451616,69.23076923076923,17.543859649122805,6.3,.318,.483,.636,.357,3.4482758620689653,1,6,1,0,7,2,6,54,20
Ronny Simon,PIT,2B/OF,26,148,129,567,0.6596385542168675,0.7439759036144579,0.6987951807228916,0.5789721385542169,0.6021084337349397,0.5821858864027538,0.891566265060241,0.5918674698795181,0.22740963855421686,0.5210843373493976,0.6807228915662651,0.8418674698795181,0.588855421686747,0.7771084337349398,0.7259036144578314,0.7605421686746988,0.7033132530120482,0.14457831325301204,0.5286144578313253,0.2472727272727273,0.41566265060240964,0.6114457831325302,0.6144578313253012,0.4819277108433735,0.3132530120481928,0.19325153374233128,0.2254601226993865,4.72703,"'-0.314847","'-0.002127344594594595",.279,.377,3,11.5,24.12698412698413,91.5,109.4,93,104.9,46,19.6,5.8,26.5,41.26984126984127,62.6984126984127,82.91139240506328,10.9347442680776,10.7,.326,.405,.450,.404,2.0270270270270268,3,17,8,1,42,2,29,234,62
Nick Schnell,SDP,OF,26,106,89,415,0.7409638554216867,0.6024096385542169,0.6957831325301205,0.5363328313253013,0.8213855421686749,0.2857142857142857,0.37349397590361444,0.8343373493975904,0.8870481927710844,0.713855421686747,0.5060240963855421,0.8719879518072289,0.661144578313253,0.697289156626506,0.5271084337349398,0.8524096385542169,0.12048192771084337,0.4864457831325301,0.05421686746987952,0.6163636363636363,0.48493975903614456,0.05120481927710843,0.06927710843373494,0.8734939759036144,0.2740963855421687,0.3558282208588957,0.13803680981595093,7.27107,"'-0.267615","'-0.002524669811320755",.223,.446,14.3,14.2,27.127659574468087,91.8,110,92.1,103.6,50,32.1,12.1,37.8,47.22891566265061,63.87665198237885,71.0344827586207,17.83132530120482,8.6,.213,.330,.494,.260,7.547169811320754,8,15,3,2,19,6,34,196,74
Andrew Pintar,MIA,OF,25,146,122,579,0.5195783132530121,0.3433734939759036,0.6927710843373494,0.5436746987951808,0.430722891566265,0.6092943201376936,0.4186746987951807,0.3825301204819277,0.25,0.766566265060241,0.7756024096385542,0.516566265060241,0.46987951807228917,0.5737951807228916,0.28463855421686746,0.5346385542168675,0.5406626506024096,0.5436746987951807,0.5903614457831325,0.2963636363636364,0.3132530120481928,0.6490963855421686,0.6295180722891566,0.7981927710843374,0.7590361445783133,0.7883435582822086,0.7699386503067485,6.551880000000001,0.536483,0.003674541095890411,.228,.339,3.3,15.1,22.222222222222218,88.7,108.5,91.1,101.7,39.6,22.6,12.9,25.4,42.14162348877375,60.66666666666667,84.06593406593407,10.70811744386874,20.9,.238,.349,.344,.303,2.054794520547945,3,22,5,1,29,2,33,244,62
Liover Peguero,PHI,2B/SS,25,137,119,594,0.286144578313253,0.42771084337349397,0.6897590361445783,0.5005647590361446,0.5180722891566265,0.5111876075731497,0.4186746987951807,0.1566265060240964,0.1822289156626506,0.5828313253012049,0.8012048192771084,0.6445783132530121,0.8403614457831325,0.8253012048192772,0.9442771084337349,0.766566265060241,0.37198795180722893,0.6746987951807228,0.48493975903614456,0.07454545454545454,0.08433734939759036,0.5481927710843374,0.7048192771084337,0.4608433734939759,0.786144578313253,0.2852760736196319,0.3450920245398773,4.59031,0.54335,0.003966058394160584,.228,.293,2.5,12.4,21.646341463414632,89.6,111.8,93.8,108.2,46.2,25.5,14.5,27.3,36.36363636363637,54.51127819548872,82.06896551724137,9.93265993265993,12.9,.261,.358,.378,.369,1.4598540145985401,2,17,14,0,31,0,35,216,59
Robert Moore,PHI,2B/SS,24,76,62,303,0.46987951807228917,0.6596385542168675,0.6867469879518072,0.5592055722891566,0.4436746987951807,0.6691049913941479,0.12650602409638553,0.4623493975903614,0.6400602409638554,0.6400602409638554,0.14759036144578314,0.36596385542168675,0.2575301204819277,0.2605421686746988,0.4939759036144578,0.4924698795180723,0.9503012048192772,0.9608433734939759,0.6716867469879518,0.8418181818181818,0.9427710843373494,0.8313253012048193,0.5,0.4879518072289157,0.20481927710843373,0.9141104294478528,0.8220858895705522,4.7804400000000005,"'-0.309527","'-0.004072723684210525",.192,.351,7.7,13.2,33.90804597701149,87.7,106.4,88.5,103.3,38.5,11.8,21.8,23.7,51.485148514851495,75.1937984496124,87.62886597938144,12.211221122112212,22.2,.242,.368,.468,.220,5.263157894736842,4,10,2,0,15,4,9,156,37
Tatem Levins,TBR,C,26,56,52,221,0.7786144578313253,0.48493975903614456,0.6837349397590361,0.6724397590361446,0.8737951807228915,0.4782702237521515,0.6490963855421686,0.9457831325301205,0.9397590361445783,0.16415662650602408,0.6325301204819277,0.8569277108433735,0.8313253012048193,0.6400602409638554,0.8569277108433735,0.7951807228915663,0.23795180722891565,0.8313253012048193,0.6355421686746988,0.13272727272727272,0.0572289156626506,0.8644578313253012,0.7560240963855421,0.7831325301204819,0.8493975903614458,0.9279141104294478,0.9340490797546013,6.38425,0.32667199999999996,0.005833428571428572,.248,.519,16.7,7.1,24.770642201834864,91.7,111.7,91.6,106.7,47.2,28.6,17.6,24.4,38.91402714932128,52.67857142857143,88.13559322033899,9.502262443438914,27,.231,.286,.500,.250,10.714285714285714,6,4,2,0,12,4,16,86,21
Jarred Kelenic,CHW,OF,26,102,84,403,0.7409638554216867,0.552710843373494,0.6807228915662651,0.6019390060240963,0.7707831325301205,0.4410499139414802,0.37349397590361444,0.7725903614457831,0.7454819277108434,0.8478915662650602,0.536144578313253,0.8343373493975904,0.7304216867469879,0.7771084337349398,0.7469879518072289,0.7710843373493976,0.2213855421686747,0.8765060240963856,0.4442771084337349,0.3909090909090909,0.10240963855421686,0.4292168674698795,0.5060240963855421,0.6987951807228916,0.9548192771084337,0.8113496932515337,0.803680981595092,5.81146,1.22401,0.012000098039215687,.223,.421,9.3,16.7,26.380368098159515,91.4,110.5,93,105.1,46.3,29.4,19,28,43.424317617866,55.00000000000001,80.3030303030303,12.158808933002481,21.8,.202,.333,.464,.224,4.901960784313727,5,17,4,0,17,6,30,175,49
MJ Melendez,NYM,OF,27,56,51,241,0.7198795180722891,0.3207831325301205,0.677710843373494,0.7083019578313252,0.9093373493975904,0.5428141135972461,0.7123493975903614,0.8930722891566265,0.7981927710843374,0.2936746987951807,0.7198795180722891,0.9939759036144579,0.9096385542168675,0.9864457831325302,0.8960843373493976,0.9518072289156626,0.5060240963855421,0.8102409638554217,0.5225903614457831,0.4909090909090909,0.7469879518072289,0.4954819277108434,0.5150602409638554,0.7439759036144579,0.03313253012048193,0.6211656441717791,0.950920245398773,6.06329,"'-0.821533","'-0.014670232142857145",.253,.471,10.5,8.9,23.387096774193548,94.6,112.7,97.5,107.3,55.3,23.2,17.1,26.6,45.22821576763486,68.37606837606836,81.25,12.033195020746886,28.9,.216,.286,.431,.250,7.142857142857142,4,5,3,1,11,2,13,109,29
Nelson Rada,LAA,OF,20,143,117,595,0.17018072289156627,0.24096385542168675,0.6746987951807228,0.4418298192771084,0.152710843373494,0.7043889845094665,0.10391566265060241,0.061746987951807226,0.05120481927710843,0.6987951807228916,0.8463855421686747,0.024096385542168676,0.6099397590361446,0.024096385542168676,0.030120481927710843,0.016566265060240965,0.7033132530120482,0.13704819277108435,0.6460843373493976,0.4309090909090909,0.8072289156626506,0.6024096385542169,0.6265060240963856,0.963855421686747,0.8975903614457831,0.07975460122699386,0.11196319018404909,8.716380000000001,1.1757799999999998,0.008222237762237763,.187,.226,0,14,20.833333333333336,81.6,109.6,82,96.8,12.1,19.6,5.5,24.3,44.20168067226891,69.96466431095406,82.82828282828281,10.756302521008402,7.8,.205,.336,.291,.256,0,0,20,3,2,24,1,28,263,64
Enrique Bradfield Jr.,BAL,OF,24,52,45,214,0.45180722891566266,0.39006024096385544,0.6716867469879518,0.5563817771084337,0.5150602409638554,0.6116609294320138,0.4427710843373494,0.4503012048192771,0.5406626506024096,0.34789156626506024,0.6129518072289156,0.516566265060241,0.17921686746987953,0.1460843373493976,0.14457831325301204,0.8885542168674698,0.3207831325301205,0.37349397590361444,0.7831325301204819,0.5509090909090909,0.6506024096385542,0.8373493975903614,0.7289156626506024,0.7771084337349398,0.8433734939759037,0.20705521472392638,0.12883435582822086,6.245080000000001,0.29734,0.005718076923076923,.230,.349,6.5,9.6,25,88.7,105.3,87.3,100.2,51.6,26.9,10.6,21.2,46.261682242990645,66.36363636363637,87.67123287671231,9.813084112149532,8.3,.222,.327,.400,.276,3.8461538461538463,2,5,2,0,10,2,14,99,21
Christian Cairo,PHI,2B/3B/SS,24,170,132,711,0.7530120481927711,0.6385542168674698,0.6686746987951807,0.5164721385542169,0.22620481927710845,0.7297762478485369,0.5572289156626506,0.23343373493975902,0.15963855421686746,0.9382530120481928,0.8885542168674698,0.08734939759036145,0.37650602409638556,0.125,0.20180722891566266,0.2740963855421687,0.7575301204819277,0.13253012048192772,0.6867469879518072,0.14181818181818182,0.286144578313253,0.7680722891566265,0.7831325301204819,0.5813253012048193,0.43373493975903615,0.03374233128834356,0.0352760736196319,5.28941,"'-0.209708","'-0.0012335764705882356",.239,.311,2.2,18.8,19.51219512195122,84.8,107.5,86.8,101,32.6,18.2,5.4,23.4,39.09985935302391,60.23391812865496,86.40776699029125,9.142053445850914,5.6,.273,.429,.348,.340,1.1764705882352942,2,32,4,0,36,2,31,278,65
Junior Perez,ATH,OF,24,153,137,590,0.18072289156626506,0.20933734939759036,0.6656626506024096,0.4374058734939759,0.633433734939759,0.3029259896729776,0.2003012048192771,0.2605421686746988,0.4186746987951807,0.2560240963855422,0.5451807228915663,0.6837349397590361,0.9096385542168675,0.7243975903614458,0.9231927710843374,0.8945783132530121,0.09939759036144578,0.3960843373493976,0.1897590361445783,0.5218181818181818,0.5512048192771084,0.23795180722891565,0.24096385542168675,0.9337349397590361,0.5993975903614458,0.5858895705521472,0.254601226993865,7.882639999999999,0.0932332,0.0006093673202614379,.206,.317,5.6,8.5,26.04166666666667,90,112.7,92.3,107.7,51.7,33.3,10.9,33.7,45.76271186440679,64.56953642384107,76.92307692307693,15.423728813559325,11.1,.212,.275,.387,.286,3.2679738562091507,5,13,5,2,29,5,51,270,91
Nathan Hickey,BOS,C/1B,26,47,40,201,0.47740963855421686,0.16566265060240964,0.6626506024096386,0.6076807228915663,0.6807228915662651,0.6600688468158349,0.5481927710843374,0.6174698795180723,0.8509036144578314,0.6174698795180723,0.5512048192771084,0.6024096385542169,0.6009036144578314,0.3825301204819277,0.7575301204819277,0.7319277108433735,0.6189759036144579,0.5075301204819277,0.875,0.17454545454545456,0.18674698795180722,0.8765060240963856,0.8945783132530121,0.16566265060240964,0.39759036144578314,0.9233128834355828,0.911042944785276,2.3587700000000003,"'-0.07332849999999999","'-0.00156018085106383",.238,.383,12.9,12.8,25.892857142857146,89.3,109.5,89.6,105.2,45.2,21.3,12.6,18.8,39.800995024875625,57.30337078651685,88.23529411764706,7.4626865671641776,25.8,.175,.277,.350,.172,8.51063829787234,4,6,1,0,7,2,10,80,15
Jonathan Ornelas,NYY,3B/SS,25,88,79,346,0.3569277108433735,0.8132530120481928,0.6596385542168675,0.4995293674698796,0.664156626506024,0.40296901893287435,0.608433734939759,0.42620481927710846,0.5692771084337349,0.40813253012048195,0.463855421686747,0.8569277108433735,0.661144578313253,0.7243975903614458,0.6069277108433735,0.8072289156626506,0.5331325301204819,0.11144578313253012,0.2680722891566265,0.3309090909090909,0.2891566265060241,0.46987951807228917,0.3885542168674699,0.7740963855421686,0.5331325301204819,0.7760736196319018,0.7177914110429447,6.2263,"'-0.012652600000000002","'-0.00014377954545454546",.245,.346,6.8,10.2,27.89473684210526,91.7,110,92.3,104,47.5,22.7,4.7,31.3,42.485549132947966,60.256410256410255,80.85106382978722,13.294797687861273,19.7,.329,.398,.506,.411,4.545454545454546,4,9,3,1,26,3,20,147,46
Anderdson Rojas,ARI,OF,22,121,106,492,0.21686746987951808,0.3102409638554217,0.6566265060240963,0.42959337349397597,0.2412650602409639,0.65684165232358,0.5,0.13855421686746988,0.05120481927710843,0.4563253012048193,0.5,0.1897590361445783,0.5753012048192772,0.0783132530120482,0.15210843373493976,0.25150602409638556,0.8614457831325302,0.06626506024096386,0.9246987951807228,0.24545454545454545,0.08132530120481928,0.8433734939759037,0.9307228915662651,0.286144578313253,0.16566265060240964,0.12576687116564417,0.3174846625766871,3.26842,"'-0.676501","'-0.005590917355371901",.234,.283,0,10.7,27.310924369747895,86.2,109.3,85.7,100.3,31.8,15.7,3.1,16.3,41.260162601626014,54.33070866141733,87.68115942028986,6.707317073170732,12.5,.264,.347,.330,.318,0,0,13,7,0,28,0,19,203,33
William Bergolla Jr.,CHW,2B/SS,21,40,33,141,0.6822289156626506,0.9759036144578314,0.6536144578313253,0.6018448795180723,0.1858433734939759,0.8470309810671256,0.9518072289156626,0.47740963855421686,0.05120481927710843,0.5948795180722891,0.9367469879518072,0.338855421686747,0.007530120481927711,0.29518072289156627,0.03463855421686747,0.05421686746987952,0.963855421686747,0.8659638554216867,0.9759036144578314,0.6309090909090909,0.5933734939759037,0.9006024096385542,0.963855421686747,0.2710843373493976,0.02108433734939759,0.024539877300613498,0.3450920245398773,3.0556900000000002,"'-0.672863","'-0.016821575",.294,.354,0,12.5,18.51851851851852,87.4,99,88.8,97.1,23.3,10,18.6,11.9,47.51773049645389,65.51724137931035,89.47368421052632,5.673758865248227,12.9,.424,.500,.545,.483,0,0,5,4,0,14,0,4,67,8
Jesus Rodriguez,SFG,C,24,115,100,376,0.8659638554216867,0.6897590361445783,0.6506024096385542,0.620011295180723,0.3710843373493976,0.7543029259896729,0.9668674698795181,0.8704819277108434,0.4066265060240964,0.43373493975903615,0.2605421686746988,0.1355421686746988,0.16114457831325302,0.09789156626506024,0.4171686746987952,0.2816265060240964,0.9698795180722891,0.3433734939759036,0.9201807228915663,0.8490909090909091,0.9518072289156626,0.9186746987951807,0.8253012048192772,0.608433734939759,0.8253012048192772,0.39723926380368096,0.3604294478527607,5.43237,0.545512,0.0047435826086956534,.300,.459,5.5,10.4,31.37254901960784,85.5,105,86.3,102.7,33,9.6,10,16.5,51.59574468085106,75.5813953488372,90,8.51063829787234,13.2,.330,.400,.440,.348,4.3478260869565215,5,12,5,0,33,2,11,194,32
Petey Halpin,CLE,OF,23,125,109,503,0.4608433734939759,0.2936746987951807,0.6475903614457831,0.5282379518072289,0.4756024096385542,0.44750430292598964,0.7439759036144579,0.5195783132530121,0.1822289156626506,0.43373493975903615,0.15963855421686746,0.7966867469879518,0.22439759036144577,0.8102409638554217,0.5677710843373494,0.6551204819277109,0.5060240963855421,0.7996987951807228,0.6265060240963856,0.8,0.5963855421686747,0.3373493975903614,0.47289156626506024,0.9367469879518072,0.9668674698795181,0.03680981595092025,0.3450920245398773,7.99339,1.5580200000000002,0.01246416,.257,.362,2.5,10.4,33.472803347280326,90.9,105.9,93.6,103.8,43.2,23.2,16.8,24.5,50.29821073558648,65.53030303030303,78.61271676300578,12.326043737574553,12.9,.239,.320,.367,.300,1.6,2,13,6,1,26,2,29,253,62
Noah Miller,LAD,SS,23,170,143,639,0.5737951807228916,0.4367469879518072,0.6445783132530121,0.5407567771084337,0.33192771084337347,0.6774956970740104,0.7695783132530121,0.5,0.1822289156626506,0.6686746987951807,0.4006024096385542,0.4789156626506024,0.09939759036144578,0.697289156626506,0.25903614457831325,0.3990963855421687,0.8207831325301205,0.3313253012048193,0.7319277108433735,0.6454545454545455,0.7409638554216867,0.7469879518072289,0.6325301204819277,0.5753012048192772,0.5813253012048193,0.2898773006134969,0.24846625766871167,5.2692,0.0606821,0.0003569535294117647,.260,.360,2.5,13.5,29.041916167664677,88.5,103.6,92.1,101.5,36.1,16.5,9.6,22.3,47.73082942097028,68.1967213114754,86.05769230769229,10.641627543035993,11,.266,.361,.385,.304,1.7647058823529411,3,23,4,2,38,3,28,305,68
Nacho Alvarez Jr.,ATL,3B,23,140,121,588,0.21234939759036145,0.2680722891566265,0.641566265060241,0.4713855421686747,0.26024096385542167,0.6486660929432013,0.29066265060240964,0.17319277108433734,0.10542168674698796,0.5105421686746988,0.6656626506024096,0.39156626506024095,0.3960843373493976,0.3177710843373494,0.45933734939759036,0.23493975903614459,0.7198795180722891,0.7515060240963856,0.8855421686746988,0.3181818181818182,0.20180722891566266,0.6807228915662651,0.8765060240963856,0.4457831325301205,0.5753012048192772,0.25766871165644173,0.553680981595092,4.410830000000001,0.0472497,0.0003374978571428572,.216,.298,1,11.4,24.264705882352942,87.9,107.8,89.1,103.1,31.2,19.3,16,18.1,42.3469387755102,57.91139240506329,84.69945355191257,7.653061224489796,16.7,.240,.329,.339,.287,0.7142857142857143,1,16,6,0,29,2,27,249,45
Jack Suwinski,LAD,OF,27,158,130,705,0.9021084337349398,0.927710843373494,0.6385542168674698,0.7069841867469879,0.9150602409638555,0.5589500860585198,0.5963855421686747,0.927710843373494,0.9668674698795181,0.6897590361445783,0.9397590361445783,0.8719879518072289,0.9774096385542169,0.8990963855421686,0.8629518072289156,0.8313253012048193,0.3825301204819277,0.8524096385542169,0.47289156626506024,0.3690909090909091,0.6927710843373494,0.20180722891566266,0.5331325301204819,0.47289156626506024,0.6174698795180723,0.6779141104294478,0.7576687116564417,4.63206,0.11940999999999999,0.0007557594936708861,.244,.496,18.5,13.9,18.208092485549127,91.8,115,95,106.8,48.9,25.3,18.3,27.6,43.12056737588652,67.1309192200557,76.34854771784231,11.914893617021278,20.7,.292,.405,.592,.349,10.759493670886075,17,22,12,0,38,9,40,304,84
Nate Furman,SFG,2B,24,152,122,616,0.838855421686747,0.5135542168674698,0.6355421686746988,0.6041039156626506,0.2412650602409639,0.8894148020654046,0.8478915662650602,0.5783132530120482,0.2756024096385542,0.875,0.963855421686747,0.15210843373493976,0.08734939759036145,0.22590361445783133,0.0677710843373494,0.11295180722891567,0.9503012048192772,0.21536144578313254,0.9789156626506024,0.1718181818181818,0.49698795180722893,0.9759036144578314,0.9849397590361446,0.3313253012048193,0.5,0.5720858895705522,0.3312883435582822,3.5755800000000004,"'-0.08295110000000001","'-0.0005457309210526315",.270,.374,3.8,17.1,17.24137931034483,85.8,103.1,88.2,98.7,26.9,11.8,7.4,10.6,39.77272727272727,63.973063973063965,94.2105263157895,4.220779220779221,12.6,.254,.395,.336,.282,2.631578947368421,4,26,4,0,31,2,18,245,26
Jacob Amaya,ARI,SS,27,120,99,508,0.9789156626506024,0.7951807228915663,0.6325301204819277,0.7280685240963856,0.7963855421686746,0.7086919104991394,0.9819277108433735,0.9759036144578314,0.8599397590361446,0.713855421686747,0.9879518072289156,0.7966867469879518,0.40813253012048195,0.9367469879518072,0.6280120481927711,0.9412650602409639,0.6731927710843374,0.3960843373493976,0.8478915662650602,0.025454545454545452,0.009036144578313253,0.7831325301204819,0.9457831325301205,0.3493975903614458,0.3253012048192771,0.20245398773006135,0.5429447852760736,3.7387900000000003,"'-0.241438","'-0.0020119833333333333",.317,.558,13,14.2,14.83050847457627,90.9,107.9,95.8,104.1,54.5,20,10.9,19.8,31.88976377952756,46.691176470588246,86.61417322834646,6.299212598425196,16.5,.303,.400,.505,.351,8.333333333333332,10,17,6,1,30,4,24,162,32
Robert Hassell III,WSN,OF,24,125,111,513,0.5060240963855421,0.2560240963855422,0.6295180722891566,0.4967996987951807,0.6445783132530121,0.4040447504302926,0.6731927710843374,0.5858433734939759,0.7093373493975904,0.43373493975903615,0.3644578313253012,0.6942771084337349,0.5301204819277109,0.7108433734939759,0.5271084337349398,0.7033132530120482,0.20481927710843373,0.28463855421686746,0.3328313253012048,0.5818181818181818,0.7891566265060241,0.37198795180722893,0.3313253012048193,0.43373493975903615,0.24096385542168675,0.2116564417177914,0.2254601226993865,4.3166199999999995,"'-0.404854","'-0.003238832",.249,.376,8.6,10.4,29.69283276450512,90.1,109,92.2,103.6,44.3,29.6,8.8,30,46.783625730994146,69.54545454545455,79.08496732026144,14.035087719298243,10.7,.243,.328,.324,.356,4.8,6,13,6,0,27,1,37,240,72
Christian Encarnacion-Strand,BAL,1B,26,137,124,483,0.838855421686747,0.6445783132530121,0.6265060240963856,0.5762424698795181,0.8852409638554217,0.2540877796901893,0.7198795180722891,0.9487951807228916,0.9759036144578314,0.15060240963855423,0.045180722891566265,0.8569277108433735,0.822289156626506,0.8855421686746988,0.8855421686746988,0.822289156626506,0.24397590361445784,0.7876506024096386,0.3207831325301205,0.8836363636363637,0.4743975903614458,0.3539156626506024,0.1897590361445783,0.6686746987951807,0.5873493975903614,0.9401840490797546,0.9386503067484663,5.66571,0.053342999999999995,0.00038936496350364965,.254,.524,19.5,6.6,39.35185185185185,91.7,111.5,94.8,107.2,48.3,28.5,16.6,30.2,52.79503105590062,63.670411985018724,78.82352941176471,15.942028985507244,27.3,.274,.321,.540,.333,12.408759124087592,17,9,8,2,34,7,39,255,77
Maximo Acosta,MIA,2B/3B/SS,23,72,65,295,0.4141566265060241,0.15060240963855423,0.6234939759036144,0.5411332831325302,0.4051204819277109,0.5671256454388984,0.608433734939759,0.5632530120481928,0.5602409638554217,0.24096385542168675,0.6129518072289156,0.3042168674698795,0.4352409638554217,0.1716867469879518,0.4939759036144578,0.16265060240963855,0.2710843373493976,0.7515060240963856,0.7951807228915663,0.58,0.536144578313253,0.7876506024096386,0.7259036144578314,0.8885542168674698,0.9849397590361446,0.656441717791411,0.7300613496932515,7.375,1.4305700000000001,0.019869027777777774,.245,.371,6.7,8.3,25,87.2,108.2,87.7,103.3,28.9,27.8,16,21,46.779661016949156,64.41717791411043,86.66666666666669,9.830508474576273,20,.200,.278,.338,.273,4.166666666666666,3,6,6,0,13,1,20,138,29
Jack Hurley,ARI,OF,24,87,78,304,0.5316265060240963,0.7168674698795181,0.6204819277108434,0.48851656626506024,0.4915662650602409,0.5060240963855421,0.5737951807228916,0.6987951807228916,0.6792168674698795,0.21686746987951808,0.29518072289156627,0.08734939759036145,0.8930722891566265,0.14156626506024098,0.6069277108433735,0.09939759036144578,0.7123493975903614,0.34036144578313254,0.5677710843373494,0.8363636363636363,0.786144578313253,0.5632530120481928,0.4006024096385542,0.3704819277108434,0.3614457831325301,0.04294478527607362,0.1165644171779141,3.8928599999999998,"'-0.156608","'-0.0018000919540229886",.242,.403,8.2,8,30.49645390070922,84.8,112.6,87.1,104,26.2,19.5,9.9,25.6,51.31578947368421,69.32515337423312,82.3008849557522,13.157894736842106,7.9,.308,.379,.474,.383,5.747126436781608,5,7,6,2,24,1,17,156,40
Michael Toglia,CIN,1B,27,167,139,686,0.9487951807228916,0.7786144578313253,0.6174698795180723,0.6776167168674698,0.9189759036144579,0.44987091222030984,0.7364457831325302,0.9593373493975904,0.9066265060240963,0.8358433734939759,0.6746987951807228,0.9021084337349398,0.8930722891566265,0.9427710843373494,0.963855421686747,0.9337349397590361,0.3207831325301205,0.8734939759036144,0.2996987951807229,0.35818181818181816,0.39457831325301207,0.2289156626506024,0.39457831325301207,0.5391566265060241,0.6656626506024096,0.5337423312883436,0.8159509202453987,5.13938,0.262689,0.0015729880239520962,.256,.536,14.7,16.2,24.20749279538905,92.3,112.6,95.9,108.8,53.7,26.9,18.9,30.8,43.00291545189505,62.24188790560471,76.77725118483413,13.265306122448981,22.1,.259,.377,.504,.322,8.383233532934131,14,27,8,1,36,8,45,295,91
Colt Emerson,SEA,SS,20,153,135,595,0.286144578313253,0.5768072289156626,0.6144578313253012,0.42620481927710846,0.4587349397590361,0.41329604130808945,0.2003012048192771,0.4066265060240964,0.3990963855421687,0.3102409638554217,0.1927710843373494,0.5737951807228916,0.24096385542168675,0.8177710843373494,0.3930722891566265,0.6731927710843374,0.32981927710843373,0.30873493975903615,0.42771084337349397,0.8654545454545455,0.8614457831325302,0.4879518072289157,0.28313253012048195,0.8373493975903614,0.5632530120481928,0.24079754601226994,0.26226993865030673,6.97549,0.025543,0.00016694771241830065,.206,.342,5.4,9.2,32.781456953642376,89.1,106.2,93.7,102.5,43.5,26.8,9.1,28.4,52.10084033613446,72.01365187713311,81.04265402843602,14.789915966386554,11.3,.252,.333,.474,.307,3.2679738562091507,5,14,7,1,34,7,41,310,88
Jared Serna,MIA,2B/SS,23,109,99,442,0.2635542168674699,0.16566265060240964,0.6114457831325302,0.5021649096385543,0.35271084337349395,0.6667383820998278,0.5481927710843374,0.35240963855421686,0.1716867469879518,0.24096385542168675,0.34487951807228917,0.5436746987951807,0.3644578313253012,0.3539156626506024,0.4171686746987952,0.3313253012048193,0.9096385542168675,0.37349397590361444,0.8795180722891566,0.6854545454545454,0.75,0.7530120481927711,0.7891566265060241,0.4186746987951807,0.7319277108433735,0.39723926380368096,0.6104294478527608,4.22781,0.335244,0.003075633027522936,.238,.335,2.4,8.3,30,88.9,107.4,89.4,102.7,34.5,13.8,10.6,18.7,48.41628959276018,68.39622641509435,86.20689655172413,9.049773755656108,17.6,.222,.294,.323,.244,1.834862385321101,2,9,4,0,22,2,15,214,40
Nelson Velázquez,STL,DH/OF,27,117,98,483,0.8855421686746988,0.35843373493975905,0.608433734939759,0.6026920180722892,0.8762048192771085,0.37736660929432014,0.6159638554216867,0.9201807228915663,0.9698795180722891,0.7921686746987951,0.677710843373494,0.8719879518072289,0.7304216867469879,0.8990963855421686,0.8569277108433735,0.8885542168674698,0.25301204819277107,0.7394578313253012,0.2469879518072289,0.20363636363636364,0.15060240963855423,0.10240963855421686,0.4186746987951807,0.3795180722891566,0.6596385542168675,0.7576687116564417,0.7806748466257669,3.9058599999999997,0.180015,0.0015385897435897435,.246,.488,18.8,15.4,24.16666666666667,91.8,110.5,95,106.7,51.6,28.2,15.8,31.8,40.372670807453424,56.378600823045275,73.72262773722629,12.836438923395448,21.2,.194,.325,.378,.233,10.256410256410255,12,18,3,0,19,5,33,195,62
Brock Jones,FA,P,24,76,64,358,0.25,0.21686746987951808,0.6054216867469879,0.3916603915662651,0.7759036144578314,0.20890705679862306,0.04819277108433735,0.37650602409638556,0.963855421686747,0.7304216867469879,0.2319277108433735,0.9879518072289156,0.7756024096385542,0.29518072289156627,0.8012048192771084,0.7756024096385542,0.015060240963855422,0.6219879518072289,0.006024096385542169,0.4709090909090909,0.4608433734939759,0.012048192771084338,0.006024096385542169,0.004518072289156626,0.5406626506024096,0.7285276073619632,0.700920245398773,0,0,0,.157,.338,17.9,14.5,31.904761904761894,94.4,111,88.8,105.8,46.4,46.1,13.6,49.7,44.97206703910614,63.51351351351351,63.829787234042556,22.3463687150838,19.4,.156,.289,.344,.269,6.578947368421053,5,11,1,1,10,3,35,161,80
Josh Rivera,TOR,SS,25,124,115,503,0.2003012048192771,0.24548192771084337,0.6024096385542169,0.4871987951807229,0.6301204819277108,0.42448364888123924,0.3147590361445783,0.4563253012048193,0.7876506024096386,0.1746987951807229,0.7108433734939759,0.6837349397590361,0.6295180722891566,0.7243975903614458,0.661144578313253,0.5933734939759037,0.25301204819277107,0.4924698795180723,0.5286144578313253,0.4418181818181818,0.37349397590361444,0.3855421686746988,0.5451807228915663,0.6656626506024096,0.5843373493975904,0.26993865030674846,0.18404907975460122,5.6593,0.046010199999999994,0.00037105,.219,.350,10,7.3,23.580786026200872,90,109.8,92.3,104.4,41.2,28.2,12.4,26.5,44.33399602385685,61.67883211678832,79.28994082840238,11.72962226640159,10,.209,.266,.409,.253,6.451612903225807,8,9,6,1,24,5,35,223,59
Ethan O'Donnell,MIA,OF,24,95,74,399,0.6701807228915663,0.19879518072289157,0.5993975903614458,0.45350150602409633,0.35512048192771084,0.4726764199655766,0.3463855421686747,0.4066265060240964,0.4503012048192771,0.9442771084337349,0.45180722891566266,0.3192771084337349,0.4864457831325301,0.4939759036144578,0.4939759036144578,0.11295180722891567,0.4503012048192771,0.5677710843373494,0.1852409638554217,0.7581818181818182,0.9728915662650602,0.17771084337349397,0.12650602409638553,0.5873493975903614,0.8945783132530121,0.36809815950920244,0.15950920245398773,5.317419999999999,0.765349,0.008056305263157894,.221,.342,5.8,18.9,28.054298642533933,87.3,108.6,90.6,103.3,26.9,24.2,13.1,33.8,49.62406015037594,76.40449438202246,75.73529411764707,16.791979949874687,9.1,.176,.347,.230,.235,3.1578947368421053,3,18,1,0,13,1,23,198,67
Jud Fabian,BAL,OF,25,157,128,701,0.588855421686747,0.5240963855421686,0.5963855421686747,0.4823042168674699,0.5566265060240964,0.41609294320137696,0.2003012048192771,0.5120481927710844,0.6400602409638554,0.8810240963855421,0.8945783132530121,0.516566265060241,0.5301204819277109,0.5391566265060241,0.5677710843373494,0.5843373493975904,0.13855421686746988,0.9909638554216867,0.19728915662650603,0.08363636363636362,0.12349397590361445,0.1927710843373494,0.48493975903614456,0.24096385542168675,0.2560240963855422,0.8113496932515337,0.9601226993865031,2.80627,"'-0.43341199999999996","'-0.002760585987261147",.206,.361,7.7,17.2,19.45945945945946,88.7,109,90.8,103.8,41,31.8,27.1,33.5,36.66191155492154,55.89123867069487,76.2162162162162,12.268188302425106,29.5,.219,.363,.391,.296,3.8216560509554136,6,27,1,0,28,7,50,257,86
Johnny Olmstead,MIA,2B/SS,25,80,61,312,0.7409638554216867,0.3795180722891566,0.5933734939759037,0.5281438253012047,0.41566265060240964,0.5774526678141135,0.463855421686747,0.3147590361445783,0.35843373493975905,0.8960843373493976,0.7756024096385542,0.36596385542168675,0.40813253012048195,0.5391566265060241,0.45933734939759036,0.6310240963855421,0.35240963855421686,0.7876506024096386,0.516566265060241,0.2909090909090909,0.3373493975903614,0.5768072289156626,0.5873493975903614,0.3373493975903614,0.09036144578313253,0.8282208588957055,0.9555214723926381,3.5785400000000003,"'-0.724193","'-0.0090524125",.231,.326,5,17.5,22.222222222222218,87.7,107.9,90.8,103.1,42.5,26.3,16.6,26.7,41.987179487179496,61.0062893081761,82.4742268041237,11.21794871794872,29.3,.180,.362,.328,.231,2.5,2,14,3,0,11,2,21,131,35
Aaron Sabato,MIN,1B,26,91,81,328,0.6189759036144579,0.8493975903614458,0.5903614457831325,0.5666415662650603,0.9024096385542167,0.2977624784853701,0.5301204819277109,0.8463855421686747,0.9246987951807228,0.28463855421686746,0.3795180722891566,0.9216867469879518,0.9201807228915663,0.9518072289156626,0.9382530120481928,0.8990963855421686,0.23795180722891565,0.5557228915662651,0.043674698795180725,0.9236363636363636,0.9819277108433735,0.12349397590361445,0.03313253012048193,0.7650602409638554,0.6144578313253012,0.9555214723926381,0.7101226993865031,6.19381,0.0680087,0.0007473483516483517,.236,.451,16.1,8.8,29.559748427672954,92.8,113,96.1,108.1,51.8,28.6,13,38,54.57317073170732,78.10650887573966,74.24242424242425,20.73170731707317,19.6,.272,.341,.617,.306,9.89010989010989,9,8,5,1,22,7,26,179,68
RJ Schreck,TOR,OF,25,155,128,646,0.4322289156626506,0.5587349397590361,0.5873493975903614,0.5512048192771084,0.3593373493975903,0.7061101549053356,0.21084337349397592,0.30873493975903615,0.46686746987951805,0.7439759036144579,0.6686746987951807,0.2620481927710843,0.3825301204819277,0.5978915662650602,0.29819277108433734,0.37650602409638556,0.7816265060240963,0.8132530120481928,0.7906626506024096,0.5963636363636363,0.6957831325301205,0.5512048192771084,0.7108433734939759,0.6234939759036144,0.6807228915662651,0.9708588957055214,0.9708588957055214,5.48785,0.277355,0.0017893870967741934,.207,.325,5.9,14.8,24.26229508196721,86.8,107.6,91.3,101.8,35.6,17.4,17.2,21.1,46.90402476780186,67.15542521994135,82.09606986899564,9.907120743034056,30.1,.234,.361,.422,.258,3.870967741935484,6,23,7,1,30,5,27,303,64
Osleivis Basabe,SFG,SS,25,107,99,395,0.23493975903614459,0.35843373493975905,0.5843373493975904,0.5109186746987951,0.5207831325301205,0.5944492254733218,0.5301204819277109,0.4367469879518072,0.49096385542168675,0.10090361445783133,0.1355421686746988,0.6340361445783133,0.588855421686747,0.3313253012048193,0.4743975903614458,0.45331325301204817,0.8463855421686747,0.15060240963855423,0.8825301204819277,0.8090909090909091,0.6897590361445783,0.7379518072289156,0.7680722891566265,0.4939759036144578,0.7951807228915663,0.7484662576687117,0.6395705521472392,4.888730000000001,0.449917,0.004204831775700935,.236,.347,6.1,5.6,34.803921568627445,89.5,109.4,89.2,103.2,37.8,15.9,6,18.6,50.379746835443036,67.01570680628272,85.9375,9.367088607594935,18.1,.253,.308,.414,.278,4.672897196261682,5,6,7,0,25,3,17,199,37
JJ Bleday,CIN,OF,28,104,85,420,0.9969879518072289,0.9849397590361446,0.5813253012048193,0.7570594879518072,0.9361445783132529,0.5720740103270224,0.9789156626506024,0.9939759036144579,0.8975903614457831,0.8855421686746988,0.9668674698795181,0.9578313253012049,0.9427710843373494,0.9668674698795181,0.9759036144578314,0.8885542168674698,0.5647590361445783,0.9367469879518072,0.3930722891566265,0.16,0.32831325301204817,0.30271084337349397,0.5632530120481928,0.5150602409638554,0.5060240963855421,0.5030674846625767,0.8819018404907976,4.95483,"'-0.0493168","'-0.0004742",.311,.589,14.5,17.3,17.073170731707318,93.7,113.4,96.6,109.2,51.6,22.1,21,28.9,39.52380952380953,60.93023255813954,77.86259541984732,11.428571428571427,24.2,.341,.462,.659,.411,8.653846153846152,9,18,7,1,29,6,23,166,48
Cameron Cauley,TEX,2B/SS,23,162,133,684,0.3795180722891566,0.3358433734939759,0.5783132530120482,0.4037085843373494,0.2509036144578313,0.5126936316695352,0.2003012048192771,0.1897590361445783,0.38403614457831325,0.8478915662650602,0.6265060240963856,0.24548192771084337,0.24849397590361447,0.4292168674698795,0.1716867469879518,0.18674698795180722,0.42319277108433734,0.35542168674698793,0.45331325301204817,0.2581818181818182,0.3855421686746988,0.29518072289156627,0.5572289156626506,0.6807228915662651,0.9367469879518072,0.17484662576687116,0.2929447852760736,5.7139,1.6541599999999999,0.010210864197530863,.206,.303,5.3,16.7,24.802110817941948,86.7,106.3,90,100.5,29.8,24.7,10.4,27.9,41.37426900584796,61.9672131147541,77.7777777777778,11.54970760233918,12.2,.226,.358,.316,.297,3.0864197530864197,5,27,3,0,30,3,40,283,79
Willy Vasquez,BAL,3B,24,113,98,458,0.25,0.2680722891566265,0.5753012048192772,0.3431852409638554,0.5506024096385542,0.26807228915662656,0.2545180722891566,0.21234939759036145,0.3433734939759036,0.5210843373493976,0.2891566265060241,0.5737951807228916,0.9503012048192772,0.3433734939759036,0.8629518072289156,0.6731927710843374,0.12951807228915663,0.0286144578313253,0.1355421686746988,0.5981818181818181,0.5481927710843374,0.0963855421686747,0.1566265060240964,0.32831325301204817,0.015060240963855422,0.14877300613496933,0.05828220858895705,3.54676,"'-2.07193","'-0.01833566371681416",.213,.308,4.8,11.5,30.672268907563023,89.1,113.6,89.3,106.8,43.5,31.9,"'-2.1",34.9,46.94323144104803,64.54545454545455,73.23943661971832,16.375545851528386,6.3,.235,.327,.337,.344,2.6548672566371683,3,13,4,0,23,2,36,215,75
Tyler Black,MIL,1B/DH,25,48,41,205,0.6701807228915663,0.5406626506024096,0.572289156626506,0.522402108433735,0.5942771084337349,0.4627796901893288,0.697289156626506,0.6506024096385542,0.7725903614457831,0.7364457831325302,0.2289156626506024,0.6551204819277109,0.16114457831325302,0.7921686746987951,0.3795180722891566,0.7319277108433735,0.6370481927710844,0.25301204819277107,0.32680722891566266,0.7963636363636364,0.8343373493975904,0.21084337349397592,0.26506024096385544,0.5271084337349398,0.8554216867469879,0.4233128834355828,0.17484662576687116,5.0859,0.282674,0.005889041666666666,.251,.389,9.7,14.6,32.11009174311927,89.7,105,93.2,102.4,45.2,20.8,8.3,30.1,50.24390243902439,70.83333333333334,76.47058823529412,15.121951219512196,9.7,.268,.375,.390,.333,6.25,3,7,2,0,11,1,10,103,31
Braxton Fulford,COL,C,27,92,74,350,0.7605421686746988,0.8162650602409639,0.5692771084337349,0.565417921686747,0.7204819277108434,0.3984509466437177,0.24096385542168675,0.6867469879518072,0.7876506024096386,0.8900602409638554,0.7560240963855421,0.5587349397590361,0.8719879518072289,0.4066265060240964,0.7108433734939759,0.697289156626506,0.4006024096385542,0.9307228915662651,0.09186746987951808,0.3727272727272728,0.3704819277108434,0.06325301204819277,0.21686746987951808,0.7228915662650602,0.8132530120481928,0.9003067484662577,0.941717791411043,5.98431,0.42381599999999997,0.004606695652173913,.212,.396,10,17.4,22.424242424242426,89,112.3,89.8,104.8,44,25,20.9,36.4,43.14285714285715,61.621621621621635,71.9298245614035,15.714285714285715,27.5,.257,.402,.500,.319,5.434782608695652,5,16,6,0,19,4,23,151,55
Allan Castro,BOS,OF,22,141,127,613,0.07078313253012049,0.10391566265060241,0.5662650602409639,0.4182981927710844,0.4253012048192771,0.40684165232358,0.08433734939759036,0.16415662650602408,0.6551204819277109,0.2560240963855422,0.2680722891566265,0.5331325301204819,0.5753012048192772,0.4503012048192771,0.8117469879518072,0.19879518072289157,0.28313253012048195,0.858433734939759,0.34186746987951805,0.64,0.7560240963855421,0.6234939759036144,0.3192771084337349,0.7048192771084337,0.8614457831325302,0.3558282208588957,0.6288343558282209,5.87059,0.9132450000000001,0.006476914893617021,.176,.296,7.9,8.5,31.30434782608696,88.8,109.3,90.2,106.1,30.3,27.7,18.5,29.8,47.634584013050564,68.65671641791045,83.15217391304348,14.192495921696574,17.8,.189,.255,.323,.224,4.964539007092199,7,12,2,0,24,5,39,292,87
Niko Kavadas,LAA,1B/DH,27,108,82,486,0.8283132530120482,0.9939759036144579,0.5632530120481928,0.5825489457831325,0.7316265060240964,0.5466867469879518,0.2003012048192771,0.6219879518072289,0.8192771084337349,0.9759036144578314,0.9457831325301205,0.6731927710843374,0.7078313253012049,0.8554216867469879,0.7469879518072289,0.8358433734939759,0.3614457831325301,0.7319277108433735,0.21987951807228914,0.030909090909090914,0.05120481927710843,0.6144578313253012,0.6581325301204819,0.07530120481927711,0.3057228915662651,0.8834355828220859,0.8220858895705522,1.14829,"'-0.23491199999999998","'-0.0021751111111111107",.206,.384,11.3,22.2,17.95774647887324,89.9,110.3,94.3,105.1,49.1,25.9,15.7,32.5,32.30452674897119,52.475247524752476,83.01886792452831,10.493827160493826,22.2,.329,.491,.659,.449,5.5555555555555545,6,24,12,0,27,5,28,157,51
Ernesto Martinez Jr.,NYY,1B,26,128,115,505,0.34789156626506024,0.41566265060240964,0.5602409638554217,0.5702183734939759,0.7385542168674699,0.45697074010327027,0.5692771084337349,0.5,0.7093373493975904,0.26506024096385544,0.33433734939759036,0.7078313253012049,0.9909638554216867,0.838855421686747,0.9909638554216867,0.7846385542168675,0.25903614457831325,0.7183734939759037,0.42168674698795183,0.5645454545454546,0.6536144578313253,0.8734939759036144,0.39156626506024095,0.5963855421686747,0.31626506024096385,0.6303680981595092,0.5138036809815951,5.33649,"'-0.27208899999999997","'-0.0021256953125",.241,.360,8.6,8.6,30.07246376811594,90.2,116.4,94.1,110,46.9,28.1,15.5,28.5,46.53465346534654,66.37554585152839,88.1578947368421,13.267326732673268,16,.243,.305,.461,.293,5.46875,7,11,5,1,28,6,36,235,67
Chad Stevens,COL,2B/3B,27,150,132,579,0.8765060240963856,0.8870481927710844,0.5572289156626506,0.6352597891566265,0.7153614457831325,0.4660068846815835,0.9698795180722891,0.8614457831325302,0.6912650602409639,0.39006024096385544,0.2740963855421687,0.6942771084337349,0.6445783132530121,0.8057228915662651,0.6927710843373494,0.6852409638554217,0.4563253012048193,0.6927710843373494,0.5783132530120482,0.6272727272727273,0.4578313253012048,0.5963855421686747,0.5090361445783133,0.786144578313253,0.46686746987951805,0.4110429447852761,0.6226993865030674,6.41416,"'-0.14828","'-0.0009885333333333334",.304,.456,8.3,10,31.11888111888112,90.1,109.9,93.5,104.7,43.8,24,14.9,25.5,47.49568221070811,63.481228668941974,82.79569892473118,12.089810017271153,17.7,.356,.433,.508,.479,5.333333333333334,8,15,12,1,47,2,36,275,70
Nathan Martorella,MIA,1B,25,88,74,338,0.11295180722891567,0.0572289156626506,0.5542168674698795,0.372082078313253,0.4683734939759036,0.3960843373493975,0.0572289156626506,0.08132530120481928,0.4503012048192771,0.5948795180722891,0.3674698795180723,0.4397590361445783,0.8117469879518072,0.5737951807228916,0.4939759036144578,0.5587349397590361,0.2996987951807229,0.1927710843373494,0.3704819277108434,0.44545454545454544,0.2620481927710843,0.46536144578313254,0.4126506024096386,0.4759036144578313,0.7379518072289156,0.8420245398773006,0.6901840490797546,4.6836199999999995,0.282674,0.003212204545454545,.165,.251,5.8,12.5,29.65116279069768,88.2,111.4,91.1,103.3,40.4,27.3,7.1,29.3,44.378698224852066,59.63855421686747,80.8080808080808,13.017751479289943,19.2,.135,.250,.270,.160,3.4090909090909087,3,11,4,0,10,2,24,150,44
Justin Foscue,TEX,1B/DH,27,140,115,576,0.552710843373494,0.7063253012048193,0.5512048192771084,0.591773343373494,0.46957831325301197,0.7160068846815835,0.3855421686746988,0.39156626506024095,0.29668674698795183,0.8102409638554217,0.8162650602409639,0.7078313253012049,0.338855421686747,0.6852409638554217,0.4427710843373494,0.6129518072289156,0.8614457831325302,0.7605421686746988,0.7439759036144579,0.10727272727272727,0.19879518072289157,0.7409638554216867,0.8403614457831325,0.40963855421686746,0.6957831325301205,0.9754601226993865,0.8558282208588958,4.19794,0.306359,0.0021882785714285712,.224,.340,4.3,15.7,21.518987341772156,90.2,107.2,92,102.9,41.5,15.7,16.1,22,37.84722222222222,57.69230769230769,86,8.333333333333332,23.4,.287,.407,.426,.337,2.8571428571428568,4,22,10,0,33,2,22,218,48
Tsung-Che Cheng,BOS,2B/SS,24,119,97,525,0.4006024096385542,0.40210843373493976,0.5481927710843374,0.4897402108433735,0.3704819277108434,0.544750430292599,0.12650602409638553,0.3328313253012048,0.49096385542168675,0.8554216867469879,0.7018072289156626,0.42620481927710846,0.19126506024096385,0.18674698795180722,0.1280120481927711,0.411144578313253,0.3207831325301205,0.8478915662650602,0.35993975903614456,0.5290909090909091,0.9096385542168675,0.29518072289156627,0.3704819277108434,0.7951807228915663,0.0783132530120482,0.24079754601226994,0.3174846625766871,6.48349,"'-1.16039","'-0.009751176470588235",.192,.330,6.1,16.8,23.89078498293515,88.1,105.5,87.9,99.9,36.4,26.9,18.2,29.5,45.904761904761905,73.70689655172413,77.7777777777778,13.523809523809526,12.5,.206,.336,.402,.254,3.361344537815126,4,20,3,2,20,4,32,241,71
Endy Rodríguez,PIT,C,25,135,112,531,0.3795180722891566,0.1822289156626506,0.5451807228915663,0.49689382530120485,0.4512048192771084,0.5983218588640274,0.4427710843373494,0.2996987951807229,0.3328313253012048,0.6566265060240963,0.39156626506024095,0.2620481927710843,0.9683734939759037,0.42018072289156627,0.4171686746987952,0.3930722891566265,0.5587349397590361,0.6265060240963856,0.5783132530120482,0.7054545454545454,0.8765060240963856,0.6686746987951807,0.4578313253012048,0.0572289156626506,0.32831325301204817,0.754601226993865,0.6717791411042945,1.00595,"'-0.27131500000000003","'-0.0020097407407407408",.230,.324,4.7,13.3,29.310344827586203,86.8,114.6,89.9,102.7,36,22.2,13.7,25.5,48.775894538606394,72.19917012448133,84.48275862068967,12.429378531073446,18.8,.214,.321,.286,.274,2.9629629629629632,4,18,5,0,24,1,30,259,66
Ivan Johnson,CIN,2B/OF,27,94,79,401,0.9216867469879518,0.9246987951807228,0.5421686746987951,0.5942206325301205,0.8533132530120483,0.36790017211703957,0.6490963855421686,0.9382530120481928,0.9487951807228916,0.6837349397590361,0.49698795180722893,0.9337349397590361,0.5,0.8554216867469879,0.6686746987951807,0.9457831325301205,0.338855421686747,0.411144578313253,0.07530120481927711,0.6818181818181818,0.8253012048192772,0.07981927710843373,0.07530120481927711,0.6837349397590361,0.8795180722891566,0.05521472392638037,0.19631901840490798,5.74362,0.7205779999999999,0.007665723404255319,.248,.509,17,13.8,27.31707317073171,93.1,108.7,94.3,104.5,54.7,26.6,11.1,36.6,48.37905236907731,70.40816326530613,72.46376811594203,17.70573566084788,10.3,.278,.394,.595,.319,9.574468085106382,9,13,4,0,22,7,25,194,71
Grant McCray,SFG,OF,25,144,120,577,0.3795180722891566,0.23042168674698796,0.5391566265060241,0.4604668674698795,0.3421686746987952,0.5761617900172117,0.18072289156626506,0.3373493975903614,0.4503012048192771,0.7876506024096386,0.7530120481927711,0.22740963855421686,0.45481927710843373,0.5150602409638554,0.6280120481927711,0.24096385542168675,0.44126506024096385,0.5783132530120482,0.5677710843373494,0.2436363636363636,0.30271084337349397,0.5421686746987951,0.6385542168674698,0.48493975903614456,0.23795180722891565,0.15950920245398773,0.3803680981595092,4.77122,"'-0.469976","'-0.0032637222222222217",.204,.332,5.8,15.3,22.525597269624573,86.5,108.4,90.7,104.1,31.4,24.3,13.2,25.6,41.24783362218371,60.56338028169014,81.97674418604652,10.571923743500866,13.8,.192,.319,.308,.241,3.4722222222222223,5,22,5,0,23,3,35,238,61
Otto Kemp,PHI,3B/OF,26,82,68,307,0.7319277108433735,0.4683734939759036,0.536144578313253,0.5588290662650602,0.7373493975903613,0.3635972461273666,0.463855421686747,0.8885542168674698,0.8674698795180723,0.1746987951807229,0.1686746987951807,0.5737951807228916,0.7439759036144579,0.3177710843373494,0.5677710843373494,0.6129518072289156,0.5060240963855421,0.911144578313253,0.3072289156626506,0.8690909090909091,0.8283132530120482,0.37650602409638556,0.18373493975903615,0.6024096385542169,0.06626506024096386,0.19631901840490798,0.4662576687116564,5.358969999999999,"'-0.894861","'-0.010912939024390243",.231,.470,13.2,7.3,33.112582781456965,89.1,110.6,89.1,103.8,41.5,23.2,20.1,30.6,52.11726384364822,70.51282051282051,79.0909090909091,15.960912052117262,15.1,.250,.329,.456,.280,8.536585365853659,7,6,3,1,17,3,19,160,49
Drew Waters,KCR,OF,27,112,104,444,0.6445783132530121,0.7515060240963856,0.5331325301204819,0.5749246987951807,0.8722891566265061,0.33842512908777966,0.7123493975903614,0.8855421686746988,0.8975903614457831,0.16415662650602408,0.07228915662650602,0.7695783132530121,0.9563253012048193,0.911144578313253,0.7846385542168675,0.8524096385542169,0.4006024096385542,0.44879518072289154,0.3870481927710843,0.9763636363636364,0.9548192771084337,0.28313253012048195,0.10692771084337349,0.6626506024096386,0.5180722891566265,0.9631901840490797,0.8680981595092024,5.650869999999999,"'-0.028091900000000003","'-0.0002508205357142857",.253,.466,14.5,7.1,38.07106598984771,90.7,113.8,95.3,105.5,50,25,11.5,29,59.009009009009006,75.70850202429149,77.54010695187165,17.117117117117118,23.7,.279,.330,.558,.329,9.821428571428571,11,8,9,1,29,6,28,262,76
Anthony Seigler,BOS,3B,26,70,57,270,0.7951807228915663,0.7274096385542169,0.5301204819277109,0.6217055722891567,0.36927710843373496,0.7540877796901893,0.8539156626506024,0.5391566265060241,0.16716867469879518,0.9292168674698795,0.9789156626506024,0.6942771084337349,0.1280120481927711,0.6099397590361446,0.22740963855421686,0.3177710843373494,0.7454819277108434,0.5677710843373494,0.7183734939759037,0.1509090909090909,0.4819277108433735,0.6204819277108434,0.8042168674698795,0.6054216867469879,0.03614457831325301,0.10889570552147239,0.15950920245398773,5.3754800000000005,"'-0.998295","'-0.014261357142857143",.271,.367,2.3,18.6,16.428571428571427,90.1,104.1,91.4,101.2,34.1,18.6,13.1,22.6,39.25925925925926,63.84615384615384,83.13253012048195,8.888888888888891,9.1,.281,.414,.421,.349,1.4285714285714286,1,13,3,1,16,1,13,106,24
Tyler Gentry,DET,OF,27,94,80,345,0.8012048192771084,0.8403614457831325,0.5271084337349398,0.5819841867469879,0.7033132530120481,0.45503442340791744,0.6897590361445783,0.8298192771084337,0.6792168674698795,0.5436746987951807,0.7078313253012049,0.7695783132530121,0.31626506024096385,0.9578313253012049,0.6792168674698795,0.9216867469879518,0.6596385542168675,0.5677710843373494,0.2921686746987952,0.5236363636363637,0.4036144578313253,0.2620481927710843,0.31626506024096385,0.5512048192771084,0.14457831325301204,0.9447852760736196,0.7883435582822086,5.1852,"'-0.553524","'-0.005888553191489362",.250,.442,8.2,11.7,23.64864864864865,90.7,107,96.4,104.6,52.5,20.2,13.1,31,45.79710144927536,62.43654822335025,77.23577235772358,14.20289855072464,21.3,.300,.404,.512,.362,5.319148936170213,5,11,6,1,24,3,19,158,49
Ryan Ward,LAD,1B,28,162,135,695,0.8614457831325302,0.822289156626506,0.5240963855421686,0.7090549698795181,0.7132530120481928,0.7233218588640276,0.8253012048192772,0.7996987951807228,0.7168674698795181,0.822289156626506,0.43373493975903615,0.8569277108433735,0.42620481927710846,0.8614457831325302,0.7650602409638554,0.766566265060241,0.7228915662650602,0.3870481927710843,0.8524096385542169,0.4672727272727273,0.5662650602409639,0.8524096385542169,0.8132530120481928,0.641566265060241,0.7891566265060241,0.2791411042944785,0.3174846625766871,5.55962,0.667207,0.004118561728395062,.266,.433,8.7,16,28.421052631578945,91.7,108.1,94.4,105.3,46.2,19.1,10.7,19.6,44.89208633093525,64.76190476190476,87.74509803921568,8.776978417266188,12.5,.289,.407,.496,.337,5.5555555555555545,9,26,8,1,39,6,31,312,61
Kyler Fedko,MIN,OF,26,121,110,448,0.6957831325301205,0.7063253012048193,0.5210843373493976,0.5899849397590362,0.7493975903614458,0.36381239242685026,0.6490963855421686,0.9066265060240963,0.9337349397590361,0.15060240963855423,0.11746987951807229,0.6551204819277109,0.4352409638554217,0.7650602409638554,0.6927710843373494,0.8162650602409639,0.34789156626506024,0.8795180722891566,0.4126506024096386,0.7790909090909091,0.5903614457831325,0.6174698795180723,0.3102409638554217,0.9216867469879518,0.45481927710843373,0.9785276073619632,0.9815950920245399,7.763160000000001,"'-0.131525","'-0.0010869834710743804",.248,.481,16.5,6.6,35.497835497835496,89.7,108.2,92.9,104.7,48.1,26.4,19.1,28.6,50,65.43778801843318,83.09859154929578,14.285714285714285,32.9,.264,.322,.555,.296,10.743801652892563,13,8,4,2,29,8,32,224,64
Max Anderson,DET,2B,24,35,34,113,0.9081325301204819,0.9819277108433735,0.5180722891566265,0.4564194277108433,0.5927710843373494,0.3227194492254733,0.9909638554216867,0.9593373493975904,0.5993975903614458,0.03463855421686747,0.04819277108433735,0.6445783132530121,0.23042168674698796,0.6746987951807228,0.21385542168674698,0.5301204819277109,0.7996987951807228,0.05271084337349398,0.2560240963855422,0.9963636363636365,1,0.09337349397590361,0.02710843373493976,0.1280120481927711,0.28313253012048195,0.4938650306748466,0.5,1.9217,"'-0.0806613","'-0.002304608571428572",.329,.536,7.1,2.9,39.215686274509814,89.6,106,91.9,101.1,39.3,17.1,2.2,31.6,67.25663716814161,90.32258064516128,73.21428571428571,21.238938053097343,15.8,.412,.429,.647,.462,5.7142857142857135,2,1,2,0,14,2,6,76,24
Rodolfo Durán,SDP,C,28,99,83,382,0.7198795180722891,0.5015060240963856,0.5150602409638554,0.6729103915662651,0.7033132530120482,0.6284423407917384,0.7048192771084337,0.6867469879518072,0.3509036144578313,0.48343373493975905,0.8524096385542169,0.9216867469879518,0.7168674698795181,0.8012048192771084,0.6551204819277109,0.8403614457831325,0.5587349397590361,0.6551204819277109,0.8283132530120482,0.3363636363636364,0.1686746987951807,0.6882530120481928,0.8192771084337349,0.7710843373493976,0.5662650602409639,0.8711656441717791,0.8220858895705522,6.21535,0.017290299999999998,0.00017464949494949496,.252,.396,4.9,11.1,20.666666666666668,92.8,110.4,93.4,104.3,49.2,22.2,14.1,20.2,42.67015706806283,56.896551724137936,84.84848484848484,8.638743455497384,22.2,.229,.343,.422,.259,3.0303030303030303,3,11,2,1,19,4,22,163,33
A.J. Vukovich,ARI,3B/OF,24,53,52,183,0.39156626506024095,0.6641566265060241,0.5120481927710844,0.5091302710843373,0.569277108433735,0.46966437177280546,0.8117469879518072,0.7921686746987951,0.7771084337349398,0.010542168674698794,0.07530120481927711,0.6204819277108434,0.338855421686747,0.7394578313253012,0.23644578313253012,0.3177710843373494,0.7349397590361446,0.411144578313253,0.608433734939759,0.9545454545454546,0.9578313253012049,0.5873493975903614,0.3132530120481928,0.39759036144578314,0.4367469879518072,0.14877300613496933,0.6840490797546013,4.10119,"'-0.06525349999999999","'-0.0012311981132075473",.265,.431,9.8,1.9,38.04347826086957,89.4,107.2,92.5,101.3,34.1,18.9,11.1,25,56.830601092896174,75.82417582417581,82.6086956521739,14.207650273224044,19,.308,.321,.538,.350,7.547169811320754,4,1,4,1,16,2,10,104,26
Bryan Ramos,BAL,3B,24,126,103,509,0.21234939759036145,0.1536144578313253,0.5090361445783133,0.4193335843373494,0.24668674698795182,0.6376936316695352,0.09186746987951808,0.12198795180722892,0.38403614457831325,0.7213855421686747,0.8433734939759037,0.10090361445783133,0.45481927710843373,0.125,0.6280120481927711,0.1716867469879518,0.5240963855421686,0.4578313253012048,0.6009036144578314,0.31272727272727274,0.713855421686747,0.4246987951807229,0.6355421686746988,0.25,0.15963855421686746,0.656441717791411,0.5138036809815951,2.92082,"'-0.708287","'-0.005621325396825397",.182,.274,5.3,14.3,20.938628158844768,84.9,108.4,86.8,104.1,29.3,23,11.7,25.1,42.23968565815324,67.67241379310343,80.25477707006371,10.609037328094304,16,.204,.333,.243,.284,3.1746031746031744,4,18,4,0,21,0,29,215,54
Harry Ford,WSN,C,23,126,104,525,0.4608433734939759,0.2033132530120482,0.5060240963855421,0.3913780120481928,0.23825301204819277,0.5380808950086059,0.2545180722891566,0.18674698795180722,0.29668674698795183,0.766566265060241,0.8674698795180723,0.08734939759036145,0.3644578313253012,0.2816265060240964,0.25903614457831325,0.2560240963855422,0.2710843373493976,0.4352409638554217,0.4006024096385542,0.14,0.35240963855421686,0.5271084337349398,0.5813253012048193,0.1536144578313253,0.045180722891566265,0.2822085889570552,0.4938650306748466,2.18343,"'-1.6936200000000001","'-0.013441428571428571",.213,.302,4.3,15.1,20.350877192982455,84.8,107.4,88.7,101.5,31.9,27.8,11.4,28.8,39.047619047619044,61.25000000000001,81.63265306122447,11.23809523809524,15.7,.202,.333,.269,.290,2.380952380952381,3,19,4,0,21,1,35,205,59
Rafael Flores Jr.,PIT,1B,25,146,127,578,0.3569277108433735,0.28012048192771083,0.5030120481927711,0.38460090361445787,0.513855421686747,0.3657487091222031,0.27259036144578314,0.4442771084337349,0.47740963855421686,0.5737951807228916,0.5542168674698795,0.5587349397590361,0.6174698795180723,0.5602409638554217,0.911144578313253,0.4713855421686747,0.21385542168674698,0.20481927710843373,0.3207831325301205,0.2145454545454545,0.16566265060240964,0.25,0.4819277108433735,0.1897590361445783,0.3433734939759036,0.7883435582822086,0.553680981595092,2.61669,"'-0.278648","'-0.0019085479452054797",.214,.348,6,12.3,25.827814569536425,89,109.7,91,107.6,38.1,29.5,7.3,30.2,40.65743944636678,56.88405797101449,77.07006369426752,12.283737024221454,16.7,.220,.322,.346,.309,3.424657534246576,5,18,5,1,28,3,43,235,71
Gabriel Gonzalez,MIN,OF,22,171,155,626,0.0963855421686747,0.12951807228915663,0.5,0.40013177710843373,0.31656626506024094,0.5346385542168675,0.0963855421686747,0.23343373493975902,0.4503012048192771,0.1927710843373494,0.28012048192771083,0.23795180722891565,0.46987951807228917,0.2816265060240964,0.22740963855421686,0.19126506024096385,0.6265060240963856,0.5677710843373494,0.6189759036144579,0.7790909090909091,0.8674698795180723,0.677710843373494,0.4789156626506024,0.31626506024096385,0.08132530120481928,0.299079754601227,0.18404907975460122,3.47371,"'-1.6422900000000002","'-0.0096040350877193",.184,.311,5.8,7.6,30.952380952380953,86.6,108.5,88.7,101.2,30,21.1,13.1,24.6,50,72.06896551724137,84.688995215311,12.300319488817893,10,.174,.246,.355,.170,4.093567251461988,7,13,4,0,27,8,36,313,77
Taylor Trammell,HOU,OF,28,42,30,193,1,0.9533132530120482,0.49698795180722893,0.7244917168674699,0.8963855421686746,0.5137693631669535,0.5828313253012049,0.9879518072289156,0.9864457831325302,0.9849397590361446,0.6295180722891566,0.9608433734939759,0.7439759036144579,0.5150602409638554,0.8855421686746988,0.802710843373494,0.46536144578313254,1,0.11596385542168675,0.48,0.9126506024096386,0.3132530120481928,0.1746987951807229,0.9307228915662651,0.10843373493975904,0.911042944785276,1,7.882610000000001,"'-0.319893","'-0.007616500000000001",.243,.580,21.1,23.8,24.778761061946906,93.8,110.6,90.7,107.2,47.4,23.8,28.1,35.6,45.07772020725388,73.75,77.96610169491525,16.06217616580311,38.1,.233,.452,.567,.278,9.523809523809524,4,10,2,1,7,2,10,87,31
Dayan Frias,CLE,3B,23,124,107,486,0.13253012048192772,0.07379518072289157,0.4939759036144578,0.4089796686746988,0.20271084337349396,0.5567986230636833,0.14006024096385541,0.09036144578313253,0.1822289156626506,0.5632530120481928,0.286144578313253,0.10090361445783133,0.4352409638554217,0.15210843373493976,0.09337349397590361,0.20481927710843373,0.4879518072289157,0.7243975903614458,0.8177710843373494,0.4654545454545455,0.1897590361445783,0.7756024096385542,0.7771084337349398,0.6355421686746988,0.6355421686746988,0.5214723926380368,0.5276073619631901,5.5276,0.13571,0.0010944354838709678,.195,.259,2.5,12.1,30.701754385964914,84.9,108.2,87.4,99.2,30.4,23.4,15.6,20.6,44.855967078189295,57.36434108527132,86.4864864864865,9.25925925925926,16.3,.187,.290,.234,.244,1.6129032258064515,2,15,2,0,20,1,29,218,45
Trevor Hauver,TEX,OF,27,149,122,667,0.766566265060241,0.4683734939759036,0.49096385542168675,0.5820783132530121,0.5484939759036145,0.6133820998278828,0.6280120481927711,0.6039156626506024,0.6234939759036144,0.8900602409638554,0.9126506024096386,0.45180722891566266,0.5753012048192772,0.3960843373493976,0.3629518072289157,0.4879518072289157,0.32981927710843373,0.5903614457831325,0.5406626506024096,0.09818181818181818,0.2545180722891566,0.6490963855421686,0.7168674698795181,0.2921686746987952,0.5903614457831325,0.4110429447852761,0.504601226993865,3.33046,0.0737327,0.0004948503355704699,.247,.379,7.4,17.4,18.83656509695291,88.3,109.3,89.7,102.3,38.3,26.8,13.3,26.4,37.481259370314845,59.47712418300654,84.06593406593407,9.89505247376312,15.9,.254,.389,.336,.370,4.026845637583892,6,26,7,0,31,1,40,250,66
Paul McIntosh,PHI,C,28,60,49,255,0.5813253012048193,0.30271084337349397,0.4879518072289157,0.6497552710843373,0.6843373493975904,0.7822719449225473,0.463855421686747,0.19578313253012047,0.49096385542168675,0.7590361445783133,0.858433734939759,0.9653614457831325,0.7756024096385542,0.9939759036144579,0.9909638554216867,0.9939759036144579,0.6731927710843374,0.42620481927710846,0.8177710843373494,0.19,0.6325301204819277,0.8855421686746988,0.8493975903614458,0.02710843373493976,0.33433734939759036,0.26380368098159507,0.23773006134969324,0.559524,"'-0.117326","'-0.001955433333333333",.231,.304,6.1,15,20.54794520547945,93.9,111,98.2,110,63.6,20,11.3,20.6,40,66.05504587155964,88.8888888888889,8.235294117647058,10.8,.184,.333,.327,.222,3.333333333333333,2,9,4,0,9,1,12,102,21
Carlos Mendoza,TOR,2B/OF,26,139,110,599,0.5737951807228916,0.30271084337349397,0.48493975903614456,0.4450301204819277,0.27620481927710844,0.6538296041308088,0.35993975903614456,0.16415662650602408,0.19728915662650603,0.9337349397590361,0.6400602409638554,0.24548192771084337,0.46987951807228917,0.3177710843373494,0.1927710843373494,0.3042168674698795,0.6325301204819277,0.06626506024096386,0.8072289156626506,0.19636363636363635,0.0963855421686747,0.6295180722891566,0.8373493975903614,0.16265060240963855,0.04819277108433735,0.11349693251533742,0.046012269938650305,2.28985,"'-1.84838","'-0.013297697841726618",.222,.296,2.6,18.7,24.65753424657534,86.7,108.5,89.1,100.8,33.8,20.9,3.1,20.8,40.066777963272116,54.72312703583062,83.33333333333334,8.347245409015025,6,.209,.367,.273,.272,1.4388489208633095,2,26,4,0,23,1,29,240,50
Anthony Volpe,NYY,SS,25,42,39,149,0.10542168674698796,0.07379518072289157,0.4819277108433735,0.49312876506024095,0.4969879518072289,0.5141996557659209,0.3463855421686747,0.25301204819277107,0.25,0.01957831325301205,0.10542168674698796,0.9156626506024096,0.08132530120481928,0.9201807228915663,0.15210843373493976,0.9849397590361446,0.46536144578313254,0.5075301204819277,0.7409638554216867,0.8563636363636363,0.7921686746987951,0.9066265060240963,0.5692771084337349,0.8463855421686747,0.9036144578313253,0.08742331288343558,0.06748466257668712,6.99972,0.34867,0.008301666666666666,.221,.316,3.3,2.4,36.25,92.5,103,95.5,100.3,60,23.8,12.6,22.1,51.67785234899329,69.56521739130434,89.58333333333334,11.409395973154364,6.7,.205,.238,.333,.241,2.380952380952381,1,1,2,0,8,1,10,77,17
Nolan Jones,CLE,OF,28,156,130,651,0.6445783132530121,0.6054216867469879,0.4789156626506024,0.5805722891566265,0.6379518072289156,0.5873493975903614,0.5828313253012049,0.6280120481927711,0.3704819277108434,0.7063253012048193,0.8343373493975904,0.5858433734939759,0.9201807228915663,0.625,0.8072289156626506,0.6852409638554217,0.516566265060241,0.5316265060240963,0.6942771084337349,0.11454545454545455,0.04819277108433735,0.516566265060241,0.7951807228915663,0.2289156626506024,0.14759036144578314,0.3128834355828221,0.1901840490797546,2.71542,"'-0.9075139999999999","'-0.0058173974358974355",.243,.385,5.2,14.1,21.107266435986162,89.2,113,91.5,106,43.8,23.1,12.8,23.2,38.40245775729647,52.209944751381215,81.48148148148148,8.90937019969278,10.2,.262,.372,.431,.311,3.205128205128205,5,22,4,0,34,6,36,250,58
Juan Benjamin,CLE,2B/3B,23,51,46,222,0.15060240963855423,0.08433734939759036,0.4759036144578313,0.386671686746988,0.41807228915662653,0.3235800344234079,0.14006024096385541,0.2605421686746988,0.5602409638554217,0.37349397590361444,0.4578313253012048,0.5436746987951807,0.061746987951807226,0.29518072289156627,0.1144578313253012,0.6641566265060241,0.15210843373493976,0.8057228915662651,0.3870481927710843,0.4745454545454546,0.12048192771084337,0.3644578313253012,0.40963855421686746,0.7349397590361446,0.9337349397590361,0.9815950920245399,0.9769938650306749,6.01285,0.519339,0.010183117647058823,.195,.317,6.7,9.8,27.90697674418605,88.9,102.5,88.8,99.6,43.3,31.4,16.9,29,45.04504504504504,55.88235294117647,78.94736842105263,13.063063063063064,32.3,.174,.255,.304,.214,3.92156862745098,2,5,0,0,8,2,16,100,29
Christian Cerda,ARI,C,23,44,35,164,0.45481927710843373,0.7063253012048193,0.47289156626506024,0.4876694277108434,0.2575301204819277,0.6738382099827883,0.4292168674698795,0.3614457831325301,0.5783132530120482,0.6731927710843374,0.927710843373494,0.2620481927710843,0.018072289156626505,0.07228915662650602,0.061746987951807226,0.0677710843373494,0.7575301204819277,0.8870481927710844,0.5632530120481928,0.4818181818181818,0.7108433734939759,0.5301204819277109,0.5542168674698795,0.02710843373493976,0.3373493975903614,0.803680981595092,0.9647239263803681,0.559524,"'-0.0848295","'-0.001927943181818182",.229,.336,6.9,13.6,18.666666666666668,86.8,99.7,85.6,98.4,24.1,18.2,19.2,25.7,45.121951219512205,67.41573033707866,81.66666666666667,11.585365853658535,30,.257,.364,.514,.231,4.545454545454546,2,6,0,0,9,3,8,74,19
Thomas Gavello,SFG,2B/3B,24,87,72,360,0.32831325301204817,0.20933734939759036,0.46987951807228917,0.4679969879518072,0.35873493975903614,0.5897160068846815,0.15060240963855423,0.35240963855421686,0.6310240963855421,0.6024096385542169,0.6897590361445783,0.2620481927710843,0.16114457831325302,0.46987951807228917,0.35240963855421686,0.3870481927710843,0.5240963855421686,0.6656626506024096,0.4954819277108434,0.5418181818181819,0.7289156626506024,0.6385542168674698,0.44879518072289154,0.42168674698795183,0.6114457831325302,0.3558282208588957,0.24539877300613497,4.27498,0.0629678,0.000723767816091954,.197,.335,7.5,12.6,24.022346368715088,86.8,105,90.4,102.2,35.8,23,14.4,27.1,46.111111111111114,67.95580110497238,83.73983739837398,12.5,10.9,.181,.299,.333,.196,4.597701149425287,4,11,2,0,13,3,20,166,45
John Rave,KCR,OF,28,152,129,687,0.6189759036144579,0.7349397590361446,0.46686746987951805,0.6526731927710843,0.6551204819277108,0.6555507745266781,0.3855421686746988,0.7228915662650602,0.7876506024096386,0.6400602409638554,0.6716867469879518,0.516566265060241,0.7078313253012049,0.625,0.6445783132530121,0.5406626506024096,0.6927710843373494,0.7394578313253012,0.8644578313253012,0.15454545454545454,0.024096385542168676,0.8102409638554217,0.8855421686746988,0.8343373493975904,0.891566265060241,0.36809815950920244,0.7101226993865031,6.901489999999999,1.21059,0.007964407894736842,.224,.408,10,13.2,24.253731343283587,88.7,110.3,91.5,104.2,40,19.7,15.8,19.3,39.30131004366812,48.92601431980908,87.3170731707317,7.5691411935953425,19.6,.271,.368,.504,.298,6.578947368421053,10,20,7,1,35,7,30,270,52
Max Schuemann,NYY,SS,28,91,71,356,0.927710843373494,0.28012048192771083,0.463855421686747,0.7609186746987953,0.7057228915662651,0.818631669535284,0.891566265060241,0.7033132530120482,0.5993975903614458,0.9006024096385542,0.891566265060241,0.8885542168674698,0.5617469879518072,0.6656626506024096,0.6551204819277109,0.7756024096385542,0.8207831325301205,0.463855421686747,0.822289156626506,0.2363636363636364,0.6054216867469879,0.858433734939759,0.8313253012048193,0.6325301204819277,0.8403614457831325,0.3389570552147239,0.5352760736196319,5.50994,0.513245,0.005640054945054943,.279,.404,7.1,17.6,19.473684210526315,92.1,109.2,91.8,104.3,46.4,16.5,11.8,20.5,41.01123595505618,65.66265060240963,88.07339449541287,8.426966292134832,16.4,.183,.352,.282,.214,4.395604395604397,4,16,4,0,13,1,15,146,30
Ethan Murray,MIL,2B/SS,26,91,80,325,0.39156626506024095,0.23644578313253012,0.4608433734939759,0.4073795180722891,0.6225903614457832,0.2874354561101549,0.463855421686747,0.5256024096385542,0.43373493975903615,0.3825301204819277,0.3704819277108434,0.8478915662650602,0.46987951807228917,0.8855421686746988,0.8283132530120482,0.8358433734939759,0.16265060240963855,0.24849397590361447,0.14156626506024098,0.4927272727272728,0.2289156626506024,0.5060240963855421,0.21987951807228914,0.2891566265060241,0.5542168674698795,0.6380368098159509,0.3604294478527607,3.2928800000000003,0.00934596,0.00010270285714285716,.231,.363,5.7,9.9,29.60526315789473,91.6,108.5,94.8,106.3,49.1,30.8,8.2,34.7,45.23076923076921,58.95953757225434,81.37254901960785,15.692307692307693,13.2,.237,.319,.325,.333,3.296703296703297,3,9,1,0,19,2,28,147,51
Carlos Colmenarez,TBR,3B/SS,22,63,54,261,0.060240963855421686,0.06626506024096386,0.4578313253012048,0.30289909638554213,0.3942771084337349,0.24203958691910496,0.03614457831325301,0.05421686746987952,0.46686746987951805,0.608433734939759,0.4397590361445783,0.3569277108433735,0.30271084337349397,0.3313253012048193,0.6069277108433735,0.7906626506024096,0.0030120481927710845,0.29518072289156627,0.009036144578313253,0.4627272727272727,0.5180722891566265,0.0858433734939759,0.030120481927710843,0.7891566265060241,0.9397590361445783,0.5996932515337423,0.015337423312883436,6.43849,0.675342,0.010719714285714286,.146,.219,5.9,12.7,28.368794326241137,87.6,106.9,89.2,104,47.1,55.6,8.9,47,44.82758620689656,64.16666666666667,72.72727272727273,21.0727969348659,4.3,.148,.270,.241,.389,1.5873015873015872,1,8,2,0,8,1,35,117,55
Nick Cimillo,PIT,1B,26,89,77,365,0.48343373493975905,0.3207831325301205,0.45481927710843373,0.46780873493975905,0.6361445783132531,0.33885542168674704,0.37349397590361444,0.6626506024096386,0.8343373493975904,0.5828313253012049,0.5240963855421686,0.5436746987951807,0.6762048192771084,0.46987951807228917,0.8012048192771084,0.463855421686747,0.1460843373493976,0.927710843373494,0.09186746987951808,0.4881818181818182,0.7319277108433735,0.14457831325301204,0.15060240963855423,0.14759036144578314,0.1144578313253012,0.9877300613496932,0.9647239263803681,2.15435,"'-0.628092","'-0.007057213483146067",.223,.391,12,12.4,26.73267326732673,88.9,110.1,90.4,105.8,38,31.5,20.8,36.4,45.20547945205479,68.09815950920245,74.77477477477478,16.43835616438356,30,.221,.315,.390,.298,6.741573033707866,6,11,4,0,17,3,28,165,60
Collin Price,HOU,C/1B,26,129,110,563,0.7786144578313253,0.5240963855421686,0.45180722891566266,0.5217432228915663,0.6316265060240964,0.40748709122203103,0.3930722891566265,0.8930722891566265,0.9156626506024096,0.5301204819277109,0.7620481927710844,0.3042168674698795,0.6174698795180723,0.11295180722891567,0.6927710843373494,0.42771084337349397,0.21385542168674698,0.9969879518072289,0.15210843373493976,0.5672727272727273,0.8734939759036144,0.14006024096385541,0.18072289156626506,0.1686746987951807,0.27710843373493976,0.950920245398773,0.9969325153374233,2.37046,"'-0.313292","'-0.0024286201550387603",.225,.471,15.1,11.6,22.41379310344828,87.2,109.7,86.5,104.7,37,29.5,27.9,34.4,46.536412078152765,72.16117216117215,74.61928934010153,15.985790408525755,37,.227,.333,.445,.284,8.527131782945737,11,15,6,0,25,6,38,262,90
Caden Connor,CHW,1B/OF,25,102,91,383,0.32831325301204817,0.3433734939759036,0.44879518072289154,0.4594314759036145,0.3243975903614458,0.597461273666093,0.8614457831325302,0.32680722891566266,0.05120481927710843,0.2063253012048193,0.3042168674698795,0.37801204819277107,0.45481927710843373,0.36596385542168675,0.3795180722891566,0.411144578313253,0.8614457831325302,0.08885542168674698,0.9307228915662651,0.6490909090909089,0.2921686746987952,0.7048192771084337,0.8825301204819277,0.2680722891566265,0.018072289156626505,0.30828220858895705,0.19631901840490798,3.04072,"'-1.74573","'-0.017115000000000002",.272,.328,0,7.8,30.434782608695656,87.8,108.4,89.5,102.4,36.4,15.7,3.9,15.8,47.780678851174926,60.36036036036037,85.07462686567165,7.571801566579634,10.3,.297,.353,.352,.342,0,0,8,2,0,27,1,16,183,29
Jhostynxon Garcia,PIT,OF,23,68,64,260,0.3117469879518072,0.1822289156626506,0.4457831325301205,0.34149096385542166,0.5680722891566266,0.23838209982788294,0.4186746987951807,0.7093373493975904,0.7168674698795181,0.11596385542168675,0.02710843373493976,0.12198795180722892,0.9457831325301205,0.4819277108433735,0.8960843373493976,0.3463855421686747,0.3433734939759036,0.1822289156626506,0.23644578313253012,0.9509090909090908,0.7680722891566265,0.1144578313253012,0.06325301204819277,0.04216867469879518,0.40512048192771083,0.1334355828220859,0.11196319018404909,0.767857,"'-0.10265999999999999","'-0.0015097058823529412",.228,.405,8.7,5.9,42.14876033057851,85.4,113.5,90.5,107.3,34.8,26.5,6.9,32,56.53846153846154,69.06474820143886,73.95833333333334,18.076923076923077,7.8,.219,.265,.375,.256,5.882352941176469,4,4,1,0,14,3,18,147,47
Ryan Ritter,COL,2B/SS,25,36,29,146,0.9457831325301205,0.9909638554216867,0.4427710843373494,0.4631965361445783,0.49939759036144576,0.3816695352839931,0.8840361445783133,0.8539156626506024,0.911144578313253,0.48343373493975905,0.19728915662650603,0.516566265060241,0.13253012048192772,0.16114457831325302,0.28463855421686746,0.08283132530120482,0.4006024096385542,0.28463855421686746,0.6460843373493976,0.8145454545454546,0.30873493975903615,0.16566265060240964,0.46987951807228917,0.1280120481927711,0.2620481927710843,0.7085889570552147,0.37423312883435583,1.9217,"'-0.0978802","'-0.0027188944444444447",.278,.453,15,11.1,32.69230769230769,88.7,104.2,87.5,101.7,25,25,8.8,24.3,50.68493150684932,60.63829787234043,75.43859649122807,12.32876712328767,13.6,.379,.500,.621,.500,8.333333333333332,3,4,1,0,11,2,9,74,18
Aaron Zavala,TEX,OF,25,125,109,505,0.3674698795180723,0.5662650602409639,0.4397590361445783,0.4674322289156626,0.5201807228915662,0.44814974182444056,0.27259036144578314,0.5301204819277109,0.7650602409638554,0.34789156626506024,0.4367469879518072,0.4623493975903614,0.31626506024096385,0.625,0.4427710843373494,0.5271084337349398,0.3072289156626506,0.6882530120481928,0.49096385542168675,0.5327272727272727,0.6445783132530121,0.45481927710843373,0.45481927710843373,0.4126506024096386,0.7228915662650602,0.46319018404907975,0.40797546012269936,4.20575,0.371613,0.002972904,.214,.365,9.5,9.6,28.41328413284133,88.4,107,91.5,102.9,39.2,27.2,14.8,27.2,45.94059405940594,66.23931623931624,80.64516129032258,12.475247524752474,14.3,.284,.368,.422,.392,5.6000000000000005,7,12,9,0,31,2,34,232,63
Termarr Johnson,PIT,2B,21,126,109,525,0.12198795180722892,0.04819277108433735,0.4367469879518072,0.3210655120481928,0.186144578313253,0.480421686746988,0.11897590361445783,0.07530120481927711,0.19728915662650603,0.608433734939759,0.6942771084337349,0.045180722891566265,0.5301204819277109,0.08734939759036145,0.21385542168674698,0.08283132530120482,0.35542168674698793,0.0572289156626506,0.3072289156626506,0.6563636363636364,0.927710843373494,0.18072289156626506,0.2891566265060241,0.5451807228915663,0.8765060240963856,0.7361963190184049,0.10429447852760736,5.1554400000000005,0.965349,0.0076615,.191,.244,2.6,12.7,24,83.6,109,85.9,101.1,25,26.2,2.3,30.6,48,74.4,75.80645161290323,14.666666666666664,7.6,.165,.278,.202,.237,1.5873015873015872,2,16,4,0,18,0,33,252,77
Korey Lee,CHW,C,27,122,107,470,0.5421686746987951,0.42018072289156627,0.43373493975903615,0.5253200301204819,0.827710843373494,0.26527538726333905,0.5150602409638554,0.6957831325301205,0.8599397590361446,0.1852409638554217,0.5180722891566265,0.8268072289156626,0.8403614457831325,0.9367469879518072,0.8012048192771084,0.9156626506024096,0.15813253012048192,0.47289156626506024,0.10090361445783133,0.7790909090909091,0.7259036144578314,0.10843373493975904,0.060240963855421686,0.8795180722891566,0.2710843373493976,0.7223926380368099,0.9079754601226994,7.35685,"'-0.31686","'-0.0025972131147540983",.235,.402,13,7.4,26.82926829268293,91.3,111.8,95.8,105.8,52.2,31.1,11.9,36.2,50,67.9245283018868,73.8888888888889,18.085106382978726,25.7,.215,.303,.458,.277,7.3770491803278695,9,9,7,2,23,5,38,235,85
César Prieto,STL,2B/3B/DH,27,113,104,373,0.29819277108433734,0.8072289156626506,0.4307228915662651,0.5343561746987953,0.49789156626506026,0.6305938037865749,0.5572289156626506,0.3990963855421687,0.32379518072289154,0.060240963855421686,0.0391566265060241,0.6731927710843374,0.4864457831325301,0.7771084337349398,0.3629518072289157,0.6069277108433735,0.8463855421686747,0.16114457831325302,0.9081325301204819,0.9563636363636364,0.9186746987951807,0.9006024096385542,0.7409638554216867,0.6295180722891566,0.5451807228915663,0.7760736196319018,0.4938650306748466,5.506069999999999,0.00201311,0.00001781513274336283,.239,.341,4.6,4.4,40.93264248704664,89.9,108.6,93,102.3,41.4,15.9,6.3,17,56.83646112600536,73.8888888888889,89.47368421052632,9.6514745308311,15.7,.308,.354,.567,.321,3.5398230088495577,4,5,7,1,32,6,18,212,36
Ji Hwan Bae,NYM,2B/OF,26,125,110,510,0.5421686746987951,0.5481927710843374,0.42771084337349397,0.5163780120481928,0.4960843373493976,0.5131239242685026,0.7198795180722891,0.572289156626506,0.5135542168674698,0.4954819277108434,0.5150602409638554,0.6024096385542169,0.3644578313253012,0.552710843373494,0.6445783132530121,0.42771084337349397,0.5060240963855421,0.32831325301204817,0.4066265060240964,0.7218181818181818,0.9397590361445783,0.4036144578313253,0.3253012048192771,0.5993975903614458,0.8162650602409639,0.7285276073619632,0.7423312883435583,5.3379199999999996,0.580481,0.004643848,.254,.372,6.2,11.2,26.838235294117645,89.3,107.4,90.9,104.2,37,23.2,9.4,28.7,49.21568627450979,74.78991596638657,79.7752808988764,14.117647058823529,20.2,.282,.368,.409,.367,4,5,14,8,0,31,2,29,251,72
Jair Camargo,ATL,C/DH,26,89,84,341,0.3674698795180723,0.10391566265060241,0.4246987951807229,0.4328878012048193,0.8870481927710843,0.1729776247848537,0.37349397590361444,0.8087349397590361,0.9397590361445783,0.015060240963855422,0.02108433734939759,0.9804216867469879,0.7515060240963856,0.9367469879518072,0.8192771084337349,0.9548192771084337,0.08433734939759036,0.16566265060240964,0.02108433734939759,0.9145454545454546,0.6355421686746988,0.42168674698795183,0.012048192771084338,0.37349397590361444,0.1686746987951807,0.656441717791411,0.4263803680981595,3.89426,"'-0.49486099999999994","'-0.005560235955056179",.223,.434,16.7,2.2,42.196531791907525,94.2,110.7,95.8,106.2,55.6,34.8,6.5,40.8,53.95894428152493,66.07142857142857,80.18018018018019,21.994134897360702,14.5,.238,.270,.310,.358,10.112359550561797,9,2,3,0,20,1,31,184,75
Carson Taylor,SEA,C/1B,26,117,96,470,0.6957831325301205,0.5316265060240963,0.42168674698795183,0.5301204819277108,0.3665662650602409,0.6817986230636833,0.7951807228915663,0.47740963855421686,0.21084337349397592,0.8358433734939759,0.6234939759036144,0.338855421686747,0.3870481927710843,0.5978915662650602,0.32680722891566266,0.4186746987951807,0.6475903614457831,0.26506024096385544,0.6566265060240963,0.31636363636363635,0.5391566265060241,0.7801204819277109,0.6897590361445783,0.12048192771084337,0.13253012048192772,0.4662576687116564,0.36809815950920244,1.7599200000000002,"'-0.752444","'-0.006431145299145299",.263,.354,2.8,16.2,24.809160305343514,87.4,107.7,91.3,102,36.6,20.5,8.5,24.1,42.340425531914896,64.42307692307692,86.56716417910447,10.212765957446807,13.5,.271,.385,.375,.342,1.7094017094017095,2,19,7,0,26,1,24,199,48
Victor Labrada,SEA,OF,26,122,97,489,0.6521084337349398,0.6536144578313253,0.4186746987951807,0.47317394578313254,0.2855421686746988,0.6310240963855421,0.40210843373493976,0.24397590361445784,0.29668674698795183,0.8012048192771084,0.4457831325301205,0.08132530120481928,0.28313253012048195,0.4939759036144578,0.22740963855421686,0.5225903614457831,0.6189759036144579,0.26506024096385544,0.5783132530120482,0.6181818181818182,0.7771084337349398,0.6837349397590361,0.5120481927710844,0.4066265060240964,0.25903614457831325,0.6088957055214724,0.36809815950920244,4.15121,"'-0.335229","'-0.00274777868852459",.226,.315,4.3,15.6,28.24427480916031,84.6,106.6,90.6,101.2,39.1,21.3,8.5,25.5,47.23926380368097,69.16299559471366,84.71337579617834,12.065439672801634,13.5,.278,.426,.361,.371,2.459016393442623,3,19,5,0,27,1,26,231,59
Euribiel Angeles,ATH,2B/SS,24,84,80,294,0.0391566265060241,0.04216867469879518,0.41566265060240964,0.33650225903614456,0.2322289156626506,0.4924698795180723,0.2183734939759036,0.08734939759036145,0.125,0.06927710843373494,0.04216867469879518,0.058734939759036146,0.4864457831325301,0.11295180722891567,0.40210843373493976,0.4036144578313253,0.9246987951807228,0.006024096385542169,0.8072289156626506,0.7090909090909091,0.24849397590361447,0.6596385542168675,0.6957831325301205,0.5120481927710844,0.5090361445783133,0.18558282208588958,0.0843558282208589,4.9444,"'-0.034988","'-0.0004165238095238095",.209,.255,1.4,4.8,39.74358974358975,84.1,108.6,86.5,102.6,36.2,13.1,"'-6.1",20.8,48.979591836734684,59.42028985507246,84.14634146341461,10.20408163265306,7.1,.212,.250,.263,.235,1.1904761904761905,1,4,1,0,17,1,11,144,30
Jose Cordova,COL,C/1B,26,36,34,127,0.29819277108433734,0.15813253012048192,0.4126506024096386,0.4818335843373494,0.5123493975903615,0.5555077452667814,0.5963855421686747,0.6129518072289156,0.7725903614457831,0.10090361445783133,0.34487951807228917,0.18072289156626506,0.4864457831325301,0.061746987951807226,0.5677710843373494,0.5090361445783133,0.9924698795180723,0.16114457831325302,0.7379518072289156,0.7545454545454545,0.6987951807228916,0.411144578313253,0.6024096385542169,0.2033132530120482,0.45180722891566266,0.6211656441717791,0.647239263803681,2.6428599999999998,"'-0.039152099999999995","'-0.0010875583333333331",.244,.382,9.7,5.6,30,86.1,108.6,85.2,103.8,38.7,8.3,6.3,22.2,49.60629921259843,67.16417910447761,80,11.023622047244093,18.2,.235,.278,.353,.258,8.333333333333332,3,2,4,0,8,0,3,63,14
Alika Williams,PIT,SS,27,130,115,478,0.7906626506024096,0.7680722891566265,0.40963855421686746,0.5974209337349398,0.4436746987951807,0.6736230636833047,0.9593373493975904,0.766566265060241,0.5873493975903614,0.2560240963855422,0.35843373493975905,0.21536144578313254,0.5105421686746988,0.20933734939759036,0.40210843373493976,0.13855421686746988,0.9367469879518072,0.6129518072289156,0.8358433734939759,0.6109090909090911,0.6234939759036144,0.9427710843373494,0.7620481927710844,0.2620481927710843,0.29518072289156627,0.43558282208588955,0.5138036809815951,3.0285,"'-0.285981","'-0.002199853846153846",.297,.419,7,8.5,29.718875502008032,86.4,108.8,88.1,102.6,28,12.3,13.5,20,47.07112970711297,65.93886462882097,91.3907284768212,9.414225941422592,16,.322,.392,.478,.357,5.384615384615384,7,11,10,1,37,2,16,225,45
Pedro León,PHI,OF,27,52,46,185,0.7033132530120482,0.28012048192771083,0.4066265060240964,0.5259789156626506,0.8512048192771084,0.14006024096385544,0.9352409638554217,0.7304216867469879,0.8162650602409639,0.34789156626506024,0.06325301204819277,0.9533132530120482,0.8509036144578314,0.8704819277108434,0.9322289156626506,0.9051204819277109,0.06626506024096386,0.5436746987951807,0.015060240963855422,0.7,0.42168674698795183,0.0572289156626506,0.009036144578313253,0.9969879518072289,0.9939759036144579,0.0736196319018405,0.40797546012269936,9.71648,1.46801,0.028230961538461538,.290,.410,11.1,9.6,38.31775700934579,93.5,111.9,94.6,107.9,51.9,36.5,12.9,45.6,48.64864864864865,62.82051282051282,71.42857142857143,22.162162162162165,14.3,.283,.346,.326,.464,5.769230769230768,3,5,0,1,13,0,19,90,41
Trey Lipscomb,WSN,3B,25,125,118,460,0.2003012048192771,0.3433734939759036,0.4036144578313253,0.4538780120481928,0.5608433734939758,0.4128657487091222,0.463855421686747,0.46686746987951805,0.47740963855421686,0.10090361445783133,0.0783132530120482,0.5331325301204819,0.6295180722891566,0.4292168674698795,0.661144578313253,0.697289156626506,0.3674698795180723,0.6024096385542169,0.48493975903614456,0.9381818181818182,0.8463855421686747,0.7349397590361446,0.27710843373493976,0.30120481927710846,0.572289156626506,0.21932515337423314,0.6579754601226994,3.3756800000000005,0.038677300000000005,0.0003094184,.231,.352,6,5.6,37.5,88.8,109.8,90,104.4,44,25.6,13.4,27.3,55.00000000000001,71.61016949152544,85.79881656804734,15,18.4,.237,.280,.449,.275,4,5,7,7,0,28,6,32,253,69
Cade Fergus,PHI,OF,25,27,25,117,0.018072289156626505,0.03463855421686747,0.4006024096385542,0.33000753012048195,0.611144578313253,0.10133390705679864,0.0391566265060241,0.05120481927710843,0.733433734939759,0.1852409638554217,0.44879518072289154,0.4789156626506024,0.8509036144578314,0.02710843373493976,0.3795180722891566,0.9412650602409639,0.006024096385542169,0.9578313253012049,0.0030120481927710845,0.1190909090909091,0.04216867469879518,0.0030120481927710845,0.02108433734939759,0.5,0.8463855421686747,0,0,4.91523,0.156003,0.005777888888888889,.149,.216,9.1,7.4,28.125,88.5,111.9,82.2,102.4,54.5,51.9,21.5,55.6,38.46153846153847,50.9433962264151,55.555555555555564,21.367521367521366,0,.200,.259,.240,.455,3.7037037037037033,1,2,1,0,5,0,14,45,25
Nick Sogard,BOS,2B,28,159,121,682,0.838855421686747,0.7349397590361446,0.39759036144578314,0.6691453313253013,0.5792168674698794,0.7831325301204819,0.5572289156626506,0.6129518072289156,0.5271084337349398,0.9728915662650602,0.9909638554216867,0.7695783132530121,0.3644578313253012,0.7394578313253012,0.21385542168674698,0.6219879518072289,0.766566265060241,0.6129518072289156,0.8478915662650602,0.05090909090909091,0.21084337349397592,0.7710843373493976,0.9216867469879518,0.3192771084337349,0.12951807228915663,0.6211656441717791,0.647239263803681,3.5013699999999996,"'-1.0256100000000001","'-0.0064503773584905656",.239,.382,6.3,22,14.480874316939891,90.7,107.4,92.5,101.1,42.1,17.6,13.5,19.8,34.75073313782991,58.22784810126582,86.41304347826086,6.89149560117302,18.2,.256,.415,.430,.293,3.7735849056603774,6,35,9,0,31,4,28,237,47
Ismael Munguia,TOR,OF,27,44,40,169,0.9548192771084337,0.7605421686746988,0.39457831325301207,0.6743222891566265,0.40933734939759037,0.8521944922547332,0.9969879518072289,0.8614457831325302,0.05120481927710843,0.30271084337349397,0.8975903614457831,0.5587349397590361,0.12198795180722892,0.2605421686746988,0.07379518072289157,0.45331325301204817,1,0.463855421686747,1,0.37454545454545457,0.7740963855421686,0.9909638554216867,1,0.3614457831325301,0.009036144578313253,0.299079754601227,0.4785276073619632,3.8041,"'-1.0582","'-0.02405",.383,.456,0,9.1,19.318181818181817,89,104,88.5,98.8,37.8,6.8,11.8,5.5,43.19526627218935,69.1358024691358,96.42857142857143,2.366863905325444,15.4,.350,.409,.450,.378,0,0,4,4,0,14,0,3,73,4
Tanner Schobel,MIN,2B/3B,24,88,77,371,0.2319277108433735,0.2936746987951807,0.39156626506024095,0.4810805722891566,0.23162650602409637,0.6435025817555937,0.48042168674698793,0.20481927710843373,0.1430722891566265,0.40813253012048195,0.9337349397590361,0.39156626506024095,0.24096385542168675,0.42018072289156627,0.10240963855421686,0.17771084337349397,0.35843373493975905,0.9367469879518072,0.7680722891566265,0.23272727272727275,0.5993975903614458,0.6355421686746988,0.8012048192771084,0.3855421686746988,0.5783132530120482,0.24539877300613497,0.7944785276073619,3.9958099999999996,0.0313445,0.00035618749999999995,.232,.306,1.9,10.2,18.55670103092784,87.9,106.2,89.9,99.3,29.6,26.1,21,21.7,40.970350404312676,65.5367231638418,83.6206896551724,8.894878706199462,21.4,.247,.330,.351,.333,1.1363636363636365,1,9,5,0,19,1,23,152,33
Dru Baker,CHW,OF,26,91,81,350,0.286144578313253,0.5406626506024096,0.3885542168674699,0.4056852409638554,0.4870481927710843,0.30830464716006883,0.3147590361445783,0.4367469879518072,0.5993975903614458,0.15060240963855423,0.2710843373493976,0.3569277108433735,0.6009036144578314,0.20933734939759036,0.3132530120481928,0.44126506024096385,0.23795180722891565,0.3509036144578313,0.3930722891566265,0.6254545454545455,0.3674698795180723,0.3795180722891566,0.35843373493975905,0.9457831325301205,0.6716867469879518,0.6993865030674846,0.2852760736196319,8.16465,0.15724200000000002,0.001727934065934066,.219,.347,7.1,6.6,31.288343558282214,87.6,109.5,88.1,101.9,37.5,28.6,10.3,28.9,47.42857142857143,61.49732620320856,79.13043478260869,13.714285714285715,11.9,.247,.319,.481,.294,4.395604395604397,4,6,0,2,20,5,26,166,48
Colton Ledbetter,STL,OF,24,134,120,553,0.07078313253012049,0.08433734939759036,0.3855421686746988,0.31419427710843373,0.37620481927710847,0.21019793459552497,0.09939759036144578,0.09337349397590361,0.43373493975903615,0.2319277108433735,0.22590361445783133,0.28313253012048195,0.9503012048192772,0.42018072289156627,0.6069277108433735,0.12048192771084337,0.05271084337349398,0.5436746987951807,0.125,0.7290909090909091,0.6731927710843374,0.06927710843373494,0.09337349397590361,0.9608433734939759,0.7740963855421686,0.4723926380368098,0.5690184049079755,8.615910000000001,0.513245,0.003830186567164178,.186,.260,5.7,8.2,32.12996389891697,86.9,113.6,89.9,104,27.1,38.1,12.9,35.2,49.36708860759494,66.66666666666666,72.28260869565217,17.359855334538878,16.9,.192,.269,.292,.319,2.985074626865672,4,11,3,3,23,1,51,273,96
Tre' Morgan,TBR,1B,23,24,23,108,0.2635542168674699,0.16566265060240964,0.3825301204819277,0.42149849397590367,0.6228915662650601,0.2607573149741825,0.6897590361445783,0.5978915662650602,0.5602409638554217,0.05421686746987952,0.006024096385542169,0.8930722891566265,0.28313253012048195,0.6852409638554217,0.40210843373493976,0.7801204819277109,0.09939759036144578,0.838855421686747,0.45331325301204817,0.9890909090909092,0.9036144578313253,0.22289156626506024,0.0858433734939759,0.012048192771084338,0.4397590361445783,0.006134969325153374,0.06748466257668712,0.14285699999999998,"'-0.0293314","'-0.0012221416666666667",.250,.378,6.7,4.2,47.72727272727273,92.2,106.6,92,102.6,46.7,33.3,17.7,27.9,62.96296296296296,73.4375,76.59574468085106,17.592592592592588,6.7,.217,.250,.391,.286,4.166666666666666,1,1,1,0,5,1,8,68,19
Sebastián Rivero,LAA,C,27,50,45,176,0.15813253012048192,0.0783132530120482,0.3795180722891566,0.5416980421686748,0.577710843373494,0.6381239242685026,0.5481927710843374,0.3825301204819277,0.6310240963855421,0.12198795180722892,0.11144578313253012,0.6551204819277109,0.588855421686747,0.625,0.4427710843373494,0.6310240963855421,0.9412650602409639,0.44879518072289154,0.9563253012048193,0.8127272727272727,0.44126506024096385,0.9969879518072289,0.8975903614457831,0.1566265060240964,0.39457831325301207,0.14877300613496933,0.17177914110429449,2.19643,"'-0.0783041","'-0.001566082",.238,.339,7.5,6,35.80246913580247,89.7,109.4,91.5,102.9,42.5,12,11.5,14.6,50.56818181818182,63.157894736842096,96.66666666666669,7.386363636363638,9.5,.244,.280,.289,.268,6,3,3,2,0,11,0,6,89,13
Blake Dunn,CIN,OF,27,129,111,480,0.5421686746987951,0.32981927710843373,0.37650602409638556,0.5080007530120483,0.4539156626506024,0.5361445783132531,0.7439759036144579,0.42620481927710846,0.25903614457831325,0.2560240963855422,0.34487951807228917,0.3192771084337349,0.7635542168674698,0.0783132530120482,0.6927710843373494,0.5015060240963856,0.7454819277108434,0.10240963855421686,0.7620481927710844,0.5936363636363636,0.22590361445783133,0.7259036144578314,0.6927710843373494,0.7168674698795181,0.822289156626506,0.09969325153374232,0.27300613496932513,5.9437,0.610585,0.0047332170542635655,.257,.346,3.4,8.5,30,87.3,110.9,85.7,104.7,38.6,18.6,4.4,21.8,46.875,58.92857142857143,85.45454545454545,10.208333333333334,11.5,.252,.349,.333,.310,2.3255813953488373,3,11,6,0,28,1,24,225,49
Brett Harris,ATH,3B,27,81,65,311,0.5993975903614458,0.6641566265060241,0.37349397590361444,0.5356739457831325,0.5114457831325302,0.6559810671256454,0.24096385542168675,0.3704819277108434,0.29668674698795183,0.822289156626506,0.6596385542168675,0.8719879518072289,0.2063253012048193,0.8177710843373494,0.6445783132530121,0.8117469879518072,0.47740963855421686,0.07530120481927711,0.5903614457831325,0.20909090909090908,0.40963855421686746,0.9487951807228916,0.6837349397590361,0.5060240963855421,0.8313253012048193,0.17791411042944785,0.3374233128834356,4.93029,0.41728999999999994,0.0051517283950617285,.212,.337,4.3,16,24.444444444444446,91.8,105.7,93.7,104.2,47.8,23.5,3.2,25.4,40.514469453376215,62.59541984732825,91.46341463414636,10.289389067524118,12.8,.262,.407,.400,.341,2.4691358024691357,2,13,3,0,17,2,19,126,32
Freddy Zamora,MIL,SS,27,73,60,298,0.5195783132530121,0.09487951807228916,0.3704819277108434,0.590926204819277,0.4310240963855422,0.7220309810671256,0.3463855421686747,0.2996987951807229,0.5692771084337349,0.6792168674698795,0.9518072289156626,0.4789156626506024,0.15210843373493976,0.3177710843373494,0.3132530120481928,0.6551204819277109,0.5753012048192772,0.9156626506024096,0.7018072289156626,0.2290909090909091,0.6731927710843374,0.7078313253012049,0.7650602409638554,0.463855421686747,0.6265060240963856,0.9340490797546013,0.9294478527607362,4.60493,0.0680087,0.0009316260273972603,.221,.324,6.8,13.7,17.834394904458602,88.5,104.9,89.1,101.9,43.2,21.9,20.3,23,40.93959731543625,66.66666666666666,85.1063829787234,9.395973154362416,26.7,.150,.301,.217,.205,4.10958904109589,3,10,4,0,9,0,16,122,28
Tyler Callihan,PIT,2B/OF,25,166,150,652,0.1927710843373494,0.25150602409638556,0.3674698795180723,0.44728915662650603,0.3795180722891566,0.48364888123924266,0.27259036144578314,0.28313253012048195,0.3328313253012048,0.34789156626506024,0.40963855421686746,0.45180722891566266,0.4186746987951807,0.46987951807228917,0.40210843373493976,0.411144578313253,0.3825301204819277,0.6551204819277109,0.35993975903614456,0.730909090909091,0.891566265060241,0.7018072289156626,0.2921686746987952,0.7530120481927711,0.13855421686746988,0.5475460122699386,0.5352760736196319,6.11152,"'-0.9897219999999999","'-0.005962180722891565",.214,.321,4.7,9.6,28.939828080229226,88.3,108,90.4,102.6,36.4,25.3,14.1,29.5,49.386503067484654,72.93729372937294,85.06787330316742,14.570552147239265,16.4,.227,.301,.360,.288,3.0120481927710845,5,16,6,1,34,4,42,322,95
Kameron Misner,KCR,OF,28,158,134,704,0.7409638554216867,0.6746987951807228,0.3644578313253012,0.5977974397590362,0.6771084337349398,0.4171686746987952,0.6280120481927711,0.8162650602409639,0.8132530120481928,0.6566265060240963,0.41566265060240964,0.516566265060241,0.7756024096385542,0.4939759036144578,0.4743975903614458,0.463855421686747,0.3072289156626506,0.9713855421686747,0.5225903614457831,0.4381818181818182,0.1536144578313253,0.3253012048192771,0.5391566265060241,0.9186746987951807,0.7801204819277109,0.254601226993865,0.7469325153374233,7.68895,0.6179180000000001,0.0039108734177215184,.247,.435,10.9,13.3,28.70967741935484,88.7,111,90.6,103.2,38,27.2,23.1,26.6,44.31818181818182,56.59898477157361,78.47533632286995,11.789772727272727,20.4,.261,.361,.493,.333,6.329113924050633,10,21,9,2,35,6,43,312,83
Carlos Rodríguez,SDP,OF,25,120,106,456,0.32831325301204817,0.30271084337349397,0.3614457831325301,0.4520896084337349,0.19548192771084336,0.6587779690189329,0.7575301204819277,0.26506024096385544,0.10843373493975904,0.4608433734939759,0.39759036144578314,0.20180722891566266,0.1746987951807229,0.2816265060240964,0.10240963855421686,0.22740963855421686,0.8975903614457831,0.1822289156626506,0.8569277108433735,0.6927272727272727,0.43373493975903615,0.8057228915662651,0.7590361445783133,0.37650602409638556,0.6325301204819277,0.7484662576687117,0.4171779141104294,3.9052,0.125936,0.0010494666666666663,.259,.318,1.1,10.8,29.081632653061227,86.3,105.2,88.7,99.3,31.1,14.2,6.9,19.5,48.46491228070175,63.07692307692307,87.1951219512195,9.429824561403509,14.4,.283,.358,.311,.333,0.8333333333333334,1,13,3,0,30,0,17,221,43
Brock Rodden,SEA,2B,25,167,147,676,0.34789156626506024,0.4924698795180723,0.35843373493975905,0.4520896084337349,0.5243975903614457,0.40727194492254737,0.32981927710843373,0.608433734939759,0.6144578313253012,0.29819277108433734,0.1746987951807229,0.5587349397590361,0.4186746987951807,0.625,0.3795180722891566,0.42168674698795183,0.3885542168674699,0.7183734939759037,0.3147590361445783,0.8872727272727273,0.9608433734939759,0.5451807228915663,0.1686746987951807,0.3644578313253012,0.5572289156626506,0.6993865030674846,0.8466257668711656,3.8724800000000004,0.021454400000000002,0.00012846946107784431,.220,.381,7.3,9,32.96398891966759,89,108,91.5,102.4,36.7,25.1,15.5,30.4,52.95857988165681,75.87301587301587,82.00836820083683,16.124260355029584,23,.265,.329,.456,.327,4.790419161676646,8,15,13,0,39,5,42,358,109
Rikuu Nishida,CHW,2B/OF,25,105,87,433,0.3614457831325301,0.822289156626506,0.35542168674698793,0.42526355421686746,0.055722891566265066,0.7317125645438899,0.463855421686747,0.09939759036144578,0.05120481927710843,0.6566265060240963,0.9307228915662651,0.06626506024096386,0.045180722891566265,0.04969879518072289,0.015060240963855422,0.016566265060240965,0.6731927710843374,0.009036144578313253,0.927710843373494,0.1218181818181818,0.09036144578313253,0.8945783132530121,0.9487951807228916,0.5692771084337349,0.17771084337349397,0.02147239263803681,0.0352760736196319,5.26739,"'-0.559617","'-0.005329685714285715",.231,.263,0,13.3,18.65284974093264,84.3,102.1,84.8,94.7,12.1,20,"'-5.4",16.2,38.56812933025404,54.58333333333333,89.31297709923666,6.235565819861432,5.6,.345,.457,.414,.446,0,0,14,3,0,30,1,21,167,27
Ryan Kreidler,MIN,3B/SS,28,113,94,479,0.9216867469879518,0.7921686746987951,0.35240963855421686,0.5632530120481927,0.8319277108433735,0.39328743545611017,0.6490963855421686,0.9337349397590361,0.9397590361445783,0.8554216867469879,0.4036144578313253,0.6340361445783133,0.9879518072289156,0.5978915662650602,0.7469879518072289,0.6641566265060241,0.17921686746987953,0.27259036144578314,0.13102409638554216,0.7509090909090909,0.8433734939759037,0.24397590361445784,0.0963855421686747,0.2560240963855422,0.08433734939759036,0.9187116564417178,0.7300613496932515,2.9597,"'-1.0569600000000001","'-0.00935362831858407",.248,.504,16.7,16.8,29.032258064516128,89.5,116,91.3,105.1,43.3,30.1,8.6,35,49.47807933194154,71.42857142857143,76.96969696969697,17.32776617954071,20,.266,.389,.500,.364,8.849557522123892,10,19,7,0,25,5,34,237,83
Peyton Wilson,KCR,2B/OF,26,47,39,191,0.47740963855421686,0.6746987951807228,0.3493975903614458,0.3728350903614458,0.4493975903614458,0.34380378657487093,0.1686746987951807,0.4623493975903614,0.6641566265060241,0.8674698795180723,0.7891566265060241,0.3192771084337349,0.40813253012048195,0.5737951807228916,0.3132530120481928,0.3930722891566265,0.1897590361445783,0.045180722891566265,0.025602409638554216,0.6418181818181818,0.46686746987951805,0.022590361445783132,0.045180722891566265,0.6204819277108434,0.8524096385542169,0.12883435582822086,0.009202453987730062,5.4852099999999995,0.27534200000000003,0.0058583404255319145,.202,.351,8,17,21.917808219178077,87.3,107.9,91.1,101.9,36,29.8,2,39.6,47.64397905759162,63.5593220338983,66.66666666666666,18.848167539267017,4,.308,.426,.385,.480,4.25531914893617,2,8,3,0,12,0,14,91,36
Ben Cowles,CHC,2B/SS,26,92,78,351,0.286144578313253,0.3644578313253012,0.3463855421686747,0.4371234939759036,0.32379518072289154,0.4830034423407917,0.27259036144578314,0.21987951807228914,0.1355421686746988,0.5602409638554217,0.19728915662650603,0.6204819277108434,0.2063253012048193,0.4503012048192771,0.24548192771084337,0.4367469879518072,0.588855421686747,0.8870481927710844,0.6355421686746988,0.7109090909090909,0.39156626506024095,0.48493975903614456,0.5225903614457831,0.5481927710843374,0.6626506024096386,0.8711656441717791,0.8466257668711656,5.16148,0.142577,0.00154975,.214,.309,1.7,12,32.69230769230769,89.4,105.7,90.2,101.4,37.3,21.7,19.2,24.4,49.002849002849004,62.051282051282044,80.99173553719008,11.965811965811966,23,.231,.337,.372,.281,1.0869565217391304,1,11,5,0,18,2,20,172,42
Marcos Castañon,SDP,2B/3B,27,103,94,382,0.3072289156626506,0.40963855421686746,0.3433734939759036,0.45274849397590355,0.6237951807228915,0.4104991394148021,0.463855421686747,0.5256024096385542,0.6912650602409639,0.2063253012048193,0.060240963855421686,0.6204819277108434,0.7304216867469879,0.625,0.5873493975903614,0.5512048192771084,0.6129518072289156,0.411144578313253,0.6189759036144579,0.9418181818181818,0.641566265060241,0.37198795180722893,0.3614457831325301,0.06927710843373494,0.3885542168674699,0.4401840490797546,0.700920245398773,1.08036,"'-0.163134","'-0.0015838252427184465",.231,.363,8.3,7.8,38.41059602649007,89.4,110.5,91.5,103.9,40.3,21.4,11.1,24.6,55.23560209424085,66.23376623376622,79.08496732026144,13.612565445026178,19.4,.255,.320,.426,.294,5.825242718446603,6,8,4,0,24,4,22,211,52
Greg Jones,MIL,OF,28,60,47,230,0.8554216867469879,0.8403614457831325,0.34036144578313254,0.5284262048192772,0.613855421686747,0.35413080895008603,0.7575301204819277,0.5,0.25903614457831325,0.5436746987951807,0.8192771084337349,0.9713855421686747,0.338855421686747,0.9623493975903614,0.6069277108433735,1,0.18373493975903615,0.30873493975903615,0.11144578313253012,0.2536363636363637,0.45481927710843373,0.07981927710843373,0.286144578313253,0.9849397590361446,0.8855421686746988,0.21932515337423314,0.07822085889570553,9.3785,0.468475,0.007807916666666665,.259,.360,3.4,11.7,21.487603305785125,94,107.2,96.5,104,69,30,9.1,35.8,41.30434782608695,63.302752293577974,72.46376811594203,14.782608695652176,6.9,.319,.467,.404,.517,1.6666666666666667,1,7,2,1,15,0,18,95,34
Justyn-Henry Malloy,TBR,DH/OF,26,139,114,630,0.17018072289156627,0.14006024096385541,0.3373493975903614,0.4146272590361446,0.3240963855421687,0.4974182444061962,0.04216867469879518,0.10843373493975904,0.6701807228915663,0.8162650602409639,0.822289156626506,0.3192771084337349,0.29518072289156627,0.13253012048192772,0.4171686746987952,0.22740963855421686,0.21385542168674698,0.8704819277108434,0.3493975903614458,0.058181818181818175,0.060240963855421686,0.5572289156626506,0.6626506024096386,0.44879518072289154,0.5481927710843374,0.8496932515337423,0.5230061349693251,4.42394,0.00247903,0.00001783474820143885,.152,.268,8.1,15.8,21.468926553672315,87.3,106.8,86.9,102.7,31.1,29.5,18.7,29.7,35.23809523809524,52.89855072463768,82.1917808219178,10.476190476190476,16.2,.149,.295,.281,.186,4.316546762589929,6,22,3,0,17,4,41,222,66
Payton Eeles,BAL,2B/SS,26,58,48,226,0.39156626506024095,0.552710843373494,0.33433734939759036,0.40625,0.2490963855421687,0.5976764199655766,0.3463855421686747,0.14909638554216867,0.19728915662650603,0.7951807228915663,0.7243975903614458,0.45180722891566266,0.30271084337349397,0.45933734939759036,0.1822289156626506,0.14457831325301204,0.8734939759036144,0.21536144578313254,0.4382530120481928,0.3290909090909091,0.5150602409638554,0.3102409638554217,0.5271084337349398,0.11746987951807229,0.012048192771084338,0.18558282208588958,0.003067484662576687,1.7539099999999999,"'-1.11686","'-0.019256206896551727",.221,.286,2.6,15.5,23.33333333333333,88.3,106.9,90.3,100.7,28.2,15.5,7.4,28.1,42.477876106194685,64.15094339622641,77.94117647058823,11.946902654867255,2.5,.292,.414,.333,.359,1.7241379310344829,1,9,2,0,14,0,9,96,27
CJ Kayfus,CLE,1B/OF,24,35,29,135,0.838855421686747,0.5662650602409639,0.3313253012048193,0.43157003012048195,0.2713855421686747,0.4918244406196214,0.963855421686747,0.7515060240963856,0.28463855421686746,0.5105421686746988,0.018072289156626505,0.16415662650602408,0.09337349397590361,0.1686746987951807,0.3132530120481928,0.06325301204819277,0.8945783132530121,0.24096385542168675,0.7018072289156626,0.9309090909090908,0.34487951807228917,0.536144578313253,0.4367469879518072,0.061746987951807226,0.030120481927710843,0.05061349693251534,0.1196319018404908,1.07683,"'-0.562096","'-0.016059885714285717",.299,.414,4,11.4,42.22222222222222,85.9,103.2,87.6,101.9,24,14.3,8.1,23,54.814814814814824,61.111111111111114,81.81818181818183,12.592592592592592,8,.310,.400,.379,.360,2.8571428571428568,1,4,2,0,9,0,5,74,17
Braden Montgomery,CHW,OF,23,37,33,128,0.1430722891566265,0.3704819277108434,0.32831325301204817,0.2954631024096386,0.36265060240963853,0.3349827882960413,0.18072289156626506,0.14909638554216867,0.05120481927710843,0.22439759036144577,0.6129518072289156,0.7349397590361446,0.13704819277108435,0.7530120481927711,0.5075301204819277,0.7409638554216867,0.19578313253012047,0.04216867469879518,0.2680722891566265,0.7790909090909091,0.5737951807228916,0.23795180722891565,0.2319277108433735,0.2033132530120482,0.3644578313253012,0.8604294478527608,0.15950920245398773,2.6428599999999998,"'-0.0659956","'-0.0017836648648648647",.204,.286,0,8.1,25,90.4,104.5,92.6,103.4,45.5,29.7,1.4,31.3,50,65,76.92307692307693,15.625,9.1,.242,.324,.394,.333,0,0,3,2,0,8,1,11,64,20
Ramon Mendoza,STL,2B/3B,25,115,102,456,0.4322289156626506,0.8072289156626506,0.3253012048192771,0.47100903614457834,0.34789156626506024,0.5206540447504303,0.6159638554216867,0.48343373493975905,0.5512048192771084,0.5015060240963856,0.3855421686746988,0.28313253012048195,0.29518072289156627,0.16114457831325302,0.25903614457831325,0.12650602409638553,0.5406626506024096,0.8659638554216867,0.46686746987951805,0.6690909090909091,0.7831325301204819,0.5843373493975904,0.3825301204819277,0.23795180722891565,0.1897590361445783,0.3282208588957055,0.7730061349693251,2.7780400000000003,"'-0.523419","'-0.004551469565217391",.246,.356,6.6,11.3,29.46058091286307,86.9,106.8,87.5,101.5,27.6,22.6,18.6,27.7,48.24561403508772,69.30232558139535,82.5503355704698,13.37719298245614,21.1,.324,.400,.500,.411,4.3478260869565215,5,13,9,0,33,3,26,220,61
Luca Tresh,KCR,C,26,111,101,427,0.4322289156626506,0.7439759036144579,0.32228915662650603,0.4217808734939759,0.6153614457831325,0.25709982788296043,0.5,0.7153614457831325,0.9201807228915663,0.12951807228915663,0.31626506024096385,0.39156626506024095,0.5481927710843374,0.5150602409638554,0.6069277108433735,0.5015060240963856,0.2289156626506024,0.7078313253012049,0.22439759036144577,0.6945454545454546,0.34487951807228917,0.3328313253012048,0.22289156626506024,0.2319277108433735,0.19578313253012047,0.8067484662576687,0.6012269938650306,2.74723,"'-0.479422","'-0.004319117117117117",.234,.406,15.7,6.3,30.28571428571429,87.9,109.1,90.7,104,38.6,28.8,15.3,32.4,48.47775175644028,61.111111111111114,78.57142857142857,15.690866510538642,17.4,.307,.364,.505,.415,9.90990990990991,11,7,8,0,31,4,32,207,67
Braiden Ward,BOS,OF,27,89,62,352,0.9216867469879518,0.858433734939759,0.3192771084337349,0.5271084337349398,0.13403614457831323,0.710197934595525,0.5963855421686747,0.2756024096385542,0.1536144578313253,0.8102409638554217,0.5903614457831325,0.07530120481927711,0.07228915662650602,0.04969879518072289,0.16415662650602408,0.09337349397590361,0.8057228915662651,0.29518072289156627,0.7831325301204819,0.13454545454545455,0.20783132530120482,0.927710843373494,0.8463855421686747,0.9789156626506024,0.9909638554216867,0.5153374233128835,0.3174846625766871,9.24341,2.28438,0.02566719101123596,.244,.320,2.1,15.7,25.242718446601938,84.4,102.8,84.8,100.4,25.5,16.9,8.9,21.2,38.92045454545455,58.21917808219178,90.58823529411764,8.238636363636363,12.5,.258,.472,.403,.319,1.1235955056179776,1,14,4,1,16,1,15,137,29
Oliver Dunn,CHW,3B,28,161,138,651,0.6445783132530121,0.6746987951807228,0.31626506024096385,0.5784073795180722,0.727710843373494,0.45998278829604133,0.6897590361445783,0.6656626506024096,0.6792168674698795,0.5828313253012049,0.7469879518072289,0.8268072289156626,0.5301204819277109,0.9262048192771084,0.7349397590361446,0.9367469879518072,0.37198795180722893,0.23343373493975902,0.4006024096385542,0.4036363636363636,0.2319277108433735,0.45180722891566266,0.43373493975903615,0.8283132530120482,0.7650602409638554,0.4110429447852761,0.5230061349693251,6.718139999999999,0.6032529999999999,0.003746913043478261,.250,.392,8.2,12.4,22.82608695652174,91.3,109,95.6,105,54.1,25.5,7.9,28.8,43.778801843317964,59.2,80.63063063063062,12.596006144393241,16.2,.268,.366,.478,.337,4.9689440993788825,8,20,9,1,37,6,41,285,82
Andrés Chaparro,WSN,1B/DH,27,127,112,493,0.29819277108433734,0.3674698795180723,0.3132530120481928,0.5105421686746987,0.41716867469879515,0.6148881239242685,0.27259036144578314,0.42620481927710846,0.5692771084337349,0.40813253012048195,0.24397590361445784,0.16415662650602408,0.6445783132530121,0.22590361445783133,0.35240963855421686,0.2816265060240964,0.7349397590361446,0.9246987951807228,0.661144578313253,0.7127272727272728,0.822289156626506,0.891566265060241,0.5421686746987951,0.28313253012048195,0.21084337349397592,0.7760736196319018,0.8297546012269938,3.23445,"'-0.494088","'-0.003890456692913386",.214,.346,6.8,10.2,31.48148148148148,85.9,109.9,88.2,102.2,33,18.9,20.7,24,49.08722109533469,70.4035874439462,89.171974522293,11.764705882352938,22.5,.232,.315,.411,.250,4.724409448818896,6,13,5,0,26,5,24,242,58
Eliezer Alfonzo,LAD,C,26,86,71,362,0.7198795180722891,0.5768072289156626,0.3102409638554217,0.5395331325301205,0.17710843373493976,0.8203528399311532,0.8975903614457831,0.4563253012048193,0.23493975903614459,0.8418674698795181,0.5210843373493976,0.12198795180722892,0.030120481927710843,0.2394578313253012,0.0783132530120482,0.04216867469879518,0.9789156626506024,0.22740963855421686,0.9969879518072289,0.3654545454545455,0.4186746987951807,0.9879518072289156,0.9969879518072289,0.15963855421686746,0.09939759036144578,0.3389570552147239,0.1687116564417178,2.23293,"'-0.700241","'-0.008142337209302325",.280,.350,3.1,16.3,26.767676767676768,85.4,100.8,88.3,98.9,20.3,9.3,7.8,8.3,43.093922651933696,62.80487804878049,96.11650485436894,3.591160220994475,9.4,.282,.395,.380,.302,2.3255813953488373,2,14,4,0,20,1,8,156,13
Buddy Kennedy,SFG,2B/3B,27,147,129,576,0.6701807228915663,0.8539156626506024,0.3072289156626506,0.6106927710843374,0.32228915662650603,0.7459122203098106,0.8614457831325302,0.6355421686746988,0.32379518072289154,0.40813253012048195,0.6355421686746988,0.10090361445783133,0.26957831325301207,0.1460843373493976,0.3132530120481928,0.2816265060240964,0.9141566265060241,0.7319277108433735,0.9081325301204819,0.4090909090909091,0.5240963855421686,0.9397590361445783,0.891566265060241,0.6746987951807228,0.6204819277108434,0.8604294478527608,0.7300613496932515,5.6795599999999995,0.11288499999999999,0.0007679251700680273,.272,.387,4.6,10.2,24.66216216216216,84.9,106.5,87.3,101.9,33,13.6,15.7,17,43.92361111111111,64.28571428571429,91.11111111111113,7.465277777777778,20,.326,.408,.519,.362,3.401360544217688,5,15,11,1,42,4,20,253,43
George Valera,CLE,DH/OF,25,86,78,327,0.10542168674698796,0.11897590361445783,0.3042168674698795,0.41396837349397586,0.2846385542168675,0.614027538726334,0.2289156626506024,0.23795180722891565,0.23493975903614459,0.11144578313253012,0.5632530120481928,0.2620481927710843,0.4186746987951807,0.20933734939759036,0.1746987951807229,0.26957831325301207,0.7816265060240963,0.5316265060240963,0.7515060240963856,0.6218181818181818,0.7018072289156626,0.713855421686747,0.6746987951807228,0.03614457831325301,0.3795180722891566,0.5306748466257669,0.15950920245398773,0.708333,"'-0.139324","'-0.0016200465116279071",.210,.313,3.1,5.8,25.64102564102564,86.8,108,88.1,100.6,32.3,17.4,12.8,21.9,47.400611620795104,67.2514619883041,85.21739130434783,10.397553516819572,9.1,.231,.267,.333,.250,2.3255813953488373,2,5,2,0,18,2,15,155,34
Dustin Dickerson,KCR,SS,25,39,30,158,0.13253012048192772,0.0391566265060241,0.30120481927710846,0.345726656626506,0.33192771084337347,0.3861876075731497,0.015060240963855422,0.043674698795180725,0.46686746987951805,0.911144578313253,0.9608433734939759,0.338855421686747,0.21686746987951808,0.3825301204819277,0.338855421686747,0.5933734939759037,0.07228915662650602,0.9789156626506024,0.2289156626506024,0.14909090909090908,0.06626506024096386,0.03614457831325301,0.42771084337349397,0.04216867469879518,0.37349397590361444,0,0,0.767857,"'-0.0659956","'-0.0016921948717948721",.115,.214,5.9,17.9,17.460317460317462,87.4,105.8,89.6,102.1,41.2,35.9,24.1,32.3,39.24050632911392,53.68421052631579,68.62745098039215,12.658227848101266,0,.100,.282,.167,.176,2.564102564102564,1,7,2,0,3,0,14,62,20
Will Banfield,CIN,C,26,106,96,413,0.3795180722891566,0.42018072289156627,0.29819277108433734,0.4567018072289157,0.4051204819277109,0.46170395869191055,0.6731927710843374,0.5120481927710844,0.28463855421686746,0.32680722891566266,0.09337349397590361,0.22740963855421686,0.661144578313253,0.09186746987951808,0.6280120481927711,0.34036144578313254,0.6852409638554217,0.8870481927710844,0.608433734939759,0.8054545454545454,0.4457831325301205,0.6325301204819277,0.4397590361445783,0.10993975903614457,0.35240963855421686,0.5260736196319018,0.7653374233128835,1.72374,"'-0.197987","'-0.0018678018867924527",.249,.361,4,9.4,36.81592039800995,86.5,110,86,104.1,34.7,19.8,19.2,25,50.363196125908004,63.20754716981133,83.5820895522388,12.590799031477001,20.8,.271,.340,.406,.329,2.830188679245284,3,10,7,0,26,2,21,208,52
Omar Martinez,LAA,C,24,75,66,284,0.34789156626506024,0.37349397590361444,0.29518072289156627,0.36888177710843373,0.5204819277108432,0.27323580034423406,0.13403614457831325,0.6219879518072289,0.8448795180722891,0.3192771084337349,0.12951807228915663,0.2620481927710843,0.5180722891566265,0.30873493975903615,0.5135542168674698,0.35542168674698793,0.08734939759036145,0.7319277108433735,0.14156626506024098,0.8163636363636364,0.8403614457831325,0.31626506024096385,0.0783132530120482,0.17319277108433734,0.40963855421686746,0.5153374233128835,0.7300613496932515,2.45903,"'-0.11093099999999999","'-0.00147908",.193,.384,12.5,9.3,35.185185185185176,86.8,108.9,89,103.5,35,34.7,15.7,34.7,50.70422535211267,71.31147540983606,78.16091954022987,17.6056338028169,20,.212,.307,.424,.278,6.666666666666668,5,7,2,0,14,4,26,144,50
Duke Ellis,NYY,OF,28,54,47,232,0.46987951807228917,0.7168674698795181,0.2921686746987952,0.573136295180723,0.5003012048192772,0.6667383820998279,0.4292168674698795,0.5466867469879518,0.6701807228915663,0.48343373493975905,0.8132530120481928,0.6340361445783133,0.19728915662650603,0.16114457831325302,0.3132530120481928,0.45331325301204817,0.75,0.10240963855421686,0.5783132530120482,0.4127272727272727,0.6566265060240963,0.7951807228915663,0.5903614457831325,1,1,0.0950920245398773,0.17791411042944785,10,2.41591,0.04473907407407407,.229,.369,8.1,11.1,21.551724137931032,89.5,105.6,87.5,101.9,37.8,18.5,4.4,25.5,43.96551724137931,66.3793103448276,87.01298701298703,11.20689655172414,9.8,.277,.370,.489,.333,5.5555555555555545,3,6,3,2,13,1,10,102,26
Samad Taylor,SDP,2B/OF,27,148,129,635,0.5316265060240963,0.8780120481927711,0.2891566265060241,0.5320030120481928,0.3855421686746988,0.5589500860585198,0.6280120481927711,0.5978915662650602,0.22740963855421686,0.5210843373493976,0.6987951807228916,0.36596385542168675,0.3960843373493976,0.5150602409638554,0.11144578313253012,0.34036144578313254,0.7033132530120482,0.6445783132530121,0.6189759036144579,0.16545454545454547,0.06325301204819277,0.572289156626506,0.7349397590361446,0.8674698795180723,0.7078313253012049,0.25,0.3803680981595092,7.1704,0.388828,0.0026272162162162163,.247,.378,3,11.5,23.972602739726025,87.7,107.8,90.7,99.5,34.7,19.6,14,24.6,39.68503937007874,53.061224489795926,82.41758241758241,9.763779527559056,13.8,.318,.399,.558,.362,2.0270270270270268,3,17,4,3,41,7,29,252,62
Shay Whitcomb,HOU,2B/3B,27,53,51,197,0.8283132530120482,0.6445783132530121,0.286144578313253,0.4734563253012048,0.7725903614457832,0.13425129087779689,0.8253012048192772,0.9728915662650602,0.9969879518072289,0.046686746987951805,0.1536144578313253,0.6641566265060241,0.5105421686746988,0.7394578313253012,0.8674698795180723,0.7183734939759037,0.030120481927710843,0.5557228915662651,0.11596385542168675,0.4272727272727273,0.08734939759036145,0.29518072289156627,0.21084337349397592,0.5632530120481928,0.8012048192771084,1,0.9938650306748467,5.22968,0.22374000000000002,0.004221509433962264,.266,.556,24.1,3.8,33.673469387755105,89.8,108.8,92.5,106.9,44.8,39.6,13,35.6,44.162436548223354,54.54545454545454,77.7777777777778,15.736040609137056,36.7,.275,.302,.549,.385,13.20754716981132,7,2,2,0,14,4,21,87,31
Jhonkensy Noel,BAL,OF,24,95,86,382,0.08734939759036145,0.02710843373493976,0.28313253012048195,0.26336596385542166,0.4313253012048192,0.22289156626506026,0.08734939759036145,0.17771084337349397,0.38403614457831325,0.1852409638554217,0.03313253012048193,0.3509036144578313,0.8810240963855421,0.11295180722891567,0.9503012048192772,0.3629518072289157,0.1716867469879518,0.22289156626506024,0.23644578313253012,0.8472727272727273,0.5542168674698795,0.2319277108433735,0.14759036144578314,0.09939759036144578,0.4578313253012048,0.30828220858895705,0.299079754601227,1.60119,"'-0.10265999999999999","'-0.0010806315789473684",.177,.299,5.3,7.4,41.3953488372093,87.5,112.5,86.5,108.3,35.1,30.5,7.6,32,51.57068062827225,64.67065868263471,76.85185185185185,16.49214659685864,12.3,.128,.211,.267,.148,3.1578947368421053,3,7,3,0,11,3,29,197,63
Mario Camilletti,CHW,2B/3B,27,104,85,479,0.7093373493975904,0.9006024096385542,0.28012048192771083,0.4868222891566265,0.38975903614457835,0.4935456110154905,0.6731927710843374,0.572289156626506,0.38403614457831325,0.8418674698795181,0.9578313253012049,0.5331325301204819,0.0963855421686747,0.36596385542168675,0.23644578313253012,0.3629518072289157,0.2620481927710843,0.7801204819277109,0.45331325301204817,0.2381818181818182,0.21987951807228914,0.15963855421686746,0.5602409638554217,0.22289156626506024,0.07228915662650602,0.029141104294478526,0.39570552147239263,2.69112,"'-1.04152","'-0.010014615384615384",.249,.372,5.3,16.3,17.733990147783253,88.8,103.5,89.5,101.3,35.1,27.9,16.5,27.9,41.127348643006265,58.33333333333334,75.15527950310559,11.482254697286011,14,.341,.452,.494,.481,2.8846153846153846,3,17,4,0,29,3,29,197,55
Logan Davidson,TBR,1B,28,147,118,581,0.6822289156626506,0.4367469879518072,0.27710843373493976,0.4964231927710844,0.6481927710843374,0.31626506024096385,0.2003012048192771,0.572289156626506,0.7650602409638554,0.7590361445783133,0.39457831325301207,0.7349397590361446,0.6009036144578314,0.45933734939759036,0.7906626506024096,0.5677710843373494,0.18674698795180722,0.8253012048192772,0.03614457831325301,0.41818181818181815,0.3825301204819277,0.34036144578313254,0.1144578313253012,0.7801204819277109,0.8072289156626506,0.5475460122699386,0.5828220858895705,6.32209,0.654583,0.004452945578231293,.206,.372,9.5,15,29.11392405063291,90.4,109.5,90.3,105.6,40.5,29.9,17.5,38.3,44.061962134251296,61.88679245283018,78.65853658536584,16.867469879518072,17.1,.186,.340,.398,.243,4.761904761904762,7,22,8,1,22,5,44,256,98
Blaine Crim,COL,1B,28,147,130,548,0.6701807228915663,0.4683734939759036,0.2740963855421687,0.5889495481927711,0.7177710843373494,0.517211703958692,0.75,0.7515060240963856,0.6987951807228916,0.5301204819277109,0.7319277108433735,0.7349397590361446,0.6009036144578314,0.7981927710843374,0.7108433734939759,0.802710843373494,0.516566265060241,0.48042168674698793,0.5557228915662651,0.18363636363636365,0.13855421686746988,0.4759036144578313,0.6716867469879518,0.3132530120481928,0.6234939759036144,0.1334355828220859,0.6226993865030674,3.46581,0.125936,0.0008567074829931973,.258,.414,8.4,11.6,23.13432835820895,90.4,109.5,93.3,104.8,47.4,23.1,12,26,39.96350364963504,56.07142857142857,80.89171974522294,10.401459854014599,17.7,.262,.347,.408,.319,5.442176870748299,8,17,4,0,34,5,34,219,57
Cristian Pache,NYM,OF,27,136,127,564,0.2635542168674699,0.4683734939759036,0.2710843373493976,0.4302522590361446,0.721987951807229,0.20008605851979347,0.32981927710843373,0.6867469879518072,0.8870481927710844,0.060240963855421686,0.2921686746987952,0.49849397590361444,0.6762048192771084,0.8463855421686747,0.6280120481927711,0.8614457831325302,0.061746987951807226,0.32228915662650603,0.04969879518072289,0.6672727272727272,0.7530120481927711,0.12951807228915663,0.05421686746987952,0.9578313253012049,0.8343373493975904,0.37883435582822084,0.3174846625766871,8.3224,0.727911,0.005352286764705882,.220,.396,14.3,4.4,30.564784053156142,88.6,110.1,94.2,104.1,50.6,36.8,9.3,37.9,48.226950354609926,68.44106463878326,74.44444444444444,18.26241134751773,12.5,.268,.311,.465,.411,8.088235294117647,11,6,9,2,34,4,50,272,103
Austin Gauthier,LAD,2B,27,131,110,543,0.4924698795180723,0.4367469879518072,0.2680722891566265,0.42874623493975905,0.2659638554216867,0.4952667814113597,0.5406626506024096,0.3207831325301205,0.36596385542168675,0.7876506024096386,0.5421686746987951,0.2936746987951807,0.14457831325301204,0.5391566265060241,0.15210843373493976,0.20481927710843373,0.46987951807228917,0.14457831325301204,0.4608433734939759,0.4472727272727273,0.5873493975903614,0.15210843373493976,0.46686746987951805,0.8855421686746988,0.9096385542168675,0.012269938650306749,0.024539877300613498,7.36965,1.13899,0.008694580152671756,.237,.327,5.1,15.3,26.36986301369863,87,104.8,90.8,100.3,30.4,23.7,5.8,27.8,44.38305709023941,65.33864541832668,75,12.338858195211785,4.9,.245,.366,.364,.325,3.0534351145038165,4,20,5,1,27,2,31,241,67
Brody Moore,STL,2B/SS,25,110,97,418,0.22289156626506024,0.10993975903614457,0.26506024096385544,0.4040850903614458,0.1466867469879518,0.6179001721170396,0.463855421686747,0.19578313253012047,0.12048192771084337,0.39006024096385544,0.16265060240963855,0.16415662650602408,0.14457831325301204,0.19578313253012047,0.061746987951807226,0.10843373493975904,0.8298192771084337,0.26506024096385544,0.8885542168674698,0.5727272727272728,0.29819277108433734,0.9216867469879518,0.8343373493975904,0.45481927710843373,0.7289156626506024,0.27607361963190186,0.26226993865030673,4.54494,0.335244,0.0030476727272727273,.231,.304,1.3,10,33.33333333333333,85.9,104.8,88,98.4,26.6,16.4,8.5,17.9,46.65071770334929,60.487804878048784,90.32258064516128,8.373205741626794,11.3,.206,.291,.268,.250,0.9090909090909092,1,11,6,0,20,0,18,195,35
Turner Hill,SFG,OF,27,63,60,243,0.18674698795180722,0.5015060240963856,0.2620481927710843,0.5023531626506024,0.18795180722891563,0.7431153184165232,0.7891566265060241,0.25301204819277107,0.05120481927710843,0.06927710843373494,0.8825301204819277,0.12198795180722892,0.3644578313253012,0.13253012048192772,0.08885542168674698,0.14909638554216867,0.9563253012048193,0.35993975903614456,0.9849397590361446,0.32,0.3569277108433735,0.9608433734939759,0.9909638554216867,0.5602409638554217,0.4939759036144578,0.49693251533742333,0.4539877300613497,5.228269999999999,"'-0.034988","'-0.0005553650793650793",.262,.316,0,4.8,19.81981981981982,85.4,107.4,86.9,99.1,28.3,11.1,10.5,9.7,42.38683127572017,61.36363636363637,92.5925925925926,4.11522633744856,14.8,.333,.365,.400,.377,0,0,3,4,0,20,0,7,103,10
Riley Tirotta,TOR,1B/3B,27,123,105,496,0.2003012048192771,0.2605421686746988,0.25903614457831325,0.4052146084337349,0.4677710843373495,0.3457401032702237,0.07228915662650602,0.20481927710843373,0.6792168674698795,0.6295180722891566,0.9156626506024096,0.338855421686747,0.7168674698795181,0.29518072289156627,0.7349397590361446,0.3990963855421687,0.08132530120481928,0.713855421686747,0.07530120481927711,0.3490909090909091,0.4743975903614458,0.030120481927710843,0.21385542168674698,0.7379518072289156,0.8102409638554217,0.6779141104294478,0.3450920245398773,6.04074,0.565349,0.0045963333333333325,.172,.306,8.2,13,18.77729257641921,87.4,110.4,88.8,105,36.1,35,15.4,36.6,42.94354838709677,63.670411985018724,67.64705882352942,15.725806451612904,12.9,.190,.309,.352,.263,4.0650406504065035,5,16,2,0,20,5,43,213,78
Fernando Peguero,BAL,2B/OF,21,55,49,235,0.05271084337349398,0.21686746987951808,0.2560240963855422,0.24548192771084337,0.12981927710843374,0.3197074010327023,0.08132530120481928,0.07228915662650602,0.2183734939759036,0.46536144578313254,0.0963855421686747,0.015060240963855422,0.31626506024096385,0.015060240963855422,0.08283132530120482,0.02710843373493976,0.2996987951807229,0.03614457831325301,0.34186746987951805,0.6963636363636364,0.3253012048192771,0.411144578313253,0.29819277108433734,0.8704819277108434,0.9608433734939759,0.05828220858895705,0.03067484662576687,7.263660000000001,0.682674,0.012412254545454544,.174,.237,2.9,10.9,36.66666666666666,80.8,107,79.2,99,17.6,27.3,0.1,29.8,48.51063829787234,60.86956521739131,80,14.468085106382976,5.4,.224,.309,.327,.303,1.8181818181818181,1,6,0,1,11,1,15,114,34
Rhylan Thomas,HOU,OF,26,150,136,525,0.46987951807228917,0.12951807228915663,0.25301204819277107,0.5063064759036144,0.18855421686746984,0.7018072289156627,0.9352409638554217,0.5391566265060241,0.10240963855421686,0.1746987951807229,0.14457831325301204,0.22740963855421686,0.04066265060240964,0.24849397590361447,0.024096385542168676,0.03313253012048193,0.9789156626506024,0.4036144578313253,0.9939759036144579,0.7654545454545455,0.6596385542168675,0.9728915662650602,0.9879518072289156,0.4367469879518072,0.49698795180722893,0.17024539877300612,0.36809815950920244,4.3312,"'-0.0830266","'-0.0005535106666666668",.290,.367,0.8,7.3,33.95522388059701,86.5,101.8,88.4,96.6,19.5,9.3,11,8.4,49.904761904761905,66.53696498054474,94.15204678362574,4.190476190476192,13.5,.235,.289,.301,.246,0.6666666666666667,1,11,3,0,32,2,14,262,22
Michael Siani,LAD,OF,26,101,83,451,0.15060240963855423,0.3509036144578313,0.25,0.34214984939759036,0.22650602409638557,0.44901032702237526,0.07228915662650602,0.0572289156626506,0.1430722891566265,0.8554216867469879,0.5572289156626506,0.338855421686747,0.28313253012048195,0.3433734939759036,0.1280120481927711,0.3102409638554217,0.19578313253012047,0.07530120481927711,0.34186746987951805,0.19818181818181815,0.1716867469879518,0.5030120481927711,0.5180722891566265,0.9006024096385542,0.286144578313253,0.20705521472392638,0.0736196319018405,7.55233,"'-0.23082399999999997","'-0.0022853861386138608",.172,.221,1.9,16.8,25.819672131147538,87.4,106.6,89.3,99.9,34,29.7,3.2,29.8,40.1330376940133,57.00483091787439,81.35593220338984,11.97339246119734,6.8,.229,.366,.313,.358,0.99009900990099,1,17,5,1,19,0,30,181,54
Steward Berroa,PHI,OF,26,120,101,534,0.3674698795180723,0.5316265060240963,0.2469879518072289,0.42846385542168675,0.32650602409638557,0.5466867469879518,0.1686746987951807,0.28313253012048195,0.6460843373493976,0.7590361445783133,0.6837349397590361,0.15210843373493976,0.31626506024096385,0.030120481927710843,0.4307228915662651,0.23493975903614459,0.33433734939759036,0.7605421686746988,0.5512048192771084,0.34,0.39759036144578314,0.516566265060241,0.5843373493975904,0.09939759036144578,0.5271084337349398,0.50920245398773,0.4447852760736196,1.60119,"'-0.0219985","'-0.00018332083333333333",.202,.321,7.8,15,24.087591240875913,85.8,107,82.9,102.8,31.2,26.7,16.1,26.3,42.69662921348314,62.30769230769231,81.48148148148148,11.235955056179774,14.7,.248,.358,.416,.328,4.166666666666666,5,18,6,1,25,3,32,228,60
Jean Walters,ARI,2B,24,66,59,272,0.15060240963855423,0.3509036144578313,0.24397590361445784,0.3448795180722891,0.17771084337349397,0.5548623063683304,0.2545180722891566,0.14156626506024098,0.3328313253012048,0.45180722891566266,0.4819277108433735,0.18072289156626506,0.13704819277108435,0.24849397590361447,0.32680722891566266,0.0963855421686747,0.4503012048192771,0.13704819277108435,0.7228915662650602,0.4236363636363637,0.3493975903614458,0.7198795180722891,0.7078313253012049,0.2033132530120482,0.3463855421686747,0.7331288343558282,0.4371165644171779,2.6428599999999998,"'-0.123982","'-0.0018785151515151516",.213,.284,4.7,10.6,27.53623188405797,86.1,104.5,88.4,102,25.6,24.2,5.5,22.5,44.11764705882353,61.19402985074627,85.36585365853658,9.926470588235292,14.6,.254,.333,.373,.333,3.0303030303030303,2,7,4,0,15,1,16,120,27
Brett Wisely,ATL,2B,27,114,101,462,0.4006024096385542,0.6897590361445783,0.24096385542168675,0.46159638554216864,0.39759036144578314,0.4444922547332187,0.5150602409638554,0.5813253012048193,0.6912650602409639,0.28463855421686746,0.4939759036144578,0.29819277108433734,0.24849397590361447,0.29518072289156627,0.21385542168674698,0.1686746987951807,0.37650602409638556,0.6746987951807228,0.6716867469879518,0.5145454545454545,0.5436746987951807,0.12048192771084337,0.6204819277108434,0.6957831325301205,0.42168674698795183,0.1411042944785276,0.23773006134969324,5.80005,"'-0.153524","'-0.0013467017543859648",.235,.375,8.3,8.8,27.350427350427356,87.1,106.3,88.8,101.1,29.2,25.4,14.5,23.7,45.67099567099567,64.47368421052633,74.14965986394559,10.822510822510822,10.8,.297,.368,.485,.394,5.263157894736842,6,10,11,1,30,2,29,211,50
Zach Humphreys,LAA,C,28,28,23,117,0.7786144578313253,0.9698795180722891,0.23795180722891565,0.5870670180722892,0.5228915662650603,0.6824440619621341,0.6731927710843374,0.6430722891566265,0.5135542168674698,0.911144578313253,0.7048192771084337,0.6024096385542169,0.17018072289156627,0.7243975903614458,0.10240963855421686,0.6852409638554217,0.4006024096385542,0.21536144578313254,0.5406626506024096,0.4945454545454546,0.9216867469879518,0.7756024096385542,0.5225903614457831,0.33433734939759036,0.04216867469879518,0.009202453987730062,0.03987730061349693,3.5783300000000002,"'-0.382785","'-0.013670892857142855",.249,.388,6.2,17.9,23.88059701492537,89.3,105.1,92.3,99.3,43.8,25,7.4,26.4,45.299145299145295,74,86.4864864864865,11.965811965811966,5.9,.391,.500,.522,.563,3.571428571428571,1,5,3,0,9,0,7,53,14
Raynel Delgado,TBR,2B/3B,26,153,138,567,0.24096385542168675,0.09487951807228916,0.23493975903614459,0.3778237951807229,0.2668674698795181,0.4163080895008607,0.7364457831325302,0.26957831325301207,0.2063253012048193,0.14006024096385541,0.27710843373493976,0.18072289156626506,0.42620481927710846,0.27259036144578314,0.4939759036144578,0.25150602409638556,0.7033132530120482,0.20481927710843373,0.2756024096385542,0.8763636363636363,0.9246987951807228,0.4397590361445783,0.1536144578313253,0.6144578313253012,0.2319277108433735,0.4110429447852761,0.30368098159509205,5.4696,"'-0.523261","'-0.003420006535947712",.256,.319,2.7,6.5,30.985915492957744,86.1,108.1,88.6,103.3,31.8,19.6,7.3,31.2,52.55731922398589,74.20494699646643,80.47619047619048,16.402116402116402,12.4,.225,.281,.283,.273,1.96078431372549,3,10,5,0,31,1,30,298,93
Trei Cruz,DET,SS,27,79,65,325,0.4427710843373494,0.23644578313253012,0.2319277108433735,0.432605421686747,0.4009036144578314,0.41609294320137696,0.4292168674698795,0.21234939759036145,0.16716867469879518,0.7771084337349398,0.7981927710843374,0.7846385542168675,0.338855421686747,0.5150602409638554,0.5271084337349398,0.5015060240963856,0.2710843373493976,0.7740963855421686,0.1927710843373494,0.3627272727272727,0.4367469879518072,0.1355421686746988,0.30120481927710846,0.35843373493975905,0.15060240963855423,0.8650306748466258,0.8006134969325154,3.79138,"'-0.45742299999999997","'-0.0057901645569620255",.229,.308,2.3,15.2,21.656050955414013,90.8,107.2,90.7,103.6,38.6,27.8,16.4,33.6,43.07692307692307,63.0952380952381,74.52830188679245,14.461538461538463,21.7,.215,.342,.277,.302,1.2658227848101269,1,12,1,0,14,1,22,140,47
José Barrero,BAL,SS,28,148,124,610,0.5060240963855421,0.7605421686746988,0.2289156626506024,0.47929216867469876,0.44608433734939756,0.47719449225473326,0.29066265060240964,0.4126506024096386,0.7168674698795181,0.6174698795180723,0.3885542168674699,0.20180722891566266,0.4352409638554217,0.3539156626506024,0.5677710843373494,0.463855421686747,0.5542168674698795,0.8313253012048193,0.3704819277108434,0.5563636363636364,0.608433734939759,0.43373493975903615,0.3674698795180723,0.46987951807228917,0.0572289156626506,0.99079754601227,0.9187116564417178,4.61972,"'-1.8043900000000002","'-0.012191824324324323",.216,.343,8.7,12.8,29.320987654320987,86.3,108.2,89.4,103.8,38,22.3,17.6,29.3,46.39344262295082,65.73426573426573,80.31914893617021,13.60655737704918,26.1,.258,.372,.500,.286,5.405405405405406,8,19,4,1,32,8,33,283,83
Hyeseong Kim,LAD,2B/SS,27,32,26,126,0.9909638554216867,0.6897590361445783,0.22590361445783133,0.5150602409638554,0.35903614457831323,0.5677710843373494,1,0.9096385542168675,0.05120481927710843,0.5948795180722891,0.13253012048192772,0.42620481927710846,0.05271084337349398,0.7771084337349398,0.338855421686747,0.35542168674698793,0.5753012048192772,0.27710843373493976,0.6521084337349398,0.7190909090909091,0.5737951807228916,0.9096385542168675,0.536144578313253,0.2033132530120482,0.26506024096385544,0.9938650306748467,0.8957055214723927,2.6428599999999998,"'-0.0848295","'-0.002650921875",.397,.482,0,12.5,34.84848484848485,88.1,102.4,93,102.1,35,21.9,8.7,24.2,49.2063492063492,65,89.74358974358975,11.904761904761903,25,.346,.438,.385,.450,0,0,4,1,0,9,0,7,62,15
Matt Koperniak,STL,OF,28,72,64,274,0.20783132530120482,0.40210843373493976,0.22289156626506024,0.45943147590361444,0.39186746987951804,0.5469018932874354,0.40210843373493976,0.35240963855421686,0.2756024096385542,0.24096385542168675,0.32228915662650603,0.45180722891566266,0.7304216867469879,0.2816265060240964,0.7469879518072289,0.14909638554216867,0.8117469879518072,0.22740963855421686,0.7018072289156626,0.7272727272727273,0.6024096385542169,0.5768072289156626,0.572289156626506,0.7259036144578314,0.608433734939759,0.5398773006134969,0.4263803680981595,5.99239,0.046010199999999994,0.0006390305555555556,.226,.335,3.8,8.3,30.158730158730158,88.3,110.5,88.7,105.1,28.3,16.7,7.8,23,49.270072992700726,65.54054054054053,82.4742268041237,11.313868613138686,14.5,.281,.333,.422,.308,2.7777777777777777,2,6,1,1,18,2,12,135,31
Bryan Torres,STL,2B/OF,28,141,112,606,0.7093373493975904,0.8734939759036144,0.21987951807228914,0.557605421686747,0.25512048192771086,0.7547332185886404,0.7575301204819277,0.4367469879518072,0.15963855421686746,0.8674698795180723,0.9487951807228916,0.28313253012048195,0.2575301204819277,0.22590361445783133,0.11746987951807229,0.13855421686746988,0.8704819277108434,0.1280120481927711,0.7771084337349398,0.04363636363636364,0.045180722891566265,0.8614457831325302,0.9126506024096386,0.7680722891566265,0.6897590361445783,0.4110429447852761,0.09202453987730061,6.19886,0.277821,0.0019703617021276593,.259,.347,2.2,17,17.94871794871795,86.9,106.4,88.2,99.7,28,15.6,5.3,21.3,34.15841584158416,51.360544217687085,88.0794701986755,7.260726072607261,7.3,.330,.447,.491,.385,1.4184397163120568,2,24,10,1,37,2,22,207,44
Jordyn Adams,MIL,OF,26,42,39,152,0.05271084337349398,0.19578313253012047,0.21686746987951808,0.3558923192771084,0.3951807228915662,0.2857142857142857,0.061746987951807226,0.17319277108433734,0.8448795180722891,0.06927710843373494,0.6400602409638554,0.14457831325301204,0.7304216867469879,0.04216867469879518,0.4307228915662651,0.08283132530120482,0.07680722891566265,0.6129518072289156,0.16566265060240964,0.7790909090909091,0.8975903614457831,0.0391566265060241,0.11144578313253012,0.9909638554216867,0.9728915662650602,0.0736196319018405,0.012269938650306749,9.68704,0.534004,0.012714380952380951,.166,.298,12.5,4.8,24.65753424657534,85.7,110.5,84.2,102.8,25,35.7,13.5,34.2,50,73.41772151898734,68.96551724137932,17.105263157894736,4.2,.231,.286,.359,.375,7.142857142857142,3,2,1,2,9,0,15,76,26
Caleb Ricketts,PHI,C,26,131,126,475,0.06626506024096386,0.1355421686746988,0.21385542168674698,0.33283132530120485,0.4572289156626506,0.25839070567986233,0.11295180722891567,0.3614457831325301,0.7650602409638554,0.046686746987951805,0.10843373493975904,0.20180722891566266,0.5753012048192772,0.3539156626506024,0.5873493975903614,0.3825301204819277,0.25301204819277107,0.7078313253012049,0.28313253012048195,0.7472727272727273,0.5632530120481928,0.3072289156626506,0.2469879518072289,0.3433734939759036,0.5933734939759037,0.6886503067484663,0.5690184049079755,3.58711,0.07534160000000001,0.0005751267175572518,.190,.336,9.5,3.8,35.856573705179294,86.3,109.3,89.4,103.9,35.7,28.2,15.3,31.1,49.47368421052632,64.73214285714286,77.93103448275863,15.36842105263158,16.9,.206,.237,.381,.259,6.106870229007633,8,5,10,0,26,4,37,235,73
Jake Holton,SFG,1B,28,113,89,475,0.5060240963855421,0.4427710843373494,0.21084337349397592,0.43872364457831325,0.3015060240963855,0.6348967297762479,0.2183734939759036,0.25301204819277107,0.24246987951807228,0.9503012048192772,0.8704819277108434,0.06626506024096386,0.6762048192771084,0.0677710843373494,0.6445783132530121,0.26957831325301207,0.3644578313253012,0.32228915662650603,0.5406626506024096,0.08,0.1927710843373494,0.7876506024096386,0.7379518072289156,0.02108433734939759,0.32228915662650603,0.5720858895705522,0.6226993865030674,0.479396,"'-0.23491199999999998","'-0.0020788672566371684",.209,.316,3.2,19.5,20.30075187969925,84.3,110.1,85.4,104.2,32.3,25.7,9.3,26.4,36.631578947368425,57.41626794258372,86.66666666666669,9.68421052631579,17.7,.225,.372,.360,.288,1.7699115044247788,2,22,3,0,20,3,29,174,46
Oswaldo Cabrera,NYY,3B/OF,27,142,129,595,0.2635542168674699,0.14006024096385541,0.20783132530120482,0.4695971385542169,0.35120481927710845,0.5219449225473322,0.463855421686747,0.42620481927710846,0.5135542168674698,0.2560240963855422,0.24096385542168675,0.28313253012048195,0.2063253012048193,0.42018072289156627,0.4939759036144578,0.32680722891566266,0.4608433734939759,0.6987951807228916,0.6656626506024096,0.5690909090909091,0.6295180722891566,0.8012048192771084,0.5993975903614458,0.677710843373494,0.6385542168674698,0.6380368098159509,0.6717791411042945,5.7071,0.172682,0.0012160704225352113,.231,.346,6.2,8.5,31.54761904761905,86.9,105.7,89.9,103.3,34.4,23.9,15.1,23.8,46.554621848739494,66.02316602316603,87.13450292397661,11.092436974789916,18.8,.217,.282,.326,.277,4.225352112676056,6,12,6,1,28,2,34,277,66
Dustin Harris,CHW,OF,26,36,33,137,0.338855421686747,0.060240963855421686,0.20481927710843373,0.3618222891566265,0.3536144578313253,0.2676419965576592,0.8433734939759037,0.34186746987951805,0.05120481927710843,0.10090361445783133,0.23795180722891565,0.36596385542168675,0.4864457831325301,0.3825301204819277,0.16415662650602408,0.5225903614457831,0.2710843373493976,0.2575301204819277,0.4126506024096386,0.5363636363636364,0.18072289156626506,0.26656626506024095,0.4036144578313253,0.7078313253012049,0.7620481927710844,0.9601226993865031,0.9187116564417178,5.9012199999999995,0.13400399999999998,0.0037223333333333336,.269,.333,0,5.6,31.666666666666664,87.7,108.6,89.6,100.4,39.1,27.8,8.4,28.6,45.985401459854025,57.14285714285714,77.27272727272727,13.138686131386864,26.1,.212,.278,.242,.304,0,0,2,1,0,7,0,10,63,18
Andrew Navigato,DET,2B/SS,27,44,35,151,0.44728915662650603,0.5587349397590361,0.20180722891566266,0.43844126506024095,0.16295180722891567,0.7465576592082614,0.28313253012048195,0.12951807228915663,0.25903614457831325,0.9216867469879518,0.9036144578313253,0.23795180722891565,0.17921686746987953,0.4066265060240964,0.010542168674698794,0.009036144578313253,0.8463855421686747,0.14457831325301204,0.8072289156626506,0.056363636363636366,0.02108433734939759,0.822289156626506,0.9036144578313253,0.09939759036144578,0.35542168674698793,0.656441717791411,0.06748466257668712,1.60119,"'-0.0806613","'-0.001833211363636364",.215,.280,3.4,18.2,19.11764705882353,86.6,105.3,89.8,94.3,10.3,15.9,5.8,20.8,35.09933774834437,48.19277108433735,87.5,7.284768211920531,6.7,.229,.364,.429,.250,2.272727272727273,1,8,4,0,8,1,7,53,11
Silas Ardoin,BAL,C,25,97,82,398,0.10542168674698796,0.3207831325301205,0.19879518072289157,0.2962161144578313,0.17771084337349397,0.34444922547332185,0.07228915662650602,0.061746987951807226,0.15963855421686746,0.7259036144578314,0.8795180722891566,0.3192771084337349,0.1852409638554217,0.18674698795180722,0.08283132530120482,0.16265060240963855,0.05271084337349398,0.6445783132530121,0.15963855421686746,0.07090909090909091,0.06927710843373494,0.04819277108433735,0.4759036144578313,0.6174698795180723,0.5512048192771084,0.656441717791411,0.254601226993865,5.48377,0.00934596,0.00009635010309278352,.172,.226,2.2,14.4,20,87.3,105.4,87.9,99,28.9,38.1,14,34.3,35.92964824120603,53.723404255319146,69.30693069306929,12.311557788944723,11.1,.220,.340,.341,.386,1.0309278350515465,1,14,5,1,18,1,37,143,49
Je'Von Ward,TOR,OF,26,36,36,139,0.0391566265060241,0.02108433734939759,0.19578313253012047,0.36069277108433734,0.5846385542168675,0.17168674698795178,0.18825301204819278,0.2891566265060241,0.9864457831325302,0.0030120481927710845,0.25301204819277107,0.40813253012048195,0.6174698795180723,0.4066265060240964,0.5677710843373494,0.6219879518072289,0.012048192771084338,0.9939759036144579,0.012048192771084338,0.860909090909091,0.8855421686746988,0.03313253012048193,0.0030120481927710845,0.4246987951807229,0.0391566265060241,0.48466257668711654,0.9233128834355828,4.28571,"'-0.503433","'-0.01398425",.205,.322,21.1,0,31.42857142857143,88,109.7,89.8,103.8,42.1,47.2,27.8,45.8,51.79856115107914,72.46376811594203,68,23.7410071942446,26.3,.194,.194,.278,.368,11.111111111111109,4,0,3,0,7,0,17,72,33
Ivan Melendez,FA,1B/3B,26,50,45,197,0.18072289156626506,0.21686746987951808,0.1927710843373494,0.31381777108433734,0.5033132530120482,0.1826592082616179,0.1686746987951807,0.22740963855421686,0.8719879518072289,0.12198795180722892,0.009036144578313253,0.2620481927710843,0.8614457831325302,0.09789156626506024,0.8463855421686747,0.2936746987951807,0.12349397590361445,0.8433734939759037,0.10090361445783133,0.9745454545454544,0.8810240963855421,0.018072289156626505,0.024096385542168676,0.03313253012048193,0.4126506024096386,0.4785276073619632,0.7300613496932515,0.654221,"'-0.0717788","'-0.001435576",.202,.310,13.3,6,47.66355140186916,86.8,112.1,86.3,106.5,33.3,32,17.9,36.2,58.88324873096447,72.2222222222222,66.15384615384615,21.319796954314718,20,.222,.280,.378,.286,8,4,3,1,0,10,2,16,116,42
Vaughn Grissom,LAA,2B,25,36,35,124,0.07530120481927711,0.4683734939759036,0.1897590361445783,0.34177334337349397,0.188855421686747,0.5438898450946644,0.5647590361445783,0.14909638554216867,0.2680722891566265,0.02710843373493976,0.35542168674698793,0.030120481927710843,0.23493975903614459,0.018072289156626505,0.25903614457831325,0.2620481927710843,0.7168674698795181,0.015060240963855422,0.8945783132530121,0.5345454545454545,0.26506024096385544,0.6927710843373494,0.8554216867469879,0.061746987951807226,0.02710843373493976,0.7822085889570553,0.2254601226993865,1.07683,"'-0.582785","'-0.016188472222222222",.240,.286,3.6,2.8,29.824561403508767,82.1,106.1,80,101.5,32.1,19.4,"'-3.6",17.5,45.967741935483865,59.701492537313435,85,8.064516129032258,10.7,.343,.361,.400,.429,2.7777777777777777,1,1,2,0,12,0,7,57,10
Will Wagner,SDP,2B/3B,27,40,28,200,0.6189759036144579,0.6204819277108434,0.18674698795180722,0.48286897590361444,0.03975903614457831,0.8280981067125646,0.1460843373493976,0.0677710843373494,0.05120481927710843,0.9804216867469879,0.6129518072289156,0.04216867469879518,0.007530120481927711,0.03614457831325301,0.02710843373493976,0.030120481927710843,0.7725903614457831,0.4352409638554217,0.963855421686747,0.3563636363636364,0.5120481927710844,0.9939759036144579,0.9608433734939759,0.5301204819277109,0.8644578313253012,0.10429447852760736,0.8374233128834356,5.09169,0.289069,0.0072267250000000016,.196,.228,0,22.5,25,83.4,99,83.3,96.7,18.2,17.5,11.4,14,43,64.13043478260869,96.61016949152544,6,22.7,.250,.450,.286,.318,0,0,9,1,0,7,0,7,86,12
Phillip Glasser,WSN,2B/OF,26,107,100,397,0.0783132530120482,0.23042168674698796,0.18373493975903615,0.38516566265060237,0.13885542168674697,0.65447504302926,0.3147590361445783,0.12951807228915663,0.1144578313253012,0.14006024096385541,0.15060240963855423,0.06626506024096386,0.338855421686747,0.15210843373493976,0.08885542168674698,0.045180722891566265,0.8855421686746988,0.1536144578313253,0.9457831325301205,0.8218181818181818,0.7228915662650602,0.8689759036144579,0.8674698795180723,0.34036144578313254,0.39156626506024095,0.25,0.19631901840490798,3.5849300000000004,"'-0.16819","'-0.0015718691588785046",.219,.280,1.2,6.5,33.83838383838384,84.3,107.2,87.4,99.1,21,15,6.1,15.3,50.881612090680115,67.8391959798995,88.14814814814815,7.8085642317380355,10.3,.270,.318,.330,.313,0.9345794392523364,1,7,3,0,27,1,16,202,31
Matt O'Neill,ARI,C,28,69,60,268,0.34789156626506024,0.28012048192771083,0.18072289156626506,0.4948230421686747,0.7370481927710844,0.382960413080895,0.2183734939759036,0.7409638554216867,0.911144578313253,0.27259036144578314,0.9096385542168675,0.9337349397590361,0.37650602409638556,0.6521084337349398,0.5873493975903614,0.7228915662650602,0.12951807228915663,0.6325301204819277,0.24246987951807228,0.38,0.5843373493975904,0.18674698795180722,0.35542168674698793,0.35240963855421686,0.0963855421686747,0.003067484662576687,0.019938650306748466,3.7393199999999998,"'-0.5958359999999999","'-0.008635304347826087",.209,.413,15,8.7,18.89763779527559,93.1,107.5,91.7,103.9,45,31.9,13.8,31.9,43.28358208955223,65.24822695035462,76.08695652173914,13.805970149253733,4.8,.200,.275,.433,.243,8.695652173913043,6,6,1,2,12,3,22,116,37
Cooper Kinney,TBR,2B,23,27,25,108,0.05271084337349398,0.016566265060240965,0.17771084337349397,0.24096385542168675,0.33554216867469877,0.22870051635111874,0.18825301204819278,0.08132530120481928,0.05120481927710843,0.1852409638554217,0.05421686746987952,0.5436746987951807,0.31626506024096385,0.5858433734939759,0.5135542168674698,0.6852409638554217,0.09939759036144578,0.30873493975903615,0.25150602409638556,0.9472727272727272,0.8810240963855421,0.043674698795180725,0.0858433734939759,0.02710843373493976,0.4186746987951807,0,0,0.559524,"'-0.0366642","'-0.0013579333333333331",.205,.251,0,7.4,38.888888888888886,88.9,107,91.2,103.5,43.8,33.3,9.1,31.7,55.555555555555564,72.2222222222222,69.23076923076923,17.592592592592588,0,.160,.222,.200,.250,0,0,2,1,0,4,0,9,60,19
Ramón Rodríguez,MIL,C,27,92,78,350,0.24096385542168675,0.7786144578313253,0.1746987951807229,0.41641566265060237,0.22048192771084335,0.6867469879518071,0.2289156626506024,0.12198795180722892,0.05120481927710843,0.46536144578313254,0.5481927710843374,0.40813253012048195,0.15210843373493976,0.36596385542168675,0.3930722891566265,0.3689759036144578,0.7816265060240963,0.06626506024096386,0.7906626506024096,0.7790909090909091,0.9066265060240963,0.6731927710843374,0.641566265060241,0.21686746987951808,0.4879518072289157,0.04294478527607362,0.019938650306748466,2.6660000000000004,"'-0.0566497","'-0.0006157576086956521",.210,.274,0,10.9,26.011560693641616,88,104.9,89.5,102.5,35.5,17.4,3.1,21.1,50,73.4463276836158,84.61538461538461,10.571428571428571,4.8,.321,.424,.423,.383,0,0,10,2,0,25,2,16,175,37
Francisco Urbaez,CIN,2B,28,108,91,410,0.588855421686747,0.4683734939759036,0.1716867469879518,0.4659262048192771,0.275,0.5922977624784854,0.8253012048192772,0.3614457831325301,0.1144578313253012,0.6897590361445783,0.6475903614457831,0.37801204819277107,0.21686746987951808,0.5737951807228916,0.25903614457831325,0.3042168674698795,0.9563253012048193,0.05271084337349398,0.5557228915662651,0.3054545454545455,0.24849397590361447,0.4427710843373494,0.6054216867469879,0.46686746987951805,0.12349397590361445,0.6886503067484663,0.4723926380368098,4.61249,"'-0.7307520000000001","'-0.006766222222222222",.266,.336,1.2,13.9,24.63054187192118,87.8,105.8,91.1,101.5,33.8,11.1,2.2,26,42.195121951219505,59.42028985507246,80.4878048780488,10.975609756097562,15.2,.275,.383,.352,.316,0.9259259259259258,1,15,5,1,25,0,12,173,45
Carter Kieboom,PHI,3B,28,132,120,537,0.552710843373494,0.7274096385542169,0.1686746987951807,0.5038591867469879,0.49066265060240966,0.49741824440619625,0.8765060240963856,0.5632530120481928,0.3328313253012048,0.24096385542168675,0.4789156626506024,0.37801204819277107,0.8614457831325302,0.552710843373494,0.7650602409638554,0.3177710843373494,0.6927710843373494,0.6129518072289156,0.48493975903614456,0.5109090909090909,0.5783132530120482,0.5542168674698795,0.45180722891566266,0.08433734939759036,0.2891566265060241,0.5567484662576687,0.5138036809815951,1.3035700000000001,"'-0.300647","'-0.0022776287878787877",.277,.371,4.7,8.3,27.598566308243733,87.8,112.1,90.9,105.3,34.1,19.7,13.5,27.3,45.62383612662943,65.11627906976744,82.14285714285714,12.476722532588456,16,.333,.394,.458,.413,3.0303030303030303,4,11,9,0,40,2,26,245,67
Drew Romo,CHW,C,24,62,54,247,0.2756024096385542,0.8343373493975904,0.16566265060240964,0.30384036144578314,0.2301204819277109,0.32358003442340794,0.2183734939759036,0.2921686746987952,0.3990963855421687,0.5015060240963856,0.2605421686746988,0.21536144578313254,0.061746987951807226,0.3825301204819277,0.16415662650602408,0.1822289156626506,0.2936746987951807,0.6746987951807228,0.24246987951807228,0.6,0.20481927710843373,0.4819277108433735,0.28012048192771083,0.27710843373493976,0.12650602409638553,0.8895705521472392,0.9555214723926381,3.18606,"'-0.406093","'-0.006549887096774194",.209,.323,5.4,11.3,31.37254901960784,86.4,102.5,89.6,100.4,29.7,27.4,14.5,31.9,46.96356275303644,57.93103448275863,80.95238095238095,14.979757085020244,29.3,.278,.371,.556,.333,3.2258064516129035,2,7,3,0,15,4,17,116,37
Enmanuel Valdez,PIT,2B,27,82,72,325,0.3042168674698795,0.42771084337349397,0.16265060240963855,0.4403237951807229,0.19879518072289154,0.6979345955249568,0.35993975903614456,0.3207831325301205,0.26506024096385544,0.4713855421686747,0.5873493975903614,0.03463855421686747,0.26957831325301207,0.17771084337349397,0.10240963855421686,0.10391566265060241,0.7530120481927711,0.3960843373493976,0.8674698795180723,0.3872727272727273,0.44879518072289154,0.9141566265060241,0.8433734939759037,0.10542168674698796,0.10542168674698796,0.6840490797546013,0.6947852760736196,1.6736,"'-0.628092","'-0.007659658536585365",.222,.327,3.5,11,25.294117647058826,82.3,106.5,87.8,99.3,26.3,18.3,10.9,19.1,43.38461538461538,63.225806451612904,89.79591836734693,8.307692307692307,19.3,.250,.341,.403,.291,2.4390243902439024,2,9,5,0,18,2,15,141,27
Gavin Cross,KCR,OF,25,125,109,491,0.024096385542168676,0.024096385542168676,0.15963855421686746,0.2081137048192771,0.21024096385542168,0.12887263339070568,0.02710843373493976,0.02108433734939759,0.13253012048192772,0.34789156626506024,0.16566265060240964,0.12198795180722892,0.6445783132530121,0.09186746987951808,0.4743975903614458,0.13102409638554216,0.0391566265060241,0.37349397590361444,0.04969879518072289,0.509090909090909,0.13403614457831325,0.06626506024096386,0.09939759036144578,0.9518072289156626,0.9487951807228916,0.5030674846625767,0.4263803680981595,8.25178,1.39468,0.01115744,.130,.168,1.6,9.6,33.18385650224215,85.4,109.9,86,103.2,27.9,38.4,10.6,37.9,45.621181262729124,55.97014925373134,72,17.311608961303467,14.5,.138,.248,.174,.246,0.8,1,12,2,1,15,0,48,224,85
James Nelson,HOU,3B,28,125,118,515,0.7786144578313253,0.7605421686746988,0.1566265060240964,0.5199548192771084,0.5849397590361445,0.39694492254733216,0.9352409638554217,0.9006024096385542,0.838855421686747,0.05120481927710843,0.3117469879518072,0.2620481927710843,0.37650602409638556,0.4382530120481928,0.21385542168674698,0.5466867469879518,0.5993975903614458,0.411144578313253,0.43373493975903615,0.6336363636363637,0.6114457831325302,0.39156626506024095,0.3795180722891566,0.49096385542168675,0.5240963855421686,0.4493865030674847,0.2883435582822086,4.83634,"'-0.0242985","'-0.00019438799999999998",.290,.475,12.2,4,30.303030303030305,86.8,107.5,90.1,101.1,40.2,21.6,11.1,28.2,47.57281553398058,65.73705179282868,79.39393939393939,13.398058252427184,12.1,.314,.352,.525,.365,8,10,5,7,0,37,6,27,245,69
Jackson Holliday,BAL,2B,22,54,50,215,0.11746987951807229,0.016566265060240965,0.1536144578313253,0.2817206325301205,0.1548192771084337,0.3956540447504303,0.32981927710843373,0.15963855421686746,0.2183734939759036,0.10090361445783133,0.6626506024096386,0.15210843373493976,0.1852409638554217,0.11295180722891567,0.4743975903614458,0.058734939759036146,0.20481927710843373,0.2575301204819277,0.3539156626506024,0.5072727272727273,0.8117469879518072,0.25903614457831325,0.37650602409638556,0.25903614457831325,0.6987951807228916,0.26380368098159507,0.28067484662576686,3.01263,0.126672,0.0023457777777777782,.220,.294,2.9,5.6,24.347826086956523,85.8,105.4,86.5,103.2,23.5,29.6,8.4,29.6,45.58139534883721,70,77.14285714285717,13.488372093023255,11.8,.160,.222,.200,.235,1.8518518518518519,1,3,2,0,8,0,16,98,29
Ryan Bliss,SEA,2B,26,143,131,590,0.08734939759036145,0.05421686746987952,0.15060240963855423,0.3423381024096386,0.28734939759036143,0.3870481927710844,0.13403614457831325,0.19578313253012047,0.5316265060240963,0.12951807228915663,0.5602409638554217,0.28313253012048195,0.26957831325301207,0.20933734939759036,0.20180722891566266,0.1566265060240964,0.338855421686747,0.5195783132530121,0.3795180722891566,0.6745454545454546,0.7590361445783133,0.21385542168674698,0.32831325301204817,0.5903614457831325,0.18373493975903615,0.8895705521472392,0.6656441717791411,5.31849,"'-0.709204","'-0.004959468531468531",.193,.304,6.4,6.3,25.71428571428571,86.9,106.5,88.1,101,28.7,26.6,12.7,29.1,48.30508474576271,68.70967741935485,76.52582159624414,14.067796610169491,18.6,.191,.252,.267,.266,4.195804195804196,6,9,8,1,25,0,38,285,83
Ryan Galanie,CHW,1B,25,73,67,270,0.12650602409638553,0.6445783132530121,0.14759036144578314,0.32831325301204817,0.25301204819277107,0.37930292598967297,0.11295180722891567,0.2756024096385542,0.6641566265060241,0.08885542168674698,0.42168674698795183,0.058734939759036146,0.1280120481927711,0.2605421686746988,0.04969879518072289,0.13855421686746988,0.49698795180722893,0.1897590361445783,0.42168674698795183,0.8963636363636364,0.7710843373493976,0.19578313253012047,0.25903614457831325,0.9036144578313253,0.6566265060240963,0.8343558282208589,0.7300613496932515,7.56525,0.112006,0.0015343287671232876,.190,.320,8,5.5,28.57142857142857,84.1,104.1,88.5,98,28,23.3,7,28.5,53.33333333333334,69.0909090909091,76.31578947368422,15.185185185185185,20,.239,.301,.552,.244,5.479452054794519,4,4,4,1,16,5,17,144,41
Nick Loftin,KCR,2B,27,39,33,126,0.4322289156626506,0.6536144578313253,0.14457831325301204,0.5374623493975904,0.09006024096385543,0.7250430292598967,0.7891566265060241,0.28313253012048195,0.05120481927710843,0.07981927710843373,0.7921686746987951,0.018072289156626505,0.07680722891566265,0.02108433734939759,0.02108433734939759,0.02108433734939759,0.9969879518072289,0.8975903614457831,0.9698795180722891,0.3981818181818182,0.30271084337349397,0.963855421686747,0.9698795180722891,0.9548192771084337,0.7168674698795181,0.9555214723926381,0.9769938650306749,8.29701,0.112006,0.002871948717948718,.262,.321,0,5.1,21.818181818181817,81.1,102.9,81.8,96,12.9,7.7,19.5,12.7,43.650793650793645,60.56338028169014,93.02325581395347,5.5555555555555545,32.3,.303,.385,.455,.323,0,0,2,1,2,10,0,3,55,7
Jose Miranda,SDP,1B/3B,27,106,99,401,0.22740963855421686,0.4924698795180723,0.14156626506024098,0.4588667168674699,0.43343373493975906,0.5249569707401033,0.4427710843373494,0.5542168674698795,0.38403614457831325,0.02710843373493976,0.3614457831325301,0.4789156626506024,0.26957831325301207,0.4066265060240964,0.3795180722891566,0.48042168674698793,0.588855421686747,0.5316265060240963,0.7620481927710844,0.8072727272727273,0.5692771084337349,0.7575301204819277,0.608433734939759,0.29819277108433734,0.42771084337349397,0.7960122699386503,0.7653374233128835,3.3511900000000003,"'-0.137032","'-0.001292754716981132",.230,.370,5.3,2.8,29.6969696969697,88.5,106.5,89.8,102.4,38.2,21.7,12.8,21.8,50.37406483790525,64.83050847457628,86.27450980392156,10.972568578553616,20.8,.263,.302,.485,.292,3.7735849056603774,4,3,5,1,26,5,23,202,44
Payton Henry,NYY,C,28,84,72,331,0.48343373493975905,0.6280120481927711,0.13855421686746988,0.42422816265060237,0.5795180722891565,0.4175989672977625,0.411144578313253,0.5,0.6912650602409639,0.7213855421686747,0.49096385542168675,0.4789156626506024,0.6927710843373494,0.22590361445783133,0.8463855421686747,0.5346385542168675,0.2936746987951807,0.024096385542168676,0.2063253012048193,0.5881818181818181,0.8493975903614458,0.11746987951807229,0.24397590361445784,0.04819277108433735,0.3192771084337349,0.5782208588957055,0.05214723926380368,0.857143,"'-0.175988","'-0.0020950952380952388",.227,.360,8.3,14.3,27.41935483870968,88.5,110.2,88.2,106.5,39.6,27.4,"'-2.5",32.9,46.82779456193353,71.72413793103449,74.03846153846155,15.407854984894259,6.1,.264,.369,.444,.348,4.761904761904762,4,12,4,0,19,3,23,155,51
Hayden Cantrelle,CHC,2B,27,42,38,165,0.02710843373493976,0.3960843373493976,0.1355421686746988,0.35043298192771083,0.3623493975903614,0.26807228915662645,0.03313253012048193,0.0677710843373494,0.3433734939759036,0.3328313253012048,0.9969879518072289,0.8132530120481928,0.11596385542168675,0.6400602409638554,0.04216867469879518,0.4713855421686747,0.02710843373493976,0.963855421686747,0.03313253012048193,0.2109090909090909,0.2710843373493976,0.007530120481927711,0.20783132530120482,0.8945783132530121,0.006024096385542169,0.4570552147239264,0.647239263803681,7.5130300000000005,"'-1.07364","'-0.02556285714285714",.136,.228,4.8,9.5,13.235294117647062,91.1,103.9,91.6,97.7,38.1,40.5,22.5,38.8,40.60606060606061,59.793814432989684,63.793103448275865,15.757575757575754,18.2,.211,.286,.474,.316,2.380952380952381,1,4,2,1,8,2,17,67,26
Will Brennan,SFG,OF,28,80,75,277,0.2635542168674699,0.6280120481927711,0.13253012048192772,0.517601656626506,0.2677710843373494,0.6798623063683304,0.9352409638554217,0.5120481927710844,0.125,0.006024096385542169,0.03614457831325301,0.04819277108433735,0.5,0.17771084337349397,0.1355421686746988,0.1536144578313253,0.9849397590361446,0.3373493975903614,0.9879518072289156,0.8909090909090909,0.7650602409638554,1,0.9789156626506024,0.6475903614457831,0.6054216867469879,0.5153374233128835,0.3174846625766871,5.58159,0.0499171,0.00062396375,.290,.361,1.4,1.3,41.139240506329116,83.7,108.7,87.8,100,28.6,8.8,9.8,8.8,53.06859205776173,68.90756302521008,97.56097560975608,4.693140794223827,12.5,.360,.362,.480,.371,1.25,1,1,4,1,27,1,7,147,13
Nic Kent,COL,2B/SS,26,34,30,149,0.3795180722891566,0.5240963855421686,0.12951807228915663,0.3672816265060241,0.18825301204819275,0.30249569707401036,0.7048192771084337,0.2996987951807229,0.05120481927710843,0.28463855421686746,0.4066265060240964,0.17319277108433734,0.17018072289156627,0.16114457831325302,0.1822289156626506,0.2469879518072289,0.1144578313253012,0.766566265060241,0.2063253012048193,0.6036363636363636,0.6144578313253012,0.25301204819277107,0.23795180722891565,0.9668674698795181,0.8283132530120482,0.18558282208588958,0.7300613496932515,8.957310000000001,0.167373,0.004922735294117647,.252,.324,0,8.8,28.947368421052637,86,105.1,87.5,100.7,31.6,32.4,16.2,32.9,46.97986577181208,65.75342465753424,77.08333333333334,15.436241610738255,20,.233,.324,.467,.368,0,0,3,5,1,7,0,11,70,23
Andy Yerzy,STL,C/1B,27,41,36,164,0.012048192771084338,0.006024096385542169,0.12650602409638553,0.2582831325301205,0.463855421686747,0.2099827882960413,0.018072289156626505,0.024096385542168676,0.35843373493975905,0.5677710843373494,0.28313253012048195,0.7349397590361446,0.661144578313253,0.4503012048192771,0.14156626506024098,0.5406626506024096,0.03313253012048193,0.29518072289156627,0.0391566265060241,0.26181818181818184,0.11144578313253012,0.23795180722891565,0.19728915662650603,0.018072289156626505,0.3825301204819277,0,0,0.212302,"'-0.0659956","'-0.001609648780487805",.117,.176,5,12.2,30.851063829787236,90.4,110,90.2,100.1,40,39,8.9,38.2,41.46341463414634,55.714285714285715,76.92307692307693,15.853658536585364,0,.111,.220,.111,.200,2.4390243902439024,1,5,0,0,4,0,16,68,26
Darren Baker,CHW,2B/DH,27,37,34,135,0.2756024096385542,0.08433734939759036,0.12349397590361445,0.41396837349397586,0.09819277108433735,0.5507745266781411,0.8012048192771084,0.24397590361445784,0.05120481927710843,0.22439759036144577,0.6129518072289156,0.07530120481927711,0.05271084337349398,0.0572289156626506,0.28463855421686746,0.0677710843373494,0.9186746987951807,0.3509036144578313,0.7183734939759037,0.5309090909090909,0.3207831325301205,0.3825301204819277,0.677710843373494,0.8493975903614458,0.06325301204819277,0.3558282208588957,0.07822085889570553,7.00974,"'-0.4142","'-0.011194594594594594",.264,.315,0,8.1,25,84.4,102.4,85.1,101.7,24.1,13.5,10.3,22.6,45.925925925925924,60.75949367088608,79.16666666666666,10.370370370370368,6.9,.206,.270,.294,.241,0,0,3,1,1,7,0,5,62,14
Davis Wendzel,PIT,3B,28,136,114,526,0.5993975903614458,0.6897590361445783,0.12048192771084337,0.49190512048192775,0.4385542168674699,0.5193631669535284,0.411144578313253,0.6325301204819277,0.5783132530120482,0.6400602409638554,0.6566265060240963,0.40813253012048195,0.35240963855421686,0.4939759036144578,0.5873493975903614,0.2213855421686747,0.6445783132530121,0.9503012048192772,0.42168674698795183,0.38545454545454544,0.4894578313253012,0.32228915662650603,0.4608433734939759,0.08132530120481928,0.3674698795180723,0.48466257668711654,0.7576687116564417,1.23661,"'-0.241984","'-0.0017792941176470586",.227,.386,6.9,13.2,24.452554744525553,88,107.3,90.6,103.9,31,20.6,21.3,28.5,43.34600760456273,63.88888888888889,78.26086956521739,12.357414448669202,20.7,.246,.360,.491,.272,4.411764705882354,6,18,10,0,28,6,28,228,65
Homer Bush Jr.,TBR,OF,24,72,63,293,0.21987951807228914,0.5768072289156626,0.11746987951807229,0.28746234939759036,0.08795180722891566,0.3928571428571428,0.5150602409638554,0.1822289156626506,0.15060240963855423,0.3644578313253012,0.12650602409638553,0.02108433734939759,0.04819277108433735,0.0677710843373494,0.10240963855421686,0.03765060240963856,0.6370481927710844,0.10843373493975904,0.3795180722891566,0.8454545454545455,0.8162650602409639,0.15210843373493976,0.2740963855421687,0.5662650602409639,0.8373493975903614,0.05061349693251534,0.046012269938650305,5.23545,0.39437300000000003,0.005477402777777777,.235,.301,2,9.7,35.25641025641025,81.3,102.2,85.4,99.3,20,20.8,4.6,29.1,51.535836177474394,70.07299270072993,75,15.017064846416385,6,.317,.386,.397,.404,1.3888888888888888,1,7,2,0,20,1,15,151,44
Drew Swift,ATH,SS,27,134,118,522,0.13855421686746988,0.3132530120481928,0.1144578313253012,0.31654743975903615,0.11325301204819276,0.4924698795180723,0.27259036144578314,0.08132530120481928,0.05120481927710843,0.5572289156626506,0.4864457831325301,0.02710843373493976,0.31626506024096385,0.05421686746987952,0.15210843373493976,0.09036144578313253,0.2469879518072289,0.0286144578313253,0.5963855421686747,0.23454545454545456,0.11746987951807229,0.7620481927710844,0.6807228915662651,0.6114457831325302,0.2469879518072289,0.04294478527607362,0.006134969325153374,5.46743,"'-0.398122","'-0.002971059701492537",.214,.251,0,11.9,27.472527472527474,82,107,84.9,100.3,25.3,28.4,"'-2.1",25.2,40.99616858237548,55.823293172690754,86.33093525179855,10.344827586206897,3.8,.271,.358,.314,.400,0,0,16,3,1,32,0,38,214,54
Braden Shewmake,HOU,3B/SS,28,35,32,120,0.5060240963855421,0.2033132530120482,0.11144578313253012,0.4816453313253012,0.42861445783132524,0.3758605851979345,0.8358433734939759,0.6430722891566265,0.2756024096385542,0.03463855421686747,0.015060240963855422,0.6731927710843374,0.21686746987951808,0.46987951807228917,0.4743975903614458,0.33433734939759036,0.7996987951807228,0.858433734939759,0.5,0.9836363636363636,0.9969879518072289,0.15210843373493976,0.13253012048192772,0.7319277108433735,0.7710843373493976,0.6993865030674846,0.4539877300613497,6.0048,0.13400399999999998,0.003828685714285713,.267,.388,3.8,2.9,43.47826086956522,89.9,105.8,90.4,103.2,34.6,17.1,18.5,27,61.66666666666667,86.27450980392156,75,16.666666666666664,14.8,.250,.314,.313,.308,2.8571428571428568,1,1,2,0,8,0,6,74,20
Cade Marlowe,ATH,OF,28,133,118,512,0.1746987951807229,0.6746987951807228,0.10843373493975904,0.4431475903614458,0.3301204819277109,0.4533132530120482,0.23493975903614459,0.1822289156626506,0.25,0.4457831325301205,0.32680722891566266,0.42620481927710846,0.5105421686746988,0.19578313253012047,0.35240963855421686,0.2816265060240964,0.6265060240963856,0.8870481927710844,0.2620481927710843,0.901818181818182,0.9909638554216867,0.39759036144578314,0.12349397590361445,0.9698795180722891,0.9578313253012049,0.27300613496932513,0.4447852760736196,9.0919,1.59771,0.012012857142857145,.211,.301,3.3,10.5,30.10752688172043,88.1,108.8,88,102.2,33,21.1,19.2,31.4,53.515625,81.54506437768241,79.47368421052632,16.796875,14.7,.280,.353,.508,.348,2.255639097744361,3,14,11,5,33,2,28,274,86
Will Wilson,SEA,2B/3B,27,47,40,189,0.3117469879518072,0.5873493975903614,0.10542168674698796,0.38648343373493976,0.16867469879518068,0.6172547332185887,0.3855421686746988,0.14909638554216867,0.05120481927710843,0.75,0.5753012048192772,0.2936746987951807,0.08734939759036145,0.3825301204819277,0.0677710843373494,0.2620481927710843,0.4879518072289157,0.018072289156626505,0.5406626506024096,0.54,0.7349397590361446,0.7289156626506024,0.5030120481927711,0.3042168674698795,0.6927710843373494,0.3558282208588957,0.3803680981595092,3.38824,0.10212,0.0021727659574468086,.224,.286,0,14.9,25.510204081632647,87,103.1,89.6,98.7,32.1,23.4,"'-2.9",26.4,46.03174603174603,68.13186813186813,85.48387096774194,12.16931216931217,13.8,.275,.383,.400,.357,0,0,7,2,0,11,1,11,87,23
Ben Rortvedt,NYM,C,28,45,39,168,0.16415662650602408,0.030120481927710843,0.10240963855421686,0.4150978915662651,0.30391566265060244,0.5393717728055077,0.12650602409638553,0.11295180722891567,0.05120481927710843,0.2936746987951807,0.5391566265060241,0.40813253012048195,0.28313253012048195,0.3960843373493976,0.5677710843373494,0.6641566265060241,0.6731927710843374,0.8207831325301205,0.6822289156626506,0.20727272727272728,0.18072289156626506,0.6536144578313253,0.7530120481927711,0.23493975903614459,0.05421686746987952,0.4233128834355828,0.8343558282208589,2.77711,"'-0.562096","'-0.012491022222222222",.192,.270,0,8.9,26.373626373626376,88,106.6,89.7,103.8,43.3,20,17.4,23.5,40.476190476190474,57.14285714285714,84.0909090909091,9.523809523809524,22.6,.154,.267,.179,.200,0,0,4,1,0,6,0,9,68,16
Blake Sabol,TBR,C/OF,28,124,110,503,0.25,0.5135542168674698,0.09939759036144578,0.3706701807228916,0.43915662650602416,0.35886402753872637,0.1566265060240964,0.4713855421686747,0.7033132530120482,0.4457831325301205,0.5662650602409639,0.2620481927710843,0.45481927710843373,0.13253012048192772,0.5075301204819277,0.3042168674698795,0.1460843373493976,0.37349397590361444,0.19728915662650603,0.6290909090909091,0.7801204819277109,0.18373493975903615,0.1927710843373494,0.4427710843373494,0.7259036144578314,0.6088957055214724,0.4601226993865031,4.408,0.372682,0.0030055,.198,.353,8.5,10.5,25.6,86.8,108.4,86.9,103.4,33.8,31.5,10.6,33.5,47.514910536779325,69.1699604743083,76,15.904572564612328,14.9,.236,.323,.455,.308,4.838709677419356,6,13,6,0,26,6,39,239,80
Sam Huff,BAL,C,28,68,63,250,0.08734939759036145,0.09487951807228916,0.0963855421686747,0.3385730421686747,0.5978915662650602,0.2056798623063683,0.09186746987951808,0.30873493975903615,0.8072289156626506,0.060240963855421686,0.09036144578313253,0.6445783132530121,0.7756024096385542,0.5737951807228916,0.9021084337349398,0.45331325301204817,0.045180722891566265,0.766566265060241,0.15963855421686746,0.9290909090909092,0.8373493975903614,0.19879518072289157,0.04819277108433735,0.04216867469879518,0.40512048192771083,0.3880368098159509,0.23773006134969324,0.767857,"'-0.10265999999999999","'-0.0015097058823529412",.182,.325,10.8,4.4,36.97478991596639,89.6,111,91.1,107.5,37.8,38.2,16.2,34.3,54.8,70.99236641221374,76.34408602150538,18.8,10.8,.206,.265,.302,.333,5.882352941176469,4,3,3,0,13,1,26,137,47
Dayne Leonard,FA,C,26,29,25,111,0.5316265060240963,0.8945783132530121,0.09337349397590361,0.3543862951807229,0.23313253012048193,0.3932874354561102,0.7289156626506024,0.3990963855421687,0.46686746987951805,0.42168674698795183,0.8493975903614458,0.12198795180722892,0.0030120481927710845,0.2394578313253012,0.0391566265060241,0.1746987951807229,0.2891566265060241,0.4864457831325301,0.08283132530120482,0.5909090909090909,0.8313253012048193,0.1716867469879518,0.10692771084337349,0.004518072289156626,0.5406626506024096,0.9003067484662577,0.9877300613496932,0,0,0,.255,.341,5.9,10.3,20.754716981132077,85.4,98.3,88.3,97.2,29.4,27.6,12.1,36.5,46.846846846846844,70.6896551724138,75.60975609756099,17.117117117117118,35.3,.400,.483,.440,.588,3.4482758620689653,1,3,1,0,10,0,8,52,19
Vidal Bruján,NYM,2B/OF,28,91,82,367,0.11295180722891567,0.14457831325301204,0.09036144578313253,0.4006024096385542,0.175,0.6282271944922547,0.29066265060240964,0.12951807228915663,0.12951807228915663,0.19728915662650603,0.4759036144578313,0.22740963855421686,0.2575301204819277,0.4503012048192771,0.3629518072289157,0.13102409638554216,0.8207831325301205,0.19728915662650603,0.7319277108433735,0.7927272727272727,0.9789156626506024,0.5993975903614458,0.5933734939759037,0.536144578313253,0.41566265060240964,0.48466257668711654,0.28067484662576686,5.13063,"'-0.12419200000000001","'-0.0013647472527472527",.216,.280,1.5,7.7,27.72277227722773,86.5,106.4,90.2,102.3,27.9,16.5,7.2,22.3,50.136239782016354,77.57575757575758,82.8125,11.1716621253406,11.8,.232,.297,.305,.269,1.0989010989010992,1,7,3,0,19,1,15,184,41
Rafael Lantigua,TOR,2B,28,116,101,455,0.0963855421686747,0.2605421686746988,0.08734939759036145,0.41528614457831325,0.13042168674698795,0.6559810671256455,0.07228915662650602,0.0963855421686747,0.2063253012048193,0.6234939759036144,0.8614457831325302,0.16415662650602408,0.061746987951807226,0.10391566265060241,0.045180722891566265,0.12349397590361445,0.5512048192771084,0.7801204819277109,0.6521084337349398,0.2818181818181818,0.4126506024096386,0.7921686746987951,0.6987951807228916,0.45180722891566266,0.677710843373494,0.7055214723926381,0.6579754601226994,4.46076,0.202013,0.0017414913793103448,.172,.262,2.7,12.9,20.44444444444445,85.9,102.5,86.4,97.8,27.4,22.4,16.5,24.2,41.75824175824176,62.60869565217392,86.80555555555556,10.10989010989011,18.4,.208,.310,.356,.250,1.7241379310344829,2,15,6,0,21,3,26,190,46
Gavin Lux,TBR,2B,28,89,69,384,0.2003012048192771,0.3960843373493976,0.08433734939759036,0.37829442771084343,0.1430722891566265,0.6566265060240964,0.045180722891566265,0.03313253012048193,0.05120481927710843,0.9804216867469879,0.9759036144578314,0.3042168674698795,0.12198795180722892,0.3313253012048193,0.1927710843373494,0.20481927710843373,0.42319277108433734,0.35993975903614456,0.6189759036144579,0.02181818181818182,0.03614457831325301,0.697289156626506,0.8644578313253012,0.1355421686746988,0.05120481927710843,0.9340490797546013,0.2147239263803681,2.01745,"'-1.16086","'-0.013043370786516855",.155,.194,0,22.5,16.587677725118482,87.2,104,89.2,100.8,30.4,24.7,10.5,24.6,31.77083333333333,50.289017341040456,85.0574712643678,7.8125,10.6,.203,.382,.304,.283,0,0,20,4,0,14,1,22,122,30
Michael Turner,CHW,C,27,53,48,218,0.6822289156626506,0.9352409638554217,0.08132530120481928,0.3905308734939759,0.2921686746987952,0.39931153184165236,0.9156626506024096,0.7515060240963856,0.46686746987951805,0.32680722891566266,0.7243975903614458,0.0391566265060241,0.14457831325301204,0.3313253012048193,0.4171686746987952,0.058734939759036146,0.34789156626506024,0.28463855421686746,0.4954819277108434,0.13818181818181818,0.03313253012048193,0.21987951807228914,0.6475903614457831,0.10993975903614457,0.4006024096385542,0.17024539877300612,0.6104294478527608,1.72374,"'-0.0806613","'-0.001521911320754717",.284,.414,5.9,9.4,23.33333333333333,83.3,104.8,89.2,102.7,23.5,26.4,8.8,27.1,38.99082568807339,50,76.5625,10.550458715596333,17.6,.313,.377,.625,.387,3.7735849056603774,2,5,6,0,15,3,14,85,23
Bryan Lavastida,ATH,C,27,116,105,444,0.22740963855421686,0.19126506024096385,0.0783132530120482,0.39476656626506024,0.11355421686746987,0.6211273666092944,0.697289156626506,0.21987951807228914,0.1144578313253012,0.2063253012048193,0.47289156626506024,0.05271084337349398,0.10542168674698796,0.13855421686746988,0.12198795180722892,0.07530120481927711,0.7921686746987951,0.04819277108433735,0.6942771084337349,0.8381818181818181,0.963855421686747,0.6882530120481928,0.5301204819277109,0.42771084337349397,0.22289156626506024,0.3159509202453988,0.20552147239263804,4.29231,"'-0.424299","'-0.00365775",.251,.309,1.2,7.8,27.75330396475771,83.9,103.7,87,99.8,24.4,17.2,2.1,23.2,51.35135135135135,76.036866359447,84.84848484848484,11.936936936936936,10.5,.248,.310,.314,.294,0.8620689655172413,1,9,4,0,26,1,20,228,53
Nick Pratto,TEX,1B,27,55,51,212,0.18072289156626506,0.03463855421686747,0.07530120481927711,0.3669051204819277,0.4186746987951807,0.2129948364888124,0.1686746987951807,0.5542168674698795,0.7545180722891566,0.08885542168674698,0.42168674698795183,0.23795180722891565,0.10542168674698796,0.7394578313253012,0.28463855421686746,0.44126506024096385,0.06927710843373494,0.9879518072289156,0.125,0.3472727272727273,0.1746987951807229,0.3433734939759036,0.2680722891566265,0.9487951807228916,0.713855421686747,0.3389570552147239,0.808282208588957,8.23312,0.154323,0.002805872727272727,.202,.370,9.4,5.5,28.57142857142857,86.6,103.7,92.5,101.7,37.5,36.4,26.8,35.2,42.924528301886795,57.009345794392516,78.68852459016394,15.094339622641508,21.9,.157,.200,.333,.200,5.454545454545454,3,3,1,1,8,2,20,91,32
Jack Winkler,HOU,2B,27,154,139,594,0.1897590361445783,0.1822289156626506,0.07228915662650602,0.29207454819277107,0.31807228915662644,0.28141135972461273,0.18072289156626506,0.2996987951807229,0.3433734939759036,0.16415662650602408,0.2469879518072289,0.1897590361445783,0.5617469879518072,0.22590361445783133,0.338855421686747,0.19578313253012047,0.13855421686746988,0.4352409638554217,0.22439759036144577,0.6763636363636364,0.6385542168674698,0.32831325301204817,0.2289156626506024,0.3072289156626506,0.1746987951807229,0.9401840490797546,0.9033742331288344,3.4115699999999998,"'-0.843875","'-0.005479707792207793",.204,.324,4.8,7.1,31.475409836065573,86.2,109.2,88.2,102.1,30.1,31.8,11.4,32.4,48.31649831649832,66.08996539792388,78.53403141361257,15.656565656565654,25.6,.209,.286,.338,.291,2.5974025974025974,4,11,6,0,29,4,49,287,93
Eric Wagaman,NYM,1B,28,85,71,332,0.286144578313253,0.14759036144578314,0.06927710843373494,0.3039344879518072,0.4021084337349398,0.2799053356282272,0.1460843373493976,0.22740963855421686,0.3102409638554217,0.7063253012048193,0.1716867469879518,0.39156626506024095,0.7876506024096386,0.0783132530120482,0.7575301204819277,0.2936746987951807,0.13855421686746988,0.44879518072289154,0.2319277108433735,0.36,0.10542168674698796,0.2560240963855422,0.3493975903614458,0.012048192771084338,0.5120481927710844,0.09202453987730061,0.14570552147239263,0.14285699999999998,"'-0.0293314","'-0.00034507529411764704",.196,.310,4.4,14.1,32.967032967032964,87.9,111.1,85.7,105.2,33.3,31.8,11.5,32.2,43.07228915662651,55.33333333333334,77.10843373493977,13.855421686746988,8.9,.183,.306,.282,.273,2.3529411764705883,2,12,2,1,13,1,27,143,46
Tyler Tolbert,KCR,OF,28,60,53,259,0.16415662650602408,0.25150602409638556,0.06626506024096386,0.3143825301204819,0.18674698795180722,0.407487091222031,0.3057228915662651,0.10542168674698796,0.19728915662650603,0.5436746987951807,0.75,0.39156626506024095,0.07680722891566265,0.045180722891566265,0.28463855421686746,0.16265060240963855,0.4006024096385542,0.060240963855421686,0.3072289156626506,0.2745454545454545,0.07228915662650602,0.3539156626506024,0.4246987951807229,0.713855421686747,0.9879518072289156,0.23466257668711657,0.09202453987730061,5.93697,1.42401,0.0237335,.218,.265,2.6,11.7,22.772277227722768,87.9,102.9,84.3,101.7,28.9,25,2.6,30.6,41.698841698841704,53.79746835443038,78.82352941176471,12.741312741312742,7.3,.264,.350,.283,.368,1.6666666666666667,1,7,1,0,14,0,15,108,33
Aaron Schunk,ATL,2B/3B/SS,28,150,135,590,0.338855421686747,0.7439759036144579,0.06325301204819277,0.46244352409638556,0.30933734939759033,0.5641135972461274,0.6731927710843374,0.4713855421686747,0.2756024096385542,0.27259036144578314,0.10240963855421686,0.21536144578313254,0.19728915662650603,0.30873493975903615,0.4171686746987952,0.3870481927710843,0.6731927710843374,0.6445783132530121,0.7981927710843374,0.8036363636363636,0.6265060240963856,0.822289156626506,0.6536144578313253,0.2469879518072289,0.1927710843373494,0.6932515337423313,0.6794478527607362,2.91547,"'-0.6488510000000001","'-0.004325673333333333",.249,.353,3.8,8.7,36.334405144694536,86.4,105.6,89,102.7,35.8,20,14,20.9,50.33898305084745,65.94982078853046,87.5,10.508474576271183,18.9,.311,.373,.496,.366,2.666666666666667,4,13,10,0,42,5,30,297,62
Jesús Bastidas,MIA,2B/SS,27,114,105,421,0.3177710843373494,0.24548192771084337,0.060240963855421686,0.3930722891566265,0.36686746987951807,0.2807659208261618,0.6280120481927711,0.6039156626506024,0.733433734939759,0.04216867469879518,0.024096385542168676,0.10090361445783133,0.16114457831325302,0.18674698795180722,0.24548192771084337,0.23493975903614459,0.3072289156626506,0.7936746987951807,0.2921686746987952,0.92,0.6731927710843374,0.5090361445783133,0.11746987951807229,0.75,0.8704819277108434,0.5644171779141104,0.553680981595092,6.098409999999999,0.838677,0.007356815789473684,.247,.379,9.1,3.5,42.18009478672986,84.9,105,87.9,101.4,31.2,27.2,16.7,31,54.394299287410924,66.66666666666666,81.42857142857143,16.864608076009503,16.7,.248,.281,.400,.311,6.140350877192982,7,4,7,0,26,3,31,229,71
Gilberto Celestino,TEX,OF,27,56,49,230,0.045180722891566265,0.11897590361445783,0.0572289156626506,0.2987575301204819,0.11445783132530121,0.5200086058519794,0.10391566265060241,0.03614457831325301,0.05120481927710843,0.4563253012048193,0.9066265060240963,0.15210843373493976,0.11144578313253012,0.4819277108433735,0.1355421686746988,0.2213855421686747,0.07680722891566265,0.0030120481927710845,0.5075301204819277,0.3018181818181818,0.6174698795180723,0.5,0.5753012048192772,0.41566265060240964,0.5301204819277109,0,0,4.21077,"'-0.00888658","'-0.00015868892857142858",.187,.212,0,10.7,18.96551724137931,85.8,103.8,90.5,100,31,35.7,"'-9.2",26.8,42.173913043478265,65.78947368421053,81.33333333333333,11.304347826086955,0,.224,.304,.265,.367,0,0,6,2,0,11,0,20,97,26
Yonny Hernández,NYM,2B/3B,28,87,77,340,0.1430722891566265,0.12349397590361445,0.05421686746987952,0.39627259036144574,0.08885542168674698,0.6837349397590362,0.2545180722891566,0.11295180722891567,0.05120481927710843,0.1566265060240964,0.3072289156626506,0.10090361445783133,0.061746987951807226,0.0391566265060241,0.04969879518072289,0.11746987951807229,0.7921686746987951,0.30873493975903615,0.9457831325301205,0.6509090909090909,0.8012048192771084,0.8825301204819277,0.9006024096385542,0.4036144578313253,0.5692771084337349,0.22392638036809817,0.3174846625766871,4.13472,0.016678799999999997,0.00019171034482758618,.213,.270,0,6.9,30.319148936170212,84.9,102.5,83.9,98,27,17.2,9.1,15.3,47.941176470588246,69.73684210526315,88.67924528301887,7.352941176470589,12.5,.221,.299,.273,.258,0,0,6,1,0,17,1,15,163,25
Dylan Carlson,PHI,OF,27,51,47,200,0.2635542168674699,0.12951807228915663,0.05120481927710843,0.3365022590361446,0.27981927710843374,0.4251290877796902,0.32981927710843373,0.5632530120481928,0.4186746987951807,0.11596385542168675,0.8313253012048193,0.1355421686746988,0.06927710843373494,0.4066265060240964,0.07379518072289157,0.21234939759036145,0.5993975903614458,0.3463855421686747,0.3147590361445783,0.5381818181818182,0.5331325301204819,0.2469879518072289,0.33433734939759036,0.06927710843373494,0.4457831325301205,0.8466257668711656,0.3880368098159509,1.08036,"'-0.0586628","'-0.0011502509803921568",.220,.371,5.6,5.9,21.176470588235293,85.5,102.7,89.8,98.8,30.6,21.6,10.1,30.4,46,64.34782608695652,77.02702702702703,14.000000000000002,13.9,.191,.255,.340,.206,3.92156862745098,2,3,1,0,9,2,11,92,28
Elih Marrero,KCR,C,28,33,32,130,0.08132530120481928,0.19126506024096385,0.04819277108433735,0.32501882530120485,0.5087349397590362,0.12370912220309811,0.4879518072289157,0.24397590361445784,0.3177710843373494,0.0391566265060241,0.012048192771084338,0.8132530120481928,0.31626506024096385,0.5150602409638554,0.7108433734939759,0.8524096385542169,0.1746987951807229,0.5195783132530121,0.10692771084337349,0.9454545454545454,0.3644578313253012,0.13253012048192772,0.03614457831325301,0.7018072289156626,0.9427710843373494,0.5996932515337423,0.35429447852760737,5.81197,0.356003,0.010787969696969695,.233,.315,4.5,3,44.680851063829785,91.1,107,90.7,104.8,50,30.3,12.7,36.1,55.384615384615394,61.44578313253012,74.50980392156862,20,13,.250,.273,.375,.364,3.0303030303030303,1,1,4,0,8,0,10,72,26
Eric Yang,CHC,PH/PR,28,67,58,296,0.13253012048192772,0.3795180722891566,0.045180722891566265,0.28915662650602414,0.24939759036144576,0.3250860585197935,0.10843373493975904,0.11746987951807229,0.49096385542168675,0.43373493975903615,0.7680722891566265,0.11144578313253012,0.45481927710843373,0.12048192771084337,0.1355421686746988,0.07228915662650602,0.03614457831325301,0.7243975903614458,0.14759036144578314,0.14545454545454545,0.23795180722891565,0.2786144578313253,0.37349397590361444,0.13855421686746988,0.30120481927710846,0.8558282208588958,0.8819018404907976,2.0178599999999998,"'-0.14665699999999998","'-0.002188910447761194",.189,.271,6.1,10.4,22.360248447204967,85.1,108.4,86.7,100,24.2,38.8,15.6,34.5,39.189189189189186,59.25925925925925,77.5,13.513513513513516,24.2,.259,.343,.379,.419,2.985074626865672,2,7,1,0,15,2,26,116,40
Diego Castillo,TEX,2B/SS,28,45,38,182,0.24096385542168675,0.3358433734939759,0.04216867469879518,0.3914721385542168,0.0466867469879518,0.678356282271945,0.2996987951807229,0.10240963855421686,0.05120481927710843,0.8012048192771084,0.32680722891566266,0.05271084337349398,0.02108433734939759,0.08433734939759036,0.006024096385542169,0.006024096385542169,0.9216867469879518,0.5903614457831325,0.9457831325301205,0.16363636363636366,0.030120481927710843,0.7650602409638554,0.9578313253012049,0.15060240963855423,0.08734939759036145,0.018404907975460124,0.48466257668711654,2.16507,"'-0.415412","'-0.00923137777777778",.217,.264,0,15.6,30.10752688172043,83.9,99.9,85.8,94.1,9.4,13.3,13.3,15.3,39.56043956043956,49.43820224719101,86.36363636363636,6.043956043956044,15.6,.263,.378,.289,.313,0,0,7,1,0,10,0,6,72,11
Jacob Hurtubise,MIL,OF,28,70,56,283,0.15813253012048192,0.17319277108433734,0.0391566265060241,0.370105421686747,0.020481927710843374,0.6428571428571429,0.061746987951807226,0.030120481927710843,0.05120481927710843,0.8102409638554217,0.8253012048192772,0.0030120481927710845,0.015060240963855422,0.0030120481927710845,0.0030120481927710845,0.0030120481927710845,0.44126506024096385,0.5903614457831325,0.8569277108433735,0.18181818181818185,0.12650602409638553,0.5692771084337349,0.8704819277108434,0.5090361445783133,0.6867469879518072,0.23466257668711657,0.09202453987730061,4.94381,0.135244,0.0019320571428571426,.166,.186,0,15.7,21.37404580152672,74.5,99.5,74.8,89,2.6,24.3,13.3,19.5,39.929328621908134,55.92105263157895,82.35294117647058,7.773851590106008,7.3,.196,.357,.196,.282,0,0,11,0,0,11,0,17,113,22
Noah Cardenas,MIN,C,26,71,56,313,0.05271084337349398,0.06927710843373494,0.03614457831325301,0.28567394578313254,0.06837349397590362,0.43545611015490543,0.004518072289156626,0.006024096385542169,0.2183734939759036,0.8614457831325302,0.2560240963855422,0.006024096385542169,0.08734939759036145,0.007530120481927711,0.018072289156626505,0.024096385542168676,0.20481927710843373,0.9503012048192772,0.2921686746987952,0.5536363636363636,0.7620481927710844,0.3674698795180723,0.3042168674698795,0.17319277108433734,0.3313253012048193,0.906441717791411,0.553680981595092,2.45903,"'-0.139324","'-0.0019623098591549297",.107,.145,2.9,16.9,31.38297872340425,76,103.1,75.7,95.8,14.3,29.6,21.3,31,46.325878594249204,68.8,79.06976744186046,14.376996805111823,16.7,.107,.296,.179,.147,1.4084507042253522,1,12,1,0,6,1,21,145,45
Anthony Vilar,SDP,C,27,62,58,275,0.0963855421686747,0.48493975903614456,0.03313253012048193,0.22646837349397592,0.1789156626506024,0.2835628227194492,0.3057228915662651,0.1686746987951807,0.38403614457831325,0.14006024096385541,0.13855421686746988,0.20180722891566266,0.03614457831325301,0.17771084337349397,0.05572289156626506,0.10391566265060241,0.16716867469879518,0.08885542168674698,0.6355421686746988,0.5490909090909091,0.09939759036144578,0.22590361445783133,0.5783132530120482,0.25301204819277107,0.07530120481927711,0.8312883435582822,0.5828220858895705,2.94643,"'-0.615412","'-0.009926",.218,.297,5.3,6.5,34.74576271186441,86.3,101.7,87.8,98.1,26.3,30.6,3.9,24.4,46.18181818181818,54.777070063694275,76.74418604651162,11.272727272727273,17.1,.293,.339,.431,.421,3.2258064516129035,2,4,5,0,17,1,19,127,31
Onix Vega,NYM,C,27,23,20,100,0.009036144578313253,0.1144578313253012,0.030120481927710843,0.3626694277108433,0.02439759036144578,0.6792168674698795,0.004518072289156626,0.012048192771084338,0.05120481927710843,0.27259036144578314,0.08283132530120482,0.03463855421686747,0.012048192771084338,0.03313253012048193,0.010542168674698794,0.012048192771084338,0.9879518072289156,0.9006024096385542,0.9909638554216867,0.6054545454545455,0.44126506024096385,0.9849397590361446,0.9939759036144579,0.012048192771084338,0.3855421686746988,0.12269938650306748,0.553680981595092,0.14285699999999998,"'-0.0366642","'-0.001594095652173913",.107,.150,0,8.7,37.096774193548384,82.3,99.4,83.1,94.3,11.1,8.7,19.7,8.5,47,63.157894736842096,95.83333333333334,4,16.7,.150,.261,.300,.118,0,0,2,0,0,3,1,2,47,4
Cooper Johnson,TEX,C,28,94,83,362,0.12198795180722892,0.22289156626506024,0.02710843373493976,0.24134036144578314,0.19367469879518073,0.307013769363167,0.1566265060240964,0.1355421686746988,0.1430722891566265,0.34789156626506024,0.5120481927710844,0.07530120481927711,0.35240963855421686,0.2605421686746988,0.2710843373493976,0.2620481927710843,0.12951807228915663,0.3870481927710843,0.28313253012048195,0.4527272727272727,0.3614457831325301,0.16265060240963855,0.35240963855421686,0.0783132530120482,0.12048192771084337,0.7684049079754601,0.254601226993865,1.1736,"'-0.648039","'-0.006894031914893618",.198,.281,1.9,9.6,26.966292134831463,84.4,107.3,88.5,101.6,32.1,31.9,10.7,31.1,44.47513812154696,61.41304347826087,75.22123893805309,13.812154696132598,11.1,.217,.298,.349,.308,1.0638297872340423,1,9,5,0,18,2,30,161,50
Colin Davis,SEA,OF,27,39,36,149,0.006024096385542169,0.04819277108433735,0.024096385542168676,0.2524472891566265,0.23012048192771087,0.2609724612736661,0.022590361445783132,0.009036144578313253,0.05120481927710843,0.07981927710843373,0.5843373493975904,0.4397590361445783,0.29518072289156627,0.4382530120481928,0.24548192771084337,0.35542168674698793,0.018072289156626505,0.9819277108433735,0.08283132530120482,0.7609090909090909,0.8524096385542169,0.15210843373493976,0.0572289156626506,0.05120481927710843,0.4246987951807229,0.37883435582822084,0.027607361963190184,0.9067459999999999,"'-0.0522028","'-0.0013385333333333336",.123,.146,0,5.1,25.352112676056336,88.2,106.8,90.1,101.4,35,41,24.3,36.5,49.664429530201346,71.7948717948718,75,18.12080536912752,5,.194,.256,.250,.350,0,0,2,2,0,7,0,16,74,27
Cooper Bowman,TBR,2B,26,68,59,277,0.015060240963855422,0.04819277108433735,0.02108433734939759,0.19022966867469882,0.06746987951807229,0.19234079173838212,0.012048192771084338,0.018072289156626505,0.05120481927710843,0.42168674698795183,0.25,0.10090361445783133,0.11596385542168675,0.061746987951807226,0.2710843373493976,0.05120481927710843,0.045180722891566265,0.5075301204819277,0.060240963855421686,0.3836363636363636,0.13403614457831325,0.27259036144578314,0.16265060240963855,0.8253012048192772,0.9126506024096386,0.6211656441717791,0.7806748466257669,6.67121,0.623238,0.009165264705882352,.114,.157,0,10.3,31.46853146853147,84.9,103.9,85.2,101.6,21.9,38.2,12.6,37.5,43.321299638989174,55.97014925373134,77.33333333333333,16.24548736462094,21.2,.153,.265,.220,.273,0,0,7,4,0,9,0,26,120,45
Will Robertson,BAL,OF,28,36,32,133,0.0391566265060241,0.009036144578313253,0.018072289156626505,0.22505647590361444,0.26144578313253014,0.2923838209982788,0.05421686746987952,0.04819277108433735,0.05120481927710843,0.48343373493975905,0.0572289156626506,0.6204819277108434,0.3960843373493976,0.6521084337349398,0.45180722891566266,0.19126506024096385,0.16716867469879518,0.08433734939759036,0.07530120481927711,0.9,0.9457831325301205,0.2786144578313253,0.0391566265060241,0.06927710843373494,0.37650602409638556,0.4570552147239264,0.15950920245398773,1.08036,"'-0.0586628","'-0.0016295222222222222",.163,.215,0,11.1,38.75,89.4,107.8,91.7,103,30,30.6,3.7,36.6,53.383458646616546,75.47169811320755,77.5,19.548872180451127,9.1,.125,.222,.125,.190,0,0,4,0,0,4,0,11,71,26
Ryan McCarty,TOR,2B/3B,27,34,31,125,0.03313253012048193,0.012048192771084338,0.015060240963855422,0.26600150602409633,0.13343373493975902,0.3278829604130809,0.07228915662650602,0.0391566265060241,0.05120481927710843,0.28463855421686746,0.21536144578313254,0.49849397590361444,0.04066265060240964,0.2394578313253012,0.20180722891566266,0.03765060240963856,0.2213855421686747,0.9849397590361446,0.21084337349397592,0.9090909090909092,0.9337349397590361,0.34789156626506024,0.08132530120481928,0.2033132530120482,0.3704819277108434,0,0,2.6428599999999998,"'-0.0586628","'-0.001725376470588235",.172,.213,0,8.8,32.25806451612903,88.6,101.8,88.3,101,20,29.4,26.1,32.8,53.6,74.60317460317461,78.72340425531915,17.599999999999994,0,.161,.235,.161,.238,0,0,3,0,0,5,0,10,67,22
Tyler Fitzgerald,LAD,2B/SS,28,66,58,289,0.02108433734939759,0.06325301204819277,0.012048192771084338,0.25800075301204817,0.29819277108433734,0.20976764199655765,0.022590361445783132,0.043674698795180725,0.5406626506024096,0.30271084337349397,0.12349397590361445,0.14156626506024098,0.3960843373493976,0.5978915662650602,0.4427710843373494,0.3689759036144578,0.02108433734939759,0.9216867469879518,0.030120481927710843,0.9272727272727272,0.9487951807228916,0.02710843373493976,0.015060240963855422,0.2033132530120482,0.5210843373493976,0.8374233128834356,0.6104294478527608,2.6428599999999998,"'-0.0130507","'-0.0001977378787878788",.123,.214,6.5,9.1,35.333333333333336,85.6,107.8,91.3,102.9,35.5,40.9,20.6,39.2,54.67128027681662,75.53956834532373,67.6190476190476,21.453287197231838,17.6,.155,.242,.293,.233,3.0303030303030303,2,6,2,0,9,2,27,158,62
Parker Chavers,FA,OF,27,41,39,193,0.0030120481927710845,0.0030120481927710845,0.009036144578313253,0.1637801204819277,0.20572289156626505,0.19191049913941477,0.009036144578313253,0.0030120481927710845,0.05120481927710843,0.07530120481927711,0.06927710843373494,0.42620481927710846,0.03313253012048193,0.3825301204819277,0.03463855421686747,0.5150602409638554,0.009036144578313253,0.03313253012048193,0.1746987951807229,0.7036363636363636,0.3569277108433735,0.516566265060241,0.14156626506024098,0.2033132530120482,0.47289156626506024,0.23006134969325154,0.20552147239263804,2.6428599999999998,"'-0.0326267","'-0.0007957731707317075",.109,.140,0,4.9,38.095238095238095,88.1,101,89.6,97.1,38.9,48.8,"'-0.2",34,48.70466321243524,61.36363636363637,81.48148148148148,16.580310880829018,10.5,.077,.122,.077,.158,0,0,2,0,0,3,0,20,94,32
Victor Robles,SEA,OF,28,34,26,149,0.06325301204819277,0.10993975903614457,0.006024096385542169,0.29103915662650603,0.03765060240963856,0.38188468158347677,0.030120481927710843,0.015060240963855422,0.05120481927710843,0.9578313253012049,0.21536144578313254,0.012048192771084338,0.02710843373493976,0.012048192771084338,0.05572289156626506,0.08283132530120482,0.1144578313253012,0.8945783132530121,0.1852409638554217,0.7609090909090909,0.9849397590361446,0.0858433734939759,0.12951807228915663,0.8072289156626506,0.9186746987951807,0.9478527607361963,0.8957055214723927,6.597189999999999,0.33474699999999996,0.0098455,.132,.155,0,20.6,32.25806451612903,80.5,100.5,78.3,98.1,25,32.4,19.3,33.8,49.664429530201346,78.57142857142857,72.72727272727273,16.778523489932887,25,.154,.324,.192,.250,0,0,7,1,0,4,0,11,74,25
Mike Jarvis,PIT,2B,28,27,24,103,0.030120481927710843,0.09487951807228916,0.0030120481927710845,0.14373117469879518,0.031927710843373494,0.14199655765920824,0.05120481927710843,0.02710843373493976,0.05120481927710843,0.48343373493975905,0.030120481927710843,0.009036144578313253,0.024096385542168676,0.007530120481927711,0.12198795180722892,0.04819277108433735,0.0572289156626506,0.23343373493975902,0.14156626506024098,0.6336363636363637,0.1144578313253012,0.022590361445783132,0.14457831325301204,0.8313253012048193,0.9307228915662651,0.7960122699386503,0.40797546012269936,6.8899300000000006,0.274568,0.010169185185185184,.158,.182,0,11.1,41.66666666666667,78.3,100.3,75.7,99.8,21.4,37,7.9,34.7,47.57281553398058,55.8139534883721,66.66666666666666,16.50485436893204,14.3,.208,.296,.250,.357,0,0,3,1,0,5,0,10,49,17