Name,Org,Pos,Age,PA,AB,Pitches,xwOBA,wOBA,PS Score,Agg,Contact Quality,Max Velo,xwOBA,xBA,xSLG,Barrels,BB%,Chase%,EV,Hard Hit%,K%,L°,Whiff%,Swing%,Z-Swing%,Z-Contact%,SwStr%,xBA,xSLG,Barrels,BB%,Chase%,EV,Hard Hit%,K%,L°,Whiff%,BA,OBP,SLG,BABIP,PA/Barrels,Barrels,BB,2B,3B,Hits,HR,K,Swings,Whiffs,Swing%,Z-Swing%,Z-Contact%,SwStr%
Noah Schultz,CHW,SP,22,45,43,166,.149,.146,1,0.9397946195356733,0.89321608040201,0.9320580474934036,1,0.992462311557789,0.9899497487437185,0.7261306532663316,0.9874371859296482,0.9974874371859297,1,0.8567839195979899,0.9899497487437185,0.8994974874371859,0.9057788944723618,0.7678100263852242,0.914572864321608,0.6457286432160804,0.9371859296482412,.115,.173,4.2,4.4,43.678160919540225,78.4,29.2,42.2,4.2,37,.093,.133,.186,.130,2.2222222222222223,1,2,1,0,4,1,19,81,30,48.79518072289157,54.43037974683544,79.06976744186046,18.072289156626507
Payton Tolle,BOS,SP,23,61,56,220,.200,.274,0.9974874371859297,0.7862111790261777,0.8439070351758794,0.8918205804749341,0.9849246231155779,0.9233668341708543,0.9535175879396985,0.8530150753768844,0.9057788944723618,0.8492462311557789,0.9685929648241206,0.6005025125628141,0.8190954773869347,0.09296482412060302,0.5917085427135679,0.7862796833773087,0.35175879396984927,0.8090452261306532,0.7462311557788944,.162,.224,2.6,6.6,32.11009174311927,83,36.8,31.1,19.6,28.7,.214,.262,.357,.297,1.639344262295082,1,4,3,1,12,1,19,108,31,49.09090909090909,65.76576576576578,75.34246575342465,14.09090909090909
Didier Fuentes,ATL,SP,20,63,53,241,.261,.254,0.9949748743718593,0.645934984951141,0.5175879396984924,0.9597625329815304,0.8756281407035176,0.9233668341708543,0.9258793969849246,0.5804020100502513,0.6871859296482412,0.3417085427135678,0.20351758793969849,0.36055276381909546,0.8391959798994975,0.12688442211055276,0.9271356783919598,0.2730870712401056,0.6746231155778895,0.9195979899497487,0.8492462311557789,.162,.240,5.9,9.5,24.6031746031746,90.4,41.2,31.7,18.8,37.6,.151,.270,.264,.212,3.1746031746031744,2,6,3,0,8,1,20,101,38,41.908713692946066,60.86956521739131,71.42857142857143,15.767634854771785
Hagen Smith,CHW,SP,22,112,92,485,.254,.297,0.992462311557789,0.7249536490720975,0.7660175879396984,0.8225593667546174,0.8982412060301508,0.9748743718592965,0.9597989949748744,0.9020100502512562,0.25125628140703515,0.7738693467336684,0.6017587939698492,0.6005025125628141,0.8278894472361809,0.23869346733668342,0.8479899497487438,0.6055408970976254,0.4271356783919598,0.7286432160804021,0.8743718592964824,.146,.216,1.8,16.1,30.501930501930502,88,36.8,31.3,17.1,34.2,.174,.321,.304,.255,0.8928571428571428,1,18,6,0,16,2,35,225,77,46.39175257731959,64.60176991150442,77.39726027397259,15.876288659793813
Kendry Rojas,MIN,SP,23,62,56,260,.307,.298,0.9899497487437185,0.636737723357332,0.5188442211055276,0.9373350923482848,0.5741206030150754,0.30904522613065327,0.4748743718592965,0.8693467336683417,0.7939698492462312,0.9095477386934674,0.2701005025125628,0.4610552763819096,0.5339195979899497,0.8153266331658291,0.6922110552763819,0.9142480211081794,0.0728643216080402,0.4623115577889447,0.8517587939698492,.251,.359,2.4,8.1,33.82352941176471,89.9,39,24.2,6.9,30.4,.250,.323,.321,.325,1.6129032258064515,1,5,1,0,14,1,15,135,41,51.92307692307693,71.7741935483871,82.02247191011236,15.769230769230768
Ethan Pecko,HOU,SP,23,37,34,164,.279,.305,0.9874371859296482,0.6204502614214432,0.48052763819095484,0.6589709762532981,0.7964824120603015,0.5100502512562815,0.5866834170854272,0.9547738693467337,0.7939698492462312,0.5678391959798995,0.34673366834170855,0.03391959798994975,0.864321608040201,0.6017587939698492,0.7298994974874372,0.6477572559366754,0.27386934673366836,0.6193467336683417,0.7914572864321608,.228,.334,0,8.1,27.380952380952387,89.5,54.5,32.4,10.9,31.2,.235,.297,.382,.333,0,0,3,2,0,8,1,12,77,24,46.95121951219512,67.5,79.62962962962962,14.634146341463413
Welinton Herrera,COL,SP,22,75,60,336,.299,.319,0.9849246231155779,0.7153390081453884,0.8099874371859297,0.9320580474934036,0.6256281407035176,0.7751256281407035,0.8065326633165829,0.8316582914572864,0.1984924623115578,0.32914572864321606,0.9597989949748744,0.6419597989949749,0.8505025125628141,0.8492462311557789,0.7839195979899497,0.19393139841688653,0.9371859296482412,0.9057788944723618,0.6306532663316583,.192,.282,2.9,17.3,24.489795918367342,83.4,35.3,32,6.2,32.4,.217,.360,.317,.333,1.3333333333333337,1,13,3,0,13,1,24,136,44,40.476190476190474,52.9100529100529,72,13.095238095238097
Jose Franco,CIN,SP,25,40,36,143,.293,.336,0.9824120603015075,0.6766080843973606,0.48115577889447236,0.854221635883905,0.6771356783919598,0.3592964824120603,0.6532663316582915,0.7374371859296482,0.8391959798994975,0.9535175879396985,0.5188442211055276,0.01507537688442211,0.7010050251256281,0.9233668341708543,0.8869346733668342,0.9050131926121372,0.3065326633165829,0.8190954773869347,0.9472361809045227,.245,.321,4,7.5,36.61971830985916,88.5,60,27.5,2.5,35.1,.278,.350,.389,.375,2.5,1,3,1,0,10,1,11,74,26,51.748251748251754,66.66666666666666,75,18.181818181818183
Thomas White,MIA,SP,21,61,52,294,.258,.306,0.9798994974874372,0.6290307076278491,0.5354899497487438,0.7631926121372031,0.885678391959799,0.9032663316582915,0.9057788944723618,0.46984924623115576,0.5087939698492462,0.17587939698492464,0.24748743718592964,0.5188442211055276,0.9371859296482412,0.4120603015075377,0.8203517587939698,0.2691292875989446,0.3391959798994975,0.7964824120603015,0.7336683417085427,.168,.247,6.9,11.5,22.222222222222218,90,37.9,36.1,14,33.3,.212,.328,.327,.345,3.278688524590164,2,7,3,0,11,1,22,123,41,41.83673469387755,65.9090909090909,75.86206896551724,13.945578231292515
Angel Chivilli,NYY,RP,23,29,27,116,.178,.124,0.9773869346733668,0.8924122591851077,0.9761306532663316,0.9689973614775724,0.9949748743718593,0.9698492462311558,0.992462311557789,0.9547738693467337,0.8793969849246231,0.3341708542713568,0.9949748743718593,0.9623115577889447,0.8165829145728644,0.9170854271356784,0.9233668341708543,0.7269129287598944,0.23366834170854273,0.8467336683417085,0.9396984924623115,.148,.170,0,6.9,24.52830188679245,79.9,22.2,31,3.1,37.5,.074,.138,.111,.111,0,0,2,1,0,2,0,9,56,21,48.27586206896552,68.25396825396825,74.4186046511628,18.103448275862068
Eduardo Rivera,BOS,RP,22,45,41,191,.253,.265,0.9748743718592965,0.7578942977862045,0.6711683417085427,0.3133245382585752,0.907035175879397,0.5251256281407035,0.8128140703517588,0.9547738693467337,0.9874371859296482,0.9899497487437185,0.5829145728643216,0.3341708542713568,0.9660804020100503,0.7625628140703518,0.9585427135678392,0.907651715039578,0.3065326633165829,0.8190954773869347,0.9899497487437185,.227,.280,0,4.4,41.592920353982294,88.1,41.7,40,7.6,40.4,.244,.289,.293,.417,0,0,2,2,0,10,0,18,99,40,51.832460732984295,66.66666666666666,75,20.94240837696335
Blade Tidwell,SFG,SP,24,33,28,163,.304,.303,0.9723618090452262,0.6458079204288815,0.6485552763819096,0.8225593667546174,0.5904522613065326,0.7022613065326633,0.5866834170854272,0.1984924623115578,0.4685929648241206,0.7989949748743719,0.8919597989949749,0.9170854271356784,0.6922110552763819,0.10552763819095477,0.9748743718592965,0.7005277044854882,0.3442211055276382,0.9849246231155779,0.9824120603015075,.206,.334,10.5,12.1,30.952380952380953,84.7,26.3,27.3,19.1,42.3,.179,.303,.357,.222,6.0606060606060606,2,4,2,0,5,1,9,78,33,47.852760736196316,65.82278481012658,63.46153846153846,20.24539877300613
Robby Snelling,MIA,SP,22,109,95,490,.266,.217,0.9698492462311558,0.7076493947309105,0.5882537688442212,0.6701846965699209,0.864321608040201,0.8756281407035176,0.7625628140703518,0.14321608040201006,0.4321608040201005,0.7562814070351759,0.7035175879396985,0.7437185929648241,0.9711055276381909,0.9309045226130653,0.6381909547738693,0.2150395778364116,0.9221105527638191,0.5866834170854272,0.47738693467336685,.176,.296,11.8,12.8,30.07518796992481,87.3,33.3,40.4,1.9,29.4,.116,.229,.221,.184,5.504587155963304,6,14,4,0,11,2,44,201,59,41.020408163265294,54.01785714285714,80.16528925619834,12.040816326530614
Tanner McDougal,CHW,SP,23,98,80,390,.314,.270,0.9673366834170855,0.6082363223328605,0.6347361809045227,0.983509234828496,0.507537688442211,0.7587939698492462,0.5628140703517588,0.4082914572864322,0.3793969849246231,0.12562814070351758,0.7650753768844221,0.8027638190954773,0.7047738693467337,0.42085427135678394,0.8793969849246231,0.4795514511873351,0.964824120603015,0.964824120603015,0.8467336683417085,.199,.338,7.4,13.3,20.689655172413797,86.7,31.5,27.6,13.9,34.9,.150,.296,.263,.192,4.081632653061225,4,13,3,0,12,2,27,175,61,44.87179487179488,51.81518151815182,68.78980891719746,15.64102564102564
Max Rajcic,STL,SP,24,101,90,423,.279,.291,0.964824120603015,0.7598115909362114,0.8586683417085427,0.7031662269129287,0.7964824120603015,0.5979899497487438,0.75,0.7876884422110553,0.8115577889447236,0.7361809045226131,0.9170854271356784,0.9798994974874372,0.7512562814070352,0.6658291457286433,0.6206030150753769,0.5118733509234829,0.4899497487437186,0.6080402010050251,0.6407035175879398,.218,.298,3.4,7.9,29.824561403508767,84.4,19,28.7,9.5,29.2,.222,.307,.322,.317,1.98019801980198,2,8,6,0,20,1,29,192,56,45.39007092198582,63.58974358974358,79.83870967741935,13.238770685579196
Josh Ekness,MIA,RP,24,59,51,240,.289,.309,0.9623115577889447,0.7916976041155644,0.8068467336683417,0.9551451187335092,0.7110552763819096,0.550251256281407,0.7286432160804021,0.8040201005025126,0.6331658291457286,0.9246231155778895,0.9170854271356784,0.7776381909547738,0.9258793969849246,0.8077889447236181,0.7650753768844221,0.816622691292876,0.39949748743718594,0.7060301507537688,0.8655778894472361,.224,.304,3.2,10.2,34.42622950819672,84.4,32.3,35.6,7,31.9,.255,.339,.333,.400,1.6949152542372878,1,6,1,0,13,1,21,119,38,49.58333333333334,65.2542372881356,77.92207792207795,15.833333333333332
Gage Jump,ATH,SP,23,128,103,564,.313,.385,0.9597989949748744,0.5985802473228058,0.6099246231155779,0.8852242744063324,0.5251256281407035,0.5979899497487438,0.6922110552763819,0.6758793969849246,0.2964824120603015,0.2613065326633166,0.5188442211055276,0.5527638190954773,0.8505025125628141,0.5804020100502513,0.7462311557788944,0.4775725593667546,0.2650753768844221,0.7814070351758794,0.7587939698492462,.218,.312,4.7,14.8,23.63013698630137,88.5,37.5,32,11.1,31.6,.272,.398,.466,.400,2.34375,3,19,6,1,28,4,41,253,80,44.858156028368796,67.64705882352942,76.08695652173914,14.184397163120568
Alex Cook,TBR,SP,25,49,43,200,.316,.324,0.957286432160804,0.5267752571122984,0.22204773869346733,0.8225593667546174,0.4849246231155779,0.4748743718592965,0.37814070351758794,0.1871859296482412,0.6331658291457286,0.6683417085427136,0.031407035175879394,0.2914572864321608,0.8052763819095478,0.6017587939698492,0.9422110552763819,0.9182058047493404,0.11557788944723618,0.9597989949748744,0.9773869346733668,.231,.384,10.7,10.2,28.88888888888889,93.2,42.9,30.6,10.9,38.5,.209,.306,.419,.269,6.1224489795918355,3,5,3,0,9,2,15,104,40,52,70.9090909090909,69.23076923076923,20
Logan Henderson,MIL,SP,24,70,61,286,.242,.219,0.9547738693467337,0.6567133711654137,0.8002512562814069,0.5112137203166227,0.9346733668341709,0.8919597989949749,0.9396984924623115,0.8316582914572864,0.41959798994974873,0.19597989949748743,0.621859296482412,0.8077889447236181,0.9472361809045227,0.07788944723618091,0.7010050251256281,0.4696569920844327,0.8417085427135679,0.9673366834170855,0.7010050251256281,.173,.231,2.9,12.9,22.549019607843142,87.9,31.4,37.1,20.1,30.5,.164,.271,.164,.286,1.4285714285714286,1,9,0,0,10,0,26,128,39,44.75524475524475,57.06521739130434,68.57142857142857,13.636363636363635
Angel Bastardo,BOS,RP,23,47,41,186,.277,.303,0.9522613065326633,0.69653787848654,0.7368090452261307,0.7981530343007915,0.8128140703517588,0.6419597989949749,0.8027638190954773,0.7374371859296482,0.4321608040201005,0.9120603015075377,0.621859296482412,0.785175879396985,0.8982412060301508,0.056532663316582916,0.8592964824120602,0.6358839050131926,0.6846733668341709,0.49246231155778897,0.8869346733668342,.214,.283,4,12.8,34.02061855670103,87.9,32,34,21.5,34.5,.220,.319,.341,.360,2.127659574468085,1,6,5,0,9,0,16,87,30,46.774193548387096,60.67415730337079,81.48148148148148,16.129032258064516
Hayden Juenger,TOR,SP,25,60,54,267,.235,.328,0.949748743718593,0.6897100940056483,0.6777638190954773,0.6081794195250659,0.949748743718593,0.6331658291457286,0.8731155778894473,0.9547738693467337,0.8982412060301508,0.7788944723618091,0.33040201005025127,0.5527638190954773,0.6532663316582915,0.5012562814070352,0.542713567839196,0.8100263852242744,0.6130653266331658,0.8266331658291457,0.7236180904522613,.215,.260,0,6.7,30.555555555555557,89.6,37.5,26.7,12.4,28,.315,.350,.389,.425,0,0,4,4,0,17,0,16,132,37,49.43820224719101,62.26415094339622,74.74747474747474,13.857677902621724
Spencer Strider,ATL,SP,27,35,32,147,.252,.211,0.9472361809045227,0.7247655383337092,0.5562185929648241,0.854221635883905,0.914572864321608,0.8567839195979899,0.6871859296482412,0.5804020100502513,0.7562814070351759,0.964824120603015,0.1092964824120603,0.8479899497487438,0.992462311557789,0.1457286432160804,0.9874371859296482,0.8218997361477572,0.2562814070351759,0.8190954773869347,0.9974874371859297,.181,.313,5.9,8.6,37.5,91.6,29.4,42.9,18.5,43.8,.156,.229,.219,.294,2.8571428571428568,1,3,2,0,5,0,15,73,32,49.65986394557822,67.79661016949152,75,21.768707482993197
Carlos Lagrange,NYY,SP,22,145,122,615,.338,.346,0.9447236180904522,0.43446398659966495,0.16237437185929648,1,0.31532663316582915,0.5100502512562815,0.30778894472361806,0.0942211055276382,0.4020100502512563,0.3492462311557789,0.16959798994974876,0.07788944723618091,0.7952261306532663,0.3442211055276382,0.8479899497487438,0.29815303430079154,0.3844221105527638,0.8291457286432161,0.7788944723618091,.228,.403,12.7,13.1,24.64183381088825,90.8,50.6,30.3,15.2,34.2,.221,.338,.434,.288,6.896551724137932,10,19,8,0,27,6,44,260,89,42.27642276422765,65.41353383458647,74.71264367816093,14.471544715447154
Riley Cornelio,WSN,SP,25,125,108,572,.313,.321,0.9422110552763819,0.5195983214224155,0.23084170854271358,0.7816622691292876,0.5251256281407035,0.7311557788944724,0.2914572864321608,0.04773869346733668,0.47613065326633164,0.8819095477386935,0.16959798994974876,0.41457286432160806,0.9334170854271356,0.04396984924623116,0.9384422110552764,0.7071240105540897,0.20603015075376885,0.8994974874371859,0.9547738693467337,.204,.406,14.5,12,32.831325301204814,90.8,40.3,36,22.3,38.3,.204,.296,.435,.271,7.199999999999998,9,15,5,1,22,6,45,274,105,47.9020979020979,68.75,72.72727272727273,18.35664335664336
Ben Peoples,CHW,RP,25,77,68,298,.236,.249,0.9396984924623115,0.801189323928349,0.8451633165829145,0.854221635883905,0.9472361809045227,0.957286432160804,0.8881909547738693,0.6909547738693468,0.614321608040201,0.657035175879397,0.8982412060301508,0.9032663316582915,0.821608040201005,0.4949748743718593,0.8869346733668342,0.8852242744063324,0.4623115577889447,0.9195979899497487,0.9271356783919598,.154,.253,4.5,10.4,28.57142857142857,84.6,27.3,31.2,12.5,35.1,.176,.273,.250,.256,2.5974025974025974,2,8,2,0,12,1,24,151,53,50.67114093959732,63.97849462365591,71.42857142857143,17.78523489932886
José Fermin,LAA,RP,24,50,41,204,.302,.312,0.9371859296482412,0.7344680195171107,0.8514447236180904,0.8852242744063324,0.6092964824120602,0.5979899497487438,0.8479899497487438,0.7374371859296482,0.1884422110552764,0.678391959798995,0.9359296482412061,0.8844221105527639,0.8505025125628141,0.6155778894472361,0.9824120603015075,0.2862796833773087,0.7562814070351759,0.8793969849246231,0.9447236180904522,.218,.272,4,18,28.947368421052637,84.2,28,32,10.7,43,.220,.360,.293,.360,2,1,9,3,0,9,0,16,86,37,42.15686274509804,58.88888888888889,73.58490566037736,18.137254901960784
Jonah Tong,NYM,SP,22,153,129,653,.313,.303,0.9346733668341709,0.5168426786527184,0.2914572864321608,0.8126649076517151,0.5251256281407035,0.6922110552763819,0.46733668341708545,0.20854271356783918,0.36683417085427134,0.4824120603015075,0.3128140703517588,0.1771356783919598,0.8982412060301508,0.5665829145728644,0.6922110552763819,0.4129287598944591,0.4547738693467337,0.5402010050251256,0.6557788944723618,.207,.360,10.3,13.7,26.42045454545455,89.7,46.2,34,11.3,30.4,.178,.301,.364,.236,5.2287581699346415,8,21,6,0,23,6,52,286,87,43.797856049004594,64.11960132890366,80.82901554404145,13.32312404287902
Will Sanders,CHC,SP,24,75,66,281,.339,.455,0.9321608040201005,0.4442261328630841,0.26444723618090454,0.4802110817941953,0.30778894472361806,0.2600502512562814,0.25753768844221103,0.2964824120603015,0.47613065326633164,0.957286432160804,0.3706030150753769,0.13316582914572864,0.6532663316582915,0.27889447236180903,0.8592964824120602,0.8970976253298153,0.5979899497487438,0.9396984924623115,0.9296482412060302,.256,.417,8.7,12,36.97478991596639,89.3,47.8,26.7,16.1,34.5,.348,.427,.621,.452,5.333333333333334,4,9,6,0,23,4,20,145,50,51.60142348754449,62.34567901234568,70.29702970297029,17.793594306049823
Hancel Rincon,STL,SP,24,90,78,363,.315,.390,0.9296482412060302,0.6170460371337779,0.5012562814070352,0.737467018469657,0.49246231155778897,0.6419597989949749,0.30778894472361806,0.4082914572864322,0.4610552763819096,0.9334170854271356,0.7035175879396985,0.585427135678392,0.7223618090452262,0.7625628140703518,0.6482412060301508,0.7506596306068601,0.3065326633165829,0.21608040201005024,0.7663316582914573,.214,.403,7.4,12.2,34.78260869565217,87.3,37,27.8,7.6,29.5,.295,.378,.513,.380,4.4444444444444455,4,11,3,1,23,4,25,176,52,48.48484848484848,66.66666666666666,85.57692307692307,14.325068870523415
Nestor German,BAL,SP,24,157,136,630,.270,.298,0.9271356783919598,0.6499900005745526,0.7047738693467337,0.5448548812664907,0.8479899497487438,0.6708542713567839,0.8241206030150754,0.907035175879397,0.5087939698492462,0.457286432160804,0.4648241206030151,0.6231155778894473,0.7814070351758794,0.5163316582914573,0.6532663316582915,0.4947229551451187,0.27638190954773867,0.45979899497487436,0.6608040201005025,.210,.277,1.1,11.5,26.099706744868037,88.8,36.3,29.9,12.1,29.6,.235,.327,.316,.348,0.6369426751592357,1,18,8,0,32,1,47,284,84,45.07936507936508,67.47404844290658,82.05128205128204,13.333333333333336
Christian Scott,NYM,SP,26,58,54,223,.267,.340,0.9246231155778895,0.6968519488382987,0.6089824120603015,0.7981530343007915,0.8605527638190955,0.75,0.5087939698492462,0.6180904522613065,0.9962311557788944,0.9824120603015075,0.7814070351758794,0.5276381909547738,0.7675879396984925,0.05025125628140704,0.7211055276381909,0.9736147757255936,0.007537688442211055,0.5113065326633166,0.9221105527638191,.200,.349,5.4,3.4,38.655462184873954,86.6,37.8,29.3,22,31,.241,.293,.481,.294,3.4482758620689653,2,2,4,0,13,3,17,126,39,56.502242152466366,76.92307692307693,81.25,17.488789237668158
Brandon Young,BAL,SP,27,58,54,220,.243,.143,0.9221105527638191,0.8086753578799892,0.8332286432160804,0.6701846965699209,0.9321608040201005,0.4748743718592965,0.8341708542713567,0.9547738693467337,0.9660804020100503,0.9748743718592965,0.7211055276381909,0.8228643216080402,0.8693467336683417,0.5665829145728644,0.9170854271356784,0.945910290237467,0.08793969849246232,0.9020100502512562,0.9773869346733668,.231,.275,0,5.2,38.135593220338976,87.2,30.6,32.8,11.3,37.3,.111,.155,.148,.167,0,0,3,2,0,6,0,19,118,44,53.63636363636364,71.56862745098039,72.60273972602741,20
Carson Whisenhunt,SFG,SP,25,155,133,664,.298,.293,0.9195979899497487,0.6437585906666136,0.6582914572864321,0.570580474934037,0.6407035175879398,0.6092964824120602,0.6243718592964824,0.36432160804020103,0.49748743718592964,0.7763819095477387,0.8542713567839196,0.7902010050251256,0.7135678391959799,0.4723618090452261,0.8115577889447236,0.8087071240105541,0.04396984924623116,0.8592964824120602,0.8969849246231156,.217,.326,7.7,11.6,30.517711171662125,85.7,31.9,27.7,13.1,32.9,.226,.323,.308,.319,4.516129032258063,7,18,6,1,30,1,43,328,108,49.39759036144578,72.72727272727273,74.07407407407408,16.265060240963855
Eric Cerantola,KCR,RP,26,56,49,240,.265,.291,0.9170854271356784,0.749428762104277,0.6755653266331658,0.6853562005277045,0.8680904522613065,0.7801507537688442,0.8128140703517588,0.7876884422110553,0.592964824120603,0.9195979899497487,0.4221105527638191,0.6796482412060302,0.9296482412060302,0.5376884422110553,0.9773869346733668,0.8522427440633246,0.7638190954773869,0.9711055276381909,0.992462311557789,.191,.280,3.4,10.7,34.117647058823536,89,34.5,35.7,11.8,42.5,.204,.304,.327,.321,1.7857142857142856,1,6,3,0,10,1,20,120,51,50,58.70967741935483,68.13186813186813,21.25
Andry Lara,WSN,SP,23,148,138,580,.314,.331,0.914572864321608,0.4594327176781003,0.14133165829145727,0.7631926121372031,0.507537688442211,0.42085427135678394,0.19974874371859297,0.06281407035175879,0.9359296482412061,0.7286432160804021,0.15201005025125627,0.1507537688442211,0.6721105527638191,0.3768844221105528,0.542713567839196,0.6728232189973615,0.29020100502512564,0.457286432160804,0.6482412060301508,.237,.435,13.5,6.1,29.73856209150327,91,46.9,27,14.7,28,.261,.311,.435,.326,8.783783783783784,13,9,6,0,36,6,40,275,77,47.41379310344828,67.15328467153284,82.06521739130434,13.275862068965516
Brody Hopkins,TBR,SP,24,153,119,611,.342,.346,0.9120603015075377,0.4763737332219585,0.3514447236180904,0.9689973614775724,0.29020100502512564,0.6796482412060302,0.5477386934673367,0.3743718592964824,0.12562814070351758,0.29396984924623115,0.15201005025125627,0.3316582914572864,0.5866834170854272,0.42085427135678394,0.9447236180904522,0.15831134564643803,0.8944723618090452,0.9120603015075377,0.8417085427135679,.209,.339,7.6,19.6,24.115755627009648,91,41.8,25.5,13.9,39,.218,.386,.353,.295,3.92156862745098,6,30,5,1,26,3,39,241,94,39.44353518821604,55.33333333333334,71.68674698795179,15.384615384615385
Ty Johnson,TBR,SP,24,30,27,133,.269,.251,0.9095477386934674,0.5691714398730681,0.4016959798994975,0.2559366754617414,0.8530150753768844,0.7311557788944724,0.7097989949748744,0.5804020100502513,0.6582914572864321,0.9874371859296482,0.16959798994974876,0.14698492462311558,0.885678391959799,0.36683417085427134,0.4849246231155779,0.9683377308707124,0.07035175879396985,0.26256281407035176,0.8128140703517588,.204,.309,5.9,10,40.57971014492754,90.8,47.1,33.3,14.9,27,.222,.300,.222,.353,3.333333333333333,1,3,0,0,6,0,10,74,20,55.639097744360896,71.875,84.78260869565217,15.037593984962404
Cade Povich,BAL,SP,26,66,62,254,.244,.339,0.907035175879397,0.5966886433044731,0.32506281407035176,0.19920844327176784,0.9271356783919598,0.8756281407035176,0.6180904522613065,0.20854271356783918,0.9359296482412061,0.9396984924623115,0.20351758793969849,0.2701005025125628,0.9183417085427136,0.24748743718592964,0.8165829145728644,0.7704485488126649,0.5791457286432161,0.8693467336683417,0.8894472361809045,.176,.327,10.3,6.1,34.920634920634924,90.4,43.6,34.8,17,33.1,.210,.258,.532,.235,6.0606060606060606,4,4,5,0,13,5,23,124,41,48.818897637795274,62.5,73.75,16.141732283464567
Yilber Díaz,ARI,RP,25,72,62,310,.253,.286,0.9045226130653267,0.7364894503299259,0.6677135678391959,0.9722955145118732,0.907035175879397,0.8077889447236181,0.8831658291457286,0.8530150753768844,0.5527638190954773,0.5728643216080402,0.621859296482412,0.3128140703517588,0.914572864321608,0.6557788944723618,0.7839195979899497,0.5488126649076517,0.47738693467336685,0.9057788944723618,0.7964824120603015,.187,.255,2.6,11.1,27.450980392156865,87.9,42.1,34.7,9.6,32.4,.226,.319,.290,.351,1.3888888888888888,1,8,1,0,14,1,25,142,46,45.806451612903224,63.69426751592356,72,14.838709677419354
Ricky Vanasco,DET,SP,27,59,54,275,.207,.202,0.9020100502512562,0.7823705157272732,0.7619346733668342,0.7816622691292876,0.9798994974874372,0.9359296482412061,0.9673366834170855,0.7537688442211056,0.8881909547738693,0.657035175879397,0.6520100502512562,0.6746231155778895,1,0.3065326633165829,0.7914572864321608,0.3113456464379947,0.9798994974874372,0.9510050251256281,0.7211055276381909,.160,.209,3.8,6.8,28.57142857142857,87.7,34.6,47.5,15.8,32.5,.148,.220,.204,.308,1.6949152542372878,1,4,3,0,8,0,28,117,38,42.54545454545455,50.282485875706215,69.66292134831461,13.818181818181818
Alimber Santa,HOU,RP,23,68,59,276,.250,.247,0.8994974874371859,0.6973300981601057,0.5913944723618091,0.7209762532981531,0.9170854271356784,0.8404522613065326,0.8994974874371859,0.6017587939698492,0.7324120603015075,0.44472361809045224,0.16959798994974876,0.6947236180904522,0.9221105527638191,0.678391959798995,0.7462311557788944,0.3047493403693932,0.7889447236180904,0.4082914572864322,0.6733668341708543,.183,.248,5.7,8.8,25.925925925925927,90.8,34.3,35.3,9.4,31.6,.169,.269,.254,.286,2.9411764705882346,2,6,3,1,10,0,24,117,37,42.39130434782609,58.15602836879432,82.92682926829268,13.405797101449275
Tyler Schweitzer,CHW,SP,25,83,79,304,.253,.250,0.8969849246231156,0.630881706244503,0.5722361809045226,0.570580474934037,0.907035175879397,0.5590452261306532,0.6984924623115578,0.46984924623115576,0.9761306532663316,1,0.44095477386934673,0.6796482412060302,0.5741206030150754,0.4045226130653266,0.29020100502512564,0.9261213720316622,0.9597989949748744,0.7211055276381909,0.5326633165829145,.223,.311,6.9,4.8,53.846153846153854,88.9,34.5,25.3,14.2,23.9,.203,.241,.316,.250,4.819277108433735,4,4,3,0,16,2,21,159,38,52.30263157894736,52.23367697594502,77.63157894736842,12.5
Connor Prielipp,MIN,SP,25,61,53,276,.327,.293,0.8944723618090452,0.4853237714518061,0.12154522613065326,0.8766490765171504,0.4082914572864322,0.42085427135678394,0.34673366834170855,0.11055276381909548,0.4020100502512563,0.635678391959799,0.018844221105527637,0.010050251256281407,0.9095477386934674,0.8605527638190955,0.8241206030150754,0.21108179419525067,0.8894472361809045,0.5678391959798995,0.7160804020100503,.237,.393,12.5,13.1,28.378378378378375,93.5,62.5,34.4,5.8,33.6,.208,.311,.321,.323,6.557377049180328,4,8,3,0,11,1,21,113,38,40.94202898550724,55.46875,80.28169014084506,13.768115942028984
Seth Halvorsen,COL,RP,26,61,53,270,.234,.281,0.8919597989949749,0.7991991067916541,0.7792085427135679,0.9986807387862796,0.9535175879396985,0.9170854271356784,0.9221105527638191,0.9547738693467337,0.5087939698492462,0.8190954773869347,0.621859296482412,0.6180904522613065,0.8693467336683417,0.6984924623115578,0.7085427135678392,0.8179419525065963,0.3542713567839196,0.8052763819095478,0.8266331658291457,.164,.242,0,11.5,31.49606299212598,87.9,36.4,32.8,9.1,30.6,.208,.295,.321,.303,0,0,7,1,1,11,1,20,134,41,49.62962962962962,65.73426573426573,75.53191489361703,15.185185185185185
Gabriel Hughes,COL,SP,24,116,109,454,.324,.376,0.8894472361809045,0.569297123259216,0.5402010050251256,0.5112137203166227,0.42839195979899497,0.07537688442211055,0.30778894472361806,0.7537688442211056,0.9660804020100503,0.9422110552763819,0.621859296482412,0.47738693467336685,0.7047738693467337,0.6331658291457286,0.40954773869346733,0.7453825857519789,0.8341708542713567,0.3743718592964824,0.5477386934673367,.292,.403,3.8,5.2,35,87.9,38.5,27.6,10.3,25.9,.339,.371,.486,.461,2.586206896551724,3,6,4,3,37,2,32,220,57,48.45814977973569,57.299270072992705,83.43949044585987,12.555066079295154
Dylan Ross,NYM,RP,25,22,15,100,.287,.274,0.8869346733668342,0.73728747077516,0.8618090452261307,0.9492084432717678,0.7336683417085427,1,0.9974874371859297,0.9547738693467337,0.02512562814070352,0.7386934673366834,0.5326633165829145,0.9623115577889447,0.8417085427135679,0.114321608040201,0.9974874371859297,0.2770448548812665,0.3065326633165829,0.4723618090452261,0.9773869346733668,.090,.152,0,27.3,29.850746268656717,88.4,22.2,31.8,19,47.6,.133,.364,.133,.222,0,0,6,0,0,2,0,7,42,20,42,66.66666666666666,81.81818181818183,20
Robert Gasser,MIL,SP,26,94,84,360,.275,.309,0.8844221105527639,0.6671020007690166,0.5188442211055277,0.5831134564643801,0.8203517587939698,0.6620603015075377,0.5477386934673367,0.6118090452261307,0.7688442211055276,0.8869346733668342,0.33040201005025127,0.585427135678392,0.8982412060301508,0.5339195979899497,0.7763819095477387,0.7968337730870713,0.4020100502512563,0.7412060301507538,0.8655778894472361,.211,.339,5.6,8.5,32.960893854748605,89.6,37,34,11.9,32.2,.274,.330,.357,.415,3.191489361702128,3,8,2,1,23,1,32,177,57,49.16666666666666,65.19337016574586,77.11864406779661,15.833333333333332
Carlos Duran,LAD,SP,24,79,63,322,.334,.366,0.8819095477386935,0.5933725355007227,0.7810929648241207,0.9445910290237468,0.3391959798994975,0.3869346733668342,0.6130653266331658,0.6758793969849246,0.22236180904522612,0.4271356783919598,0.9484924623115578,0.8869346733668342,0.6457286432160804,0.35678391959798994,0.6733668341708543,0.2407651715039578,0.7474874371859297,0.6130653266331658,0.5226130653266332,.241,.328,4.7,16.5,25.730994152046787,83.9,27.9,26.6,15.1,30.1,.254,.392,.413,.341,2.5316455696202533,2,13,2,1,16,2,21,133,40,41.30434782608695,58.940397350993386,79.7752808988764,12.422360248447205
Wilber Dotel,PIT,SP,23,96,86,353,.303,.371,0.8793969849246231,0.49852881381401287,0.48146984924623115,0.9722955145118732,0.5979899497487438,0.3693467336683417,0.4535175879396985,0.5603015075376885,0.6934673366834171,0.6155778894472361,0.21733668341708542,0.6947236180904522,0.34673366834170855,0.10050251256281408,0.36055276381909546,0.7044854881266491,0.18592964824120603,0.4547738693467337,0.457286432160804,.244,.362,6,9.4,28.021978021978025,90.3,34.3,20.8,19.4,24.9,.302,.368,.465,.365,4.166666666666666,4,9,5,0,26,3,20,169,42,47.875354107648725,69.00584795321637,82.20338983050848,11.898016997167142
Rolddy Muñoz,ATL,RP,26,62,53,234,.260,.199,0.8768844221105527,0.8203393285689663,0.8589824120603016,0.8126649076517151,0.8793969849246231,0.7801507537688442,0.8693467336683417,0.9547738693467337,0.5276381909547738,0.7964824120603015,0.9170854271356784,0.6947236180904522,0.8052763819095478,0.8957286432160804,0.9108040201005025,0.18601583113456466,0.9874371859296482,0.7562814070351759,0.8040201005025126,.191,.263,0,11.3,30.90909090909091,84.4,34.3,30.6,4.3,37.2,.132,.242,.151,.200,0,0,7,1,0,7,0,19,94,35,40.17094017094017,48.387096774193544,76.66666666666667,14.957264957264956
Miguel Ullola,HOU,SP,23,142,116,580,.298,.344,0.8743718592964824,0.5727532782646743,0.6934673366834171,0.6431398416886543,0.6407035175879398,0.792713567839196,0.7223618090452262,0.3743718592964824,0.20854271356783918,0.5251256281407035,0.7650753768844221,0.9120603015075377,0.664572864321608,0.01507537688442211,0.6092964824120602,0.2612137203166227,0.6746231155778895,0.7613065326633166,0.4849246231155779,.189,.305,7.6,16.9,26.91131498470948,86.7,26.6,26.8,27.2,28.9,.224,.359,.397,.293,4.225352112676056,6,24,6,1,26,4,38,242,70,41.72413793103448,60.86956521739131,76.62337662337663,12.06896551724138
Levi Wells,BAL,SP,24,139,124,541,.331,.326,0.871859296482412,0.46232647405894917,0.3574120603015075,0.9248021108179421,0.3793969849246231,0.2675879396984925,0.17839195979899497,0.23115577889447236,0.8555276381909548,0.6507537688442211,0.48115577889447236,0.5389447236180904,0.5012562814070352,0.1457286432160804,0.39321608040201006,0.8799472295514512,0.14824120603015076,0.6934673366834171,0.6206030150753769,.255,.439,9.7,7.2,28.515625,88.7,37.6,23.7,18.5,25.6,.250,.317,.419,.311,6.474820143884893,9,10,10,1,31,3,33,273,70,50.46210720887245,70.17543859649122,78,12.939001848428836
Chase Petty,CIN,SP,23,125,110,499,.349,.330,0.8693467336683417,0.3944527496762617,0.18749999999999997,0.8766490765171504,0.2613065326633166,0.20100502512562815,0.1407035175879397,0.28266331658291455,0.535175879396985,0.5125628140703518,0.13190954773869346,0.19472361809045227,0.5175879396984925,0.39949748743718594,0.6796482412060302,0.6134564643799473,0.5301507537688442,0.592964824120603,0.7437185929648241,.264,.453,8.9,11.2,26.75438596491228,91.2,45.6,24,14.3,30.2,.255,.336,.400,.321,5.6000000000000005,7,14,5,1,28,3,30,232,70,46.492985971943895,63.099630996309955,80.11695906432749,14.02805611222445
Jaxon Wiggins,CHC,SP,24,36,31,133,.329,.338,0.8668341708542714,0.440361161568617,0.1416457286432161,0.7981530343007915,0.39195979899497485,0.42085427135678394,0.36432160804020103,0.05150753768844221,0.3454773869346734,0.6118090452261307,0.09673366834170855,0.05402010050251256,0.7223618090452262,0.5917085427135679,0.835427135678392,0.44393139841688656,0.37185929648241206,0.48743718592964824,0.8128140703517588,.237,.387,14.3,13.9,28.000000000000004,91.7,52.4,27.8,11,33.9,.226,.333,.419,.300,8.333333333333332,3,5,3,0,7,1,10,59,20,44.360902255639104,65.51724137931035,81.57894736842105,15.037593984962404
Mitch Bratt,ARI,SP,22,113,101,459,.253,.251,0.864321608040201,0.663673744713011,0.7983668341708543,0.3660949868073879,0.907035175879397,0.792713567839196,0.8165829145728644,0.7286432160804021,0.7324120603015075,0.5753768844221105,0.7814070351758794,0.8668341708542714,0.5954773869346733,0.5339195979899497,0.2675879396984925,0.7691292875989446,0.6432160804020101,0.5753768844221105,0.41959798994974873,.189,.279,4.1,8.8,27.485380116959067,86.6,28.8,25.7,11.9,23.7,.178,.257,.287,.214,2.6548672566371683,3,10,2,0,18,3,29,224,53,48.80174291938997,61.45833333333334,80.22598870056498,11.546840958605664
William Kempner,MIA,RP,24,84,69,371,.279,.310,0.8618090452261307,0.5692090067753013,0.4221105527638191,0.8443271767810027,0.7964824120603015,0.9133165829145728,0.7701005025125628,0.04271356783919598,0.4020100502512563,0.24874371859296482,0.19095477386934673,0.6846733668341709,0.9949748743718593,0.02512562814070352,0.9170854271356784,0.19129287598944592,0.871859296482412,0.9824120603015075,0.8190954773869347,.165,.295,15.6,13.1,23.463687150837988,90.5,34.4,45.2,24.2,37.3,.188,.321,.348,.345,5.952380952380952,5,11,2,0,13,3,38,150,56,40.43126684636118,56.25,63.88888888888889,15.094339622641508
Franco Aleman,CLE,RP,25,44,39,178,.225,.142,0.8592964824120602,0.7137656178871491,0.7418341708542714,0.8918205804749341,0.9673366834170855,0.9723618090452262,0.9321608040201005,0.6670854271356784,0.7160804020100503,0.19095477386934673,0.8605527638190955,0.507537688442211,0.9773869346733668,0.07035175879396985,0.8115577889447236,0.4472295514511873,0.9748743718592965,0.8932160804020101,0.7889447236180904,.147,.235,4.8,9.1,22.5,85.5,38.1,40.9,20.4,32.9,.077,.182,.077,.143,2.272727272727273,1,4,0,0,3,0,18,79,26,44.382022471910105,50.72463768115942,72.85714285714283,14.606741573033707
Andrew Walters,CLE,RP,25,28,24,134,.286,.374,0.8567839195979899,0.5325931548684496,0.21105527638190955,0.7981530343007915,0.7449748743718593,0.885678391959799,0.5816582914572864,0.02512562814070352,0.3241206030150754,0.8228643216080402,0.20351758793969849,0.03391959798994975,0.9974874371859297,0.056532663316582916,0.9170854271356784,0.8522427440633246,0.06281407035175879,0.8190954773869347,0.9597989949748744,.174,.335,18.2,14.3,31.50684931506849,90.4,54.5,46.4,21.5,37.3,.208,.321,.542,.333,7.142857142857142,2,4,2,0,5,2,13,67,25,50,72.13114754098359,75,18.65671641791045
Craig Yoho,MIL,RP,26,33,30,131,.233,.246,0.8542713567839196,0.6900824483013132,0.4532035175879397,0.4254617414248021,0.957286432160804,0.957286432160804,0.8027638190954773,0.5804020100502513,0.9359296482412061,0.9535175879396985,0.06909547738693467,0.36055276381909546,0.9610552763819096,0.2876884422110553,0.9899497487437185,0.5474934036939314,0.8530150753768844,0.9937185929648241,0.9874371859296482,.154,.283,5.9,6.1,36.61971830985916,92,41.2,39.4,16,45,.133,.212,.333,.133,3.0303030303030303,1,2,0,0,4,2,13,60,27,45.80152671755725,56.66666666666666,61.764705882352935,20.610687022900766
Mitch Farris,LAA,SP,25,47,41,183,.321,.335,0.8517587939698492,0.486588892129955,0.2283291457286432,0.22097625329815304,0.457286432160804,0.31909547738693467,0.44095477386934673,0.1871859296482412,0.6017587939698492,0.9221105527638191,0.11809045226130653,0.1670854271356784,0.7135678391959799,0.7324120603015075,0.9585427135678392,0.7546174142480211,0.44095477386934673,0.6683417085427136,0.9698492462311558,.250,.364,10.7,10.6,34.375,91.4,46.4,27.7,8.3,40.4,.268,.362,.366,.370,6.382978723404255,3,5,1,0,11,1,13,89,36,48.633879781420774,64.36781609195403,78.57142857142857,19.672131147540984
Daniel Espino,CLE,RP,25,56,41,243,.304,.334,0.8492462311557789,0.6624997790182222,0.7876884422110553,0.9788918205804751,0.5904522613065326,0.9522613065326633,0.8957286432160804,0.4082914572864322,0.06281407035175879,0.5402010050251256,0.8844221105527639,0.9623115577889447,0.664572864321608,0.03015075376884422,0.9798994974874372,0.44986807387862804,0.7914572864321608,0.9899497487437185,0.964824120603015,.155,.249,7.4,23.2,27.102803738317753,85.1,22.2,26.8,23.3,42.6,.195,.393,.293,.269,3.571428571428571,2,13,1,0,8,1,15,108,46,44.444444444444436,58.08823529411765,62.0253164556962,18.93004115226337
Jake Bennett,BOS,SP,25,68,63,269,.192,.178,0.8467336683417085,0.7895988296805045,0.8640075376884422,0.4802110817941953,0.9874371859296482,0.9673366834170855,0.9748743718592965,0.7135678391959799,0.9874371859296482,0.9045226130653267,0.8379396984924623,0.9296482412060302,0.48743718592964824,0.9736180904522613,0.23115577889447236,0.7321899736147758,0.40703517587939697,0.4082914572864322,0.36683417085427134,.149,.198,4.3,4.4,33.56643356643357,86,25.5,23.5,"'-0.7",23.1,.143,.206,.159,.191,2.9411764705882346,2,3,1,0,9,0,16,130,30,48.3271375464684,65.07936507936508,82.92682926829268,11.152416356877325
Anthony Molina,ATL,SP,24,94,87,388,.360,.359,0.8442211055276382,0.48670021170054306,0.45006281407035176,0.854221635883905,0.20351758793969849,0.05025125628140704,0.10301507537688442,0.6118090452261307,0.9208542713567839,0.6306532663316583,0.5326633165829145,0.5527638190954773,0.16457286432160803,0.5515075376884422,0.664572864321608,0.5620052770448549,0.7097989949748744,0.8115577889447236,0.7035175879396985,.306,.476,5.6,6.4,28.323699421965323,88.4,37.5,17,11.5,29.8,.310,.351,.460,.338,4.25531914893617,4,6,1,0,27,4,16,178,53,45.876288659793815,60,75.1937984496124,13.659793814432991
Yovanny Cruz,NYY,RP,26,67,59,242,.283,.292,0.8417085427135679,0.7088252940162554,0.4393844221105528,0.992084432717678,0.7675879396984925,0.785175879396985,0.5628140703517588,0.06281407035175879,0.8391959798994975,0.8442211055276382,0.48115577889447236,0.6507537688442211,0.8693467336683417,0.6984924623115578,0.9522613065326633,0.8773087071240105,0.10552763819095477,0.9623115577889447,0.9849246231155779,.190,.338,13.5,7.5,32.03125,88.7,35.1,32.8,9.1,40.2,.186,.284,.356,.257,7.4626865671641776,5,5,4,0,11,2,22,122,49,50.413223140495866,71.05263157894737,69.1358024691358,20.24793388429752
Eddy Yean,WSN,RP,24,76,67,275,.291,.236,0.8391959798994975,0.6878265005767624,0.6334798994974874,0.9373350923482848,0.6922110552763819,0.44221105527638194,0.7047738693467337,0.5163316582914573,0.8115577889447236,0.7211055276381909,0.8278894472361809,0.4849246231155779,0.5012562814070352,0.8793969849246231,0.7349246231155779,0.7638522427440633,0.18090452261306533,0.6771356783919598,0.8316582914572864,.234,.310,6.4,7.9,29.57746478873239,86.1,38.3,23.7,4.9,31.3,.164,.250,.254,.204,3.947368421052632,3,6,3,0,11,1,18,134,42,48.72727272727273,69.17293233082708,78.26086956521739,15.272727272727273
Wikelman González,CHW,RP,24,58,49,245,.229,.277,0.8366834170854272,0.7423018235416308,0.8125,0.6701846965699209,0.9635678391959799,0.9623115577889447,0.9824120603015075,0.9547738693467337,0.7562814070351759,0.04522613065326633,0.3706030150753769,0.9422110552763819,0.9120603015075377,0.8530150753768844,0.4949748743718593,0.08970976253298152,0.8693467336683417,0.8366834170854272,0.2638190954773869,.152,.195,0,8.6,17.647058823529417,89.3,24.1,34.5,6.1,27.2,.184,.298,.286,.286,0,0,5,2,0,9,1,20,92,25,37.551020408163275,56.349206349206355,74.64788732394365,10.20408163265306
Elmer Rodríguez,NYY,SP,22,98,87,409,.282,.277,0.8341708542713567,0.5979421624392852,0.5040829145728642,0.6853562005277045,0.7788944723618091,0.5891959798994975,0.7047738693467337,0.657035175879397,0.7110552763819096,0.4334170854271357,0.4221105527638191,0.23241206030150754,0.6407035175879398,0.9597989949748744,0.36055276381909546,0.3007915567282322,0.6407035175879398,0.27889447236180903,0.30402010050251255,.219,.310,4.9,9.2,25.791855203619914,89,44.3,26.5,0.4,24.9,.207,.296,.299,.283,3.0612244897959178,3,9,5,0,18,1,26,173,43,42.298288508557455,61.70212765957447,84.48275862068967,10.513447432762836
Troy Taylor,SEA,RP,24,70,62,287,.254,.316,0.8316582914572864,0.6814948201871274,0.6375628140703518,0.8852242744063324,0.8982412060301508,0.8153266331658291,0.8592964824120602,0.6758793969849246,0.5201005025125628,0.6030150753768844,0.44095477386934673,0.5741206030150754,0.6796482412060302,0.4723618090452261,0.7537688442211056,0.26649076517150394,0.7537688442211056,0.41457286432160806,0.6432160804020101,.186,.268,4.7,11.4,27.848101265822788,88.9,37.2,27.1,13.1,31.7,.274,.357,.323,.381,2.8571428571428568,2,8,0,0,17,1,19,120,38,41.81184668989547,58.91472868217054,82.89473684210526,13.240418118466899
Trey Gibson,BAL,SP,23,112,99,435,.287,.348,0.8291457286432161,0.6257853139930081,0.5954773869346734,0.7631926121372031,0.7336683417085427,0.550251256281407,0.5917085427135679,0.7374371859296482,0.592964824120603,0.5992462311557789,0.7035175879396985,0.3492462311557789,0.42462311557788945,0.9736180904522613,0.4899497487437186,0.3575197889182058,0.7211055276381909,0.2537688442211055,0.44221105527638194,.224,.333,4,10.7,27.80269058295964,87.3,41.3,22.3,"'-0.7",27.1,.273,.348,.434,.333,2.6785714285714284,3,12,3,2,27,3,25,188,51,43.2183908045977,59.433962264150935,84.92063492063492,11.724137931034482
Brandan Bidois,PIT,RP,24,64,55,265,.340,.403,0.8266331658291457,0.519259943075094,0.3341708542713568,0.9597625329815304,0.2989949748743719,0.5678391959798995,0.17336683417085427,0.04522613065326633,0.33542713567839194,0.8366834170854272,0.621859296482412,0.4962311557788945,0.8278894472361809,0.1972361809045226,0.8706030150753769,0.637203166226913,0.1658291457286432,0.6884422110552764,0.8919597989949749,.222,.440,14.7,14.1,31.875,87.9,38.2,31.3,17.5,34.7,.291,.391,.527,.406,7.8125,5,9,2,1,16,3,20,124,43,46.79245283018867,69.52380952380952,78.08219178082193,16.226415094339618
Emiliano Teodo,TEX,RP,25,79,58,344,.338,.352,0.8241206030150754,0.6091707990259123,0.49277638190954776,0.9947229551451188,0.31532663316582915,0.7374371859296482,0.7977386934673367,0.8115577889447236,0.14949748743718594,0.6118090452261307,0.2701005025125628,0.09170854271356783,0.9045226130653267,0.714824120603015,0.9108040201005025,0.05013192612137203,0.992462311557789,0.7487437185929648,0.628140703517588,.203,.287,3.1,19,28.000000000000004,89.9,50,34.2,8.7,37.2,.207,.405,.328,.355,1.2658227848101269,1,15,4,0,12,1,27,121,45,35.17441860465117,45.13888888888889,76.92307692307693,13.08139534883721
Will Childers,MIL,RP,25,39,36,160,.279,.226,0.821608040201005,0.563895499927076,0.22204773869346733,0.7981530343007915,0.7964824120603015,0.6859296482412061,0.4221105527638191,0.2964824120603015,0.821608040201005,0.7324120603015075,0.1092964824120603,0.06030150753768844,0.885678391959799,0.4120603015075377,0.7462311557788944,0.6761213720316622,0.04396984924623116,0.5113065326633166,0.8090452261306532,.208,.369,8.7,7.7,29.78723404255319,91.6,52.2,33.3,14,31.6,.194,.256,.222,.304,5.128205128205128,2,3,1,0,7,0,13,76,24,47.5,72.72727272727273,81.25,15
Josh Stephan,TEX,SP,24,149,138,603,.299,.333,0.8190954773869347,0.4910391889084826,0.28863065326633164,0.3133245382585752,0.6256281407035176,0.46608040201005024,0.2964824120603015,0.12311557788944724,0.8982412060301508,0.5804020100502513,0.2952261306532663,0.4396984924623116,0.8580402010050251,0.5012562814070352,0.4949748743718593,0.5963060686015831,0.5577889447236181,0.5954773869346733,0.5552763819095478,.232,.405,12.4,6.7,27.561837455830393,89.8,39.3,32.2,12.4,27.2,.261,.309,.449,.353,7.38255033557047,11,10,8,0,36,6,48,279,76,46.2686567164179,62.81250000000001,80.09950248756219,12.603648424543948
Tate Kuehner,MIL,SP,25,161,141,601,.311,.329,0.8165829145728644,0.5464531319747373,0.42054020100502515,0.7031662269129287,0.5464824120603015,0.3869346733668342,0.46733668341708545,0.48743718592964824,0.6683417085427136,0.592964824120603,0.40326633165829145,0.3241206030150754,0.42839195979899497,0.864321608040201,0.6846733668341709,0.2968337730870713,0.9045226130653267,0.7374371859296482,0.5979899497487438,.241,.360,6.7,9.9,27.75800711743772,89.1,41.9,22.4,5.7,30.3,.255,.342,.383,.320,4.3478260869565215,7,16,7,1,36,3,36,254,77,42.26289517470882,55.00000000000001,77.27272727272727,12.81198003327787
John Klein,MIN,SP,24,102,94,450,.308,.399,0.8140703517587939,0.44903718239393986,0.15860552763819097,0.7816622691292876,0.5665829145728644,0.6796482412060302,0.18592964824120603,0.11055276381909548,0.9459798994974874,0.6256281407035176,0.13190954773869346,0.20603015075376885,0.742462311557789,0.12185929648241206,0.29020100502512564,0.6108179419525066,0.20100502512562815,0.18592964824120603,0.35804020100502515,.209,.438,12.5,5.9,28.22580645161291,91.2,45.3,28.4,18.9,23.9,.245,.304,.628,.222,7.84313725490196,8,6,3,0,23,11,29,209,50,46.444444444444436,68.8118811881188,86.33093525179855,11.111111111111109
Julian Aguiar,CIN,SP,24,49,41,220,.358,.430,0.8115577889447236,0.4551768848640741,0.2867462311557789,0.4960422163588391,0.2135678391959799,0.44221105527638194,0.14949748743718594,0.20854271356783918,0.23743718592964824,0.8957286432160804,0.2701005025125628,0.5188442211055276,0.5515075376884422,0.678391959798995,0.800251256281407,0.7559366754617414,0.9522613065326633,0.8969849246231156,0.8768844221105527,.234,.450,10.3,16.3,33.33333333333333,89.9,37.9,24.5,9.4,32.7,.268,.388,.610,.280,6.1224489795918355,3,8,2,0,11,4,12,107,35,48.63636363636364,52.57142857142857,72.82608695652173,15.909090909090908
Jerming Rosario,LAD,RP,24,88,70,373,.314,.380,0.8090452261306532,0.6322454400410142,0.6579773869346733,0.8344327176781002,0.507537688442211,0.6708542713567839,0.8341708542713567,0.6670854271356784,0.2022613065326633,0.1708542713567839,0.49874371859296485,0.6319095477386935,0.8115577889447236,0.9095477386934674,0.8479899497487438,0.20052770448548807,0.6168341708542714,0.792713567839196,0.7311557788944724,.210,.275,4.8,17,22.110552763819094,88.6,35.7,30.7,3.7,34.2,.271,.420,.400,.415,2.272727272727273,2,15,3,0,19,2,27,152,52,40.75067024128686,62.06896551724138,75.92592592592592,13.941018766756034
David Sandlin,CHW,SP,25,24,22,100,.334,.241,0.8065326633165829,0.5531088268961342,0.5106783919597989,0.9551451187335092,0.3391959798994975,0.11306532663316583,0.25753768844221103,0.5804020100502513,0.7801507537688442,0.9723618090452262,0.8442211055276382,0.36055276381909546,0.34673366834170855,0.7839195979899497,0.30402010050251255,0.9538258575197888,0.1507537688442211,0.21231155778894473,0.6231155778894473,.282,.417,5.9,8.3,38,85.9,41.2,20.8,7.4,24.1,.182,.250,.273,.235,4.166666666666666,1,2,2,0,4,0,5,54,13,54,70,85.71428571428571,13
Hunter Barco,PIT,SP,25,59,51,235,.265,.327,0.8040201005025126,0.6816707769277346,0.8024497487437185,0.4426121372031662,0.8680904522613065,0.75,0.8957286432160804,0.9547738693467337,0.7688442211055276,0.5841708542713567,0.664572864321608,0.6947236180904522,0.6796482412060302,0.6092964824120602,0.2675879396984925,0.7532981530343008,0.19095477386934673,0.4082914572864322,0.4045226130653266,.200,.249,0,8.5,27.58620689655172,87.6,34.3,27.1,10.8,23.7,.255,.356,.353,.371,0,0,5,3,1,13,0,16,114,27,48.51063829787234,68.90756302521008,82.92682926829268,11.48936170212766
JR Ritchie,ATL,SP,22,106,89,434,.309,.269,0.8015075376884422,0.5600628472176185,0.5043969849246231,0.7031662269129287,0.5565326633165829,0.6231155778894473,0.6130653266331658,0.32537688442211055,0.4510050251256281,0.5452261306532663,0.6394472361809045,0.4396984924623116,0.6319095477386935,0.7324120603015075,0.45979899497487436,0.3469656992084433,0.6507537688442211,0.26884422110552764,0.41457286432160806,.216,.328,8.2,12.3,27.155172413793107,87.8,39.3,26.4,8.3,26.7,.157,.292,.270,.217,4.716981132075472,5,13,5,1,14,1,28,187,50,43.08755760368664,61.38613861386138,84.67741935483872,11.52073732718894
Ryan Gallagher,MIN,SP,23,53,44,231,.315,.344,0.7989949748743719,0.5457418468773065,0.5025125628140703,0.5112137203166227,0.49246231155778897,0.7311557788944724,0.5301507537688442,0.29020100502512564,0.2864321608040201,0.542713567839196,0.5477386934673367,0.6419597989949749,0.34673366834170855,0.8680904522613065,0.7600502512562815,0.6800791556728232,0.03768844221105527,0.8341708542713567,0.8241206030150754,.204,.342,8.8,15.1,27.131782945736433,88.3,35.3,20.8,5.6,31.8,.250,.358,.409,.303,5.6603773584905674,3,8,2,1,11,1,11,110,35,47.61904761904761,73.52941176470588,74.66666666666667,15.151515151515152
Brian Fitzpatrick,MIL,RP,25,36,33,150,.240,.225,0.7964824120603015,0.7487868100396442,0.751570351758794,0.3660949868073879,0.9422110552763819,0.6922110552763819,0.8668341708542714,0.9547738693467337,0.9535175879396985,0.4484924623115578,0.5188442211055276,0.6658291457286433,0.8052763819095478,0.8957286432160804,0.8756281407035176,0.4215039577836411,0.5402010050251256,0.8618090452261307,0.8391959798994975,.207,.265,0,5.6,25.97402597402597,88.5,34.8,30.6,4.3,34.8,.212,.250,.242,.304,0,0,2,1,0,7,0,11,66,23,44,63.01369863013698,73.91304347826086,15.333333333333332
Danny Watson,NYY,SP,25,75,66,326,.279,.325,0.7939698492462312,0.5857030866734729,0.6548366834170853,0.10883905013192613,0.7964824120603015,0.6507537688442211,0.7449748743718593,0.478643216080402,0.7022613065326633,0.7613065326633166,0.6846733668341709,0.7110552763819096,0.7675879396984925,0.08793969849246232,0.5339195979899497,0.8232189973614775,0.12311557788944724,0.7663316582914573,0.7185929648241206,.213,.300,6.8,9.3,30.17751479289941,87.4,34.1,29.3,19.8,27.8,.242,.333,.379,.333,4,3,7,3,0,16,2,22,162,45,49.69325153374234,70.70063694267515,76.57657657657657,13.803680981595091
Luis Guerrero,TBR,SP,25,80,71,331,.297,.322,0.7914572864321608,0.6335790650702943,0.6805904522613065,0.9722955145118732,0.6545226130653267,0.4861809045226131,0.5741206030150754,0.6017587939698492,0.6582914572864321,0.3316582914572864,0.8278894472361809,0.7185929648241206,0.3731155778894472,0.9020100502512562,0.5025125628140703,0.7572559366754618,0.1934673366834171,0.6809045226130653,0.6507537688442211,.230,.336,5.7,10,24.503311258278146,86.1,34,21.3,4,27.3,.239,.313,.408,.255,3.75,3,8,0,0,17,4,17,161,44,48.6404833836858,68.8888888888889,78.2258064516129,13.293051359516618
Seth Johnson,PHI,RP,27,53,47,233,.203,.277,0.7889447236180904,0.821516056535978,0.646356783919598,0.9637203166226912,0.9824120603015075,0.9899497487437185,0.9824120603015075,0.3379396984924623,0.6934673366834171,0.9296482412060302,0.6394472361809045,0.6256281407035176,0.9824120603015075,0.7839195979899497,0.9472361809045227,0.8707124010554089,0.11055276381909548,0.9371859296482412,0.9723618090452262,.128,.195,8,9.4,34.58646616541353,87.8,36,41.5,7.4,39.3,.191,.283,.319,.333,3.7735849056603774,2,5,3,0,9,1,22,117,46,50.21459227467812,71,70.4225352112676,19.742489270386265
Alex Hoppe,SEA,RP,27,30,27,125,.229,.191,0.7864321608040201,0.8812546129946125,0.8109296482412061,0.9406332453825856,0.9635678391959799,0.8969849246231156,0.9346733668341709,0.43844221105527637,0.6582914572864321,0.9673366834170855,0.9974874371859297,0.8731155778894473,0.9660804020100503,1,0.9384422110552764,0.7097625329815304,0.8115577889447236,0.5238693467336684,0.957286432160804,.171,.234,7.1,10,37.70491803278689,79.6,28.6,40,"'-13.4",38.3,.148,.233,.148,.267,3.333333333333333,1,3,0,0,4,0,12,60,23,48,57.8125,81.08108108108108,18.4
Jonny Cuevas,TBR,SP,25,77,61,312,.315,.405,0.7839195979899497,0.6002986568727544,0.6045854271356784,0.5277044854881267,0.49246231155778897,0.8153266331658291,0.6695979899497487,0.6909547738693468,0.18090452261306533,0.8592964824120602,0.6746231155778895,0.38316582914572866,0.48115577889447236,0.5464824120603015,0.8819095477386935,0.5527704485488126,0.3417085427135678,0.30025125628140703,0.8844221105527639,.186,.318,4.5,18.2,32.25806451612903,87.5,40.9,23.4,11.6,35,.262,.403,.525,.317,2.5974025974025974,2,14,5,1,16,3,18,143,50,45.83333333333333,65.87301587301587,84.33734939759037,16.025641025641026
Zach Maxwell,CIN,RP,25,65,55,279,.267,.322,0.7814070351758794,0.6599689852074797,0.4959170854271357,0.987467018469657,0.8605527638190955,0.885678391959799,0.8768844221105527,0.8190954773869347,0.35678391959798994,0.4623115577889447,0.16959798994974876,0.11809045226130653,0.8919597989949749,0.9233668341708543,0.5678391959798995,0.42744063324538256,0.6055276381909548,0.35050251256281406,0.542713567839196,.174,.259,3,13.8,26.241134751773053,90.8,48.5,33.8,2.5,28.5,.218,.338,.364,.344,1.5384615384615383,1,9,3,1,12,1,22,123,35,44.08602150537634,62.31884057971014,83.72093023255816,12.544802867383511
Adisyn Coffey,CHW,SP,27,94,83,355,.294,.355,0.7788944723618091,0.6216391433862364,0.5047110552763819,0.7209762532981531,0.6683417085427136,0.5891959798994975,0.5741206030150754,0.6381909547738693,0.6809045226130653,0.864321608040201,0.40326633165829145,0.40326633165829145,0.5866834170854272,0.4648241206030151,0.8655778894472361,0.5277044854881267,0.7437185929648241,0.7889447236180904,0.8542713567839196,.219,.336,5.1,9.6,32.402234636871505,89.1,40.7,25.5,13.2,34.6,.289,.372,.410,.386,3.191489361702128,3,9,4,0,24,2,24,162,56,45.63380281690141,59.09090909090909,75.96153846153845,15.774647887323944
Pat Gallagher,TOR,RP,25,32,27,123,.248,.195,0.7763819095477387,0.7365565735449455,0.7151381909547738,0.13390501319261214,0.9208542713567839,0.964824120603015,0.9635678391959799,0.9547738693467337,0.2638190954773869,0.8291457286432161,0.7650753768844221,0.1771356783919598,0.949748743718593,0.9434673366834171,0.9723618090452262,0.3482849604221636,0.4849246231155779,0.9195979899497487,0.9321608040201005,.151,.215,0,15.6,31.645569620253173,86.7,46.2,37.5,1,41.5,.111,.250,.111,.200,0,0,5,0,0,3,0,12,53,22,43.08943089430895,63.63636363636363,71.42857142857143,17.886178861788622
Brycen Mautz,STL,SP,24,159,132,610,.306,.318,0.7738693467336684,0.5259891144376234,0.6048994974874372,0.4802110817941953,0.5791457286432161,0.6507537688442211,0.7135678391959799,0.8040201005025126,0.35678391959798994,0.21608040201005024,0.38316582914572866,0.5188442211055276,0.5125628140703518,0.3316582914572864,0.7650753768844221,0.2836411609498681,0.9246231155778895,0.8391959798994975,0.6809045226130653,.213,.308,3.2,13.8,22.807017543859647,89.2,37.9,23.9,15.3,31.9,.205,.333,.356,.253,1.8867924528301887,3,22,6,1,27,4,38,257,82,42.13114754098361,53.66492146596858,74.63414634146342,13.442622950819672
River Ryan,LAD,SP,27,33,30,119,.270,.357,0.7713567839195979,0.8146899294184201,0.9261934673366834,0.9320580474934036,0.8479899497487438,0.5251256281407035,0.7701005025125628,0.9547738693467337,0.9359296482412061,0.5201005025125628,0.9874371859296482,0.992462311557789,0.7952261306532663,0.9120603015075377,0.6030150753768844,0.40105540897097625,0.3907035175879397,0.4472361809045226,0.5590452261306532,.227,.295,0,6.1,26.865671641791053,81.3,15,30.3,3.3,28.8,.300,.364,.433,.450,0,0,2,4,0,9,0,10,52,15,43.69747899159664,65.38461538461539,82.35294117647058,12.605042016806722
Roddery Muñoz,HOU,RP,26,57,50,221,.296,.328,0.7688442211055276,0.5942965155593269,0.2226758793969849,0.7031662269129287,0.6608040201005025,0.7022613065326633,0.5,0.05527638190954774,0.8706030150753769,0.8090452261306532,0.11557788944723618,0.2198492462311558,0.9409547738693468,0.6520100502512562,0.9020100502512562,0.5356200527704486,0.4849246231155779,0.635678391959799,0.9095477386934674,.206,.350,13.8,7,31.147540983606557,91.5,44.8,36.8,9.8,36.6,.200,.298,.440,.296,7.0175438596491215,4,4,6,0,10,2,21,101,37,45.70135746606335,63.63636363636363,79.36507936507937,16.742081447963802
Zach McCambley,MIA,SP,27,91,75,388,.282,.304,0.7663316582914573,0.6794957637793188,0.6592336683417086,0.6853562005277045,0.7788944723618091,0.8919597989949749,0.842964824120603,0.5062814070351759,0.2751256281407035,0.18341708542713567,0.621859296482412,0.6658291457286433,0.8442211055276382,0.8907035175879398,0.9673366834170855,0.19261213720316625,0.7412060301507538,0.8844221105527639,0.9045226130653267,.173,.273,6.5,15.4,22.335025380710658,87.9,34.8,31.9,4.5,40.8,.200,.341,.293,.295,3.296703296703297,3,14,1,0,15,2,29,157,64,40.4639175257732,59.16230366492147,73.45132743362831,16.49484536082474
Adam Kloffenstein,NYY,SP,25,95,83,388,.328,.364,0.7638190954773869,0.5083688561541214,0.3011934673366834,0.6431398416886543,0.39824120603015073,0.4120603015075377,0.25753768844221103,0.3479899497487437,0.7751256281407035,0.9020100502512562,0.16959798994974876,0.4296482412060301,0.4057788944723618,0.6381909547738693,0.7211055276381909,0.7203166226912929,0.3944723618090452,0.3442211055276382,0.8015075376884422,.238,.417,7.9,8.4,33.49282296650718,90.8,39.7,22.1,10.2,31,.241,.326,.506,.246,5.263157894736842,5,8,4,0,20,6,21,187,58,48.195876288659804,65.36312849162012,83.76068376068376,14.948453608247426
Josh White,MIA,SP,25,75,63,327,.281,.263,0.7613065326633166,0.6119954986011853,0.7873743718592965,0.5600263852242744,0.7839195979899497,0.785175879396985,0.842964824120603,0.8693467336683417,0.30402010050251255,0.4748743718592965,0.5640703517587939,0.8731155778894473,0.6532663316582915,0.21105527638190955,0.4221105527638191,0.4419525065963061,0.2399497487437186,0.5778894472361809,0.4296482412060301,.190,.273,2.4,14.7,26.344086021505376,88.2,28.6,26.7,17.4,26.2,.143,.280,.270,.171,1.3333333333333337,1,11,2,0,9,2,20,145,38,44.342507645259936,68.08510638297872,80.20833333333334,11.620795107033642
Cameron Weston,BAL,SP,25,95,78,396,.333,.345,0.7587939698492462,0.5544280881098544,0.5116206030150754,0.22097625329815304,0.35678391959798994,0.5251256281407035,0.41959798994974873,0.5527638190954773,0.36683417085427134,0.871859296482412,0.40326633165829145,0.6708542713567839,0.7989949748743719,0.6658291457286433,0.800251256281407,0.3562005277044855,0.9296482412060302,0.5464824120603015,0.7562814070351759,.227,.370,6.1,13.7,32.460732984293195,89.1,34.7,30.5,9.5,32.7,.244,.358,.410,.347,3.1578947368421053,3,13,7,0,19,2,29,171,56,43.18181818181818,53.17073170731707,80.73394495412846,14.141414141414142
Mitchell Parker,WSN,SP,26,53,49,206,.274,.343,0.7562814070351759,0.6456474324127233,0.7628768844221105,0.2427440633245383,0.8253768844221105,0.45603015075376885,0.6595477386934674,0.6017587939698492,0.949748743718593,0.7462311557788944,0.9170854271356784,0.8731155778894473,0.6319095477386935,0.04396984924623116,0.800251256281407,0.7823218997361477,0.15829145728643215,0.5175879396984925,0.8819095477386935,.233,.320,5.7,5.7,29.906542056074766,84.4,28.6,26.4,22.3,32.7,.286,.340,.429,.382,3.7735849056603774,2,3,4,0,14,1,14,101,33,49.02912621359224,69.6969696969697,81.15942028985508,16.019417475728158
Travis Adams,MIN,RP,26,29,25,115,.208,.322,0.7537688442211056,0.7519363528283458,0.8084170854271356,0.4604221635883905,0.9773869346733668,0.928391959798995,0.9824120603015075,0.9547738693467337,0.621859296482412,0.8618090452261307,0.49874371859296485,0.7977386934673367,0.5251256281407035,0.4798994974874372,0.9346733668341709,0.6978891820580475,0.14321608040201006,0.6608040201005025,0.9522613065326633,.161,.195,0,10.3,32.35294117647059,88.6,31.6,24.1,12.9,38.2,.320,.379,.320,.421,0,0,3,0,0,8,0,7,55,21,47.82608695652174,70.21276595744679,78.78787878787878,18.26086956521739
Luinder Avila,KCR,SP,24,47,38,182,.308,.362,0.7512562814070352,0.5717085869099234,0.7157663316582915,0.854221635883905,0.5665829145728644,0.7173366834170855,0.6695979899497487,0.7977386934673367,0.29020100502512564,0.4296482412060301,0.6520100502512562,0.7437185929648241,0.2638190954773869,0.3731155778894472,0.5025125628140703,0.3021108179419525,0.9673366834170855,0.7562814070351759,0.41708542713567837,.205,.318,3.3,14.9,25.75757575757576,87.7,33.3,19.1,14.8,27.3,.263,.391,.395,.321,2.127659574468085,1,7,2,0,10,1,9,77,21,42.307692307692314,51.72413793103448,76.66666666666667,11.538461538461537
Trey Yesavage,TOR,SP,22,33,28,135,.303,.436,0.7487437185929648,0.5183398301976019,0.5741206030150754,0.570580474934037,0.5979899497487438,0.550251256281407,0.6984924623115578,0.6670854271356784,0.28266331658291455,0.3806532663316583,0.6394472361809045,0.2914572864321608,0.36683417085427134,0.4535175879396985,0.7211055276381909,0.3364116094986808,0.49748743718592964,0.4371859296482412,0.6608040201005025,.224,.311,4.8,15.2,25,87.8,42.9,21.2,13.5,31,.321,.424,.571,.368,3.0303030303030303,1,5,1,0,9,2,7,58,18,42.96296296296296,63.492063492063494,82.5,13.333333333333336
Adam Macko,TOR,RP,25,72,64,296,.279,.327,0.7462311557788944,0.5999682891148796,0.49874371859296485,0.7209762532981531,0.7964824120603015,0.8015075376884422,0.5238693467336684,0.28266331658291455,0.5527638190954773,0.6633165829145728,0.7650753768844221,0.42336683417085424,0.6319095477386935,0.29773869346733667,0.7399497487437185,0.5989445910290238,0.5062814070351759,0.8731155778894473,0.7839195979899497,.188,.345,8.9,11.1,28.767123287671232,86.7,40,26.4,15.9,31.4,.203,.292,.453,.238,5.5555555555555545,4,8,3,2,13,3,19,137,43,46.28378378378378,63.33333333333333,73.68421052631578,14.527027027027025
Walbert Ureña,LAA,SP,22,36,32,157,.290,.378,0.7437185929648241,0.5550902047617153,0.5128768844221105,0.9663588390501321,0.7022613065326633,0.5376884422110553,0.6067839195979899,0.7374371859296482,0.5527638190954773,0.1884422110552764,0.4648241206030151,0.24246231155778894,0.271356783919598,0.9849246231155779,0.4057788944723618,0.2783641160949868,0.2650753768844221,0.26256281407035176,0.33040201005025127,.226,.329,4,11.1,22.471910112359552,88.8,44,19.4,"'-1.6",25.8,.281,.361,.500,.333,2.7777777777777777,1,4,2,1,9,1,7,66,17,42.03821656050955,67.64705882352942,84.78260869565217,10.828025477707007
Yunior Tur,ATH,SP,26,70,64,282,.298,.350,0.7412060301507538,0.5313874230430958,0.4667085427135679,0.8766490765171504,0.6407035175879398,0.30904522613065327,0.49120603015075376,0.6909547738693468,0.8618090452261307,0.4723618090452261,0.40326633165829145,0.2814070351758794,0.7474874371859297,0.2638190954773869,0.3379396984924623,0.7796833773087071,0.016331658291457288,0.6231155778894473,0.4798994974874372,.251,.353,4.5,7.1,26.315789473684212,89.1,43.2,28.6,16.5,24.6,.297,.357,.422,.419,2.8571428571428568,2,5,5,0,19,1,20,138,34,48.93617021276596,75.38461538461539,79.59183673469387,12.05673758865248
Quinn Mathews,STL,SP,25,121,95,504,.333,.376,0.7386934673366834,0.495364354755307,0.38724874371859297,0.7031662269129287,0.35678391959798994,0.75,0.42839195979899497,0.07160804020100503,0.18090452261306533,0.4798994974874372,0.5640703517587939,0.4849246231155779,0.7788944723618091,0.3178391959798995,0.8278894472361809,0.16490765171503954,0.7864321608040201,0.5866834170854272,0.6532663316582915,.200,.367,13.3,18.2,26.35135135135135,88.2,38.3,29.8,15.5,33.7,.232,.383,.453,.296,6.6115702479338845,8,22,3,0,22,6,36,199,67,39.48412698412698,58.17307692307693,80.16528925619834,13.293650793650794
Jack Perkins,ATH,RP,26,31,23,135,.291,.285,0.7361809045226131,0.6601642778536482,0.5625,0.8918205804749341,0.6922110552763819,0.9032663316582915,0.9195979899497487,0.48743718592964824,0.06909547738693467,0.7123115577889447,0.6846733668341709,0.15829145728643215,0.7550251256281407,0.6834170854271356,0.964824120603015,0.4023746701846966,0.5263819095477387,0.957286432160804,0.9246231155778895,.168,.243,6.7,22.6,29.48717948717949,87.4,46.7,29,9.3,40.7,.130,.323,.261,.143,3.2258064516129035,1,7,0,0,3,1,9,59,24,43.7037037037037,63.157894736842096,69.44444444444444,17.777777777777782
Luis Mey,CIN,RP,24,48,44,207,.319,.359,0.7336683417085427,0.5005101916795941,0.1564070351758794,0.983509234828496,0.46984924623115576,0.4045226130653266,0.3743718592964824,0.23115577889447236,0.9271356783919598,0.5339195979899497,0.007537688442211055,0.01256281407035176,0.7600502512562815,0.8680904522613065,0.4334170854271357,0.6978891820580475,0.7261306532663316,0.6155778894472361,0.550251256281407,.239,.385,9.7,6.3,27.02702702702703,95.2,61.3,29.2,5.6,26.3,.295,.333,.500,.400,6.25,3,3,2,2,13,1,14,99,26,47.82608695652174,59.3984962406015,79.74683544303798,12.560386473429954
Spencer Arrighetti,HOU,SP,26,54,44,211,.312,.210,0.7311557788944724,0.5544189726115185,0.5141331658291457,0.3502638522427441,0.5376884422110553,0.8756281407035176,0.6922110552763819,0.24371859296482412,0.5527638190954773,0.3806532663316583,0.24748743718592964,0.8731155778894473,0.9447236180904522,0.17839195979899497,0.7763819095477387,0.3179419525065963,0.5728643216080402,0.7261306532663316,0.7110552763819096,.176,.312,9.5,11.1,25,90,28.6,37,17.9,32.2,.114,.259,.136,.200,3.7037037037037033,2,6,1,0,5,0,20,90,29,42.65402843601896,62.62626262626264,77.4193548387097,13.744075829383887
Jack Wenninger,NYM,SP,24,137,115,574,.314,.256,0.7286432160804021,0.5053582556582383,0.43498743718592964,0.570580474934037,0.507537688442211,0.49748743718592964,0.6331658291457286,0.635678391959799,0.4020100502512563,0.2914572864321608,0.2701005025125628,0.20100502512562815,0.7135678391959799,0.8304020100502513,0.5113065326633166,0.20184696569920846,0.542713567839196,0.33040201005025127,0.36432160804020103,.229,.325,5.2,13.1,24.085365853658534,89.9,45.5,27.7,6.6,27.4,.165,.299,.217,.237,2.9197080291970803,4,18,3,0,19,1,38,234,64,40.766550522648075,63.00813008130082,83.87096774193549,11.149825783972128
Trevor Martin,TBR,RP,25,72,62,288,.289,.325,0.7261306532663316,0.6781303726194738,0.8489321608040201,0.7631926121372031,0.7110552763819096,0.30904522613065327,0.7349246231155779,0.8869346733668342,0.5527638190954773,0.6909547738693468,0.9170854271356784,0.8567839195979899,0.41708542713567837,0.7060301507537688,0.5917085427135679,0.4736147757255937,0.7474874371859297,0.7236180904522613,0.6105527638190955,.251,.302,2.1,11.1,29.197080291970803,84.4,29.2,22.2,9,28.7,.290,.361,.355,.375,1.3888888888888888,1,8,4,0,18,0,16,129,37,44.79166666666667,58.940397350993386,77.52808988764046,12.847222222222221
Zebby Matthews,MIN,SP,25,150,138,583,.339,.404,0.7236180904522613,0.46454457865404425,0.28831658291457285,0.7981530343007915,0.30778894472361806,0.16834170854271358,0.1444723618090452,0.24371859296482412,0.8505025125628141,0.8894472361809045,0.44095477386934673,0.3241206030150754,0.39824120603015073,0.5665829145728644,0.44221105527638194,0.8825857519788918,0.17587939698492464,0.4824120603015075,0.6683417085427136,.268,.452,9.5,7.3,33,88.9,41.9,22,11.3,26.4,.297,.353,.580,.333,6.666666666666668,10,11,6,3,41,9,33,295,78,50.60034305317325,69.25795053003534,81.63265306122447,13.379073756432247
Zach Franklin,CHW,RP,27,70,66,253,.283,.390,0.7211055276381909,0.6175192143655833,0.3244346733668342,0.6853562005277045,0.7675879396984925,0.742462311557789,0.2851758793969849,0.13693467336683418,0.992462311557789,0.9773869346733668,0.4648241206030151,0.4108040201005025,0.907035175879397,0.13442211055276382,0.9057788944723618,0.982849604221636,0.11809045226130653,0.9095477386934674,0.9949748743718593,.202,.407,11.9,4.3,38.23529411764706,88.8,40.5,34.3,18.7,37,.258,.300,.606,.286,7.142857142857142,5,3,2,0,17,7,24,146,54,57.70750988142292,70.86092715231787,71.96261682242991,21.34387351778656
Mason Barnett,ATH,SP,25,123,108,492,.293,.309,0.7185929648241206,0.561819652351467,0.6542085427135678,0.7631926121372031,0.6771356783919598,0.5891959798994975,0.535175879396985,0.4962311557788945,0.5201005025125628,0.4396984924623116,0.7211055276381909,0.864321608040201,0.6105527638190955,0.21105527638190955,0.314070351758794,0.3865435356200528,0.43467336683417085,0.2236180904522613,0.30904522613065327,.219,.341,6.6,11.4,25.842696629213485,87.2,28.9,26,17.4,24.3,.213,.303,.380,.264,4.0650406504065035,5,14,6,0,23,4,32,214,52,43.4959349593496,64.44444444444444,85.51724137931033,10.569105691056912
Drew Sommers,DET,RP,25,77,65,325,.268,.289,0.7160804020100503,0.5845586772914706,0.4751884422110553,0.5448548812664907,0.8567839195979899,0.9484924623115578,0.8090452261306532,0.25125628140703515,0.3241206030150754,0.35175879396984927,0.5829145728643216,0.25753768844221103,0.9849246231155779,0.271356783919598,0.8316582914572864,0.17810026385224276,0.957286432160804,0.8052763819095478,0.6984924623115578,.157,.281,9.4,14.3,24.65753424657534,88.1,43.8,41.6,16.3,33.8,.169,.299,.323,.290,3.8961038961038965,3,11,2,1,11,2,32,130,44,40,52.51396648044693,75.53191489361703,13.538461538461537
Luis Perales,WSN,SP,23,126,107,503,.326,.283,0.7135678391959799,0.4648500859619116,0.5084798994974875,0.9802110817941952,0.4158291457286432,0.6092964824120602,0.34045226130653267,0.23618090452261306,0.3241206030150754,0.4007537688442211,0.7311557788944724,0.7261306532663316,0.2889447236180904,0.17839195979899497,0.34673366834170855,0.5659630606860159,0.21608040201005024,0.4723618090452261,0.3869346733668342,.217,.395,9.6,14.3,25.190839694656486,87,33.7,19.8,17.9,24.7,.178,.294,.318,.190,6.349206349206349,8,18,3,0,19,4,25,231,57,45.9244532803181,68.46473029045643,81.81818181818183,11.332007952286284
Robby Ahlstrom,TEX,RP,26,83,78,350,.217,.248,0.7110552763819096,0.8263759982851814,0.8734296482412061,0.6853562005277045,0.9723618090452262,0.9032663316582915,0.8630653266331658,0.7462311557788944,0.9422110552763819,0.9170854271356784,0.9547738693467337,0.9296482412060302,0.8278894472361809,0.8366834170854272,0.3379396984924623,0.7744063324538258,0.4723618090452261,0.5238693467336684,0.46733668341708545,.168,.266,3.9,6,34.09090909090909,83.7,25.5,31.3,6.5,24.6,.192,.241,.308,.260,2.409638554216868,2,5,3,0,15,2,26,171,42,48.85714285714285,63.793103448275865,81.08108108108108,12
Ryan Gusto,MIA,SP,27,129,115,475,.284,.317,0.7085427135678392,0.6241583356536419,0.5863693467336684,0.854221635883905,0.7550251256281407,0.6092964824120602,0.6130653266331658,0.5603015075376885,0.5753768844221105,0.6984924623115578,0.664572864321608,0.507537688442211,0.5175879396984925,0.6231155778894473,0.5113065326633166,0.6464379947229552,0.8090452261306532,0.657035175879397,0.6055276381909548,.217,.328,6,10.9,29.2817679558011,87.6,38.1,24,10.5,27.4,.243,.326,.374,.317,3.875968992248062,5,14,9,0,28,2,31,223,61,46.94736842105264,57.82312925170068,78.82352941176471,12.842105263157894
Zach Brzykcy,MIA,RP,26,62,53,225,.244,.217,0.7060301507537688,0.6977455439024497,0.7920854271356783,0.40435356200527706,0.9271356783919598,0.957286432160804,0.9459798994974874,0.8316582914572864,0.41959798994974873,0.8567839195979899,0.5829145728643216,0.8077889447236181,0.7550251256281407,0.114321608040201,0.7701005025125628,0.6622691292875991,0.4371859296482412,0.9422110552763819,0.821608040201005,.154,.228,2.9,12.9,32.23140495867769,88.1,31.4,29,19,32.1,.132,.258,.170,.200,1.6129032258064515,1,8,2,0,7,0,18,106,34,47.11111111111111,64.42307692307692,70.1492537313433,15.111111111111109
Joe Rock,TBR,RP,25,59,41,245,.317,.371,0.7035175879396985,0.7048904372345456,0.8542713567839197,0.3845646437994723,0.478643216080402,0.9949748743718593,0.9635678391959799,0.5376884422110553,0.05402010050251256,0.20603015075376885,0.9798994974874372,0.9359296482412061,0.9748743718592965,0.9484924623115578,1,0.0474934036939314,0.907035175879397,0.9761306532663316,0.907035175879397,.114,.215,6.2,23.7,22.666666666666664,82.3,25,40.7,0.9,47.7,.171,.424,.341,.333,1.6949152542372878,1,14,1,0,7,2,24,86,41,35.102040816326536,54.73684210526318,67.30769230769229,16.73469387755102
Ryan Lambert,NYM,RP,23,58,44,266,.333,.378,0.7010050251256281,0.4937964890415136,0.5329773869346734,0.9406332453825856,0.35678391959798994,0.864321608040201,0.6394472361809045,0.4082914572864322,0.09547738693467336,0.10678391959798995,0.49874371859296485,0.585427135678392,0.7675879396984925,0.005025125628140704,0.657035175879397,0.09894459102902374,0.6582914572864321,0.7839195979899497,0.3793969849246231,.179,.324,7.4,20.7,20,88.6,37,29.3,31.9,29.7,.205,.397,.432,.280,3.4482758620689653,2,12,2,1,9,2,17,101,30,37.96992481203007,61.206896551724135,76.05633802816901,11.278195488721805
Marco Raya,MIN,RP,23,92,81,345,.328,.397,0.6984924623115578,0.5054963692693901,0.23680904522613067,0.7631926121372031,0.39824120603015073,0.6231155778894473,0.1934673366834171,0.14949748743718594,0.47613065326633164,0.7713567839195979,0.48115577889447236,0.12311557788944724,0.4472361809045226,0.8793969849246231,0.7600502512562815,0.4630606860158311,0.635678391959799,0.4962311557788945,0.7613065326633166,.216,.437,11.7,12,30.319148936170212,88.7,48.3,22.8,4.9,31.8,.272,.359,.556,.309,7.608695652173914,7,11,4,2,22,5,21,154,49,44.63768115942029,61.783439490445865,81.44329896907216,14.20289855072464
Chayce McDermott,LAD,SP,27,68,52,281,.323,.320,0.6959798994974874,0.5524373185187149,0.4525753768844221,0.8126649076517151,0.4396984924623116,0.8015075376884422,0.792713567839196,0.4082914572864322,0.10175879396984924,0.23618090452261306,0.38316582914572866,0.22613065326633167,0.9409547738693468,0.5163316582914573,0.9698492462311558,0.2559366754617414,0.271356783919598,0.9547738693467337,0.914572864321608,.188,.288,7.4,20.6,23.170731707317074,89.2,44.4,36.8,12.1,41,.173,.368,.288,.333,2.9411764705882346,2,14,6,0,9,0,25,117,48,41.637010676156585,67.52136752136752,69.62025316455697,17.08185053380783
Beck Way,KCR,RP,26,103,91,398,.256,.301,0.6934673366834171,0.6263758877942924,0.4660804020100503,0.9248021108179421,0.8907035175879398,0.8304020100502513,0.7814070351758794,0.7788944723618091,0.7437185929648241,0.228643216080402,0.1092964824120603,0.19472361809045227,0.8982412060301508,0.5577889447236181,0.5778894472361809,0.29023746701846964,0.9195979899497487,0.7512562814070352,0.4824120603015075,.184,.291,3.5,8.7,23.02631578947368,91.6,45.6,34,11.4,28.6,.231,.311,.352,.345,1.9417475728155336,2,9,3,1,21,2,35,168,48,42.211055276381906,54.0650406504065,76.69172932330827,12.060301507537687
Devereaux Harrison,TOR,SP,25,81,72,329,.333,.319,0.6909547738693468,0.41213405417589266,0.4123743718592965,0.5448548812664907,0.35678391959798994,0.27386934673366836,0.2675879396984925,0.6017587939698492,0.5527638190954773,0.4484924623115578,0.44095477386934673,0.3391959798994975,0.35678391959798994,0.114321608040201,0.6482412060301508,0.5092348284960422,0.6105527638190955,0.7437185929648241,0.6658291457286433,.254,.414,5.7,11.1,25.97402597402597,88.9,41.5,21,19,29.5,.222,.309,.403,.250,3.7037037037037033,3,9,4,0,16,3,17,149,44,45.2887537993921,62.28571428571429,77.06422018348623,13.37386018237082
Will Dion,CLE,RP,26,85,80,357,.280,.327,0.6884422110552764,0.5691733734636242,0.5392587939698492,0.19063324538258572,0.7864321608040201,0.4748743718592965,0.4535175879396985,0.5804020100502513,0.9459798994974874,0.8391959798994975,0.6746231155778895,0.4484924623115578,0.8768844221105527,0.035175879396984924,0.5238693467336684,0.5303430079155673,0.9447236180904522,0.8869346733668342,0.5590452261306532,.231,.362,5.9,5.9,31.967213114754106,87.5,39.2,32.9,22.8,27.6,.263,.306,.438,.392,3.5294117647058822,3,5,11,0,21,1,28,163,45,45.65826330532213,52.76595744680851,73.38709677419354,12.605042016806722
Andrew Magno,BAL,SP,28,60,51,251,.262,.209,0.6859296482412061,0.7262472211541436,0.7189070351758794,0.3845646437994723,0.871859296482412,0.7173366834170855,0.9057788944723618,0.9547738693467337,0.4899497487437186,0.8844221105527639,0.5188442211055276,0.4962311557788945,0.785175879396985,0.9057788944723618,0.800251256281407,0.4907651715039578,0.628140703517588,0.6005025125628141,0.7939698492462312,.205,.247,0,11.7,32.87671232876712,88.5,38.2,30,3.9,32.7,.157,.250,.176,.229,0,0,7,1,0,8,0,18,113,37,45.0199203187251,61.904761904761905,80,14.741035856573706
Dax Fulton,MIA,SP,24,115,99,492,.309,.398,0.6834170854271356,0.5536767500651897,0.6469849246231156,0.7031662269129287,0.5565326633165829,0.6620603015075377,0.46733668341708545,0.4258793969849246,0.5276381909547738,0.12814070351758794,0.9045226130653267,0.7902010050251256,0.5678391959798995,0.6432160804020101,0.2675879396984925,0.15699208443271767,0.7512562814070352,0.5326633165829145,0.17587939698492464,.211,.360,7.2,11.3,20.717131474103585,84.5,31.9,25.2,10.1,23.7,.293,.391,.505,.369,4.3478260869565215,5,13,6,0,29,5,29,194,46,39.430894308943095,58.921161825726145,80.98591549295773,9.349593495934961
Shane Smith,CHW,SP,26,61,47,264,.340,.335,0.6809045226130653,0.6031634093952613,0.6363065326633166,0.9188654353562006,0.2989949748743719,0.5678391959798995,0.7349246231155779,0.7876884422110553,0.4020100502512563,0.5226130653266332,0.8027638190954773,0.2198492462311558,0.7751256281407035,0.8366834170854272,0.3706030150753769,0.1358839050131926,0.8140703517587939,0.07537688442211055,0.22110552763819097,.222,.302,3.4,13.1,26.875,86.4,44.8,29.5,6.5,25.2,.191,.377,.319,.286,1.639344262295082,1,8,1,1,9,1,18,103,26,39.01515151515152,57.69230769230769,90,9.848484848484848
Nick Frasso,LAD,RP,27,33,26,151,.290,.375,0.678391959798995,0.6717586392826048,0.7572236180904522,0.8852242744063324,0.7022613065326633,0.8492462311557789,0.9422110552763819,0.9547738693467337,0.09045226130653267,0.16080402010050251,0.3128140703517588,0.8190954773869347,0.9610552763819096,0.4535175879396985,0.9296482412060302,0.5343007915567283,0.10050251256281408,0.9761306532663316,0.9195979899497487,.182,.230,0,21.2,21.794871794871803,89.7,30.8,39.4,13.5,37.7,.269,.424,.385,.538,0,0,7,3,0,7,0,13,69,26,45.6953642384106,71.23287671232877,67.30769230769229,17.218543046357613
Thomas Ireland,TEX,RP,23,46,42,192,.255,.300,0.6758793969849246,0.5846512134109421,0.6058417085427136,0.13390501319261214,0.8944723618090452,0.8304020100502513,0.6809045226130653,0.36432160804020103,0.7437185929648241,0.6457286432160804,0.7035175879396985,0.6746231155778895,0.9183417085427136,0.032663316582914576,0.39321608040201006,0.3212401055408971,0.6457286432160804,0.4472361809045226,0.3454773869346734,.184,.314,7.7,8.7,28.440366972477065,87.3,34.6,34.8,23.2,25.6,.238,.304,.357,.360,4.3478260869565215,2,4,2,0,10,1,16,82,21,42.70833333333333,61.44578313253012,82.35294117647058,10.9375
Kyle Hurt,LAD,RP,27,26,21,118,.352,.393,0.6733668341708543,0.7020430870270437,0.884108040201005,0.9056728232189972,0.2449748743718593,0.07788944723618091,0.6444723618090452,0.9547738693467337,0.1407035175879397,0.9472361809045227,0.9824120603015075,0.9547738693467337,0.8140703517587939,0.7625628140703518,0.9949748743718593,0.9030343007915568,0.05025125628140704,0.9874371859296482,1,.290,.323,0,19.2,35.820895522388064,82,23.1,30.8,7.6,45.9,.333,.462,.381,.538,0,0,5,1,0,7,0,8,61,28,51.69491525423729,72.54901960784314,62.16216216216216,23.728813559322035
Dylan Ray,ARI,SP,25,103,95,349,.330,.382,0.6708542713567839,0.45704611447740023,0.4912060301507537,0.5448548812664907,0.3869346733668342,0.09673366834170855,0.27638190954773867,0.8530150753768844,0.8881909547738693,0.8165829145728644,0.44095477386934673,0.3944723618090452,0.17462311557788945,0.42085427135678394,0.19095477386934673,0.9815303430079156,0.09296482412060302,0.4221105527638191,0.5628140703517588,.285,.409,2.6,6.8,31.404958677685947,88.9,40.8,17.5,13.9,21.9,.316,.369,.495,.356,1.9417475728155336,2,7,3,1,30,4,18,201,44,57.59312320916904,71.49122807017544,82.82208588957054,12.607449856733524
George Klassen,LAA,SP,24,104,93,415,.312,.347,0.6683417085427136,0.49967736660434975,0.5612437185929648,0.9320580474934036,0.5376884422110553,0.21482412060301506,0.5,0.8530150753768844,0.6017587939698492,0.3806532663316583,0.5188442211055276,0.3731155778894472,0.06658291457286432,0.7399497487437185,0.2776381909547739,0.7598944591029023,0.016331658291457288,0.24623115577889448,0.42462311557788945,.263,.350,2.6,10.6,25,88.5,41,14.4,8.2,23.8,.301,.375,.387,.351,1.9230769230769231,2,11,3,1,28,1,15,202,48,48.674698795180724,75.38461538461539,85.03401360544217,11.566265060240966
Brandyn Garcia,ARI,RP,25,54,43,221,.269,.378,0.6658291457286433,0.6730331516863121,0.6686557788944724,0.8766490765171504,0.8530150753768844,0.9359296482412061,0.9723618090452262,0.9547738693467337,0.16331658291457288,0.15577889447236182,0.2701005025125628,0.47738693467336685,0.8341708542713567,0.9798994974874372,0.6030150753768844,0.023746701846965697,0.9949748743718593,0.6005025125628141,0.18592964824120603,.160,.199,0,18.5,21.698113207547173,89.9,38.5,31.5,"'-1.2",28.8,.256,.407,.419,.400,0,0,10,4,0,11,1,17,73,21,33.031674208144786,43.47826086956522,80,9.502262443438914
Steven Cruz,KCR,RP,26,35,31,127,.360,.404,0.6633165829145728,0.4322804104073578,0.21136934673366833,0.9248021108179421,0.20351758793969849,0.11809045226130653,0.15577889447236182,0.6457286432160804,0.7562814070351759,0.21231155778894473,0.0364321608040201,0.007537688442211055,0.7474874371859297,0.42085427135678394,0.9585427135678392,0.4815303430079156,0.8592964824120602,1,0.9422110552763819,.281,.449,5,8.6,22.72727272727273,93,65,28.6,13.9,40.4,.323,.400,.516,.450,2.8571428571428568,1,3,1,1,10,1,10,57,23,44.88188976377953,56.62650602409639,57.44680851063831,18.11023622047244
Wyatt Olds,BOS,RP,26,79,62,329,.284,.288,0.6608040201005025,0.5925372243804775,0.47047738693467334,0.9056728232189972,0.7550251256281407,0.8919597989949749,0.8793969849246231,0.6268844221105527,0.22236180904522612,0.40703517587939697,0.23492462311557788,0.1407035175879397,0.8768844221105527,0.38567839195979897,0.7839195979899497,0.35356200527704484,0.45226130653266333,0.6331658291457286,0.7386934673366834,.173,.257,5.3,16.5,25.280898876404496,90.1,47.4,32.9,14.5,32.4,.161,.316,.290,.222,2.5316455696202533,2,13,2,0,10,2,26,142,46,43.161094224924014,64.23841059602648,79.38144329896906,13.98176291793313
Erik Tolman,WSN,RP,26,59,49,247,.284,.388,0.6582914572864321,0.5344176356717626,0.3555276381909548,0.8225593667546174,0.7550251256281407,0.9032663316582915,0.7550251256281407,0.1871859296482412,0.20854271356783918,0.18592964824120603,0.3128140703517588,0.1670854271356784,0.9258793969849246,0.1972361809045226,0.992462311557789,0.1820580474934037,0.5891959798994975,0.9937185929648241,0.949748743718593,.168,.297,10.7,16.9,22.463768115942024,89.7,46.4,35.6,17.5,45.5,.245,.373,.510,.385,5.084745762711865,3,10,5,1,12,2,21,99,45,40.08097165991903,62.38532110091744,61.764705882352935,18.21862348178137
Steven Pérez,CLE,RP,25,67,52,316,.312,.367,0.6557788944723618,0.6164090571591467,0.7942839195979899,0.6431398416886543,0.5376884422110553,0.6708542713567839,0.8241206030150754,0.9547738693467337,0.13190954773869346,0.42462311557788945,0.7035175879396985,0.6947236180904522,0.5816582914572864,0.5917085427135679,0.6381909547738693,0.34300791556728233,0.6708542713567839,0.5276381909547738,0.5728643216080402,.210,.277,0,19.4,25.625,87.3,34.3,25.4,11,29.4,.231,.388,.423,.294,0,0,13,4,0,12,2,17,136,40,43.03797468354431,60.89743589743589,81.05263157894737,12.658227848101266
Luis Peralta,CHC,SP,25,48,34,218,.406,.459,0.6532663316582915,0.36555496258778497,0.3693467336683417,0.5600263852242744,0.0678391959798995,0.49748743718592964,0.1658291457286432,0.011306532663316583,0.017587939698492462,0.04020100502512563,0.4648241206030151,0.835427135678392,0.7600502512562815,0.0678391959798995,0.8982412060301508,0.058047493403693924,0.9623115577889447,0.9459798994974874,0.6080402010050251,.229,.445,20,29.2,17.475728155339805,88.8,30,29.2,20.6,35.9,.294,.500,.529,.444,8.333333333333332,4,14,2,0,10,2,14,78,28,35.77981651376147,52.17391304347826,70,12.844036697247708
Jonathan Cannon,CHW,SP,25,106,96,422,.319,.461,0.6507537688442211,0.47237838267856436,0.3238065326633166,0.5831134564643801,0.46984924623115576,0.4271356783919598,0.1934673366834171,0.14321608040201006,0.8391959798994975,0.7814070351758794,0.5640703517587939,0.3944723618090452,0.2889447236180904,0.4723618090452261,0.5113065326633166,0.8021108179419525,0.09045226130653267,0.3806532663316583,0.6884422110552764,.236,.437,11.8,7.5,30.567685589519648,88.2,40.8,19.8,13.1,27.4,.365,.415,.656,.414,8.49056603773585,9,8,8,1,35,6,21,208,57,49.28909952606635,71.50259067357513,83.33333333333334,13.507109004739338
Brendan Beck,NYY,SP,27,172,161,649,.289,.299,0.6482412060301508,0.5682458024511298,0.33479899497487436,0.3390501319261214,0.7110552763819096,0.5590452261306532,0.31909547738693467,0.16331658291457288,0.9660804020100503,0.9623115577889447,0.5326633165829145,0.3241206030150754,0.6532663316582915,0.6155778894472361,0.6733668341708543,0.8997361477572561,0.228643216080402,0.4648241206030151,0.8442211055276382,.223,.401,11.1,5.2,37.249283667621775,88.4,41.9,26.7,10.7,30.1,.217,.256,.435,.255,7.558139534883719,13,9,12,1,35,7,46,335,101,51.617873651771966,68.33333333333333,81.95121951219512,15.562403697996919
Paul Gervase,LAD,RP,25,58,46,227,.303,.338,0.6457286432160804,0.6667768813283655,0.789572864321608,0.5277044854881267,0.5979899497487438,0.7713567839195979,0.7788944723618091,0.7977386934673367,0.26884422110552764,0.27386934673366836,0.9723618090452262,0.6092964824120602,0.7675879396984925,0.8153266331658291,0.8203517587939698,0.2994722955145119,0.3969849246231156,0.7374371859296482,0.7487437185929648,.194,.293,3.3,15.5,23.809523809523807,82.9,36.7,29.3,6.9,33.3,.217,.362,.370,.286,1.7241379310344829,1,9,1,0,10,2,17,96,32,42.290748898678416,65.34653465346534,77.27272727272727,14.09691629955947
Bradley Blalock,MIA,SP,25,144,132,572,.336,.317,0.6432160804020101,0.46556579069489934,0.3495603015075377,0.8443271767810027,0.3228643216080402,0.3592964824120603,0.09673366834170855,0.13190954773869346,0.8793969849246231,0.36683417085427134,0.5326633165829145,0.6369346733668342,0.4937185929648241,0.6231155778894473,0.2989949748743719,0.4485488126649077,0.27889447236180903,0.2663316582914573,0.31155778894472363,.245,.481,12.1,6.9,24.919093851132693,88.4,35.4,23.6,10.5,24,.220,.278,.447,.231,8.333333333333332,12,10,4,1,29,8,34,254,61,44.40559440559441,67.30038022813686,84.7457627118644,10.664335664335665
Orlando Ribalta,WSN,RP,28,30,27,129,.187,.227,0.6407035175879398,0.807823473126406,0.9855527638190955,0.7981530343007915,0.992462311557789,0.9874371859296482,0.9949748743718593,0.9547738693467337,0.6582914572864321,0.9849246231155779,0.992462311557789,1,0.47110552763819097,0.052763819095477386,0.8065326633165829,0.9155672823218998,0.3065326633165829,0.8731155778894473,0.9120603015075377,.129,.166,0,10,40.27777777777778,80.9,5,23.3,21.9,32.8,.148,.233,.259,.200,0,0,3,1,1,4,0,7,67,22,51.93798449612403,66.66666666666666,73.68421052631578,17.05426356589147
Dylan Smith,SFG,RP,25,55,46,229,.279,.259,0.6381909547738693,0.65283679832761,0.7060301507537688,0.7209762532981531,0.7964824120603015,0.8304020100502513,0.8391959798994975,0.8040201005025126,0.22989949748743718,0.4371859296482412,0.40326633165829145,0.7776381909547738,0.6922110552763819,0.7248743718592965,0.5778894472361809,0.5554089709762533,0.2537688442211055,0.3379396984924623,0.6331658291457286,.184,.274,3.2,16.4,25.833333333333336,89.1,32.3,27.3,8.4,28.6,.152,.291,.239,.200,1.8181818181818181,1,9,1,0,7,1,15,105,30,45.85152838427948,67.88990825688074,83.7837837837838,13.100436681222705
Gunner Mayer,SEA,RP,25,52,42,245,.324,.252,0.635678391959799,0.49429452672332647,0.36369346733668345,0.7631926121372031,0.42839195979899497,0.8153266331658291,0.42462311557788945,0.02512562814070352,0.1407035175879397,0.46733668341708545,0.621859296482412,0.38316582914572866,0.9560301507537688,0.22110552763819097,0.6846733668341709,0.4525065963060686,0.26884422110552764,0.542713567839196,0.6859296482412061,.186,.368,18.2,19.2,26.277372262773728,87.9,40.9,38.5,17.3,30.3,.119,.288,.214,.190,7.6923076923076925,4,10,1,0,5,1,20,109,33,44.48979591836735,67.5925925925926,80.82191780821918,13.469387755102039
Victor Mederos,ATL,SP,24,106,93,435,.324,.322,0.6331658291457286,0.41715779866792185,0.3121859296482412,0.9129287598944592,0.42839195979899497,0.34296482412060303,0.36432160804020103,0.6118090452261307,0.4510050251256281,0.2814070351758794,0.08542713567839195,0.1871859296482412,0.2889447236180904,0.7738693467336684,0.2776381909547739,0.6094986807387863,0.24623115577889448,0.42462311557788945,0.35175879396984927,.247,.387,5.6,12.3,23.943661971830984,91.8,45.8,19.8,7.5,23.8,.247,.340,.366,.300,3.7735849056603774,4,13,3,1,23,2,21,202,48,46.43678160919541,68.01801801801804,82.78145695364239,11.034482758620689
Carlos Rodriguez,MIL,SP,24,97,78,381,.349,.402,0.6306532663316583,0.4339836274600797,0.5763190954773869,0.3660949868073879,0.2613065326633166,0.34296482412060303,0.4484924623115578,0.7876884422110553,0.15829145728643215,0.7060301507537688,0.34673366834170855,0.7223618090452262,0.27889447236180903,0.1972361809045226,0.5917085427135679,0.6332453825857521,0.12939698492462312,0.3165829145728643,0.6708542713567839,.247,.363,3.4,18.6,29.411764705882355,89.5,33.9,19.6,17.5,28.7,.308,.443,.436,.386,2.061855670103093,2,18,4,0,24,2,19,178,51,46.719160104986884,70.625,84.07079646017701,13.385826771653544
Bradley Hanner,NYY,RP,27,83,72,342,.239,.264,0.628140703517588,0.7027770227567035,0.8052763819095478,0.5112137203166227,0.9447236180904522,0.821608040201005,0.949748743718593,0.9547738693467337,0.6809045226130653,0.20100502512562815,0.5477386934673367,0.7688442211055276,0.8894472361809045,0.4899497487437186,0.6733668341708543,0.31926121372031663,0.6168341708542714,0.792713567839196,0.6155778894472361,.185,.227,0,9.6,22.619047619047624,88.3,32.6,33.7,12.7,30.1,.222,.301,.264,.348,0,0,8,3,0,16,0,28,146,44,42.690058479532155,62.06896551724138,75.92592592592592,12.865497076023393
Joe La Sorsa,PIT,SP,28,71,64,255,.241,.288,0.6256281407035176,0.7320565558664033,0.8740577889447236,0.2922163588390501,0.9384422110552764,0.8304020100502513,0.8881909547738693,0.8869346733668342,0.9535175879396985,0.9597989949748744,0.8278894472361809,0.8932160804020101,0.4334170854271357,0.36180904522613067,0.5188442211055276,0.8905013192612137,0.5125628140703518,0.6708542713567839,0.7512562814070352,.184,.253,2.1,5.6,37.06896551724138,86.1,27.7,22.5,15,27.5,.234,.310,.313,.313,1.4084507042253522,1,4,5,0,15,0,16,131,36,51.37254901960784,63.30935251798561,78.4090909090909,14.117647058823529
Antwone Kelly,PIT,SP,22,165,142,596,.382,.386,0.6231155778894473,0.2957965398673225,0.06312814070351759,0.9854881266490764,0.11180904522613065,0.17839195979899497,0.04522613065326633,0.03768844221105527,0.5753768844221105,0.6231155778894473,0.09673366834170855,0.0728643216080402,0.17839195979899497,0.38567839195979897,0.25879396984924624,0.683377308707124,0.24371859296482412,0.4183417085427136,0.3768844221105528,.267,.518,15.8,10.9,28.19672131147541,91.7,50.9,17.6,14.5,23.6,.268,.364,.514,.276,10.909090909090908,18,18,8,0,38,9,29,284,67,47.65100671140939,68.04123711340206,82.82828282828281,11.241610738255034
Chad Dallas,TOR,SP,25,105,94,428,.302,.264,0.6206030150753769,0.4324607867835218,0.24717336683417085,0.40435356200527706,0.6092964824120602,0.3278894472361809,0.5,0.38567839195979897,0.7562814070351759,0.5954773869346733,0.07663316582914573,0.026381909547738693,0.5954773869346733,0.45979899497487436,0.45226130653266333,0.6147757255936676,0.36180904522613067,0.1658291457286432,0.5150753768844221,.249,.350,7.5,8.6,27.777777777777782,91.9,55.2,25.7,13.3,26.6,.234,.295,.277,.319,4.761904761904762,5,9,4,0,22,0,27,199,53,46.49532710280374,65.56603773584906,87.05035971223022,12.38317757009346
Rorik Maltrud,CLE,SP,26,158,145,583,.272,.250,0.6180904522613065,0.5994459434375041,0.6221733668341708,0.3265171503957784,0.8379396984924623,0.6231155778894473,0.535175879396985,0.6268844221105527,0.8706030150753769,0.7688442211055276,0.792713567839196,0.5339195979899497,0.3530150753768844,0.6658291457286433,0.25879396984924624,0.762532981530343,0.17839195979899497,0.3869346733668342,0.40703517587939697,.216,.341,5.3,7,30.293159609120522,86.5,37.7,20.9,9.5,23.6,.207,.259,.290,.250,3.79746835443038,6,11,6,0,30,2,33,284,67,48.71355060034306,69.20289855072464,83.24607329842931,11.492281303602061
Chazz Martinez,KCR,RP,26,50,40,214,.331,.351,0.6155778894472361,0.5816748650906246,0.6903266331658291,0.5831134564643801,0.3793969849246231,0.49748743718592964,0.6695979899497487,0.7537688442211056,0.11557788944723618,0.41708542713567837,0.8605527638190955,0.47738693467336685,0.7324120603015075,0.6658291457286433,0.8278894472361809,0.33839050131926124,0.8530150753768844,0.8819095477386935,0.7814070351758794,.229,.318,3.8,20,25.53191489361702,85.5,38.5,28,9.5,33.7,.250,.400,.350,.385,2,1,10,2,1,10,0,14,92,31,42.990654205607484,56.66666666666666,73.52941176470588,14.485981308411214
Coleman Crow,MIL,SP,25,125,111,499,.325,.319,0.6130653266331658,0.48502075018893936,0.4516331658291457,0.1820580474934037,0.41959798994974873,0.3756281407035176,0.30778894472361806,0.25753768844221103,0.614321608040201,0.7587939698492462,0.7449748743718593,0.4962311557788945,0.6319095477386935,0.6092964824120602,0.4221105527638191,0.4393139841688654,0.7160804020100503,0.3241206030150754,0.4321608040201005,.243,.403,9.2,10.4,30.11583011583012,86.9,38.2,26.4,10.8,26.2,.225,.312,.396,.284,5.6000000000000005,7,13,5,1,25,4,33,221,58,44.28857715430861,59.58333333333334,83.91608391608392,11.623246492985974
Lyon Richardson,CIN,RP,26,92,81,372,.272,.228,0.6105527638190955,0.5883929873642619,0.5574748743718593,0.7981530343007915,0.8379396984924623,0.5804020100502513,0.8479899497487438,0.9547738693467337,0.5753768844221105,0.035175879396984924,0.22613065326633167,0.20100502512562815,0.7386934673366834,0.7625628140703518,0.5025125628140703,0.08443271767810026,0.8844221105527639,0.6105527638190955,0.2663316582914573,.220,.272,0,10.9,17.045454545454547,90.2,45.5,28.3,7.6,27.3,.160,.261,.210,.236,0,0,10,2,1,13,0,26,139,38,37.36559139784946,55.61224489795919,79.81651376146789,10.21505376344086
Wilkin Ramos,SFG,RP,25,87,75,332,.294,.302,0.6080402010050251,0.671850070493187,0.7267587939698492,0.8687335092348285,0.6683417085427136,0.5804020100502513,0.7399497487437185,0.7726130653266332,0.8040201005025126,0.5778894472361809,0.8982412060301508,0.4962311557788945,0.4585427135678392,0.9773869346733668,0.2198492462311558,0.3937994722955145,0.6005025125628141,0.292713567839196,0.23366834170854273,.220,.301,3.6,8,27.528089887640448,84.6,38.2,23,"'-1.1",22.8,.227,.333,.307,.296,2.2988505747126435,2,7,3,0,17,1,20,145,33,43.674698795180724,62.337662337662344,84.375,9.93975903614458
Jake Eder,LAD,SP,27,32,29,118,.244,.338,0.6055276381909548,0.6491726442237574,0.9016959798994975,0.7209762532981531,0.9271356783919598,0.7688442211055276,0.8731155778894473,0.9547738693467337,0.6934673366834171,0.6206030150753769,0.8090452261306532,0.9698492462311558,0.10678391959798995,0.007537688442211055,0.3379396984924623,0.9030343007915568,0.032663316582914576,0.714824120603015,0.5804020100502513,.197,.260,0,9.4,28.070175438596486,86.3,20.8,15.6,29,24.6,.276,.344,.414,.333,0,0,3,2,1,8,0,5,61,15,51.69491525423729,73.77049180327869,77.7777777777778,12.711864406779661
Jared Southard,LAA,SP,25,112,97,428,.292,.401,0.6030150753768844,0.6273970998351477,0.762248743718593,0.7209762532981531,0.6846733668341709,0.6092964824120602,0.6243718592964824,0.8530150753768844,0.6721105527638191,0.5,0.8278894472361809,0.7437185929648241,0.1934673366834171,0.8793969849246231,0.2198492462311558,0.33839050131926124,0.6331658291457286,0.1934673366834171,0.2135678391959799,.217,.326,2.6,9.8,26.63755458515284,86.1,33.3,17.9,4.9,22.8,.320,.402,.505,.365,1.7857142857142856,2,11,6,0,31,4,20,184,42,42.990654205607484,61.80904522613066,86.1788617886179,9.813084112149532
Samy Natera Jr.,LAA,RP,26,90,74,400,.310,.343,0.6005025125628141,0.4632413386192175,0.26256281407035176,0.8126649076517151,0.550251256281407,0.8756281407035176,0.44095477386934673,0.16331658291457288,0.2638190954773869,0.14824120603015076,0.1407035175879397,0.30527638190954776,0.8580402010050251,0.22989949748743718,0.7701005025125628,0.2328496042216359,0.6658291457286433,0.8668341708542714,0.6457286432160804,.176,.364,11.1,15.6,21.5,91.1,42.2,32.2,17.2,32.1,.203,.333,.432,.244,5.5555555555555545,5,14,2,0,15,5,29,165,53,41.25,61,73.77049180327869,13.25
Jackson Wolf,SDP,SP,27,122,106,484,.286,.333,0.5979899497487438,0.6057837008260297,0.5920226130653267,0.2091029023746702,0.7449748743718593,0.6922110552763819,0.5816582914572864,0.25753768844221103,0.7185929648241206,0.7010050251256281,0.7311557788944724,0.7977386934673367,0.6243718592964824,0.6432160804020101,0.5678391959798995,0.4340369393139842,0.7613065326633166,0.6055276381909548,0.5527638190954773,.207,.335,9.2,9,29.288702928870286,87,31.6,26.2,10.1,28.5,.236,.320,.434,.292,5.737704918032787,7,11,7,1,25,4,32,214,61,44.21487603305785,58.77551020408164,79.8611111111111,12.603305785123966
Thomas Harrington,PIT,SP,24,146,125,587,.324,.334,0.5954773869346733,0.3762018646442414,0.301821608040201,0.3021108179419525,0.42839195979899497,0.45603015075376885,0.4007537688442211,0.1708542713567839,0.5678391959798995,0.5552763819095478,0.20351758793969849,0.4321608040201005,0.5175879396984925,0.10552763819095477,0.3743718592964824,0.7018469656992085,0.13316582914572864,0.45226130653266333,0.4899497487437186,.233,.375,11,11,27.27272727272727,90.4,39.6,24,19.1,25.3,.248,.342,.400,.315,6.849315068493151,10,16,6,2,31,3,35,281,71,47.87052810902896,70.60931899641577,82.23350253807106,12.095400340715502
Evan Fitterer,SDP,SP,25,120,105,484,.305,.318,0.592964824120603,0.5988487401828845,0.7289572864321608,0.7816622691292876,0.5841708542713567,0.4321608040201005,0.5628140703517588,0.657035175879397,0.4899497487437186,0.6394472361809045,0.9522613065326633,0.7437185929648241,0.3015075376884422,0.8743718592964824,0.1670854271356784,0.6319261213720316,0.21105527638190955,0.228643216080402,0.23115577889447236,.235,.338,4.9,11.7,28.40909090909091,83.8,33.3,20,5.3,21.2,.238,.333,.362,.291,3.333333333333333,4,14,5,1,25,2,24,226,48,46.69421487603306,68.63636363636364,85.43046357615893,9.917355371900827
Ryan Long,BAL,RP,26,87,77,326,.332,.432,0.5904522613065326,0.4094775769790024,0.18844221105527637,0.7981530343007915,0.3706030150753769,0.6796482412060302,0.11934673366834171,0.0942211055276382,0.5087939698492462,0.41959798994974873,0.2701005025125628,0.2701005025125628,0.5741206030150754,0.017587939698492462,0.7914572864321608,0.8522427440633246,0.010050251256281407,0.9346733668341709,0.8944723618090452,.209,.466,12.7,11.5,25.595238095238088,89.9,43.6,25.3,26.9,32.5,.273,.356,.662,.292,8.045977011494253,7,10,3,3,21,7,22,163,53,50,75.9493670886076,70.83333333333334,16.257668711656446
Mason Thompson,TEX,SP,28,70,62,281,.290,.334,0.5879396984924623,0.6261728607858995,0.7035175879396985,0.7816622691292876,0.7022613065326633,0.5804020100502513,0.5967336683417085,0.7135678391959799,0.7562814070351759,0.5037688442211056,0.6746231155778895,0.8291457286432161,0.45226130653266333,0.25879396984924624,0.664572864321608,0.3456464379947229,0.3203517587939699,0.7060301507537688,0.5954773869346733,.220,.331,4.3,8.6,26.66666666666667,87.5,30.4,22.9,16.6,29.8,.274,.357,.371,.356,2.8571428571428568,2,6,3,0,17,1,16,121,36,43.060498220640575,66.3793103448276,77.92207792207795,12.811387900355873
Andrew Morris,MIN,SP,24,27,25,126,.191,.200,0.585427135678392,0.5928477037783465,0.7845477386934674,0.8126649076517151,0.9899497487437185,0.9836683417085427,0.9535175879396985,0.6457286432160804,0.8467336683417085,0.05527638190954774,0.7035175879396985,0.835427135678392,0.23743718592964824,0.022613065326633167,0.02763819095477387,0.08179419525065962,0.8919597989949749,0.0942211055276382,0.016331658291457288,.130,.224,5,7.4,18.032786885245898,87.3,30,18.5,25.3,14.9,.160,.222,.200,.200,3.7037037037037033,1,2,1,0,4,0,5,47,7,37.3015873015873,55.384615384615394,88.8888888888889,5.5555555555555545
Logan Workman,TBR,SP,27,170,146,703,.320,.359,0.5829145728643216,0.46092765940520547,0.4522613065326633,0.5600263852242744,0.4635678391959799,0.42085427135678394,0.3844221105527638,0.30778894472361806,0.535175879396985,0.5904522613065326,0.5829145728643216,0.5339195979899497,0.5741206030150754,0.04020100502512563,0.5376884422110553,0.7361477572559367,0.052763819095477386,0.7638190954773869,0.6922110552763819,.237,.382,8.5,11.2,27.70448548812665,88.1,37.7,25.3,22.5,27.9,.267,.355,.452,.327,5.294117647058823,9,19,6,0,39,7,43,340,95,48.364153627311524,72.53086419753086,76.59574468085106,13.513513513513516
Dylan Dodd,ATL,RP,27,43,41,187,.367,.425,0.5804020100502513,0.4897246235575415,0.14258793969849246,0.4960422163588391,0.17587939698492464,0.3957286432160804,0.01507537688442211,0.002512562814070352,0.9798994974874372,0.992462311557789,0.09673366834170855,0.45603015075376885,0.9874371859296482,0.38567839195979897,0.8932160804020101,0.9327176781002638,0.5628140703517588,0.8894472361809045,0.9623115577889447,.240,.598,26.1,4.7,41.935483870967744,91.7,39.1,41.9,14.5,35.7,.317,.349,.634,.474,13.953488372093025,6,2,1,0,13,4,18,98,35,52.40641711229946,62.76595744680851,72.88135593220339,18.71657754010695
Logan VanWey,HOU,RP,27,68,59,265,.259,.347,0.5778894472361809,0.6500068504351132,0.6334798994974874,0.40435356200527706,0.8819095477386935,0.8605527638190955,0.7223618090452262,0.36432160804020103,0.7324120603015075,0.8467336683417085,0.7035175879396985,0.7437185929648241,0.7273869346733668,0.27889447236180903,0.5339195979899497,0.8693931398416886,0.20854271356783918,0.7562814070351759,0.7361809045226131,.180,.305,7.7,8.8,32.089552238805965,87.3,33.3,27.9,16.1,27.8,.271,.338,.458,.350,4.411764705882354,3,6,3,1,16,2,19,133,37,50.18867924528302,68.70229007633588,76.66666666666667,13.962264150943394
Reidis Sena,BOS,SP,25,54,38,225,.364,.417,0.5753768844221105,0.3864324922766869,0.2930276381909548,0.7816622691292876,0.18592964824120603,0.8492462311557789,0.5741206030150754,0.36432160804020103,0.01507537688442211,0.08040201005025126,0.056532663316582916,0.1771356783919598,0.41708542713567837,0.3241206030150754,0.8115577889447236,0.04221635883905013,0.8743718592964824,0.6005025125628141,0.35804020100502515,.182,.336,7.7,29.6,19.11764705882353,92.3,46.2,22.2,15.4,32.9,.237,.463,.447,.292,3.7037037037037033,2,16,2,0,9,2,12,76,25,33.77777777777778,56.17977528089889,80,11.111111111111109
Drew Rom,MIL,RP,26,82,71,357,.288,.288,0.5728643216080402,0.5918557718230556,0.5361180904522612,0.3133245382585752,0.7211055276381909,0.6231155778894473,0.6695979899497487,0.48743718592964824,0.7688442211055276,0.47738693467336685,0.5640703517587939,0.42336683417085424,0.8768844221105527,0.6482412060301508,0.5288944723618091,0.4538258575197889,0.6934673366834171,0.6432160804020101,0.5100502512562815,.216,.318,6.7,8.5,26.34730538922156,88.2,40,32.9,9.9,27.7,.239,.321,.296,.364,3.6585365853658534,3,7,1,0,17,1,27,159,44,44.537815126050425,60.526315789473685,79.13043478260869,12.324929971988794
Christian Romero,LAD,SP,23,159,143,596,.302,.350,0.5703517587939698,0.4726236724519696,0.6042713567839195,0.7631926121372031,0.6092964824120602,0.2864321608040201,0.5,0.7135678391959799,0.8391959798994975,0.27889447236180903,0.664572864321608,0.5389447236180904,0.08542713567839195,0.3316582914572864,0.06030150753768844,0.6952506596306068,0.2185929648241206,0.23115577889447236,0.10804020100502512,.253,.350,4.3,7.5,23.91304347826087,87.6,37.6,15.1,15.3,17.2,.301,.365,.413,.342,3.1446540880503147,5,12,7,0,43,3,24,285,49,47.81879194630873,68.4375,85.38812785388129,8.221476510067115
Andrew Alvarez,WSN,SP,26,144,128,577,.313,.325,0.5678391959798995,0.46181932087880034,0.2346105527638191,0.2315303430079156,0.5251256281407035,0.4861809045226131,0.38819095477386933,0.27638190954773867,0.5527638190954773,0.6080402010050251,0.16080402010050251,0.11306532663316583,0.8278894472361809,0.7437185929648241,0.628140703517588,0.2480211081794195,0.8190954773869347,0.37185929648241206,0.49748743718592964,.230,.381,9,11.1,27.936507936507937,90.9,48.7,31.3,8.1,29.3,.219,.306,.422,.276,4.8611111111111125,7,16,5,0,28,7,45,239,70,41.421143847487,57.63358778625955,83.44370860927151,12.131715771230507
Trevor Kuncl,CIN,RP,27,73,61,316,.314,.336,0.5653266331658291,0.46456695305905077,0.3222361809045226,0.6853562005277045,0.507537688442211,0.5678391959798995,0.6017587939698492,0.38567839195979897,0.22989949748743718,0.5841708542713567,0.08542713567839195,0.21608040201005024,0.6984924623115578,0.15326633165829145,0.8592964824120602,0.5633245382585752,0.8618090452261307,0.8517587939698492,0.8618090452261307,.222,.330,7.5,16.4,27.58620689655172,91.8,45,27.4,18.3,34.5,.230,.356,.377,.325,4.10958904109589,3,12,4,1,14,1,20,145,50,45.8860759493671,56.49999999999999,74.3362831858407,15.822784810126587
Ryan Cusick,PHI,SP,26,136,105,558,.343,.336,0.5628140703517588,0.46862749322690855,0.42776381909547745,0.7981530343007915,0.28391959798994976,0.6620603015075377,0.6532663316582915,0.33040201005025127,0.1457286432160804,0.20351758793969849,0.40326633165829145,0.3241206030150754,0.48743718592964824,0.6231155778894473,0.7085427135678392,0.13060686015831136,0.7663316582914573,0.5904522613065326,0.4510050251256281,.211,.321,8.1,19.1,22.653721682847895,89.1,41.9,23.5,10.5,30.6,.200,.375,.333,.243,3.6764705882352944,5,26,2,0,21,4,32,216,66,38.70967741935485,58.63453815261044,80.13698630136986,11.827956989247312
Duncan Davitt,CHW,SP,26,101,88,394,.355,.429,0.5603015075376885,0.3569220332091416,0.1611180904522613,0.4426121372031662,0.23241206030150754,0.23115577889447236,0.15577889447236182,0.08668341708542714,0.5753768844221105,0.4886934673366834,0.19095477386934673,0.21105527638190955,0.5954773869346733,0.44472361809045224,0.628140703517588,0.5672823218997362,0.7060301507537688,0.6859296482412061,0.6834170854271356,.261,.449,12.9,10.9,26.506024096385545,90.5,45.2,25.7,13.6,29.3,.307,.396,.591,.375,7.920792079207921,8,11,7,0,27,6,26,181,53,45.93908629441625,60.08771929824561,78.1021897810219,13.451776649746193
Ryan Murphy,STL,RP,26,26,23,104,.288,.369,0.5577889447236181,0.6984615248626597,0.8269472361809045,0.5448548812664907,0.7211055276381909,0.45603015075376885,0.75,0.5804020100502513,0.821608040201005,0.5552763819095478,0.9899497487437185,0.9874371859296482,0.4623115577889447,0.9560301507537688,0.5565326633165829,0.4366754617414248,0.5188442211055276,0.550251256281407,0.5326633165829145,.233,.298,5.9,7.7,27.27272727272727,81,17.6,23.1,0.5,28.3,.304,.385,.435,.412,3.8461538461538463,1,2,3,0,7,0,6,46,13,44.230769230769226,63.265306122448976,80.64516129032258,12.5
Kervin Castro,NYY,RP,27,62,57,237,.300,.264,0.5552763819095478,0.6156748452022646,0.6114949748743719,0.5112137203166227,0.6193467336683417,0.44221105527638194,0.27638190954773867,0.43844221105527637,0.9133165829145728,0.7663316582914573,0.7814070351758794,0.949748743718593,0.5339195979899497,0.507537688442211,0.6482412060301508,0.8918205804749341,0.04020100502512563,0.5728643216080402,0.8291457286432161,.234,.409,7.1,6.5,30.252100840336126,86.6,23.8,24.2,12.3,29.5,.211,.258,.333,.244,4.838709677419356,3,4,1,0,12,2,15,122,36,51.47679324894515,72.88135593220339,80.23255813953489,15.18987341772152
Antoine Kelly,LAD,RP,26,75,61,313,.283,.300,0.5527638190954773,0.6782762205928498,0.8768844221105527,0.9445910290237468,0.7675879396984925,0.7751256281407035,0.9296482412060302,0.7135678391959799,0.2550251256281407,0.17587939698492464,0.9170854271356784,0.9472361809045227,0.3731155778894472,0.7914572864321608,0.5489949748743719,0.20844327176781,0.5025125628140703,0.714824120603015,0.4108040201005025,.192,.236,4.3,16,22.222222222222218,84.4,23.9,21.3,7.3,28.1,.213,.347,.279,.267,2.666666666666667,2,12,1,0,13,1,16,128,36,40.89456869009585,63.38028169014085,77.7777777777778,11.501597444089455
Chris Murphy,CHW,SP,27,34,27,137,.334,.301,0.550251256281407,0.5162482376703217,0.6149497487437187,0.7816622691292876,0.3391959798994975,0.4321608040201005,0.6984924623115578,0.9547738693467337,0.19472361809045227,0.8957286432160804,0.38316582914572866,0.42336683417085424,0.33542713567839194,0.17839195979899497,0.5778894472361809,0.5751978891820579,0.6557788944723618,0.48743718592964824,0.635678391959799,.235,.311,0,17.6,33.33333333333333,89.2,40,20.6,17.9,28.6,.185,.353,.259,.250,0,0,6,2,0,5,0,7,63,18,45.985401459854025,61.29032258064516,81.57894736842105,13.138686131386864
Cade Gibson,MIA,RP,28,83,72,320,.258,.282,0.5477386934673367,0.8226262137424148,0.9312185929648241,0.2559366754617414,0.885678391959799,0.8404522613065326,0.8919597989949749,0.8957286432160804,0.9761306532663316,0.9371859296482412,0.964824120603015,0.9723618090452262,0.7135678391959799,0.6984924623115578,0.8391959798994975,0.4868073878627968,0.8492462311557789,0.5364321608040201,0.8341708542713567,.183,.251,2,4.8,34.883720930232556,83.2,20.4,27.7,9.1,34,.208,.313,.278,.292,1.2048192771084338,1,4,2,0,15,1,23,144,49,45,56.75675675675675,80.95238095238095,15.312500000000002
Joey Mancini,HOU,SP,26,65,47,259,.357,.354,0.5452261306532663,0.3912788988919973,0.2908291457286432,0.4604221635883905,0.2198492462311558,0.6620603015075377,0.46733668341708545,0.48743718592964824,0.11557788944723618,0.08793969849246232,0.05025125628140704,0.15829145728643215,0.7135678391959799,0.5515075376884422,0.7211055276381909,0.1266490765171504,0.5263819095477387,0.8768844221105527,0.4648241206030151,.211,.360,6.7,20,19.310344827586206,92.7,46.7,27.7,11.5,31,.213,.406,.340,.310,3.0769230769230766,2,13,1,1,10,1,18,100,31,38.61003861003861,63.157894736842096,73.6111111111111,11.969111969111973
TJ Shook,COL,RP,27,84,75,315,.231,.334,0.542713567839196,0.743730470735383,0.8611809045226131,0.3845646437994723,0.9597989949748744,0.9484924623115578,0.9057788944723618,0.7726130653266332,0.8618090452261307,0.8680904522613065,0.9045226130653267,0.8618090452261307,0.5087939698492462,0.24748743718592964,0.7010050251256281,0.9234828496042216,0.1984924623115578,0.714824120603015,0.871859296482412,.157,.247,3.6,7.1,32.41379310344827,84.5,29.1,23.8,17,30.5,.227,.310,.440,.255,2.380952380952381,2,6,4,0,17,4,20,164,50,52.06349206349207,68.82352941176471,77.7777777777778,15.873015873015873
Ty Madden,DET,SP,26,93,81,374,.321,.357,0.5402010050251256,0.37672697259383986,0.12971105527638194,0.4604221635883905,0.457286432160804,0.7374371859296482,0.22738693467336685,0.14949748743718594,0.41959798994974873,0.8040201005025126,0.07663316582914573,0.06532663316582915,0.4371859296482412,0.23869346733668342,0.4472361809045226,0.737467018469657,0.5376884422110553,0.292713567839196,0.6030150753768844,.203,.425,11.7,12.9,30.994152046783622,91.9,51.7,22.6,17.1,26.5,.259,.355,.444,.316,7.526881720430107,7,12,6,0,21,3,21,181,48,48.395721925133685,63.05418719211823,84.375,12.834224598930485
Dane Acker,TEX,SP,27,70,56,318,.339,.360,0.5376884422110553,0.4537700596208836,0.40703517587939697,0.3660949868073879,0.30778894472361806,0.45603015075376885,0.5917085427135679,0.6268844221105527,0.15829145728643215,0.3806532663316583,0.09673366834170855,0.3128140703517588,0.5414572864321608,0.7525125628140703,0.8542713567839196,0.2849604221635884,0.29396984924623115,0.7462311557788944,0.7763819095477387,.233,.333,5.3,18.6,25,91.7,42.1,24.3,7.9,34.3,.250,.400,.375,.342,2.8571428571428568,2,13,2,1,14,1,17,134,46,42.13836477987422,66.92307692307692,77.01149425287356,14.465408805031444
Kade Morris,ATH,SP,23,190,166,679,.331,.385,0.535175879396985,0.46107185001524775,0.5270100502512562,0.5831134564643801,0.3793969849246231,0.29773869346733667,0.2914572864321608,0.2675879396984925,0.6092964824120602,0.6834170854271356,0.8379396984924623,0.7110552763819096,0.23115577889447236,0.5012562814070352,0.13944723618090452,0.5817941952506597,0.3869346733668342,0.1984924623115578,0.17839195979899497,.252,.406,9.1,10.5,29.085872576177287,86,34.1,18.4,12.4,20.4,.289,.374,.500,.323,6.315789473684211,12,20,9,1,48,8,35,313,64,46.09720176730486,65.40880503144653,86.05769230769229,9.425625920471283
Owen Murphy,ATL,SP,22,39,35,165,.389,.413,0.5326633165829145,0.22934731927005295,0.07851758793969849,0.2559366754617414,0.0942211055276382,0.07035175879396985,0.0364321608040201,0.020100502512562814,0.621859296482412,0.26884422110552764,0.13190954773869346,0.12562814070351758,0.32663316582914576,0.24748743718592964,0.5527638190954773,0.341688654353562,0.6608040201005025,0.9271356783919598,0.4937185929648241,.293,.537,18.5,10.3,23.75,91.2,48.1,20.5,17,28.2,.286,.359,.600,.292,12.82051282051282,5,4,0,1,10,3,8,71,20,43.03030303030303,61.17647058823529,71.15384615384616,12.12121212121212
Domingo Gonzalez,SEA,RP,26,58,53,220,.275,.234,0.5301507537688442,0.6744836208306263,0.6746231155778893,0.4254617414248021,0.8203517587939698,0.6557788944723618,0.7889447236180904,0.38567839195979897,0.9962311557788944,0.7902010050251256,0.8668341708542714,0.657035175879397,0.5251256281407035,0.7989949748743719,0.38316582914572866,0.8522427440633246,0.2814070351758794,0.20603015075376885,0.5829145728643216,.212,.289,7.5,3.4,30.76923076923077,85.4,35,24.1,7.2,25.5,.208,.241,.283,.268,5.172413793103448,3,2,4,0,11,0,14,110,28,50,67.24137931034483,85.8974358974359,12.727272727272727
Gavin Hollowell,CHC,RP,28,39,32,159,.299,.311,0.5276381909547738,0.6194406509239249,0.31972361809045224,0.7209762532981531,0.6256281407035176,0.9422110552763819,0.5628140703517588,0.017587939698492462,0.2751256281407035,0.8266331658291457,0.44095477386934673,0.25753768844221103,0.9798994974874372,0.7989949748743719,0.9849246231155779,0.5079155672823219,0.9346733668341709,0.9974874371859297,0.9673366834170855,.159,.338,18.8,15.4,31.578947368421048,88.9,43.8,41,7.2,43.1,.156,.308,.375,.267,7.6923076923076925,3,6,2,1,5,1,16,72,31,45.283018867924525,52.941176470588246,61.111111111111114,19.49685534591195
Tyler Davis,CHW,RP,27,30,25,111,.298,.245,0.5251256281407035,0.49199244905265105,0.4415829145728643,0.8687335092348285,0.6407035175879398,0.4045226130653266,0.5,0.6268844221105527,0.6582914572864321,0.3241206030150754,0.49874371859296485,0.1407035175879397,0.47110552763819097,0.07788944723618091,0.6922110552763819,0.8786279683377308,0.23618090452261306,0.8015075376884422,0.8366834170854272,.239,.350,5.3,10,24.444444444444446,88.6,47.4,23.3,20.1,30.4,.200,.267,.280,.250,3.333333333333333,1,3,0,1,5,0,7,56,17,50.45045045045045,68.18181818181817,75.55555555555556,15.315315315315313
Ryan Bergert,KCR,SP,26,41,36,185,.433,.319,0.5226130653266332,0.3241048580634041,0.16959798994974873,0.4960422163588391,0.035175879396984924,0.035175879396984924,0.01256281407035176,0.005025125628140704,0.4610552763819096,0.9949748743718593,0.3592964824120603,0.3015075376884422,0.5464824120603015,0.4535175879396985,0.1884422110552764,0.6517150395778364,0.9849246231155779,0.714824120603015,0.271356783919598,.321,.616,23.1,12.2,42.105263157894726,89.4,42.3,24.4,13.5,21.8,.222,.317,.389,.280,14.634146341463413,6,5,3,0,8,1,10,87,19,47.02702702702703,49.21875,77.7777777777778,10.27027027027027
Andrew Pérez,KCR,SP,28,69,57,284,.283,.277,0.5201005025125628,0.6193389993061172,0.6454145728643217,0.5112137203166227,0.7675879396984925,0.8693467336683417,0.785175879396985,0.38567839195979897,0.314070351758794,0.6758793969849246,0.7537688442211056,0.657035175879397,0.6168341708542714,0.16331658291457288,0.9321608040201005,0.2519788918205805,0.7311557788944724,0.8932160804020101,0.8693467336683417,.177,.290,7.5,14.5,28.915662650602414,86.8,35,26.1,18.1,38.1,.175,.304,.281,.231,4.3478260869565215,3,10,3,0,10,1,18,118,45,41.54929577464789,59.32203389830508,72.85714285714283,15.845070422535212
Richard Fitts,STL,SP,26,61,53,231,.311,.298,0.5175879396984925,0.4905524765427843,0.6281407035175879,0.8225593667546174,0.5464824120603015,0.34296482412060303,0.6331658291457286,0.45603015075376885,0.6721105527638191,0.3178391959798995,0.49874371859296485,0.9246231155778895,0.2022613065326633,0.23869346733668342,0.23115577889447236,0.4920844327176781,0.2135678391959799,0.3379396984924623,0.28391959798994976,.247,.325,7,9.8,24.39024390243902,88.6,25.6,18,17.1,23.1,.245,.328,.321,.302,4.918032786885246,3,6,4,0,13,0,11,104,24,45.02164502164502,68.51851851851852,83.7837837837838,10.389610389610391
Jordan Wicks,CHC,SP,26,76,66,291,.357,.454,0.5150753768844221,0.37121706819055705,0.36809045226130654,0.40435356200527706,0.2198492462311558,0.13944723618090452,0.12311557788944724,0.16331658291457288,0.6092964824120602,0.7324120603015075,0.38316582914572866,0.8027638190954773,0.11306532663316583,0.06281407035175879,0.7010050251256281,0.9129287598944592,0.04773869346733668,0.6959798994974874,0.8592964824120602,.274,.464,11.1,10.5,29.78723404255319,89.2,31.5,15.8,20.8,30.5,.348,.421,.636,.373,7.894736842105262,6,8,5,1,23,4,12,151,46,51.890034364261176,72.66666666666667,77.9816513761468,15.807560137457044
Yosver Zulueta,SEA,RP,28,61,50,259,.298,.351,0.5125628140703518,0.6728743210334874,0.5690954773869346,0.9551451187335092,0.6407035175879398,0.7173366834170855,0.8291457286432161,0.5376884422110553,0.2964824120603015,0.5552763819095478,0.6520100502512562,0.25753768844221103,0.7751256281407035,0.9824120603015075,0.8756281407035176,0.3594986807387863,0.5477386934673367,0.628140703517588,0.8165829145728644,.205,.276,6.2,14.8,27.27272727272727,87.7,43.8,29.5,"'-1.5",34.8,.260,.393,.360,.406,3.278688524590164,2,9,5,0,13,0,18,112,39,43.24324324324325,62.93103448275862,79.45205479452055,15.05791505791506
Ricky Castro,MIN,RP,26,25,23,111,.375,.387,0.5100502512562815,0.3898800842382537,0.08668341708542714,0.5956464379947229,0.14195979899497488,0.02763819095477387,0.09170854271356783,0.11055276381909548,0.8040201005025126,0.8793969849246231,0.052763819095477386,0.09170854271356783,0.7324120603015075,0.6017587939698492,0.5489949748743719,0.8891820580474934,0.07788944723618091,0.3103015075376884,0.7738693467336684,.325,.483,12.5,8,32.75862068965517,92.5,50,28,10.9,28.1,.304,.360,.522,.400,8,2,2,2,0,7,1,7,57,16,51.35135135135135,71.69811320754717,84.21052631578947,14.414414414414413
Carson Seymour,SFG,SP,27,143,128,517,.302,.330,0.507537688442211,0.5730565757547632,0.5486809045226131,0.8641160949868074,0.6092964824120602,0.4748743718592965,0.40703517587939697,0.5804020100502513,0.8706030150753769,0.5175879396984925,0.6394472361809045,0.5678391959798995,0.2600502512562814,0.8077889447236181,0.2776381909547739,0.5923482849604221,0.2613065326633166,0.2185929648241206,0.3492462311557789,.231,.374,5.9,7,26.838235294117645,87.8,37.3,18.9,7,23.8,.258,.329,.406,.296,4.195804195804196,6,10,7,0,33,4,27,239,57,46.228239845261115,67.75510204081633,85.5421686746988,11.02514506769826
Gerardo Carrillo,ARI,RP,27,81,66,315,.379,.385,0.5050251256281407,0.5488817217132275,0.48743718592964824,0.9320580474934036,0.11934673366834171,0.12939698492462312,0.21231155778894473,0.15326633165829145,0.5527638190954773,0.6884422110552764,0.8731155778894473,0.7110552763819096,0.6859296482412061,0.8153266331658291,0.7135678391959799,0.6800791556728232,0.2989949748743719,0.5552763819095478,0.7864321608040201,.277,.429,11.4,11.1,29.192546583850927,85.3,34.1,27.2,6.9,30.7,.258,.395,.455,.341,6.172839506172839,5,9,4,0,17,3,22,150,46,47.61904761904761,66.88311688311688,80.58252427184465,14.603174603174605
Houston Roth,SEA,RP,28,65,58,266,.253,.213,0.5025125628140703,0.6077474001493837,0.5160175879396984,0.2816622691292876,0.907035175879397,0.9359296482412061,0.7097989949748744,0.1771356783919598,0.585427135678392,0.7939698492462312,0.40326633165829145,0.7738693467336684,0.8618090452261307,0.02763819095477387,0.835427135678392,0.6226912928759895,0.535175879396985,0.8492462311557789,0.8567839195979899,.160,.309,10.8,10.8,30.882352941176467,89.1,32.4,32.3,23.5,33.9,.103,.200,.259,.114,6.153846153846153,4,7,3,0,6,2,21,124,42,46.61654135338347,63.07692307692307,74.39024390243901,15.789473684210524
Drey Jameson,ARI,RP,28,72,61,256,.292,.352,0.5,0.6854840937316308,0.698178391959799,0.9406332453825856,0.6846733668341709,0.5678391959798995,0.7449748743718593,0.8819095477386935,0.3454773869346734,0.8957286432160804,0.8165829145728644,0.3492462311557789,0.41708542713567837,0.6884422110552764,0.8932160804020101,0.8759894459102903,0.5527638190954773,0.9321608040201005,0.9346733668341709,.222,.300,2.2,13.9,33.33333333333333,86.2,41.3,22.2,9.2,35.7,.262,.361,.426,.318,1.3888888888888888,1,10,4,0,16,2,16,129,46,50.390625,62.83783783783784,70.96774193548387,17.96875
Sam Aldegheri,LAA,SP,24,132,116,515,.293,.376,0.49748743718592964,0.46537105050317557,0.4996859296482412,0.2427440633245383,0.6771356783919598,0.5100502512562815,0.5238693467336684,0.5062814070351759,0.6017587939698492,0.36432160804020103,0.49874371859296485,0.46984924623115576,0.2600502512562814,0.5917085427135679,0.3379396984924623,0.4379947229551451,0.3341708542713568,0.34673366834170855,0.33542713567839194,.228,.345,6.5,10.6,24.908424908424912,88.6,38.7,18.9,11,24.6,.284,.356,.509,.318,4.545454545454546,6,14,7,2,33,5,25,228,56,44.27184466019417,66.11570247933885,83.75,10.87378640776699
Chandler Champlain,WSN,SP,26,116,109,447,.286,.236,0.4949748743718593,0.4457917887590989,0.3743718592964824,0.2816622691292876,0.7449748743718593,0.3957286432160804,0.4585427135678392,0.5603015075376885,0.9660804020100503,0.1984924623115578,0.20351758793969849,0.2751256281407035,0.3417085427135678,0.5012562814070352,0.4221105527638191,0.7031662269129287,0.15326633165829145,0.5703517587939698,0.5402010050251256,.240,.361,6,5.2,22.59615384615385,90.4,43.4,20.7,12.4,26.2,.183,.233,.284,.207,4.310344827586206,5,6,2,0,20,3,24,214,56,47.874720357941825,69.87447698744771,80.23952095808383,12.527964205816556
Mike Paredes,MIN,SP,25,75,71,272,.343,.352,0.49246231155778897,0.4605177382073074,0.4858668341708543,0.40435356200527706,0.28391959798994976,0.12060301507537688,0.10552763819095477,0.45603015075376885,0.9597989949748744,0.6733668341708543,0.7311557788944724,0.6507537688442211,0.24623115577889448,0.678391959798995,0.21608040201005024,0.908970976253298,0.06030150753768844,0.17839195979899497,0.4472361809045226,.280,.474,7,5.3,28.90625,87,35.1,18.7,9.4,22.7,.282,.320,.479,.302,5.333333333333334,4,4,2,0,20,4,14,141,32,51.83823529411765,72.2222222222222,86.53846153846155,11.764705882352938
Isaac Coffey,BOS,SP,25,75,68,299,.308,.315,0.4899497487437186,0.42884082903523774,0.4783291457286432,0.12598944591029024,0.5665829145728644,0.45603015075376885,0.34045226130653267,0.3165829145728643,0.7022613065326633,0.3542713567839196,0.7035175879396985,0.5527638190954773,0.6532663316582915,0.020100502512562814,0.3542713567839196,0.5514511873350924,0.23115577889447236,0.25879396984924624,0.39195979899497485,.233,.395,8.3,9.3,24.675324675324674,87.3,37.5,26.7,26.1,24.8,.235,.307,.397,.304,5.333333333333334,4,7,5,0,16,2,20,137,34,45.81939799331104,68.27586206896552,84.84848484848484,11.371237458193981
Michael Darrell-Hicks,FA,SP,28,62,56,247,.291,.296,0.48743718592964824,0.6179001317051397,0.4921482412060302,0.570580474934037,0.6922110552763819,0.7173366834170855,0.41457286432160806,0.20854271356783918,0.7939698492462312,0.8228643216080402,0.6017587939698492,0.7437185929648241,0.6030150753768844,0.5163316582914573,0.7298994974874372,0.4300791556728232,0.5942211055276382,0.03015075376884422,0.7135678391959799,.205,.372,10.3,8.1,31.50684931506849,88,33.3,25.8,12.1,31.2,.196,.274,.393,.237,6.451612903225807,4,5,1,2,11,2,16,109,34,44.129554655870436,62.37623762376238,92.06349206349206,13.765182186234815
Eduarniel Núñez,ATH,RP,26,59,47,250,.305,.396,0.4849246231155779,0.5720864657500343,0.7506281407035176,0.9492084432717678,0.5841708542713567,0.7587939698492462,0.8542713567839196,0.8115577889447236,0.15829145728643215,0.11055276381909548,0.6520100502512562,0.6846733668341709,0.5816582914572864,0.16331658291457288,0.5565326633165829,0.06992084432717678,0.8165829145728644,0.5113065326633166,0.2889447236180904,.199,.270,3.1,18.6,20.143884892086326,87.7,34.4,25.4,18.1,28.3,.298,.441,.426,.438,1.6949152542372878,1,11,4,1,14,0,15,92,26,36.8,57.65765765765765,81.25,10.4
Luis Gastelum,STL,RP,24,91,74,366,.326,.322,0.4824120603015075,0.5689380278702219,0.7763819095477388,0.4604221635883905,0.4158291457286432,0.5251256281407035,0.5741206030150754,0.7726130653266332,0.3907035175879397,0.5879396984924623,0.9422110552763819,0.8165829145728644,0.2889447236180904,0.6984924623115578,0.3542713567839196,0.4960422163588391,0.6532663316582915,0.4271356783919598,0.3743718592964824,.227,.336,3.6,13.2,27.683615819209038,84,30.9,19.8,9.1,24.8,.216,.356,.324,.259,2.1978021978021984,2,12,2,0,16,2,18,165,41,45.08196721311475,61.375661375661366,82.75862068965517,11.202185792349727
Jack Ralston,MIA,RP,28,86,75,353,.248,.209,0.4798994974874372,0.7260997158174337,0.8621231155778895,0.5448548812664907,0.9208542713567839,0.9133165829145728,0.8831658291457286,0.6909547738693468,0.4321608040201005,0.24623115577889448,0.9170854271356784,0.957286432160804,0.9334170854271356,0.3241206030150754,0.949748743718593,0.25725593667546176,0.9472361809045227,0.9798994974874372,0.9020100502512562,.165,.255,4.5,12.8,23.308270676691734,84.4,22.7,36,15.4,39.5,.133,.244,.173,.209,2.3255813953488373,2,11,0,0,10,1,31,147,58,41.643059490084994,52.72727272727272,66.3793103448276,16.430594900849858
Caden Dana,LAA,SP,22,68,60,293,.318,.298,0.47738693467336685,0.3195078846298334,0.17964824120603015,0.6431398416886543,0.4748743718592965,0.6331658291457286,0.20351758793969849,0.07160804020100503,0.621859296482412,0.06532663316582915,0.21733668341708542,0.22613065326633167,0.48743718592964824,0.0728643216080402,0.11683417085427136,0.2387862796833773,0.29020100502512564,0.1721105527638191,0.09547738693467336,.215,.434,13.3,10.3,18.58974358974359,90.3,44.4,23.5,20.3,19,.183,.269,.400,.195,8.823529411764708,6,7,4,0,11,3,16,121,23,41.29692832764505,67.15328467153284,86.95652173913044,7.8498293515358375
Robinson Ortiz,SEA,RP,26,66,53,284,.306,.249,0.4748743718592965,0.6603294617325856,0.891645728643216,0.6701846965699209,0.5791457286432161,0.7022613065326633,0.8630653266331658,0.8316582914572864,0.18090452261306533,0.5703517587939698,0.957286432160804,0.914572864321608,0.6030150753768844,0.7839195979899497,0.2675879396984925,0.183377308707124,0.9271356783919598,0.3379396984924623,0.1884422110552764,.206,.266,2.9,18.2,27.397260273972602,83.6,26.5,25.8,7.4,23.7,.151,.318,.151,.222,1.5151515151515151,1,12,0,0,8,0,17,114,27,40.14084507042253,53.62318840579711,83.7837837837838,9.507042253521126
Marc Church,TEX,RP,25,53,41,211,.369,.489,0.4723618090452261,0.45874795039401056,0.7490577889447237,0.854221635883905,0.16080402010050251,0.27386934673366836,0.4007537688442211,0.8115577889447236,0.09296482412060302,0.2663316582914573,0.8165829145728644,0.9673366834170855,0.16457286432160803,0.21105527638190955,0.4849246231155779,0.6715039577836411,0.005025125628140704,0.5590452261306532,0.592964824120603,.254,.375,3.1,20.8,23.728813559322035,86.2,21.9,17,17.4,27,.366,.509,.610,.433,1.8867924528301887,1,11,4,0,15,2,9,100,27,47.39336492890995,77.4193548387097,80.55555555555556,12.796208530805686
Griff McGarry,LAD,RP,26,59,40,260,.333,.355,0.46984924623115576,0.6198223969451478,0.7581658291457286,0.6853562005277045,0.35678391959798994,0.9447236180904522,0.9773869346733668,0.9547738693467337,0.010050251256281407,0.010050251256281407,0.5477386934673367,0.5527638190954773,0.6796482412060302,0.8530150753768844,0.8655778894472361,0.017150395778364115,0.9020100502512562,0.8417085427135679,0.31909547738693467,.158,.197,0,30.5,14.379084967320258,88.3,37.5,27.1,6.1,34.6,.175,.441,.250,.261,0,0,18,0,0,7,1,16,81,28,31.153846153846153,55.14018691588785,74.57627118644069,10.769230769230768
Sam Benschoter,CIN,SP,28,99,91,376,.316,.411,0.46733668341708545,0.4638711366860689,0.2914572864321608,0.7209762532981531,0.4849246231155779,0.1922110552763819,0.2914572864321608,0.45603015075376885,0.8618090452261307,0.8680904522613065,0.15201005025125627,0.2663316582914573,0.30904522613065327,0.5577889447236181,0.4057788944723618,0.7401055408970977,0.7751256281407035,0.4020100502512563,0.5326633165829145,.265,.406,7,7.1,32.41379310344827,91,43.7,20.2,11.4,25.8,.341,.384,.560,.397,5.05050505050505,5,7,8,0,31,4,20,182,47,48.40425531914894,58.441558441558435,82.96296296296295,12.5
Lucas Braun,ATL,SP,24,131,117,515,.319,.322,0.4648241206030151,0.41428006346596663,0.42430904522613067,0.2816622691292876,0.46984924623115576,0.2449748743718593,0.36432160804020103,0.5376884422110553,0.8291457286432161,0.7638190954773869,0.34673366834170855,0.4484924623115578,0.11683417085427136,0.3731155778894472,0.19472361809045227,0.8047493403693932,0.07537688442211055,0.14321608040201006,0.33542713567839194,.259,.387,6.2,7.6,30.215827338129497,89.5,39.2,16,14.8,22,.256,.328,.385,.287,4.580152671755725,6,10,6,0,30,3,21,254,56,49.32038834951457,71.72995780590719,87.64705882352942,10.87378640776699
Yu-Min Lin,ARI,SP,22,135,114,534,.341,.356,0.4623115577889447,0.39346855208319526,0.48837939698492466,0.3660949868073879,0.29396984924623115,0.21482412060301506,0.36432160804020103,0.7876884422110553,0.2964824120603015,0.5477386934673367,0.4648241206030151,0.33668341708542715,0.26884422110552764,0.5414572864321608,0.23869346733668342,0.38060686015831136,0.5062814070351759,0.12311557788944724,0.2562814070351759,.263,.387,3.4,14.8,27.2108843537415,88.8,41.6,19.3,11.7,23.3,.289,.393,.386,.364,2.2222222222222223,3,20,8,0,33,1,26,232,54,43.44569288389513,63.33333333333333,88.1578947368421,10.112359550561797
Trenton Denholm,CLE,SP,26,158,140,563,.296,.355,0.45979899497487436,0.5188701864644242,0.5728643216080402,0.4802110817941953,0.6608040201005025,0.6231155778894473,0.40954773869346733,0.3165829145728643,0.7223618090452262,0.4334170854271357,0.8027638190954773,0.7625628140703518,0.314070351758794,0.5263819095477387,0.17462311557788945,0.4973614775725594,0.8241206030150754,0.5804020100502513,0.19597989949748743,.216,.373,8.3,8.9,25.791855203619914,86.4,33,20.3,12,21.3,.271,.342,.464,.301,5.69620253164557,9,14,4,1,38,7,32,254,54,45.115452930728246,57.602339181286546,80.20304568527919,9.591474245115453
Braxton Garrett,MIA,SP,28,119,95,467,.302,.238,0.457286432160804,0.6642328286109528,0.6991206030150754,0.26978891820580475,0.6092964824120602,0.8015075376884422,0.7185929648241206,0.5527638190954773,0.44221105527638194,0.7412060301507538,0.7814070351758794,0.7437185929648241,0.6168341708542714,0.8228643216080402,0.8706030150753769,0.3627968337730871,0.8969849246231156,0.8567839195979899,0.8065326633165829,.188,.306,6.1,12.6,29.864253393665162,86.6,33.3,26.1,6.8,34.7,.105,.269,.200,.111,3.361344537815126,4,15,0,0,10,3,31,202,70,43.25481798715203,55.28455284552846,74.26470588235293,14.989293361884368
Joey Estes,ATH,SP,24,162,139,657,.374,.358,0.4547738693467337,0.3188783627902043,0.3834798994974874,0.5112137203166227,0.14824120603015076,0.09170854271356783,0.1092964824120603,0.43844221105527637,0.4510050251256281,0.3944723618090452,0.5829145728643216,0.40326633165829145,0.15201005025125627,0.22989949748743718,0.314070351758794,0.6530343007915568,0.1407035175879397,0.6256281407035176,0.3944723618090452,.286,.473,7.1,12.3,25.147928994082843,88.1,40.7,16.7,17.2,24.3,.252,.352,.453,.278,4.938271604938271,8,20,9,2,35,5,27,309,75,47.03196347031963,70.21943573667711,79.46428571428571,11.415525114155251
Logan Allen,CLE,SP,27,147,129,606,.272,.330,0.45226130653266333,0.532634588951795,0.44597989949748745,0.2559366754617414,0.8379396984924623,0.792713567839196,0.7160804020100503,0.3379396984924623,0.49748743718592964,0.6934673366834171,0.34673366834170855,0.38316582914572866,0.7273869346733668,0.4798994974874372,0.3228643216080402,0.31266490765171506,0.9773869346733668,0.5527638190954773,0.2864321608040201,.189,.307,8,11.6,29.257641921397386,89.5,40.9,27.9,12.9,24.4,.240,.327,.411,.318,4.761904761904762,7,17,10,0,31,4,41,258,63,42.574257425742566,50.663129973474796,80.62827225130891,10.396039603960396
Brenan Hanifee,DET,RP,27,49,43,177,.332,.329,0.44974874371859297,0.50549636926939,0.2440326633165829,0.7631926121372031,0.3706030150753769,0.30904522613065327,0.2638190954773869,0.21733668341708542,0.6331658291457286,0.9271356783919598,0.40326633165829145,0.09170854271356783,0.5515075376884422,0.9434673366834171,0.5917085427135679,0.7948548812664907,0.44095477386934673,0.9195979899497487,0.7537688442211056,.251,.416,10,10.2,34.44444444444444,89.1,50,24.5,1,28.7,.256,.327,.419,.323,6.1224489795918355,3,5,2,1,11,1,12,87,25,49.152542372881356,64.36781609195403,71.42857142857143,14.124293785310734
Ryan Fernandez,STL,RP,27,44,41,186,.335,.268,0.4472361809045226,0.46461722641350994,0.2964824120603015,0.737467018469657,0.3278894472361809,0.13316582914572864,0.15577889447236182,0.46984924623115576,0.8881909547738693,0.9798994974874372,0.21733668341708542,0.34296482412060303,0.6922110552763819,0.15326633165829145,0.47738693467336685,0.8522427440633246,0.32914572864321606,0.11809045226130653,0.678391959798995,.276,.449,6.9,6.8,38.532110091743114,90.3,41.4,27.3,18.3,26.9,.220,.273,.317,.286,4.545454545454546,2,3,1,0,9,1,12,93,25,50,66.23376623376622,88.23529411764706,13.44086021505376
Brandon Neeck,PIT,RP,26,42,35,176,.322,.314,0.44472361809045224,0.4168619593128351,0.11337939698492462,0.40435356200527706,0.4484924623115578,0.8304020100502513,0.3316582914572864,0.03768844221105527,0.3241206030150754,0.8140703517587939,0.0364321608040201,0.04773869346733668,0.9522613065326633,0.0829145728643216,0.6922110552763819,0.14643799472295516,0.9824120603015075,0.02763819095477387,0.45979899497487436,.184,.397,15.8,14.3,31.31313131313132,93,52.6,38.1,20,30.4,.200,.333,.343,.333,7.142857142857142,3,6,0,1,7,1,16,69,21,39.20454545454545,49.35064935064935,92.10526315789473,11.931818181818182
Kyle Nicolas,CIN,RP,27,49,40,193,.323,.416,0.44221105527638194,0.5513578225339538,0.6312814070351759,0.9492084432717678,0.4396984924623116,0.5100502512562815,0.6633165829145728,0.48743718592964824,0.16834170854271358,0.04271356783919598,0.7650753768844221,0.6092964824120602,0.3203517587939699,0.7738693467336684,0.8869346733668342,0.17282321899736147,0.5791457286432161,0.9459798994974874,0.7412060301507538,.228,.319,6.7,18.4,17.525773195876287,86.7,36.7,20.4,7.5,35.1,.325,.449,.475,.414,4.081632653061225,2,9,3,0,13,1,10,77,27,39.89637305699482,62.5,70,13.989637305699482
Marques Johnson,SFG,RP,25,73,57,303,.256,.266,0.4396984924623116,0.6531475539527011,0.9428391959798994,0.40435356200527706,0.8907035175879398,0.9836683417085427,0.9698492462311558,0.8693467336683417,0.10804020100502512,0.25125628140703515,0.9422110552763819,0.9899497487437185,0.47110552763819097,0.4798994974874372,0.47738693467336685,0.4353562005277045,0.17336683417085427,0.23366834170854273,0.4547738693467337,.130,.200,2.4,20.5,23.49397590361446,84,17.1,23.3,12.9,26.9,.158,.329,.193,.220,1.3698630136986298,1,15,2,0,9,0,17,134,36,44.224422442244226,69.34306569343065,85.26315789473685,11.881188118811881
Ethan Bosacker,KCR,SP,25,74,60,306,.330,.387,0.4371859296482412,0.4983763363873015,0.6655150753768844,0.15765171503957784,0.3869346733668342,0.542713567839196,0.46733668341708545,0.32537688442211055,0.2449748743718593,0.4849246231155779,0.9296482412060302,0.9396984924623115,0.13442211055276382,0.7989949748743719,0.5678391959798995,0.3087071240105541,0.5791457286432161,0.7701005025125628,0.48743718592964824,.225,.360,8.2,16.2,26.470588235294123,84.3,24.5,16.2,7.2,28.5,.250,.378,.500,.244,5.405405405405406,4,12,3,0,15,4,12,130,37,42.48366013071895,62.5,76.47058823529412,12.091503267973854
Sean Sullivan,COL,SP,23,172,152,682,.294,.361,0.43467336683417085,0.45679530015954883,0.5891959798994975,0.0870712401055409,0.6683417085427136,0.4861809045226131,0.4849246231155779,0.4082914572864322,0.7022613065326633,0.7525125628140703,0.6520100502512562,0.8115577889447236,0.24246231155778894,0.08542713567839195,0.10050251256281408,0.6846965699208444,0.7713567839195979,0.20854271356783918,0.15326633165829145,.230,.354,7.4,9.3,30,87.7,31.1,18.6,19.9,18.8,.283,.349,.474,.316,5.232558139534883,9,16,9,1,43,6,32,325,61,47.65395894428153,58.53080568720379,85.82995951417004,8.944281524926687
Austin Peterson,CLE,SP,26,44,39,180,.302,.281,0.4321608040201005,0.5497396834657015,0.7066582914572864,0.3845646437994723,0.6092964824120602,0.5251256281407035,0.49120603015075376,0.46984924623115576,0.8881909547738693,0.7060301507537688,0.9685929648241206,0.8969849246231156,0.44221105527638194,0.12688442211055276,0.08793969849246232,0.16029023746701848,0.9547738693467337,0.13819095477386933,0.0678391959798995,.227,.353,6.9,6.8,29.411764705882355,83,27.6,22.7,18.8,18.3,.205,.295,.308,.250,4.545454545454546,2,3,1,0,8,1,10,71,13,39.444444444444436,52.564102564102576,87.8048780487805,7.222222222222222
Philip Abner,ARI,RP,24,49,41,179,.274,.262,0.4296482412060301,0.5482005453830278,0.8005653266331658,0.11609498680738785,0.8253768844221105,0.3278894472361809,0.7399497487437185,0.9547738693467337,0.785175879396985,0.12060301507537688,0.6846733668341709,0.8228643216080402,0.23115577889447236,0.7110552763819096,0.25879396984924624,0.8245382585751979,0.022613065326633167,0.5590452261306532,0.44472361809045224,.249,.301,0,8.2,20.48192771084337,87.4,30.6,18.4,8.8,23.6,.244,.292,.293,.286,0,0,4,2,0,10,0,9,89,21,49.72067039106145,75,80.55555555555556,11.731843575418994
Skylar Hales,STL,RP,24,73,59,286,.312,.368,0.4271356783919598,0.5649296946473794,0.7380653266331658,0.8344327176781002,0.5376884422110553,0.6419597989949749,0.7977386934673367,0.45603015075376885,0.22989949748743718,0.06281407035175879,0.9296482412060302,0.7688442211055276,0.47110552763819097,0.9057788944723618,0.14321608040201006,0.20976253298153036,0.6030150753768844,0.44221105527638194,0.12311557788944724,.214,.287,7,16.4,18.571428571428573,84.3,32.6,23.3,3.9,20.5,.288,.411,.390,.366,4.10958904109589,3,12,0,0,17,2,17,117,24,40.90909090909091,62.328767123287676,82.41758241758241,8.391608391608392
Trace Bright,BAL,SP,25,38,29,143,.369,.461,0.42462311557788945,0.32848665049080056,0.3706030150753769,0.5448548812664907,0.16080402010050251,0.2600502512562814,0.2675879396984925,0.6909547738693468,0.16834170854271358,0.4949748743718593,0.1407035175879397,0.38316582914572866,0.36055276381909546,0.2562814070351759,0.2135678391959799,0.3720316622691293,0.45979899497487436,0.4082914572864322,0.21105527638190955,.256,.414,4.5,18.4,26.58227848101265,91.1,40.9,21.1,16.7,22.6,.379,.500,.552,.476,2.631578947368421,1,7,2,0,11,1,8,62,14,43.35664335664335,64.0625,82.92682926829268,9.79020979020979
Cameron Foster,BAL,RP,27,49,42,198,.350,.481,0.4221105527638191,0.38925967789696064,0.08699748743718594,0.8344327176781002,0.2537688442211055,0.4748743718592965,0.0728643216080402,0.031407035175879394,0.6331658291457286,0.8329145728643216,0.12311557788944724,0.12060301507537688,0.6407035175879398,0.13442211055276382,0.5188442211055276,0.5725593667546174,0.8366834170854272,0.157035175879397,0.5678391959798995,.231,.494,16.1,10.2,31.818181818181817,91.3,48.4,26.5,18.7,27.5,.357,.408,.762,.429,10.20408163265306,5,5,4,2,15,3,13,91,25,45.95959595959596,57.27272727272727,87.30158730158729,12.626262626262625
Michael Sansone,FA,SP,26,64,55,229,.350,.321,0.41959798994974873,0.35972877801496494,0.37562814070351763,0.042875989445910284,0.2537688442211055,0.21482412060301506,0.14949748743718594,0.43844221105527637,0.5753768844221105,0.907035175879397,0.7035175879396985,0.21105527638190955,0.3944723618090452,0.04773869346733668,0.37814070351758794,0.8304749340369393,0.37185929648241206,0.48743718592964824,0.5753768844221105,.263,.450,7.1,10.9,33.628318584070804,87.3,45.2,21.9,22.1,25.4,.236,.328,.382,.275,4.6875,3,7,2,0,13,2,14,114,29,49.78165938864629,65.51724137931035,81.57894736842105,12.663755458515285
Joander Suarez,NYM,SP,26,44,35,190,.333,.452,0.41708542713567837,0.3328618134648617,0.17619346733668342,0.4604221635883905,0.35678391959798994,0.6507537688442211,0.36432160804020103,0.11055276381909548,0.18090452261306533,0.24120603015075376,0.04271356783919598,0.1871859296482412,0.6922110552763819,0.22989949748743718,0.47738693467336685,0.21899736147757254,0.6959798994974874,0.3542713567839196,0.3542713567839196,.213,.387,12.5,18.2,23.232323232323232,92.9,45.8,27.3,17.2,26.9,.314,.432,.629,.381,6.8181818181818175,3,8,2,0,11,3,12,78,21,41.05263157894737,60.439560439560445,83.63636363636363,11.052631578947368
Andrew Walling,PHI,SP,26,57,43,242,.389,.440,0.41457286432160806,0.4107018160282503,0.3558417085427136,0.737467018469657,0.0942211055276382,0.3592964824120603,0.23743718592964824,0.36432160804020103,0.038944723618090454,0.16834170854271358,0.7814070351758794,0.04020100502512563,0.7361809045226131,0.9371859296482412,0.4334170854271357,0.14907651715039574,0.628140703517588,0.27261306532663315,0.27889447236180903,.245,.422,7.7,24.6,21.897810218978105,86.6,53.8,28.1,1.5,26.3,.302,.474,.512,.440,3.5087719298245608,2,14,3,0,13,2,16,95,25,39.256198347107436,61.904761904761905,84.61538461538461,10.330578512396695
Yerry De los Santos,NYY,SP,28,69,59,256,.290,.284,0.4120603015075377,0.5723853436045664,0.5028266331658291,0.7480211081794196,0.7022613065326633,0.49748743718592964,0.6243718592964824,0.45603015075376885,0.6444723618090452,0.4007537688442211,0.2701005025125628,0.6608040201005025,0.6168341708542714,0.8454773869346733,0.4020100502512563,0.3139841688654353,0.678391959798995,0.3103015075376884,0.3454773869346734,.229,.326,7,10.1,25.190839694656486,89.9,34.9,26.1,6.3,25.7,.220,.309,.305,.293,4.3478260869565215,3,7,2,0,13,1,18,109,28,42.578125,60.8,84.21052631578947,10.9375
Ryan Rolison,CHC,RP,28,36,31,154,.307,.355,0.40954773869346733,0.7111119029624818,0.9152010050251256,0.6589709762532981,0.5741206030150754,0.2449748743718593,0.7550251256281407,0.9547738693467337,0.3454773869346734,0.3806532663316583,0.9761306532663316,0.9748743718592965,0.8052763819095478,0.964824120603015,0.8982412060301508,0.2532981530343008,0.4849246231155779,0.7776381909547738,0.7989949748743719,.259,.297,0,13.9,25,82.5,20,30.6,0.2,35.9,.290,.389,.387,.450,0,0,5,3,0,9,0,11,64,23,41.558441558441565,63.63636363636363,76.19047619047619,14.935064935064936
Luke Little,CHC,RP,25,61,42,246,.366,.361,0.40703517587939697,0.5118465568829195,0.535175879396985,0.5831134564643801,0.18216080402010051,0.75,0.792713567839196,0.7876884422110553,0.038944723618090454,0.3806532663316583,0.21733668341708542,0.34296482412060303,0.4585427135678392,0.9698492462311558,0.6381909547738693,0.24934036939313986,0.5226130653266332,0.36055276381909546,0.5025125628140703,.200,.288,3.4,24.6,25,90.3,41.4,23,"'-0.6",29.4,.214,.443,.286,.310,1.639344262295082,1,15,3,0,9,0,14,102,30,41.46341463414634,63.20754716981133,83.5820895522388,12.19512195121951
Brendan Cellucci,TOR,RP,27,50,41,208,.297,.402,0.4045226130653266,0.6250983368911399,0.5188442211055276,0.6431398416886543,0.6545226130653267,0.8492462311557789,0.6595477386934674,0.2675879396984925,0.2550251256281407,0.6331658291457286,0.7650753768844221,0.38316582914572866,0.8505025125628141,0.9484924623115578,0.5917085427135679,0.2678100263852243,0.7010050251256281,0.5201005025125628,0.4723618090452261,.182,.320,9.1,16,28.33333333333333,86.7,40.9,32,0.9,28.7,.317,.420,.488,.458,4,2,8,1,0,13,2,16,87,25,41.82692307692308,60.22727272727273,81.13207547169812,12.019230769230768
Tyler Uberstine,BOS,SP,26,42,34,174,.304,.265,0.4020100502512563,0.5451269650804595,0.9249371859296482,0.5277044854881267,0.5904522613065326,0.7173366834170855,0.8241206030150754,0.9547738693467337,0.3241206030150754,0.031407035175879394,0.9761306532663316,0.9447236180904522,0.38316582914572866,0.09296482412060302,0.17462311557788945,0.3496042216358839,0.25879396984924624,0.6658291457286433,0.1658291457286432,.205,.277,0,14.3,16.666666666666664,82.5,24,21.4,19.6,21.3,.176,.333,.176,.240,0,0,6,0,0,6,0,9,75,16,43.103448275862064,67.77777777777779,78.68852459016394,9.195402298850574
Jonathan Pintaro,NYM,RP,28,91,78,372,.276,.288,0.39949748743718594,0.6153082916782683,0.5370603015075377,0.7480211081794196,0.8165829145728644,0.6922110552763819,0.7751256281407035,0.8957286432160804,0.4685929648241206,0.25879396984924624,0.23492462311557788,0.24246231155778894,0.8819095477386935,0.6155778894472361,0.7537688442211056,0.366754617414248,0.16834170854271358,0.3379396984924623,0.7085427135678392,.207,.294,2,12.1,23.58490566037736,90.1,44,33,10.7,31.7,.218,.308,.321,.327,1.0989010989010992,1,11,5,0,17,1,30,161,51,43.27956989247311,69.375,83.7837837837838,13.709677419354836
CJ Van Eyk,TOR,SP,27,140,123,560,.327,.338,0.3969849246231156,0.4654641390770918,0.5135050251256281,0.3845646437994723,0.4082914572864322,0.2449748743718593,0.33542713567839194,0.4082914572864322,0.7022613065326633,0.6708542713567839,0.5477386934673367,0.7625628140703518,0.38316582914572866,0.3241206030150754,0.41331658291457285,0.6200527704485488,0.8040201005025126,0.4183417085427136,0.5,.259,.396,7.4,9.3,28.899082568807334,88.3,33,21.4,15.4,26.1,.276,.357,.390,.355,5,7,13,7,2,34,1,30,261,68,46.60714285714286,57.894736842105274,82.82828282828281,12.142857142857142
Tanner Burns,CLE,RP,27,80,68,327,.324,.288,0.3944723618090452,0.4473433570667762,0.3417085427135679,0.737467018469657,0.42839195979899497,0.3869346733668342,0.4798994974874372,0.3165829145728643,0.35678391959798994,0.44221105527638194,0.3128140703517588,0.25753768844221103,0.5615577889447236,0.5263819095477387,0.5615577889447236,0.35092348284960423,0.5653266331658291,0.8190954773869347,0.5050251256281407,.241,.356,8.3,13.8,25.86206896551724,89.7,43.8,25,12,28.4,.206,.325,.279,.277,5,4,11,2,0,14,1,20,141,40,43.119266055045884,62.74509803921568,75,12.232415902140673
Juan Sanchez,SFG,RP,25,39,26,177,.357,.438,0.39195979899497485,0.524043922338164,0.8994974874371859,0.4254617414248021,0.2198492462311558,0.8668341708542714,0.9057788944723618,0.9547738693467337,0.007537688442211055,0.007537688442211055,0.8479899497487438,0.8894472361809045,0.32663316582914576,0.06030150753768844,0.7763819095477387,0.03364116094986808,0.7751256281407035,0.9296482412060302,0.314070351758794,.178,.247,0,30.8,14.000000000000002,85.8,27.8,20.5,21.2,32.2,.269,.513,.423,.353,0,0,12,1,0,7,1,8,59,19,33.33333333333333,58.441558441558435,71.1111111111111,10.734463276836157
Nolan Hoffman,PHI,RP,28,47,41,217,.216,.241,0.38944723618090454,0.7989808872860342,0.9035804020100503,0.40435356200527706,0.9748743718592965,0.9798994974874372,0.9874371859296482,0.6670854271356784,0.6017587939698492,0.6959798994974874,0.9623115577889447,0.9974874371859297,0.9711055276381909,0.7324120603015075,0.6130653266331658,0.3337730870712401,0.6884422110552764,0.4396984924623116,0.5251256281407035,.140,.191,4.8,10.6,29.268292682926827,83.3,14.3,40.4,8.3,29,.171,.277,.220,.318,2.127659574468085,1,5,2,0,7,0,19,93,27,42.857142857142854,60.63829787234043,82.45614035087719,12.442396313364055
Jacob Webb,PIT,RP,26,95,76,387,.389,.386,0.3869346733668342,0.3777468034985835,0.3128140703517588,0.6246701846965699,0.0942211055276382,0.20100502512562815,0.08542713567839195,0.08165829145728644,0.36683417085427134,0.5992462311557789,0.49874371859296485,0.585427135678392,0.5339195979899497,0.1407035175879397,0.7211055276381909,0.3740105540897098,0.41959798994974873,0.6733668341708543,0.6758793969849246,.264,.484,13,13.7,27.80269058295964,88.6,37,24.2,18.6,31,.263,.400,.461,.333,7.368421052631577,7,13,4,1,20,3,23,168,52,43.41085271317829,64.63414634146342,78.30188679245283,13.436692506459947
Trent Harris,SFG,RP,27,54,46,228,.356,.393,0.3844221105527638,0.4404429248264187,0.38976130653266333,0.6081794195250659,0.22738693467336685,0.10678391959798995,0.1708542713567839,0.29020100502512564,0.4108040201005025,0.7060301507537688,0.6017587939698492,0.4962311557788945,0.5251256281407035,0.5263819095477387,0.6155778894472361,0.5013192612137203,0.5891959798994975,0.699748743718593,0.6381909547738693,.283,.441,8.8,13,29.411764705882355,88,38.2,24.1,12,29.1,.326,.407,.478,.406,5.5555555555555545,3,7,1,0,15,2,13,103,30,45.17543859649122,62.38532110091744,77.94117647058823,13.157894736842106
Jack Little,DET,SP,28,68,58,266,.334,.345,0.38190954773869346,0.435287419949351,0.4968592964824121,0.40435356200527706,0.3391959798994975,0.23115577889447236,0.3241206030150754,0.878140703517588,0.4836683417085427,0.45979899497487436,0.3128140703517588,0.4723618090452261,0.4057788944723618,0.24748743718592964,0.664572864321608,0.6226912928759895,0.40954773869346733,0.6909547738693468,0.7286432160804021,.261,.400,2.3,11.8,26.190476190476193,89.7,38.6,22.1,17,29.8,.259,.338,.448,.286,1.4705882352941175,1,8,2,0,15,3,15,124,37,46.61654135338347,65,78.02197802197803,13.909774436090224
Sawyer Gipson-Long,DET,SP,28,87,78,304,.330,.355,0.3793969849246231,0.5219589592642192,0.4082914572864322,0.26978891820580475,0.3869346733668342,0.29773869346733667,0.1934673366834171,0.24371859296482412,0.8793969849246231,0.9698492462311558,0.5829145728643216,0.6130653266331658,0.23115577889447236,0.7474874371859297,0.8479899497487438,0.8522427440633246,0.2864321608040201,0.3806532663316583,0.9170854271356784,.252,.437,9.5,6.9,37.988826815642454,88.1,36.5,18.4,8,34.2,.269,.333,.474,.288,6.896551724137932,6,6,4,0,21,4,16,152,52,50,67.2,83.33333333333334,17.105263157894736
Pete Hansen,STL,SP,25,65,58,244,.288,.316,0.3768844221105528,0.5645322036744851,0.7785804020100503,0.11609498680738785,0.7211055276381909,0.3278894472361809,0.6331658291457286,0.7135678391959799,0.7110552763819096,0.7261306532663316,0.8379396984924623,0.9296482412060302,0.23743718592964824,0.6658291457286433,0.15452261306532664,0.3786279683377309,0.4321608040201005,0.032663316582914576,0.15577889447236182,.249,.325,4.3,9.2,29.72972972972973,86,25.5,18.5,9.5,20.8,.276,.338,.362,.340,3.0769230769230766,2,6,3,1,16,0,12,106,22,43.442622950819676,64.58333333333334,91.93548387096773,9.016393442622949
Jean Cabrera,PHI,SP,24,138,116,557,.363,.413,0.3743718592964824,0.33715410827223186,0.41300251256281406,0.4604221635883905,0.1884422110552764,0.09170854271356783,0.22738693467336685,0.5226130653266332,0.35678391959798994,0.31155778894472363,0.38316582914572866,0.5188442211055276,0.08793969849246232,0.42839195979899497,0.4685929648241206,0.2506596306068601,0.5188442211055276,0.33040201005025127,0.36180904522613067,.286,.425,6.3,13.8,24.35897435897436,89.2,37.9,15.2,13.8,26.8,.336,.431,.500,.387,4.3478260869565215,6,19,8,1,39,3,21,231,62,41.4721723518851,63.265306122448976,83.87096774193549,11.131059245960502
Hunter Dobbins,STL,SP,26,116,103,443,.286,.317,0.37185929648241206,0.5838275038340339,0.7157663316582915,0.7031662269129287,0.7449748743718593,0.6092964824120602,0.6243718592964824,0.5527638190954773,0.6871859296482412,0.3065326633165829,0.8919597989949749,0.7939698492462312,0.20979899497487436,0.7525125628140703,0.12939698492462312,0.5,0.4221105527638191,0.08793969849246232,0.16080402010050251,.217,.326,6.1,9.5,24.29906542056075,84.7,31.7,18.1,7.9,20,.243,.328,.369,.278,4.310344827586206,5,11,2,1,25,3,21,200,40,45.14672686230249,64.62882096069869,89.18918918918921,9.029345372460497
Harrison Cohen,NYY,RP,26,63,49,258,.411,.301,0.3693467336683417,0.27580404219868027,0.06281407035175879,0.3021108179419525,0.05402010050251256,0.1922110552763819,0.05025125628140704,0.011306532663316583,0.10175879396984924,0.657035175879397,0.031407035175879394,0.15829145728643215,0.7902010050251256,0.03768844221105527,0.9233668341708543,0.3740105540897098,0.3907035175879397,0.699748743718593,0.8994974874371859,.265,.508,20,20.6,28.57142857142857,93.2,46.7,30.2,22.7,37.5,.143,.333,.286,.179,9.523809523809524,6,13,1,0,7,2,19,112,42,43.41085271317829,65.38461538461539,77.94117647058823,16.27906976744186
Trent Baker,MIN,SP,27,89,73,358,.357,.385,0.36683417085427134,0.4339363926050657,0.5483668341708543,0.854221635883905,0.2198492462311558,0.06532663316582915,0.24371859296482412,0.5062814070351759,0.535175879396985,0.23869346733668342,0.7211055276381909,0.7223618090452262,0.15954773869346733,0.5577889447236181,0.38316582914572866,0.4854881266490765,0.12060301507537688,0.5829145728643216,0.4020100502512563,.295,.421,6.5,11.2,23.195876288659797,87.2,33.9,16.9,11.4,25.5,.342,.409,.466,.383,4.49438202247191,4,10,3,0,25,2,15,161,41,44.97206703910614,70.73170731707317,80.17241379310343,11.452513966480447
Tyler Mattison,DET,RP,26,71,57,306,.314,.344,0.36432160804020103,0.4110393656939048,0.32506281407035176,0.4802110817941953,0.507537688442211,0.8819095477386935,0.5477386934673367,0.3479899497487437,0.17336683417085427,0.2989949748743719,0.3128140703517588,0.09170854271356783,0.664572864321608,0.114321608040201,0.5113065326633166,0.10554089709762532,0.9899497487437185,0.9510050251256281,0.29773869346733667,.175,.339,7.9,18.3,24.13793103448276,89.7,50,26.8,19,27.4,.175,.338,.421,.176,4.225352112676056,3,13,2,0,10,4,19,117,32,38.23529411764706,46.842105263157904,69.66292134831461,10.45751633986928
Brady Basso,ATH,RP,28,47,41,195,.261,.351,0.36180904522613067,0.7360281508686795,0.7955402010050251,0.6589709762532981,0.8756281407035176,0.7650753768844221,0.8190954773869347,0.5062814070351759,0.9208542713567839,0.9334170854271356,0.8793969849246231,0.9773869346733668,0.48115577889447236,0.5464824120603015,0.4685929648241206,0.8271767810026385,0.09798994974874371,0.20351758793969849,0.6608040201005025,.198,.278,6.5,6.4,34.78260869565217,85.2,19.4,23.4,11.6,26.8,.317,.383,.390,.400,4.25531914893617,2,3,0,0,13,1,11,97,26,49.74358974358975,71.25,85.96491228070175,13.333333333333336
Nick Zwack,SFG,RP,27,64,49,266,.378,.428,0.3592964824120603,0.4431424934699885,0.5012562814070352,0.7209762532981531,0.12688442211055276,0.135678391959799,0.38819095477386933,0.8190954773869347,0.11055276381909548,0.5552763819095478,0.49874371859296485,0.2989949748743719,0.5615577889447236,0.39321608040201006,0.7085427135678392,0.6226912928759895,0.18341708542713567,0.657035175879397,0.7638190954773869,.275,.381,3,20.3,27.27272727272727,88.6,42.4,25,14.4,30.6,.306,.460,.490,.419,1.5625,1,13,3,0,15,2,16,124,38,46.61654135338347,69.10569105691057,78.82352941176471,14.285714285714285
Jayvien Sandridge,BAL,RP,27,33,24,152,.320,.423,0.35678391959798994,0.5465987037208911,0.7236180904522612,0.6081794195250659,0.4635678391959799,0.8492462311557789,0.957286432160804,0.9547738693467337,0.048994974874371856,0.13819095477386933,0.621859296482412,0.36055276381909546,0.36683417085427134,0.435929648241206,0.7537688442211056,0.16358839050131924,0.5678391959798995,0.9195979899497487,0.5326633165829145,.182,.217,0,24.2,21.176470588235293,87.9,41.2,21.2,13.7,31.7,.333,.515,.375,.471,0,0,8,1,0,8,0,7,60,19,39.473684210526315,62.6865671641791,71.42857142857143,12.5
Nick Garcia,SEA,SP,27,36,30,163,.241,.256,0.3542713567839196,0.587639715729041,0.8282035175879396,0.5956464379947229,0.9384422110552764,0.9195979899497487,0.9459798994974874,0.9547738693467337,0.3454773869346734,0.21231155778894473,0.5829145728643216,0.8291457286432161,0.41708542713567837,0.29773869346733667,0.01256281407035176,0.17150395778364114,0.7097989949748744,0.05025125628140704,0.01256281407035176,.163,.228,0,13.9,22.72727272727273,88.1,30.4,22.2,15.9,13.8,.167,.278,.267,.182,0,0,5,0,0,5,1,8,65,9,39.87730061349693,60,91.11111111111113,5.521472392638037
Blake Holub,MIL,RP,27,84,73,319,.334,.346,0.35175879396984927,0.5154239756389688,0.46168341708542715,0.7981530343007915,0.3391959798994975,0.16331658291457288,0.3492462311557789,0.7638190954773869,0.592964824120603,0.7437185929648241,0.33040201005025127,0.40326633165829145,0.5087939698492462,0.914572864321608,0.2776381909547739,0.6662269129287599,0.34673366834170855,0.1884422110552764,0.38190954773869346,.269,.391,3.7,10.7,29.8780487804878,89.6,40.7,23.8,3.2,23.8,.274,.357,.411,.333,2.380952380952381,2,9,1,0,20,3,20,151,36,47.33542319749217,65.80645161290322,86.27450980392156,11.285266457680251
Jack Anderson,FA,SP,26,91,83,309,.350,.389,0.3492462311557789,0.30006977499635384,0.12782663316582915,0.16490765171503954,0.2537688442211055,0.157035175879397,0.11557788944723618,0.24371859296482412,0.7324120603015075,0.6859296482412061,0.07663316582914573,0.07537688442211055,0.39824120603015073,0.3316582914572864,0.3655778894472362,0.7981530343007915,0.22613065326633167,0.6193467336683417,0.507537688442211,.271,.471,9.5,8.8,29.139072847682122,91.9,50.8,22,15.3,25,.313,.374,.506,.362,6.593406593406594,6,8,1,0,26,5,20,152,38,49.190938511326856,68.35443037974683,79.62962962962962,12.297734627831714
Dom Hamel,NYY,SP,27,148,127,571,.367,.416,0.34673366834170855,0.3323496881947115,0.30778894472361806,0.2922163588390501,0.17587939698492464,0.10175879396984924,0.1092964824120603,0.2236180904522613,0.6444723618090452,0.507537688442211,0.20351758793969849,0.6947236180904522,0.2198492462311558,0.1871859296482412,0.628140703517588,0.7836411609498679,0.01256281407035176,0.6407035175879398,0.7713567839195979,.284,.473,9.8,10.1,26.688102893890683,90.4,34.3,18.2,17.7,29.3,.315,.392,.575,.351,6.756756756756758,10,15,11,2,40,6,27,280,82,49.03677758318739,75.76923076923076,79.18781725888327,14.36077057793345
Tanner Gordon,COL,SP,28,62,58,242,.333,.245,0.3442211055276382,0.42490238129963803,0.32726130653266333,0.4254617414248021,0.35678391959798994,0.09673366834170855,0.21733668341708542,0.2537688442211055,0.9133165829145728,0.8015075376884422,0.40326633165829145,0.43467336683417085,0.5339195979899497,0.26884422110552764,0.39321608040201006,0.7335092348284961,0.49246231155778897,0.5628140703517588,0.5201005025125628,.285,.428,9.3,6.5,30.973451327433626,89.1,39.5,24.2,16.4,25.6,.207,.258,.276,.262,6.451612903225807,4,4,1,0,12,1,15,117,30,48.34710743801653,63.56589147286822,80.4878048780488,12.396694214876034
Evan Reifert,TBR,SP,27,74,61,308,.393,.299,0.3417085427135678,0.26667915213711474,0.05998743718592965,0.4426121372031662,0.08542713567839195,0.17839195979899497,0.06030150753768844,0.11055276381909548,0.2449748743718593,0.5288944723618091,0.018844221105527637,0.05025125628140704,0.742462311557789,0.13442211055276382,0.6030150753768844,0.1965699208443272,0.6984924623115578,0.06030150753768844,0.4396984924623116,.267,.504,12.5,16.2,26.923076923076927,93.5,52.5,28.4,18.7,28.8,.164,.311,.328,.189,6.756756756756758,5,12,1,0,10,3,21,125,36,40.58441558441558,60.317460317460316,90.7894736842105,11.688311688311687
Jared Shuster,STL,RP,27,46,44,168,.327,.430,0.3391959798994975,0.4297670189116205,0.1551507537688442,0.5956464379947229,0.4082914572864322,0.12311557788944724,0.18592964824120603,0.3027638190954774,1,0.914572864321608,0.06155778894472362,0.07035175879396985,0.27889447236180903,0.7738693467336684,0.44221105527638194,0.9063324538258576,0.03015075376884422,0.4723618090452261,0.7060301507537688,.279,.438,8.6,0,34.04255319148936,92.2,51.4,19.6,7.5,26.4,.364,.391,.591,.424,6.521739130434782,3,0,4,0,16,2,9,87,23,51.78571428571429,74.32432432432431,81.81818181818183,13.690476190476193
Misael Tamarez,SDP,RP,26,96,78,397,.352,.409,0.33668341708542715,0.37793629537308354,0.35929648241206036,0.9749340369393141,0.2449748743718593,0.5753768844221105,0.19974874371859297,0.07160804020100503,0.3103015075376884,0.005025125628140704,0.4221105527638191,0.7437185929648241,0.2889447236180904,0.22989949748743718,0.4685929648241206,0.3034300791556728,0.8266331658291457,0.8442211055276382,0.38944723618090454,.221,.435,13.3,14.6,13.768115942028984,89,33.3,19.8,17.2,26.8,.269,.396,.538,.291,8.333333333333332,8,14,6,0,21,5,19,168,45,42.31738035264483,57.52895752895753,74.49664429530202,11.335012594458435
Kohl Drake,ARI,SP,25,148,136,557,.322,.374,0.3341708542713568,0.3230286768053106,0.1956658291457286,0.19920844327176784,0.4484924623115578,0.4120603015075377,0.16834170854271358,0.3165829145728643,0.7939698492462312,0.7160804020100503,0.18216080402010051,0.11557788944723618,0.2198492462311558,0.10552763819095477,0.1984924623115578,0.7717678100263852,0.10804020100502512,0.30402010050251255,0.32160804020100503,.238,.443,8.3,8.1,29.53020134228188,90.7,48.6,18.2,19.1,22.1,.265,.324,.537,.270,6.081081081081082,9,12,8,1,36,9,27,272,60,48.833034111310596,71.04247104247105,84.23913043478261,10.771992818671453
Zach Penrod,WSN,SP,28,76,57,301,.342,.388,0.3316582914572864,0.5192306629895299,0.6560929648241207,0.9129287598944592,0.29020100502512564,0.550251256281407,0.5628140703517588,0.8693467336683417,0.12311557788944724,0.3391959798994975,0.48115577889447236,0.7110552763819096,0.5012562814070352,0.31155778894472363,0.5778894472361809,0.4327176781002639,0.02512562814070352,0.4723618090452261,0.5653266331658291,.224,.338,2.4,19.7,24.590163934426233,88.7,34.1,23.7,15.7,28.6,.281,.434,.421,.375,1.3157894736842104,1,15,3,1,16,1,18,133,38,44.1860465116279,74.57627118644069,81.81818181818183,12.624584717607975
Carson Palmquist,COL,SP,25,91,74,386,.349,.403,0.32914572864321606,0.42595535947105806,0.7396356783919598,0.2559366754617414,0.2613065326633166,0.2864321608040201,0.4585427135678392,0.7537688442211056,0.2751256281407035,0.20854271356783918,0.8668341708542714,0.8793969849246231,0.3530150753768844,0.3065326633165829,0.20603015075376885,0.4934036939313984,0.11306532663316583,0.4321608040201005,0.2537688442211055,.253,.361,3.8,15.4,22.70531400966184,85.4,28.3,20.9,15.8,22.4,.311,.440,.446,.407,2.1978021978021984,2,14,7,0,23,1,19,174,39,45.07772020725388,70.94972067039106,82.6771653543307,10.103626943005182
Alex Carrillo,NYM,RP,28,65,47,289,.360,.370,0.32663316582914576,0.4806919933882252,0.16300251256281406,0.9492084432717678,0.20351758793969849,0.792713567839196,0.5175879396984925,0.05778894472361809,0.038944723618090454,0.5288944723618091,0.04271356783919598,0.03391959798994975,0.9560301507537688,0.6884422110552764,0.9585427135678392,0.16226912928759896,0.6809045226130653,0.864321608040201,0.8793969849246231,.189,.346,13.6,24.6,26.923076923076927,92.9,54.5,38.5,9.2,40.4,.213,.431,.340,.455,4.615384615384616,3,16,6,0,10,0,25,114,46,39.44636678200692,60.747663551401864,73.84615384615384,15.91695501730104
Mason Green,COL,RP,27,86,71,332,.278,.317,0.3241206030150754,0.6424675046295683,0.7625628140703516,0.4960422163588391,0.8077889447236181,0.8605527638190955,0.8341708542713567,0.38567839195979897,0.49748743718592964,0.2851758793969849,0.8479899497487438,0.9824120603015075,0.4057788944723618,0.8844221105527639,0.4221105527638191,0.3937994722955145,0.6846733668341709,0.6633165829145728,0.39949748743718594,.180,.275,7.5,11.6,24.025974025974026,85.8,18.9,22.1,4.7,26.2,.239,.349,.338,.302,4.651162790697675,4,10,4,0,17,1,19,145,38,43.674698795180724,60.67415730337079,78.7037037037037,11.445783132530119
Ryan Ramsey,KCR,SP,25,156,135,614,.375,.386,0.32160804020100503,0.37963426410858164,0.49905778894472363,0.16490765171503954,0.14195979899497488,0.07035175879396985,0.11934673366834171,0.3165829145728643,0.6809045226130653,0.49246231155778897,0.8165829145728644,0.7437185929648241,0.1934673366834171,0.49246231155778897,0.3228643216080402,0.4313984168865435,0.6231155778894473,0.5364321608040201,0.3165829145728643,.293,.466,8.3,9.6,26.537216828478964,86.2,33.3,17.9,12.6,24.4,.296,.385,.481,.327,5.769230769230768,9,15,4,0,40,7,28,271,66,44.13680781758957,61.9672131147541,80.95238095238095,10.749185667752442
Jack Sinclair,WSN,RP,27,82,67,336,.362,.340,0.31909547738693467,0.3952902706142851,0.42430904522613067,0.8766490765171504,0.1922110552763819,0.16834170854271358,0.36432160804020103,0.28266331658291455,0.3103015075376884,0.0829145728643216,0.7449748743718593,0.30527638190954776,0.5904522613065326,0.35678391959798994,0.4685929648241206,0.2955145118733509,0.314070351758794,0.6507537688442211,0.3844221105527638,.268,.387,8.9,14.6,19.186046511627904,86.9,42.2,25.6,15.1,26.8,.254,.390,.328,.370,4.878048780487805,4,12,5,0,17,0,21,142,38,42.26190476190476,66.46341463414635,78.89908256880734,11.309523809523812
Zac Leigh,CHC,RP,28,80,71,326,.283,.324,0.3165829145728643,0.5494891453750723,0.5003140703517588,0.7031662269129287,0.7675879396984925,0.6331658291457286,0.6532663316582915,0.5163316582914573,0.5276381909547738,0.3592964824120603,0.34673366834170855,0.4849246231155779,0.785175879396985,0.35678391959798994,0.45979899497487436,0.4722955145118734,0.5100502512562815,0.5653266331658291,0.4623115577889447,.215,.321,6.4,11.3,24.840764331210195,89.5,38.3,30,15.1,26.7,.239,.325,.394,.333,3.75,3,9,5,0,17,2,24,146,39,44.785276073619634,63.31360946745561,80.37383177570094,11.963190184049079
Kade Strowd,ARI,RP,28,65,57,266,.298,.324,0.314070351758794,0.6732143567441429,0.8363693467336684,0.6853562005277045,0.6407035175879398,0.3957286432160804,0.6871859296482412,0.8693467336683417,0.4510050251256281,0.3454773869346734,0.8793969849246231,0.9095477386934674,0.5552763819095478,0.9949748743718593,0.664572864321608,0.521108179419525,0.25125628140703515,0.6834170854271356,0.6959798994974874,.240,.313,2.4,12.3,24.63768115942029,85.2,26.8,24.6,"'-4.3",29.8,.263,.354,.351,.350,1.5384615384615383,1,8,0,1,15,1,16,121,36,45.48872180451128,67.96875,78.16091954022987,13.533834586466165
Carlos Peña,DET,SP,27,39,36,152,.291,.203,0.31155778894472363,0.5228691279617083,0.5995603015075377,0.2091029023746702,0.6922110552763819,0.3278894472361809,0.5175879396984925,0.7726130653266332,0.821608040201005,0.7236180904522613,0.8165829145728644,0.2914572864321608,0.32663316582914576,0.6658291457286433,0.1092964824120603,0.7612137203166227,0.7386934673366834,0.5301507537688442,0.1708542713567839,.249,.346,3.6,7.7,29.629629629629626,86.2,42.9,20.5,9.5,18.9,.167,.231,.194,.214,2.564102564102564,1,3,1,0,6,0,8,74,14,48.68421052631579,59.18367346938776,81.0344827586207,9.210526315789473
Anderson Pilar,ATL,RP,28,48,43,181,.171,.183,0.30904522613065327,0.7269333695743451,0.9729899497487438,0.4254617414248021,0.9974874371859297,0.9974874371859297,1,0.9547738693467337,0.9271356783919598,0.8065326633165829,0.9422110552763819,0.9949748743718593,0.25251256281407036,0.07788944723618091,0.34673366834170855,0.6490765171503958,0.800251256281407,0.16331658291457288,0.4271356783919598,.103,.147,0,6.3,31.08108108108108,84,14.7,18.8,20.1,24.7,.093,.188,.186,.091,0,0,3,1,0,4,1,9,85,21,46.96132596685082,57.943925233644855,87.09677419354837,11.602209944751381
Chris Campos,LAD,RP,25,30,28,130,.273,.454,0.3065326633165829,0.5168263812466024,0.6400753768844222,0.2559366754617414,0.8304020100502513,0.49748743718592964,0.5477386934673367,0.6909547738693468,0.8982412060301508,0.4547738693467337,0.7035175879396985,0.6180904522613065,0.3015075376884422,0.1972361809045226,0.20603015075376885,0.4610817941952506,0.22110552763819097,0.02512562814070352,0.24371859296482412,.229,.339,4.5,6.7,26.02739726027397,87.3,36.4,20,17.5,22.4,.393,.433,.607,.476,3.333333333333333,1,2,1,1,11,1,6,58,13,44.61538461538462,68.42105263157895,92.30769230769229,10
Ben Sears,KCR,SP,25,77,66,277,.334,.336,0.30402010050251255,0.4329052363842078,0.6221733668341708,0.6081794195250659,0.3391959798994975,0.23743718592964824,0.41457286432160806,0.7638190954773869,0.4899497487437186,0.1934673366834171,0.664572864321608,0.6457286432160804,0.10678391959798995,0.5804020100502513,0.1507537688442211,0.3984168865435356,0.8065326633165829,0.292713567839196,0.15829145728643215,.260,.372,3.7,11.7,22.52252252252252,87.6,35.2,15.6,11.1,20.7,.258,.364,.364,.302,2.5974025974025974,2,9,4,0,17,1,12,121,25,43.68231046931408,57.83132530120483,84.375,9.025270758122744
Gregory Santos,SFG,RP,26,50,46,169,.283,.311,0.3015075376884422,0.5915223655657355,0.7810929648241206,0.9663588390501321,0.7675879396984925,0.3278894472361809,0.6444723618090452,0.8530150753768844,0.8040201005025126,0.2537688442211055,0.7449748743718593,0.8819095477386935,0.05778894472361809,0.7198492462311558,0.07663316582914573,0.7902374670184696,0.3241206030150754,0.13316582914572864,0.14824120603015076,.249,.323,2.6,8,23.529411764705877,86.9,28.2,14,8.6,18.1,.261,.320,.370,.308,2,1,4,5,0,12,0,7,83,15,49.112426035502956,66.33663366336634,88.05970149253731,8.875739644970414
Carlos Guzman,NYM,RP,27,35,30,128,.234,.300,0.2989949748743719,0.6318164591647772,0.6501256281407035,0.6081794195250659,0.9535175879396985,0.7587939698492462,0.9258793969849246,0.9547738693467337,0.7562814070351759,0.7902010050251256,0.5326633165829145,0.1871859296482412,0.45226130653266333,0.5263819095477387,0.135678391959799,0.8522427440633246,0.15577889447236182,0.05778894472361809,0.2613065326633166,.199,.240,0,8.6,30.76923076923077,88.4,45.8,22.9,12,20.3,.267,.314,.367,.304,0,0,3,0,0,8,1,8,64,13,50,69.84126984126982,90.9090909090909,10.15625
Brady Choban,LAA,RP,25,41,39,146,.272,.298,0.2964824120603015,0.6023341752739069,0.7157663316582915,0.4604221635883905,0.8379396984924623,0.2675879396984925,0.6809045226130653,0.8190954773869347,0.9723618090452262,0.7185929648241206,0.7449748743718593,0.6180904522613065,0.07537688442211055,0.9974874371859297,0.035175879396984924,0.4155672823218997,0.37185929648241206,0.002512562814070352,0.0414572864321608,.255,.314,3,4.9,29.54545454545455,86.9,36.4,14.6,"'-6.3",15.6,.308,.341,.308,.364,2.4390243902439024,1,2,0,0,12,0,6,64,10,43.835616438356155,65.51724137931035,100,6.849315068493151
Trevor McDonald,SFG,SP,25,65,48,261,.335,.291,0.29396984924623115,0.4987696839518614,0.695037688442211,0.4802110817941953,0.3278894472361809,0.7173366834170855,0.7625628140703518,0.8530150753768844,0.0829145728643216,0.12311557788944724,0.5640703517587939,0.6005025125628141,0.15954773869346733,0.9673366834170855,0.34673366834170855,0.05408970976253298,0.8668341708542714,0.22613065326633167,0.1457286432160804,.205,.296,2.6,21.5,20.52980132450331,88.2,36.8,16.9,"'-0.3",24.7,.167,.369,.188,.211,1.5384615384615383,1,14,1,0,8,0,11,93,23,35.63218390804598,56.36363636363636,85.48387096774194,8.812260536398467
Alan Rangel,PHI,SP,28,150,135,578,.336,.335,0.2914572864321608,0.3970274636153503,0.31658291457286436,0.3133245382585752,0.3228643216080402,0.20100502512562815,0.23241206030150754,0.3379396984924623,0.7437185929648241,0.5100502512562815,0.23492462311557788,0.4610552763819096,0.44221105527638194,0.3442211055276382,0.6206030150753769,0.7928759894459103,0.09547738693467336,0.6771356783919598,0.7688442211055276,.264,.424,8,8.7,26.73611111111111,90.1,39,22.7,15.2,29.2,.252,.327,.422,.309,5.333333333333334,8,13,9,1,34,4,34,284,83,49.134948096885815,71.3793103448276,78.26086956521739,14.359861591695502
Connor Gillispie,PHI,SP,28,65,57,261,.328,.274,0.2889447236180904,0.41391599598697093,0.355213567839196,0.2559366754617414,0.39824120603015073,0.45603015075376885,0.2814070351758794,0.3479899497487437,0.585427135678392,0.5552763819095478,0.19095477386934673,0.6005025125628141,0.6243718592964824,0.09296482412060302,0.5778894472361809,0.5250659630606861,0.4484924623115578,0.30025125628140703,0.6256281407035176,.233,.408,7.9,10.8,27.27272727272727,90.5,36.8,26.2,19.6,28.6,.175,.277,.316,.211,4.615384615384616,3,7,2,0,10,2,17,119,34,45.59386973180077,64.34108527131785,84.33734939759037,13.026819923371649
Josh Hendrickson,HOU,SP,28,76,70,295,.273,.293,0.2864321608040201,0.4791379390355471,0.46262562814070346,0.2559366754617414,0.8304020100502513,0.4861809045226131,0.5967336683417085,0.8957286432160804,0.9057788944723618,0.5037688442211056,0.2952261306532663,0.06281407035175879,0.5615577889447236,0.16959798994974876,0.18592964824120603,0.8931398416886543,0.05527638190954774,0.35678391959798994,0.37185929648241206,.230,.331,2,6.6,26.66666666666667,89.8,52,25,18,21.7,.243,.289,.371,.314,1.3157894736842104,1,5,4,1,17,1,19,152,33,51.525423728813564,72.5,83.6206896551724,11.1864406779661
Shane Drohan,MIL,SP,27,63,54,250,.334,.358,0.28391959798994976,0.3895361813464862,0.22550251256281406,0.4960422163588391,0.3391959798994975,0.44221105527638194,0.31909547738693467,0.06281407035175879,0.5527638190954773,0.314070351758794,0.1092964824120603,0.4108040201005025,0.6721105527638191,0.7738693467336684,0.18216080402010051,0.3284960422163589,0.7185929648241206,0.27261306532663315,0.16834170854271358,.234,.401,13.5,11.1,24.369747899159666,91.6,40.5,27,7.5,21.5,.259,.365,.426,.343,7.936507936507937,5,7,3,0,14,2,17,107,23,42.8,59.54198473282442,84.61538461538461,9.2
Michel Otañez,TEX,RP,28,63,48,264,.309,.315,0.2814070351758794,0.5800141870301375,0.6727386934673367,0.9551451187335092,0.5565326633165829,0.9095477386934674,0.7286432160804021,0.21733668341708542,0.07412060301507538,0.1407035175879397,0.792713567839196,0.9522613065326633,0.7902010050251256,0.16331658291457288,0.6796482412060302,0.18469656992084432,0.4949748743718593,0.7336683417085427,0.4937185929648241,.166,.304,10,22.2,21.232876712328764,86.5,23.3,30.2,18.1,30.2,.167,.349,.313,.214,4.761904761904762,3,14,1,0,8,2,19,106,32,40.15151515151515,63.5593220338983,77.33333333333333,12.12121212121212
Eli Villalobos,SDP,RP,28,66,59,253,.287,.351,0.27889447236180903,0.6186014726225676,0.5819723618090452,0.8126649076517151,0.7336683417085427,0.742462311557789,0.36432160804020103,0.2964824120603015,0.8291457286432161,0.8329145728643216,0.8379396984924623,0.8291457286432161,0.36683417085427134,0.2537688442211055,0.5238693467336684,0.5540897097625329,0.8567839195979899,0.23869346733668342,0.5703517587939698,.202,.387,8.7,7.6,31.818181818181817,86,30.4,21.2,16.9,27.6,.237,.303,.508,.238,6.0606060606060606,4,5,4,0,14,4,14,116,32,45.8498023715415,56.64335664335665,85.18518518518519,12.648221343873518
Eric Silva,DET,RP,23,31,27,115,.366,.425,0.27638190954773867,0.29043165475574884,0.16425879396984924,0.2816622691292876,0.18216080402010051,0.2864321608040201,0.06909547738693467,0.1984924623115578,0.41959798994974873,0.14321608040201006,0.07663316582914573,0.3128140703517588,0.6030150753768844,0.6658291457286433,0.24623115577889448,0.20580474934036935,0.5452261306532663,0.4472361809045226,0.1934673366834171,.253,.498,10.5,12.9,21.311475409836067,91.9,42.1,25.8,9.5,23.4,.296,.387,.593,.353,6.451612903225807,2,4,2,0,8,2,8,47,11,40.869565217391305,62.96296296296296,82.35294117647058,9.565217391304348
Justin Meis,PIT,RP,26,83,71,308,.368,.318,0.27386934673366836,0.32095448659303555,0.08636934673366835,0.8225593667546174,0.16834170854271358,0.6092964824120602,0.04020100502512563,0.031407035175879394,0.3793969849246231,0.6432160804020101,0.18216080402010051,0.09170854271356783,0.20979899497487436,0.22110552763819097,0.45226130653266333,0.4986807387862797,0.16080402010050251,0.32663316582914576,0.46984924623115576,.217,.529,16.1,13.3,28.415300546448087,90.7,50,18.1,17.3,26.6,.183,.301,.408,.189,10.843373493975903,9,11,5,1,13,3,15,139,37,45.12987012987013,69.6,83.9080459770115,12.012987012987013
Mitch Spence,KCR,SP,28,85,78,313,.287,.259,0.271356783919598,0.5392643185142952,0.6617462311557789,0.5277044854881267,0.7336683417085427,0.5251256281407035,0.4849246231155779,0.5376884422110553,0.785175879396985,0.6482412060301508,0.7311557788944724,0.8932160804020101,0.06030150753768844,0.29773869346733667,0.24623115577889448,0.8007915567282322,0.05778894472361809,0.0678391959798995,0.4108040201005025,.227,.354,6.2,8.2,28.484848484848484,87,27.7,14.1,15.9,23.4,.205,.271,.295,.242,4.705882352941177,4,7,5,1,16,0,12,154,36,49.20127795527157,72.29729729729729,90.65420560747664,11.501597444089455
Doug Nikhazy,CHC,SP,26,87,75,315,.395,.525,0.26884422110552764,0.26306692875105514,0.1451005025125628,0.15303430079155672,0.07788944723618091,0.05527638190954774,0.05527638190954774,0.12562814070351758,0.5087939698492462,0.5628140703517588,0.15201005025125627,0.24748743718592964,0.27386934673366836,0.3065326633165829,0.6381909547738693,0.3548812664907652,0.4045226130653266,0.5,0.5778894472361809,.302,.506,12.3,11.5,27.322404371584703,91,43.9,19.5,15.8,29.4,.400,.483,.747,.462,8.045977011494253,7,10,6,1,30,6,17,136,40,43.17460317460318,65.15151515151516,81.3953488372093,12.698412698412698
Hudson Leach,HOU,RP,23,72,45,266,.411,.408,0.2663316582914573,0.42671277451461354,0.6155778894472362,0.854221635883905,0.05402010050251256,0.4045226130653266,0.7751256281407035,0.8316582914572864,0.03015075376884422,0.017587939698492462,0.5640703517587939,0.2914572864321608,0.05527638190954774,0.9522613065326633,0.29020100502512564,0.025065963060686012,0.6909547738693468,0.7776381909547738,0.09798994974874371,.239,.294,2.9,26.4,15.432098765432098,88.2,42.9,13.9,0.8,23.9,.267,.514,.311,.324,1.3888888888888888,1,19,2,0,12,0,10,88,21,33.08270676691729,60.57692307692307,76.19047619047619,7.894736842105262
Blas Castaño,COL,RP,27,59,52,237,.224,.221,0.2638190954773869,0.7115477895192762,0.8432788944723619,0.5448548812664907,0.9698492462311558,0.928391959798995,0.9371859296482412,0.6457286432160804,0.6331658291457286,0.8957286432160804,0.8542713567839196,0.9359296482412061,0.314070351758794,0.8417085427135679,0.03768844221105527,0.6860158311345647,0.585427135678392,0.017587939698492462,0.0829145728643216,.161,.233,5,10.2,33.33333333333333,85.7,25,20.3,6.4,15.9,.154,.237,.231,.175,3.3898305084745757,2,6,1,0,8,1,12,113,18,47.67932489451477,62.39316239316239,93.15068493150685,7.59493670886076
Gerald Ogando,BAL,RP,25,45,32,201,.337,.306,0.2613065326633166,0.5507236048315455,0.6931532663316583,0.8687335092348285,0.31909547738693467,0.9773869346733668,0.785175879396985,0.2675879396984925,0.020100502512562814,0.18090452261306533,0.8165829145728644,0.9032663316582915,0.3015075376884422,0.8454773869346733,0.3228643216080402,0.3258575197889182,0.035175879396984924,0.12688442211055276,0.29396984924623115,.144,.290,9.1,28.9,22.314049586776857,86.2,27.3,20,6.3,24.4,.094,.356,.250,.091,4.4444444444444455,2,13,0,1,3,1,9,86,21,42.78606965174129,73.75,88.13559322033899,10.44776119402985
Bryse Wilson,PHI,SP,28,145,129,557,.348,.398,0.25879396984924624,0.44281930761989363,0.42430904522613067,0.3502638522427441,0.2663316582914573,0.0829145728643216,0.24371859296482412,0.5226130653266332,0.8291457286432161,0.5150753768844221,0.4648241206030151,0.46608040201005024,0.38316582914572866,0.7562814070351759,0.4334170854271357,0.7480211081794196,0.10301507537688442,0.36432160804020103,0.5879396984924623,.289,.421,6.3,7.6,26.760563380281692,88.8,38.9,21.4,7.7,26.3,.333,.403,.488,.415,4.137931034482759,6,11,8,0,43,4,31,270,71,48.47396768402154,71.06227106227107,83.50515463917526,12.74685816876122
Garrett McDaniels,LAD,SP,26,67,53,271,.332,.313,0.2562814070351759,0.4459086328741333,0.5276381909547738,0.4426121372031662,0.3706030150753769,0.4120603015075377,0.7625628140703518,0.9547738693467337,0.13190954773869346,0.3806532663316583,0.18216080402010051,0.21105527638190955,0.1444723618090452,0.9874371859296482,0.3706030150753769,0.10158311345646437,0.800251256281407,0.10301507537688442,0.1984924623115578,.238,.296,0,19.4,25,90.7,45.2,16.4,"'-2",25.2,.208,.373,.264,.262,0,0,13,3,0,11,0,11,103,26,38.00738007380074,57.943925233644855,88.70967741935482,9.594095940959411
Andre Granillo,WSN,RP,26,42,36,163,.368,.483,0.2537688442211055,0.35647537379067723,0.44755025125628145,0.5277044854881267,0.16834170854271358,0.12939698492462312,0.13693467336683418,0.16331658291457288,0.3241206030150754,0.3806532663316583,0.9045226130653267,0.585427135678392,0.38316582914572866,0.01256281407035176,0.5615577889447236,0.2216358839050132,0.7839195979899497,0.1721105527638191,0.43467336683417085,.277,.455,11.1,14.3,25,84.5,37,21.4,27.9,28.4,.361,.452,.667,.417,7.142857142857142,3,6,2,0,13,3,9,67,19,41.104294478527606,58.22784810126582,86.95652173913044,11.65644171779141
Chase Solesky,TBR,SP,28,116,105,426,.322,.360,0.25125628140703515,0.4293200832659339,0.35552763819095473,0.40435356200527706,0.4484924623115578,0.1457286432160804,0.33542713567839194,0.6268844221105527,0.7562814070351759,0.22613065326633167,0.33040201005025127,0.12939698492462312,0.6080402010050251,0.7474874371859297,0.39321608040201006,0.2928759894459103,0.7336683417085427,0.36055276381909546,0.32663316582914576,.273,.396,5.3,8.6,23,89.6,48,25.9,8,25.6,.305,.362,.448,.389,3.4482758620689653,4,10,3,0,32,4,30,180,46,42.25352112676056,59.2920353982301,83.5820895522388,10.798122065727698
Juan Burgos,ARI,RP,26,63,55,266,.312,.367,0.24874371859296482,0.4598920835487905,0.43373115577889443,0.8918205804749341,0.5376884422110553,0.3957286432160804,0.5276381909547738,0.6909547738693468,0.5527638190954773,0.1507537688442211,0.23492462311557788,0.2814070351758794,0.17462311557788945,0.9899497487437185,0.09045226130653267,0.4676781002638522,0.2964824120603015,0.21231155778894473,0.11557788944723618,.240,.344,4.5,11.1,21.538461538461537,90.1,43.2,17.5,"'-2.8",18.5,.273,.365,.455,.310,3.1746031746031744,2,7,4,0,15,2,11,119,22,44.73684210526316,66.91176470588235,85.71428571428571,8.270676691729323
Alek Jacob,SDP,RP,27,76,60,288,.314,.321,0.24623115577889448,0.4529317100011933,0.44974874371859297,0.03693931398416887,0.507537688442211,0.7650753768844221,0.5477386934673367,0.28266331658291455,0.3907035175879397,0.4221105527638191,0.44095477386934673,0.5276381909547738,0.5012562814070352,0.22110552763819097,0.7914572864321608,0.3212401055408971,0.8768844221105527,0.9711055276381909,0.7261306532663316,.198,.339,8.9,13.2,25.6,88.9,37.8,23.7,17.3,32.5,.200,.329,.383,.214,5.263157894736842,4,10,2,0,12,3,18,123,40,42.70833333333333,55.828220858895705,68.13186813186813,13.888888888888891
Seth Shuman,WSN,RP,28,83,71,329,.314,.300,0.24371859296482412,0.5623071933988324,0.7082286432160805,0.5831134564643801,0.507537688442211,0.23115577889447236,0.6067839195979899,0.9547738693467337,0.3793969849246231,0.45226130653266333,0.7035175879396985,0.5678391959798995,0.45226130653266333,0.8567839195979899,0.45226130653266333,0.38258575197889183,0.46984924623115576,0.4962311557788945,0.4221105527638191,.261,.329,0,13.3,25.98870056497175,87.3,37.3,22.9,5.9,26.6,.239,.337,.310,.321,0,0,11,1,2,17,0,19,143,38,43.465045592705174,63.81578947368421,81.44329896907216,11.550151975683892
K.C. Hunt,TBR,SP,25,92,78,361,.368,.399,0.24120603015075376,0.24679797403906076,0.16771356783919597,0.1424802110817942,0.16834170854271358,0.22487437185929648,0.13316582914572864,0.0942211055276382,0.33542713567839194,0.6055276381909548,0.15201005025125627,0.2914572864321608,0.1407035175879397,0.17839195979899497,0.4949748743718593,0.6398416886543535,0.12939698492462312,0.38944723618090454,0.585427135678392,.262,.459,12.7,14.1,27.860696517412933,91,42.9,16.3,17.9,27.2,.269,.380,.526,.276,8.695652173913043,8,13,5,0,21,5,15,169,46,46.81440443213297,70.625,83.18584070796459,12.742382271468143
Brett Kerry,LAA,SP,27,164,149,616,.382,.430,0.23869346733668342,0.2980953028113302,0.23680904522613067,0.3133245382585752,0.11180904522613065,0.02512562814070352,0.06909547738693467,0.4082914572864322,0.8115577889447236,0.2889447236180904,0.3592964824120603,0.11055276381909548,0.18216080402010051,0.4120603015075377,0.4849246231155779,0.5263852242744064,0.08040201005025126,0.36683417085427134,0.5125628140703518,.327,.498,7.4,7.9,24.03560830860534,89.4,48.8,17.7,14,27,.356,.409,.577,.404,5.487804878048781,9,13,10,1,53,7,29,281,76,45.616883116883116,71.68458781362006,83.5,12.337662337662337
Jake Miller,CLE,RP,25,78,61,317,.308,.335,0.23618090452261306,0.5057231518189009,0.7424623115577889,0.4254617414248021,0.5665829145728644,0.8077889447236181,0.6394472361809045,0.5376884422110553,0.21608040201005024,0.4120603015075377,0.9359296482412061,0.8567839195979899,0.2663316582914573,0.15829145728643215,0.24623115577889448,0.1899736147757256,0.8793969849246231,0.19095477386934673,0.18341708542713567,.187,.324,6.2,16.7,25.465838509316768,84.2,29.2,19.2,18.2,23.4,.213,.359,.377,.255,3.8461538461538463,3,13,5,1,13,1,15,128,30,40.37854889589905,55.769230769230774,86.20689655172413,9.463722397476339
Isaiah Campbell,ARI,RP,28,68,62,271,.288,.363,0.23366834170854273,0.6243834608398192,0.7292713567839197,0.6081794195250659,0.7211055276381909,0.3278894472361809,0.6482412060301508,0.8869346733668342,0.7324120603015075,0.6809045226130653,0.7449748743718593,0.6369346733668342,0.33542713567839194,0.7914572864321608,0.37814070351758794,0.4894459102902375,0.6080402010050251,0.23869346733668342,0.3969849246231156,.249,.322,2.1,8.8,29.07801418439716,86.9,35.4,20.6,7.3,25.4,.339,.397,.403,.438,1.4705882352941175,1,6,4,0,21,0,14,122,31,45.01845018450185,62.30769230769231,85.18518518518519,11.439114391143914
Jackson Rutledge,PHI,RP,27,58,49,222,.345,.317,0.23115577889447236,0.2877823594666383,0.1972361809045226,0.7209762532981531,0.27638190954773867,0.20100502512562815,0.23241206030150754,0.2236180904522613,0.35678391959798994,0.27638190954773867,0.08542713567839195,0.24748743718592964,0.09673366834170855,0.09798994974874371,0.6381909547738693,0.5699208443271768,0.20351758793969849,0.5050251256281407,0.6922110552763819,.264,.424,9.8,13.8,23.893805309734518,91.8,43.9,15.5,19.5,29.4,.245,.345,.347,.275,6.896551724137932,4,8,2,0,12,1,9,102,30,45.94594594594595,68.80733944954129,81.33333333333333,13.513513513513516
Triston McKenzie,SDP,SP,28,79,52,349,.446,.505,0.228643216080402,0.2624385118203153,0.029522613065326636,0.8766490765171504,0.020100502512562814,0.2600502512562814,0.052763819095477386,0.007537688442211055,0.005025125628140704,0.02512562814070352,0.02386934673366834,0.03391959798994975,0.5741206030150754,0.42839195979899497,0.8417085427135679,0.051451187335092345,0.8442211055276382,0.7738693467336684,0.4748743718592965,.256,.507,21.2,31.6,16.129032258064516,93.4,54.5,25.3,13.8,34.1,.327,.544,.635,.448,8.860759493670884,7,25,0,2,17,4,20,123,42,35.24355300859599,57.05521472392638,76.34408602150538,12.034383954154727
Mason Black,KCR,RP,26,69,61,284,.316,.304,0.22613065326633167,0.4316942562416303,0.4550879396984925,0.6853562005277045,0.4849246231155779,0.35050251256281406,0.41457286432160806,0.5804020100502513,0.6444723618090452,0.785175879396985,0.4648241206030151,0.36055276381909546,0.07160804020100503,0.3178391959798995,0.020100502512562814,0.8034300791556728,0.4748743718592965,0.11809045226130653,0.04773869346733668,.246,.372,5.9,10.1,30.64516129032258,88.8,41.2,14.5,15.5,14.3,.230,.319,.344,.275,4.3478260869565215,3,7,7,0,14,0,10,140,20,49.29577464788733,63.74999999999999,88.23529411764706,7.042253521126762
Anthony Maldonado,HOU,RP,28,73,60,305,.278,.289,0.2236180904522613,0.5228373618311434,0.5766331658291457,0.17480211081794195,0.8077889447236181,0.8153266331658291,0.8567839195979899,0.878140703517588,0.22989949748743718,0.8743718592964824,0.24748743718592964,0.3241206030150754,0.47110552763819097,0.002512562814070352,0.5917085427135679,0.4591029023746702,0.6482412060301508,0.01507537688442211,0.5904522613065326,.186,.269,2.3,16.4,32.58426966292135,90,41.9,23.3,34.6,28.7,.183,.315,.300,.233,1.3698630136986298,1,12,4,0,11,1,17,136,39,44.59016393442622,61.41732283464568,93.58974358974359,12.786885245901637
Brandon Eisert,CHW,SP,28,62,57,261,.309,.407,0.22110552763819097,0.5045364796718863,0.6074120603015075,0.07453825857519789,0.5565326633165829,0.1457286432160804,0.4484924623115578,0.7135678391959799,0.9133165829145728,0.9447236180904522,0.49874371859296485,0.7688442211055276,0.18216080402010051,0.6331658291457286,0.17462311557788945,0.7585751978891819,0.8291457286432161,0.28266331658291455,0.2814070351758794,.273,.363,4.3,6.5,35.57692307692308,88.6,32.6,17.7,10.3,21.3,.333,.387,.544,.400,3.2258064516129035,2,4,7,1,19,1,11,127,27,48.65900383141762,57.324840764331206,84.44444444444444,10.344827586206897
Carson Coleman,NYY,RP,28,68,56,267,.300,.277,0.2185929648241206,0.5598349597592183,0.6667713567839196,0.6853562005277045,0.6193467336683417,0.7173366834170855,0.9158291457286433,0.8530150753768844,0.30402010050251255,0.32663316582914576,0.2701005025125628,0.628140703517588,0.6407035175879398,0.628140703517588,0.12939698492462312,0.2269129287598945,0.7286432160804021,0.22110552763819097,0.11055276381909548,.205,.244,2.6,14.7,24.46043165467626,89.9,35.9,26.5,10.4,20,.196,.324,.250,.282,1.4705882352941175,1,10,3,0,11,0,18,110,22,41.19850187265918,59.375,85.52631578947368,8.239700374531834
Shane Panzini,KCR,SP,24,88,70,388,.394,.490,0.21608040201005024,0.17940792352262633,0.05244974874371859,0.5448548812664907,0.08165829145728644,0.11306532663316583,0.09170854271356783,0.08165829145728644,0.2022613065326633,0.05025125628140704,0.01507537688442211,0.02135678391959799,0.39195979899497485,0.39949748743718594,0.15954773869346733,0.104221635883905,0.9723618090452262,0.3693467336683417,0.10552763819095477,.282,.483,13,17,17.880794701986755,93.8,55.6,21.6,14.3,20.9,.343,.443,.743,.375,7.954545454545454,7,15,8,1,24,6,19,148,31,38.14432989690722,51.0548523206751,83.4710743801653,7.989690721649484
Jack Leftwich,CLE,SP,27,83,71,334,.351,.423,0.2135678391959799,0.3466720696711349,0.3878768844221106,0.3660949868073879,0.24874371859296482,0.15201005025125627,0.22110552763819097,0.657035175879397,0.7751256281407035,0.4886934673366834,0.44095477386934673,0.23241206030150754,0.05150753768844221,0.27386934673366836,0.25251256281407036,0.5501319261213721,0.4120603015075377,0.5464824120603015,0.3241206030150754,.272,.427,4.9,8.4,26.506024096385545,88.9,44.3,13.3,16.2,23.5,.324,.410,.563,.356,3.6144578313253017,3,7,9,1,23,2,11,153,36,45.808383233532936,64.8809523809524,80.73394495412846,10.778443113772457
Sammy Peralta,COL,RP,28,83,76,285,.284,.284,0.21105527638190955,0.5800884921529371,0.6862437185929648,0.05277044854881266,0.7550251256281407,0.35050251256281406,0.6758793969849246,0.9045226130653267,0.8555276381909548,0.8530150753768844,0.38316582914572866,0.7814070351758794,0.20979899497487436,0.8869346733668342,0.25251256281407036,0.6015831134564644,0.8869346733668342,0.5113065326633166,0.3391959798994975,.246,.317,1.7,7.2,32.142857142857146,89.2,32.2,18.1,4.6,23.5,.250,.313,.303,.311,1.2048192771084338,1,6,4,0,19,0,15,132,31,46.31578947368421,55.49132947976878,81.25,10.87719298245614
Ryan Jensen,CHC,RP,28,68,50,263,.391,.402,0.20854271356783918,0.3724263909698006,0.27198492462311563,0.9188654353562006,0.08793969849246232,0.22487437185929648,0.39321608040201006,0.6118090452261307,0.10175879396984924,0.35678391959798994,0.06155778894472362,0.02135678391959799,0.33542713567839194,0.6984924623115578,0.657035175879397,0.28891820580474936,0.6633165829145728,0.7060301507537688,0.5452261306532663,.262,.378,5.6,20.6,24.817518248175183,92.2,55.6,20.6,9.1,29.7,.280,.471,.380,.389,2.9411764705882346,2,14,5,0,14,0,14,111,33,42.20532319391635,61.111111111111114,77.92207792207795,12.547528517110267
Omar Cruz,SDP,RP,27,27,21,117,.462,.559,0.20603015075376885,0.4037698938845502,0.4236809045226131,0.3502638522427441,0.007537688442211055,0.017587939698492462,0.02512562814070352,0.07160804020100503,0.07412060301507538,0.7123115577889447,0.8542713567839196,0.7437185929648241,0.41708542713567837,0.8366834170854272,0.7349246231155779,0.21635883905013192,0.457286432160804,0.31909547738693467,0.6005025125628141,.342,.575,13.3,22.2,29.48717948717949,85.7,33.3,22.2,6.5,31.3,.429,.556,.762,.538,7.4074074074074066,2,6,1,0,9,2,6,48,15,41.02564102564102,64.1025641025641,84,12.82051282051282
Josh Simpson,SEA,RP,28,38,32,175,.271,.192,0.20351758793969849,0.5869878194844053,0.6944095477386936,0.3265171503957784,0.8442211055276382,0.8492462311557789,0.9158291457286433,0.9547738693467337,0.25879396984924624,0.2989949748743719,0.44095477386934673,0.46608040201005024,0.8366834170854272,0.4861809045226131,0.3655778894472362,0.2255936675461741,0.7964824120603015,0.11809045226130653,0.27386934673366836,.182,.244,0,15.8,24.13793103448276,88.9,38.9,31.6,12.8,25,.094,.237,.125,.150,0,0,6,1,0,3,0,12,72,18,41.14285714285714,57.95454545454546,88.23529411764706,10.285714285714283
Davis Daniel,CIN,SP,28,169,153,647,.293,.288,0.20100502512562815,0.4918082054953749,0.4808417085427136,0.26978891820580475,0.6771356783919598,0.5376884422110553,0.44095477386934673,0.5376884422110553,0.7801507537688442,0.3969849246231156,0.3706030150753769,0.5741206030150754,0.5414572864321608,0.5804020100502513,0.19472361809045227,0.5435356200527705,0.35678391959798994,0.3806532663316583,0.24874371859296482,.226,.364,6.2,8.3,25.157232704402517,89.3,37.2,24.3,11.1,22,.216,.284,.353,.252,4.142011834319527,7,14,3,0,33,6,41,296,65,45.749613601236476,65.6534954407295,83.33333333333334,10.046367851622877
Chase Plymell,CHW,SP,27,86,77,311,.378,.448,0.1984924623115578,0.26274622894596117,0.1045854271356784,0.26978891820580475,0.12688442211055276,0.08793969849246232,0.04773869346733668,0.15577889447236182,0.7939698492462312,0.30904522613065327,0.12311557788944724,0.09170854271356783,0.24246231155778894,0.44472361809045224,0.45979899497487436,0.7255936675461742,0.19597989949748743,0.7311557788944724,0.6130653266331658,.288,.513,11.3,8.1,24.305555555555554,91.3,50,18.6,13.6,26.7,.338,.395,.649,.357,8.13953488372093,7,7,4,1,26,6,16,150,40,48.231511254019296,68.8622754491018,77.39130434782608,12.861736334405146
Zach Messinger,NYY,RP,26,101,82,365,.344,.308,0.19597989949748743,0.3413116041951181,0.3592964824120603,0.8344327176781002,0.27889447236180903,0.2600502512562814,0.4321608040201005,0.3743718592964824,0.29020100502512564,0.2562814070351759,0.24748743718592964,0.38316582914572866,0.15577889447236182,0.3442211055276382,0.23869346733668342,0.3885224274406333,0.37185929648241206,0.24371859296482412,0.25879396984924624,.256,.366,7.6,14.9,23.560209424083773,90,40.9,16.8,15.2,23.3,.195,.337,.317,.219,4.950495049504951,5,15,2,1,16,2,17,159,37,43.56164383561644,65.51724137931035,85.08771929824562,10.136986301369864
Chuck King,PHI,SP,28,80,72,303,.354,.323,0.1934673366834171,0.31179202962923674,0.11306532663316585,0.6246701846965699,0.23618090452261306,0.1457286432160804,0.10050251256281408,0.0942211055276382,0.7324120603015075,0.22110552763819097,0.056532663316582916,0.20100502512562815,0.4334170854271357,0.5414572864321608,0.3542713567839196,0.2348284960422164,0.41708542713567837,0.2562814070351759,0.26884422110552764,.273,.479,12.7,8.8,22.94117647058824,92.3,45.5,22.5,11.7,24.8,.264,.329,.389,.340,8.75,7,7,6,0,19,1,18,125,31,41.254125412541256,64.66165413533834,84.88372093023256,10.231023102310232
Grant Rogers,TOR,SP,24,146,130,548,.317,.368,0.19095477386934673,0.32044429491344145,0.3125,0.3390501319261214,0.478643216080402,0.2864321608040201,0.3442211055276382,0.5226130653266332,0.7223618090452262,0.16331658291457288,0.24748743718592964,0.135678391959799,0.06658291457286432,0.4861809045226131,0.052763819095477386,0.3614775725593667,0.5,0.11306532663316583,0.06532663316582915,.253,.394,6.3,8.9,21.804511278195488,90,47.7,14.4,12.8,16.5,.285,.349,.492,.302,4.794520547945205,7,13,12,0,37,5,21,237,39,43.248175182481745,63.47517730496454,88.26815642458101,7.116788321167883
Garrett Stallings,MIL,SP,28,117,104,440,.298,.310,0.1884422110552764,0.5192215474911939,0.6158919597989949,0.2922163588390501,0.6407035175879398,0.5100502512562815,0.5125628140703518,0.657035175879397,0.621859296482412,0.6658291457286433,0.5829145728643216,0.7110552763819096,0.25251256281407036,0.4535175879396985,0.33040201005025127,0.4551451187335092,0.4648241206030151,0.157035175879397,0.3417085427135678,.228,.348,4.9,10.3,28.806584362139922,88.1,34.1,18.8,13.5,24.5,.260,.342,.327,.321,3.418803418803419,4,12,4,0,27,1,22,196,48,44.54545454545455,63.959390862944176,87.30158730158729,10.909090909090908
Garrett Schoenle,CHW,RP,27,31,28,111,.282,.268,0.18592964824120603,0.6368031892090177,0.8558417085427137,0.19063324538258572,0.7788944723618091,0.3693467336683417,0.7625628140703518,0.6909547738693468,0.9133165829145728,0.949748743718593,0.9849246231155779,0.9849246231155779,0.12437185929648241,0.7248743718592965,0.1670854271356784,0.6437994722955145,0.8819095477386935,0.04396984924623116,0.22613065326633167,.244,.296,4.5,6.5,36,81.6,18.2,16.1,8.4,21.2,.214,.290,.286,.261,3.2258064516129035,1,2,2,0,6,0,5,52,11,46.846846846846844,55.73770491803278,91.17647058823529,9.90990990990991
Quinn Priester,MIL,SP,25,31,21,135,.409,.484,0.18341708542713567,0.28256801819121996,0.3376256281407035,0.1470976253298153,0.059045226130653265,0.5891959798994975,0.2851758793969849,0.5376884422110553,0.032663316582914576,0.08542713567839195,0.2701005025125628,0.25753768844221103,0.12437185929648241,0.39321608040201006,0.6092964824120602,0.03364116094986808,0.9974874371859297,0.8542713567839196,0.20351758793969849,.219,.407,6.2,25.8,19.230769230769234,89.9,43.8,16.1,14.4,28.9,.333,.548,.524,.400,3.2258064516129035,1,8,1,0,7,1,5,45,13,33.33333333333333,42.168674698795186,74.28571428571429,9.629629629629632
Easton McGee,MIL,SP,28,86,78,321,.347,.379,0.18090452261306533,0.3874484560003182,0.2691582914572864,0.3265171503957784,0.2701005025125628,0.10678391959798995,0.17839195979899497,0.30778894472361806,0.8706030150753769,0.8768844221105527,0.40326633165829145,0.1871859296482412,0.4057788944723618,0.6331658291457286,0.0829145728643216,0.8153034300791556,0.38190954773869346,0.16834170854271358,0.16331658291457288,.283,.439,8.5,7,32.69230769230769,89.1,45.8,22.1,10.3,18.2,.333,.395,.449,.431,5.813953488372092,5,6,4,1,26,1,19,159,29,49.53271028037384,65.45454545454545,87.03703703703705,9.034267912772584
Chen Zhong-Ao Zhuang,ATH,SP,25,87,76,307,.327,.426,0.17839195979899497,0.37844068628100924,0.5486809045226131,0.40435356200527706,0.4082914572864322,0.17839195979899497,0.31909547738693467,0.8316582914572864,0.7110552763819096,0.1457286432160804,0.5477386934673367,0.4962311557788945,0.03768844221105527,0.435929648241206,0.02512562814070352,0.6187335092348285,0.0678391959798995,0.020100502512562814,0.03768844221105527,.267,.401,2.9,9.2,21.428571428571427,88.3,38.2,11.5,13.7,14.7,.329,.391,.605,.317,2.2988505747126435,2,8,4,1,25,5,10,143,21,46.579804560260584,71.89542483660131,92.72727272727272,6.840390879478828
Huascar Ynoa,LAA,SP,27,111,92,434,.375,.353,0.17587939698492464,0.2774091985874845,0.1818467336683417,0.8766490765171504,0.14195979899497488,0.0829145728643216,0.11306532663316583,0.1984924623115578,0.585427135678392,0.30402010050251255,0.1407035175879397,0.2751256281407035,0.2022613065326633,0.1972361809045226,0.21105527638190955,0.27440633245382584,0.5552763819095478,0.18341708542713567,0.18090452261306533,.289,.472,10.5,10.8,24.25531914893617,91.1,43.4,18,17.5,22.5,.293,.378,.413,.347,7.207207207207206,8,12,8,0,27,1,20,182,41,41.935483870967744,62.814070351758794,86.4,9.447004608294929
Alex Pham,BAL,RP,26,74,60,314,.353,.333,0.17336683417085427,0.3461621542187632,0.48963567839195987,0.6589709762532981,0.2399497487437186,0.17839195979899497,0.3530150753768844,0.7135678391959799,0.19472361809045227,0.32160804020100503,0.22613065326633167,0.6658291457286433,0.314070351758794,0.1871859296482412,0.10050251256281408,0.5593667546174143,0.135678391959799,0.15326633165829145,0.12814070351758794,.267,.388,4.3,17.6,24.404761904761905,90.2,34.8,20.3,17.7,18.8,.250,.378,.333,.311,2.7027027027027017,2,13,2,0,15,1,15,144,27,45.859872611464965,70.54794520547945,87.37864077669903,8.598726114649683
Zak Kent,WSN,RP,28,46,40,181,.298,.367,0.1708542713567839,0.5250640294701299,0.4849246231155779,0.3660949868073879,0.6407035175879398,0.6419597989949749,0.5477386934673367,0.1871859296482412,0.4108040201005025,0.7525125628140703,0.7650753768844221,0.4396984924623116,0.6168341708542714,0.7085427135678392,0.2236180904522613,0.5573878627968337,0.7801507537688442,0.18090452261306533,0.3015075376884422,.214,.339,10.7,13,30,86.7,39.3,26.1,8.9,22.9,.275,.370,.450,.346,6.521739130434782,3,6,1,0,11,2,12,83,19,45.85635359116022,58.41584158415842,86.4406779661017,10.497237569060774
Woo-Suk Go,DET,RP,27,28,22,124,.339,.261,0.16834170854271358,0.3384534811259463,0.3027638190954774,0.3265171503957784,0.30778894472361806,0.7173366834170855,0.4849246231155779,0.5376884422110553,0.08668341708542714,0.2236180904522613,0.09673366834170855,0.09170854271356783,0.38316582914572866,0.06532663316582915,0.7399497487437185,0.22295514511873352,0.24874371859296482,0.6306532663316583,0.6180904522613065,.205,.354,6.2,21.4,22.97297297297297,91.7,50,21.4,20.7,31.4,.136,.321,.182,.188,3.571428571428571,1,6,1,0,3,0,6,51,16,41.12903225806452,68,79.41176470588233,12.903225806451614
Colton Gordon,HOU,SP,27,96,87,387,.298,.312,0.1658291457286432,0.44988133278529846,0.510678391959799,0.16490765171503954,0.6407035175879398,0.3806532663316583,0.535175879396985,0.4082914572864322,0.9271356783919598,0.46984924623115576,0.49874371859296485,0.6005025125628141,0.25251256281407036,0.4648241206030151,0.05527638190954774,0.6345646437994723,0.4798994974874372,0.0942211055276382,0.08793969849246232,.242,.341,7.4,6.3,26.285714285714285,88.6,36.8,18.8,13.2,16.6,.264,.313,.391,.304,5.208333333333334,5,6,5,0,23,2,18,181,30,46.770025839793284,63.679245283018865,88.8888888888889,7.751937984496124
Chase Lee,TOR,RP,27,76,66,305,.277,.286,0.16331658291457288,0.5297800568365133,0.7119974874371859,0.09102902374670184,0.8128140703517588,0.8304020100502513,0.7286432160804021,0.2675879396984925,0.4836683417085427,0.13316582914572864,0.9484924623115578,0.9032663316582915,0.5615577889447236,0.2876884422110553,0.30904522613065327,0.1503957783641161,0.7587939698492462,0.6381909547738693,0.19095477386934673,.184,.304,9.1,11.8,21.019108280254773,83.9,27.3,25,16,24.2,.227,.329,.273,.319,5.263157894736842,4,9,3,0,15,0,19,120,29,39.34426229508197,58.78378378378378,79.3103448275862,9.508196721311474
Valente Bellozo,COL,SP,26,125,104,516,.321,.367,0.16080402010050251,0.40048278993914166,0.6234296482412061,0.11609498680738785,0.457286432160804,0.27386934673366836,0.42839195979899497,0.478643216080402,0.4321608040201005,0.6394472361809045,0.7449748743718593,0.8417085427135679,0.11683417085427136,0.21105527638190955,0.06532663316582915,0.5105540897097626,0.5326633165829145,0.14824120603015076,0.10050251256281408,.254,.367,6.8,12.8,28.40909090909091,86.9,29.5,16,17.4,17.5,.288,.376,.462,.318,4.8,6,16,3,3,30,3,20,234,41,45.34883720930232,63.0952380952381,87.42138364779875,7.945736434108528
Matt Pushard,STL,RP,28,49,41,200,.356,.290,0.15829145728643215,0.379190090735118,0.2613065326633166,0.737467018469657,0.22738693467336685,0.34296482412060303,0.38190954773869346,0.11055276381909548,0.4610552763819096,0.3806532663316583,0.2952261306532663,0.25753768844221103,0.3203517587939699,0.6017587939698492,0.4334170854271357,0.6761213720316622,0.5791457286432161,0.7864321608040201,0.5326633165829145,.247,.383,12.5,12.2,25,89.8,43.8,20.4,10.9,26.3,.220,.306,.341,.273,8.16326530612245,4,6,3,1,9,0,10,95,25,47.5,62.5,76,12.5
Chris Roycroft,STL,RP,28,67,62,221,.296,.380,0.15577889447236182,0.6258587904341409,0.8052763819095478,0.7816622691292876,0.6608040201005025,0.20100502512562815,0.5477386934673367,0.8957286432160804,0.8391959798994975,0.628140703517588,0.9296482412060302,0.8479899497487438,0.0829145728643216,0.9560301507537688,0.13944723618090452,0.7757255936675461,0.3592964824120603,0.24874371859296482,0.23869346733668342,.264,.339,2,7.5,28.282828282828284,84.3,29.4,14.9,0.5,20.4,.339,.388,.468,.404,1.4925373134328357,1,5,6,1,21,0,10,108,22,48.868778280542976,65.57377049180327,85,9.954751131221721
Sam Carlson,HOU,RP,27,60,53,257,.287,.308,0.15326633165829145,0.46150414561815234,0.5844849246231155,0.12598944591029024,0.7336683417085427,0.5376884422110553,0.5175879396984925,0.6457286432160804,0.8982412060301508,0.11306532663316583,0.621859296482412,0.5527638190954773,0.47110552763819097,0.21105527638190955,0.1092964824120603,0.23087071240105544,0.6683417085427136,0.32160804020100503,0.09045226130653267,.226,.346,5,6.7,20.161290322580644,87.9,37.5,23.3,17.4,18.9,.264,.317,.377,.325,3.333333333333333,2,4,1,1,14,1,14,106,20,41.24513618677042,60.902255639097746,83.95061728395059,7.782101167315174
John McMillon,PHI,RP,28,33,24,157,.324,.353,0.1507537688442211,0.5854489576289539,0.803391959798995,0.8344327176781002,0.42839195979899497,0.9359296482412061,0.9120603015075377,0.5804020100502513,0.048994974874371856,0.23366834170854273,0.8731155778894473,0.8479899497487438,0.2198492462311558,0.6884422110552764,0.4221105527638191,0.24406332453825855,0.1708542713567839,0.35050251256281406,0.33040201005025127,.160,.245,5.9,24.2,23.157894736842106,85.3,29.4,18.2,9.2,26.2,.208,.424,.292,.278,3.0303030303030303,1,8,2,0,5,0,6,65,17,41.40127388535032,69.35483870967742,83.72093023255816,10.828025477707007
Jack Weisenburger,NYM,SP,28,37,34,130,.378,.368,0.14824120603015076,0.32508187374869063,0.13850502512562815,0.570580474934037,0.12688442211055276,0.031407035175879394,0.08542713567839195,0.43844221105527637,0.957286432160804,0.785175879396985,0.01256281407035176,0.017587939698492462,0.13442211055276382,0.5665829145728644,0.17462311557788945,0.6451187335092349,0.6381909547738693,0.1306532663316583,0.24371859296482412,.323,.484,7.1,5.4,30.64516129032258,94.2,57.1,16.2,11.3,21.3,.324,.378,.441,.370,5.405405405405406,2,2,1,0,11,1,6,61,13,46.92307692307693,61.764705882352935,88.09523809523809,10
Shinnosuke Ogasawara,WSN,SP,28,55,50,211,.313,.405,0.1457286432160804,0.39907955564984116,0.40452261306532666,0.07915567282321902,0.5251256281407035,0.2449748743718593,0.4007537688442211,0.33040201005025127,0.8505025125628141,0.40954773869346733,0.3592964824120603,0.5276381909547738,0.4937185929648241,0.2638190954773869,0.30402010050251255,0.2295514511873351,0.7801507537688442,0.12688442211055276,0.23618090452261306,.259,.375,8.1,7.3,25.45454545454545,89.4,37.8,23.6,16.5,24.1,.320,.382,.540,.400,5.454545454545454,3,4,5,0,16,2,13,87,21,41.23222748815166,58.41584158415842,88.13559322033899,9.952606635071088
Justin King,MIA,RP,28,22,14,104,.400,.461,0.14321608040201006,0.5294071500864038,0.8542713567839196,0.7209762532981531,0.0728643216080402,0.3592964824120603,0.8517587939698492,0.9547738693467337,0.002512562814070352,0.022613065326633167,0.8668341708542714,0.7437185929648241,0.44221105527638194,0.992462311557789,0.3228643216080402,0.15567282321899736,0.821608040201005,0.7701005025125628,0.20100502512562815,.245,.271,0,36.4,15.555555555555555,85.4,33.3,22.7,"'-2.9",24.4,.357,.591,.357,.556,0,0,8,0,0,5,0,5,41,10,39.42307692307692,57.62711864406779,76.47058823529412,9.615384615384617
Jackson Ferris,LAD,SP,22,106,90,423,.370,.395,0.1407035175879397,0.3317013829039657,0.45791457286432163,0.3660949868073879,0.15577889447236182,0.04522613065326633,0.2236180904522613,0.6457286432160804,0.3907035175879397,0.15829145728643215,0.6017587939698492,0.36055276381909546,0.032663316582914576,0.9396984924623115,0.06030150753768844,0.22427440633245385,0.5942211055276382,0.0942211055276382,0.05778894472361809,.310,.426,5,13.2,21.71945701357466,88,41.2,11.3,1.3,17.2,.322,.406,.489,.338,3.7735849056603774,4,14,6,0,29,3,12,174,30,41.13475177304964,62.37623762376238,88.8888888888889,7.092198581560284
Hayden Harris,ATL,RP,27,70,49,293,.384,.393,0.13819095477386933,0.3564118415295474,0.5210427135678393,0.2091029023746702,0.10804020100502512,0.5251256281407035,0.47738693467336685,0.13190954773869346,0.06532663316582915,0.07035175879396985,0.7311557788944724,0.7437185929648241,0.6796482412060302,0.12185929648241206,0.41331658291457285,0.09762532981530343,0.7236180904522613,0.7989949748743719,0.2236180904522613,.227,.358,12.1,22.9,18.70967741935484,87,33.3,27.1,18.9,26.1,.265,.443,.429,.375,5.7142857142857135,4,16,3,1,13,1,19,111,29,37.8839590443686,59.42028985507246,75.60975609756099,9.897610921501707
Garrett Hawkins,SDP,RP,26,73,57,289,.343,.377,0.135678391959799,0.3166077750228716,0.2776381909547739,0.6246701846965699,0.28391959798994976,0.550251256281407,0.25753768844221103,0.17336683417085427,0.19095477386934673,0.5653266331658291,0.33040201005025127,0.3492462311557789,0.18592964824120603,0.17839195979899497,0.1092964824120603,0.5316622691292876,0.5703517587939698,0.19597989949748743,0.13316582914572864,.224,.417,10.9,17.8,27.33812949640288,89.6,41.3,17.8,17.9,18.9,.246,.375,.491,.273,6.849315068493151,5,13,6,1,14,2,13,132,25,45.674740484429066,62.66666666666667,86.17021276595743,8.650519031141869
Nick Dombkowski,PIT,SP,27,129,111,525,.353,.379,0.13316582914572864,0.38924973371695776,0.5125628140703518,0.3845646437994723,0.2399497487437186,0.23743718592964824,0.20854271356783918,0.5062814070351759,0.3907035175879397,0.8530150753768844,0.8793969849246231,0.45603015075376885,0.07914572864321608,0.36683417085427134,0.06909547738693467,0.8350923482849604,0.1457286432160804,0.1092964824120603,0.1407035175879397,.260,.432,6.5,13.2,32.142857142857146,85.2,39.1,14.7,14.9,17.6,.279,.380,.468,.291,4.651162790697675,6,17,3,0,31,6,19,262,46,49.904761904761905,70.20408163265307,88.3720930232558,8.761904761904763
Lenny Torres Jr.,PHI,RP,25,34,26,146,.409,.480,0.1306532663316583,0.18647492077803265,0.021984924623115576,0.8344327176781002,0.059045226130653265,0.4321608040201005,0.04271356783919598,0.03768844221105527,0.05778894472361809,0.01256281407035176,0.002512562814070352,0.005025125628140704,0.33542713567839194,0.2638190954773869,0.15452261306532664,0.022427440633245383,0.8391959798994975,0.3806532663316583,0.0414572864321608,.235,.522,15.8,23.5,14.457831325301207,98.3,73.7,20.6,16.5,20.8,.308,.471,.654,.353,8.823529411764708,3,8,1,1,8,2,7,48,10,32.87671232876712,57.14285714285714,83.33333333333334,6.849315068493151
Hagen Danner,CIN,RP,27,62,48,243,.424,.423,0.12814070351758794,0.3851461021024207,0.5646984924623115,0.9056728232189972,0.038944723618090454,0.020100502512562814,0.16331658291457288,0.6268844221105527,0.06909547738693467,0.10050251256281408,0.7650753768844221,0.7035175879396985,0.12437185929648241,0.7738693467336684,0.33040201005025127,0.2757255936675462,0.3203517587939699,0.2864321608040201,0.27638190954773867,.335,.447,5.3,22.6,19.685039370078737,86.7,34.2,16.1,7.5,24.5,.333,.484,.438,.405,3.2258064516129035,2,14,2,0,16,1,10,102,25,41.975308641975296,66.3793103448276,84.4155844155844,10.2880658436214
Dan Hammer,NYM,RP,28,49,38,208,.362,.341,0.12562814070351758,0.4198598533564923,0.4293341708542714,0.7631926121372031,0.1922110552763819,0.46608040201005024,0.39321608040201006,0.4082914572864322,0.16834170854271358,0.24371859296482412,0.33040201005025127,0.585427135678392,0.42839195979899497,0.5163316582914573,0.542713567839196,0.0633245382585752,0.8467336683417085,0.28266331658291455,0.25125628140703515,.232,.378,7.4,18.4,23.255813953488367,89.6,37,22.4,12.1,28,.237,.408,.289,.333,4.081632653061225,2,9,2,0,9,0,11,75,21,36.057692307692314,56.96202531645571,84.44444444444444,10.096153846153848
Riley Gowens,CHW,RP,26,64,58,250,.323,.325,0.12311557788944724,0.3610347803220146,0.2967964824120603,0.2922163588390501,0.4396984924623116,0.21482412060301506,0.43467336683417085,0.5376884422110553,0.8165829145728644,0.33668341708542715,0.12311557788944724,0.09170854271356783,0.1708542713567839,0.7914572864321608,0.0829145728643216,0.7387862796833773,0.2236180904522613,0.25125628140703515,0.14321608040201006,.263,.365,6.2,7.8,24.561403508771928,91.3,50,17.2,7.3,18.2,.293,.344,.379,.340,4.6875,3,5,2,0,17,1,11,121,22,48.4,68.38235294117648,84.94623655913979,8.799999999999997
Luis Morales,ATH,SP,23,74,62,315,.452,.514,0.12060301507537688,0.1737770315959746,0.04396984924623115,0.9320580474934036,0.01256281407035176,0.03768844221105527,0.005025125628140704,0.01507537688442211,0.2449748743718593,0.03768844221105527,0.04773869346733668,0.10804020100502512,0.03015075376884422,0.5917085427135679,0.022613065326633167,0.17018469656992086,0.3165829145728643,0.03768844221105527,0.022613065326633167,.316,.636,18.9,16.2,17.441860465116278,92.8,49.1,10.8,11,14.4,.355,.459,.758,.333,13.513513513513516,10,12,5,1,22,6,8,125,18,39.68253968253968,66.43356643356644,91.57894736842104,5.7142857142857135
Dylan Phillips,LAA,RP,26,40,36,156,.314,.366,0.11809045226130653,0.40000629798066845,0.4576005025125628,0.10158311345646437,0.507537688442211,0.2864321608040201,0.4007537688442211,0.43844221105527637,0.6582914572864321,0.3178391959798995,0.3592964824120603,0.6319095477386935,0.3015075376884422,0.7198492462311558,0.07663316582914573,0.5844327176781002,0.13819095477386933,0.4296482412060301,0.11934673366834171,.253,.375,7.1,10,24.39024390243902,89.4,35.7,20,8.6,18.1,.306,.375,.444,.370,5,2,4,0,1,11,1,8,72,13,46.153846153846146,70.27027027027027,82.69230769230771,8.333333333333332
Tink Hence,STL,RP,23,45,35,173,.380,.418,0.11557788944723618,0.3070483795406231,0.3288316582914573,0.5112137203166227,0.11557788944723618,0.25125628140703515,0.27638190954773867,0.1871859296482412,0.11557788944723618,0.11809045226130653,0.6846733668341709,0.1670854271356784,0.10678391959798995,0.9195979899497487,0.23115577889447236,0.09102902374670184,0.550251256281407,0.4723618090452261,0.135678391959799,.258,.409,10.7,20,20.38834951456311,87.4,46.4,15.6,2.9,23.1,.286,.444,.486,.333,6.666666666666668,3,9,4,0,10,1,7,65,15,37.57225433526011,62.85714285714285,81.81818181818183,8.670520231213873
Marcus Johnson,TBR,SP,25,60,53,215,.355,.382,0.11306532663316583,0.31674726977013473,0.3790829145728643,0.19920844327176784,0.23241206030150754,0.0829145728643216,0.1306532663316583,0.7135678391959799,0.6582914572864321,0.4045226130653266,0.5188442211055276,0.15326633165829145,0.020100502512562814,0.6432160804020101,0.04396984924623116,0.3271767810026385,0.7035175879396985,0.06281407035175879,0.04522613065326633,.289,.461,4.3,10,25.233644859813083,88.5,46.8,10,10.1,16.3,.302,.367,.509,.304,3.333333333333333,2,6,3,1,16,2,6,92,15,42.7906976744186,60.185185185185176,90.76923076923076,6.9767441860465125
Ethan Roberts,CHC,RP,28,41,36,183,.288,.319,0.11055276381909548,0.41979521618647325,0.3052763819095477,0.3390501319261214,0.7211055276381909,0.7022613065326633,0.6017587939698492,0.3379396984924623,0.4610552763819096,0.271356783919598,0.15201005025125627,0.12939698492462312,0.664572864321608,0.36683417085427134,0.29020100502512564,0.13192612137203166,0.8316582914572864,0.39949748743718594,0.17336683417085427,.206,.330,8,12.2,23.762376237623762,91,48,26.8,14.9,23.9,.222,.317,.389,.292,4.878048780487805,2,5,3,0,8,1,11,71,17,38.797814207650276,57.3170731707317,82.97872340425532,9.289617486338797
Tyler Samaniego,BOS,RP,27,30,25,121,.442,.399,0.10804020100502512,0.4374936467738871,0.6293969849246231,0.6431398416886543,0.022613065326633167,0.007537688442211055,0.0364321608040201,0.6909547738693468,0.3793969849246231,0.657035175879397,0.8869346733668342,0.9032663316582915,0.020100502512562814,0.9623115577889447,0.04020100502512563,0.5976253298153035,0.37185929648241206,0.3103015075376884,0.07788944723618091,.358,.537,4.5,13.3,28.57142857142857,84.9,27.3,10,0.3,16.1,.320,.433,.440,.333,3.333333333333333,1,4,0,0,8,1,3,56,9,46.280991735537185,65.51724137931035,84.21052631578947,7.43801652892562
Collin Baumgartner,COL,RP,27,82,63,372,.373,.415,0.10552763819095477,0.36256784140579773,0.5392587939698492,0.4802110817941953,0.1507537688442211,0.44221105527638194,0.30778894472361806,0.13693467336683418,0.07788944723618091,0.052763819095477386,0.792713567839196,0.9195979899497487,0.5464824120603015,0.15326633165829145,0.29020100502512564,0.062005277044854874,0.949748743718593,0.5025125628140703,0.1306532663316583,.234,.403,11.9,22,17.97752808988764,86.5,26.2,24.4,18.3,23.9,.302,.463,.444,.415,6.097560975609755,5,18,3,0,19,2,20,134,32,36.021505376344095,52.57731958762887,81.37254901960785,8.60215053763441
Ronan Kopp,LAD,RP,23,75,54,323,.375,.418,0.10301507537688442,0.2934676681560839,0.28580402010050254,0.7816622691292876,0.14195979899497488,0.6796482412060302,0.2989949748743719,0.2675879396984925,0.02763819095477387,0.09798994974874371,0.2952261306532663,0.2814070351758794,0.07914572864321608,0.44472361809045224,0.12562814070351758,0.08575197889182057,0.7135678391959799,0.0829145728643216,0.07537688442211055,.209,.404,9.1,26.7,19.553072625698324,89.8,43.2,14.7,13.6,19.8,.241,.440,.500,.225,5.333333333333334,4,20,2,0,13,4,11,121,24,37.46130030959753,59.72222222222222,89.53488372093024,7.4303405572755405
Noah Song,BOS,RP,28,92,74,377,.369,.362,0.10050251256281408,0.3867741853506759,0.4902638190954774,0.6701846965699209,0.16080402010050251,0.16080402010050251,0.21231155778894473,0.46984924623115576,0.23743718592964824,0.2638190954773869,0.4648241206030151,0.8140703517587939,0.27889447236180903,0.3793969849246231,0.5288944723618091,0.28759894459102897,0.41457286432160806,0.27638190954773867,0.4371859296482412,.270,.429,6.9,16.3,23.671497584541058,88.8,31,19.6,14.6,27.7,.270,.391,.405,.309,4.3478260869565215,4,15,1,0,20,3,18,159,44,42.17506631299735,64.70588235294117,84.54545454545455,11.671087533156497
Konnor Pilkington,DET,RP,28,83,64,323,.376,.333,0.09798994974874371,0.3845698921166962,0.41331658291457285,0.3660949868073879,0.135678391959799,0.30904522613065327,0.17839195979899497,0.2236180904522613,0.135678391959799,0.7487437185929648,0.8027638190954773,0.4484924623115578,0.20979899497487436,0.435929648241206,0.6206030150753769,0.30606860158311344,0.9396984924623115,0.4798994974874372,0.5175879396984925,.251,.439,9.8,19.3,29.931972789115648,86.4,39.2,18.1,13.7,29.2,.203,.361,.359,.224,6.024096385542169,5,16,4,0,13,2,15,137,40,42.41486068111456,52.84090909090909,81.72043010752688,12.383900928792569
Helcris Olivárez,KCR,RP,25,76,53,334,.421,.391,0.09547738693467336,0.2815263653359144,0.28706030150753764,0.8984168865435356,0.04271356783919598,0.15201005025125627,0.24874371859296482,0.38567839195979897,0.022613065326633167,0.002512562814070352,0.4221105527638191,0.09170854271356783,0.16834170854271358,0.8228643216080402,0.12060301507537688,0.0158311345646438,0.9321608040201005,0.10050251256281408,0.02512562814070352,.272,.420,7.5,27.6,13.114754098360656,89,50,17.1,6.8,19.2,.208,.447,.377,.237,3.947368421052632,3,21,3,0,11,2,13,104,20,31.13772455089821,52.98013245033113,88.75,5.9880239520958085
Ethan Routzahn,SDP,RP,28,79,66,306,.328,.333,0.09296482412060302,0.4360940034384766,0.5646984924623115,0.19920844327176784,0.39824120603015073,0.33668341708542715,0.5087939698492462,0.7638190954773869,0.4396984924623116,0.2989949748743719,0.5829145728643216,0.40326633165829145,0.14824120603015076,0.9271356783919598,0.22613065326633167,0.5131926121372031,0.4296482412060301,0.6532663316582915,0.29773869346733667,.248,.349,3.7,12.7,24.13793103448276,88.1,40.7,16.5,2.3,23,.227,.342,.394,.250,2.5316455696202533,2,10,3,1,15,2,13,139,32,45.42483660130719,64.59627329192547,78.84615384615384,10.45751633986928
Shane Murphy,CHW,SP,25,44,42,160,.415,.382,0.09045226130653267,0.27759703309865064,0.3071608040201005,0.06860158311345646,0.048994974874371856,0.01256281407035176,0.020100502512562814,0.3479899497487437,0.9824120603015075,0.5339195979899497,0.5477386934673367,0.3128140703517588,0.01507537688442211,0.435929648241206,0.005025125628140704,0.7163588390501321,0.9120603015075377,0.05527638190954774,0.020100502512562814,.352,.587,7.9,4.5,27.02702702702703,88.3,42.1,9.1,13.7,11.7,.333,.364,.500,.333,6.8181818181818175,3,2,1,0,14,2,4,77,9,48.125,54.47154471544715,91.04477611940298,5.625
Seth Lonsway,SFG,SP,27,117,98,427,.360,.351,0.08793969849246232,0.3613005109098704,0.4764447236180905,0.17480211081794195,0.20351758793969849,0.1871859296482412,0.23743718592964824,0.4082914572864322,0.4321608040201005,0.135678391959799,0.6746231155778895,0.585427135678392,0.07160804020100503,0.9346733668341709,0.29020100502512564,0.2282321899736148,0.32663316582914576,0.43467336683417085,0.21733668341708542,.266,.422,7.4,12.8,21.09704641350211,87.5,37,14.5,1.6,23.9,.276,.385,.378,.313,5.128205128205128,6,15,4,0,27,2,17,176,42,41.21779859484778,66.3157894736842,82.53968253968253,9.836065573770492
Austin Pope,FA,SP,27,62,56,240,.379,.414,0.08542713567839195,0.31898111931690115,0.332286432160804,0.3265171503957784,0.11934673366834171,0.04271356783919598,0.07537688442211055,0.3555276381909548,0.6758793969849246,0.8115577889447236,0.33040201005025127,0.5678391959798995,0.010050251256281407,0.5100502512562815,0.002512562814070352,0.6596306068601583,0.44472361809045224,0.005025125628140704,0.007537688442211055,.313,.491,7.8,9.7,31.2,89.6,37.3,8.1,12.2,11.5,.339,.403,.536,.333,6.451612903225807,4,6,2,0,19,3,5,113,13,47.08333333333334,64.34782608695652,98.64864864864865,5.416666666666668
Braxton Roxby,SFG,RP,27,55,40,221,.441,.393,0.0829145728643216,0.21189832186437907,0.05025125628140703,0.5277044854881267,0.02512562814070352,0.2864321608040201,0.022613065326633167,0.08668341708542714,0.18090452261306533,0.3806532663316583,0.02386934673366834,0.0678391959798995,0.2198492462311558,0.27889447236180903,0.44221105527638194,0.1517150395778364,0.864321608040201,0.1407035175879397,0.2914572864321608,.253,.584,12.9,18.2,25,93.4,51.6,18.2,16.1,26.4,.225,.418,.450,.241,7.2727272727272725,4,10,3,0,9,2,10,87,23,39.366515837104075,56.43564356435643,87.71929824561403,10.407239819004523
Patrick Monteverde,MIA,SP,28,113,97,447,.367,.391,0.08040201005025126,0.33270629753870495,0.551821608040201,0.10554089709762532,0.17587939698492464,0.07035175879396985,0.13693467336683418,0.43844221105527637,0.5087939698492462,0.36180904522613067,0.792713567839196,0.8391959798994975,0.05150753768844221,0.1972361809045226,0.314070351758794,0.579155672823219,0.5603015075376885,0.6482412060301508,0.3693467336683417,.293,.455,7.1,11.5,24.87309644670051,86.5,29.8,13.3,17.5,24.3,.289,.372,.526,.291,5.3097345132743365,6,13,8,0,28,5,15,206,50,46.085011185682326,62.8,78.98089171974523,11.185682326621924
Amos Willingham,FA,RP,27,58,47,256,.372,.293,0.07788944723618091,0.3653933696627376,0.4202261306532663,0.6246701846965699,0.15326633165829145,0.21482412060301506,0.25125628140703515,0.1771356783919598,0.14949748743718594,0.3454773869346734,0.6017587939698492,0.6507537688442211,0.09673366834170855,0.8153266331658291,0.30402010050251255,0.408311345646438,0.33668341708542715,0.16080402010050251,0.3065326633165829,.263,.419,10.8,19,24.63768115942029,88,35.1,15.5,6.9,24.1,.191,.345,.255,.237,6.896551724137932,4,11,3,0,9,0,9,112,27,43.75,66.10169491525424,87.1794871794872,10.546875
Raul Brito,MIN,RP,28,112,92,453,.340,.391,0.07537688442211055,0.38165238019472913,0.3266331658291457,0.6853562005277045,0.2989949748743719,0.3592964824120603,0.3530150753768844,0.4258793969849246,0.28266331658291455,0.15326633165829145,0.4221105527638191,0.10552763819095477,0.38316582914572866,0.871859296482412,0.23869346733668342,0.2598944591029024,0.3316582914572864,0.23869346733668342,0.20854271356783918,.245,.388,7.2,15.2,21.686746987951807,89,49.3,21.4,5.4,23.3,.293,.405,.467,.344,4.464285714285714,5,17,1,0,27,5,24,189,44,41.721854304635755,66.17647058823529,85.18518518518519,9.713024282560708
John Michael Bertrand,SFG,SP,28,149,133,566,.322,.367,0.0728643216080402,0.4067644732015399,0.46984924623115576,0.1424802110817942,0.4484924623115578,0.2537688442211055,0.3278894472361809,0.7135678391959799,0.6444723618090452,0.6180904522613065,0.4648241206030151,0.3731155778894472,0.035175879396984924,0.8266331658291457,0.032663316582914576,0.5237467018469657,0.3492462311557789,0.022613065326633167,0.05527638190954774,.257,.398,4.3,10.1,28.052805280528048,88.8,41,11.4,6.7,15.5,.308,.376,.444,.321,3.355704697986577,5,15,3,0,41,5,17,258,40,45.58303886925796,65.77946768060836,92.48554913294798,7.06713780918728
Connor Noland,CHC,SP,26,162,141,605,.347,.379,0.07035175879396985,0.30138351166562805,0.3803391959798995,0.15303430079155672,0.2701005025125628,0.157035175879397,0.21733668341708542,0.4962311557788945,0.5527638190954773,0.2851758793969849,0.2952261306532663,0.5125628140703518,0.04773869346733668,0.5804020100502513,0.048994974874371856,0.36939313984168864,0.5150753768844221,0.01256281407035176,0.06281407035175879,.271,.428,6.6,11.1,24.025974025974026,89.8,38,13,11.1,16.4,.277,.364,.496,.281,4.938271604938271,8,18,8,1,39,7,21,262,43,43.30578512396694,63.299663299663294,93.61702127659576,7.107438016528926
Ryan Webb,CLE,SP,27,149,118,574,.388,.440,0.0678391959798995,0.25076404449689077,0.33322864321608037,0.2315303430079156,0.10050251256281408,0.13944723618090452,0.20603015075376885,0.5062814070351759,0.12814070351758794,0.0728643216080402,0.20351758793969849,0.41708542713567837,0.12437185929648241,0.7324120603015075,0.14698492462311558,0.10026385224274406,0.9422110552763819,0.3103015075376884,0.09296482412060302,.274,.433,6.5,19.5,18.8,90.4,40.2,16.1,8.3,20.6,.331,.470,.517,.389,4.026845637583892,6,29,6,2,39,4,24,218,45,37.979094076655045,52.77777777777778,84.21052631578947,7.839721254355401
Brendan White,SEA,RP,27,56,44,217,.361,.410,0.06532663316582915,0.3454923032046777,0.6695979899497487,0.17480211081794195,0.19597989949748743,0.16834170854271358,0.44095477386934673,0.8417085427135679,0.3241206030150754,0.04773869346733668,0.6520100502512562,0.7437185929648241,0.06281407035175879,0.2876884422110553,0.20603015075376885,0.14511873350923482,0.628140703517588,0.3944723618090452,0.13819095477386933,.268,.364,2.8,14.3,17.857142857142858,87.7,33.3,14.3,16,22.4,.295,.429,.500,.333,1.7857142857142856,1,8,2,2,13,1,8,85,19,39.1705069124424,61.904761904761905,83.07692307692308,8.755760368663594
Ian Bedell,STL,RP,26,96,73,400,.402,.432,0.06281407035175879,0.234339021404295,0.34830402010050254,0.3133245382585752,0.07035175879396985,0.10175879396984924,0.1444723618090452,0.43844221105527637,0.12060301507537688,0.11557788944723618,0.44095477386934673,0.3693467336683417,0.25251256281407036,0.29773869346733667,0.14698492462311558,0.17810026385224276,0.37185929648241206,0.17587939698492464,0.11306532663316583,.284,.452,7.1,19.8,20.35398230088496,88.9,41.1,18.8,15.9,20.6,.329,.479,.479,.407,4.166666666666666,4,19,5,0,24,2,18,160,33,40,65.51724137931035,86.8421052631579,8.25
Michael Mercado,PHI,RP,27,28,22,108,.407,.376,0.06030150753768844,0.2925182751930276,0.35364321608040206,0.5956464379947229,0.06532663316582915,0.11306532663316583,0.08542713567839195,0.5804020100502513,0.08668341708542714,0.02763819095477387,0.6017587939698492,0.14698492462311558,0.1934673366834171,0.9309045226130653,0.0829145728643216,0.19854881266490765,0.002512562814070352,0.135678391959799,0.0728643216080402,.282,.484,5.9,21.4,16.417910447761194,88,47.1,17.9,1.9,18.2,.318,.464,.318,.412,3.571428571428571,1,6,0,0,7,0,5,44,8,40.74074074074074,80.4878048780488,87.87878787878788,7.4074074074074066
Tyler Santana,CHC,RP,28,85,74,330,.359,.449,0.05778894472361809,0.31690886269518215,0.3266331658291457,0.3845646437994723,0.21105527638190955,0.21482412060301506,0.12814070351758794,0.3555276381909548,0.41959798994974873,0.41457286432160806,0.2701005025125628,0.5527638190954773,0.04020100502512563,0.6520100502512562,0.15954773869346733,0.7058047493403694,0.28391959798994976,0.1507537688442211,0.24371859296482412,.263,.462,7.8,12.9,25.490196078431374,89.9,37.5,11.8,9.8,20.9,.338,.424,.608,.339,5.882352941176469,5,11,5,0,25,5,10,158,33,47.87878787878788,67.2316384180791,87.39495798319328,10
Javier Assad,CHC,SP,28,39,33,137,.416,.486,0.05527638190954774,0.27195398717421765,0.31972361809045224,0.5448548812664907,0.04522613065326633,0.010050251256281407,0.07788944723618091,0.7537688442211056,0.2751256281407035,0.10678391959798995,0.2701005025125628,0.1771356783919598,0.1934673366834171,0.7399497487437185,0.06909547738693467,0.07915567282321902,1,0.05025125628140704,0.02763819095477387,.354,.488,3.8,15.4,20,89.9,46.2,17.9,8.2,17.6,.364,.462,.667,.417,2.564102564102564,1,6,4,0,12,2,7,51,9,37.22627737226277,42.056074766355145,91.11111111111113,6.569343065693432
Justin Yeager,SDP,RP,28,84,67,340,.424,.460,0.052763819095477386,0.20298336449176402,0.13347989949748745,0.7209762532981531,0.038944723618090454,0.031407035175879394,0.03015075376884422,0.11055276381909548,0.21608040201005024,0.4648241206030151,0.22613065326633167,0.1670854271356784,0.09673366834170855,0.16959798994974876,0.16331658291457288,0.5870712401055409,0.46733668341708545,0.04020100502512563,0.20603015075376885,.323,.559,12.5,16.7,26.25,90.2,46.4,15.5,18,21,.358,.458,.612,.385,8.333333333333332,7,14,5,0,24,4,13,157,33,46.17647058823529,63.88888888888889,91.30434782608695,9.705882352941178
Jose Fleury,HOU,SP,24,61,45,249,.436,.441,0.05025125628140704,0.15440715008640388,0.28046482412060303,0.22097625329815304,0.032663316582914576,0.06030150753768844,0.06532663316582915,0.3027638190954774,0.038944723618090454,0.01507537688442211,0.33040201005025127,0.42336683417085424,0.1444723618090452,0.1457286432160804,0.0728643216080402,0.12269129287598945,0.37185929648241206,0.08542713567839195,0.035175879396984924,.297,.499,8.6,24.6,15.037593984962404,89.6,40,16.4,18.5,17.7,.289,.475,.511,.333,4.918032786885246,3,15,4,0,13,2,10,96,17,38.55421686746988,65.51724137931035,89.47368421052632,6.827309236947793
Kaleb Bowman,MIL,RP,28,60,45,305,.378,.433,0.04773869346733668,0.32566498941497285,0.38913316582914576,0.26978891820580475,0.12688442211055276,0.3806532663316583,0.37814070351758794,0.5804020100502513,0.06030150753768844,0.09045226130653267,0.3592964824120603,0.23869346733668342,0.22613065326633167,0.8040201005025126,0.39321608040201006,0.10949868073878627,0.4484924623115578,0.8316582914572864,0.21733668341708542,.242,.384,5.9,23.3,19.318181818181817,89.4,44.1,18.3,7.1,25.6,.311,.483,.467,.375,3.333333333333333,2,14,1,0,14,2,11,117,30,38.360655737704924,64.34108527131785,74.69879518072288,9.836065573770492
Daniel Harper,PHI,RP,26,37,27,177,.394,.428,0.04522613065326633,0.2175231367921401,0.2041457286432161,0.5600263852242744,0.08165829145728644,0.30904522613065327,0.271356783919598,0.24371859296482412,0.04522613065326633,0.2185929648241206,0.24748743718592964,0.05402010050251256,0.13442211055276382,0.3442211055276382,0.10050251256281408,0.5052770448548812,0.08542713567839195,0.08040201005025126,0.12562814070351758,.251,.412,9.5,24.3,22.916666666666664,90,52.4,16.2,15.2,18.8,.296,.459,.519,.333,5.405405405405406,2,9,1,1,8,1,6,80,15,45.19774011299435,71.60493827160494,89.65517241379311,8.47457627118644
Bryce Jarvis,ARI,RP,28,90,76,368,.385,.409,0.04271356783919598,0.27753902538196695,0.33636934673366836,0.5277044854881267,0.10552763819095477,0.12562814070351758,0.05778894472361809,0.1871859296482412,0.3793969849246231,0.07788944723618091,0.5477386934673367,0.5527638190954773,0.36055276381909546,0.314070351758794,0.0942211055276382,0.10290237467018468,0.7361809045226131,0.07035175879396985,0.052763819095477386,.278,.505,10.7,13.3,19.07216494845361,88.3,37.5,21.1,15.6,18.6,.289,.389,.553,.333,6.666666666666668,6,12,6,1,22,4,19,140,26,38.04347826086957,59.195402298850574,90.29126213592234,7.065217391304348
Colin Peluse,PHI,RP,27,25,22,103,.386,.436,0.04020100502512563,0.24870228450961937,0.08668341708542714,0.2922163588390501,0.10301507537688442,0.052763819095477386,0.06281407035175879,0.14321608040201006,0.47613065326633164,0.5376884422110553,0.09673366834170855,0.04396984924623116,0.3015075376884422,0.8304020100502513,0.04396984924623116,0.26253298153034305,0.9095477386934674,0.07537688442211055,0.032663316582914576,.304,.500,11.8,12,27.08333333333333,91.7,52.9,20,6.6,16.3,.364,.440,.545,.438,8,2,3,1,0,8,1,5,43,7,41.74757281553398,54.54545454545454,90,6.7961165048543695
Tommy Mace,CLE,RP,27,96,72,384,.389,.423,0.03768844221105527,0.2384896116466236,0.28391959798994976,0.5277044854881267,0.0942211055276382,0.30904522613065327,0.24371859296482412,0.45603015075376885,0.08040201005025126,0.1658291457286432,0.2952261306532663,0.1407035175879397,0.15201005025125627,0.2876884422110553,0.1092964824120603,0.12137203166226912,0.8994974874371859,0.10552763819095477,0.07035175879396985,.251,.421,7,21.9,21.875,89.8,47.4,16.7,16,18.9,.278,.448,.500,.302,4.166666666666666,4,21,4,0,20,4,16,148,28,38.54166666666667,55.20833333333334,88.67924528301887,7.291666666666668
Lael Lockhart,DET,SP,28,97,82,353,.408,.310,0.035175879396984924,0.16287019972333083,0.041143216080402015,0.11147757255936676,0.06281407035175879,0.06281407035175879,0.032663316582914576,0.07788944723618091,0.37185929648241206,0.49748743718592964,0.010050251256281407,0.04396984924623116,0.09673366834170855,0.38567839195979897,0.20100502512562815,0.4511873350923482,0.9170854271356784,0.3969849246231156,0.228643216080402,.296,.555,13.2,13.4,26.612903225806452,94.4,52.9,15.5,14.5,22.3,.220,.330,.341,.242,9.278350515463918,9,13,4,0,18,2,15,157,35,44.475920679886684,54.14847161572053,83.06451612903227,9.91501416430595
Cole Waites,DET,RP,27,32,25,132,.397,.510,0.032663316582914576,0.21429431679063746,0.2537688442211055,0.6431398416886543,0.07537688442211055,0.1871859296482412,0.16080402010050251,0.05150753768844221,0.2638190954773869,0.17587939698492464,0.2952261306532663,0.507537688442211,0.10678391959798995,0.010050251256281407,0.0942211055276382,0.4643799472295514,0.0829145728643216,0.1092964824120603,0.11934673366834171,.266,.448,14.3,15.6,22.222222222222218,89.8,38.1,15.6,28.4,18.6,.360,.469,.760,.333,9.375,3,5,1,0,9,3,5,59,11,44.6969696969697,71.66666666666667,88.3720930232558,8.333333333333332
Grant Hartwig,MIN,RP,28,84,65,326,.377,.467,0.03015075376884422,0.28495876480025456,0.3514447236180904,0.5112137203166227,0.13316582914572864,0.3756281407035176,0.30778894472361806,0.5804020100502513,0.21608040201005024,0.05778894472361809,0.06909547738693467,0.4484924623115578,0.1934673366834171,0.3442211055276382,0.18216080402010051,0.07519788918205805,0.7939698492462312,0.05025125628140704,0.10301507537688442,.243,.403,5.9,16.7,18.128654970760234,92,39.2,17.9,15.2,21.5,.338,.476,.600,.396,3.571428571428571,3,14,8,0,22,3,15,121,26,37.11656441717792,58.064516129032256,91.11111111111113,7.975460122699388
Houston Harding,LAA,SP,27,68,56,279,.486,.473,0.02763819095477387,0.16067999407768835,0.16425879396984924,0.15303430079155672,0.002512562814070352,0.005025125628140704,0.002512562814070352,0.12814070351758794,0.2449748743718593,0.10301507537688442,0.13190954773869346,0.3944723618090452,0.02512562814070352,0.3442211055276382,0.39321608040201006,0.5936675461741425,0.020100502512562814,0.20100502512562815,0.4510050251256281,.370,.659,12.2,16.2,19.863013698630137,91.2,40.8,10.3,15.2,25.6,.321,.441,.661,.295,8.823529411764708,6,11,4,0,18,5,7,129,33,46.23655913978494,75.18796992481201,86,11.827956989247312
Eduardo Salazar,MIN,RP,28,37,30,144,.346,.327,0.02512562814070352,0.3163177364394532,0.34045226130653267,0.6701846965699209,0.27386934673366836,0.5678391959798995,0.3278894472361809,0.11055276381909548,0.15326633165829145,0.031407035175879394,0.3706030150753769,0.5527638190954773,0.13442211055276382,0.5728643216080402,0.03015075376884422,0.0712401055408971,0.9698492462311558,0.06532663316582915,0.016331658291457288,.222,.398,12.5,18.9,16.666666666666664,89.3,37.5,16.2,11.2,15.1,.167,.324,.400,.174,8.108108108108109,3,7,2,1,5,1,6,53,8,36.805555555555564,51.19047619047619,90.69767441860463,5.5555555555555545
Aidan Anderson,TEX,RP,28,50,40,202,.332,.354,0.022613065326633167,0.4402073030057942,0.8131281407035176,0.10158311345646437,0.3706030150753769,0.3693467336683417,0.6809045226130653,0.8316582914572864,0.3391959798994975,0.23115577889447236,0.8919597989949749,0.8479899497487438,0.020100502512562814,0.4648241206030151,0.13316582914572864,0.4261213720316623,0.2399497487437186,0.292713567839196,0.1507537688442211,.244,.314,2.9,14,23.14814814814815,84.7,29.4,10,13.2,20.2,.250,.388,.375,.265,2,1,7,0,1,10,1,5,89,18,44.05940594059406,68.08510638297872,84.375,8.91089108910891
Tommy Henry,ARI,SP,28,35,31,133,.448,.529,0.020100502512562814,0.23287750317108855,0.07694723618090452,0.2091029023746702,0.017587939698492462,0.01507537688442211,0.007537688442211055,0.20854271356783918,0.5201005025125628,0.8417085427135679,0.06532663316582915,0.026381909547738693,0.005025125628140704,0.8605527638190955,0.017587939698492462,0.7150395778364116,0.1884422110552764,0.07537688442211055,0.03015075376884422,.350,.624,10.3,11.4,32,92.1,55.2,5.7,5.8,14.1,.355,.429,.839,.308,8.571428571428571,3,4,2,2,11,3,2,64,9,48.120300751879704,68.96551724137932,90,6.7669172932330826
Logan Allen,LAD,SP,28,156,132,618,.360,.412,0.017587939698492462,0.22643395075642062,0.208856783919598,0.22097625329815304,0.20351758793969849,0.17839195979899497,0.18592964824120603,0.23115577889447236,0.30402010050251255,0.09296482412060302,0.18216080402010051,0.23618090452261306,0.04396984924623116,0.714824120603015,0.12311557788944724,0.1424802110817942,0.6206030150753769,0.1457286432160804,0.08542713567839195,.267,.438,9.7,14.7,19.335347432024168,90.7,44.2,12.8,8.7,19.4,.326,.423,.508,.358,7.05128205128205,11,23,8,2,43,4,20,242,47,39.15857605177994,62.020905923344955,87.64044943820225,7.605177993527508
Brandon Johnson,KCR,RP,26,47,33,198,.440,.473,0.01507537688442211,0.15456570451200596,0.2025753768844221,0.3660949868073879,0.02763819095477387,0.05778894472361809,0.12562814070351758,0.16331658291457288,0.01256281407035176,0.020100502512562814,0.2952261306532663,0.22613065326633167,0.04396984924623116,0.39949748743718594,0.11683417085427136,0.1741424802110818,0.02763819095477387,0.035175879396984924,0.08040201005025126,.301,.463,11.1,29.8,15.517241379310345,89.8,44.4,12.8,14.3,19,.364,.553,.485,.423,6.382978723404255,3,14,1,0,12,1,6,79,15,39.898989898989896,74.39024390243901,91.80327868852459,7.575757575757576
Carson Skipper,COL,RP,26,32,28,120,.464,.485,0.01256281407035176,0.2661802857736351,0.5376884422110553,0.040897097625329816,0.005025125628140704,0.002512562814070352,0.017587939698492462,0.4082914572864322,0.44472361809045224,0.1306532663316583,0.8027638190954773,0.9221105527638191,0.002512562814070352,0.40703517587939697,0.010050251256281407,0.1437994722955145,0.7688442211055276,0.04396984924623116,0.002512562814070352,.403,.597,7.4,12.5,20.967741935483872,86.4,25.9,3.1,14.1,12.8,.429,.500,.607,.444,6.25,2,4,5,0,12,0,1,47,6,39.16666666666666,58.620689655172406,91.17647058823529,5
Adam Laskey,COL,SP,28,34,27,137,.415,.398,0.010050251256281407,0.2633279634761317,0.4682788944723618,0.0870712401055409,0.048994974874371856,0.04773869346733668,0.08040201005025126,0.7374371859296482,0.10175879396984924,0.09547738693467336,0.2701005025125628,0.785175879396985,0.007537688442211055,0.8907035175879398,0.007537688442211055,0.2071240105540897,0.42462311557788945,0.007537688442211055,0.005025125628140704,.307,.485,4,20.6,19.44444444444445,89.9,32,5.9,4.5,12.5,.259,.412,.481,.250,2.9411764705882346,1,7,1,1,7,1,2,56,7,40.875912408759135,64.61538461538461,95.23809523809523,5.109489051094892
Ben Anderson,TEX,SP,28,59,49,269,.455,.449,0.007537688442211055,0.10778579573328384,0.03391959798994975,0.19920844327176784,0.010050251256281407,0.022613065326633167,0.010050251256281407,0.02512562814070352,0.20854271356783918,0.07537688442211055,0.04271356783919598,0.05778894472361809,0.01256281407035176,0.5804020100502513,0.048994974874371856,0.35224274406332456,0.12562814070351758,0.39195979899497485,0.05025125628140704,.334,.620,18.2,16.9,18.88111888111888,92.9,52.3,8.5,11.1,16.4,.306,.424,.612,.275,13.559322033898303,8,10,3,0,15,4,5,116,19,43.12267657992565,70.63492063492063,83.14606741573034,7.063197026022304
Nate Peterson,CIN,SP,26,38,26,155,.438,.497,0.005025125628140704,0.09721402748129389,0.09296482412060302,0.13390501319261214,0.03015075376884422,0.2864321608040201,0.09673366834170855,0.2675879396984925,0.05402010050251256,0.0678391959798995,0.005025125628140704,0.002512562814070352,0.02763819095477387,0.13442211055276382,0.06030150753768844,0.23746701846965695,0.16331658291457288,0.010050251256281407,0.06030150753768844,.253,.481,9.1,23.7,18.6046511627907,98.1,77.3,10.5,18.7,17.2,.308,.526,.615,.300,5.263157894736842,2,9,2,0,8,2,4,64,11,41.29032258064515,69.56521739130434,93.75,7.096774193548387
T.J. Sikkema,BOS,SP,27,26,20,127,.450,.564,0.002512562814070352,0.08431007279139763,0.06438442211055276,0.04815303430079156,0.01507537688442211,0.04020100502512563,0.02763819095477387,0.11055276381909548,0.1407035175879397,0.06030150753768844,0.02763819095477387,0.09170854271356783,0.09045226130653267,0.3442211055276382,0.01507537688442211,0.15303430079155672,0.06532663316582915,0.0942211055276382,0.010050251256281407,.315,.560,12.5,19.2,18.181818181818183,93.3,50,15.4,15.2,14,.450,.577,.750,.533,7.6923076923076925,2,5,1,1,9,1,4,50,7,39.370078740157474,72,88.8888888888889,5.511811023622046