Name,Team,G,PA,HR,R,RBI,SB,BB%,K%,ISO,BABIP,AVG,OBP,SLG,wOBA,xwOBA,wRC+,BsR,Off,Def,WAR,NameASCII,PlayerId,MLBAMID
"Bobby Witt Jr.","KCR",43,193,7,22,22,12,0.10880829,0.170984455,0.2,0.34090909,0.305882352,0.378238341,0.505882352,0.38479692461602977,0.39750675402189556,141.82301273012763,2.0354573726654053,11.490400702670216,10.413568139076233,2.9479240376738187,"Bobby Witt Jr.",25764,677951
"Matt Olson","ATL",43,190,14,36,37,1,0.115789473,0.231578947,0.343373494,0.318181818,0.295180722,0.37368421,0.638554216,0.4288711497124205,0.4032932849640542,176.500262880457,0.24186162650585175,17.068131225263258,0.5950701236724854,2.438855351024861,"Matt Olson",14344,621566
"Aaron Judge","NYY",44,194,16,36,30,5,0.175257731,0.283505154,0.350318471,0.302325581,0.267515923,0.404145077,0.617834394,0.4333753097564616,0.43457944342430604,178.65825463118418,-0.03334204852581024,17.84109375714059,-1.4830456376075745,2.380577735092999,"Aaron Judge",15640,592450
"Shea Langeliers","ATH",38,174,12,30,25,0,0.086206896,0.212643678,0.29299363,0.366972477,0.331210191,0.390804597,0.624203821,0.4367482276321146,0.42914184393910315,177.01495271261714,-0.3037930093705654,15.392988328379932,0.8501237630844116,2.296934777551774,"Shea Langeliers",25816,669127
"Elly De La Cruz","CIN",43,191,10,31,29,9,0.089005235,0.27748691,0.225433526,0.369369369,0.294797687,0.356020942,0.520231213,0.3836301786737292,0.3733132102272727,141.21354098758073,0.6049756705760956,9.717624025391709,5.717885971069336,2.2127865124628134,"Elly De La Cruz",26668,682829
"Andy Pages","LAD",43,172,9,23,35,6,0.063953488,0.203488372,0.222929937,0.347826086,0.31210191,0.360465116,0.535031847,0.39037331418935645,0.35544481942819994,151.24859022982525,-0.08605040609836578,10.118213563353681,3.858174979686737,2.0005262116990283,"Andy Pages",24816,681624
"Max Muncy","LAD",40,156,11,27,17,0,0.128205128,0.25,0.279411765,0.302325581,0.272058823,0.365384615,0.551470588,0.3982871063293949,0.419995363297001,156.64276357780642,-0.20674088597297668,10.022427959040424,4.152653753757477,1.968730265359234,"Max Muncy",13301,571970
"Ben Rice","NYY",39,160,13,31,29,2,0.15625,0.25625,0.363636363,0.3375,0.303030303,0.4125,0.666666666,0.4550364413593389,0.429590201076073,193.2499719735864,-0.7553347945213318,16.721186868911943,-3.1921524107456207,1.9672607376257059,"Ben Rice",29576,700250
"Yordan Alvarez","HOU",44,194,13,27,29,1,0.139175257,0.159793814,0.302469136,0.310924369,0.308641975,0.417525773,0.611111111,0.43520818196515987,0.4850714898878528,179.344563277191,-0.44704669713974,17.583347054624536,-5.318199276924133,1.9592252350927561,"Yordan Alvarez",19556,670541
"Otto Lopez","MIA",42,177,4,27,18,5,0.039548022,0.18079096,0.161676647,0.393939393,0.335329341,0.367231638,0.497005988,0.38004308501205875,0.34422204711220483,142.34012799227827,0.4436734467744827,9.11921806147467,3.554061532020569,1.8827032246828177,"Otto Lopez",19608,672640
"Cody Bellinger","NYY",43,185,5,26,29,5,0.151351351,0.124324324,0.201298702,0.286821705,0.272727272,0.378378378,0.474025974,0.3757347802858095,0.3813641174979832,139.82952079945596,0.9680486470460892,9.599088397466206,2.227540135383606,1.8817661421089393,"Cody Bellinger",15998,641355
"Brice Turang","MIL",37,171,6,31,26,8,0.169590643,0.198830409,0.208633094,0.35,0.294964028,0.414201183,0.503597122,0.4046131070880663,0.4059640576025683,161.20237562102653,0.9439351409673691,13.059277888269207,-0.2976570129394531,1.872203642417994,"Brice Turang",22186,668930
"JJ Wetherholt","STL",42,193,8,32,22,5,0.10880829,0.170984455,0.180124224,0.262295081,0.248447204,0.3626943,0.428571428,0.35521441232413054,0.35985341496492557,128.93758870037274,1.3791487962007523,7.844482762015851,4.026966214179993,1.8524078787504523,"JJ Wetherholt",34985,802139
"Byron Buxton","MIN",40,185,15,33,23,4,0.07027027,0.254054054,0.319526627,0.268518518,0.260355029,0.318918918,0.579881656,0.384927399456501,0.33474111557006836,144.15123353768269,0.45251229405403137,10.020065306116035,1.1555587276816368,1.8147470724327388,"Byron Buxton",14161,621439
"Colson Montgomery","CHW",42,175,11,20,29,1,0.091428571,0.291428571,0.269736843,0.266666666,0.230263157,0.331428571,0.5,0.3624509007944537,0.33442068375604,129.50690417326544,-1.4143297970294952,4.634174618099414,6.821077346801758,1.8076286666326677,"Colson Montgomery",29712,695657
"Mike Trout","LAA",43,195,11,33,23,5,0.2,0.261538461,0.25490196,0.296703296,0.248366013,0.41025641,0.503267973,0.400540957900242,0.42702427914268093,154.25231699668137,0.39166632294654846,12.783603672720021,-2.2659973483532667,1.7829113220704327,"Mike Trout",10155,545361
"Xavier Edwards","MIA",43,181,4,30,15,4,0.127071823,0.110497237,0.165605096,0.345864661,0.318471337,0.405555555,0.484076433,0.3958126902580261,0.36129445337050453,153.0889552069349,0.10246333852410316,11.226286290938013,0.2833992689847946,1.7759772253460753,"Xavier Edwards",22266,669364
"Drake Baldwin","ATL",43,196,11,37,33,1,0.102040816,0.209183673,0.225433526,0.330578512,0.294797687,0.37755102,0.520231213,0.394576485034747,0.3976097693810096,153.12444470015308,-0.20825634896755219,11.845482818215602,-0.8470583260059357,1.7723295138702688,"Drake Baldwin",31539,686948
"Brandon Lowe","PIT",37,166,10,24,28,0,0.138554216,0.210843373,0.290780142,0.268041237,0.255319148,0.361445783,0.54609929,0.39422912159598017,0.37260995428246185,151.46209287612066,-0.37403880059719086,9.515290691243644,2.418895721435547,1.770693218377885,"Brandon Lowe",18882,664040
"Kevin McGonigle","DET",41,181,2,27,16,7,0.143646408,0.121546961,0.14379085,0.341085271,0.300653594,0.408839779,0.444444444,0.3847876293224524,0.39243295574715126,144.56010766979938,3.504288747906685,12.951662857430055,-2.2898155450820923,1.7474930900768868,"Kevin McGonigle",33572,805808
"Jordan Walker","STL",41,176,11,32,30,7,0.107954545,0.284090909,0.264516129,0.357894736,0.29032258,0.369318181,0.554838709,0.4023975855247541,0.3878228447654031,161.0984302853206,0.6101827770471573,13.058597115046174,-1.8858900163322687,1.724957857791118,"Jordan Walker",27475,691023
"Nico Hoerner","CHC",42,193,4,20,29,8,0.088082901,0.077720207,0.142011834,0.274509803,0.272189349,0.347150259,0.414201183,0.34047562933956405,0.33890956858689875,118.53239128312462,1.336022213101387,5.476591770267635,4.792287170886993,1.6874278317679872,"Nico Hoerner",21479,663538
"Wilyer Abreu","BOS",41,175,6,20,18,3,0.114285714,0.188571428,0.168831169,0.353448275,0.305194805,0.382857142,0.474025974,0.378726730744044,0.3739900533863575,136.56417568816374,-0.07838274911046028,7.416764040493685,2.535340428352356,1.6528838884961086,"Wilyer Abreu",23772,677800
"Mickey Moniak","COL",35,137,12,21,26,1,0.05839416,0.270072992,0.377952756,0.354430379,0.314960629,0.357664233,0.692913385,0.4466945106965782,0.343681725272297,175.34576420624703,0.7461221218109131,12.695649370574541,-1.4071021676063538,1.6095218325572138,"Mickey Moniak",19956,666160
"Randy Arozarena","SEA",44,185,4,31,16,11,0.091891891,0.237837837,0.15625,0.394736842,0.30625,0.389189189,0.4625,0.37962666073360957,0.3277163505554199,147.8103238566792,1.907783791422844,12.26826007646752,-3.1070464849472046,1.6073692217665496,"Randy Arozarena",19290,668227
"Miguel Vargas","CHW",41,181,9,30,23,6,0.165745856,0.160220994,0.232876712,0.236363636,0.239726027,0.375690607,0.472602739,0.3751770128806432,0.4064192877875434,138.0796709997566,0.45010289549827576,8.523532622556383,0.2993216961622238,1.5581739690054681,"Miguel Vargas",20178,678246
"Pete Crow-Armstrong","CHC",43,174,4,24,17,10,0.074712643,0.258620689,0.133757962,0.305555555,0.235668789,0.306358381,0.369426751,0.30303899008174273,0.30310409013615097,93.01495057339886,1.1525834649801254,-0.25440341098971486,9.635402143001556,1.5339751994733406,"Pete Crow-Armstrong",27769,691718
"Corbin Carroll","ARI",40,167,5,26,20,5,0.143712574,0.233532934,0.237410072,0.329896907,0.26618705,0.377245508,0.503597122,0.3835882124412491,0.35538427513766,145.11662344610124,2.6115042567253113,11.333670803421477,-1.8426941558718681,1.5224373695336477,"Corbin Carroll",25878,682998
"CJ Abrams","WSN",42,179,9,25,36,7,0.106145251,0.195530726,0.243421053,0.327272727,0.296052631,0.391061452,0.539473684,0.40359727608955515,0.374271652915261,159.7686907294887,-0.2443910837173462,12.140668150982219,-3.070834755897522,1.5182699984105348,"CJ Abrams",25768,682928
"Ozzie Albies","ATL",43,184,8,30,25,0,0.076086956,0.130434782,0.192771085,0.299270072,0.295180722,0.347826086,0.487951807,0.36593440725751547,0.2999920637711235,133.60152448152888,-0.14278262853622437,7.014499210238754,1.58122056722641,1.4857897332840544,"Ozzie Albies",16556,645277
"James Wood","WSN",43,204,12,36,29,7,0.181372549,0.31372549,0.286585365,0.306818181,0.237804878,0.387254901,0.524390243,0.39230548823722683,0.42551106154316604,152.07201889299662,1.2492534667253494,13.54644388925808,-5.844528675079346,1.4590886414400308,"James Wood",29518,695578
"Riley Greene","DET",43,179,4,26,22,1,0.139664804,0.268156424,0.162337663,0.450980392,0.324675324,0.418994413,0.487012987,0.40441262255833804,0.379466051495941,157.78020897358167,0.029740795493125916,12.144602092004115,-4.2536940574646,1.4550516762231407,"Riley Greene",25976,682985
"Kyle Schwarber","PHI",43,192,17,29,28,1,0.151041666,0.3125,0.37735849,0.231707317,0.226415094,0.359375,0.603773584,0.41381546420355636,0.39671809011728976,165.0880055917295,-1.1650221198797226,13.301812192428235,-5.5326313972473145,1.4268253083896036,"Kyle Schwarber",16478,656941
"Nick Kurtz","ATH",41,189,6,26,25,5,0.206349206,0.296296296,0.186666667,0.386363636,0.266666666,0.417989417,0.453333333,0.3871757307568112,0.3876756410341005,143.6211358233158,-0.8023859113454819,8.854677451067916,-1.7263604402542114,1.4124503992827464,"Nick Kurtz",35110,701762
"Maikel Garcia","KCR",41,180,3,22,17,4,0.105555555,0.155555555,0.144654088,0.315384615,0.276729559,0.35,0.421383647,0.3439157283968396,0.3462126837836372,114.28396856631922,0.4307660907506943,3.44243827580788,3.6622952818870544,1.3777077710510375,"Maikel Garcia",22715,672580
"Ryan Jeffers","MIN",32,128,6,22,25,1,0.1484375,0.1796875,0.242990654,0.329113924,0.29906542,0.40625,0.542056074,0.41496565379202366,0.3885412585827731,164.3860820561651,-0.9026474356651306,8.750929796052588,0.1610482782125473,1.3770508671087796,"Ryan Jeffers",24618,680777
"Ildemaro Vargas","ARI",35,146,7,22,28,1,0.034246575,0.109589041,0.230215828,0.336206896,0.330935251,0.354166666,0.561151079,0.3987642025782002,0.33673808309766984,155.4608326542002,0.37923967838287354,9.752929013207549,-1.1425248682498932,1.3632056892457112,"Ildemaro Vargas",13324,545121
"Luis Arraez","SFG",40,173,0,16,14,4,0.057803468,0.040462427,0.069620253,0.320261437,0.310126582,0.347058823,0.379746835,0.32088288522901987,0.3049158141726539,105.78427115627417,0.8606271147727966,2.019047153445582,5.655671268701553,1.355052795537988,"Luis Arraez",18568,650333
"Ian Happ","CHC",41,185,9,32,18,2,0.172972972,0.313513513,0.23178808,0.297619047,0.225165562,0.367567567,0.456953642,0.3660059261843155,0.3613759025198514,135.93426946858537,-0.8034307360649109,6.8923354291384324,0.312656044960022,1.3458838705328413,"Ian Happ",17919,664023
"Adley Rutschman","BAL",28,112,6,14,24,0,0.0625,0.142857142,0.262135923,0.292682926,0.291262135,0.339285714,0.553398058,0.3863656520843506,0.3445047991616385,147.30442103957577,-0.22006677091121674,5.985851634253996,3.1149157285690308,1.3390376946161324,"Adley Rutschman",26288,668939
"Willson Contreras","BOS",40,170,8,19,23,1,0.117647058,0.282352941,0.201438849,0.313953488,0.251798561,0.370588235,0.45323741,0.3681056867627537,0.4016039257957822,129.40945845097082,-0.19019144773483276,5.66609425432342,1.2959709167480469,1.3271151551910452,"Willson Contreras",11609,575929
"Dillon Dingler","DET",37,148,7,15,27,0,0.06081081,0.195945945,0.22556391,0.257731958,0.240601503,0.308219178,0.466165413,0.34167932851673805,0.39950606558058,115.52080575333447,-0.5227029472589493,2.1679785116534855,5.418174862861633,1.3123715876378141,"Dillon Dingler",27464,693307
"Christian Walker","HOU",44,179,10,25,29,0,0.089385474,0.189944134,0.25,0.29059829,0.275,0.346368715,0.525,0.378695959120654,0.34070750032917835,141.2758973710969,-0.2585983667522669,8.395779670691237,-2.0206668376922607,1.299004852622372,"Christian Walker",13419,572233
"José Ramírez","CLE",45,197,6,26,16,18,0.162436548,0.142131979,0.158536585,0.215384615,0.207317073,0.340101522,0.365853658,0.3176161699344457,0.3702684243520101,100.73459401672075,3.625385209918022,3.7948970038052754,1.822716236114502,1.2856519716192567,"Jose Ramirez",13510,608070
"Michael Harris II","ATL",40,142,7,16,23,2,0.042253521,0.190140845,0.192592592,0.343137254,0.311111111,0.338028169,0.503703703,0.368426652021811,0.41249035774393283,135.30028027980077,-1.3717235624790192,4.431079247117864,2.890680495649576,1.2174806858193052,"Michael Harris II",25931,671739
"Oneil Cruz","PIT",41,189,10,33,29,15,0.079365079,0.338624338,0.220930233,0.357142857,0.261627906,0.328042328,0.482558139,0.3536848327055334,0.36409796437909525,123.82642609644786,2.1324718594551086,7.3455234505900435,-1.5969305634498596,1.2090144715829687,"Oneil Cruz",21711,665833
"Chase DeLauter","CLE",40,165,6,16,26,0,0.121212121,0.096969696,0.20979021,0.292682926,0.293706293,0.375757575,0.503496503,0.3855614355116179,0.377491652599873,146.50496872442312,0.5247250348329544,9.512860471215479,-3.587364137172699,1.2024506740220984,"Chase DeLauter",32127,800050
"Munetaka Murakami","CHW",42,182,15,28,29,0,0.175824175,0.346153846,0.308724832,0.263888888,0.228187919,0.362637362,0.536912751,0.38547631662883114,0.3836157847259004,145.01765244377032,-1.2745165526866913,8.32259491263787,-3.179422117769718,1.1829517071181486,"Munetaka Murakami",37120,808959
"Josh Jung","TEX",40,164,5,19,20,1,0.060975609,0.158536585,0.185430463,0.363636363,0.324503311,0.371951219,0.509933774,0.38767745691101724,0.3614124902864782,148.14945243796294,-0.992793083190918,8.256776156081198,-2.591644525527954,1.1720563341470371,"Josh Jung",26299,673962
"Carlos Correa","HOU",32,141,3,22,16,1,0.127659574,0.184397163,0.139344262,0.329787234,0.278688524,0.368794326,0.418032786,0.3517073214054108,0.364818355015346,123.09538029483231,0.3024270087480545,4.116864809388206,2.2421199083328247,1.1609043328681836,"Carlos Correa",14162,621043
"Ezequiel Duran","TEX",35,116,3,17,16,4,0.103448275,0.215517241,0.186274509,0.36,0.294117647,0.365217391,0.480392156,0.3724517065545787,0.3220112783867016,137.89283936712877,1.050927609205246,6.19967334287955,0.8295588865876198,1.140141142552952,"Ezequiel Duran",23733,677649
"José Caballero","NYY",41,147,4,18,13,13,0.054421768,0.197278911,0.140740741,0.303921568,0.259259259,0.319727891,0.4,0.3234889620826358,0.28035972858297414,104.63485851126893,1.1133105903863907,1.9113790045990422,3.999293327331543,1.1362950279504107,"Jose Caballero",23401,676609
"Xander Bogaerts","SDP",41,166,7,20,23,5,0.102409638,0.168674698,0.161073825,0.280701754,0.261744966,0.337349397,0.422818791,0.3409984197961279,0.3405576499111681,120.85301373461361,0.10548083484172821,4.11274739152635,1.615211397409439,1.1317796591818725,"Xander Bogaerts",12161,593428
"Kazuma Okamoto","TOR",42,177,10,22,27,0,0.118644067,0.282485875,0.219354839,0.28125,0.238709677,0.327683615,0.458064516,0.34787405480099265,0.3639265157408633,120.54125553869052,-1.6310600638389587,2.6277332029192104,2.0713202357292175,1.11927822231217,"Kazuma Okamoto",37123,672960
"Jacob Wilson","ATH",39,168,3,18,19,2,0.029761904,0.119047619,0.105590062,0.316546762,0.291925465,0.311377245,0.397515527,0.3143565529834724,0.27478484647819795,94.56751855829928,0.169674308039248,-0.8993654082453071,5.831149935722351,1.11092245034767,"Jacob Wilson",33266,805779
"Nick Gonzales","PIT",39,158,0,18,19,3,0.075949367,0.170886075,0.048951049,0.387931034,0.314685314,0.379746835,0.363636363,0.34105981528004514,0.33981583993646164,115.22100263961751,0.04792940616607666,2.8319449957385516,2.6213223934173584,1.0773755346844807,"Nick Gonzales",27490,693304
"Daniel Schneemann","CLE",37,129,4,16,18,3,0.116279069,0.294573643,0.175438597,0.375,0.271929824,0.356589147,0.447368421,0.35903677090193875,0.34863948822021484,128.63700061997534,-0.5581592619419098,3.7690066405163645,2.019030213356018,1.0590404957284125,"Daniel Schneemann",25180,682177
"William Contreras","MIL",38,169,3,22,26,0,0.100591715,0.112426035,0.113333334,0.310077519,0.286666666,0.360946745,0.4,0.3393861301644833,0.34657123131666356,116.74257502676126,-0.9574189186096191,2.3181012131887337,2.5033589005470276,1.048255221107753,"William Contreras",20503,661388
"Brandon Marsh","PHI",39,151,4,23,21,3,0.046357615,0.185430463,0.15,0.396396396,0.342857142,0.370860927,0.492857142,0.375818145275116,0.34362874895134227,139.18839622221464,0.5087692737579346,7.359008721008698,-1.9899207949638367,1.0458497524237838,"Brandon Marsh",20202,669016
"Seiya Suzuki","CHC",29,127,7,19,16,0,0.141732283,0.244094488,0.226415095,0.318840579,0.273584905,0.385826771,0.5,0.3843240238005115,0.3646769062165291,148.4201917923579,-0.6976538896560669,6.421060040995206,-0.37933671474456787,1.036719393853195,"Seiya Suzuki",30116,673548
"Mauricio Dubón","ATL",41,165,3,19,25,0,0.066666666,0.169696969,0.15131579,0.305785123,0.263157894,0.321212121,0.414473684,0.32785373384302313,0.3139909455270478,107.6450992974033,-0.6246015131473541,0.8356860598843123,3.992361903190613,1.035870710164114,"Mauricio Dubon",16530,643289
"Oswald Peraza","LAA",40,123,5,13,11,5,0.06504065,0.235772357,0.198198198,0.337662337,0.279279279,0.344262295,0.477477477,0.3636348970600816,0.32675599657799587,129.3910669994935,0.4257183149456978,4.660263498686351,1.0640804469585419,1.0309403055131523,"Oswald Peraza",22823,672724
"Brayan Rocchio","CLE",43,162,3,17,22,7,0.086419753,0.098765432,0.098591549,0.29032258,0.274647887,0.35,0.373239436,0.3293746467679739,0.3071377019214023,108.65552693368974,0.6653570979833603,2.3078172191296216,1.9732653498649597,1.0223913406888754,"Brayan Rocchio",23690,677587
"Sal Stewart","CIN",43,187,10,26,30,9,0.112299465,0.187165775,0.231707317,0.256198347,0.25,0.331550802,0.481707317,0.3548108175877602,0.3843785603841146,121.56978149467288,1.6413745731115341,6.310748638372056,-2.3324730210006237,1.0202339661196054,"Sal Stewart",31505,701398
"Carlos Cortes","ATH",33,107,4,11,15,1,0.084112149,0.084112149,0.21875,0.357142857,0.354166666,0.411214953,0.572916666,0.4286840892283716,0.401173836844308,171.58265903771985,-0.7147692888975143,8.256996167610826,-2.107130855321884,1.0172980300864214,"Carlos Cortes",21842,666126
"Austin Martin","MIN",37,125,1,14,8,6,0.168,0.144,0.089108911,0.385542168,0.326732673,0.448,0.415841584,0.39591380071640014,0.36197662353515625,151.5520685786999,-1.4833155423402786,6.064867384038091,-0.5666491389274597,1.014842366873786,"Austin Martin",27462,668885
"Liam Hicks","MIA",40,147,9,21,38,1,0.074829931,0.081632653,0.232558139,0.258928571,0.294573643,0.353741496,0.527131782,0.37918278452468246,0.3488217459784614,141.75373276251452,-1.6990835070610046,5.406241642448315,-0.28024180233478546,1.0077618109712507,"Liam Hicks",29844,689414
"Iván Herrera","STL",42,192,4,23,19,1,0.145833333,0.171875,0.149350649,0.310924369,0.266233766,0.401041666,0.415584415,0.36545369663137073,0.36512707649393283,135.91685648188013,-0.9579960852861404,7.025090921582107,-3.364999294281006,1.0038062145909872,"Ivan Herrera",20599,671056
"Ceddanne Rafaela","BOS",40,148,4,18,19,2,0.054054054,0.229729729,0.148148148,0.350515463,0.281481481,0.344594594,0.429629629,0.3466044148883304,0.2982245346595501,114.92542837139494,-0.3317576199769974,2.2557094241621285,2.2035117149353027,0.990462768784273,"Ceddanne Rafaela",24262,678882
"Trevor Larnach","MIN",33,118,1,15,11,2,0.169491525,0.177966101,0.113402061,0.333333333,0.268041237,0.398305084,0.381443298,0.35689144919061255,0.32297284378964675,125.26520905818832,0.6091578006744385,4.101294296991362,1.1114630699157715,0.9603212612012417,"Trevor Larnach",21501,663616
"Chandler Simpson","TBR",41,173,0,23,12,14,0.046242774,0.098265895,0.04375,0.337931034,0.30625,0.335294117,0.35,0.3079383159385008,0.25780979133921966,92.16534136867763,2.015354558825493,0.4277128910281254,2.6379730701446533,0.9367655420576373,"Chandler Simpson",31912,802415
"Angel Martínez","CLE",41,143,7,17,19,8,0.034965034,0.216783216,0.213740458,0.287234042,0.259541984,0.3,0.473282442,0.3383671679667064,0.3139417634593497,114.71321265081242,0.582856509834528,3.0473623770316407,0.9660130739212036,0.9266115629952212,"Angel Martinez",26540,682657
"Jonathan Aranda","TBR",42,181,8,23,33,0,0.138121546,0.232044198,0.195945946,0.330097087,0.283783783,0.386740331,0.479729729,0.3782071647697321,0.36897937903243505,139.5009653295753,-1.096625104546547,7.278139155925224,-4.68950879573822,0.9163782664224586,"Jonathan Aranda",21837,666018
"Taylor Ward","BAL",43,195,1,28,12,1,0.215384615,0.179487179,0.112582781,0.336206896,0.264900662,0.425641025,0.377483443,0.37387338815591276,0.36850018623547676,138.88918274305766,-1.6245210617780685,7.258275891674465,-5.26852822303772,0.9049924224786423,"Taylor Ward",17548,621493
"Brandon Nimmo","TEX",41,181,4,18,12,1,0.093922651,0.193370165,0.14375,0.336065573,0.28125,0.359116022,0.425,0.3495159427324931,0.3705407460530599,122.44248391665391,-0.7064478397369385,4.051676693505365,-1.683110386133194,0.8937232953580524,"Brandon Nimmo",12927,607043
"Luis Campusano","SDP",18,58,3,9,10,0,0.086206896,0.258620689,0.307692308,0.352941176,0.288461538,0.362068965,0.596153846,0.41400907779562063,0.34636534306040984,170.61830179505003,0.22336165606975555,4.964870640030295,1.7545973360538483,0.8811595150636132,"Luis Campusano",22217,669134
"Dansby Swanson","CHC",42,166,6,26,25,3,0.138554216,0.204819277,0.165467626,0.205882352,0.194244604,0.307228915,0.35971223,0.3029396110270397,0.32820487461207104,92.94721214424372,1.5821542739868164,0.2268393413135008,2.981521964073181,0.8723942331950811,"Dansby Swanson",18314,621020
"Dalton Rushing","LAD",21,70,7,14,17,0,0.057142857,0.257142857,0.365079365,0.315789473,0.301587301,0.371428571,0.666666666,0.44637385606765745,0.38042716418995576,189.41949807363,0.1062423437833786,7.352296613980943,-1.1118728518486023,0.8710314039181828,"Dalton Rushing",31382,687221
"Zach Neto","LAA",44,203,7,29,20,7,0.128078817,0.310344827,0.183908046,0.304761904,0.224137931,0.330049261,0.408045977,0.3303031493531595,0.3184727961474126,106.93760288762482,-1.1591439843177795,0.4905059037821706,0.8531259298324585,0.867200874490733,"Zach Neto",31347,687263
"Joey Wiemer","WSN",28,75,3,14,10,1,0.133333333,0.373333333,0.230769231,0.470588235,0.292307692,0.386666666,0.523076923,0.39982964754104616,0.3063860712824641,157.2006119700482,0.7755322754383087,5.741835736963048,0.28692710399627686,0.8655699006826966,"Joey Wiemer",27690,686894
"Daylen Lile","WSN",42,186,6,27,22,3,0.086021505,0.177419354,0.173652695,0.3,0.269461077,0.333333333,0.443113772,0.34157617124351297,0.35288802437160327,117.49406626971106,-0.7494169026613235,3.017404472500151,-0.5355225801467896,0.8629187917416787,"Daylen Lile",29995,695734
"Casey Schmitt","SFG",35,142,6,17,18,3,0.042253521,0.197183098,0.215384616,0.319587628,0.284615384,0.338028169,0.5,0.3673625496071829,0.3555591664415725,137.46558933789854,-0.22769950330257416,5.93104556472349,-2.0741021037101746,0.8607876612085552,"Casey Schmitt",27577,669477
"Alec Burleson","STL",41,183,6,21,30,2,0.098360655,0.158469945,0.176829269,0.3,0.274390243,0.344262295,0.451219512,0.3489497709010846,0.37960060920504574,124.66750411881219,0.7207412421703339,5.946479023123729,-3.3909119367599487,0.8607074402715005,"Alec Burleson",27615,676475
"Kyle Tucker","LAD",42,181,4,29,20,3,0.132596685,0.193370165,0.155844156,0.307692307,0.259740259,0.359116022,0.415584415,0.3482233134422513,0.33461386327585463,122.51844333891692,0.06560970842838287,4.783939083901856,-2.226098358631134,0.8544101492696416,"Kyle Tucker",18345,663656
"Geraldo Perdomo","ARI",39,162,2,16,12,6,0.154320987,0.135802469,0.135338346,0.243243243,0.218045112,0.3375,0.353383458,0.31617400161921977,0.32658129518137036,99.16596757133038,-0.34080034494400024,-0.4972120557442381,3.6203243732452393,0.8505553799208208,"Geraldo Perdomo",22799,672695
"Nolan Arenado","ARI",40,149,6,22,20,0,0.073825503,0.201342281,0.177777777,0.306930693,0.274074074,0.32885906,0.451851851,0.3440324484101878,0.31737561833938494,118.15475177703493,-0.15659673139452934,2.974870694036216,0.323755893856287,0.8261702650621583,"Nolan Arenado",9777,571448
"Freddie Freeman","LAD",41,177,4,15,20,1,0.096045197,0.124293785,0.157232705,0.300751879,0.276729559,0.350282485,0.433962264,0.3485051840543747,0.3845184933055531,122.71057107194171,-0.48222553730010986,4.171198576011085,-1.7835358381271362,0.8238280959969462,"Freddie Freeman",5361,518692
"Julio Rodríguez","SEA",44,192,7,22,20,3,0.078125,0.234375,0.171428572,0.325203252,0.268571428,0.333333333,0.44,0.3427003874828678,0.34125694554513664,122.93545805273574,-0.8575830161571503,4.300578699532448,-3.096970319747925,0.8132900160256983,"Julio Rodriguez",23697,677594
"JJ Bleday","CIN",15,61,4,8,12,1,0.213114754,0.147540983,0.354166667,0.285714285,0.291666666,0.44262295,0.645833333,0.4616764485836029,0.48628807067871094,194.41118651673645,-0.27949976548552513,6.387410432763109,-0.45237933099269867,0.8102009937386279,"JJ Bleday",26368,668709
"Spencer Horwitz","PIT",39,142,3,13,19,0,0.16197183,0.126760563,0.146551724,0.288659793,0.267241379,0.387323943,0.413793103,0.362414151010379,0.316924296634298,129.77647574556755,-1.4647525995969772,3.430024885077658,-0.23016095161437988,0.7931431845516377,"Spencer Horwitz",26477,687462
"Bryce Harper","PHI",43,178,10,25,24,2,0.129213483,0.168539325,0.266233766,0.269565217,0.266233766,0.359550561,0.532467532,0.3870457609494527,0.4027675477798376,146.84132722674167,-0.42053039371967316,9.231540631751068,-7.2972142696380615,0.7804240777044413,"Bryce Harper",11579,547180
"Luke Raley","SEA",38,119,9,17,24,0,0.06722689,0.361344537,0.308411215,0.345454545,0.261682242,0.330508474,0.570093457,0.3901747576260971,0.4034108307402013,154.91590131113705,0.18801940977573395,7.842775982058221,-4.618877291679382,0.7591644234082034,"Luke Raley",19354,670042
"Pete Alonso","BAL",44,187,8,27,23,1,0.112299465,0.245989304,0.206060606,0.252252252,0.218181818,0.310160427,0.424242424,0.32785840946085315,0.3475781512516801,107.89183805466747,-0.23904578387737274,1.4896002666275483,-0.73374342918396,0.7492426079440913,"Pete Alonso",19251,624413
"Shohei Ohtani","LAD",43,185,7,27,17,5,0.151351351,0.237837837,0.186666666,0.287128712,0.24,0.369565217,0.426666666,0.34771402498309534,0.3802373853780456,122.17130379011397,0.8208482563495636,5.569105896471296,-4.212962627410889,0.7437615104728217,"Shohei Ohtani",19755,660271
"Andrés Giménez","TOR",40,150,5,12,23,5,0.026666666,0.153333333,0.163120567,0.260869565,0.24822695,0.275167785,0.411347517,0.3006232044840819,0.2641846061552931,88.71138327472563,0.6878328323364258,-1.2956036359340573,3.277949571609497,0.7426565424489943,"Andres Gimenez",19950,665926
"Evan Carter","TEX",43,156,5,18,13,6,0.141025641,0.217948717,0.15503876,0.197802197,0.178294573,0.300653594,0.333333333,0.2929781593528448,0.3063424303640727,84.3565995147417,1.3562257289886475,-1.5022997605323969,3.2668912410736084,0.7417825236030494,"Evan Carter",27790,694497
"Cole Young","SEA",44,173,3,20,22,2,0.080924855,0.236994219,0.110389611,0.315315315,0.246753246,0.323699421,0.357142857,0.31004488330355956,0.3311049621229227,100.9375359037929,-0.623929101973772,-0.43394366215295765,1.5696057081222534,0.7380750453896627,"Cole Young",31680,702284
"Yandy Díaz","TBR",40,176,5,20,24,1,0.079545454,0.125,0.135483871,0.317829457,0.296774193,0.375,0.432258064,0.35937755820394934,0.35042499255582776,126.81666509476919,-0.2702474147081375,5.258207129629653,-4.320987701416016,0.7284175326762188,"Yandy Diaz",16578,650490
"Michael Busch","CHC",42,183,3,17,23,1,0.147540983,0.218579234,0.125,0.288288288,0.230263157,0.349726775,0.355263157,0.3245046060593402,0.32494108273031935,107.64627416080259,-0.9259636849164963,0.6938768783272351,0.5610432624816895,0.72680952037203,"Michael Busch",26319,683737
"Brandon Valenzuela","TOR",25,70,4,10,10,0,0.1,0.285714285,0.206349206,0.256410256,0.222222222,0.3,0.428571428,0.3241932954107012,0.32179998670305526,104.58904427791454,0.03263197839260101,0.4089080446745661,4.180631995201111,0.7238173167773108,"Brandon Valenzuela",23813,678218
"Paul Goldschmidt","NYY",20,70,4,14,10,0,0.114285714,0.214285714,0.295081968,0.285714285,0.262295081,0.357142857,0.557377049,0.3971497442041125,0.4187628064836775,154.255410735516,0.28105103969573975,4.7296924756310235,-0.17406320571899414,0.7203262990373777,"Paul Goldschmidt",9218,502671
"Masyn Winn","STL",37,158,1,16,16,4,0.082278481,0.189873417,0.092857143,0.315315315,0.257142857,0.329113924,0.35,0.3084527789791928,0.2991756970369363,97.06407574554493,0.7681092470884323,0.23111052974163182,1.7404835931956768,0.7189471312583766,"Masyn Winn",27479,691026
"Bryan Reynolds","PIT",43,186,4,27,25,2,0.182795698,0.241935483,0.140939597,0.326732673,0.248322147,0.392473118,0.389261744,0.35588752640330273,0.3463233864825705,125.32781903525905,0.6131584346294403,6.066743019101876,-5.0041663646698,0.7168053366572086,"Bryan Reynolds",19326,668804
"Hunter Goodman","COL",38,160,10,25,18,1,0.06875,0.36875,0.260273973,0.337662337,0.246575342,0.3125,0.506849315,0.35628553756377984,0.30808979951882665,113.72149297678861,-2.0908554196357727,0.45065950834559665,1.4318399876356125,0.7163064473984717,"Hunter Goodman",29715,696100
"Vladimir Guerrero Jr.","TOR",43,181,2,24,18,3,0.121546961,0.116022099,0.083333333,0.320895522,0.288461538,0.381215469,0.371794871,0.3396939826145601,0.3670020371340634,115.03086469793611,-0.5610948204994202,2.62566143788531,-2.1102633476257324,0.7029448751701421,"Vladimir Guerrero Jr.",19611,665489
"Heliot Ramos","SFG",42,169,4,19,20,0,0.059171597,0.272189349,0.164556962,0.357798165,0.272151898,0.313609467,0.43670886,0.32824570898498806,0.3307921900893703,110.80289522012698,0.25783075392246246,2.371310951483157,-1.0431464314460754,0.6886303319794438,"Heliot Ramos",22515,671218
"Jonny DeLuca","TBR",34,99,2,16,15,6,0.05050505,0.191919191,0.161290323,0.333333333,0.279569892,0.31632653,0.440860215,0.3342886713086342,0.29986005899857504,109.91588849991629,1.673727959394455,2.823609590376085,0.31036585569381714,0.6780964611243534,"Jonny DeLuca",26365,676356
"Cam Smith","HOU",43,167,4,18,17,6,0.107784431,0.287425149,0.125,0.276595744,0.208333333,0.301204819,0.333333333,0.2906126882656511,0.347184892134233,81.9398379964459,1.3039076626300812,-2.2289360055742105,2.9114450216293335,0.6698810385119605,"Cam Smith",35108,701358
"Isaac Paredes","HOU",39,161,3,16,17,0,0.086956521,0.161490683,0.112676056,0.300884955,0.26056338,0.347826086,0.373239436,0.3300051818723264,0.3054825919015067,108.47603853569377,-0.6186788380146027,0.9797934282899514,-0.09646856039762497,0.6690112761148669,"Isaac Paredes",20036,670623
"Chase Meidroth","CHW",40,172,3,26,9,1,0.093023255,0.25,0.12,0.358490566,0.273333333,0.339285714,0.393333333,0.328710794094063,0.2962916939558383,106.77835475578281,-0.12428618967533112,1.2413626766625203,-0.744074821472168,0.6687656992376869,"Chase Meidroth",31580,805367
"Ryan O'Hearn","PIT",41,172,6,24,27,1,0.104651162,0.191860465,0.16,0.327433628,0.286666666,0.366279069,0.446666666,0.36043433627189947,0.3553605107536093,128.4270008405829,-1.9194334894418716,3.74075382763923,-2.876330256462097,0.6506865480397669,"Ryan O'Hearn",16442,656811
"Samuel Basallo","BAL",34,130,5,15,16,0,0.084615384,0.246153846,0.201680672,0.341463414,0.277310924,0.338461538,0.478991596,0.35757001333458477,0.33927008509635925,127.90664307331781,-0.22086729109287262,4.028627068483798,-2.278045952320099,0.6469863916620855,"Samuel Basallo",28824,694212
"Konnor Griffin","PIT",37,148,3,17,19,9,0.074324324,0.277027027,0.142857143,0.329670329,0.2481203,0.31081081,0.390977443,0.3126082923766729,0.32101705122967156,95.82796781647893,2.7457244396209717,2.030930799056784,-0.5048471689224243,0.6404263091673869,"Konnor Griffin",35376,804606
"Tristan Peters","CHW",39,107,0,10,7,4,0.06542056,0.242990654,0.0625,0.371428571,0.270833333,0.326923076,0.333333333,0.3014164509681555,0.2755436530480018,88.39190351946432,1.0472990423440933,-0.4075940898739727,2.885644596070051,0.6392950935691831,"Tristan Peters",30063,671976
"Daulton Varsho","TOR",41,159,5,19,13,3,0.081761006,0.188679245,0.152777777,0.284403669,0.25,0.320754716,0.402777777,0.32029280503084706,0.3057739355002239,101.96153366752563,0.6225622445344925,0.987887080594517,-0.40310943126678467,0.6310956234910406,"Daulton Varsho",19918,662139
"Dominic Smith","ATL",33,89,4,13,18,0,0.04494382,0.13483146,0.185185185,0.373134328,0.358024691,0.386363636,0.543209876,0.40449185398491944,0.39723825454711914,159.88292634586386,-0.5145928710699081,5.655111239847495,-2.3765430450439453,0.6281646396280653,"Dominic Smith",15653,642086
"Carson Kelly","CHC",31,117,2,15,13,0,0.119658119,0.162393162,0.098039216,0.333333333,0.284313725,0.376068376,0.382352941,0.347379749147301,0.3323977543757512,123.23835504855435,-0.34804536402225494,2.79943159230828,-0.4980747699737549,0.6190024757239263,"Carson Kelly",13620,608348
"Kyle Isbel","KCR",35,114,3,13,10,5,0.052631578,0.219298245,0.128712871,0.328767123,0.267326732,0.327272727,0.396039603,0.32604891061782837,0.29563418301669037,102.2482374872971,1.148363620042801,1.4485792807319482,0.5839386880397797,0.6185624971150345,"Kyle Isbel",21614,664728
"Brooks Lee","MIN",40,154,5,19,24,3,0.071428571,0.181818181,0.141843972,0.296296296,0.262411347,0.320261437,0.404255319,0.3247733801798104,0.2706533693799786,103.62932256889981,0.1639169454574585,0.8186022570256652,-0.30101776123046875,0.6062256238798012,"Brooks Lee",31595,686797
"Leody Taveras","BAL",36,119,2,13,19,2,0.134453781,0.210084033,0.128712871,0.31081081,0.247524752,0.35042735,0.376237623,0.33174365962672436,0.32978387164254475,110.50908230876655,0.18708644807338715,1.651952997671,0.06515514850616455,0.6040446037812668,"Leody Taveras",18900,665750
"Alex Bregman","CHC",42,191,4,17,14,2,0.115183246,0.167539267,0.113772455,0.28030303,0.245508982,0.335078534,0.359281437,0.31307553267352795,0.32613658905029297,99.85602620395272,-0.19058772921562195,-0.22242150385008364,0.030386239290237427,0.603974981603557,"Alex Bregman",17678,608324
"Francisco Lindor","NYM",24,105,2,14,5,2,0.104761904,0.18095238,0.129032258,0.263888888,0.225806451,0.314285714,0.354838709,0.3047892956506638,0.340342530750093,95.73065250744452,-0.291414350271225,-0.8103602898455384,3.1696865558624268,0.585782131661035,"Francisco Lindor",12916,596019
"Ronald Acuña Jr.","ATL",34,152,2,17,9,7,0.131578947,0.203947368,0.125984252,0.3125,0.251968503,0.361842105,0.377952755,0.3350188092680167,0.38033711515515056,112.5289347848473,-0.04690241813659668,2.157693765325102,-1.3392059803009033,0.5806440320464976,"Ronald Acuna Jr.",18401,660670
"Ramón Laureano","SDP",39,155,5,18,19,4,0.103225806,0.309677419,0.169117647,0.282352941,0.213235294,0.296774193,0.382352941,0.30366984413516135,0.3179500210669733,95.4092309835158,0.8369117975234985,0.01317502333595999,0.6335742473602295,0.5727610718553657,"Ramon Laureano",17128,657656
"Will Smith","LAD",36,136,3,12,17,0,0.095588235,0.169117647,0.099173553,0.288659793,0.256198347,0.323529411,0.3553719,0.3074612547369564,0.36385398752549114,94.7343410038919,-0.3818875402212143,-1.2109036190014553,2.423725053668022,0.5689887191001453,"Will Smith",19197,669257
"Michael Conforto","CHC",25,59,2,9,8,0,0.169491525,0.254237288,0.270833333,0.4375,0.333333333,0.440677966,0.604166666,0.4493432843079001,0.4195859230170816,192.7384093962758,0.38667698204517365,6.720748593420968,-3.093465566635132,0.5660935087638511,"Michael Conforto",16376,624424
"Jorge Mateo","ATL",26,58,2,15,6,4,0.051724137,0.327586206,0.145454545,0.44117647,0.309090909,0.344827586,0.454545454,0.35478549373560936,0.3085098595454775,126.00223818304895,0.13304634392261505,1.878908858512994,1.6886348724365234,0.5566778395815751,"Jorge Mateo",17273,622761
"Travis Bazzana","CLE",14,59,1,7,6,7,0.20338983,0.152542372,0.088888889,0.257142857,0.222222222,0.406779661,0.311111111,0.3415506739040901,0.3692054748535156,116.85773675268305,1.5222377926111221,2.68726907384385,0.5760200768709183,0.5477877029795444,"Travis Bazzana",34967,683953
"Francisco Alvarez","NYM",37,128,4,12,10,0,0.0859375,0.21875,0.151785714,0.283950617,0.241071428,0.317460317,0.392857142,0.31923517774021815,0.34287703983367435,105.57720783473337,0.05056825280189514,0.8769831038626239,0.333170622587204,0.5425886633380559,"Francisco Alvarez",26121,682626
"Zack Gelof","ATH",26,77,4,13,12,2,0.064935064,0.246753246,0.228571428,0.29787234,0.257142857,0.306666666,0.485714285,0.3465541410446167,0.3083904774983724,116.25697193999216,0.618598610162735,2.0848778589256334,0.454826295375824,0.5379262336645214,"Zack Gelof",29766,680869
"Christian Vázquez","HOU",25,84,3,7,12,0,0.071428571,0.178571428,0.171052632,0.293103448,0.263157894,0.31707317,0.434210526,0.33349649281036564,0.24584318951862613,110.82791115695325,-0.3053727149963379,0.7600213590936653,1.5140078896656632,0.5357094710954863,"Christian Vazquez",9774,543877
"J.P. Crawford","SEA",36,155,5,21,14,1,0.180645161,0.148387096,0.144,0.216494845,0.208,0.361290322,0.352,0.33377304461694535,0.37381219244622566,116.92167880488944,-1.0266889780759811,2.045595682794818,-2.2630821466445923,0.5341426810895037,"J.P. Crawford",15491,641487
"Carter Jensen","KCR",40,144,6,18,18,0,0.118055555,0.3125,0.177419355,0.306666666,0.233870967,0.326388888,0.411290322,0.32999472734000945,0.3037160237630208,104.90628155214839,-0.047084078192710876,0.7804793045778577,-0.6774795353412628,0.5276399908306132,"Carter Jensen",29478,695600
"Junior Caminero","TBR",42,183,11,26,19,0,0.114754098,0.163934426,0.223602484,0.247933884,0.254658385,0.338797814,0.478260869,0.3587040262562888,0.3700452168782552,126.36294974962834,-0.9935290738940239,4.657550186293681,-5.944452404975891,0.5245842239742196,"Junior Caminero",28163,691406
"Hyeseong Kim","LAD",31,92,1,10,8,5,0.086956521,0.217391304,0.097560976,0.338709677,0.268292682,0.329670329,0.365853658,0.31341285430468047,0.3048885261619484,98.79105101067218,0.8681662678718567,0.7394103739230898,1.4164283871650696,0.5223798572826256,"Hyeseong Kim",35322,808975
"Gunnar Henderson","BAL",43,198,9,23,21,5,0.065656565,0.287878787,0.196721311,0.228813559,0.196721311,0.252525252,0.393442622,0.28506444138709947,0.28283677919946537,79.06428197218415,1.7069446742534637,-3.1486156906698897,1.3073687255382538,0.5213739663031451,"Gunnar Henderson",26289,683002
"TJ Rumfield","COL",42,171,6,17,22,0,0.076023391,0.16374269,0.174193549,0.303278688,0.277419354,0.339181286,0.451612903,0.3503942545394451,0.3428718791288488,109.7058957368129,-1.1584264039993286,0.7629083861597783,-1.1254708766937256,0.5211061296961879,"TJ Rumfield",29805,681198
"Kody Clemens","MIN",32,116,4,14,10,5,0.094827586,0.267241379,0.191919192,0.28125,0.222222222,0.324561403,0.414141414,0.3329004007473327,0.34040865981787966,109.10397593102714,-0.2205476313829422,1.0164685969393887,-0.054962873458862305,0.5154858812253675,"Kody Clemens",20572,665019
"Nathan Church","STL",39,132,5,15,18,3,0.037878787,0.212121212,0.162601626,0.282608695,0.25203252,0.287878787,0.414634146,0.3090149290633924,0.30921488097219757,97.44724666387285,0.16221635043621063,-0.22786402170783904,1.0085668563842773,0.5114406215180006,"Nathan Church",31357,701675
"Sam Antonacci","CHW",25,96,1,13,9,3,0.0625,0.114583333,0.139240506,0.308823529,0.278481012,0.382978723,0.417721518,0.36282713045465187,0.40276841194398944,129.76034600437967,-0.4321509003639221,2.9143852152981906,-1.3014000356197357,0.5107432274697052,"Sam Antonacci",35101,803011
"Troy Johnston","COL",39,140,2,14,18,1,0.078571428,0.214285714,0.134920635,0.414893617,0.325396825,0.388489208,0.46031746,0.37944096927162557,0.32921946134498653,129.50462328514325,-0.9240677207708359,3.857710440628405,-3.4344340562820435,0.5007700033649638,"Troy Johnston",26143,687859
"Connor Norby","MIA",39,145,3,11,12,5,0.103448275,0.310344827,0.137096774,0.337662337,0.233870967,0.337931034,0.370967741,0.3241762000938942,0.2911900224356816,104.26032297242725,0.13156424462795258,0.8466890470822511,-0.7095115184783936,0.48764532555736884,"Connor Norby",29592,681393
"Spencer Steer","CIN",41,160,7,19,14,2,0.08125,0.225,0.195804196,0.287128712,0.251748251,0.325,0.447552447,0.34258027486503123,0.3811984646704889,113.23323860614957,0.3247179836034775,2.7757977254334243,-3.2365018129348755,0.47508027391488483,"Spencer Steer",26323,668715
"Juan Soto","NYM",27,115,4,11,11,1,0.130434782,0.156521739,0.181818182,0.282051282,0.262626262,0.356521739,0.444444444,0.3472883461841515,0.37820977563256614,124.69871758239223,-0.3237932212650776,2.964295740492141,-2.1791315376758575,0.4563833833788691,"Juan Soto",20123,665742
"Gleyber Torres","DET",32,144,2,18,11,0,0.173611111,0.152777777,0.068965517,0.29787234,0.258620689,0.388888888,0.327586206,0.33706773445010185,0.3467775450812446,112.41427012297451,-3.028338849544525,-0.9343710924153514,0.2599193751811981,0.44760356186965805,"Gleyber Torres",16997,650402
"Bryson Stott","PHI",37,139,3,12,16,8,0.050359712,0.179856115,0.147286822,0.247524752,0.217054263,0.262773722,0.364341085,0.27885837189472507,0.2971426135432111,73.09898976071814,2.1690846234560013,-2.1595876332287416,2.0962135195732117,0.4474050348381477,"Bryson Stott",26294,681082
"Jake McCarthy","COL",33,93,2,9,16,7,0.086021505,0.17204301,0.2125,0.333333333,0.2875,0.355555555,0.5,0.37324310408698186,0.33861119559641634,125.28005450676449,0.6097665876150131,3.3314165520432235,-1.9451393485069275,0.4464213520057726,"Jake McCarthy",21622,664983
"Fernando Tatis Jr.","SDP",41,175,0,15,15,10,0.102857142,0.24,0.046357616,0.336283185,0.251655629,0.327586206,0.298013245,0.28665657849670145,0.35149196117599574,83.81270400313211,0.11691934987902641,-3.162399697083023,1.938853144645691,0.4455329700180489,"Fernando Tatis Jr.",19709,665487
"Miguel Amaya","CHC",23,71,2,11,8,0,0.14084507,0.225352112,0.122807017,0.282051282,0.228070175,0.371428571,0.350877192,0.3390829937798636,0.3108884266444615,117.58314754678985,0.018056437373161316,1.4632508831018598,0.5385736972093582,0.4379452987725583,"Miguel Amaya",21693,665804
"Teoscar Hernández","LAD",38,154,4,19,18,1,0.097402597,0.285714285,0.124087591,0.333333333,0.248175182,0.324675324,0.372262773,0.3131418995607912,0.3142074785734478,98.60636371637214,0.3903150111436844,0.14186359287816463,-0.7863113880157471,0.43657031246876266,"Teoscar Hernandez",13066,606192
"Brendan Donovan","SEA",23,91,3,8,8,1,0.12087912,0.142857142,0.162162162,0.27118644,0.256756756,0.384615384,0.418918918,0.36562864990024774,0.33249580726194916,138.38076028719476,-0.18789173662662506,3.903219356518382,-2.960972011089325,0.4237400120841398,"Brendan Donovan",24679,680977
"Jackson Merrill","SDP",41,176,4,22,18,8,0.085227272,0.25,0.126582278,0.272727272,0.215189873,0.287356321,0.341772151,0.2810839951731438,0.31738410637392633,80.01433782021734,1.8382685780525208,-2.2336822473843965,0.7567467242479324,0.42271297087071713,"Jackson Merrill",29490,701538
"Nolan Gorman","STL",41,156,5,16,22,0,0.102564102,0.288461538,0.138686131,0.288888888,0.226277372,0.301282051,0.364963503,0.2966791095272187,0.31074745424332156,89.03894533499688,-0.7266896814107895,-2.7061566389811675,1.834220826625824,0.41968242098099007,"Nolan Gorman",22263,669357
"Austin Hedges","CLE",20,60,1,11,4,1,0.083333333,0.216666666,0.12962963,0.341463414,0.277777777,0.333333333,0.407407407,0.32924622197945913,0.2714214324951172,108.56901537703976,-0.5542378127574921,0.048000637164833715,1.863847091794014,0.4122511665401849,"Austin Hedges",12976,595978
"Pedro Pagés","STL",28,100,3,9,8,2,0.04,0.25,0.131868132,0.25,0.208791208,0.25510204,0.34065934,0.2666182487594838,0.26151538381771167,68.54895885300418,0.3639039173722267,-3.276975882973744,4.062377154827118,0.4074226212982772,"Pedro Pages",25782,686780
"Justin Crawford","PHI",38,134,2,11,11,4,0.082089552,0.208955223,0.140495868,0.34065934,0.272727272,0.343283582,0.41322314,0.3392232483002677,0.28676497046627214,114.2447011591189,-0.4154431074857712,1.7942372522051961,-2.094749689102173,0.4066639267616803,"Justin Crawford",31791,702222
"Myles Straw","TOR",36,80,2,17,6,1,0.1125,0.1375,0.130434783,0.315789473,0.289855072,0.367088607,0.420289855,0.3530477919156038,0.35090777240222015,124.02647094499335,-0.8191133588552475,1.4323572372161664,-0.2961370348930359,0.404213128004242,"Myles Straw",17620,664702
"Vaughn Grissom","LAA",24,86,2,7,11,0,0.127906976,0.093023255,0.166666667,0.265625,0.263888888,0.352941176,0.430555555,0.34752694578731763,0.37314619176528036,118.5401716609444,0.000042125582695007324,1.8677051000587066,-0.9584733005613089,0.40238850039196083,"Vaughn Grissom",26031,687093
"Kyle Karros","COL",41,143,1,17,10,2,0.153846153,0.251748251,0.075630253,0.297619047,0.218487394,0.335664335,0.294117647,0.29658709330992267,0.3355975621183154,73.03003290155212,1.2105854004621506,-3.2540681984786506,2.6123701333999634,0.4009309331028324,"Kyle Karros",33252,691720
"Jazz Chisholm Jr.","NYY",43,171,4,17,14,11,0.093567251,0.29239766,0.124183006,0.27,0.202614379,0.280701754,0.326797385,0.27705814406188606,0.2645813755735138,73.35738949643223,0.8130150176584721,-4.52351790646884,2.449836254119873,0.4005011379090968,"Jazz Chisholm Jr.",20454,665862
"Nathaniel Lowe","CIN",31,97,6,10,16,0,0.113402061,0.257731958,0.26744186,0.272727272,0.244186046,0.329896907,0.511627906,0.3682826480914637,0.3660170513650645,130.75240693715062,-0.49822263419628143,2.9549807813917686,-2.1479681730270386,0.3998504136602544,"Nathaniel Lowe",19566,663993
"Ryan Vilade","TBR",25,63,2,6,10,1,0.079365079,0.19047619,0.157894737,0.325581395,0.280701754,0.338709677,0.438596491,0.3462286745348284,0.29547232966269216,117.95910412401847,-0.3069104999303818,1.0183813429987012,0.650183379650116,0.3979774628031628,"Ryan Vilade",22165,668723
"Wyatt Langford","TEX",20,84,1,9,4,3,0.047619047,0.226190476,0.125,0.3,0.2375,0.273809523,0.3625,0.2823766718308131,0.2819098518008277,77.21505621190047,1.1436906456947327,-1.0981955074555585,1.97502863407135,0.3918720868721935,"Wyatt Langford",33333,694671
"Austin Wells","NYY",33,120,3,11,5,0,0.158333333,0.225,0.1,0.211267605,0.18,0.308333333,0.28,0.272516611774089,0.31434673733181423,70.29805000023872,-0.280859112739563,-4.4558210052005665,3.99806147813797,0.38373866651325306,"Austin Wells",27562,669224
"Manny Machado","SDP",40,169,6,22,20,1,0.124260355,0.224852071,0.152777777,0.203883495,0.1875,0.285714285,0.340277777,0.2820041104705034,0.30753975142975765,80.64150382688766,-0.5526018142700195,-4.339901189367221,2.6883974075317383,0.3818819180653802,"Manny Machado",11493,592518
"Alex Freeland","LAD",33,112,2,11,8,0,0.098214285,0.285714285,0.102040816,0.323076923,0.234693877,0.309090909,0.336734693,0.294405134157701,0.2921129746870561,85.83507041270022,-0.27759387344121933,-2.1141481057378124,2.1081725656986237,0.36514075365190446,"Alex Freeland",31665,690976
"Brandon Lockridge","MIL",28,96,0,9,12,5,0.104166666,0.260416666,0.047058823,0.416666666,0.294117647,0.368421052,0.34117647,0.3273860335350037,0.2769954356741398,108.56310805738705,0.9033616110682487,1.855004424044138,-1.4080654978752136,0.35951616988303814,"Brandon Lockridge",21496,663604
"Nasim Nuñez","WSN",40,145,0,17,14,17,0.131034482,0.193103448,0.025,0.268817204,0.208333333,0.319148936,0.233333333,0.2678277171249931,0.28188443865094864,67.22588400999881,2.698359936475754,-2.8030030762938383,1.6591853499412537,0.3557704915557497,"Nasim Nunez",25979,683083
"Luis Torrens","NYM",20,56,0,6,8,0,0.053571428,0.196428571,0.078431373,0.275,0.215686274,0.272727272,0.294117647,0.25974763089960273,0.2689474626020952,65.02949897074124,0.32605959475040436,-1.9409909145723403,3.5475276708602905,0.34826636899070007,"Luis Torrens",15905,620443
"Cal Raleigh","SEA",41,181,7,16,18,2,0.099447513,0.314917127,0.155279503,0.191919191,0.161490683,0.243093922,0.316770186,0.2539999442205903,0.2890741759242274,63.18364914645436,-0.6336919516324997,-8.439279910223751,5.488876461982727,0.34615042116737244,"Cal Raleigh",21534,663728
"Ben Williamson","TBR",38,126,0,19,14,4,0.111111111,0.182539682,0.072072072,0.34090909,0.27027027,0.352,0.342342342,0.31928268003463744,0.31400799560546877,99.80731305117891,0.9966369420289993,0.9681982805291813,-2.004140615463257,0.34575956940664115,"Ben Williamson",33197,810938
"Everson Pereira","CHW",18,71,3,7,7,1,0.056338028,0.295774647,0.203125,0.31707317,0.25,0.309859154,0.453125,0.3352804041244614,0.31375363846899756,111.20388036408715,-0.04913836717605591,0.8826410623836656,-0.03514796495437622,0.34217471165065616,"Everson Pereira",23695,677592
"Ty France","SDP",25,73,4,9,11,1,0.02739726,0.178082191,0.257142857,0.264150943,0.257142857,0.287671232,0.514285714,0.3470672026072463,0.36342019504970974,124.98959780393716,-0.9949062168598175,1.1168969711381527,-0.1396559476852417,0.3389986786776277,"Ty France",17982,664034
"Carson Benge","NYM",39,137,3,16,13,7,0.08029197,0.218978102,0.111111111,0.279569892,0.23015873,0.291970802,0.341269841,0.28731990817689546,0.30985713875206716,83.82322524007894,1.133436843752861,-1.4321328711105688,0.3678027391433716,0.3378280915508447,"Carson Benge",35177,701807
"Jac Caglianone","KCR",39,140,4,17,8,0,0.078571428,0.3,0.165354331,0.320987654,0.236220472,0.307142857,0.401574803,0.3172162962811334,0.3325322014944894,96.29827078387788,0.3601677268743515,-0.24687462161065543,-1.3880136609077454,0.33436721343324494,"Jac Caglianone",35041,695506
"José Tena","WSN",32,83,2,13,11,0,0.072289156,0.277108433,0.184210526,0.372549019,0.276315789,0.337349397,0.460526315,0.352735021028174,0.3317070007324219,125.10012529140421,0.6542258113622665,3.065936989633874,-2.4642588198184967,0.33299232485126856,"Jose Tena",23691,677588
"Carlos Narváez","BOS",27,89,2,9,3,1,0.056179775,0.269662921,0.111111111,0.272727272,0.209876543,0.272727272,0.320987654,0.27091534638946707,0.28918597914955835,63.938549491141615,-0.005717016756534576,-3.765125396780978,3.893429845571518,0.3327658338895366,"Carlos Narvaez",19722,665966
"Colt Keith","DET",38,126,0,17,6,1,0.047619047,0.206349206,0.067226891,0.397849462,0.310924369,0.349206349,0.37815126,0.3282149751034994,0.3241494445800781,106.45073301631784,0.6799550205469131,1.632018529773503,-2.8148720264434814,0.33063548132595105,"Colt Keith",27899,690993
"Matt Chapman","SFG",42,176,1,16,14,0,0.09090909,0.238636363,0.082278481,0.304347826,0.227848101,0.306818181,0.310126582,0.2849522131410512,0.2619068540375808,81.29332290766001,-0.7465242445468903,-4.55789003979141,2.114301860332489,0.3231988172495293,"Matt Chapman",16505,656305
"Nick Fortes","TBR",34,108,1,7,8,0,0.018518518,0.148148148,0.077669902,0.325581395,0.281553398,0.314814814,0.3592233,0.30414921873145634,0.29216974752920644,89.61286920601675,-0.9949625730514526,-2.30899372970996,1.6745834350585938,0.32246659887098894,"Nick Fortes",21538,663743
"Jose Altuve","HOU",40,177,3,26,11,1,0.107344632,0.186440677,0.122580645,0.3,0.251612903,0.335227272,0.374193548,0.3196987438201904,0.321941664052564,101.53325116793826,-0.4105614423751831,-0.09267436200829393,-2.9581778049468994,0.3214473862393651,"Jose Altuve",5417,514888
"Gary Sánchez","MIL",28,99,5,13,14,0,0.181818181,0.222222222,0.2375,0.207547169,0.2,0.353535353,0.4375,0.356353187801862,0.3557460162104393,128.3076058592192,-0.14596937783062458,3.0982457814835147,-3.1163481920957565,0.32143851468928386,"Gary Sanchez",11442,596142
"Darell Hernaiz","ATH",27,69,1,7,5,2,0.115942028,0.188405797,0.05,0.304347826,0.25,0.338235294,0.3,0.2992434238686281,0.2542331919950597,84.38677120649686,0.3650190904736519,-0.896890153135363,1.5935483872890472,0.31946562771500675,"Darell Hernaiz",26224,687231
"Roman Anthony","BOS",30,130,1,12,5,2,0.153846153,0.253846153,0.091743119,0.32,0.229357798,0.353846153,0.321100917,0.31375821108041807,0.35303768515586853,92.79904409365354,0.8216174840927124,-0.27491073061174176,-1.2007814049720764,0.31485069648924546,"Roman Anthony",31812,701350
"Keibert Ruiz","WSN",27,85,3,9,15,0,0.011764705,0.164705882,0.207317073,0.212121212,0.207317073,0.223529411,0.414634146,0.275010371909422,0.22187526927274817,72.12170188344216,-0.015282507985830307,-2.7584763566495596,3.0880430042743683,0.31151056989047343,"Keibert Ruiz",19610,660688
"Jake Bauers","MIL",36,142,6,24,21,3,0.105633802,0.218309859,0.204724409,0.311111111,0.267716535,0.345070422,0.472440944,0.3545731640548157,0.3319658196490744,127.09431184224447,0.3439178913831711,4.797790428260305,-6.2829108238220215,0.31083731472125664,"Jake Bauers",15194,641343
"Jacob Young","WSN",41,154,3,19,17,2,0.051948051,0.175324675,0.097902098,0.256637168,0.223776223,0.274509803,0.321678321,0.27075303457920846,0.29681537025853205,69.21982941148063,0.8206168413162231,-4.666738164442553,2.756890296936035,0.30630095835240856,"Jacob Young",29931,696285
"Miguel Rojas","LAD",27,70,1,5,5,0,0.057142857,0.114285714,0.09375,0.285714285,0.265625,0.304347826,0.359375,0.2967000517292299,0.31407867652782495,87.39932468942362,-1.3530313223600388,-2.3741193301051995,3.1232511401176453,0.3057184475756074,"Miguel Rojas",7802,500743
"Gabriel Moreno","ARI",23,82,1,8,9,1,0.060975609,0.231707317,0.121621621,0.267857142,0.216216216,0.268292682,0.337837837,0.27015855544950906,0.3245466511423995,67.80106830030793,-0.06341610848903656,-3.1199318011037978,3.471736788749695,0.30400291048824174,"Gabriel Moreno",22664,672515
"Ernie Clement","TOR",42,176,2,15,12,1,0.02840909,0.079545454,0.111764705,0.309677419,0.294117647,0.3125,0.405882352,0.3176823928952217,0.2900644792829241,100.20306616321658,-1.0900636166334152,-1.0482000199159076,-2.148877799510956,0.3028033384499643,"Ernie Clement",20352,676391
"Miguel Andujar","SDP",31,114,3,10,12,1,0.026315789,0.192982456,0.190909091,0.34117647,0.29090909,0.315789473,0.481818181,0.34868188489947405,0.2933167574698465,126.09019231439014,-0.908250093460083,2.534880112129092,-3.230272591114044,0.30069858775310093,"Miguel Andujar",15878,609280
"Tristan Gray","MIN",21,72,3,8,14,0,0.041666666,0.347222222,0.151515151,0.333333333,0.242424242,0.28169014,0.393939393,0.2989143410199125,0.3002873011997768,86.20974370824518,-0.2981009930372238,-1.4611315921556598,1.8591370284557343,0.2994917607336156,"Tristan Gray",19877,656484
"Alex Call","LAD",19,52,0,8,5,0,0.173076923,0.115384615,0.097560976,0.333333333,0.292682926,0.423076923,0.390243902,0.3733952652949553,0.31338948469895583,139.67606757238096,-0.3347935378551483,2.0535856575828952,-0.8358171284198761,0.29518106953632883,"Alex Call",19296,669743
"Dominic Canzone","SEA",37,99,4,12,18,1,0.09090909,0.232323232,0.218390804,0.29032258,0.252873563,0.323232323,0.471264367,0.3467809250860503,0.36242679634479563,125.68425494859011,-0.1329129934310913,2.845524387251652,-3.4923824667930603,0.28887035614967005,"Dominic Canzone",26438,686527
"Trent Grisham","NYY",43,167,6,25,26,2,0.16766467,0.16766467,0.189781022,0.171428571,0.175182481,0.311377245,0.364963503,0.30845770043527293,0.35322751256520163,94.50926003012238,-0.49899522960186005,-1.5730678726114298,-1.4802300333976746,0.2852902948670349,"Trent Grisham",18564,663757
"Nolan Schanuel","LAA",40,171,3,14,20,0,0.064327485,0.16374269,0.121019109,0.296875,0.261146496,0.30994152,0.382165605,0.30886471724649617,0.303783439056218,92.49590393579543,-0.29950082302093506,-1.8025763458597863,-1.399339199066162,0.2843526535779437,"Nolan Schanuel",33189,694384
"Curtis Mead","WSN",32,104,4,16,15,3,0.134615384,0.163461538,0.215909091,0.23880597,0.227272727,0.346153846,0.443181818,0.3537456857470366,0.376616147848276,125.78901130126681,0.5319054424762726,3.636746311622221,-4.334605932235718,0.26778782406442125,"Curtis Mead",23986,678554
"J.T. Realmuto","PHI",26,96,1,8,8,0,0.052083333,0.15625,0.079545454,0.260273972,0.227272727,0.28125,0.306818181,0.26806579157710075,0.2857017119725545,65.74258614597873,0.043124571442604065,-3.7640003027082676,3.306524783372879,0.26640926382068664,"J.T. Realmuto",11739,592663
"Taylor Walls","TBR",31,111,0,14,8,6,0.117117117,0.234234234,0.054347826,0.287878787,0.206521739,0.311320754,0.260869565,0.27252082217414425,0.24753982907249814,68.3068436936469,0.45824871957302094,-3.662487152802548,2.378286361694336,0.2663441001629434,"Taylor Walls",22458,670764
"Matt Shaw","CHC",36,93,3,10,10,2,0.05376344,0.17204301,0.174418605,0.294117647,0.26744186,0.304347826,0.441860465,0.3272405286198077,0.29982919278352155,109.5111248286826,-0.6322008222341537,0.39176661204212904,-0.7773131132125854,0.26401711902031816,"Matt Shaw",33322,807713
"Jeff McNeil","ATH",39,140,1,10,12,1,0.071428571,0.128571428,0.088709677,0.317757009,0.282258064,0.345323741,0.370967741,0.3239951047965949,0.3129797736517817,101.06039373332013,-0.9865204095840454,-0.8126276517372767,-1.5929518342018127,0.2550267364686623,"Jeff McNeil",15362,643446
"Corey Seager","TEX",42,182,7,22,20,1,0.12087912,0.274725274,0.173076923,0.207920792,0.179487179,0.285714285,0.352564102,0.2856653587685691,0.33079011705186634,79.43043401870956,-0.7628736793994904,-5.1480072170127,1.259864866733551,0.25320338761863126,"Corey Seager",13624,608369
"Austin Riley","ATL",43,179,6,22,25,3,0.07821229,0.262569832,0.154320988,0.263636363,0.216049382,0.284916201,0.37037037,0.29435507545258077,0.3039613222942672,84.81185234255322,1.0285408645868301,-2.1186940188775627,-1.1250702142715454,0.2506199919776239,"Austin Riley",18360,663586
"Moisés Ballesteros","CHC",38,117,6,14,20,0,0.085470085,0.188034188,0.219047619,0.253164556,0.247619047,0.307692307,0.466666666,0.3378207046761472,0.3348254016321948,116.72275013929855,-0.18133407086133957,2.0836485666765023,-3.4279946573078632,0.243687684660986,"Moises Ballesteros",28820,694208
"David Fry","CLE",28,71,3,11,8,0,0.169014084,0.267605633,0.186440678,0.324324324,0.254237288,0.38028169,0.440677966,0.36577341301100597,0.2871346609933036,133.17504504418147,-0.4218766540288925,2.337151784544057,-2.4614387527108192,0.24213270576444446,"David Fry",24934,681807
"Brice Matthews","HOU",35,108,4,12,13,2,0.074074074,0.333333333,0.18367347,0.27118644,0.204081632,0.261682242,0.387755102,0.2866272152027237,0.2766902424464716,79.25507999413223,0.32399503514170647,-2.300355401062359,0.8659244701266289,0.24010673984757863,"Brice Matthews",33280,694728
"Adolis García","PHI",42,171,4,15,13,1,0.076023391,0.269005847,0.12987013,0.29245283,0.227272727,0.29239766,0.357142857,0.29208339201776606,0.31177906683313916,82.11338511150069,-0.19119144976139069,-3.731944039252565,0.6308916807174683,0.23918635258503304,"Adolis Garcia",19287,666969
"Joey Bart","PIT",21,62,2,9,6,0,0.032258064,0.338709677,0.120689655,0.361111111,0.258620689,0.29032258,0.379310344,0.29720095088404996,0.25645571370278636,85.32606564719259,-0.2025829255580902,-1.2557798348356823,1.5865740925073624,0.23652635844630715,"Joey Bart",21524,663698
"Amed Rosario","NYY",25,79,4,10,15,0,0.075949367,0.189873417,0.225352113,0.277777777,0.267605633,0.316455696,0.492957746,0.34933810143531124,0.34720878112010467,122.04776850570815,-0.07419250160455704,1.9660323749731279,-2.458643440157175,0.2329390305591741,"Amed Rosario",15518,642708
"Connor Wong","BOS",18,57,0,3,7,1,0.070175438,0.192982456,0.102040816,0.315789473,0.244897959,0.327272727,0.346938775,0.30925467339428986,0.2590637900612571,89.76529912771142,0.20564505457878113,-0.477694117036911,0.7152341902256012,0.2291143418100441,"Connor Wong",19896,657136
"MJ Melendez","NYM",22,59,2,5,6,0,0.101694915,0.355932203,0.215686275,0.392857142,0.25490196,0.344827586,0.470588235,0.36079436643370266,0.2825290087995858,133.9046473286174,-0.384702205657959,1.9309991907316109,-1.6885182559490204,0.2176377184054092,"MJ Melendez",22197,669004
"Jesús Sánchez","TOR",42,139,5,16,18,1,0.043165467,0.194244604,0.157480315,0.285714285,0.259842519,0.302158273,0.417322834,0.313978954501774,0.327868862428527,97.70829685831973,0.2014017403125763,-0.1717276576658125,-2.576065182685852,0.2162063097584087,"Jesus Sanchez",19913,660821
"Joey Loperfido","HOU",20,66,0,7,7,1,0.09090909,0.287878787,0.086206897,0.4,0.275862068,0.348484848,0.362068965,0.322535618688121,0.27916185783617425,103.444272114005,0.2059464305639267,0.472219778032491,-0.6985841393470764,0.21367147246928694,"Joey Loperfido",29630,694388
"Christian Yelich","MIL",16,60,1,10,10,3,0.083333333,0.266666666,0.127272728,0.394736842,0.29090909,0.35,0.418181818,0.3311781420789916,0.27409604500079976,111.14787279200036,0.7718738615512848,1.54618332893305,-1.4224734753370285,0.20867624977521107,"Christian Yelich",11477,592885
"Marcelo Mayer","BOS",37,124,1,9,8,2,0.072580645,0.177419354,0.081081081,0.280898876,0.234234234,0.300813008,0.315315315,0.28229182425553234,0.278531090157931,71.6021541641158,0.09077996015548706,-4.033929753074684,1.7298475205898285,0.20802709615389225,"Marcelo Mayer",29668,691785
"Luke Keaschall","MIN",42,175,1,18,15,9,0.102857142,0.154285714,0.071895425,0.259842519,0.222222222,0.308571428,0.294117647,0.27776715810271513,0.28075519186912934,71.96424068591779,2.4844308644533157,-3.2625093430646173,-0.8224680423736572,0.20780606151865683,"Luke Keaschall",33321,807712
"Luis Robert Jr.","NYM",24,98,2,10,8,2,0.132653061,0.173469387,0.105882353,0.257575757,0.223529411,0.326530612,0.329411764,0.30417255905209756,0.3240524603396046,95.31027450612206,-0.9256886094808578,-1.457729256568609,0.3655524915084243,0.20759992359620133,"Luis Robert Jr.",20043,673357
"Jorge Barrosa","ARI",32,88,1,10,7,0,0.079545454,0.295454545,0.179487179,0.274509803,0.192307692,0.26744186,0.371794871,0.2851673524047053,0.22928532888722974,78.03131583377258,0.1883179247379303,-2.049671510381337,1.2649125158786774,0.20659093409132526,"Jorge Barrosa",23968,678489
"Tyler Soderstrom","ATH",39,168,5,22,20,1,0.107142857,0.214285714,0.194630873,0.229357798,0.201342281,0.285714285,0.395973154,0.30094396318504196,0.32135283228862715,85.5323156540204,1.1069671213626862,-1.7400797272094408,-2.1170916855335236,0.20612432468758102,"Tyler Soderstrom",27467,691016
"Jakob Marsee","MIA",42,185,2,22,13,12,0.129729729,0.248648648,0.09032258,0.24074074,0.180645161,0.304347826,0.270967741,0.2741580411143925,0.2822389446321081,70.16710756975412,0.6788315176963806,-5.710249645496537,1.7492172718048096,0.19637333512065563,"Jakob Marsee",31370,805300
"Edmundo Sosa","PHI",23,67,1,6,11,2,0.029850746,0.179104477,0.092307692,0.307692307,0.261538461,0.283582089,0.353846153,0.2845162642535879,0.34026439154326027,76.95550401177044,0.41979989409446716,-1.3675654432109956,1.0244649946689606,0.18347919598505363,"Edmundo Sosa",17022,624641
"Jorbit Vivas","WSN",32,90,0,13,3,0,0.066666666,0.133333333,0.038961039,0.287878787,0.246753246,0.329545454,0.285714285,0.28909605606035754,0.2796057137576016,81.7227402592982,-0.06804770231246948,-1.9723018392779403,0.8989959210157394,0.18341720108043835,"Jorbit Vivas",23917,678391
"Jake Fraley","TBR",27,87,2,6,5,3,0.091954022,0.275862068,0.164556962,0.320754716,0.240506329,0.310344827,0.405063291,0.3196024990629876,0.2867773854455283,100.02275465173629,0.41017936915159225,0.4124982356842615,-1.6841759085655212,0.18146057701164078,"Jake Fraley",19260,641584
"Derek Hill","CHW",32,50,3,7,4,4,0.1,0.3,0.204545454,0.307692307,0.25,0.326530612,0.454545454,0.34713125837092496,0.3573392629623413,119.18704202898525,-0.10821659862995148,1.0155195155071237,-1.0108523964881897,0.1800070139993667,"Derek Hill",16947,656537
"Ketel Marte","ARI",40,170,5,20,15,0,0.070588235,0.176470588,0.151898734,0.235772357,0.215189873,0.270588235,0.367088607,0.2847030492389903,0.3448310852050781,77.71483901487665,0.06271600723266602,-4.322954615506152,0.6422819346189499,0.17625040391140817,"Ketel Marte",13613,606466
"Adam Frazier","LAA",30,71,1,13,6,0,0.084507042,0.28169014,0.161290323,0.341463414,0.241935483,0.318840579,0.403225806,0.32317020409349084,0.2381548121355582,102.1325944071774,0.01820545643568039,0.19556432993556738,-0.9629280492663383,0.17592977528369277,"Adam Frazier",15223,624428
"Max Muncy","ATH",26,104,2,15,7,2,0.057692307,0.35576923,0.163043479,0.363636363,0.239130434,0.307692307,0.402173913,0.314712476844971,0.3031567610227145,94.80728167306259,-0.2399885579943657,-0.8725670356913583,-1.0501954108476639,0.17547226937840205,"Max Muncy",29779,691777
"Jo Adell","LAA",44,184,6,16,25,2,0.027173913,0.222826086,0.134502924,0.317460317,0.269005847,0.309782608,0.403508771,0.3176403712967168,0.3273580582415471,98.40750014153183,-0.10625377297401428,-0.4494824232295833,-4.266136646270752,0.17519806449895375,"Jo Adell",20220,666176
"Hunter Feduccia","TBR",23,54,0,6,4,0,0.129629629,0.333333333,0.022727272,0.423076923,0.25,0.365384615,0.272727272,0.3070183453651575,0.2812654644835229,91.54561610151892,-0.06791732460260391,-0.6026811623407038,0.41879233717918396,0.17495783727986236,"Hunter Feduccia",23372,676439
"Josh Naylor","SEA",41,178,5,12,20,8,0.078651685,0.15730337,0.11728395,0.269230769,0.24691358,0.308988764,0.36419753,0.3018289306069498,0.3338569598009357,95.40297466085437,-0.5983864516019821,-1.5568667866580292,-2.9718765914440155,0.17289320206013503,"Josh Naylor",18839,647304
"Dustin Harris","- - -",17,52,0,6,5,4,0.115384615,0.134615384,0.069767442,0.27027027,0.232558139,0.333333333,0.302325581,0.2957094206529505,0.3349153294282801,84.68525880149218,0.6187416082248092,-0.31408153600581723,0.16452503204345703,0.1713111906332465,"Dustin Harris",25705,687957
"Michael Massey","KCR",29,81,3,10,12,1,0.037037037,0.222222222,0.210526316,0.245614035,0.22368421,0.24691358,0.434210526,0.29220811820324555,0.29216754583664883,79.45186255133075,0.7185132950544357,-1.2310789470948433,0.010364800691604614,0.16516394206756746,"Michael Massey",27684,686681
"Kyle Stowers","MIA",21,87,1,10,3,1,0.103448275,0.218390804,0.092105263,0.285714285,0.22368421,0.32183908,0.315789473,0.29238382882850117,0.33237135687539743,82.59010991726457,0.20963291823863983,-1.543789667806367,0.27747464179992676,0.1537504264640836,"Kyle Stowers",26151,669065
"Jeremiah Jackson","BAL",40,135,6,10,24,1,0.022222222,0.222222222,0.161538462,0.263157894,0.238461538,0.259259259,0.4,0.2894343027362117,0.2758515770755597,82.00797774952127,-0.6953866332769394,-3.5405031381779892,0.09603914618492126,0.13012386373102622,"Jeremiah Jackson",22239,669236
"Mitch Garver","SEA",20,61,0,7,1,0,0.213114754,0.295081967,0.020833334,0.266666666,0.166666666,0.344262295,0.1875,0.2746504584296805,0.3036252631515753,77.09457826311595,-0.17357486113905907,-1.810219659394015,0.9327971935272217,0.1286942295273914,"Mitch Garver",15161,641598
"Jung Hoo Lee","SFG",43,175,2,17,14,0,0.057142857,0.125714285,0.111111111,0.292857142,0.265432098,0.308571428,0.376543209,0.30540377616882325,0.31185777936662945,95.23345101019432,-0.8472401350736618,-1.8128760815326659,-2.6143550872802734,0.11572271089071187,"Jung Hoo Lee",33824,808982
"Freddy Fermin","SDP",32,82,0,11,3,0,0.097560975,0.207317073,0.057142857,0.218181818,0.171428571,0.268292682,0.228571428,0.2371736212474544,0.26582848153463223,50.08429106911709,-0.033630698919296265,-4.771929133109071,3.2653310894966125,0.11268558100786466,"Freddy Fermin",21840,666023
"Spencer Torkelson","DET",42,165,6,14,16,0,0.145454545,0.321212121,0.18705036,0.271604938,0.201438848,0.321212121,0.388489208,0.32165295788736054,0.3476592040643459,102.03032220079255,-0.6421544342301786,-0.24974881778184044,-4.423688650131226,0.1113204529545716,"Spencer Torkelson",27465,679529
"Gavin Sheets","SDP",38,124,6,15,16,2,0.064516129,0.209677419,0.234782609,0.240963855,0.226086956,0.282258064,0.460869565,0.32558580608137194,0.3175596421764743,110.34751793036553,0.4262661635875702,1.9116174866797904,-4.803630352020264,0.10721951776687716,"Gavin Sheets",19901,657757
"Javier Sanoja","MIA",32,92,0,3,10,2,0.086956521,0.119565217,0.047619048,0.301369863,0.261904761,0.326086956,0.309523809,0.2933487153571585,0.26207451198412024,83.24779274549769,-0.24156183749437332,-2.0257110776271277,0.07926597446203232,0.10006135022124436,"Javier Sanoja",28253,691594
"Mike Yastrzemski","ATL",40,128,1,17,10,1,0.0625,0.2421875,0.084745762,0.290697674,0.220338983,0.28125,0.305084745,0.26843137154355645,0.2768510580062866,67.14182130907014,0.37929460406303406,-4.489537193791199,1.3398290872573853,0.09375323379990164,"Mike Yastrzemski",14854,573262
"Dane Myers","CIN",34,65,1,12,4,2,0.153846153,0.23076923,0.055555555,0.289473684,0.222222222,0.353846153,0.277777777,0.30447583473645723,0.39473191518632195,87.2606136314053,0.48017124831676483,-0.4784193841183806,-0.7024945318698883,0.09069731632561026,"Dane Myers",22054,667472
"Jose Fernandez","ARI",35,114,3,19,12,3,0.043859649,0.245614035,0.111111111,0.337662337,0.268518518,0.307017543,0.379629629,0.30798096719541046,0.2967265279669511,93.58145800297703,0.14131763577461243,-0.7057392030361636,-2.0357584189623594,0.09005785739852312,"Jose Fernandez",28020,699912
"Masataka Yoshida","BOS",27,86,0,8,5,1,0.127906976,0.093023255,0.054794521,0.307692307,0.273972602,0.38372093,0.328767123,0.33457148560257843,0.2937733406244322,106.81961441126538,-0.15134723484516144,0.5356335315170948,-2.69307678937912,0.08668298738447455,"Masataka Yoshida",31837,807799
"Danny Jansen","TEX",28,99,2,6,9,0,0.08080808,0.282828282,0.137931035,0.263157894,0.195402298,0.285714285,0.333333333,0.28361464398247854,0.2432395584729253,78.04899877990869,-0.6217988580465317,-3.167314883650432,0.5552481710910797,0.08655769241806065,"Danny Jansen",16535,643376
"Luis García Jr.","WSN",38,130,3,18,22,2,0.03076923,0.153846153,0.16,0.300970873,0.272,0.292307692,0.432,0.316464914725377,0.3189167713555764,100.37781299346706,-0.19047224521636963,-0.13361424815575146,-3.1841745376586914,0.08298115952427301,"Luis Garcia Jr.",20391,671277
"Giancarlo Stanton","NYY",24,96,3,8,14,1,0.0625,0.302083333,0.166666667,0.344827586,0.255555555,0.302083333,0.422222222,0.3209477663040161,0.32595980167388916,102.92301763457168,-0.4395652860403061,-0.11087340593340822,-2.484567880630493,0.07749764010599408,"Giancarlo Stanton",4949,519317
"Agustín Ramírez","MIA",31,129,2,14,14,3,0.100775193,0.217054263,0.115044248,0.285714285,0.230088495,0.317829457,0.345132743,0.29975744616240263,0.2825965881347656,87.61609106472366,0.33164770901203156,-1.5177008562242955,-1.8370484225451946,0.07591050359407625,"Agustin Ramirez",26546,682663
"Lane Thomas","KCR",34,94,1,8,7,3,0.180851063,0.202127659,0.053333333,0.25,0.2,0.351063829,0.253333333,0.29584045866702463,0.30806498831891,81.89873773359473,0.0897597074508667,-1.9033124465714053,-0.6701672747731209,0.07257745916251303,"Lane Thomas",16939,657041
"Henry Davis","PIT",32,100,2,10,8,1,0.11,0.18,0.104651163,0.166666666,0.15116279,0.262626262,0.255813953,0.2471163844821429,0.28366167858393504,51.187585832502016,0.26680363714694977,-5.3838879224086424,2.913427598774433,0.07224088992506375,"Henry Davis",29617,680779
"Brady House","WSN",39,158,6,19,21,1,0.075949367,0.284810126,0.164383561,0.284210526,0.226027397,0.284810126,0.390410958,0.3014176054091393,0.31915370120277886,90.12131478929719,-0.7381376922130585,-2.5450103590301496,-1.8142981231212616,0.06719863578492472,"Brady House",29993,691781
"Joey Ortiz","MIL",33,101,1,14,11,4,0.07920792,0.207920792,0.04494382,0.246376811,0.202247191,0.262626262,0.247191011,0.23669321368439028,0.2645743013632418,46.74536214814735,-0.5612427890300751,-6.787830699635748,4.230872869491577,0.0666018944161741,"Joey Ortiz",25493,687401
"Jorge Soler","LAA",40,170,8,20,28,0,0.105882352,0.323529411,0.213793103,0.282352941,0.220689655,0.317647058,0.434482758,0.3332871089963352,0.31789757223690257,108.94770542855443,-1.8228485733270645,-0.041098003018873897,-5.342214107513428,0.056193523436668336,"Jorge Soler",14221,624585
"Matt McLain","CIN",43,175,3,15,14,5,0.12,0.228571428,0.105960265,0.259259259,0.205298013,0.310344827,0.311258278,0.2899279169652654,0.31276923383591493,77.34450907352097,-1.1376861780881882,-5.727370763324291,0.7178374379873276,0.05577635282789338,"Matt McLain",29695,680574
"Garrett Mitchell","MIL",37,137,1,17,22,5,0.160583941,0.379562043,0.098214286,0.366666666,0.205357142,0.338235294,0.303571428,0.2997195252665767,0.31801138983832467,89.70515236529782,0.40020790696144104,-1.232512440741183,-2.6222373098134995,0.050562293670431635,"Garrett Mitchell",27555,669003
"Davis Schneider","TOR",31,73,1,13,8,1,0.219178082,0.328767123,0.105263158,0.21875,0.140350877,0.328767123,0.245614035,0.2851911538267789,0.3020782470703125,78.31579890114256,0.38546325266361237,-1.468719740864603,-0.6082009077072144,0.048295659687343256,"Davis Schneider",23565,676914
"Dylan Beavers","BAL",33,119,2,16,12,3,0.117647058,0.235294117,0.126213592,0.31081081,0.242718446,0.330508474,0.368932038,0.3173077460062706,0.30850846888655326,100.78453167166987,0.7542405277490616,0.8635968130234105,-4.562011003494263,0.046531914788674855,"Dylan Beavers",31695,687637
"Javier Báez","DET",24,82,2,10,6,1,0.024390243,0.195121951,0.141025641,0.295081967,0.256410256,0.280487804,0.397435897,0.2982160092853918,0.294040161886333,86.2423506562723,-0.4282781779766083,-1.7497088872706692,-0.8466343283653259,0.02713735581455288,"Javier Baez",12979,595879
"Vinnie Pasquantino","KCR",41,176,5,16,21,1,0.102272727,0.193181818,0.150326798,0.228813559,0.209150326,0.289772727,0.359477124,0.29080918871543626,0.31491457332264294,78.50949333247826,-0.11926528811454773,-4.549692741577317,-1.3919508457183838,0.02025806465303992,"Vinnie Pasquantino",27676,686469
"Trea Turner","PHI",42,185,4,24,13,5,0.07027027,0.205405405,0.111111111,0.276923076,0.233918128,0.286486486,0.345029239,0.2845268339724154,0.2824710330447635,76.96270850925863,0.6066994518041611,-4.327020114899853,-1.3659780025482178,0.01807236634608772,"Trea Turner",16252,607208
"Nathan Lukes","TOR",20,56,0,5,8,0,0.017857142,0.125,0.076923076,0.282608695,0.25,0.285714285,0.326923076,0.2752773378576551,0.28137387548174175,71.63749589010172,-0.5162027664482594,-2.376656635283626,0.5920405387878418,0.017348559495231876,"Nathan Lukes",18123,664770
"Alek Thomas","ARI",28,100,2,12,10,4,0.03,0.23,0.159574468,0.217391304,0.180851063,0.222222222,0.340425531,0.24961639955790357,0.29233661140363243,53.799190583560865,0.8346346393227577,-4.513728646260066,1.4453556537628174,0.010687473822472787,"Alek Thomas",23792,677950
"Willi Castro","COL",34,124,2,18,13,3,0.072580645,0.322580645,0.096491228,0.347222222,0.236842105,0.298387096,0.333333333,0.2878770871508506,0.26875203655612084,67.0931467346392,0.0260116308927536,-4.697656244382782,0.7386605739593506,-0.002623340556342328,"Willi Castro",17338,650489
"David Hamilton","MIL",33,114,0,17,7,7,0.105263157,0.201754385,0.020833334,0.301369863,0.229166666,0.321100917,0.25,0.27324453187645026,0.2687483716894079,71.65935318256828,0.507377915084362,-3.232745420427162,-0.44922178983688354,-0.00676082351087956,"David Hamilton",27531,666152
"Ryan McMahon","NYY",42,124,3,11,13,1,0.096774193,0.314516129,0.107142857,0.271428571,0.196428571,0.274193548,0.303571428,0.26611484827533843,0.27724422947052985,65.98559185265664,0.07388228178024292,-4.866617800019508,0.47593728452920914,-0.0067822882952036645,"Ryan McMahon",15112,641857
"Bo Bichette","NYM",42,184,2,17,18,1,0.065217391,0.16847826,0.064705883,0.258992805,0.223529411,0.27173913,0.288235294,0.25537503834651865,0.3205993693807851,62.0490666073367,-0.4596812427043915,-8.543407517837627,2.617782711982727,-0.009141570322342238,"Bo Bichette",19612,666182
"Jake Mangum","PIT",30,82,0,13,3,5,0.085365853,0.219512195,0.02739726,0.345454545,0.260273972,0.333333333,0.287671232,0.28563293591141703,0.2854010425036467,77.44111277627724,1.1994965821504593,-0.9419282778517961,-1.7663976550102234,-0.011028902161934792,"Jake Mangum",26202,663968
"Steven Kwan","CLE",41,182,1,18,9,2,0.12087912,0.115384615,0.058064517,0.231343283,0.206451612,0.311111111,0.264516129,0.27144096417134034,0.28207468582411943,69.62931461234304,-0.05070681869983673,-6.52529705433489,0.06808337569236755,-0.011275230592767596,"Steven Kwan",24610,680757
"Nick Yorke","PIT",26,83,1,6,6,0,0.084337349,0.192771084,0.08219178,0.245614035,0.205479452,0.289156626,0.287671232,0.2681610785334943,0.3160973284617964,65.53200198084753,0.15091317892074585,-3.1608972264201896,0.33696578443050385,-0.019664484112870993,"Nick Yorke",27504,694377
"Richie Palacios","TBR",28,76,1,9,9,4,0.131578947,0.22368421,0.064516129,0.288888888,0.225806451,0.355263157,0.29032258,0.3085104242751473,0.3382728422010267,92.55073412149525,-0.753849983215332,-1.417002427444896,-1.5256905853748322,-0.030061560696759398,"Richie Palacios",24589,680700
"Will Benson","CIN",34,82,2,9,4,1,0.170731707,0.292682926,0.151515152,0.25,0.181818181,0.333333333,0.333333333,0.3072322681546211,0.3454244291627562,89.13944484362769,0.2791741192340851,-0.751774906515041,-2.1989250779151917,-0.035980624421003415,"Will Benson",21853,666181
"Nick Loftin","KCR",18,56,0,9,13,0,0.142857142,0.089285714,0.133333334,0.285714285,0.266666666,0.375,0.4,0.3477159376655306,0.3427213600703648,116.84392621337724,0.0097593292593956,1.1146458219551756,-3.520037144422531,-0.04655849211996099,"Nick Loftin",27630,679845
"Sal Frelick","MIL",39,147,3,19,12,1,0.108843537,0.108843537,0.088,0.231481481,0.224,0.3125,0.312,0.2858525122795905,0.29077898038850797,80.25316391944689,-0.12939026951789856,-3.4897530860456927,-1.6274029985070229,-0.04674208511382316,"Sal Frelick",29622,686217
"Jonathan India","KCR",17,58,2,8,8,0,0.137931034,0.224137931,0.145833334,0.181818181,0.166666666,0.310344827,0.3125,0.2945360880473564,0.28529200060614224,81.02006676935922,0.33133552968502045,-0.9581277551837482,-1.6655869036912918,-0.06185319946707142,"Jonathan India",21523,663697
"Isaac Collins","KCR",37,136,3,16,13,2,0.125,0.279411764,0.121739131,0.32,0.234782608,0.345588235,0.356521739,0.32352209003532634,0.3054131620070514,100.5460802597432,-1.0923656672239304,-1.00537319104102,-4.388081789016724,-0.06692870843118694,"Isaac Collins",25477,686555
"Eli White","ATL",26,62,2,8,10,1,0.032258064,0.193548387,0.152542373,0.260869565,0.237288135,0.258064516,0.389830508,0.2824355210027387,0.2732534408569336,76.68728427260695,0.2174910008907318,-1.4557398832490787,-1.1696341931819916,-0.06780280033258204,"Eli White",19346,642201
"Matt Vierling","DET",35,113,2,9,17,1,0.097345132,0.159292035,0.15,0.219512195,0.2,0.274336283,0.35,0.2794838616278319,0.3218073844909668,73.62370224738915,-0.17518304288387299,-3.666414059700709,-1.0229343920946121,-0.07702514698483237,"Matt Vierling",21558,663837
"Jonah Heim","- - -",16,55,1,4,8,0,0.09090909,0.145454545,0.142857143,0.195121951,0.183673469,0.254545454,0.326530612,0.260854878208854,0.24238699349490078,64.85492013615806,-0.03312169946730137,-2.4996403231056843,-0.23828748799860477,-0.09900110248282117,"Jonah Heim",16930,641680
"Edouard Julien","COL",37,123,2,15,12,3,0.121951219,0.276422764,0.102803738,0.352112676,0.252336448,0.349593495,0.355140186,0.3242917128694736,0.3410682368084667,91.91396588836936,-0.260021910071373,-1.4113841843104433,-3.5178936421871185,-0.10577681874346405,"Edouard Julien",27534,666397
"Jake Burger","TEX",41,168,7,15,27,0,0.041666666,0.267857142,0.163522012,0.268518518,0.226415094,0.261904761,0.389937106,0.28779896774462294,0.2883246285574777,80.86770976535868,-0.2556145265698433,-4.0205934489666095,-2.873700350522995,-0.10653882456696717,"Jake Burger",22275,669394
"Logan O'Hoppe","LAA",26,93,1,9,8,0,0.118279569,0.247311827,0.051282051,0.272727272,0.205128205,0.322580645,0.256410256,0.27907778691220025,0.28949119733727496,72.4303563040116,-0.9813475012779236,-3.9846592084491164,-0.42208990454673767,-0.11974296423949918,"Logan O'Hoppe",24729,681351
"Luis Rengifo","MIL",34,128,0,12,11,2,0.0859375,0.109375,0.070175439,0.237623762,0.210526315,0.283464566,0.280701754,0.2576008893194653,0.2976278577532087,60.996384247700334,0.41270868480205536,-5.366736560545803,0.11839133501052856,-0.122295514723655,"Luis Rengifo",19858,650859
"Colton Cowser","BAL",35,88,0,8,7,0,0.113636363,0.329545454,0.02631579,0.270833333,0.171052631,0.264367816,0.197368421,0.2244341092548151,0.2557996552566002,38.22150953213571,-0.16905774176120758,-6.537104908744945,2.2261136174201965,-0.1278376223947605,"Colton Cowser",29591,681297
"Jarren Duran","BOS",37,158,4,19,18,9,0.063291139,0.265822784,0.122448979,0.227722772,0.183673469,0.240506329,0.306122448,0.2478635013103485,0.28455198728121245,48.40999753078776,2.775098577141762,-6.772825186040029,0.004646420478820801,-0.12946094841653472,"Jarren Duran",24617,680776
"Patrick Bailey","- - -",32,94,1,5,6,2,0.074468085,0.244680851,0.034482759,0.174603174,0.137931034,0.202127659,0.172413793,0.18021083385386366,0.27595698513010497,10.587869035919693,0.1962352767586708,-9.624537883994279,5.325796104967594,-0.1339453101751851,"Patrick Bailey",27478,672275
"Brett Sullivan","COL",23,72,0,3,7,0,0.055555555,0.236111111,0.090909091,0.285714285,0.212121212,0.267605633,0.303030303,0.259933095582774,0.2448164442895164,48.04605377523322,0.71806700527668,-3.6122765334706655,-0.04027894139289856,-0.14089143810552307,"Brett Sullivan",18217,664954
"Blaze Alexander","BAL",36,100,0,10,5,4,0.06,0.3,0.044444444,0.366666666,0.244444444,0.298969072,0.288888888,0.2708957557825698,0.3058111643053822,69.51974573811236,0.9915840923786163,-2.5787174090639318,-2.359669327735901,-0.14933983550580912,"Blaze Alexander",23789,677942
"Leo Rivas","SEA",36,115,0,8,7,2,0.12173913,0.304347826,0.042105263,0.213114754,0.136842105,0.265486725,0.178947368,0.22369195929670757,0.2381116647635941,42.76710040214316,1.0159555226564407,-6.693609871779572,1.224816381931305,-0.1500857445433714,"Leo Rivas",21009,660844
"Tyler Freeman","COL",27,101,2,8,12,4,0.02970297,0.128712871,0.091954023,0.277777777,0.252873563,0.329896907,0.344827586,0.31175053304003686,0.324232816696167,83.36568754202176,-0.9403148293495178,-2.885216025377114,-1.7997673749923706,-0.15247231193926333,"Tyler Freeman",22532,671289
"Tyler O'Neill","BAL",24,75,1,11,6,0,0.146666666,0.24,0.064516129,0.232558139,0.177419354,0.32,0.241935483,0.27614975452423096,0.2884867604573568,73.05902826319857,-0.48114123940467834,-2.8479372399180893,-1.2743272483348846,-0.1550856347525008,"Tyler O'Neill",15711,641933
"Tyler Stephenson","CIN",35,123,3,7,11,0,0.121951219,0.276422764,0.121495327,0.239436619,0.186915887,0.284552845,0.308411214,0.27390589268226934,0.33292379379272463,66.42362881299593,-0.8787384033203125,-5.659644167118567,0.22934436798095703,-0.1573556120429885,"Tyler Stephenson",17988,663886
"Joc Pederson","TEX",39,118,3,13,9,0,0.13559322,0.237288135,0.122448979,0.257142857,0.214285714,0.322033898,0.336734693,0.3021433600934885,0.3366292533227953,90.53060838213088,0.09189918637275696,-1.216952364806515,-4.430903941392899,-0.15774816158154603,"Joc Pederson",11899,592626
"Eugenio Suárez","CIN",25,100,3,10,11,0,0.09,0.3,0.131868132,0.310344827,0.23076923,0.3,0.362637362,0.29982377886772155,0.2726671474496114,84.08969438859444,0.21217000484466553,-1.6296612416045755,-3.0770310163497925,-0.15797285519737064,"Eugenio Suarez",12552,553993
"Rhys Hoskins","CLE",35,122,3,17,14,0,0.204918032,0.270491803,0.159574468,0.25,0.191489361,0.360655737,0.351063829,0.33142085935248705,0.3110406906878362,110.03392932757556,-2.2007522135972977,-0.7668577908117526,-5.121137857437134,-0.16810770303885547,"Rhys Hoskins",16472,656555
"Royce Lewis","MIN",27,104,3,10,12,3,0.10576923,0.298076923,0.133333334,0.210526315,0.166666666,0.269230769,0.3,0.26401362396203554,0.2945529497586764,62.699365409816444,0.6256589144468307,-3.9183153896834817,-1.3983445167541504,-0.17391986334879084,"Royce Lewis",20437,668904
"Kerry Carpenter","DET",37,117,6,11,17,0,0.094017094,0.341880341,0.235294118,0.275862068,0.215686274,0.299145299,0.450980392,0.3282217770560175,0.30155609393941946,106.45531505618264,-0.41553859412670135,0.46914833735485817,-6.239705324172974,-0.17397038013621746,"Kerry Carpenter",25961,681481
"Mark Vientos","NYM",34,125,5,13,17,0,0.056,0.216,0.172413793,0.270588235,0.24137931,0.288,0.413793103,0.3100741353034973,0.36184429931640627,99.33288778216706,-1.0789149105548859,-1.1754488928132125,-4.485915184020996,-0.17461166941987627,"Mark Vientos",22184,668901
"Graham Pauley","MIA",28,81,1,8,9,1,0.061728395,0.234567901,0.12,0.218181818,0.173333333,0.225,0.293333333,0.2339072994887829,0.197191059589386,42.73152752528201,-0.0028978288173675537,-5.372868735689143,1.0801944136619568,-0.17739876014558703,"Graham Pauley",31363,688363
"Brent Rooker","ATH",26,111,5,9,18,2,0.117117117,0.315315315,0.166666666,0.224137931,0.1875,0.279279279,0.354166666,0.28193904703313655,0.3008277393947138,72.72992057657108,0.38769638538360596,-3.157952190492962,-2.4739663545042276,-0.18124113082176974,"Brent Rooker",19627,667670
"Caleb Durbin","BOS",40,147,1,14,14,4,0.074829931,0.156462585,0.07518797,0.19266055,0.165413533,0.244897959,0.240601503,0.22886514379864648,0.26190444214703285,35.61202058927673,0.6106259226799011,-10.476230881629414,3.53982150554657,-0.18627565378651356,"Caleb Durbin",29646,702332
"Andrew McCutchen","TEX",27,62,1,6,5,0,0.096774193,0.306451612,0.090909091,0.305555555,0.218181818,0.29032258,0.309090909,0.27411866284185843,0.2547764778137207,71.65216433778264,-0.26524464786052704,-2.323967583760991,-1.6968035399913788,-0.19131408258527727,"Andrew McCutchen",9847,457705
"Drew Gilbert","SFG",25,77,2,8,8,0,0.064935064,0.194805194,0.1,0.264150943,0.228571428,0.289473684,0.328571428,0.27649953762690227,0.2625400955612595,75.53183762086887,-0.1688312515616417,-2.349870062355679,-2.0472771525382996,-0.20121665999979216,"Drew Gilbert",31545,687551
"Adrian Del Castillo","ARI",26,93,3,7,16,0,0.064516129,0.322580645,0.151162791,0.259259259,0.197674418,0.247311827,0.348837209,0.2649767193742978,0.25806675786557404,64.26904199030477,-0.15784280747175217,-4.00463675208335,-0.9387349188327789,-0.20519807544896154,"Adrian Del Castillo",29554,680728
"Brett Baty","NYM",39,135,1,16,13,2,0.081481481,0.274074074,0.091666667,0.297619047,0.216666666,0.283582089,0.308333333,0.2695331649104161,0.28557438636893656,71.69948294591251,0.4051394462585449,-4.017682473689616,-2.280455708503723,-0.20750898191829703,"Brett Baty",26123,683146
"Alec Bohm","PHI",39,156,3,10,20,0,0.07051282,0.147435897,0.092857143,0.196581196,0.185714285,0.25,0.278571428,0.2419989246588487,0.2748742380449849,47.974972806171735,-0.5369080603122711,-9.932155638603057,2.9333012104034424,-0.2110665004374319,"Alec Bohm",21618,664761
"Marcus Semien","NYM",42,165,2,13,13,5,0.066666666,0.2,0.079470199,0.264957264,0.218543046,0.274390243,0.298013245,0.26155137506926934,0.29849360901632427,66.25896122529886,0.5037602484226227,-5.941103017200486,-1.3642114400863647,-0.21322459200474458,"Marcus Semien",12533,543760
"Kyle Higashioka","TEX",20,70,1,5,5,0,0.085714285,0.314285714,0.0625,0.292682926,0.203125,0.271428571,0.265625,0.250235025371824,0.26950204031808034,55.56328710549365,-0.5268895179033279,-4.170452428576419,-0.37630510330200195,-0.21673864625428912,"Kyle Higashioka",5517,543309
"Rafael Devers","SFG",43,176,5,16,18,0,0.068181818,0.306818181,0.148148148,0.333333333,0.24691358,0.295454545,0.395061728,0.3015724077992056,0.26962756559338874,92.62192612048582,-0.9789606928825378,-2.482196049988379,-5.209955811500549,-0.2171259510402398,"Rafael Devers",17350,646240
"Ramón Urías","STL",25,68,2,9,5,0,0.088235294,0.176470588,0.157894737,0.159090909,0.157894736,0.279411764,0.315789473,0.27659040514160604,0.306695629568661,75.34614776401878,-0.47833925392478704,-2.419068792488415,-1.8736345320940018,-0.21985555785426786,"Ramon Urias",18795,602104
"Yoán Moncada","LAA",38,123,3,9,9,0,0.1300813,0.349593495,0.114285714,0.288135593,0.19047619,0.308943089,0.304761904,0.2882125556953554,0.27448191408251155,78.58386511027794,-0.1755182147026062,-3.2610676727462895,-3.2349024787545204,-0.22710642555263277,"Yoan Moncada",17232,660162
"James McCann","ARI",20,58,0,3,6,0,0.017241379,0.293103448,0.054545454,0.289473684,0.2,0.214285714,0.254545454,0.20999407023191452,0.19624744142804826,26.791946893920077,-0.14029089361429214,-5.0556829757992725,0.9677815437316895,-0.2314285614180955,"James McCann",12859,543510
"Andruw Monasterio","BOS",20,63,1,7,9,1,0.079365079,0.19047619,0.137931034,0.288888888,0.24137931,0.301587301,0.379310344,0.305296486332303,0.33376642257448225,87.09892195703794,-0.5215904712677002,-1.4736253488016358,-3.001983553171158,-0.23454781290650561,"Andruw Monasterio",19455,655316
"Josh Smith","TEX",31,108,0,6,6,2,0.129629629,0.185185185,0.02173913,0.273972602,0.217391304,0.324074074,0.239130434,0.2680927654293096,0.30653028942289806,67.59290310479399,0.20585492253303528,-3.893827257440922,-2.2384620308876038,-0.24352447474685732,"Josh Smith",26396,669701
"George Springer","TOR",25,107,2,9,8,1,0.102803738,0.186915887,0.117021277,0.236111111,0.202127659,0.29245283,0.319148936,0.2820389872451998,0.28746194659538993,76.19238611653724,-0.49281011521816254,-3.4767217317031944,-2.7006170749664307,-0.25175272603602183,"George Springer",12856,543807
"Denzel Clarke","ATH",22,60,0,4,6,2,0.066666666,0.4,0.018867925,0.310344827,0.16981132,0.228070175,0.188679245,0.19844312416879753,0.19325763838631765,16.484063803436673,0.4935321658849716,-5.376046279918399,0.7804011106491089,-0.257676799547192,"Denzel Clarke",29858,672016
"Victor Caratini","MIN",31,118,1,6,13,0,0.084745762,0.194915254,0.04040404,0.240506329,0.202020202,0.296610169,0.242424242,0.25701379169852046,0.33405313653461005,57.98402663130718,-1.3804530948400497,-7.187866510306692,0.5094093978404999,-0.26384559615243935,"Victor Caratini",14968,605170
"Zach McKinstry","DET",21,68,1,2,5,1,0.088235294,0.220588235,0.096774194,0.217391304,0.177419354,0.25,0.274193548,0.24226856494651122,0.2394579719094669,48.55413986518484,-1.2422368228435516,-5.339988648364313,0.34232209250330925,-0.2703395152908547,"Zach McKinstry",19392,656716
"Drew Millas","WSN",28,72,1,8,6,0,0.083333333,0.277777777,0.09375,0.232558139,0.171875,0.242857142,0.265625,0.23534660594803947,0.2415163040161133,45.0862142886906,-0.09885383024811745,-4.675898971619231,-0.2707120180130005,-0.27411078887103424,"Drew Millas",25643,686452
"Trevor Story","BOS",40,172,3,16,19,4,0.046511627,0.319767441,0.099378882,0.295238095,0.211180124,0.25,0.310559006,0.2514631096706834,0.25392672073009404,50.834823190882915,1.0256238728761673,-8.879783912898063,0.13599467277526855,-0.2825770190318065,"Trevor Story",12564,596115
"Jake Cronenworth","SDP",32,114,1,13,4,1,0.122807017,0.201754385,0.051546392,0.178082191,0.144329896,0.271929824,0.195876288,0.23374050698782267,0.30482998228909675,47.744222855019466,0.22281065583229065,-6.673399327456399,0.16947245597839355,-0.297273579465241,"Jake Cronenworth",18036,630105
"Hao-Yu  Lee","DET",18,51,1,4,6,0,0.058823529,0.31372549,0.145833333,0.29032258,0.208333333,0.25490196,0.354166666,0.2705995533980575,0.30048179626464844,67.6389126782964,-0.6676133722066879,-2.6008258450010855,-2.1176699846982956,-0.3026387056687554,"Hao-Yu  Lee",30080,701678
"Tyler Heineman","TOR",25,65,0,4,3,0,0.015384615,0.215384615,0,0.204545454,0.155172413,0.196721311,0.155172413,0.1686814691199631,0.20824894905090333,-0.16931526844362674,-0.2844328284263611,-7.911092529443932,2.643464297056198,-0.30890289825608824,"Tyler Heineman",13897,623168
"Jorge Polanco","NYM",14,61,1,3,2,0,0.081967213,0.180327868,0.107142857,0.204545454,0.178571428,0.245901639,0.285714285,0.2437395570708103,0.2701358169805808,54.11812757359367,-0.0497372355312109,-3.289716887096392,-1.7086512744426727,-0.31536149944280667,"Jorge Polanco",13152,593871
"Juan Brito","CLE",15,56,0,7,3,0,0.071428571,0.303571428,0.078431372,0.264705882,0.176470588,0.25,0.25490196,0.23550699331930705,0.25673157828194754,45.42289939471239,-0.0008997619152069092,-3.58091433247241,-1.5578090846538544,-0.3279472910712092,"Juan Brito",26693,682877
"TJ Friedl","CIN",39,160,2,14,7,5,0.075,0.23125,0.085106383,0.235294117,0.184397163,0.267515923,0.269503546,0.25159143414467006,0.2584634580110249,51.21371991114753,1.0404745638370514,-7.9957913393152396,-0.34442662447690964,-0.3360933666031061,"TJ Friedl",19522,670770
"Tim Tawa","ARI",21,55,1,4,6,0,0.127272727,0.2,0.108695652,0.171428571,0.152173913,0.259259259,0.260869565,0.24432873173996253,0.276377336034235,50.1950275841045,-0.540567547082901,-3.711643965445881,-1.3688877820968628,-0.3434140750193774,"Tim Tawa",29571,694374
"Yainer Diaz","HOU",26,106,2,7,14,0,0.028301886,0.150943396,0.108910891,0.258823529,0.237623762,0.254716981,0.346534653,0.2644075436412163,0.2574204858743919,64.28711004636362,-1.022168755531311,-5.45638805496341,-1.6930545568466187,-0.35541859093781814,"Yainer Diaz",23003,673237
"Brenton Doyle","COL",39,110,1,17,3,8,0.09090909,0.327272727,0.06,0.301587301,0.2,0.272727272,0.26,0.2491392970085144,0.24444457080876716,40.68881977635472,0.8531307578086853,-6.699540223792,-0.4168889820575714,-0.3733916716949872,"Brenton Doyle",25479,686668
"Willy Adames","SFG",42,178,3,15,11,1,0.033707865,0.297752808,0.122807017,0.304347826,0.222222222,0.252808988,0.345029239,0.2660005625044362,0.27490832296650064,68.37556022760788,-1.2751931995153427,-7.791689569190972,-1.7591025829315186,-0.4019363500125438,"Willy Adames",15986,642715
"Rafael Marchán","PHI",17,57,1,3,2,0,0.017543859,0.210526315,0.055555555,0.073170731,0.074074074,0.122807017,0.129629629,0.1223406477978355,0.17977082101922287,-33.586114026454105,-0.25092582404613495,-9.065624824905452,3.3261324167251587,-0.40472085331181573,"Rafael Marchan",21646,665561
"Thomas Saggese","STL",21,65,0,5,2,0,0.061538461,0.338461538,0.032786885,0.23076923,0.147540983,0.2,0.180327868,0.17986855231798612,0.24349889021653395,9.418911941270519,-0.3615100160241127,-7.177394233409655,1.1427232921123505,-0.4089832246601455,"Thomas Saggese",27883,695336
"Edgar Quero","CHW",30,99,0,3,7,1,0.09090909,0.232323232,0.012195122,0.209677419,0.158536585,0.257731958,0.170731707,0.21289003079699487,0.248888889948527,28.757322826518337,-0.19097675383090973,-8.452530504100734,0.8681155741214752,-0.4253314759713984,"Edgar Quero",28022,700337
"Jahmai Jones","DET",28,53,2,6,5,0,0.056603773,0.358490566,0.16,0.24137931,0.18,0.226415094,0.34,0.2522116719551806,0.34084096944557046,55.25217437398631,-0.46261486783623695,-3.2406268441295247,-2.7715842723846436,-0.4286419690373603,"Jahmai Jones",18872,663330
"Kyle Manzardo","CLE",39,133,2,10,13,0,0.090225563,0.308270676,0.084745763,0.289473684,0.20338983,0.285714285,0.288135593,0.26664507030544427,0.3163739695693507,66.39862800841601,-1.1912803649902344,-6.426018468844477,-2.423137366771698,-0.4334549185667246,"Kyle Manzardo",29794,700932
"Victor Scott II","STL",40,118,1,13,5,6,0.06779661,0.279661016,0.049504951,0.25,0.178217821,0.243243243,0.227722772,0.22116545997224413,0.24621268185702236,37.567576283313144,0.014550775289535522,-8.513769804449273,0.5300472602248192,-0.43655164214161785,"Victor Scott II",31349,687363
"Coby Mayo","BAL",37,120,4,12,16,1,0.083333333,0.308333333,0.146788991,0.217391304,0.174311926,0.241666666,0.321100917,0.25379297882318497,0.27321306864420575,57.99870003575659,0.2524910122156143,-5.651290617810339,-2.8034689724445343,-0.43952984425127584,"Coby Mayo",28312,691723
"Andrew Benintendi","CHW",38,132,2,13,17,0,0.068181818,0.318181818,0.125,0.316455696,0.225,0.272727272,0.35,0.27579523171439313,0.30370773431908993,71.13252870134755,0.021857932209968567,-4.441574666155116,-4.481245994567871,-0.44462903465517917,"Andrew Benintendi",17901,643217
"Bo Naylor","CLE",28,90,2,4,7,0,0.066666666,0.233333333,0.095238096,0.163934426,0.142857142,0.2,0.238095238,0.20206296576393976,0.295751615004106,22.893799538516195,0.3189699351787567,-7.809674360946783,0.29307472705841064,-0.45066486179308063,"Bo Naylor",21865,666310
"Rob Refsnyder","SEA",26,61,2,5,4,0,0.098360655,0.262295081,0.113207547,0.135135135,0.132075471,0.213114754,0.245283018,0.2117837501353905,0.27095313150374617,34.745302403692236,-0.1777232140302658,-4.840320681542589,-1.754059586673975,-0.4598503870604133,"Rob Refsnyder",13770,608701
"Lenyn Sosa","- - -",31,91,1,8,9,0,0,0.219780219,0.101123595,0.260869565,0.213483146,0.211111111,0.314606741,0.22884504795074462,0.26190000110202366,40.062680034597086,0.11908642947673798,-6.26979781275785,-1.3904896080493927,-0.4618665816179917,"Lenyn Sosa",22896,672820
"Lourdes Gurriel Jr.","ARI",18,74,0,4,6,0,0.094594594,0.175675675,0.04477612,0.24074074,0.19402985,0.27027027,0.23880597,0.24042425042874105,0.28739186879750844,47.53366768811674,0.13716410100460052,-4.357360273518618,-2.549546003341675,-0.46938628187820275,"Lourdes Gurriel Jr.",19238,666971
"Harrison Bader","SFG",17,62,2,5,4,0,0.032258064,0.306451612,0.13559322,0.153846153,0.13559322,0.161290322,0.27118644,0.18969466417066513,0.2663986144527312,16.364181131190538,-0.14444032311439514,-6.14726027716975,-0.39854365587234497,-0.47139995227765286,"Harrison Bader",18030,664056
"Josh Lowe","LAA",38,115,4,7,10,1,0.052173913,0.295652173,0.122641509,0.188405797,0.160377358,0.210526315,0.283018867,0.2230622046872189,0.2496375702975089,34.696245382103704,0.08256705338135362,-8.714183945894018,-0.2699270248413086,-0.5119777245965946,"Josh Lowe",19953,666139
"Blake Perkins","MIL",22,56,0,6,7,1,0.089285714,0.232142857,0.06122449,0.166666666,0.122448979,0.218181818,0.183673469,0.196530422297391,0.22208772139115768,19.369730460248853,0.14709563527139835,-5.079963979172951,-1.7526725232601166,-0.5205226201165069,"Blake Perkins",19921,663368
"Lawrence Butler","ATH",39,137,3,14,12,4,0.124087591,0.270072992,0.1,0.225,0.175,0.277372262,0.275,0.2567380618523149,0.3043287782108082,55.753630544716515,-0.5354777127504349,-7.635905510396437,-2.291980028152466,-0.5301449629739433,"Lawrence Butler",22542,671732
"Marcell Ozuna","PIT",36,153,4,12,14,0,0.091503267,0.25490196,0.124087592,0.234042553,0.189781021,0.274509803,0.313868613,0.2679740378731175,0.31690147399902346,65.40451193216546,-0.34276241064071655,-6.470246713748437,-3.672839403152466,-0.5445532825516085,"Marcell Ozuna",10324,542303
"Josh Bell","MIN",41,166,3,21,22,1,0.084337349,0.228915662,0.106666667,0.263636363,0.213333333,0.28313253,0.32,0.2751699484974505,0.307828535516578,70.21466688092048,-0.49668946862220764,-6.288266761457239,-4.817078709602356,-0.5472357312776602,"Josh Bell",13145,605137
"Luisangel Acuña","CHW",32,89,0,7,3,6,0.06741573,0.15730337,0.0125,0.208955223,0.175,0.238636363,0.1875,0.20413607426665045,0.2709623033350164,22.860342850574042,1.1354594826698303,-6.90635440522486,-1.5483047366142273,-0.5508259627051426,"Luisangel Acuna",26548,682668
"Ezequiel Tovar","COL",42,154,1,12,11,3,0.051948051,0.285714285,0.076923077,0.272727272,0.195804195,0.246753246,0.272727272,0.2375325850852124,0.2867528246594714,32.7774904153505,0.6996039152145386,-11.284532865579624,0.8618127107620239,-0.5700751370487447,"Ezequiel Tovar",24064,678662
"Jordan Beck","COL",29,84,1,7,10,2,0.059523809,0.25,0.115384615,0.228070175,0.179487179,0.226190476,0.294871794,0.2330459136338461,0.2517247316313953,29.719299963056102,0.04191197454929352,-6.792272214619438,-1.42055082321167,-0.5711699359073688,"Jordan Beck",31431,687597
"Tyrone Taylor","NYM",34,80,2,4,11,0,0.025,0.1875,0.106666667,0.206896551,0.186666666,0.207792207,0.293333333,0.2229717428034002,0.24255472653872007,39.96243732614397,-0.08781948685646057,-5.647941917897244,-2.643688976764679,-0.5923456929793938,"Tyrone Taylor",13675,621438
"Heriberto Hernández","MIA",26,86,0,4,11,3,0.127906976,0.174418604,0.027027027,0.20338983,0.162162162,0.279069767,0.189189189,0.2328820034515026,0.32204612465791926,42.03266856358312,0.13171952217817307,-5.639307045862611,-2.89931321144104,-0.598178481377284,"Heriberto Hernandez",24878,681715
"Nick Castellanos","SDP",27,86,2,5,15,1,0.046511627,0.290697674,0.12345679,0.236363636,0.185185185,0.220930232,0.308641975,0.22982787384706385,0.2891831790699678,45.07730653540452,-0.03814861178398132,-5.506061577903656,-3.4638999700546265,-0.6425838457867392,"Nick Castellanos",11737,592206
"Owen Caissie","MIA",36,118,3,13,19,2,0.06779661,0.406779661,0.14423077,0.315789473,0.201923076,0.262711864,0.346153846,0.2702643608642837,0.2892473008897569,67.51310985803313,0.8511354923248291,-3.586600499260551,-6.651255249977112,-0.6686082723894496,"Owen Caissie",27496,683357
"Wenceel Pérez","DET",28,91,2,10,8,3,0.065934065,0.131868131,0.094117647,0.169014084,0.164705882,0.219780219,0.258823529,0.21965112004961287,0.27678177382919816,33.318215491822016,0.6102052181959152,-6.497590100885581,-3.55211478471756,-0.7078503433152534,"Wenceel Perez",22857,672761
"Salvador Perez","KCR",41,172,6,15,18,0,0.03488372,0.220930232,0.142857143,0.210084033,0.192546583,0.232558139,0.335403726,0.2498059680587367,0.2724497387980857,50.88824911866108,-0.6416389048099518,-10.536282860667926,-2.7215349078178406,-0.7472834732931702,"Salvador Perez",7304,521692
"Matt Wallner","MIN",34,135,4,14,10,0,0.074074074,0.392592592,0.125,0.253968253,0.166666666,0.259259259,0.291666666,0.25673298173480563,0.281876062463831,57.794862939743055,-0.4178559333086014,-7.091843457893449,-4.91829514503479,-0.7516880813626876,"Matt Wallner",26466,670242
"Ke'Bryan Hayes","CIN",38,110,2,7,3,0,0.063636363,0.172727272,0.08737864,0.146341463,0.13592233,0.19090909,0.22330097,0.19122988148169084,0.3043237958635603,10.070274031379773,-0.10195257654413581,-11.553581580475552,0.06702050566673279,-0.8232843723543524,"Ke'Bryan Hayes",18577,663647
"Cedric Mullins","TBR",37,141,2,10,13,8,0.042553191,0.184397163,0.078740157,0.17,0.149606299,0.204379562,0.228346456,0.20019496792424335,0.2154426857277199,19.585546897585356,-0.5028183087706566,-13.784086065175106,-0.37659186124801636,-0.9515368291857269,"Cedric Mullins",17929,656775