PlayerIdKey,MLBAMIDKey,NameKey,Display_Name,Display_Team,Display_POS,Player_Type,Preseason_POS,ROS_POS,Preseason_PA,ROS_PA,Preseason_IP,ROS_IP,Preseason_Value,ROS_Value,Projection_Change,Clipped_Projection_Change,YTD_Value,YTD_ROS_Gap,Banked_Value_Signal,Skill_Score,Skill_Adjustment,Sample_Confidence,Confidence_Label,Role_Change,Stock_Label,MLB_Stock_Change,YTD_PA,YTD_G,YTD_IP,YTD_GS,YTD_SV,YTD_wRC+,YTD_xwOBA,YTD_xERA,YTD_FIP,YTD_xFIP,SC_xwOBA,SC_xwOBA_Allowed,SC_Whiff%
19556,670541,yordan alvarez,Yordan Alvarez ,HOU,OF/DH,hitter,OF/DH,OF/DH,560.000,449.000,,,37.949,55.122,17.173,17.173,48.034,-7.088,0.000,0.896,1.586,1.000,High,STABLE,Skills-Backed Riser,18.759,194.000,,,,,179.345,0.485,,,,0.485,,20.200
23590,676962,ben brown,Ben Brown ,CHC,SP,pitcher,SP/RP,SP,,,73.000,79.000,3.236,21.571,18.334,18.334,5.811,-15.760,0.000,0.622,0.307,0.630,Medium,STABLE,Skills-Backed Riser,18.641,,12.000,25.200,0.000,1.000,,,2.776,2.678,3.321,,,
31623,694819,jacob misiorowski,Jacob Misiorowski ,MIL,SP,pitcher,SP,SP,,,137.000,116.000,17.064,33.464,16.400,16.400,16.781,-16.683,0.000,0.919,1.676,1.000,High,STABLE_SP,Skills-Backed Riser,18.075,,9.000,51.000,9.000,0.000,,,2.477,2.283,2.227,,0.253,39.500
37120,808959,munetaka murakami,Munetaka Murakami ,CHW,1B,hitter,1B,1B,588.000,472.000,,,11.882,28.304,16.422,16.422,26.700,-1.603,0.000,0.705,0.821,1.000,High,STABLE,Skills-Backed Riser,17.243,182.000,,,,,145.018,0.384,,,,0.384,,43.100
33572,805808,kevin mcgonigle,Kevin McGonigle ,DET,3B/SS,hitter,3B/SS,3B/SS,546.000,483.000,,,4.276,17.541,13.265,13.265,27.668,10.127,2.025,0.637,0.549,1.000,High,STABLE,Skills-Backed Riser,15.840,181.000,,,,,144.560,0.392,,,,0.392,,13.100
31857,687570,connor prielipp,Connor Prielipp ,MIN,SP,pitcher,RP,SP,,,57.000,73.000,-8.151,7.218,15.369,15.369,9.504,2.286,0.000,0.500,0.000,0.000,Low,RP_TO_SP,Role-Driven Riser,15.369,,,,,,,,,,,,,
15640,592450,aaron judge,Aaron Judge ,NYY,OF/DH,hitter,OF/DH,OF/DH,644.000,484.000,,,66.840,80.110,13.270,13.270,46.414,-33.695,0.000,0.875,1.502,1.000,High,STABLE,Skills-Backed Riser,14.771,194.000,,,,,178.658,0.435,,,,0.435,,33.300
10155,545361,mike trout,Mike Trout ,LAA,OF/DH,hitter,OF/DH,OF/DH,560.000,428.000,,,17.907,29.851,11.944,11.944,35.049,5.197,1.039,0.865,1.461,1.000,High,STABLE,Skills-Backed Riser,14.444,195.000,,,,,154.252,0.427,,,,0.427,,23.300
27475,691023,jordan walker,Jordan Walker ,STL,OF,hitter,OF,OF,532.000,436.000,,,3.279,12.509,9.230,9.230,32.360,19.851,3.970,0.733,0.933,1.000,High,STABLE,Skills-Backed Riser,14.133,176.000,,,,,161.098,0.388,,,,0.388,,34.400
30076,694738,landen roupp,Landen Roupp ,SFG,SP,pitcher,SP,SP,,,126.000,104.000,2.774,12.787,10.013,10.013,28.063,15.276,3.055,0.745,0.981,1.000,High,STABLE_SP,Skills-Backed Riser,14.050,,8.000,43.200,8.000,0.000,,,2.518,2.511,3.114,,0.255,25.500
31505,701398,sal stewart,Sal Stewart ,CIN,1B/2B/3B,hitter,1B/3B,1B/2B/3B,504.000,432.000,,,2.779,13.898,11.118,11.118,24.417,10.520,2.104,0.632,0.528,1.000,High,STABLE,Skills-Backed Riser,13.750,187.000,,,,,121.570,0.384,,,,0.384,,24.900
33703,690997,nolan mclean,Nolan McLean ,NYM,SP,pitcher,SP,SP,,,145.000,120.000,9.090,19.010,9.920,9.920,30.715,11.705,2.341,0.786,1.142,1.000,High,STABLE_SP,Skills-Backed Riser,13.403,,8.000,45.100,8.000,0.000,,,2.321,2.378,2.510,,0.245,26.300
27514,669165,kyle hurt,Kyle Hurt ,LAD,RP,pitcher,RP,RP,,,49.000,50.000,-9.502,3.722,13.224,13.224,0.616,-3.106,0.000,0.500,0.000,0.000,Low,STABLE_RP,Projection Riser,13.224,,,,,,,,,,,,,
29576,700250,ben rice,Ben Rice ,NYY,C/1B/DH,hitter,C/1B/DH,C/1B/DH,546.000,414.000,,,16.386,23.968,7.582,7.582,44.525,20.558,4.000,0.880,1.522,1.000,High,STABLE,Skills-Backed Riser,13.104,160.000,,,,,193.250,0.430,,,,0.430,,26.000
32095,693645,cam schlittler,Cam Schlittler ,NYY,SP,pitcher,SP,SP,,,119.000,93.000,7.906,15.913,8.007,8.007,40.283,24.370,4.000,0.766,1.065,1.000,High,STABLE_SP,Skills-Backed Riser,13.072,,9.000,53.100,9.000,0.000,,,2.515,1.644,2.533,,0.253,29.000
29518,695578,james wood,James Wood ,WSN,OF/DH,hitter,OF/DH,OF/DH,644.000,483.000,,,23.547,34.772,11.225,11.225,36.435,1.663,0.333,0.836,1.343,1.000,High,STABLE,Skills-Backed Riser,12.901,204.000,,,,,152.072,0.426,,,,0.426,,35.600
25816,669127,shea langeliers,Shea Langeliers ,ATH,C/DH,hitter,C/DH,C/DH,524.000,408.000,,,15.665,23.233,7.567,7.567,41.613,18.380,3.676,0.822,1.286,1.000,High,STABLE,Skills-Backed Riser,12.530,174.000,,,,,177.015,0.429,,,,0.429,,25.200
35110,701762,nick kurtz,Nick Kurtz ,ATH,1B/DH,hitter,1B/DH,1B/DH,616.000,472.000,,,25.835,37.238,11.402,11.402,26.929,-10.308,0.000,0.741,0.962,1.000,High,STABLE,Skills-Backed Riser,12.365,189.000,,,,,143.621,0.388,,,,0.388,,35.600
25420,666171,ryan zeferjahn,Ryan Zeferjahn ,LAA,RP,pitcher,RP,RP,,,52.000,47.000,-7.497,3.496,10.993,10.993,4.470,0.974,0.195,0.729,0.914,1.000,High,STABLE_RP,Skills-Backed Riser,12.102,,15.000,21.200,0.000,1.000,,,1.988,2.368,3.665,,,
22191,668964,tobias myers,Tobias Myers ,NYM,SP/RP,pitcher,SP/RP,SP/RP,,,76.000,61.000,-67.926,2.230,70.156,12.000,-39.620,-41.850,0.000,0.479,-0.047,0.555,Medium,STABLE,Projection Riser,11.953,,12.000,22.200,0.000,1.000,,,2.636,4.209,3.651,,,
20178,678246,miguel vargas,Miguel Vargas ,CHW,1B/3B/DH,hitter,1B/3B,1B/3B/DH,602.000,467.000,,,2.470,10.440,7.970,7.970,24.201,13.761,2.752,0.748,0.994,1.000,High,STABLE,Skills-Backed Riser,11.716,181.000,,,,,138.080,0.406,,,,0.406,,17.900
33829,684007,shota imanaga,Shota Imanaga ,CHC,SP,pitcher,SP,SP,,,148.000,122.000,-3.455,2.770,6.225,6.225,31.175,28.405,4.000,0.676,0.706,1.000,High,STABLE_SP,Skills-Backed Riser,10.931,,9.000,54.100,9.000,0.000,,,2.899,2.849,3.256,,0.273,32.300
13301,571970,max muncy,Max Muncy ,LAD,3B,hitter,3B,3B,455.000,329.000,,,4.625,11.188,6.564,6.564,26.029,14.841,2.968,0.839,1.355,1.000,High,STABLE,Skills-Backed Riser,10.887,156.000,,,,,156.643,0.420,,,,0.420,,28.500
31986,800048,parker messick,Parker Messick ,CLE,SP,pitcher,SP,SP,,,128.000,105.000,0.400,6.540,6.139,6.139,28.611,22.072,4.000,0.666,0.663,1.000,High,STABLE_SP,Skills-Backed Riser,10.802,,9.000,53.200,9.000,0.000,,,3.087,2.994,2.988,,0.281,27.400
19804,641329,bryan baker,Bryan Baker ,TBR,RP,pitcher,RP,RP,,,63.000,49.000,4.019,13.753,9.734,9.734,5.374,-8.379,0.000,0.648,0.505,0.855,High,RP_CLOSER,Skills-Backed Riser,10.239,,19.000,17.100,0.000,11.000,,,2.287,2.933,3.480,,,
11579,547180,bryce harper,Bryce Harper ,PHI,1B,hitter,1B,1B,665.000,494.000,,,29.431,38.698,9.266,9.266,26.535,-12.162,0.000,0.701,0.806,1.000,High,STABLE,Skills-Backed Riser,10.072,178.000,,,,,146.841,0.403,,,,0.403,,27.100
25679,687330,kevin kelly,Kevin Kelly ,TBR,RP,pitcher,RP,RP,,,48.000,45.000,-6.880,2.385,9.266,9.266,5.324,2.938,0.339,0.544,0.169,0.960,High,STABLE_RP,Projection Riser,9.773,,19.000,19.200,0.000,2.000,,,3.238,3.005,3.201,,,
21448,663436,davis martin,Davis Martin ,CHW,SP,pitcher,SP,SP,,,148.000,109.000,-12.439,-1.101,11.338,8.000,12.342,13.443,1.613,0.531,0.125,1.000,High,STABLE_SP,Projection Riser,9.738,,8.000,50.000,8.000,0.000,,,3.900,2.326,3.043,,0.314,26.100
19956,666160,mickey moniak,Mickey Moniak ,COL,OF/DH,hitter,OF/DH,OF/DH,483.000,391.000,,,11.448,18.928,7.480,7.480,37.844,18.916,2.073,0.544,0.162,0.913,High,STABLE,"Banked Production, Projection Skeptical",9.715,137.000,,,,,175.346,0.344,,,,0.344,,29.200
19611,665489,vladimir guerrero jr,Vladimir Guerrero Jr. ,TOR,1B/DH,hitter,1B/DH,1B/DH,679.000,499.000,,,42.233,51.404,9.171,9.171,10.248,-41.155,0.000,0.542,0.169,1.000,High,STABLE,Projection Riser,9.339,181.000,,,,,115.031,0.367,,,,0.367,,20.200
24995,681895,evan sisk,Evan Sisk ,PIT,RP,pitcher,RP,RP,,,40.000,41.000,-9.995,-0.532,9.463,8.000,1.213,1.745,0.281,0.824,1.043,0.805,High,STABLE_RP,Skills-Backed Riser,9.324,,13.000,16.100,0.000,0.000,,,1.946,1.943,3.233,,,
21711,665833,oneil cruz,Oneil Cruz ,PIT,OF,hitter,OF,OF,560.000,432.000,,,14.746,23.350,8.605,8.605,24.568,1.218,0.244,0.611,0.446,1.000,High,STABLE,Skills-Backed Riser,9.294,189.000,,,,,123.826,0.364,,,,0.364,,36.600
20023,670329,rico garcia,Rico Garcia ,BAL,RP,pitcher,RP,RP,,,56.000,48.000,-5.683,1.290,6.972,6.972,7.658,6.368,1.210,0.777,1.051,0.950,High,STABLE_RP,Skills-Backed Riser,9.234,,20.000,19.000,0.000,3.000,,,1.841,2.580,2.783,,,
23499,676775,keaton winn,Keaton Winn ,SFG,RP,pitcher,RP,RP,,,58.000,52.000,-5.407,3.107,8.514,8.514,4.693,1.586,0.287,0.611,0.400,0.905,High,STABLE_RP,Skills-Backed Riser,9.202,,19.000,18.100,0.000,0.000,,,1.668,2.452,3.831,,,
37123,672960,kazuma okamoto,Kazuma Okamoto ,TOR,3B,hitter,3B,3B,560.000,442.000,,,5.989,14.860,8.871,8.871,13.392,-1.468,0.000,0.581,0.323,1.000,High,STABLE,Skills-Backed Riser,9.194,177.000,,,,,120.541,0.364,,,,0.364,,31.400
18525,656302,dylan cease,Dylan Cease ,TOR,SP,pitcher,SP,SP,,,172.000,126.000,19.351,25.044,5.693,5.693,36.251,11.206,2.241,0.814,1.258,1.000,High,STABLE_SP,Skills-Backed Riser,9.192,,9.000,52.100,9.000,0.000,,,2.889,1.864,2.556,,0.272,36.100
13543,605483,blake snell,Blake Snell ,LAD,SP,pitcher,SP,SP,,,125.000,105.000,19.356,28.271,8.915,8.915,2.930,-25.341,0.000,0.500,0.000,0.000,Low,STABLE,Projection Riser,8.915,,,,,,,,,,,,,
18882,664040,brandon lowe,Brandon Lowe ,PIT,2B/DH,hitter,2B/DH,2B/DH,546.000,406.000,,,11.590,18.013,6.423,6.423,28.349,10.335,2.067,0.605,0.421,1.000,High,STABLE,Skills-Backed Riser,8.912,166.000,,,,,151.462,0.373,,,,0.373,,34.000
17677,605488,jeffrey springs,Jeffrey Springs ,ATH,SP,pitcher,SP,SP,,,163.000,121.000,-19.194,-11.614,7.581,7.581,1.773,13.387,1.606,0.427,-0.293,1.000,High,STABLE_SP,Projection Riser,8.894,,9.000,49.000,9.000,0.000,,,3.584,4.208,4.272,,0.302,24.800
14344,621566,matt olson,Matt Olson ,ATL,1B,hitter,1B,1B,686.000,504.000,,,26.963,32.187,5.223,5.223,44.841,12.655,2.531,0.784,1.136,1.000,High,STABLE,Skills-Backed Riser,8.890,190.000,,,,,176.500,0.403,,,,0.403,,24.700
22361,670059,colin holderman,Colin Holderman ,CLE,RP,pitcher,RP,RP,,,42.000,38.000,-10.638,-1.395,9.242,8.000,0.048,1.444,0.205,0.737,0.674,0.710,Medium,STABLE_RP,Skills-Backed Riser,8.879,,10.000,14.200,0.000,0.000,,,3.061,2.493,2.756,,,
19959,666200,jesus luzardo,Jesús Luzardo ,PHI,SP,pitcher,SP,SP,,,178.000,137.000,22.148,29.889,7.741,7.741,17.949,-11.940,0.000,0.782,1.128,1.000,High,STABLE_SP,Skills-Backed Riser,8.869,,8.000,43.200,8.000,0.000,,,3.204,2.946,2.391,,0.286,33.800
26213,668873,caleb kilian,Caleb Kilian ,SFG,RP,pitcher,RP,RP,,,59.000,46.000,-4.917,4.996,9.913,9.913,0.139,-4.857,0.000,0.221,-1.066,0.955,High,STABLE_RP,Projection Riser,8.847,,18.000,19.100,0.000,2.000,,,3.339,4.503,4.684,,,
34985,802139,jj wetherholt,JJ Wetherholt ,STL,2B,hitter,2B,2B,588.000,461.000,,,7.215,15.398,8.182,8.182,20.113,4.715,0.566,0.514,0.056,1.000,High,STABLE,Projection Riser,8.804,193.000,,,,,128.938,0.360,,,,0.360,,24.000
25764,677951,bobby witt jr,Bobby Witt Jr. ,KCR,SS,hitter,SS,SS,679.000,499.000,,,49.102,56.944,7.842,7.842,34.799,-22.144,0.000,0.738,0.954,1.000,High,STABLE,Skills-Backed Riser,8.795,193.000,,,,,141.823,0.398,,,,0.398,,24.100
31553,689254,mason fluharty,Mason Fluharty ,TOR,RP,pitcher,RP,RP,,,42.000,42.000,-9.984,-0.301,9.683,8.000,-38.256,-37.955,0.000,0.778,0.778,0.700,Medium,STABLE_RP,Skills-Backed Riser,8.778,,21.000,14.000,0.000,0.000,,,1.588,2.606,3.183,,,
21924,666661,juan morillo,Juan Morillo ,ARI,RP,pitcher,RP,RP,,,54.000,47.000,-7.102,-0.251,6.851,6.851,4.846,5.097,0.928,0.773,0.994,0.910,High,STABLE_RP,Skills-Backed Riser,8.772,,20.000,18.200,0.000,1.000,,,1.944,2.517,3.100,,,
15890,622663,luis severino,Luis Severino ,ATH,SP,pitcher,SP,SP,,,172.000,127.000,-11.364,-3.109,8.256,8.000,12.662,15.771,1.892,0.218,-1.130,1.000,High,STABLE_SP,"Banked Production, Projection Skeptical",8.763,,9.000,48.200,9.000,0.000,,,4.581,4.421,4.472,,0.337,22.600
22630,672456,keider montero,Keider Montero ,DET,SP,pitcher,SP/RP,SP,,,54.000,80.000,-88.228,-5.830,82.398,8.000,4.672,10.502,1.235,0.371,-0.506,0.980,High,STABLE_SP,Projection Riser,8.729,,7.000,39.200,7.000,0.000,,,3.316,3.232,4.552,,0.291,19.200
22100,667755,jose soriano,José Soriano ,LAA,SP,pitcher,SP,SP,,,175.000,127.000,12.194,18.565,6.371,6.371,28.269,9.704,1.941,0.598,0.392,1.000,High,STABLE_SP,Skills-Backed Riser,8.704,,9.000,54.100,9.000,0.000,,,3.757,3.162,3.103,,0.309,32.800
25931,671739,michael harris ii,Michael Harris II ,ATL,OF,hitter,OF,OF,574.000,442.000,,,13.953,21.670,7.717,7.717,17.778,-3.892,0.000,0.749,0.945,0.947,High,STABLE,Skills-Backed Riser,8.662,142.000,,,,,135.300,0.412,,,,0.412,,27.300
30249,676263,jack dreyer,Jack Dreyer ,LAD,RP,pitcher,RP,RP,,,52.000,43.000,-7.050,0.500,7.550,7.550,2.357,1.858,0.372,0.684,0.734,1.000,High,STABLE_RP,Skills-Backed Riser,8.655,,19.000,20.200,0.000,0.000,,,2.821,2.477,3.412,,,
19755,660271,shohei ohtani,Shohei Ohtani ,LAD,DH,hitter,DH,DH,679.000,494.000,,,59.064,67.134,8.069,8.069,17.341,-49.793,0.000,0.630,0.521,1.000,High,STABLE,Skills-Backed Riser,8.590,185.000,,,,,122.171,0.380,,,,0.380,,28.700
31204,680736,justin wrobleski,Justin Wrobleski ,LAD,SP,pitcher,SP/RP,SP,,,65.000,98.000,-78.310,-7.683,70.627,8.000,5.289,12.972,1.557,0.251,-0.996,1.000,High,STABLE_SP,Projection Riser,8.561,,7.000,44.200,6.000,0.000,,,4.082,3.576,4.850,,0.320,14.900
21504,663623,jake irvin,Jake Irvin ,WSN,SP,pitcher,SP,SP,,,137.000,92.000,-17.715,-10.205,7.510,7.510,10.966,21.171,2.400,0.158,-1.370,1.000,High,STABLE_SP,"Banked Production, Projection Skeptical",8.540,,9.000,42.200,9.000,0.000,,,5.741,4.653,4.505,,0.372,24.700
33482,801403,chase dollander,Chase Dollander ,COL,SP,pitcher,SP,SP,,,120.000,99.000,-13.763,-1.637,12.126,8.000,3.998,5.635,0.676,0.442,-0.231,1.000,High,STABLE_SP,Projection Riser,8.446,,9.000,43.000,2.000,0.000,,,3.418,3.827,3.623,,0.295,28.700
16502,642232,ryan yarbrough,Ryan Yarbrough ,NYY,RP,pitcher,SP/RP,RP,,,60.000,38.000,-83.683,-6.862,76.821,8.000,-1.713,5.149,0.470,0.484,-0.047,0.760,High,SP_TO_RP,Projection Riser,8.422,,9.000,15.200,0.000,0.000,,,2.217,3.489,4.453,,,
23772,677800,wilyer abreu,Wilyer Abreu ,BOS,OF,hitter,OF,OF,518.000,389.000,,,10.521,17.303,6.782,6.782,22.809,5.506,1.101,0.614,0.455,1.000,High,STABLE,Skills-Backed Riser,8.338,175.000,,,,,136.564,0.374,,,,0.374,,20.300
9073,489446,kirby yates,Kirby Yates ,LAA,RP,pitcher,RP,RP,,,48.000,43.000,-6.597,1.707,8.304,8.304,-6.376,-8.083,0.000,0.500,0.000,0.000,Low,STABLE_RP,Projection Riser,8.304,,,,,,,,,,,,,
21483,663556,shane mcclanahan,Shane McClanahan ,TBR,SP,pitcher,SP,SP,,,141.000,118.000,11.128,17.455,6.327,6.327,25.845,8.390,1.644,0.581,0.319,0.980,High,STABLE_SP,Skills-Backed Riser,8.290,,8.000,39.200,8.000,0.000,,,3.283,2.501,3.555,,0.290,28.100
14161,621439,byron buxton,Byron Buxton ,MIN,OF/DH,hitter,OF/DH,OF/DH,560.000,411.000,,,21.021,28.659,7.638,7.638,32.419,3.760,0.451,0.537,0.148,1.000,High,STABLE,Projection Riser,8.237,185.000,,,,,144.151,0.335,,,,0.335,,32.200
21537,663738,daniel lynch iv,Daniel Lynch IV ,KCR,RP,pitcher,RP,RP,,,59.000,45.000,-8.504,-2.432,6.071,6.071,3.671,6.103,1.044,0.821,1.098,0.855,High,STABLE_RP,Skills-Backed Riser,8.213,,17.000,17.100,0.000,1.000,,,2.313,2.414,3.123,,,
20348,676617,riley o brien,Riley O'Brien ,STL,RP,pitcher,RP,RP,,,63.000,48.000,6.917,13.396,6.479,6.479,7.791,-5.606,0.000,0.915,1.661,1.000,High,RP_CLOSER,Skills-Backed Riser,8.140,,20.000,20.000,0.000,12.000,,,2.432,2.056,2.039,,,
24719,681190,randy vasquez,Randy Vásquez ,SDP,SP,pitcher,SP,SP,,,139.000,112.000,-15.287,-8.207,7.081,7.081,4.648,12.855,1.543,0.362,-0.550,1.000,High,STABLE_SP,Projection Riser,8.073,,8.000,44.100,8.000,0.000,,,4.616,3.400,3.780,,0.339,25.300
19755,660271,shohei ohtani,Shohei Ohtani ,LAD,DH,hitter,DH,DH,679.000,494.000,,,59.064,67.134,8.069,8.069,17.341,-49.793,0.000,0.500,0.000,0.000,Low,STABLE,Projection Riser,8.069,,7.000,44.000,7.000,0.000,,,2.306,2.379,3.033,,0.244,32.300
24737,681402,gus varland,Gus Varland ,WSN,RP,pitcher,RP,RP,,,46.000,35.000,-11.639,-1.040,10.599,8.000,0.697,1.737,0.167,0.451,-0.156,0.800,High,STABLE_RP,Projection Riser,8.011,,17.000,16.000,0.000,4.000,,,4.589,2.731,3.763,,,
22200,669020,ryan rolison,Ryan Rolison ,CHC,RP,pitcher,RP,RP,,,36.000,43.000,-13.053,-3.042,10.011,8.000,-3.984,-0.942,0.000,0.500,0.000,0.000,Low,STABLE_RP,Projection Riser,8.000,,,,,,,,,,,,,
21446,663372,ryan feltner,Ryan Feltner ,COL,SP,pitcher,SP,SP,,,115.000,55.000,-19.658,-9.225,10.433,8.000,1.109,10.334,0.000,0.500,0.000,0.000,Low,STABLE,Projection Riser,8.000,,,,,,,,,,,,,
15038,608566,german marquez,Germán Márquez ,SDP,SP,pitcher,SP,SP,,,111.000,41.000,-17.243,-7.968,9.275,8.000,-2.213,5.755,0.000,0.500,0.000,0.000,Low,STABLE,Projection Riser,8.000,,,,,,,,,,,,,
16511,656756,jordan montgomery,Jordan Montgomery ,TEX,SP,pitcher,RP,SP,,,52.000,37.000,-12.279,-1.041,11.238,8.000,,,0.000,0.500,0.000,0.000,Low,RP_TO_SP,Role-Driven Riser,8.000,,,,,,,,,,,,,
30182,701542,will warren,Will Warren ,NYY,SP,pitcher,SP,SP,,,132.000,103.000,4.728,9.868,5.140,5.140,21.918,12.050,2.410,0.610,0.440,1.000,High,STABLE_SP,Stable,7.990,,9.000,47.100,9.000,0.000,,,3.177,3.085,2.832,,0.285,24.900
15042,641835,tim mayza,Tim Mayza ,PHI,RP,pitcher,RP,RP,,,48.000,45.000,-9.529,-0.940,8.589,8.000,-38.505,-37.564,0.000,0.491,-0.035,1.000,High,STABLE_RP,Stable,7.965,,18.000,20.000,0.000,0.000,,,2.735,4.206,3.380,,,
27702,687396,brent headrick,Brent Headrick ,NYY,RP,pitcher,RP,RP,,,42.000,44.000,-10.044,-0.329,9.716,8.000,0.510,0.839,0.101,0.457,-0.171,1.000,High,STABLE_RP,Stable,7.930,,22.000,21.200,0.000,0.000,,,3.702,3.291,3.842,,,
22543,671737,taj bradley,Taj Bradley ,MIN,SP,pitcher,SP,SP,,,145.000,97.000,1.400,8.079,6.680,6.680,20.909,12.830,1.540,0.426,-0.296,1.000,High,STABLE_SP,Stable,7.923,,8.000,47.000,8.000,0.000,,,3.836,3.489,3.900,,0.312,26.800
19566,663993,nathaniel lowe,Nathaniel Lowe ,CIN,1B/DH,hitter,1B/DH,1B/DH,161.000,190.000,,,-5.495,1.609,7.104,7.104,10.232,8.623,0.669,0.548,0.123,0.647,Medium,STABLE,Stable,7.896,97.000,,,,,130.752,0.366,,,,0.370,,25.100
25768,682928,cj abrams,CJ Abrams ,WSN,SS,hitter,SS,SS,630.000,468.000,,,15.275,19.571,4.296,4.296,35.190,15.619,3.124,0.614,0.457,1.000,High,STABLE,"YTD Breakout, Projection Skeptical",7.876,179.000,,,,,159.769,0.374,,,,0.374,,29.500
16256,607536,kyle freeland,Kyle Freeland ,COL,SP,pitcher,SP,SP,,,161.000,112.000,-29.673,-22.817,6.856,6.856,2.724,25.541,1.800,0.223,-0.831,0.750,High,STABLE_SP,"Banked Production, Projection Skeptical",7.825,,6.000,30.000,6.000,0.000,,,5.176,5.473,4.173,,0.356,24.800
21951,666711,joel peguero,Joel Peguero ,SFG,RP,pitcher,RP,RP,,,48.000,44.000,-8.910,-1.319,7.591,7.591,-4.744,-3.425,0.000,0.500,0.000,0.000,Low,STABLE_RP,Stable,7.591,,,,,,,,,,,,,
10954,594798,jacob degrom,Jacob deGrom ,TEX,SP,pitcher,SP,SP,,,170.000,125.000,23.034,29.787,6.753,6.753,24.814,-4.973,0.000,0.703,0.813,1.000,High,STABLE_SP,Stable,7.565,,8.000,44.200,8.000,0.000,,,3.020,2.838,2.821,,0.278,32.900
24937,681810,austin warren,Austin Warren ,NYM,RP,pitcher,RP,RP,,,48.000,40.000,-9.314,-1.788,7.527,7.527,-2.914,-1.126,0.000,0.500,0.000,0.000,Low,STABLE_RP,Stable,7.527,,,,,,,,,,,,,
26259,685801,hunter bigge,Hunter Bigge ,TBR,RP,pitcher,RP,RP,,,44.000,41.000,-10.025,-0.987,9.037,8.000,0.449,1.436,0.131,0.297,-0.617,0.760,High,STABLE_RP,Stable,7.514,,13.000,15.200,0.000,0.000,,,2.739,3.936,5.169,,,
27691,686973,louis varland,Louis Varland ,TOR,RP,pitcher,RP,RP,,,67.000,49.000,5.231,10.951,5.719,5.719,6.670,-4.281,0.000,0.939,1.757,1.000,High,RP_CLOSER,Closer Value,7.476,,21.000,21.200,0.000,5.000,,,1.910,1.399,2.177,,,
23488,676760,ron marinaccio,Ron Marinaccio ,SDP,RP,pitcher,RP,RP,,,40.000,41.000,-11.001,-3.641,7.360,7.360,-1.232,2.409,0.289,0.435,-0.261,1.000,High,STABLE_RP,Stable,7.388,,15.000,22.200,0.000,0.000,,,3.630,3.371,3.712,,,
22207,669084,dl hall,DL Hall ,MIL,RP,pitcher,RP,RP,,,52.000,46.000,-9.733,-0.516,9.217,8.000,-37.462,-36.946,0.000,0.313,-0.636,0.850,High,STABLE_RP,Stable,7.364,,16.000,17.000,0.000,0.000,,,3.397,3.930,4.240,,,
21544,663767,chase shugart,Chase Shugart ,PHI,RP,pitcher,RP,RP,,,38.000,35.000,-13.180,-5.755,7.424,7.424,-3.270,2.486,0.197,0.386,-0.300,0.660,Medium,STABLE_RP,Stable,7.321,,12.000,13.200,0.000,0.000,,,3.788,4.277,3.917,,,
19677,642397,gregory soto,Gregory Soto ,PIT,RP,pitcher,RP,RP,,,64.000,48.000,3.744,9.866,6.122,6.122,7.780,-2.086,0.000,0.786,1.143,1.000,High,STABLE_RP,Stable,7.265,,21.000,21.100,0.000,4.000,,,2.032,2.403,3.177,,,
11609,575929,willson contreras,Willson Contreras ,BOS,1B/DH,hitter,1B/DH,1B/DH,609.000,461.000,,,7.240,13.029,5.789,5.789,17.419,4.390,0.878,0.648,0.594,1.000,High,STABLE,Stable,7.261,170.000,,,,,129.409,0.402,,,,0.402,,33.800
31539,686948,drake baldwin,Drake Baldwin ,ATL,C/DH,hitter,C/DH,C/DH,571.000,442.000,,,13.394,16.756,3.363,3.363,31.014,14.258,2.852,0.748,0.992,1.000,High,STABLE,Stable,7.206,196.000,,,,,153.124,0.398,,,,0.398,,23.600
29107,699134,bradgley rodriguez,Bradgley Rodriguez ,SDP,RP,pitcher,RP,RP,,,52.000,44.000,-7.626,-1.502,6.125,6.125,2.195,3.696,0.673,0.611,0.404,0.910,High,STABLE_RP,Stable,7.202,,16.000,18.200,0.000,0.000,,,1.894,2.410,3.840,,,
14739,621112,paul blackburn,Paul Blackburn ,NYY,RP,pitcher,SP/RP,RP,,,60.000,39.000,-81.380,-4.627,76.754,8.000,-44.399,-39.773,0.000,0.252,-0.803,0.810,High,SP_TO_RP,Stable,7.197,,11.000,16.200,0.000,0.000,,,3.702,3.826,4.648,,,
5361,518692,freddie freeman,Freddie Freeman ,LAD,1B,hitter,1B,1B,651.000,478.000,,,21.285,27.913,6.627,6.627,12.738,-15.175,0.000,0.636,0.546,1.000,High,STABLE,Stable,7.173,177.000,,,,,122.711,0.385,,,,0.385,,20.400
24618,680777,ryan jeffers,Ryan Jeffers ,MIN,C/DH,hitter,C/DH,C/DH,523.000,371.000,,,6.694,10.802,4.108,4.108,23.536,12.734,2.173,0.743,0.828,0.853,High,STABLE,Stable,7.109,128.000,,,,,164.386,0.389,,,,0.389,,16.900
14078,608379,michael wacha,Michael Wacha ,KCR,SP,pitcher,SP,SP,,,165.000,121.000,-16.165,-10.996,5.169,5.169,22.905,33.901,2.400,0.376,-0.496,1.000,High,STABLE_SP,"Banked Production, Projection Skeptical",7.073,,8.000,51.100,8.000,0.000,,,3.648,3.847,4.387,,0.304,22.500
17982,664034,ty france,Ty France ,SDP,1B/DH,hitter,1B/DH,1B/DH,112.000,223.000,,,-6.464,0.185,6.650,6.650,4.995,4.809,0.281,0.556,0.109,0.487,Medium,STABLE,Stable,7.039,73.000,,,,,124.990,0.363,,,,0.363,,29.200
6107,623211,huascar brazoban,Huascar Brazobán ,NYM,RP,pitcher,RP,RP,,,52.000,44.000,-7.506,-1.001,6.505,6.505,-36.753,-35.752,0.000,0.609,0.414,0.950,High,STABLE_RP,Stable,6.919,,16.000,19.000,0.000,0.000,,,2.488,2.896,3.395,,,
22217,669134,luis campusano,Luis Campusano ,SDP,C/DH,hitter,DH,C/DH,182.000,181.000,,,-6.911,-0.539,6.372,6.372,10.069,10.608,0.492,0.536,0.055,0.387,Medium,STABLE,Stable,6.919,58.000,,,,,170.618,0.346,,,,0.340,,29.500
24978,681870,erik sabrowski,Erik Sabrowski ,CLE,RP,pitcher,RP,RP,,,63.000,47.000,1.378,5.717,4.339,4.339,9.848,4.131,0.789,0.964,1.772,0.955,High,STABLE_RP,Stable,6.900,,22.000,19.100,0.000,0.000,,,2.386,1.710,2.418,,,
24934,681807,david fry,David Fry ,CLE,C/OF/DH,hitter,DH,C/OF/DH,192.000,104.000,,,-8.383,-1.599,6.785,6.785,5.967,7.566,0.430,0.278,-0.421,0.473,Medium,STABLE,Stable,6.794,71.000,,,,,133.175,0.287,,,,0.287,,28.600
28820,694208,moises ballesteros,Moisés Ballesteros ,CHC,C/DH,hitter,DH,C/DH,389.000,293.000,,,-3.091,3.373,6.465,6.465,7.082,3.709,0.347,0.493,-0.021,0.780,High,STABLE,Stable,6.791,117.000,,,,,116.723,0.335,,,,0.335,,27.600
31837,807799,masataka yoshida,Masataka Yoshida ,BOS,OF/DH,hitter,OF/DH,OF/DH,175.000,239.000,,,-0.450,6.812,7.262,7.262,2.035,-4.777,0.000,0.291,-0.479,0.573,Medium,STABLE,Stable,6.783,86.000,,,,,106.820,0.294,,,,0.294,,11.600
19337,663992,richard lovelady,Richard Lovelady ,WSN,RP,pitcher,RP,RP,,,46.000,38.000,-11.149,-3.126,8.022,8.000,-40.901,-37.774,0.000,0.114,-1.236,0.800,High,STABLE_RP,Stable,6.764,,15.000,16.000,0.000,1.000,,,4.273,4.606,4.848,,,
9323,571578,patrick corbin,Patrick Corbin ,TOR,SP,pitcher,SP/RP,SP,,,62.000,94.000,-86.768,-11.893,74.875,8.000,-40.437,-28.544,0.000,0.122,-1.288,0.853,High,STABLE_SP,Stable,6.712,,7.000,34.100,7.000,0.000,,,6.093,4.184,4.562,,0.381,17.500
29928,689266,dylan dodd,Dylan Dodd ,ATL,RP,pitcher,RP,RP,,,42.000,39.000,-11.420,-4.729,6.691,6.691,-4.179,0.550,0.000,0.500,0.000,0.000,Low,STABLE_RP,Stable,6.691,,,,,,,,,,,,,
20253,643377,griffin jax,Griffin Jax ,TBR,SP,pitcher,RP,SP,,,68.000,85.000,16.171,22.780,6.609,6.609,-43.489,-66.269,0.000,0.500,0.000,0.000,Low,RP_TO_SP,Role-Driven Riser,6.609,,,,,,,,,,,,,
15440,571510,matthew boyd,Matthew Boyd ,CHC,SP,pitcher,SP,SP,,,168.000,96.000,0.365,6.935,6.570,6.570,13.427,6.491,0.000,0.500,0.000,0.000,Low,STABLE,Stable,6.570,,,,,,,,,,,,,
13419,572233,christian walker,Christian Walker ,HOU,1B,hitter,1B,1B,588.000,479.000,,,-0.033,3.957,3.990,3.990,24.168,20.211,2.400,0.542,0.166,1.000,High,STABLE,"Banked Production, Projection Skeptical",6.556,179.000,,,,,141.276,0.341,,,,0.341,,27.700
sa3022499,694385,brock wilken,Brock Wilken ,MIL,3B,hitter,3B,3B,42.000,21.000,,,-7.607,-1.168,6.439,6.439,,,0.000,0.500,0.000,0.000,Low,STABLE,Stable,6.439,,,,,,,,,,,,,
33248,684974,craig yoho,Craig Yoho ,MIL,RP,pitcher,RP,RP,,,42.000,32.000,-9.021,-2.587,6.433,6.433,,,0.000,0.500,0.000,0.000,Low,STABLE_RP,Stable,6.433,,,,,,,,,,,,,
20160,663878,nate pearson,Nate Pearson ,HOU,RP,pitcher,RP,RP,,,50.000,38.000,-10.249,-3.821,6.428,6.428,,,0.000,0.500,0.000,0.000,Low,STABLE_RP,Stable,6.428,,,,,,,,,,,,,
13590,608385,jesse winker,Jesse Winker ,,DH,hitter,DH,DH,203.000,123.000,,,-5.878,0.503,6.381,6.381,,,0.000,0.500,0.000,0.000,Low,STABLE,Stable,6.381,,,,,,,,,,,,,
23165,674444,steven cruz,Steven Cruz ,KCR,RP,pitcher,RP,RP,,,45.000,35.000,-11.184,-4.810,6.374,6.374,-8.411,-3.601,0.000,0.500,0.000,0.000,Low,STABLE_RP,Stable,6.374,,,,,,,,,,,,,
9218,502671,paul goldschmidt,Paul Goldschmidt ,NYY,1B,hitter,1B,1B,385.000,275.000,,,-2.267,2.759,5.026,5.026,10.186,7.427,0.693,0.844,0.643,0.467,Medium,STABLE,Stable,6.362,70.000,,,,,154.255,0.419,,,,0.419,,18.800
32127,800050,chase delauter,Chase DeLauter ,CLE,OF/DH,hitter,DH/OF,OF/DH,497.000,384.000,,,3.435,5.886,2.451,2.451,23.047,17.161,3.432,0.618,0.472,1.000,High,STABLE,"YTD Breakout, Projection Skeptical",6.355,165.000,,,,,146.505,0.377,,,,0.377,,14.800
29914,674841,andrew alvarez,Andrew Alvarez ,WSN,SP,pitcher,SP,SP,,,94.000,81.000,-12.344,-5.998,6.345,6.345,-4.380,1.619,0.000,0.500,0.000,0.000,Low,STABLE,Stable,6.345,,,,,,,,,,,,,
27473,676917,cade cavalli,Cade Cavalli ,WSN,SP,pitcher,SP,SP,,,137.000,100.000,-1.522,3.444,4.966,4.966,17.583,14.139,1.697,0.402,-0.391,1.000,High,STABLE_SP,Stable,6.272,,9.000,40.100,9.000,0.000,,,4.146,3.181,4.356,,0.323,25.800
33294,678020,seth halvorsen,Seth Halvorsen ,COL,RP,pitcher,RP,RP,,,50.000,37.000,-10.688,-4.417,6.271,6.271,-4.408,0.008,0.000,0.500,0.000,0.000,Low,STABLE_RP,Stable,6.271,,,,,,,,,,,,,
26368,668709,jj bleday,JJ Bleday ,CIN,OF,hitter,OF,OF,231.000,273.000,,,-0.460,4.076,4.536,4.536,15.835,11.759,0.956,0.955,0.741,0.407,Medium,STABLE,Stable,6.233,61.000,,,,,194.411,0.486,,,,0.486,,25.700
29878,680732,sean burke,Sean Burke ,CHW,SP,pitcher,SP,SP,,,141.000,111.000,-9.429,-3.522,5.907,5.907,3.385,6.908,0.829,0.367,-0.530,1.000,High,STABLE_SP,Stable,6.206,,8.000,44.000,6.000,0.000,,,3.767,3.834,4.049,,0.309,19.400
27449,669899,ryan ward,Ryan Ward ,LAD,1B,hitter,1B,1B,7.000,21.000,,,-7.974,-1.821,6.152,6.152,-2.144,-0.323,0.000,0.500,0.000,0.000,Low,STABLE,Stable,6.152,,,,,,,,,,,,,
21306,656641,jacob latz,Jacob Latz ,TEX,SP/RP,pitcher,SP,SP/RP,,,96.000,56.000,1.085,7.127,6.043,6.043,5.628,-1.500,0.000,0.550,0.085,0.430,Medium,STABLE,Stable,6.128,,17.000,17.200,0.000,5.000,,,2.517,2.936,3.950,,,
11850,592122,tyler austin,Tyler Austin ,CHC,1B,hitter,1B,1B,133.000,98.000,,,-5.123,1.000,6.123,6.123,,,0.000,0.500,0.000,0.000,Low,STABLE,Stable,6.123,,,,,,,,,,,,,
22872,672782,yoendrys gomez,Yoendrys Gómez ,MIN,RP,pitcher,SP/RP,RP,,,58.000,43.000,-78.416,-1.550,76.865,8.000,-7.265,-5.714,0.000,0.000,-1.900,0.950,High,SP_TO_RP,Stable,6.100,,12.000,19.000,0.000,2.000,,,7.471,6.896,6.063,,,
33568,805299,brandyn garcia,Brandyn Garcia ,ARI,RP,pitcher,RP,RP,,,46.000,39.000,-9.300,-3.203,6.097,6.097,-2.535,0.668,0.000,0.500,0.000,0.000,Low,STABLE_RP,Stable,6.097,,,,,,,,,,,,,
31764,805123,aj blubaugh,AJ Blubaugh ,HOU,RP,pitcher,SP/RP,RP,,,44.000,48.000,-91.536,-3.653,87.883,8.000,-3.972,-0.319,0.000,0.011,-1.956,1.000,High,SP_TO_RP,Stable,6.044,,17.000,26.000,0.000,0.000,,,4.876,5.491,5.707,,,
33826,673513,yuki matsui,Yuki Matsui ,SDP,RP,pitcher,RP,RP,,,44.000,37.000,-11.143,-5.111,6.031,6.031,-4.619,0.492,0.000,0.500,0.000,0.000,Low,STABLE_RP,Stable,6.031,,,,,,,,,,,,,
20404,676724,jared young,Jared Young ,NYM,1B/OF/DH,hitter,DH,1B/OF/DH,7.000,10.000,,,-7.974,-1.952,6.022,6.022,1.353,3.304,0.000,0.500,0.000,0.000,Low,STABLE,Stable,6.022,,,,,,,,,,,,,
25463,682227,brandon williamson,Brandon Williamson ,CIN,SP,pitcher,SP,SP,,,88.000,30.000,-10.927,-4.919,6.007,6.007,2.564,7.484,0.000,0.500,0.000,0.000,Low,STABLE,Stable,6.007,,,,,,,,,,,,,
29715,696100,hunter goodman,Hunter Goodman ,COL,C/DH,hitter,C/DH,C/DH,583.000,428.000,,,15.143,21.379,6.236,6.236,15.062,-6.317,0.000,0.425,-0.300,1.000,High,STABLE,Stable,5.936,160.000,,,,,113.721,0.308,,,,0.308,,36.500
35061,814439,ryan waldschmidt,Ryan Waldschmidt ,ARI,OF,hitter,OF,OF,112.000,332.000,,,-3.548,2.386,5.934,5.934,-1.652,-4.039,0.000,0.500,0.000,0.000,Low,STABLE,Stable,5.934,,,,,,,,,,,,,
20185,647315,zach pop,Zach Pop ,PHI,RP,pitcher,RP,RP,,,42.000,32.000,-11.876,-5.958,5.918,5.918,-43.850,-37.891,0.000,0.500,0.000,0.000,Low,STABLE_RP,Stable,5.918,,,,,,,,,,,,,
17606,664299,cristian javier,Cristian Javier ,HOU,SP,pitcher,SP,SP,,,146.000,69.000,-16.236,-10.328,5.908,5.908,-2.315,8.013,0.000,0.500,0.000,0.000,Low,STABLE,Stable,5.908,,,,,,,,,,,,,
27758,690986,kyle harrison,Kyle Harrison ,MIL,SP,pitcher,SP,SP,,,103.000,99.000,2.890,8.380,5.489,5.489,3.167,-5.213,0.000,0.620,0.400,0.830,High,STABLE_SP,Stable,5.889,,7.000,33.200,7.000,0.000,,,3.449,3.255,3.307,,0.299,29.100
13892,623149,paul sewald,Paul Sewald ,ARI,RP,pitcher,RP,RP,,,62.000,47.000,1.731,7.926,6.195,6.195,1.645,-6.282,0.000,0.376,-0.373,0.755,High,RP_CLOSER,Closer Value,5.822,,18.000,15.100,0.000,9.000,,,3.905,4.345,4.184,,,
24816,681624,andy pages,Andy Pages ,LAD,OF,hitter,OF,OF,609.000,452.000,,,10.880,14.741,3.862,3.862,29.169,14.428,1.731,0.551,0.205,1.000,High,STABLE,Stable,5.798,172.000,,,,,151.249,0.355,,,,0.355,,23.600
24862,681676,ryan fernandez,Ryan Fernandez ,STL,RP,pitcher,RP,RP,,,40.000,33.000,-10.743,-4.953,5.790,5.790,-4.410,0.543,0.000,0.500,0.000,0.000,Low,STABLE_RP,Stable,5.790,,,,,,,,,,,,,
21420,660787,yerry de los santos,Yerry De los Santos ,NYY,RP,pitcher,RP,RP,,,40.000,31.000,-10.993,-5.221,5.771,5.771,-5.749,-0.527,0.000,0.500,0.000,0.000,Low,STABLE_RP,Stable,5.771,,,,,,,,,,,,,
27474,676974,max meyer,Max Meyer ,MIA,SP,pitcher,SP,SP,,,139.000,107.000,2.456,6.087,3.631,3.631,23.860,17.773,2.133,0.494,-0.022,1.000,High,STABLE_SP,"Banked Production, Projection Skeptical",5.742,,9.000,47.200,9.000,0.000,,,4.272,3.190,3.485,,0.327,31.900
30122,668909,gavin williams,Gavin Williams ,CLE,SP,pitcher,SP,SP,,,167.000,120.000,8.746,13.799,5.053,5.053,21.816,8.017,0.962,0.431,-0.274,1.000,High,STABLE_SP,Stable,5.741,,9.000,55.100,9.000,0.000,,,4.342,3.847,3.237,,0.327,30.900
33834,689958,andrew walters,Andrew Walters ,CLE,RP,pitcher,RP,RP,,,38.000,26.000,-8.527,-2.857,5.670,5.670,,,0.000,0.500,0.000,0.000,Low,STABLE_RP,Stable,5.670,,,,,,,,,,,,,
16727,592779,brock stewart,Brock Stewart ,LAD,RP,pitcher,RP,RP,,,40.000,31.000,-8.301,-2.636,5.665,5.665,-4.674,-2.038,0.000,0.500,0.000,0.000,Low,STABLE_RP,Stable,5.665,,,,,,,,,,,,,
22304,669724,brenan hanifee,Brenan Hanifee ,DET,RP,pitcher,RP,RP,,,42.000,38.000,-10.130,-4.470,5.660,5.660,-44.324,-39.854,0.000,0.500,0.000,0.000,Low,STABLE_RP,Stable,5.660,,,,,,,,,,,,,
31532,682987,spencer jones,Spencer Jones ,NYY,OF/DH,hitter,DH/OF,OF/DH,21.000,138.000,,,-3.218,2.431,5.649,5.649,-4.233,-6.664,0.000,0.500,0.000,0.000,Low,STABLE,Stable,5.649,,,,,,,,,,,,,
9803,571945,miles mikolas,Miles Mikolas ,WSN,SP,pitcher,SP,SP,,,139.000,89.000,-21.473,-14.409,7.064,7.064,-52.260,-37.851,0.000,0.102,-1.434,0.900,High,STABLE_SP,Stable,5.630,,9.000,36.000,6.000,0.000,,,5.102,6.106,4.339,,0.354,18.200
19470,669242,tommy edman,Tommy Edman ,LAD,2B/3B/OF,hitter,2B/3B/OF,2B/3B/OF,406.000,267.000,,,-3.423,2.205,5.629,5.629,,,0.000,0.500,0.000,0.000,Low,STABLE,Stable,5.629,,,,,,,,,,,,,
23796,677960,ryan weathers,Ryan Weathers ,NYY,SP,pitcher,SP,SP,,,120.000,88.000,4.356,8.417,4.061,4.061,20.749,12.332,1.480,0.520,0.079,1.000,High,STABLE_SP,Stable,5.620,,8.000,45.000,8.000,0.000,,,4.211,3.306,2.853,,0.325,29.100
20387,641743,anthony kay,Anthony Kay ,CHW,SP,pitcher,SP,SP,,,152.000,95.000,-10.655,-3.453,7.201,7.201,-47.468,-44.015,0.000,0.045,-1.591,0.875,High,STABLE_SP,Stable,5.610,,8.000,35.000,6.000,0.000,,,6.672,5.792,5.209,,0.396,19.400
30231,691945,carter baumler,Carter Baumler ,TEX,RP,pitcher,RP,RP,,,54.000,40.000,-11.789,-6.184,5.605,5.605,-6.562,-0.378,0.000,0.500,0.000,0.000,Low,STABLE_RP,Stable,5.605,,,,,,,,,,,,,
20367,660813,brusdar graterol,Brusdar Graterol ,LAD,RP,pitcher,RP,RP,,,44.000,33.000,-8.304,-2.755,5.549,5.549,,,0.000,0.500,0.000,0.000,Low,STABLE_RP,Stable,5.549,,,,,,,,,,,,,
19274,657097,jacob webb,Jacob Webb ,CHC,RP,pitcher,RP,RP,,,54.000,46.000,-6.276,0.065,6.341,6.341,-3.943,-4.008,0.000,0.249,-0.857,0.855,High,STABLE_RP,Stable,5.483,,18.000,17.100,0.000,1.000,,,5.352,4.549,3.433,,,
31396,682988,tyler locklear,Tyler Locklear ,ARI,1B,hitter,1B,1B,154.000,31.000,,,-6.299,-0.832,5.466,5.466,,,0.000,0.500,0.000,0.000,Low,STABLE,Stable,5.466,,,,,,,,,,,,,
27969,691277,deyvison de los santos,Deyvison De Los Santos ,MIA,1B/DH,hitter,1B/DH,1B/DH,91.000,82.000,,,-7.478,-2.013,5.465,5.465,-1.884,0.129,0.000,0.500,0.000,0.000,Low,STABLE,Stable,5.465,,,,,,,,,,,,,
13621,600869,jeimer candelario,Jeimer Candelario ,LAA,1B/3B,hitter,1B/3B,1B/3B,168.000,5.000,,,-8.198,-2.746,5.452,5.452,-5.570,-2.824,0.000,0.500,0.000,0.000,Low,STABLE,Stable,5.452,,,,,,,,,,,,,
29519,700669,gordon graceffo,Gordon Graceffo ,STL,RP,pitcher,RP,RP,,,44.000,40.000,-12.252,-5.500,6.752,6.752,-0.467,5.034,0.604,0.015,-1.938,1.000,High,STABLE_RP,Stable,5.417,,18.000,22.200,0.000,1.000,,,5.995,4.827,5.477,,,
31382,687221,dalton rushing,Dalton Rushing ,LAD,C/1B,hitter,C/1B,C/1B,168.000,185.000,,,-0.966,3.546,4.512,4.512,17.094,13.547,0.759,0.577,0.144,0.467,Medium,STABLE,Stable,5.415,70.000,,,,,189.419,0.380,,,,0.370,,27.400
19646,606996,kyle hart,Kyle Hart ,SDP,RP,pitcher,RP,RP,,,48.000,31.000,-12.763,-7.533,5.230,5.230,0.171,7.704,0.749,0.314,-0.603,0.810,High,STABLE_RP,Stable,5.376,,12.000,16.200,0.000,0.000,,,3.611,3.346,4.527,,,
30133,676428,brant hurter,Brant Hurter ,DET,RP,pitcher,RP,RP,,,55.000,44.000,-4.874,0.674,5.548,5.548,1.189,0.516,0.062,0.440,-0.238,1.000,High,STABLE_RP,Stable,5.372,,17.000,21.200,0.000,0.000,,,3.325,3.291,3.534,,,
20827,656848,michael petersen,Michael Petersen ,MIA,RP,pitcher,RP,RP,,,48.000,32.000,-10.063,-5.104,4.958,4.958,0.086,5.190,0.467,0.477,-0.070,0.750,High,STABLE_RP,Stable,5.355,,14.000,15.000,0.000,1.000,,,3.874,2.840,4.034,,,
24609,680755,braydon fisher,Braydon Fisher ,TOR,RP,pitcher,RP,RP,,,52.000,44.000,-5.321,0.275,5.596,5.596,2.298,2.023,0.243,0.374,-0.506,1.000,High,STABLE_RP,Stable,5.333,,20.000,21.200,0.000,0.000,,,3.857,3.383,3.950,,,
31991,804668,rafael flores jr,Rafael Flores Jr. ,PIT,1B,hitter,1B,1B,47.000,29.000,,,-7.868,-2.548,5.320,5.320,,,0.000,0.500,0.000,0.000,Low,STABLE,Stable,5.320,,,,,,,,,,,,,
19343,640462,a j puk,A.J. Puk ,ARI,RP,pitcher,RP,RP,,,42.000,33.000,-4.187,1.106,5.293,5.293,,,0.000,0.500,0.000,0.000,Low,STABLE_RP,Stable,5.293,,,,,,,,,,,,,
27498,675911,spencer strider,Spencer Strider ,ATL,SP,pitcher,SP,SP,,,147.000,115.000,12.420,17.710,5.289,5.289,6.450,-11.260,0.000,0.500,0.000,0.000,Low,STABLE,Stable,5.289,,,,,,,,,,,,,
19354,670042,luke raley,Luke Raley ,SEA,1B/OF/DH,hitter,1B/OF,1B/OF/DH,350.000,316.000,,,1.210,3.314,2.104,2.104,17.976,14.663,2.326,0.763,0.835,0.793,High,STABLE,Stable,5.265,119.000,,,,,154.916,0.403,,,,0.403,,46.200
27863,683003,jared jones,Jared Jones ,PIT,SP,pitcher,SP,SP,,,101.000,95.000,7.747,13.010,5.263,5.263,,,0.000,0.500,0.000,0.000,Low,STABLE,Stable,5.263,,,,,,,,,,,,,
19427,669456,shane bieber,Shane Bieber ,TOR,SP,pitcher,SP,SP,,,124.000,101.000,6.156,11.401,5.245,5.245,,,0.000,0.500,0.000,0.000,Low,STABLE,Stable,5.245,,,,,,,,,,,,,
25878,682998,corbin carroll,Corbin Carroll ,ARI,OF/DH,hitter,OF,OF/DH,637.000,477.000,,,30.082,35.072,4.990,4.990,25.532,-9.541,0.000,0.560,0.239,1.000,High,STABLE,Stable,5.228,167.000,,,,,145.117,0.355,,,,0.355,,31.000
23793,677952,braxton ashcraft,Braxton Ashcraft ,PIT,SP,pitcher,SP,SP,,,147.000,115.000,10.268,14.757,4.489,4.489,8.537,-6.220,0.000,0.683,0.730,1.000,High,STABLE_SP,Stable,5.219,,8.000,48.200,8.000,0.000,,,2.570,3.004,3.292,,0.257,29.300
24930,681799,ethan roberts,Ethan Roberts ,CHC,RP,pitcher,RP,RP,,,42.000,32.000,-11.093,-5.901,5.192,5.192,-4.543,1.358,0.000,0.500,0.000,0.000,Low,STABLE_RP,Stable,5.192,,,,,,,,,,,,,
25620,682825,luis mey,Luis Mey ,CIN,RP,pitcher,RP,RP,,,36.000,31.000,-11.445,-6.292,5.153,5.153,-5.349,0.943,0.000,0.500,0.000,0.000,Low,STABLE_RP,Stable,5.153,,,,,,,,,,,,,
19222,669199,lake bachar,Lake Bachar ,MIA,RP,pitcher,RP,RP,,,52.000,36.000,-8.185,-4.852,3.333,3.333,1.181,6.033,1.207,0.646,0.585,1.000,High,STABLE_RP,Stable,5.124,,12.000,20.000,0.000,0.000,,,2.125,3.306,3.552,,,
23802,678011,anthony seigler,Anthony Seigler ,BOS,3B,hitter,3B,3B,7.000,5.000,,,-7.133,-2.020,5.113,5.113,,,0.000,0.500,0.000,0.000,Low,STABLE,Stable,5.113,,,,,,,,,,,,,
20599,671056,ivan herrera,Iván Herrera ,STL,C/DH,hitter,C/DH,C/DH,594.000,449.000,,,12.973,17.704,4.731,4.731,18.904,1.200,0.144,0.545,0.179,1.000,High,STABLE,Stable,5.054,192.000,,,,,135.917,0.365,,,,0.365,,21.000
31870,690155,matt pushard,Matt Pushard ,STL,RP,pitcher,RP,RP,,,50.000,37.000,-11.488,-6.455,5.033,5.033,-6.663,-0.208,0.000,0.500,0.000,0.000,Low,STABLE_RP,Stable,5.033,,,,,,,,,,,,,
15653,642086,dominic smith,Dominic Smith ,ATL,1B/DH,hitter,1B/DH,1B/DH,210.000,242.000,,,-8.323,-5.986,2.337,2.337,14.096,20.082,2.373,0.635,0.321,0.593,Medium,STABLE,"YTD Breakout, Projection Skeptical",5.031,89.000,,,,,159.883,0.397,,,,0.397,,20.100
31437,690291,jace jung,Jace Jung ,DET,3B,hitter,3B,3B,35.000,51.000,,,-6.685,-1.688,4.997,4.997,-2.482,-0.794,0.000,0.500,0.000,0.000,Low,STABLE,Stable,4.997,,,,,,,,,,,,,
35101,803011,sam antonacci,Sam Antonacci ,CHW,OF,hitter,OF,OF,42.000,347.000,,,-2.436,1.736,4.172,4.172,6.071,4.336,0.555,0.602,0.262,0.640,Medium,STABLE,Stable,4.989,96.000,,,,,129.760,0.403,,,,0.403,,16.600
26299,673962,josh jung,Josh Jung ,TEX,3B/DH,hitter,3B/DH,3B/DH,553.000,442.000,,,-1.939,0.478,2.417,2.417,22.511,22.033,2.400,0.541,0.163,1.000,High,STABLE,"Banked Production, Projection Skeptical",4.979,164.000,,,,,148.149,0.361,,,,0.361,,17.700
27470,676106,emerson hancock,Emerson Hancock ,SEA,SP,pitcher,SP,SP,,,79.000,107.000,-3.602,1.185,4.787,4.787,4.099,2.915,0.350,0.459,-0.165,1.000,High,STABLE_SP,Stable,4.971,,8.000,47.200,8.000,0.000,,,3.890,3.883,3.204,,0.314,24.200
5827,527038,wilmer flores,Wilmer Flores ,,1B/DH,hitter,1B/DH,1B/DH,161.000,103.000,,,-8.666,-3.708,4.958,4.958,,,0.000,0.500,0.000,0.000,Low,STABLE,Stable,4.958,,,,,,,,,,,,,
sa3022919,691003,tre morgan,Tre' Morgan ,TBR,1B,hitter,1B,1B,21.000,16.000,,,-8.207,-3.251,4.957,4.957,,,0.000,0.500,0.000,0.000,Low,STABLE,Stable,4.957,,,,,,,,,,,,,
22051,667463,john king,John King ,MIA,RP,pitcher,RP,RP,,,56.000,45.000,-6.379,-1.521,4.858,4.858,1.528,3.049,0.315,0.423,-0.264,0.860,High,STABLE_RP,Stable,4.908,,20.000,17.200,0.000,1.000,,,2.767,4.125,3.926,,,
29754,696147,sam bachman,Sam Bachman ,LAA,RP,pitcher,RP,RP,,,59.000,46.000,-5.450,-1.017,4.433,4.433,2.223,3.240,0.389,0.512,0.050,1.000,High,STABLE_RP,Stable,4.872,,15.000,20.100,0.000,0.000,,,2.537,3.696,3.662,,,
2396,467793,carlos santana,Carlos Santana ,ARI,1B/DH,hitter,1B/DH,1B/DH,357.000,130.000,,,-10.774,-5.903,4.871,4.871,-9.441,-3.538,0.000,0.500,0.000,0.000,Low,STABLE,Stable,4.871,,,,,,,,,,,,,
28080,691176,jasson dominguez,Jasson Domínguez ,NYY,OF/DH,hitter,OF/DH,OF/DH,98.000,168.000,,,-2.128,2.674,4.802,4.802,-2.490,-5.163,0.000,0.500,0.000,0.000,Low,STABLE,Stable,4.802,,,,,,,,,,,,,
26944,683618,edgardo henriquez,Edgardo Henriquez ,LAD,RP,pitcher,RP,RP,,,46.000,37.000,-5.558,-0.134,5.424,5.424,-2.822,-2.688,0.000,0.275,-0.675,0.750,High,STABLE_RP,Stable,4.749,,14.000,15.000,0.000,0.000,,,3.430,4.040,4.484,,,
sa3022672,691002,yohandy morales,Yohandy Morales ,WSN,1B/3B,hitter,1B/3B,1B/3B,56.000,77.000,,,-7.628,-2.880,4.749,4.749,,,0.000,0.500,0.000,0.000,Low,STABLE,Stable,4.749,,,,,,,,,,,,,
20123,665742,juan soto,Juan Soto ,NYM,OF/DH,hitter,OF,OF/DH,686.000,498.000,,,55.783,59.925,4.142,4.142,9.317,-50.608,0.000,0.687,0.573,0.767,High,STABLE,Stable,4.715,115.000,,,,,124.699,0.378,,,,0.378,,21.500
24703,681146,jonah bride,Jonah Bride ,TEX,1B/3B/DH,hitter,1B/3B/DH,1B/3B/DH,14.000,5.000,,,-6.695,-2.020,4.676,4.676,,,0.000,0.500,0.000,0.000,Low,STABLE,Stable,4.676,,,,,,,,,,,,,
26477,687462,spencer horwitz,Spencer Horwitz ,PIT,1B,hitter,1B,1B,497.000,365.000,,,1.000,5.611,4.611,4.611,11.300,5.689,0.646,0.342,-0.599,0.947,High,STABLE,Stable,4.658,142.000,,,,,129.776,0.317,,,,0.317,,13.700
28824,694212,samuel basallo,Samuel Basallo ,BAL,C/1B/DH,hitter,C/DH,C/1B/DH,445.000,348.000,,,10.833,15.612,4.779,4.779,11.952,-3.659,0.000,0.461,-0.134,0.867,High,STABLE,Stable,4.645,130.000,,,,,127.907,0.339,,,,0.339,,32.600
18413,664353,jose urquidy,José Urquidy ,PIT,RP,pitcher,RP,RP,,,61.000,31.000,-11.763,-7.146,4.617,4.617,-7.242,-0.096,0.000,0.500,0.000,0.000,Low,STABLE_RP,Stable,4.617,,,,,,,,,,,,,
21623,664991,grant wolfram,Grant Wolfram ,BAL,RP,pitcher,RP,RP,,,50.000,34.000,-8.899,-4.301,4.598,4.598,0.633,4.934,0.000,0.500,0.000,0.000,Low,STABLE_RP,Stable,4.598,,,,,,,,,,,,,
25714,688760,blaine crim,Blaine Crim ,COL,1B,hitter,1B,1B,133.000,77.000,,,-7.389,-2.807,4.582,4.582,,,0.000,0.500,0.000,0.000,Low,STABLE,Stable,4.582,,,,,,,,,,,,,
19360,668674,lucas erceg,Lucas Erceg ,KCR,RP,pitcher,RP,RP,,,64.000,48.000,0.905,6.210,5.305,5.305,3.050,-3.160,0.000,0.273,-0.730,0.805,High,RP_CLOSER,Closer Value,4.575,,17.000,16.100,0.000,10.000,,,3.713,3.596,4.628,,,
27501,679822,justin foscue,Justin Foscue ,TEX,1B,hitter,1B/DH,1B,14.000,93.000,,,-7.825,-3.280,4.545,4.545,-2.196,1.084,0.000,0.500,0.000,0.000,Low,STABLE,Stable,4.545,,,,,,,,,,,,,
16358,641816,tyler mahle,Tyler Mahle ,SFG,SP,pitcher,SP,SP,,,137.000,100.000,-4.231,0.607,4.838,4.838,5.688,5.081,0.610,0.262,-0.954,1.000,High,STABLE_SP,Stable,4.493,,8.000,41.200,8.000,0.000,,,4.408,5.026,3.947,,0.332,21.100
sa3016926,694673,abimelec ortiz,Abimelec Ortiz ,WSN,1B,hitter,1B,1B,203.000,118.000,,,-5.493,-1.036,4.457,4.457,,,0.000,0.500,0.000,0.000,Low,STABLE,Stable,4.457,,,,,,,,,,,,,
25921,668984,casey legumina,Casey Legumina ,TBR,RP,pitcher,RP,RP,,,50.000,39.000,-7.970,-2.531,5.439,5.439,-3.044,-0.513,0.000,0.210,-0.986,0.850,High,STABLE_RP,Stable,4.453,,13.000,17.000,0.000,0.000,,,4.689,3.106,4.925,,,
16376,624424,michael conforto,Michael Conforto ,CHC,OF/DH,hitter,OF,OF/DH,126.000,118.000,,,-2.731,0.127,2.858,2.858,13.722,13.595,1.069,0.823,0.508,0.393,Medium,STABLE,Stable,4.435,59.000,,,,,192.738,0.420,,,,0.420,,29.600
9241,516782,starling marte,Starling Marte ,KCR,OF/DH,hitter,OF/DH,OF/DH,273.000,185.000,,,-0.458,3.939,4.397,4.397,-0.317,-4.255,0.000,0.500,0.000,0.000,Low,STABLE,Stable,4.397,,,,,,,,,,,,,
31687,681343,shane smith,Shane Smith ,CHW,SP,pitcher,SP,SP,,,161.000,66.000,-3.577,0.812,4.389,4.389,1.231,0.420,0.000,0.500,0.000,0.000,Low,STABLE,Stable,4.389,,,,,,,,,,,,,
13602,621550,patrick wisdom,Patrick Wisdom ,SEA,DH,hitter,3B,DH,7.000,5.000,,,-7.133,-2.746,4.387,4.387,,,0.000,0.500,0.000,0.000,Low,STABLE,Stable,4.387,,,,,,,,,,,,,
31865,688883,peyton pallette,Peyton Pallette ,CLE,RP,pitcher,RP,RP,,,48.000,35.000,-12.402,-7.236,5.166,5.166,-2.174,5.062,0.522,0.113,-1.330,0.860,High,STABLE_RP,Stable,4.358,,13.000,17.200,0.000,0.000,,,5.091,4.069,4.685,,,
13624,608369,corey seager,Corey Seager ,TEX,SS/DH,hitter,SS/DH,SS/DH,567.000,427.000,,,25.565,30.384,4.819,4.819,-1.509,-31.893,0.000,0.377,-0.493,1.000,High,STABLE,Stable,4.326,182.000,,,,,79.430,0.331,,,,0.331,,35.200
sa3019999,694514,sterlin thompson,Sterlin Thompson ,COL,OF,hitter,OF,OF,7.000,87.000,,,-3.727,0.579,4.306,4.306,,,0.000,0.500,0.000,0.000,Low,STABLE,Stable,4.306,,,,,,,,,,,,,
21224,641927,bailey ober,Bailey Ober ,MIN,SP,pitcher,SP,SP,,,152.000,119.000,-9.571,-7.455,2.116,2.116,22.028,29.484,2.400,0.440,-0.240,1.000,High,STABLE_SP,"Banked Production, Projection Skeptical",4.276,,9.000,52.000,9.000,0.000,,,3.138,3.837,4.505,,0.284,21.400
17192,656222,jalen beeks,Jalen Beeks ,TEX,RP,pitcher,RP,RP,,,58.000,43.000,-7.549,-2.860,4.689,4.689,-0.874,1.986,0.216,0.326,-0.630,0.905,High,STABLE_RP,Stable,4.275,,20.000,18.100,0.000,0.000,,,3.674,3.979,4.017,,,
26151,669065,kyle stowers,Kyle Stowers ,MIA,OF/DH,hitter,OF/DH,OF/DH,483.000,437.000,,,10.812,15.374,4.562,4.562,-3.305,-18.679,0.000,0.376,-0.288,0.580,Medium,STABLE,Stable,4.274,87.000,,,,,82.590,0.332,,,,0.332,,31.300
27789,694376,shay whitcomb,Shay Whitcomb ,HOU,2B/3B,hitter,2B/3B,2B/3B,7.000,66.000,,,-2.894,1.375,4.268,4.268,-1.856,-3.231,0.000,0.500,0.000,0.000,Low,STABLE,Stable,4.268,,,,,,,,,,,,,
26247,687377,orlando ribalta,Orlando Ribalta ,WSN,RP,pitcher,RP,RP,,,48.000,34.000,-12.316,-8.048,4.268,4.268,-2.269,5.779,0.000,0.500,0.000,0.000,Low,STABLE_RP,Stable,4.268,,,,,,,,,,,,,
20302,656849,david peterson,David Peterson ,NYM,SP,pitcher,SP,SP,,,164.000,94.000,2.178,7.002,4.824,4.824,2.070,-4.932,0.000,0.357,-0.560,0.978,High,STABLE_SP,Stable,4.264,,9.000,39.100,5.000,0.000,,,4.404,3.055,3.573,,0.332,23.000
21707,665828,oswaldo cabrera,Oswaldo Cabrera ,NYY,3B,hitter,3B,3B,105.000,25.000,,,-6.601,-2.348,4.253,4.253,,,0.000,0.500,0.000,0.000,Low,STABLE,Stable,4.253,,,,,,,,,,,,,
19883,656638,alex lange,Alex Lange ,KCR,RP,pitcher,RP,RP,,,52.000,41.000,-8.323,-2.422,5.901,5.901,-2.932,-0.509,0.000,0.070,-1.650,0.960,High,STABLE_RP,Stable,4.251,,17.000,19.200,0.000,0.000,,,5.313,4.581,4.688,,,
30116,673548,seiya suzuki,Seiya Suzuki ,CHC,OF/DH,hitter,OF/DH,OF/DH,567.000,452.000,,,14.923,19.027,4.104,4.104,18.413,-0.614,0.000,0.543,0.146,0.847,High,STABLE,Stable,4.250,127.000,,,,,148.420,0.365,,,,0.365,,27.300
19853,650633,michael king,Michael King ,SDP,SP,pitcher,SP,SP,,,162.000,120.000,5.770,8.009,2.239,2.239,24.877,16.868,2.024,0.496,-0.016,1.000,High,STABLE_SP,"Banked Production, Projection Skeptical",4.246,,9.000,51.100,9.000,0.000,,,3.652,3.691,3.937,,0.305,29.000
27782,694297,brandon pfaadt,Brandon Pfaadt ,ARI,SP,pitcher,SP,SP,,,163.000,91.000,-2.158,2.856,5.014,5.014,-42.777,-45.633,0.000,0.257,-0.781,0.802,High,STABLE_SP,Stable,4.233,,8.000,32.100,3.000,0.000,,,4.514,4.838,4.305,,0.335,25.800
17594,656605,mitch keller,Mitch Keller ,PIT,SP,pitcher,SP,SP,,,174.000,128.000,-0.765,1.721,2.487,2.487,23.986,22.264,2.400,0.335,-0.659,1.000,High,STABLE_SP,"Banked Production, Projection Skeptical",4.228,,9.000,52.200,9.000,0.000,,,4.251,3.315,3.962,,0.326,21.300
21842,666126,carlos cortes,Carlos Cortes ,ATH,OF/DH,hitter,OF,OF/DH,154.000,285.000,,,-2.562,-1.863,0.699,0.699,23.029,24.892,2.853,0.735,0.672,0.713,Medium,STABLE,"YTD Breakout, Projection Skeptical",4.224,107.000,,,,,171.583,0.401,,,,0.401,,20.000
sa3019953,687985,josh white,Josh White ,MIA,RP,pitcher,RP,RP,,,47.000,28.000,-9.608,-5.402,4.206,4.206,,,0.000,0.500,0.000,0.000,Low,STABLE_RP,Stable,4.206,,,,,,,,,,,,,
29766,680869,zack gelof,Zack Gelof ,ATH,2B/3B/OF,hitter,2B,2B/3B/OF,140.000,311.000,,,-0.368,4.117,4.485,4.485,6.143,2.026,0.125,0.302,-0.407,0.513,Medium,STABLE,Stable,4.203,77.000,,,,,116.257,0.308,,,,0.308,,28.800
29788,695391,brett harris,Brett Harris ,ATH,1B/3B,hitter,1B/3B,1B/3B,77.000,41.000,,,-6.480,-2.313,4.167,4.167,-2.949,-0.636,0.000,0.500,0.000,0.000,Low,STABLE,Stable,4.167,,,,,,,,,,,,,
21837,666018,jonathan aranda,Jonathan Aranda ,TBR,1B/DH,hitter,1B/DH,1B/DH,609.000,451.000,,,3.953,5.884,1.932,1.932,23.016,17.132,2.056,0.544,0.178,1.000,High,STABLE,"Banked Production, Projection Skeptical",4.165,181.000,,,,,139.501,0.369,,,,0.367,,22.200
17586,656945,tanner scott,Tanner Scott ,LAD,RP,pitcher,RP,RP,,,63.000,46.000,5.249,9.142,3.893,3.893,2.724,-6.418,0.000,0.574,0.254,0.855,High,STABLE_RP,Stable,4.147,,19.000,17.100,0.000,3.000,,,3.555,3.106,3.227,,,
17684,605353,vimael machin,Vimael Machín ,COL,3B,hitter,3B,3B,7.000,5.000,,,-6.882,-2.746,4.136,4.136,,,0.000,0.500,0.000,0.000,Low,STABLE,Stable,4.136,,,,,,,,,,,,,
11486,592662,robbie ray,Robbie Ray ,SFG,SP,pitcher,SP,SP,,,173.000,127.000,1.670,5.827,4.157,4.157,11.858,6.031,0.724,0.312,-0.752,1.000,High,STABLE_SP,Stable,4.128,,9.000,50.100,9.000,0.000,,,4.580,4.934,4.305,,0.337,27.300
sa3014525,691021,a j vukovich,A.J. Vukovich ,ARI,3B/OF,hitter,3B/OF,3B/OF,14.000,10.000,,,-7.081,-3.023,4.058,4.058,,,0.000,0.500,0.000,0.000,Low,STABLE,Stable,4.058,,,,,,,,,,,,,
30011,687952,christian encarnacion strand,Christian Encarnacion-Strand ,BAL,1B/3B,hitter,1B/3B,1B/3B,7.000,10.000,,,-6.882,-2.842,4.040,4.040,,,0.000,0.500,0.000,0.000,Low,STABLE,Stable,4.040,,,,,,,,,,,,,
23691,677588,jose tena,José Tena ,WSN,2B/3B/DH,hitter,2B/3B,2B/3B/DH,231.000,159.000,,,-1.826,1.870,3.695,3.695,7.756,5.886,0.391,0.478,-0.048,0.553,Medium,STABLE,Stable,4.039,83.000,,,,,125.100,0.332,,,,0.332,,32.700
29805,681198,tj rumfield,TJ Rumfield ,COL,1B/DH,hitter,1B,1B/DH,420.000,334.000,,,-3.994,-1.237,2.757,2.757,12.795,14.032,1.684,0.398,-0.408,1.000,High,STABLE,Stable,4.033,171.000,,,,,109.706,0.343,,,,0.343,,18.800
31318,680684,gunnar hoglund,Gunnar Hoglund ,ATH,SP,pitcher,SP,SP,,,60.000,28.000,-8.323,-4.351,3.972,3.972,,,0.000,0.500,0.000,0.000,Low,STABLE,Stable,3.972,,,,,,,,,,,,,
19960,666211,taylor trammell,Taylor Trammell ,HOU,OF,hitter,OF,OF,35.000,102.000,,,-3.066,0.873,3.939,3.939,3.823,2.950,0.000,0.500,0.000,0.000,Low,STABLE,Stable,3.939,,,,,,,,,,,,,
25139,682120,tim herrin,Tim Herrin ,CLE,RP,pitcher,RP,RP,,,56.000,43.000,-4.341,-0.412,3.929,3.929,-3.222,-2.810,0.000,0.500,0.000,0.000,Low,STABLE_RP,Stable,3.929,,,,,,,,,,,,,
23986,678554,curtis mead,Curtis Mead ,WSN,1B/2B/3B/DH,hitter,1B/2B/3B,1B/2B/3B/DH,70.000,185.000,,,-1.416,0.878,2.294,2.294,10.142,9.264,1.285,0.611,0.309,0.693,Medium,STABLE,Stable,3.888,104.000,,,,,125.789,0.377,,,,0.377,,18.100
30146,683004,jack leiter,Jack Leiter ,TEX,SP,pitcher,SP,SP,,,146.000,107.000,1.161,4.813,3.652,3.652,10.832,6.019,0.722,0.370,-0.520,1.000,High,STABLE_SP,Stable,3.855,,8.000,42.200,8.000,0.000,,,4.607,4.348,3.566,,0.338,29.700
19734,668942,josh rojas,Josh Rojas ,KCR,2B/3B/OF,hitter,2B/3B/OF,2B/3B/OF,14.000,31.000,,,-2.457,1.391,3.848,3.848,,,0.000,0.500,0.000,0.000,Low,STABLE,Stable,3.848,,,,,,,,,,,,,
27534,666397,edouard julien,Edouard Julien ,COL,1B/2B/DH,hitter,1B/2B/DH,1B/2B/DH,378.000,319.000,,,4.737,8.973,4.237,4.237,3.567,-5.407,0.000,0.380,-0.393,0.820,High,STABLE,Stable,3.844,123.000,,,,,91.914,0.341,,,,0.341,,27.900
12447,607625,seth lugo,Seth Lugo ,KCR,SP,pitcher,SP,SP,,,157.000,122.000,-15.685,-13.442,2.244,2.244,22.829,36.271,2.400,0.294,-0.824,1.000,High,STABLE_SP,"Banked Production, Projection Skeptical",3.819,,9.000,52.200,9.000,0.000,,,4.850,2.689,3.962,,0.346,18.400
25385,656876,drew rasmussen,Drew Rasmussen ,TBR,SP,pitcher,SP,SP,,,159.000,118.000,15.501,18.903,3.402,3.402,18.188,-0.715,0.000,0.604,0.416,1.000,High,STABLE_SP,Stable,3.818,,8.000,42.200,8.000,0.000,,,2.976,3.716,2.999,,0.276,23.500
33322,807713,matt shaw,Matt Shaw ,CHC,2B/3B/OF/DH,hitter,3B,2B/3B/OF/DH,259.000,195.000,,,-2.512,1.840,4.353,4.353,3.751,1.911,0.142,0.226,-0.680,0.620,Medium,STABLE,Stable,3.814,93.000,,,,,109.511,0.300,,,,0.300,,17.500
23550,676879,aaron ashby,Aaron Ashby ,MIL,SP/RP,pitcher,SP/RP,SP/RP,,,77.000,58.000,8.130,11.011,2.881,2.881,4.990,-6.021,0.000,0.878,0.915,0.605,Medium,STABLE,Stable,3.796,,19.000,24.200,0.000,0.000,,,2.179,2.295,2.509,,,
29423,696070,kendry rojas,Kendry Rojas ,MIN,RP,pitcher,RP,RP,,,40.000,43.000,-12.188,-8.429,3.759,3.759,-6.370,2.059,0.000,0.500,0.000,0.000,Low,STABLE_RP,Stable,3.759,,,,,,,,,,,,,
31522,671284,tim elko,Tim Elko ,CHW,1B,hitter,1B,1B,7.000,41.000,,,-7.819,-4.093,3.726,3.726,,,0.000,0.500,0.000,0.000,Low,STABLE,Stable,3.726,,,,,,,,,,,,,
27589,671106,logan allen,Logan Allen ,CLE,SP,pitcher,SP,SP,,,113.000,75.000,-11.280,-7.555,3.725,3.725,,,0.000,0.500,0.000,0.000,Low,STABLE,Stable,3.725,,,,,,,,,,,,,
26284,670231,john rave,John Rave ,KCR,OF,hitter,OF,OF,91.000,67.000,,,-3.395,0.327,3.721,3.721,,,0.000,0.500,0.000,0.000,Low,STABLE,Stable,3.721,,,,,,,,,,,,,
19339,670032,nicky lopez,Nicky Lopez ,CHC,3B,hitter,3B,3B,7.000,26.000,,,-6.593,-2.879,3.713,3.713,-4.563,-1.684,0.000,0.500,0.000,0.000,Low,STABLE,Stable,3.713,,,,,,,,,,,,,
21562,663853,romy gonzalez,Romy Gonzalez ,BOS,1B/2B/DH,hitter,1B/2B/DH,1B/2B/DH,196.000,171.000,,,2.099,5.809,3.710,3.710,,,0.000,0.500,0.000,0.000,Low,STABLE,Stable,3.710,,,,,,,,,,,,,
22514,671213,triston casas,Triston Casas ,BOS,1B,hitter,1B,1B,133.000,52.000,,,-3.918,-0.240,3.679,3.679,,,0.000,0.500,0.000,0.000,Low,STABLE,Stable,3.679,,,,,,,,,,,,,
12037,542932,jon berti,Jon Berti ,,2B/3B,hitter,2B/3B,2B/3B,133.000,87.000,,,-4.102,-0.430,3.673,3.673,,,0.000,0.500,0.000,0.000,Low,STABLE,Stable,3.673,,,,,,,,,,,,,
27775,693312,kyle nicolas,Kyle Nicolas ,CIN,RP,pitcher,RP,RP,,,42.000,26.000,-10.672,-7.002,3.670,3.670,-8.467,-1.465,0.000,0.500,0.000,0.000,Low,STABLE_RP,Stable,3.670,,,,,,,,,,,,,
14107,592332,kevin gausman,Kevin Gausman ,TOR,SP,pitcher,SP,SP,,,181.000,133.000,6.503,8.407,1.903,1.903,21.407,13.000,1.560,0.549,0.195,1.000,High,STABLE_SP,Stable,3.658,,9.000,51.100,9.000,0.000,,,3.470,3.282,3.404,,0.297,26.600
10603,519242,chris sale,Chris Sale ,ATL,SP,pitcher,SP,SP,,,162.000,126.000,33.551,36.605,3.054,3.054,9.588,-27.017,0.000,0.648,0.591,1.000,High,STABLE_SP,Stable,3.645,,8.000,49.000,8.000,0.000,,,3.052,3.453,3.152,,0.280,28.000
26288,668939,adley rutschman,Adley Rutschman ,BAL,C/DH,hitter,C/DH,C/DH,566.000,410.000,,,10.250,13.581,3.332,3.332,16.266,2.685,0.241,0.523,0.069,0.747,Medium,STABLE,Stable,3.641,112.000,,,,,147.304,0.345,,,,0.345,,13.000
sa3025613,822038,ryan lambert,Ryan Lambert ,NYM,RP,pitcher,RP,RP,,,36.000,30.000,-8.177,-4.541,3.635,3.635,,,0.000,0.500,0.000,0.000,Low,STABLE_RP,Stable,3.635,,,,,,,,,,,,,
25648,686580,justin slaten,Justin Slaten ,BOS,RP,pitcher,RP,RP,,,61.000,47.000,-0.514,3.120,3.634,3.634,-2.889,-6.009,0.000,0.500,0.000,0.000,Low,STABLE_RP,Stable,3.634,,,,,,,,,,,,,
33390,805811,bryce eldridge,Bryce Eldridge ,SFG,1B/DH,hitter,DH,1B/DH,315.000,278.000,,,-8.164,-4.573,3.591,3.591,-6.187,-1.614,0.000,0.500,0.000,0.000,Low,STABLE,Stable,3.591,,,,,,,,,,,,,
15194,641343,jake bauers,Jake Bauers ,MIL,1B/OF/DH,hitter,1B/OF/DH,1B/OF/DH,294.000,285.000,,,0.574,2.804,2.229,2.229,14.752,11.948,1.357,0.498,-0.007,0.947,High,STABLE,Stable,3.580,142.000,,,,,127.094,0.332,,,,0.332,,24.500
25629,683227,cody freeman,Cody Freeman ,TEX,2B/3B/OF,hitter,2B/3B/OF,2B/3B/OF,189.000,82.000,,,-3.813,-0.243,3.570,3.570,,,0.000,0.500,0.000,0.000,Low,STABLE,Stable,3.570,,,,,,,,,,,,,
sa3014693,691181,emmanuel rodriguez,Emmanuel Rodriguez ,MIN,OF,hitter,OF,OF,56.000,51.000,,,-2.535,1.000,3.535,3.535,,,0.000,0.500,0.000,0.000,Low,STABLE,Stable,3.535,,,,,,,,,,,,,
25055,681987,nate eaton,Nate Eaton ,BOS,3B/OF,hitter,3B/OF,3B/OF,63.000,52.000,,,-7.008,-3.508,3.500,3.500,,,0.000,0.500,0.000,0.000,Low,STABLE,Stable,3.500,,,,,,,,,,,,,
20492,663554,casey mize,Casey Mize ,DET,SP,pitcher,SP,SP,,,143.000,105.000,-0.666,1.155,1.821,1.821,17.182,16.028,1.491,0.546,0.143,0.775,High,STABLE_SP,"Banked Production, Projection Skeptical",3.455,,6.000,31.000,6.000,0.000,,,3.418,2.848,3.641,,0.295,28.300
10681,570482,gio urshela,Gio Urshela ,,3B,hitter,3B,3B,56.000,26.000,,,-6.809,-3.406,3.403,3.403,,,0.000,0.500,0.000,0.000,Low,STABLE,Stable,3.403,,,,,,,,,,,,,
12730,607259,nick martinez,Nick Martinez ,TBR,SP,pitcher,SP,SP,,,147.000,123.000,-3.351,-0.235,3.116,3.116,5.812,6.047,0.726,0.386,-0.454,1.000,High,STABLE_SP,Stable,3.388,,8.000,47.200,8.000,0.000,,,3.835,3.379,4.241,,0.311,18.300
19600,650559,bryan de la cruz,Bryan De La Cruz ,PHI,OF,hitter,OF,OF,14.000,15.000,,,-3.925,-0.540,3.385,3.385,,,0.000,0.500,0.000,0.000,Low,STABLE,Stable,3.385,,,,,,,,,,,,,
19996,669276,dylan lee,Dylan Lee ,ATL,RP,pitcher,RP,RP,,,65.000,47.000,3.890,4.795,0.905,0.905,8.106,3.312,0.662,0.935,1.741,1.000,High,STABLE_RP,Stable,3.308,,21.000,20.200,0.000,0.000,,,1.493,0.977,2.405,,,
26378,666157,nick lodolo,Nick Lodolo ,CIN,SP,pitcher,SP,SP,,,150.000,111.000,8.770,12.053,3.283,3.283,-50.007,-62.060,0.000,0.500,0.000,0.000,Low,STABLE,Stable,3.283,,,,,,,,,,,,,
21780,665923,esteury ruiz,Esteury Ruiz ,MIA,OF,hitter,OF,OF,84.000,134.000,,,-1.605,1.596,3.201,3.201,5.021,3.425,0.000,0.500,0.000,0.000,Low,STABLE,Stable,3.201,,,,,,,,,,,,,
11674,592791,jameson taillon,Jameson Taillon ,CHC,SP,pitcher,SP,SP,,,141.000,116.000,-11.446,-9.363,2.083,2.083,6.675,16.038,1.925,0.296,-0.817,1.000,High,STABLE_SP,"Banked Production, Projection Skeptical",3.191,,8.000,45.200,8.000,0.000,,,4.218,5.668,4.506,,0.325,25.800
27493,677956,rece hinds,Rece Hinds ,CIN,OF,hitter,OF,OF,7.000,15.000,,,-3.727,-0.540,3.186,3.186,-8.960,-8.420,0.000,0.500,0.000,0.000,Low,STABLE,Stable,3.186,,,,,,,,,,,,,
31475,701656,logan henderson,Logan Henderson ,MIL,SP,pitcher,SP,SP,,,89.000,79.000,5.359,8.543,3.184,3.184,10.226,1.683,0.000,0.500,0.000,0.000,Low,STABLE,Stable,3.184,,,,,,,,,,,,,
31354,699625,jimmy crooks,Jimmy Crooks ,STL,C,hitter,C,C,97.000,57.000,,,-3.379,-0.201,3.178,3.178,,,0.000,0.500,0.000,0.000,Low,STABLE,Stable,3.178,,,,,,,,,,,,,
28312,691723,coby mayo,Coby Mayo ,BAL,1B/3B/DH,hitter,1B/DH,1B/3B/DH,189.000,163.000,,,-2.743,1.534,4.277,4.277,-10.468,-12.002,0.000,0.155,-1.104,0.800,High,STABLE,Stable,3.173,120.000,,,,,57.999,0.273,,,,0.273,,32.000
16472,656555,rhys hoskins,Rhys Hoskins ,CLE,1B/DH,hitter,1B,1B/DH,399.000,288.000,,,-4.390,-1.296,3.094,3.094,2.776,4.073,0.398,0.394,-0.344,0.813,High,STABLE,Stable,3.148,122.000,,,,,110.034,0.311,,,,0.311,,30.400
19349,657571,caleb ferguson,Caleb Ferguson ,CIN,RP,pitcher,RP,RP,,,53.000,37.000,-7.024,-3.893,3.132,3.132,,,0.000,0.500,0.000,0.000,Low,STABLE_RP,Stable,3.132,,,,,,,,,,,,,
10061,548384,brooks raley,Brooks Raley ,NYM,RP,pitcher,RP,RP,,,62.000,46.000,0.475,3.049,2.573,2.573,2.169,-0.880,0.000,0.660,0.542,0.850,High,STABLE_RP,Stable,3.116,,18.000,17.000,0.000,0.000,,,3.271,2.577,3.135,,,
29478,695600,carter jensen,Carter Jensen ,KCR,C/DH,hitter,C/DH,C/DH,401.000,342.000,,,3.627,7.486,3.859,3.859,5.509,-1.977,0.000,0.304,-0.754,0.960,High,STABLE,Stable,3.105,144.000,,,,,104.906,0.304,,,,0.304,,35.500
31757,695243,mason miller,Mason Miller ,SDP,RP,pitcher,RP,RP,,,66.000,50.000,23.060,24.222,1.162,1.162,13.311,-10.911,0.000,1.000,1.920,0.960,High,RP_CLOSER,Closer Value,3.082,,19.000,19.200,0.000,13.000,,,0.795,-0.199,0.158,,,
18341,642759,julian fernandez,Julian Fernández ,WSN,RP,pitcher,RP,RP,,,38.000,28.000,-10.470,-7.395,3.076,3.076,-6.312,1.083,0.000,0.500,0.000,0.000,Low,STABLE_RP,Stable,3.076,,,,,,,,,,,,,
20633,579328,yusei kikuchi,Yusei Kikuchi ,LAA,SP,pitcher,SP,SP,,,168.000,64.000,0.275,3.291,3.016,3.016,9.960,6.669,0.620,0.318,-0.566,0.775,High,STABLE_SP,Stable,3.070,,7.000,31.000,7.000,0.000,,,4.681,3.687,4.151,,0.341,25.900
19358,642215,weston wilson,Weston Wilson ,BAL,1B/2B/3B/OF,hitter,1B/2B/OF,1B/2B/3B/OF,14.000,46.000,,,-1.647,1.394,3.041,3.041,1.825,0.430,0.000,0.500,0.000,0.000,Low,STABLE,Stable,3.041,,,,,,,,,,,,,
19350,665152,dean kremer,Dean Kremer ,BAL,SP,pitcher,SP,SP,,,115.000,91.000,-7.904,-4.864,3.040,3.040,-46.006,-41.142,0.000,0.500,0.000,0.000,Low,STABLE,Stable,3.040,,,,,,,,,,,,,
19716,669160,dustin may,Dustin May ,STL,SP,pitcher,SP,SP,,,163.000,123.000,-3.227,1.000,4.227,4.227,-38.373,-39.373,0.000,0.199,-1.203,1.000,High,STABLE_SP,Stable,3.024,,8.000,42.200,8.000,0.000,,,4.615,3.809,4.138,,0.339,17.600
12572,595014,blake treinen,Blake Treinen ,LAD,RP,pitcher,RP,RP,,,54.000,40.000,-2.887,0.126,3.013,3.013,-3.498,-3.624,0.000,0.500,0.000,0.000,Low,STABLE_RP,Stable,3.013,,,,,,,,,,,,,
23779,677865,justin bruihl,Justin Bruihl ,STL,RP,pitcher,RP,RP,,,54.000,43.000,-6.594,-1.824,4.770,4.770,-2.624,-0.801,0.000,0.000,-1.810,0.905,High,STABLE_RP,Stable,2.960,,20.000,18.100,0.000,0.000,,,5.654,5.234,5.827,,,
19444,670990,yohan ramirez,Yohan Ramírez ,PIT,RP,pitcher,RP,RP,,,56.000,43.000,-2.698,0.841,3.540,3.540,1.320,0.479,0.057,0.340,-0.642,1.000,High,STABLE_RP,Stable,2.955,,17.000,24.000,0.000,1.000,,,3.322,3.856,4.368,,,
35041,695506,jac caglianone,Jac Caglianone ,KCR,1B/OF/DH,hitter,1B/OF/DH,1B/OF/DH,455.000,381.000,,,7.732,10.839,3.107,3.107,1.941,-8.898,0.000,0.457,-0.162,0.933,High,STABLE,Stable,2.945,140.000,,,,,96.298,0.333,,,,0.333,,31.800
16149,605400,aaron nola,Aaron Nola ,PHI,SP,pitcher,SP,SP,,,179.000,131.000,3.158,6.215,3.057,3.057,8.994,2.778,0.333,0.385,-0.458,1.000,High,STABLE_SP,Stable,2.932,,8.000,42.000,8.000,0.000,,,4.299,4.249,3.554,,0.328,26.300
23359,676369,nelson velazquez,Nelson Velázquez ,STL,DH/OF,hitter,DH/OF,DH/OF,105.000,47.000,,,-3.175,-0.253,2.923,2.923,,,0.000,0.500,0.000,0.000,Low,STABLE,Stable,2.923,,,,,,,,,,,,,
26420,677347,kyren paris,Kyren Paris ,LAA,2B/OF,hitter,2B/OF,2B/OF,14.000,10.000,,,-2.553,0.345,2.898,2.898,,,0.000,0.500,0.000,0.000,Low,STABLE,Stable,2.898,,,,,,,,,,,,,
13757,621035,chris taylor,Chris Taylor ,LAA,2B/OF,hitter,2B/OF,2B/OF,140.000,5.000,,,-2.614,0.277,2.891,2.891,,,0.000,0.500,0.000,0.000,Low,STABLE,Stable,2.891,,,,,,,,,,,,,
30134,676440,tanner bibee,Tanner Bibee ,CLE,SP,pitcher,SP,SP,,,181.000,131.000,7.813,11.117,3.305,3.305,11.792,0.674,0.081,0.376,-0.498,1.000,High,STABLE_SP,Stable,2.888,,9.000,45.100,9.000,0.000,,,3.791,4.386,3.897,,0.310,29.300
13185,606115,orlando arcia,Orlando Arcia ,MIN,1B/2B/3B/SS,hitter,1B/2B/3B/SS,1B/2B/3B/SS,91.000,36.000,,,-3.067,-0.200,2.867,2.867,,,0.000,0.500,0.000,0.000,Low,STABLE,Stable,2.867,,,,,,,,,,,,,
27779,693821,bryce elder,Bryce Elder ,ATL,SP,pitcher,SP,SP,,,118.000,116.000,-4.843,-4.576,0.267,0.267,30.389,34.966,2.400,0.547,0.188,1.000,High,STABLE_SP,"Banked Production, Projection Skeptical",2.855,,9.000,54.200,9.000,0.000,,,2.901,3.088,3.737,,0.273,25.500
sa3022602,702302,rj schreck,RJ Schreck ,TOR,OF,hitter,OF,OF,7.000,5.000,,,-3.977,-1.129,2.848,2.848,,,0.000,0.500,0.000,0.000,Low,STABLE,Stable,2.848,,,,,,,,,,,,,
18373,663624,ryan mountcastle,Ryan Mountcastle ,BAL,1B/DH,hitter,1B/DH,1B/DH,147.000,61.000,,,-4.779,-1.970,2.809,2.809,-1.925,0.045,0.000,0.500,0.000,0.000,Low,STABLE,Stable,2.809,,,,,,,,,,,,,
19968,666931,jared oliva,Jared Oliva ,SFG,OF,hitter,OF,OF,112.000,26.000,,,-3.760,-0.954,2.806,2.806,-2.838,-1.884,0.000,0.500,0.000,0.000,Low,STABLE,Stable,2.806,,,,,,,,,,,,,
14374,607192,tyler glasnow,Tyler Glasnow ,LAD,SP,pitcher,SP,SP,,,135.000,92.000,19.197,20.617,1.420,1.420,23.354,2.737,0.536,0.713,0.836,0.980,High,STABLE_SP,Stable,2.792,,7.000,39.200,7.000,0.000,,,2.469,3.258,2.823,,0.252,29.800
29712,695657,colson montgomery,Colson Montgomery ,CHW,3B/SS,hitter,3B/SS,3B/SS,602.000,446.000,,,4.055,5.056,1.001,1.001,21.647,16.592,1.991,0.446,-0.218,1.000,High,STABLE,"Banked Production, Projection Skeptical",2.774,175.000,,,,,129.507,0.334,,,,0.334,,35.700
3096,445276,kenley jansen,Kenley Jansen ,DET,RP,pitcher,RP,RP,,,60.000,44.000,4.096,6.869,2.773,2.773,-2.214,-9.084,0.000,0.500,0.000,0.000,Low,STABLE_RP,Stable,2.773,,,,,,,,,,,,,
13942,608718,brent suter,Brent Suter ,LAA,RP,pitcher,RP,RP,,,61.000,44.000,-6.242,-3.404,2.838,2.838,-40.703,-37.299,0.000,0.484,-0.065,1.000,High,STABLE_RP,Stable,2.773,,14.000,20.100,0.000,0.000,,,3.263,3.598,3.356,,,
25867,668952,ryan kreidler,Ryan Kreidler ,MIN,OF,hitter,OF,OF,49.000,41.000,,,-4.014,-1.242,2.772,2.772,4.033,5.275,0.000,0.500,0.000,0.000,Low,STABLE,Stable,2.772,,,,,,,,,,,,,
sa885119,663494,bryan torres,Bryan Torres ,STL,2B/OF,hitter,2B/OF,2B/OF,14.000,21.000,,,-1.984,0.784,2.768,2.768,,,0.000,0.500,0.000,0.000,Low,STABLE,Stable,2.768,,,,,,,,,,,,,
19178,667297,tommy nance,Tommy Nance ,TOR,RP,pitcher,RP,RP,,,58.000,40.000,-1.468,0.593,2.061,2.061,0.770,0.177,0.035,0.662,0.648,1.000,High,STABLE_RP,Stable,2.744,,19.000,20.000,0.000,0.000,,,3.576,2.556,2.749,,,
27932,693855,ian seymour,Ian Seymour ,TBR,SP/RP,pitcher,SP,SP/RP,,,112.000,61.000,3.798,6.717,2.920,2.920,1.000,-5.717,0.000,0.406,-0.180,0.478,Medium,STABLE,Stable,2.739,,18.000,19.100,0.000,1.000,,,4.413,3.468,3.795,,,
30080,701678,hao yu lee,Hao-Yu  Lee ,DET,2B/3B,hitter,2B/3B,2B/3B,7.000,41.000,,,-2.065,1.000,3.065,3.065,-2.112,-3.112,0.000,0.260,-0.326,0.340,Low,STABLE,Stable,2.739,51.000,,,,,67.639,0.300,,,,0.300,,34.100
21649,665622,luis medina,Luis Medina ,ATH,RP,pitcher,SP,RP,,,78.000,58.000,-5.606,-2.291,3.314,3.314,-1.215,1.076,0.098,0.275,-0.683,0.760,High,SP_TO_RP,Stable,2.729,,11.000,15.200,0.000,0.000,,,4.319,3.553,4.427,,,
11445,592192,mark canha,Mark Canha ,,OF/DH,hitter,OF/DH,OF/DH,63.000,57.000,,,-4.151,-1.425,2.726,2.726,,,0.000,0.500,0.000,0.000,Low,STABLE,Stable,2.726,,,,,,,,,,,,,
30171,696131,mason black,Mason Black ,KCR,RP,pitcher,RP,RP,,,57.000,36.000,-14.171,-11.447,2.724,2.724,-5.652,5.795,0.000,0.500,0.000,0.000,Low,STABLE_RP,Stable,2.724,,,,,,,,,,,,,
19997,669289,santiago espinal,Santiago Espinal ,LAD,1B/2B/3B/OF,hitter,2B/3B/OF,1B/2B/3B/OF,133.000,72.000,,,-4.391,-1.668,2.724,2.724,-3.606,-1.938,0.000,0.500,0.000,0.000,Low,STABLE,Stable,2.724,,,,,,,,,,,,,
20546,681982,grant anderson,Grant Anderson ,MIL,RP,pitcher,RP,RP,,,56.000,44.000,-4.057,-1.012,3.045,3.045,-0.461,0.551,0.056,0.387,-0.386,0.850,High,STABLE_RP,Stable,2.715,,18.000,17.000,0.000,0.000,,,3.461,3.930,3.723,,,
25980,683090,matthew lugo,Matthew Lugo ,LAA,OF,hitter,OF,OF,42.000,20.000,,,-4.065,-1.362,2.703,2.703,,,0.000,0.500,0.000,0.000,Low,STABLE,Stable,2.703,,,,,,,,,,,,,
19742,669622,anthony bender,Anthony Bender ,MIA,RP,pitcher,RP,RP,,,61.000,44.000,-0.385,2.245,2.630,2.630,0.708,-1.537,0.000,0.526,0.073,0.710,Medium,STABLE_RP,Stable,2.703,,17.000,14.200,0.000,1.000,,,2.813,2.834,4.175,,,
29844,689414,liam hicks,Liam Hicks ,MIA,C/1B/DH,hitter,C/1B/DH,C/1B/DH,318.000,379.000,,,-2.753,-2.418,0.335,0.335,20.863,23.281,2.352,0.502,0.006,0.980,High,STABLE,"Banked Production, Projection Skeptical",2.693,147.000,,,,,141.754,0.349,,,,0.351,,9.600
26374,670224,kameron misner,Kameron Misner ,KCR,OF,hitter,OF,OF,35.000,21.000,,,-3.163,-0.477,2.686,2.686,,,0.000,0.500,0.000,0.000,Low,STABLE,Stable,2.686,,,,,,,,,,,,,
28163,691406,junior caminero,Junior Caminero ,TBR,3B/DH,hitter,3B/DH,3B/DH,665.000,493.000,,,27.611,30.022,2.411,2.411,16.520,-13.503,0.000,0.567,0.267,1.000,High,STABLE,Stable,2.678,183.000,,,,,126.363,0.370,,,,0.368,,20.600
25976,682985,riley greene,Riley Greene ,DET,OF/DH,hitter,OF/DH,OF/DH,651.000,488.000,,,27.104,29.120,2.016,2.016,28.150,-0.969,0.000,0.663,0.651,1.000,High,STABLE,Stable,2.667,179.000,,,,,157.780,0.379,,,,0.379,,28.600
sa3006884,677565,kristian robinson,Kristian Robinson ,ARI,OF,hitter,OF,OF,7.000,5.000,,,-3.977,-1.311,2.666,2.666,,,0.000,0.500,0.000,0.000,Low,STABLE,Stable,2.666,,,,,,,,,,,,,
17277,624133,ranger suarez,Ranger Suarez ,BOS,SP,pitcher,SP,SP,,,170.000,126.000,5.712,6.960,1.248,1.248,20.447,13.487,1.578,0.456,-0.172,0.975,High,STABLE_SP,Stable,2.654,,7.000,39.000,7.000,0.000,,,3.483,3.235,3.604,,0.296,19.500
20521,663611,nick madrigal,Nick Madrigal ,LAA,2B/3B,hitter,2B/3B,2B/3B,14.000,5.000,,,-2.553,0.095,2.648,2.648,,,0.000,0.500,0.000,0.000,Low,STABLE,Stable,2.648,,,,,,,,,,,,,
24759,681508,mickey gasper,Mickey Gasper ,BOS,C/1B/DH,hitter,C/1B/DH,C/1B/DH,6.000,44.000,,,-3.001,-0.358,2.643,2.643,1.999,2.357,0.000,0.500,0.000,0.000,Low,STABLE,Stable,2.643,,,,,,,,,,,,,
26323,668715,spencer steer,Spencer Steer ,CIN,1B/OF/DH,hitter,1B/OF/DH,1B/OF/DH,371.000,319.000,,,2.050,3.590,1.540,1.540,11.845,8.254,0.991,0.528,0.110,1.000,High,STABLE,Stable,2.641,160.000,,,,,113.233,0.381,,,,0.381,,24.000
29668,691785,marcelo mayer,Marcelo Mayer ,BOS,2B/3B,hitter,2B/3B,2B/3B,462.000,327.000,,,4.992,8.646,3.654,3.654,-3.924,-12.569,0.000,0.181,-1.056,0.827,High,STABLE,Stable,2.599,124.000,,,,,71.602,0.279,,,,0.279,,25.900
sa3038253,695731,braden montgomery,Braden Montgomery ,CHW,OF,hitter,OF,OF,140.000,78.000,,,-5.789,-3.193,2.597,2.597,,,0.000,0.500,0.000,0.000,Low,STABLE,Stable,2.597,,,,,,,,,,,,,
20349,677161,zack kelly,Zack Kelly ,BOS,RP,pitcher,RP,RP,,,58.000,45.000,-5.072,-1.669,3.403,3.403,-1.425,0.244,0.022,0.223,-0.831,0.750,High,STABLE_RP,Stable,2.594,,15.000,15.000,0.000,0.000,,,5.417,3.640,3.897,,,
31461,690829,ben joyce,Ben Joyce ,LAA,RP,pitcher,RP,RP,,,48.000,39.000,0.172,2.765,2.593,2.593,,,0.000,0.500,0.000,0.000,Low,STABLE_RP,Stable,2.593,,,,,,,,,,,,,
26108,669467,andre pallante,Andre Pallante ,STL,SP,pitcher,SP,SP,,,135.000,106.000,-5.213,-3.298,1.915,1.915,10.758,14.056,1.687,0.248,-1.009,1.000,High,STABLE_SP,Stable,2.593,,8.000,42.100,8.000,0.000,,,4.300,4.642,4.467,,0.328,23.600
28052,684049,brandan bidois,Brandan Bidois ,PIT,RP,pitcher,RP,RP,,,52.000,37.000,-9.647,-7.070,2.577,2.577,-7.495,-0.425,0.000,0.500,0.000,0.000,Low,STABLE_RP,Stable,2.577,,,,,,,,,,,,,
26031,687093,vaughn grissom,Vaughn Grissom ,LAA,1B/2B,hitter,2B,1B/2B,119.000,209.000,,,-1.227,0.331,1.558,1.558,6.785,6.454,0.740,0.619,0.272,0.573,Medium,STABLE,Stable,2.570,86.000,,,,,118.540,0.373,,,,0.373,,18.600
16426,642731,thairo estrada,Thairo Estrada ,,2B,hitter,2B,2B,98.000,62.000,,,-2.828,-0.259,2.569,2.569,,,0.000,0.500,0.000,0.000,Low,STABLE,Stable,2.569,,,,,,,,,,,,,
sa3022567,801194,max anderson,Max Anderson ,DET,2B,hitter,2B,2B,7.000,5.000,,,-2.450,0.095,2.546,2.546,,,0.000,0.500,0.000,0.000,Low,STABLE,Stable,2.546,,,,,,,,,,,,,
15274,643565,mike tauchman,Mike Tauchman ,NYM,OF/DH,hitter,OF/DH,OF/DH,84.000,52.000,,,-3.658,-1.129,2.529,2.529,,,0.000,0.500,0.000,0.000,Low,STABLE,Stable,2.529,,,,,,,,,,,,,
26252,669062,erik miller,Erik Miller ,SFG,RP,pitcher,RP,RP,,,62.000,43.000,2.350,4.873,2.523,2.523,1.027,-3.846,0.000,0.500,0.000,0.000,Low,STABLE_RP,Stable,2.523,,,,,,,,,,,,,
14120,621121,lance mccullers jr,Lance McCullers Jr. ,HOU,SP,pitcher,SP,SP,,,112.000,84.000,-6.000,-2.470,3.530,3.530,-43.144,-40.674,0.000,0.242,-1.009,0.978,High,STABLE_SP,Stable,2.520,,8.000,39.100,8.000,0.000,,,4.369,5.064,4.072,,0.330,27.800
19876,656464,kevin ginkel,Kevin Ginkel ,ARI,RP,pitcher,RP,RP,,,59.000,44.000,-1.228,0.252,1.480,1.480,0.103,-0.149,0.000,0.805,1.036,0.850,High,STABLE_RP,Stable,2.516,,18.000,17.000,0.000,0.000,,,2.556,2.224,2.947,,,
16478,656941,kyle schwarber,Kyle Schwarber ,PHI,OF/DH,hitter,OF/DH,OF/DH,686.000,504.000,,,36.811,38.161,1.350,1.350,39.285,1.123,0.225,0.735,0.941,1.000,High,STABLE,Stable,2.515,192.000,,,,,165.088,0.397,,,,0.398,,31.900
11899,592626,joc pederson,Joc Pederson ,TEX,1B/DH,hitter,DH,1B/DH,420.000,309.000,,,2.089,4.926,2.837,2.837,-2.326,-7.251,0.000,0.396,-0.328,0.787,High,STABLE,Stable,2.509,118.000,,,,,90.531,0.337,,,,0.337,,32.700
22766,672642,steward berroa,Steward Berroa ,PHI,OF,hitter,OF,OF,7.000,5.000,,,-3.794,-1.311,2.483,2.483,,,0.000,0.500,0.000,0.000,Low,STABLE,Stable,2.483,,,,,,,,,,,,,
sa3022562,694580,kemp alderman,Kemp Alderman ,MIA,OF,hitter,OF,OF,7.000,26.000,,,-3.823,-1.354,2.469,2.469,,,0.000,0.500,0.000,0.000,Low,STABLE,Stable,2.469,,,,,,,,,,,,,
29634,695238,will wagner,Will Wagner ,SDP,1B/2B/3B/DH,hitter,1B/2B/3B/DH,1B/2B/3B/DH,21.000,16.000,,,-2.395,0.063,2.458,2.458,,,0.000,0.500,0.000,0.000,Low,STABLE,Stable,2.458,,,,,,,,,,,,,
25483,686765,nick sogard,Nick Sogard ,BOS,1B/2B/3B,hitter,1B/2B/3B,1B/2B/3B,14.000,10.000,,,-2.457,-0.000,2.456,2.456,,,0.000,0.500,0.000,0.000,Low,STABLE,Stable,2.456,,,,,,,,,,,,,
11442,596142,gary sanchez,Gary Sánchez ,MIL,C/1B/DH,hitter,C/DH,C/1B/DH,150.000,135.000,,,-1.431,0.473,1.904,1.904,7.123,6.649,0.527,0.509,0.024,0.660,Medium,STABLE,Stable,2.454,99.000,,,,,128.308,0.356,,,,0.359,,28.300
31661,689200,jacob melton,Jacob Melton ,TBR,OF,hitter,OF,OF,140.000,62.000,,,-4.064,-1.611,2.452,2.452,,,0.000,0.500,0.000,0.000,Low,STABLE,Stable,2.452,,,,,,,,,,,,,
sa3017295,701649,james triantos,James Triantos ,CHC,2B/3B,hitter,2B/3B,2B/3B,7.000,5.000,,,-2.354,0.095,2.449,2.449,,,0.000,0.500,0.000,0.000,Low,STABLE,Stable,2.449,,,,,,,,,,,,,
22232,669200,mason mccoy,Mason McCoy ,SDP,SS,hitter,SS,SS,28.000,16.000,,,-2.964,-0.543,2.421,2.421,,,0.000,0.500,0.000,0.000,Low,STABLE,Stable,2.421,,,,,,,,,,,,,
26149,666150,dominic fletcher,Dominic Fletcher ,PIT,OF,hitter,OF,OF,7.000,5.000,,,-4.266,-1.856,2.411,2.411,,,0.000,0.500,0.000,0.000,Low,STABLE,Stable,2.411,,,,,,,,,,,,,
27615,676475,alec burleson,Alec Burleson ,STL,1B/OF/DH,hitter,1B/OF/DH,1B/OF/DH,602.000,467.000,,,8.672,9.279,0.607,0.607,16.212,6.933,1.387,0.604,0.417,1.000,High,STABLE,Stable,2.410,183.000,,,,,124.668,0.380,,,,0.380,,19.900
14874,594580,sam moll,Sam Moll ,CIN,RP,pitcher,RP,RP,,,52.000,40.000,-8.246,-4.703,3.542,3.542,-3.522,1.182,0.115,0.112,-1.256,0.810,High,STABLE_RP,Stable,2.401,,19.000,16.200,0.000,0.000,,,4.085,5.206,4.658,,,
15518,642708,amed rosario,Amed Rosario ,NYY,2B/3B/OF,hitter,2B/3B/OF,2B/3B/OF,224.000,219.000,,,-1.607,0.503,2.110,2.110,5.910,5.407,0.342,0.470,-0.064,0.527,Medium,STABLE,Stable,2.388,79.000,,,,,122.048,0.347,,,,0.352,,24.500
28272,691620,jeferson quero,Jeferson Quero ,MIL,C,hitter,C,C,6.000,5.000,,,-3.290,-0.904,2.386,2.386,-1.878,-0.974,0.000,0.500,0.000,0.000,Low,STABLE,Stable,2.386,,,,,,,,,,,,,
sa3006622,680664,eduardo valencia,Eduardo Valencia ,DET,C/1B,hitter,C/1B,C/1B,6.000,5.000,,,-3.290,-0.904,2.386,2.386,,,0.000,0.500,0.000,0.000,Low,STABLE,Stable,2.386,,,,,,,,,,,,,
24641,680862,willie maciver,Willie MacIver ,TOR,C,hitter,C,C,6.000,5.000,,,-3.290,-0.904,2.386,2.386,,,0.000,0.500,0.000,0.000,Low,STABLE,Stable,2.386,,,,,,,,,,,,,
20202,669016,brandon marsh,Brandon Marsh ,PHI,OF,hitter,OF,OF,497.000,381.000,,,8.072,9.168,1.097,1.097,20.837,11.668,1.400,0.471,-0.117,1.000,High,STABLE,Stable,2.380,151.000,,,,,139.188,0.344,,,,0.344,,20.100
sa3015579,691858,jared serna,Jared Serna ,MIA,2B/SS,hitter,2B/SS,2B/SS,21.000,10.000,,,-2.765,-0.407,2.358,2.358,,,0.000,0.500,0.000,0.000,Low,STABLE,Stable,2.358,,,,,,,,,,,,,
30163,693409,cesar prieto,César Prieto ,STL,2B/3B/DH,hitter,2B/DH,2B/3B/DH,14.000,52.000,,,-2.553,-0.195,2.358,2.358,-2.272,-2.077,0.000,0.500,0.000,0.000,Low,STABLE,Stable,2.358,,,,,,,,,,,,,
14551,623993,anthony santander,Anthony Santander ,TOR,OF/DH,hitter,OF/DH,OF/DH,56.000,15.000,,,-2.892,-0.540,2.352,2.352,,,0.000,0.500,0.000,0.000,Low,STABLE,Stable,2.352,,,,,,,,,,,,,
31676,687931,carson whisenhunt,Carson Whisenhunt ,SFG,SP,pitcher,SP,SP,,,55.000,39.000,-1.065,1.285,2.350,2.350,,,0.000,0.500,0.000,0.000,Low,STABLE,Stable,2.350,,,,,,,,,,,,,
20017,670156,miles mastrobuoni,Miles Mastrobuoni ,SEA,2B/3B/OF,hitter,2B/3B/OF,2B/3B/OF,14.000,15.000,,,-2.273,0.049,2.322,2.322,,,0.000,0.500,0.000,0.000,Low,STABLE,Stable,2.322,,,,,,,,,,,,,
25005,681909,justin dean,Justin Dean ,CHC,OF,hitter,OF,OF,14.000,10.000,,,-3.925,-1.607,2.319,2.319,,,0.000,0.500,0.000,0.000,Low,STABLE,Stable,2.319,,,,,,,,,,,,,
29571,694374,tim tawa,Tim Tawa ,ARI,1B/2B/3B/OF,hitter,1B/2B/OF,1B/2B/3B/OF,133.000,88.000,,,-2.656,0.256,2.912,2.912,-6.088,-6.344,0.000,0.091,-0.600,0.367,Medium,STABLE,Stable,2.312,55.000,,,,,50.195,0.276,,,,0.276,,26.100
21863,666277,george soriano,George Soriano ,STL,RP,pitcher,RP,RP,,,58.000,44.000,-5.003,-1.251,3.752,3.752,0.494,1.745,0.188,0.047,-1.631,0.900,High,STABLE_RP,Stable,2.309,,19.000,18.000,0.000,1.000,,,4.846,4.717,4.912,,,
16137,607074,carlos rodon,Carlos Rodón ,NYY,SP,pitcher,SP,SP,,,152.000,124.000,4.605,6.911,2.306,2.306,3.655,-3.256,0.000,0.500,0.000,0.000,Low,STABLE,Stable,2.306,,,,,,,,,,,,,
29547,669208,ryan bliss,Ryan Bliss ,SEA,2B,hitter,2B,2B,84.000,20.000,,,-2.884,-0.592,2.292,2.292,-0.743,-0.152,0.000,0.500,0.000,0.000,Low,STABLE,Stable,2.292,,,,,,,,,,,,,
19867,656288,griffin canning,Griffin Canning ,SDP,SP,pitcher,SP,SP,,,107.000,100.000,-3.979,-1.690,2.289,2.289,4.819,6.508,0.000,0.500,0.000,0.000,Low,STABLE,Stable,2.289,,,,,,,,,,,,,
29606,669234,justyn henry malloy,Justyn-Henry Malloy ,TBR,OF/DH,hitter,OF/DH,OF/DH,84.000,26.000,,,-3.186,-0.918,2.268,2.268,,,0.000,0.500,0.000,0.000,Low,STABLE,Stable,2.268,,,,,,,,,,,,,
24607,680742,jonathan bowlan,Jonathan Bowlan ,PHI,RP,pitcher,RP,RP,,,58.000,40.000,-4.238,-1.970,2.268,2.268,-2.025,-0.055,0.000,0.500,0.000,0.000,Low,STABLE_RP,Stable,2.268,,,,,,,,,,,,,
31913,802686,hayden harris,Hayden Harris ,ATL,RP,pitcher,RP,RP,,,50.000,37.000,-6.027,-3.767,2.259,2.259,,,0.000,0.500,0.000,0.000,Low,STABLE_RP,Stable,2.259,,,,,,,,,,,,,
26143,687859,troy johnston,Troy Johnston ,COL,1B/OF/DH,hitter,1B/OF/DH,1B/OF/DH,175.000,201.000,,,-1.674,-0.494,1.181,1.181,14.895,15.388,1.723,0.326,-0.649,0.933,High,STABLE,"Banked Production, Projection Skeptical",2.255,140.000,,,,,129.505,0.329,,,,0.329,,24.300
16153,596103,austin slater,Austin Slater ,NYM,OF/DH,hitter,OF,OF/DH,119.000,26.000,,,-3.554,-1.299,2.255,2.255,-5.535,-4.236,0.000,0.500,0.000,0.000,Low,STABLE,Stable,2.255,,,,,,,,,,,,,
15998,641355,cody bellinger,Cody Bellinger ,NYY,1B/OF,hitter,1B/OF,1B/OF,616.000,438.000,,,7.785,6.126,-1.659,-1.659,23.182,17.056,3.411,0.623,0.492,1.000,High,STABLE,"YTD Breakout, Projection Skeptical",2.244,185.000,,,,,139.830,0.381,,,,0.381,,17.600
30250,677955,jaden hill,Jaden Hill ,COL,RP,pitcher,RP,RP,,,55.000,43.000,-4.702,-2.040,2.662,2.662,-0.890,1.150,0.104,0.325,-0.524,0.750,High,STABLE_RP,Stable,2.241,,18.000,15.000,0.000,0.000,,,3.597,3.640,4.365,,,
22165,668723,ryan vilade,Ryan Vilade ,TBR,1B/OF,hitter,OF,1B/OF,203.000,140.000,,,-4.485,-2.081,2.403,2.403,3.800,5.882,0.296,0.226,-0.461,0.420,Medium,STABLE,Stable,2.239,63.000,,,,,117.959,0.295,,,,0.295,,19.500
26208,666149,tyler fitzgerald,Tyler Fitzgerald ,LAD,2B,hitter,2B,2B,21.000,5.000,,,-2.135,0.095,2.230,2.230,,,0.000,0.500,0.000,0.000,Low,STABLE,Stable,2.230,,,,,,,,,,,,,
13755,621512,tomas nido,Tomás Nido ,DET,C,hitter,C,C,13.000,5.000,,,-3.132,-0.904,2.228,2.228,,,0.000,0.500,0.000,0.000,Low,STABLE,Stable,2.228,,,,,,,,,,,,,
19779,680118,dairon blanco,Dairon Blanco ,TEX,OF,hitter,OF,OF,7.000,5.000,,,-4.083,-1.856,2.227,2.227,,,0.000,0.500,0.000,0.000,Low,STABLE,Stable,2.227,,,,,,,,,,,,,
sa3017051,696140,ethan murray,Ethan Murray ,MIL,2B/SS,hitter,2B/SS,2B/SS,14.000,5.000,,,-2.537,-0.311,2.226,2.226,,,0.000,0.500,0.000,0.000,Low,STABLE,Stable,2.226,,,,,,,,,,,,,
29487,694362,blake dunn,Blake Dunn ,CIN,OF,hitter,OF,OF,14.000,46.000,,,-3.925,-1.719,2.207,2.207,2.976,4.695,0.000,0.500,0.000,0.000,Low,STABLE,Stable,2.207,,,,,,,,,,,,,
24605,680737,michael helman,Michael Helman ,TEX,OF,hitter,OF,OF,63.000,21.000,,,-3.399,-1.204,2.196,2.196,,,0.000,0.500,0.000,0.000,Low,STABLE,Stable,2.196,,,,,,,,,,,,,
14813,571657,kyle farmer,Kyle Farmer ,ATL,1B/2B/3B/SS/DH,hitter,1B/2B/3B/SS/DH,1B/2B/3B/SS/DH,63.000,31.000,,,-2.561,-0.377,2.184,2.184,0.848,1.225,0.000,0.500,0.000,0.000,Low,STABLE,Stable,2.184,,,,,,,,,,,,,
31855,687515,colby thomas,Colby Thomas ,ATH,OF,hitter,OF,OF,147.000,78.000,,,-2.026,0.149,2.175,2.175,2.994,2.845,0.000,0.500,0.000,0.000,Low,STABLE,Stable,2.175,,,,,,,,,,,,,
sa3034986,695611,gage jump,Gage Jump ,ATH,SP,pitcher,SP,SP,,,48.000,35.000,-1.320,0.839,2.160,2.160,,,0.000,0.500,0.000,0.000,Low,STABLE,Stable,2.160,,,,,,,,,,,,,
18403,660853,enyel de los santos,Enyel De Los Santos ,HOU,RP,pitcher,RP,RP,,,60.000,44.000,-3.825,-2.515,1.310,1.310,0.686,3.202,0.547,0.586,0.294,0.855,High,STABLE_RP,Stable,2.151,,16.000,17.100,0.000,3.000,,,2.874,2.702,3.817,,,
26599,682729,jonatan clase,Jonatan Clase ,TOR,OF,hitter,OF,OF,14.000,10.000,,,-3.742,-1.607,2.136,2.136,,,0.000,0.500,0.000,0.000,Low,STABLE,Stable,2.136,,,,,,,,,,,,,
sa3015723,694224,gabriel gonzalez,Gabriel Gonzalez ,MIN,OF,hitter,OF,OF,42.000,36.000,,,-3.323,-1.200,2.123,2.123,,,0.000,0.500,0.000,0.000,Low,STABLE,Stable,2.123,,,,,,,,,,,,,
23695,677592,everson pereira,Everson Pereira ,CHW,OF,hitter,OF,OF,224.000,239.000,,,-0.657,1.618,2.275,2.275,4.051,2.432,0.138,0.334,-0.315,0.473,Medium,STABLE,Stable,2.099,71.000,,,,,111.204,0.314,,,,0.314,,37.300
18887,664874,seby zavala,Seby Zavala ,LAD,C,hitter,C,C,6.000,5.000,,,-3.001,-0.904,2.097,2.097,,,0.000,0.500,0.000,0.000,Low,STABLE,Stable,2.097,,,,,,,,,,,,,
17040,645444,jose herrera,Jose Herrera ,TEX,C,hitter,C,C,6.000,5.000,,,-3.001,-0.904,2.097,2.097,,,0.000,0.500,0.000,0.000,Low,STABLE,Stable,2.097,,,,,,,,,,,,,
31166,677008,heston kjerstad,Heston Kjerstad ,BAL,OF,hitter,OF,OF,56.000,20.000,,,-3.277,-1.181,2.097,2.097,,,0.000,0.500,0.000,0.000,Low,STABLE,Stable,2.097,,,,,,,,,,,,,
sa3017510,681047,christian franklin,Christian Franklin ,WSN,OF,hitter,OF,OF,63.000,15.000,,,-3.602,-1.521,2.081,2.081,,,0.000,0.500,0.000,0.000,Low,STABLE,Stable,2.081,,,,,,,,,,,,,
sa3008767,682674,victor bericoto,Victor Bericoto ,SFG,1B/OF,hitter,1B/OF,1B/OF,14.000,5.000,,,-3.925,-1.856,2.070,2.070,,,0.000,0.500,0.000,0.000,Low,STABLE,Stable,2.070,,,,,,,,,,,,,
13932,608650,dietrich enns,Dietrich Enns ,BAL,RP,pitcher,RP,RP,,,62.000,44.000,-2.664,-0.602,2.062,2.062,-2.885,-2.283,0.000,0.500,0.000,0.000,Low,STABLE_RP,Stable,2.062,,,,,,,,,,,,,
sa3020758,687282,gabriel rincones jr,Gabriel Rincones Jr. ,PHI,OF,hitter,OF,OF,35.000,31.000,,,-3.452,-1.395,2.057,2.057,,,0.000,0.500,0.000,0.000,Low,STABLE,Stable,2.057,,,,,,,,,,,,,
22168,668731,akil baddoo,Akil Baddoo ,MIL,OF,hitter,OF,OF,14.000,5.000,,,-3.357,-1.311,2.046,2.046,,,0.000,0.500,0.000,0.000,Low,STABLE,Stable,2.046,,,,,,,,,,,,,
34979,695681,christian moore,Christian Moore ,LAA,2B,hitter,2B,2B,336.000,122.000,,,-0.731,1.297,2.028,2.028,,,0.000,0.500,0.000,0.000,Low,STABLE,Stable,2.028,,,,,,,,,,,,,
sa3017513,696135,kahlil watson,Kahlil Watson ,CLE,SS/OF,hitter,SS/OF,SS/OF,7.000,5.000,,,-2.146,-0.129,2.016,2.016,,,0.000,0.500,0.000,0.000,Low,STABLE,Stable,2.016,,,,,,,,,,,,,
15674,624512,reese mcguire,Reese McGuire ,,C,hitter,C,C,134.000,56.000,,,-4.274,-2.266,2.008,2.008,-7.299,-5.033,0.000,0.500,0.000,0.000,Low,STABLE,Stable,2.008,,,,,,,,,,,,,
17381,657424,matt gage,Matt Gage ,SFG,RP,pitcher,RP,RP,,,56.000,43.000,-5.717,-3.042,2.675,2.675,0.217,3.259,0.352,0.214,-1.031,0.900,High,STABLE_RP,Stable,1.995,,21.000,18.000,0.000,0.000,,,3.447,4.162,5.001,,,
13649,605280,clay holmes,Clay Holmes ,NYM,SP,pitcher,SP,SP,,,150.000,111.000,6.663,9.177,2.514,2.514,7.408,-1.769,0.000,0.369,-0.525,1.000,High,STABLE_SP,Stable,1.989,,8.000,48.100,8.000,0.000,,,3.736,3.437,3.735,,0.308,22.000
sa3023363,815888,leo de vries,Leo De Vries ,ATH,SS,hitter,SS,SS,35.000,52.000,,,-1.804,0.180,1.983,1.983,,,0.000,0.500,0.000,0.000,Low,STABLE,Stable,1.983,,,,,,,,,,,,,
sa3020715,801464,andrew pintar,Andrew Pintar ,MIA,OF,hitter,OF,OF,14.000,10.000,,,-3.925,-1.952,1.974,1.974,,,0.000,0.500,0.000,0.000,Low,STABLE,Stable,1.974,,,,,,,,,,,,,
33644,692225,kristian campbell,Kristian Campbell ,BOS,2B/OF,hitter,2B/OF,2B/OF,84.000,41.000,,,-0.589,1.381,1.971,1.971,,,0.000,0.500,0.000,0.000,Low,STABLE,Stable,1.971,,,,,,,,,,,,,
17968,656271,brock burke,Brock Burke ,CIN,RP,pitcher,RP,RP,,,62.000,46.000,-2.191,-0.163,2.028,2.028,1.507,1.670,0.192,0.435,-0.251,0.960,High,STABLE_RP,Stable,1.969,,20.000,19.200,0.000,1.000,,,4.133,2.598,4.098,,,
sa3015828,699302,hector rodriguez,Héctor Rodríguez ,CIN,OF,hitter,OF,OF,7.000,5.000,,,-3.823,-1.856,1.967,1.967,,,0.000,0.500,0.000,0.000,Low,STABLE,Stable,1.967,,,,,,,,,,,,,
17276,656577,alex jackson,Alex Jackson ,MIN,C,hitter,C,C,32.000,5.000,,,-2.854,-0.904,1.950,1.950,,,0.000,0.500,0.000,0.000,Low,STABLE,Stable,1.950,,,,,,,,,,,,,
25543,686676,korey lee,Korey Lee ,CHW,C,hitter,C,C,13.000,5.000,,,-2.853,-0.904,1.949,1.949,,,0.000,0.500,0.000,0.000,Low,STABLE,Stable,1.949,,,,,,,,,,,,,
29770,682254,mason montgomery,Mason Montgomery ,PIT,RP,pitcher,RP,RP,,,60.000,46.000,2.643,4.108,1.465,1.465,-36.596,-40.704,0.000,0.670,0.449,0.660,Medium,STABLE_RP,Stable,1.914,,14.000,13.200,0.000,0.000,,,3.605,2.740,2.920,,,
18067,596117,garrett stubbs,Garrett Stubbs ,PHI,C,hitter,C/DH,C,6.000,14.000,,,-3.001,-1.109,1.892,1.892,-3.819,-2.709,0.000,0.500,0.000,0.000,Low,STABLE,Stable,1.892,,,,,,,,,,,,,
sa3017022,695491,joshua baez,Joshua Báez ,STL,OF,hitter,OF,OF,14.000,5.000,,,-3.742,-1.856,1.886,1.886,,,0.000,0.500,0.000,0.000,Low,STABLE,Stable,1.886,,,,,,,,,,,,,
17452,642350,jose siri,Jose Siri ,LAA,OF,hitter,OF,OF,35.000,10.000,,,-3.828,-1.952,1.876,1.876,,,0.000,0.500,0.000,0.000,Low,STABLE,Stable,1.876,,,,,,,,,,,,,
15149,641820,trey mancini,Trey Mancini ,LAA,1B/DH/OF,hitter,1B/DH/OF,1B/DH/OF,7.000,5.000,,,-3.727,-1.856,1.871,1.871,,,0.000,0.500,0.000,0.000,Low,STABLE,Stable,1.871,,,,,,,,,,,,,
sa3014834,689288,matt koperniak,Matt Koperniak ,STL,OF,hitter,OF,OF,7.000,5.000,,,-3.727,-1.856,1.871,1.871,,,0.000,0.500,0.000,0.000,Low,STABLE,Stable,1.871,,,,,,,,,,,,,
25999,683748,victor mesa jr,Victor Mesa Jr. ,TBR,OF,hitter,OF,OF,7.000,5.000,,,-3.727,-1.856,1.871,1.871,,,0.000,0.500,0.000,0.000,Low,STABLE,Stable,1.871,,,,,,,,,,,,,
27653,683766,christian koss,Christian Koss ,SFG,2B/3B/SS,hitter,2B/3B/SS,2B/3B/SS,91.000,46.000,,,-2.816,-0.955,1.861,1.861,-3.325,-2.370,0.000,0.500,0.000,0.000,Low,STABLE,Stable,1.861,,,,,,,,,,,,,
31776,689147,orion kerkering,Orion Kerkering ,PHI,RP,pitcher,RP,RP,,,54.000,43.000,-1.030,1.513,2.543,2.543,-3.664,-5.177,0.000,0.274,-0.684,0.755,High,STABLE_RP,Stable,1.859,,17.000,15.100,0.000,0.000,,,2.064,4.737,5.424,,,
22263,669357,nolan gorman,Nolan Gorman ,STL,1B/2B/3B/DH,hitter,1B/2B/3B/DH,1B/2B/3B/DH,532.000,415.000,,,0.458,3.190,2.732,2.732,0.211,-2.979,0.000,0.277,-0.890,1.000,High,STABLE,Stable,1.842,156.000,,,,,89.039,0.311,,,,0.311,,35.400
29573,695257,billy cook,Billy Cook ,PIT,OF,hitter,1B/OF,OF,70.000,67.000,,,-3.781,-1.943,1.838,1.838,-5.751,-3.807,0.000,0.500,0.000,0.000,Low,STABLE,Stable,1.838,,,,,,,,,,,,,
14712,622534,manuel margot,Manuel Margot ,,OF,hitter,OF,OF,21.000,15.000,,,-4.057,-2.247,1.810,1.810,,,0.000,0.500,0.000,0.000,Low,STABLE,Stable,1.810,,,,,,,,,,,,,
22201,669022,mackenzie gore,MacKenzie Gore ,TEX,SP,pitcher,SP,SP,,,161.000,125.000,12.194,14.115,1.921,1.921,18.283,4.167,0.500,0.346,-0.616,1.000,High,STABLE_SP,Stable,1.805,,9.000,48.000,9.000,0.000,,,4.036,3.960,4.062,,0.319,23.900
10231,578428,jose iglesias,Jose Iglesias ,,2B/3B/SS/DH,hitter,2B/3B/SS/DH,2B/3B/SS/DH,105.000,77.000,,,-3.860,-2.061,1.799,1.799,,,0.000,0.500,0.000,0.000,Low,STABLE,Stable,1.799,,,,,,,,,,,,,
20036,670623,isaac paredes,Isaac Paredes ,HOU,1B/3B/DH,hitter,3B/DH,1B/3B/DH,497.000,479.000,,,3.615,6.572,2.957,2.957,3.999,-2.573,0.000,0.210,-1.161,1.000,High,STABLE,Stable,1.796,161.000,,,,,108.476,0.305,,,,0.305,,16.000
27604,675961,alika williams,Alika Williams ,PIT,SS,hitter,SS,SS,14.000,5.000,,,-2.094,-0.311,1.783,1.783,,,0.000,0.500,0.000,0.000,Low,STABLE,Stable,1.783,,,,,,,,,,,,,
29575,700242,trey sweeney,Trey Sweeney ,DET,SS,hitter,SS,SS,14.000,5.000,,,-2.094,-0.311,1.783,1.783,,,0.000,0.500,0.000,0.000,Low,STABLE,Stable,1.783,,,,,,,,,,,,,
19262,641658,garrett hampson,Garrett Hampson ,CIN,2B/SS/OF,hitter,2B/SS/OF,2B/SS/OF,14.000,5.000,,,-2.094,-0.311,1.783,1.783,,,0.000,0.500,0.000,0.000,Low,STABLE,Stable,1.783,,,,,,,,,,,,,
27464,693307,dillon dingler,Dillon Dingler ,DET,C/DH,hitter,C,C/DH,429.000,348.000,,,1.000,0.576,-0.424,-0.424,8.966,8.389,1.656,0.639,0.547,0.987,High,STABLE,Stable,1.779,148.000,,,,,115.521,0.400,,,,0.397,,20.900
24488,680474,max schuemann,Max Schuemann ,NYY,2B/3B/SS/OF,hitter,2B/3B/SS/OF,2B/3B/SS/OF,21.000,36.000,,,-2.196,-0.418,1.778,1.778,1.012,1.430,0.000,0.500,0.000,0.000,Low,STABLE,Stable,1.778,,,,,,,,,,,,,
24617,680776,jarren duran,Jarren Duran ,BOS,OF/DH,hitter,OF,OF/DH,602.000,456.000,,,16.625,19.735,3.109,3.109,-10.813,-30.548,0.000,0.167,-1.332,1.000,High,STABLE,Stable,1.778,158.000,,,,,48.410,0.285,,,,0.285,,33.600
23813,678218,brandon valenzuela,Brandon Valenzuela ,TOR,C,hitter,C,C,13.000,89.000,,,-3.393,-1.475,1.918,1.918,1.407,2.881,0.161,0.331,-0.315,0.467,Medium,STABLE,Stable,1.764,70.000,,,,,104.589,0.322,,,,0.322,,29.000
25971,682634,kevin alcantara,Kevin Alcántara ,CHC,OF,hitter,OF,OF,21.000,26.000,,,-3.401,-1.644,1.757,1.757,,,0.000,0.500,0.000,0.000,Low,STABLE,Stable,1.757,,,,,,,,,,,,,
31261,688297,chris roycroft,Chris Roycroft ,STL,RP,pitcher,RP,RP,,,52.000,30.000,-9.424,-7.673,1.751,1.751,-8.798,-1.125,0.000,0.500,0.000,0.000,Low,STABLE_RP,Stable,1.751,,,,,,,,,,,,,
sa3005744,678577,junior perez,Junior Perez ,ATH,OF,hitter,OF,OF,28.000,5.000,,,-3.600,-1.856,1.744,1.744,,,0.000,0.500,0.000,0.000,Low,STABLE,Stable,1.744,,,,,,,,,,,,,
22266,669364,xavier edwards,Xavier Edwards ,MIA,2B/SS,hitter,2B/SS,2B/SS,602.000,442.000,,,3.948,3.040,-0.908,-0.908,29.739,26.698,2.400,0.559,0.236,1.000,High,STABLE,"Banked Production, Projection Skeptical",1.727,181.000,,,,,153.089,0.361,,,,0.359,,15.800
27963,691185,maximo acosta,Maximo Acosta ,MIA,2B/3B/SS,hitter,2B/3B/SS,2B/3B/SS,56.000,15.000,,,-2.072,-0.357,1.715,1.715,,,0.000,0.500,0.000,0.000,Low,STABLE,Stable,1.715,,,,,,,,,,,,,
20958,660710,rodolfo duran,Rodolfo Durán ,SDP,C,hitter,C,C,6.000,33.000,,,-3.290,-1.597,1.694,1.694,-5.997,-4.400,0.000,0.500,0.000,0.000,Low,STABLE,Stable,1.694,,,,,,,,,,,,,
23442,676679,luis vazquez,Luis Vázquez ,BAL,3B/SS,hitter,3B/SS,3B/SS,14.000,10.000,,,-2.094,-0.407,1.687,1.687,,,0.000,0.500,0.000,0.000,Low,STABLE,Stable,1.687,,,,,,,,,,,,,
27787,694361,will klein,Will Klein ,LAD,RP,pitcher,RP,RP,,,58.000,41.000,-1.666,-0.657,1.009,1.009,0.219,0.876,0.141,0.665,0.531,0.805,High,STABLE_RP,Stable,1.681,,12.000,16.100,0.000,0.000,,,2.832,2.127,3.417,,,
20536,660644,vidal brujan,Vidal Bruján ,NYM,3B/SS/OF,hitter,3B/SS/OF,3B/SS/OF,35.000,36.000,,,-2.170,-0.491,1.679,1.679,0.024,0.514,0.000,0.500,0.000,0.000,Low,STABLE,Stable,1.679,,,,,,,,,,,,,
19197,669257,will smith,Will Smith ,LAD,C,hitter,C,C,500.000,311.000,,,13.824,15.656,1.832,1.832,-1.006,-16.662,0.000,0.454,-0.166,0.907,High,STABLE,Stable,1.666,136.000,,,,,94.734,0.364,,,,0.364,,16.700
22239,669236,jeremiah jackson,Jeremiah Jackson ,BAL,2B/3B/OF,hitter,3B/OF,2B/3B/OF,203.000,224.000,,,-6.609,-3.824,2.785,2.785,-0.875,2.949,0.319,0.099,-1.442,0.900,High,STABLE,Stable,1.661,135.000,,,,,82.008,0.276,,,,0.276,,28.300
27962,691182,adael amador,Adael Amador ,COL,2B,hitter,2B,2B,63.000,41.000,,,-0.986,0.673,1.659,1.659,,,0.000,0.500,0.000,0.000,Low,STABLE,Stable,1.659,,,,,,,,,,,,,
26693,682877,juan brito,Juan Brito ,CLE,2B,hitter,2B,2B,98.000,25.000,,,-2.809,-0.488,2.322,2.322,-6.491,-6.004,0.000,0.043,-0.683,0.373,Medium,STABLE,Stable,1.639,56.000,,,,,45.423,0.257,,,,0.257,,32.500
21797,665953,andres chaparro,Andrés Chaparro ,WSN,1B,hitter,1B,1B,259.000,67.000,,,-4.356,-2.724,1.631,1.631,-2.350,0.374,0.000,0.500,0.000,0.000,Low,STABLE,Stable,1.631,,,,,,,,,,,,,
22184,668901,mark vientos,Mark Vientos ,NYM,1B/3B/DH,hitter,3B/DH,1B/3B/DH,441.000,363.000,,,1.176,2.969,1.793,1.793,1.000,-1.969,0.000,0.448,-0.172,0.833,High,STABLE,Stable,1.620,125.000,,,,,99.333,0.362,,,,0.362,,28.500
16350,621366,ryan borucki,Ryan Borucki ,SFG,RP,pitcher,RP,RP,,,54.000,38.000,-6.560,-3.992,2.568,2.568,-5.624,-1.632,0.000,0.149,-0.983,0.700,Medium,STABLE_RP,Stable,1.584,,15.000,14.000,0.000,0.000,,,3.944,4.821,4.569,,,
31793,689041,rhylan thomas,Rhylan Thomas ,HOU,OF,hitter,OF,OF,7.000,15.000,,,-3.823,-2.247,1.576,1.576,,,0.000,0.500,0.000,0.000,Low,STABLE,Stable,1.576,,,,,,,,,,,,,
sa3017626,695490,edwin arroyo,Edwin Arroyo ,CIN,SS,hitter,SS,SS,21.000,98.000,,,-2.225,-0.651,1.574,1.574,,,0.000,0.500,0.000,0.000,Low,STABLE,Stable,1.574,,,,,,,,,,,,,
27853,670245,ryan watson,Ryan Watson ,BOS,RP,pitcher,RP,RP,,,42.000,34.000,-11.446,-8.002,3.444,3.444,-7.518,0.485,0.058,0.014,-1.945,1.000,High,STABLE_RP,Stable,1.557,,15.000,23.200,0.000,0.000,,,7.193,5.811,4.845,,,
35376,804606,konnor griffin,Konnor Griffin ,PIT,SS,hitter,SS,SS,469.000,447.000,,,6.139,8.719,2.580,2.580,8.648,-0.071,0.000,0.241,-1.024,0.987,High,STABLE,Stable,1.556,148.000,,,,,95.828,0.321,,,,0.321,,35.100
18323,622250,josh sborz,Josh Sborz ,TEX,RP,pitcher,RP,RP,,,50.000,26.000,-8.977,-7.424,1.553,1.553,,,0.000,0.500,0.000,0.000,Low,STABLE_RP,Stable,1.553,,,,,,,,,,,,,
17312,657006,justin steele,Justin Steele ,CHC,SP,pitcher,SP,SP,,,79.000,52.000,5.322,6.874,1.552,1.552,,,0.000,0.500,0.000,0.000,Low,STABLE,Stable,1.552,,,,,,,,,,,,,
27626,679358,eric orze,Eric Orze ,MIN,RP,pitcher,RP,RP,,,60.000,46.000,-1.683,0.566,2.249,2.249,0.455,-0.111,0.000,0.316,-0.698,0.950,High,STABLE_RP,Stable,1.551,,17.000,19.000,0.000,1.000,,,3.512,3.159,4.786,,,
19864,656180,riley adams,Riley Adams ,WSN,C,hitter,C,C,19.000,5.000,,,-2.431,-0.904,1.527,1.527,,,0.000,0.500,0.000,0.000,Low,STABLE,Stable,1.527,,,,,,,,,,,,,
29704,690924,braxton fulford,Braxton Fulford ,COL,C/DH,hitter,C/DH,C/DH,64.000,28.000,,,-1.572,-0.048,1.524,1.524,1.000,1.048,0.000,0.500,0.000,0.000,Low,STABLE,Stable,1.524,,,,,,,,,,,,,
29812,688107,robert gasser,Robert Gasser ,MIL,SP,pitcher,SP,SP,,,75.000,36.000,2.199,3.720,1.522,1.522,,,0.000,0.500,0.000,0.000,Low,STABLE,Stable,1.522,,,,,,,,,,,,,
sa3022894,805805,walker jenkins,Walker Jenkins ,MIN,OF,hitter,OF,OF,35.000,31.000,,,-2.912,-1.395,1.517,1.517,,,0.000,0.500,0.000,0.000,Low,STABLE,Stable,1.517,,,,,,,,,,,,,
17130,628452,raisel iglesias,Raisel Iglesias ,ATL,RP,pitcher,RP,RP,,,66.000,48.000,10.185,11.688,1.503,1.503,4.154,-7.534,0.000,0.500,0.000,0.000,Low,STABLE_RP,Stable,1.503,,,,,,,,,,,,,
sa3020194,681371,dom keegan,Dom Keegan ,TBR,C,hitter,C,C,64.000,19.000,,,-2.681,-1.205,1.476,1.476,,,0.000,0.500,0.000,0.000,Low,STABLE,Stable,1.476,,,,,,,,,,,,,
18015,657557,paul dejong,Paul DeJong ,DET,2B/3B/SS,hitter,2B/3B/SS,2B/3B/SS,21.000,10.000,,,-1.859,-0.407,1.452,1.452,,,0.000,0.500,0.000,0.000,Low,STABLE,Stable,1.452,,,,,,,,,,,,,
15256,642121,cole sulser,Cole Sulser ,TBR,RP,pitcher,RP,RP,,,56.000,40.000,-5.382,-2.995,2.387,2.387,-36.666,-33.671,0.000,0.265,-0.938,1.000,High,STABLE_RP,Stable,1.449,,17.000,20.000,0.000,2.000,,,3.797,3.456,4.773,,,
25690,687529,grant mccray,Grant McCray ,SFG,OF,hitter,OF,OF,28.000,15.000,,,-3.350,-1.902,1.447,1.447,,,0.000,0.500,0.000,0.000,Low,STABLE,Stable,1.447,,,,,,,,,,,,,
29949,672012,tyler black,Tyler Black ,MIL,DH,hitter,1B/OF,DH,14.000,5.000,,,-3.636,-2.201,1.435,1.435,1.193,3.394,0.000,0.500,0.000,0.000,Low,STABLE,Stable,1.435,,,,,,,,,,,,,
16939,657041,lane thomas,Lane Thomas ,KCR,OF,hitter,OF,OF,420.000,314.000,,,1.149,3.232,2.083,2.083,-4.191,-7.423,0.000,0.238,-0.656,0.627,Medium,STABLE,Stable,1.427,94.000,,,,,81.899,0.308,,,,0.308,,22.000
27770,691728,zac veen,Zac Veen ,COL,OF,hitter,OF,OF,119.000,72.000,,,-2.426,-1.004,1.422,1.422,,,0.000,0.500,0.000,0.000,Low,STABLE,Stable,1.422,,,,,,,,,,,,,
27577,669477,casey schmitt,Casey Schmitt ,SFG,1B/2B/3B/DH,hitter,1B/2B/3B,1B/2B/3B/DH,217.000,345.000,,,-3.057,-4.130,-1.073,-1.073,18.280,22.410,2.272,0.556,0.214,0.947,High,STABLE,"Banked Production, Projection Skeptical",1.412,142.000,,,,,137.466,0.356,,,,0.356,,22.100
25636,683769,hunter gaddis,Hunter Gaddis ,CLE,RP,pitcher,RP,RP,,,61.000,48.000,-1.314,0.094,1.407,1.407,-6.547,-6.641,0.000,0.500,0.000,0.000,Low,STABLE_RP,Stable,1.407,,,,,,,,,,,,,
12144,596146,max kepler,Max Kepler ,,OF,hitter,OF,OF,126.000,77.000,,,-1.622,-0.228,1.394,1.394,,,0.000,0.500,0.000,0.000,Low,STABLE,Stable,1.394,,,,,,,,,,,,,
20321,656413,stuart fairchild,Stuart Fairchild ,CLE,OF/DH,hitter,OF/DH,OF/DH,28.000,5.000,,,-3.060,-1.674,1.386,1.386,,,0.000,0.500,0.000,0.000,Low,STABLE,Stable,1.386,,,,,,,,,,,,,
33666,813349,connelly early,Connelly Early ,BOS,SP,pitcher,SP,SP,,,73.000,89.000,4.677,6.087,1.410,1.410,14.985,8.897,1.068,0.223,-1.107,1.000,High,STABLE_SP,Stable,1.371,,8.000,42.200,8.000,0.000,,,4.690,4.348,4.307,,0.341,21.500
15689,622491,luis castillo,Luis Castillo ,SEA,SP,pitcher,SP,SP,,,178.000,113.000,7.249,9.863,2.614,2.614,5.974,-3.889,0.000,0.171,-1.254,0.953,High,STABLE_SP,Stable,1.360,,8.000,38.100,8.000,0.000,,,5.739,4.541,4.339,,0.372,25.200
18900,665750,leody taveras,Leody Taveras ,BAL,OF,hitter,OF,OF,77.000,163.000,,,-3.460,-1.970,1.489,1.489,3.404,5.374,0.512,0.298,-0.642,0.793,High,STABLE,Stable,1.359,119.000,,,,,110.509,0.330,,,,0.330,,24.900
22558,672284,jarred kelenic,Jarred Kelenic ,CHW,OF,hitter,OF,OF,42.000,93.000,,,-3.680,-2.336,1.344,1.344,-0.615,1.721,0.000,0.500,0.000,0.000,Low,STABLE,Stable,1.344,,,,,,,,,,,,,
20422,663558,jovani moran,Jovani Morán ,BOS,RP,pitcher,RP,RP,,,52.000,39.000,-6.577,-3.989,2.588,2.588,-43.592,-39.603,0.000,0.188,-1.246,1.000,High,STABLE_RP,Stable,1.342,,11.000,20.200,0.000,0.000,,,3.284,4.606,5.252,,,
18795,602104,ramon urias,Ramón Urías ,STL,1B/2B/3B,hitter,2B/3B,1B/2B/3B,315.000,187.000,,,-0.559,1.214,1.772,1.772,-3.554,-4.768,0.000,0.262,-0.432,0.453,Medium,STABLE,Stable,1.340,68.000,,,,,75.346,0.307,,,,0.307,,23.500
sa3023407,687273,quinn mathews,Quinn Mathews ,STL,SP,pitcher,SP,SP,,,40.000,42.000,-2.210,-0.880,1.331,1.331,,,0.000,0.500,0.000,0.000,Low,STABLE,Stable,1.331,,,,,,,,,,,,,
19361,669203,corbin burnes,Corbin Burnes ,ARI,SP,pitcher,SP,SP,,,42.000,30.000,4.370,5.696,1.325,1.325,,,0.000,0.500,0.000,0.000,Low,STABLE,Stable,1.325,,,,,,,,,,,,,
11680,553869,elias diaz,Elias Díaz ,KCR,C,hitter,C,C,13.000,38.000,,,-2.853,-1.529,1.324,1.324,-1.068,0.461,0.000,0.500,0.000,0.000,Low,STABLE,Stable,1.324,,,,,,,,,,,,,
29911,671096,andrew abbott,Andrew Abbott ,CIN,SP,pitcher,SP,SP,,,167.000,123.000,-11.360,-11.313,0.047,0.047,9.032,20.345,2.400,0.219,-1.125,1.000,High,STABLE_SP,"Banked Production, Projection Skeptical",1.322,,9.000,46.100,9.000,0.000,,,4.729,4.380,4.614,,0.342,21.600
31792,805249,otto kemp,Otto Kemp ,PHI,1B/3B/OF,hitter,1B/3B/OF,1B/3B/OF,231.000,46.000,,,-4.271,-2.954,1.317,1.317,-8.128,-5.175,0.000,0.500,0.000,0.000,Low,STABLE,Stable,1.317,,,,,,,,,,,,,
27630,679845,nick loftin,Nick Loftin ,KCR,1B/2B/3B/OF,hitter,1B/2B/3B/OF,1B/2B/3B/OF,112.000,118.000,,,-2.156,-0.918,1.238,1.238,2.748,3.666,0.164,0.438,-0.093,0.373,Medium,STABLE,Stable,1.309,56.000,,,,,116.844,0.343,,,,0.343,,8.600
sa3014420,669360,trei cruz,Trei Cruz ,DET,SS,hitter,SS,SS,14.000,10.000,,,-1.708,-0.407,1.302,1.302,,,0.000,0.500,0.000,0.000,Low,STABLE,Stable,1.302,,,,,,,,,,,,,
16943,656794,sean newcomb,Sean Newcomb ,CHW,RP,pitcher,RP,RP,,,66.000,49.000,0.914,1.646,0.732,0.732,2.555,0.909,0.182,0.596,0.384,1.000,High,STABLE_RP,Stable,1.297,,18.000,23.200,0.000,0.000,,,3.168,2.430,3.499,,,
27465,679529,spencer torkelson,Spencer Torkelson ,DET,1B/DH,hitter,1B/DH,1B/DH,637.000,478.000,,,9.852,11.261,1.409,1.409,2.687,-8.575,0.000,0.472,-0.112,1.000,High,STABLE,Stable,1.297,165.000,,,,,102.030,0.348,,,,0.348,,26.900
25376,683232,nick mears,Nick Mears ,KCR,RP,pitcher,RP,RP,,,60.000,43.000,-4.840,-2.667,2.173,2.173,-1.425,1.242,0.106,0.151,-0.990,0.710,Medium,STABLE_RP,Stable,1.289,,17.000,14.200,0.000,0.000,,,5.708,3.924,4.379,,,
21455,663460,kris bubic,Kris Bubic ,KCR,SP,pitcher,SP,SP,,,147.000,120.000,6.009,5.539,-0.470,-0.470,22.824,17.285,2.074,0.419,-0.323,1.000,High,STABLE_SP,"Banked Production, Projection Skeptical",1.280,,8.000,46.100,8.000,0.000,,,3.958,3.473,4.057,,0.316,27.400
9777,571448,nolan arenado,Nolan Arenado ,ARI,3B/DH,hitter,3B,3B/DH,609.000,451.000,,,-8.124,-8.062,0.062,0.062,9.927,17.989,2.144,0.263,-0.942,0.993,High,STABLE,"Banked Production, Projection Skeptical",1.264,149.000,,,,,118.155,0.317,,,,0.317,,25.000
17780,621237,jose alvarado,José Alvarado ,PHI,RP,pitcher,RP,RP,,,64.000,46.000,4.810,5.646,0.836,0.836,-0.420,-6.066,0.000,0.649,0.416,0.700,Medium,STABLE_RP,Stable,1.251,,19.000,14.000,0.000,0.000,,,3.038,2.535,3.639,,,
31893,702281,robby snelling,Robby Snelling ,MIA,SP,pitcher,SP,SP,,,94.000,48.000,1.788,3.032,1.244,1.244,1.192,-1.840,0.000,0.500,0.000,0.000,Low,STABLE,Stable,1.244,,,,,,,,,,,,,
33549,691019,kyle teel,Kyle Teel ,CHW,C/DH,hitter,C/DH,C/DH,374.000,262.000,,,0.900,2.137,1.236,1.236,,,0.000,0.500,0.000,0.000,Low,STABLE,Stable,1.236,,,,,,,,,,,,,
18872,663330,jahmai jones,Jahmai Jones ,DET,OF/DH,hitter,OF/DH,OF/DH,140.000,108.000,,,-0.767,0.554,1.321,1.321,-5.916,-6.471,0.000,0.428,-0.101,0.353,Medium,STABLE,Stable,1.220,53.000,,,,,55.252,0.341,,,,0.341,,29.000
sa3025257,809707,charlie condon,Charlie Condon ,COL,1B/OF,hitter,1B/OF,1B/OF,126.000,108.000,,,-3.676,-2.460,1.216,1.216,,,0.000,0.500,0.000,0.000,Low,STABLE,Stable,1.216,,,,,,,,,,,,,
23301,676083,janson junk,Janson Junk ,MIA,SP,pitcher,SP,SP,,,91.000,106.000,-3.170,-2.063,1.107,1.107,3.787,5.850,0.702,0.347,-0.614,1.000,High,STABLE_SP,Stable,1.195,,8.000,44.100,8.000,0.000,,,3.871,3.535,3.915,,0.311,19.900
sa3020203,688460,josh kasevich,Josh Kasevich ,TOR,SS,hitter,SS,SS,7.000,15.000,,,-1.895,-0.702,1.193,1.193,,,0.000,0.500,0.000,0.000,Low,STABLE,Stable,1.193,,,,,,,,,,,,,
12856,543807,george springer,George Springer ,TOR,OF/DH,hitter,OF/DH,OF/DH,595.000,452.000,,,14.754,16.775,2.021,2.021,-5.931,-22.706,0.000,0.209,-0.829,0.713,Medium,STABLE,Stable,1.192,107.000,,,,,76.192,0.287,,,,0.287,,24.100
26438,686527,dominic canzone,Dominic Canzone ,SEA,OF/DH,hitter,OF/DH,OF/DH,420.000,296.000,,,2.007,2.662,0.654,0.654,7.277,4.615,0.365,0.565,0.171,0.660,Medium,STABLE,Stable,1.191,99.000,,,,,125.684,0.362,,,,0.362,,32.600
20039,670970,adrian morejon,Adrian Morejon ,SDP,RP,pitcher,RP,RP,,,68.000,50.000,8.594,8.619,0.025,0.025,2.596,-6.024,0.000,0.790,1.158,1.000,High,STABLE_RP,Stable,1.183,,18.000,21.000,0.000,1.000,,,3.156,2.725,2.089,,,
15947,592773,ryne stanek,Ryne Stanek ,STL,RP,pitcher,RP,RP,,,60.000,45.000,-1.572,0.164,1.736,1.736,0.370,0.206,0.022,0.339,-0.579,0.900,High,STABLE_RP,Stable,1.179,,20.000,18.000,0.000,1.000,,,3.977,3.495,4.256,,,
16835,657514,brennan bernardino,Brennan Bernardino ,COL,RP,pitcher,RP,RP,,,58.000,38.000,-7.497,-6.919,0.578,0.578,-40.720,-33.801,0.000,0.707,0.589,0.710,Medium,STABLE_RP,Stable,1.167,,17.000,14.200,0.000,0.000,,,2.854,2.084,2.946,,,
28816,694203,denzer guzman,Denzer Guzman ,LAA,SS,hitter,SS,SS,21.000,10.000,,,-1.570,-0.407,1.163,1.163,,,0.000,0.500,0.000,0.000,Low,STABLE,Stable,1.163,,,,,,,,,,,,,
31583,805904,zach cole,Zach Cole ,HOU,OF,hitter,OF,OF,322.000,245.000,,,-1.368,-0.207,1.161,1.161,3.737,3.944,0.000,0.500,0.000,0.000,Low,STABLE,Stable,1.161,,,,,,,,,,,,,
33927,691799,grant taylor,Grant Taylor ,CHW,SP/RP,pitcher,SP/RP,SP/RP,,,92.000,71.000,22.888,23.334,0.446,0.446,3.141,-20.193,0.000,0.931,0.694,0.403,Medium,STABLE,Stable,1.140,,12.000,16.100,0.000,0.000,,,2.597,1.270,2.216,,,
27497,682997,tyler callihan,Tyler Callihan ,PIT,2B/OF,hitter,2B/OF,2B/OF,35.000,26.000,,,-2.176,-1.055,1.121,1.121,,,0.000,0.500,0.000,0.000,Low,STABLE,Stable,1.121,,,,,,,,,,,,,
22197,669004,mj melendez,MJ Melendez ,NYM,OF/DH,hitter,OF,OF/DH,28.000,150.000,,,-3.350,-2.418,0.931,0.931,3.768,6.186,0.292,0.434,-0.104,0.393,Medium,STABLE,Stable,1.120,59.000,,,,,133.905,0.283,,,,0.283,,36.500
27684,686681,michael massey,Michael Massey ,KCR,2B/OF,hitter,2B/OF,2B/OF,252.000,370.000,,,-1.728,-0.142,1.586,1.586,1.369,1.511,0.098,0.235,-0.572,0.540,Medium,STABLE,Stable,1.112,81.000,,,,,79.452,0.292,,,,0.292,,26.400
sa3017167,695508,cameron cauley,Cameron Cauley ,TEX,2B/SS,hitter,2B/SS,2B/SS,21.000,31.000,,,-1.676,-0.577,1.099,1.099,,,0.000,0.500,0.000,0.000,Low,STABLE,Stable,1.099,,,,,,,,,,,,,
27690,686894,joey wiemer,Joey Wiemer ,WSN,OF,hitter,OF,OF,147.000,165.000,,,-4.292,-3.904,0.387,0.387,11.966,15.871,0.952,0.374,-0.252,0.500,Medium,STABLE,"Banked Production, Projection Skeptical",1.087,75.000,,,,,157.201,0.306,,,,0.306,,32.800
33280,694728,brice matthews,Brice Matthews ,HOU,2B/OF,hitter,2B,2B/OF,63.000,178.000,,,-1.882,0.202,2.084,2.084,-0.417,-0.619,0.000,0.148,-1.015,0.720,Medium,STABLE,Stable,1.070,108.000,,,,,79.255,0.277,,,,0.277,,38.500
30074,681217,chase silseth,Chase Silseth ,LAA,RP,pitcher,RP,RP,,,62.000,44.000,-3.876,-1.798,2.079,2.079,-3.347,-1.549,0.000,0.137,-1.023,0.705,Medium,STABLE_RP,Stable,1.055,,18.000,14.100,0.000,0.000,,,3.892,4.571,5.135,,,
sa3022561,694371,tommy troy,Tommy Troy ,ARI,2B/SS,hitter,2B/SS,2B/SS,49.000,16.000,,,-1.941,-0.888,1.053,1.053,,,0.000,0.500,0.000,0.000,Low,STABLE,Stable,1.053,,,,,,,,,,,,,
19892,656976,pavin smith,Pavin Smith ,ARI,1B/DH,hitter,1B/DH,1B/DH,455.000,150.000,,,-2.954,-1.910,1.044,1.044,-2.526,-0.616,0.000,0.500,0.000,0.000,Low,STABLE,Stable,1.044,,,,,,,,,,,,,
23733,677649,ezequiel duran,Ezequiel Duran ,TEX,1B/2B/3B/SS/OF,hitter,1B/2B/3B/SS/OF,1B/2B/3B/SS/OF,245.000,319.000,,,-0.839,-1.129,-0.291,-0.291,16.193,17.322,1.607,0.409,-0.282,0.773,High,STABLE,"Banked Production, Projection Skeptical",1.035,116.000,,,,,137.893,0.322,,,,0.322,,31.100
25007,681911,alex vesia,Alex Vesia ,LAD,RP,pitcher,RP,RP,,,61.000,46.000,3.443,4.085,0.643,0.643,1.561,-2.524,0.000,0.639,0.364,0.655,Medium,STABLE_RP,Stable,1.007,,17.000,13.100,0.000,2.000,,,2.965,2.131,3.817,,,
18564,663757,trent grisham,Trent Grisham ,NYY,OF,hitter,OF,OF,546.000,393.000,,,8.713,9.403,0.690,0.690,0.952,-8.451,0.000,0.576,0.303,1.000,High,STABLE,Stable,0.993,167.000,,,,,94.509,0.353,,,,0.353,,17.700
10324,542303,marcell ozuna,Marcell Ozuna ,PIT,DH,hitter,DH,DH,525.000,360.000,,,3.280,5.361,2.082,2.082,-10.550,-15.911,0.000,0.228,-1.090,1.000,High,STABLE,Stable,0.992,153.000,,,,,65.405,0.317,,,,0.317,,28.200
sa3022609,805795,aidan miller,Aidan Miller ,PHI,SS,hitter,SS,SS,42.000,21.000,,,-1.617,-0.639,0.978,0.978,,,0.000,0.500,0.000,0.000,Low,STABLE,Stable,0.978,,,,,,,,,,,,,
15711,641933,tyler o neill,Tyler O'Neill ,BAL,OF/DH,hitter,OF/DH,OF/DH,434.000,377.000,,,8.300,9.950,1.650,1.650,-6.057,-16.006,0.000,0.164,-0.672,0.500,Medium,STABLE,Stable,0.978,75.000,,,,,73.059,0.288,,,,0.288,,32.500
19599,676801,chas mccormick,Chas McCormick ,CHC,OF,hitter,OF,OF,21.000,15.000,,,-3.218,-2.247,0.971,0.971,,,0.000,0.500,0.000,0.000,Low,STABLE,Stable,0.971,,,,,,,,,,,,,
18679,642547,freddy peralta,Freddy Peralta ,NYM,SP,pitcher,SP,SP,,,163.000,127.000,11.491,11.443,-0.048,-0.048,20.209,8.766,1.052,0.487,-0.051,1.000,High,STABLE_SP,Stable,0.953,,9.000,49.100,9.000,0.000,,,3.553,3.674,3.695,,0.301,27.800
27500,677944,slade cecconi,Slade Cecconi ,CLE,SP,pitcher,SP,SP,,,152.000,104.000,-4.755,-3.405,1.350,1.350,4.021,7.426,0.891,0.178,-1.290,1.000,High,STABLE_SP,Stable,0.952,,9.000,45.000,9.000,0.000,,,5.177,5.062,4.437,,0.356,20.800
21454,663457,lars nootbaar,Lars Nootbaar ,STL,OF,hitter,OF,OF,497.000,270.000,,,4.177,5.125,0.948,0.948,,,0.000,0.500,0.000,0.000,Low,STABLE,Stable,0.948,,,,,,,,,,,,,
20437,668904,royce lewis,Royce Lewis ,MIN,3B/DH,hitter,3B/DH,3B/DH,574.000,391.000,,,5.321,6.997,1.676,1.676,-7.332,-14.329,0.000,0.234,-0.738,0.693,Medium,STABLE,Stable,0.938,104.000,,,,,62.699,0.295,,,,0.295,,37.300
25477,686555,isaac collins,Isaac Collins ,KCR,OF,hitter,OF,OF,448.000,345.000,,,3.660,5.395,1.734,1.734,1.192,-4.202,0.000,0.279,-0.800,0.907,High,STABLE,Stable,0.934,136.000,,,,,100.546,0.305,,,,0.305,,25.900
18126,664774,lamonte wade jr,LaMonte Wade Jr. ,CHW,1B/OF,hitter,1B/OF,1B/OF,70.000,10.000,,,-2.885,-1.952,0.933,0.933,,,0.000,0.500,0.000,0.000,Low,STABLE,Stable,0.933,,,,,,,,,,,,,
22286,669432,trevor rogers,Trevor Rogers ,BAL,SP,pitcher,SP,SP,,,150.000,116.000,-4.429,-4.055,0.373,0.373,6.233,10.288,1.052,0.348,-0.520,0.853,High,STABLE_SP,Stable,0.906,,7.000,34.100,7.000,0.000,,,4.130,4.475,4.546,,0.322,27.200
21746,665877,jose fermin,José Fermín ,STL,2B/3B/OF,hitter,2B/3B/OF,2B/3B/OF,175.000,161.000,,,-0.948,-0.046,0.902,0.902,1.276,1.322,0.000,0.500,0.000,0.000,Low,STABLE,Stable,0.902,,,,,,,,,,,,,
22664,672515,gabriel moreno,Gabriel Moreno ,ARI,C/DH,hitter,C/DH,C/DH,443.000,319.000,,,7.832,9.154,1.322,1.322,-5.398,-14.552,0.000,0.300,-0.438,0.547,Medium,STABLE,Stable,0.884,82.000,,,,,67.801,0.325,,,,0.325,,23.000
21626,665052,griffin conine,Griffin Conine ,MIA,OF,hitter,OF,OF,399.000,195.000,,,0.657,1.532,0.875,0.875,4.873,3.341,0.000,0.500,0.000,0.000,Low,STABLE,Stable,0.875,,,,,,,,,,,,,
27915,696030,alejandro osuna,Alejandro Osuna ,TEX,OF/DH,hitter,OF/DH,OF/DH,56.000,103.000,,,-3.702,-2.836,0.865,0.865,0.613,3.449,0.000,0.500,0.000,0.000,Low,STABLE,Stable,0.865,,,,,,,,,,,,,
31665,690976,alex freeland,Alex Freeland ,LAD,2B/3B,hitter,2B/3B,2B/3B,161.000,51.000,,,-1.524,0.336,1.860,1.860,-2.056,-2.393,0.000,0.161,-1.013,0.747,Medium,STABLE,Stable,0.847,112.000,,,,,85.835,0.292,,,,0.292,,29.400
21390,657746,joe ryan,Joe Ryan ,MIN,SP,pitcher,SP,SP,,,168.000,123.000,15.430,16.266,0.836,0.836,7.938,-8.328,0.000,0.502,0.007,1.000,High,STABLE_SP,Stable,0.844,,9.000,44.200,9.000,0.000,,,3.276,3.039,3.896,,0.289,24.200
18821,640492,jose azocar,José Azocar ,ATL,OF,hitter,OF,OF,7.000,21.000,,,-3.727,-2.910,0.816,0.816,-1.819,1.092,0.000,0.500,0.000,0.000,Low,STABLE,Stable,0.816,,,,,,,,,,,,,
22530,671286,johnathan rodriguez,Johnathan Rodríguez ,BAL,OF,hitter,OF,OF,56.000,10.000,,,-2.738,-1.952,0.786,0.786,-3.416,-1.464,0.000,0.500,0.000,0.000,Low,STABLE,Stable,0.786,,,,,,,,,,,,,
24336,679032,johan rojas,Johan Rojas ,PHI,OF,hitter,OF,OF,70.000,31.000,,,-3.251,-2.466,0.785,0.785,,,0.000,0.500,0.000,0.000,Low,STABLE,Stable,0.785,,,,,,,,,,,,,
31562,701305,zach dezenzo,Zach Dezenzo ,HOU,OF/DH,hitter,OF/DH,OF/DH,98.000,76.000,,,-3.073,-2.294,0.779,0.779,-0.368,1.926,0.000,0.500,0.000,0.000,Low,STABLE,Stable,0.779,,,,,,,,,,,,,
19296,669743,alex call,Alex Call ,LAD,OF/DH,hitter,OF/DH,OF/DH,154.000,93.000,,,-3.064,-2.336,0.728,0.728,3.300,5.636,0.234,0.340,-0.222,0.347,Low,STABLE,Stable,0.740,52.000,,,,,139.676,0.313,,,,0.313,,9.500
17998,664126,pete fairbanks,Pete Fairbanks ,MIA,RP,pitcher,RP,RP,,,62.000,45.000,10.074,10.813,0.740,0.740,-39.878,-50.691,0.000,0.500,0.000,0.000,Low,STABLE_RP,Stable,0.740,,,,,,,,,,,,,
26365,676356,jonny deluca,Jonny DeLuca ,TBR,OF,hitter,OF,OF,301.000,301.000,,,-0.772,0.278,1.050,1.050,6.719,6.441,0.510,0.180,-0.845,0.660,Medium,STABLE,Stable,0.715,99.000,,,,,109.916,0.300,,,,0.300,,25.500
28848,695020,tanner murray,Tanner Murray ,CHW,OF,hitter,OF,OF,56.000,47.000,,,-4.290,-3.576,0.714,0.714,-2.946,0.630,0.000,0.500,0.000,0.000,Low,STABLE,Stable,0.714,,,,,,,,,,,,,
17620,664702,myles straw,Myles Straw ,TOR,OF,hitter,OF,OF,182.000,113.000,,,-6.288,-6.078,0.210,0.210,4.853,10.932,0.700,0.404,-0.205,0.533,Medium,STABLE,Stable,0.704,80.000,,,,,124.026,0.351,,,,0.351,,12.300
13066,606192,teoscar hernandez,Teoscar Hernández ,LAD,OF,hitter,OF,OF,595.000,432.000,,,15.091,16.668,1.577,1.577,2.400,-14.268,0.000,0.278,-0.887,1.000,High,STABLE,Stable,0.689,154.000,,,,,98.606,0.314,,,,0.314,,30.400
28142,691373,jhostynxon garcia,Jhostynxon Garcia ,PIT,OF/DH,hitter,OF/DH,OF/DH,182.000,103.000,,,-3.165,-2.491,0.674,0.674,,,0.000,0.500,0.000,0.000,Low,STABLE,Stable,0.674,,,,,,,,,,,,,
21524,663698,joey bart,Joey Bart ,PIT,C/DH,hitter,C/DH,C/DH,282.000,155.000,,,-2.111,-0.854,1.257,1.257,-2.003,-1.148,0.000,0.130,-0.612,0.413,Medium,STABLE,Stable,0.645,62.000,,,,,85.326,0.256,,,,0.256,,27.400
29921,681293,spencer arrighetti,Spencer Arrighetti ,HOU,SP,pitcher,SP,SP,,,84.000,103.000,-1.680,-1.037,0.643,0.643,14.710,15.747,0.000,0.500,0.000,0.000,Low,STABLE,"Banked Production, Projection Skeptical",0.643,,,,,,,,,,,,,
sa3018421,703185,nelson rada,Nelson Rada ,LAA,OF,hitter,OF,OF,70.000,36.000,,,-4.003,-3.361,0.642,0.642,,,0.000,0.500,0.000,0.000,Low,STABLE,Stable,0.642,,,,,,,,,,,,,
23792,677950,alek thomas,Alek Thomas ,LAD,OF,hitter,OF,OF,420.000,31.000,,,-2.032,-0.578,1.454,1.454,-7.434,-6.856,0.000,0.194,-0.816,0.667,Medium,STABLE,Stable,0.638,100.000,,,,,53.799,0.292,,,,0.292,,26.700
23698,677595,ronny mauricio,Ronny Mauricio ,NYM,2B/3B/SS/DH,hitter,2B/3B/SS/DH,2B/3B/SS/DH,105.000,47.000,,,-0.601,0.021,0.623,0.623,-2.404,-2.425,0.000,0.500,0.000,0.000,Low,STABLE,Stable,0.623,,,,,,,,,,,,,
17611,664199,taylor clarke,Taylor Clarke ,ARI,RP,pitcher,RP,RP,,,61.000,46.000,-3.980,-3.785,0.195,0.195,2.865,6.650,0.762,0.412,-0.336,0.955,High,STABLE_RP,Stable,0.621,,19.000,19.100,0.000,0.000,,,2.885,3.468,4.031,,,
9132,543135,nathan eovaldi,Nathan Eovaldi ,TEX,SP,pitcher,SP,SP,,,174.000,121.000,14.224,15.329,1.106,1.106,10.869,-4.460,0.000,0.379,-0.484,1.000,High,STABLE_SP,Stable,0.621,,8.000,47.200,8.000,0.000,,,4.394,4.680,3.279,,0.331,30.700
22182,668881,hunter greene,Hunter Greene ,CIN,SP,pitcher,SP,SP,,,81.000,67.000,13.709,14.327,0.618,0.618,,,0.000,0.500,0.000,0.000,Low,STABLE,Stable,0.618,,,,,,,,,,,,,
18848,650968,yohel pozo,Yohel Pozo ,STL,C/1B/DH,hitter,C/1B,C/1B/DH,172.000,75.000,,,-1.983,-1.374,0.609,0.609,-7.901,-6.527,0.000,0.500,0.000,0.000,Low,STABLE,Stable,0.609,,,,,,,,,,,,,
29995,695734,daylen lile,Daylen Lile ,WSN,OF/DH,hitter,OF/DH,OF/DH,553.000,416.000,,,3.550,3.468,-0.082,-0.082,12.161,8.693,1.043,0.408,-0.367,1.000,High,STABLE,Stable,0.594,186.000,,,,,117.494,0.353,,,,0.353,,24.100
31838,673540,kodai senga,Kodai Senga ,NYM,SP,pitcher,SP,SP,,,133.000,71.000,3.571,4.158,0.586,0.586,-0.878,-5.036,0.000,0.500,0.000,0.000,Low,STABLE,Stable,0.586,,,,,,,,,,,,,
24492,680570,grayson rodriguez,Grayson Rodriguez ,LAA,SP,pitcher,SP,SP,,,113.000,76.000,13.461,14.047,0.586,0.586,,,0.000,0.500,0.000,0.000,Low,STABLE,Stable,0.586,,,,,,,,,,,,,
21489,663584,hayden senger,Hayden Senger ,NYM,C,hitter,C,C,6.000,38.000,,,-3.290,-2.709,0.581,0.581,,,0.000,0.500,0.000,0.000,Low,STABLE,Stable,0.581,,,,,,,,,,,,,
27494,690925,clayton beeter,Clayton Beeter ,WSN,RP,pitcher,RP,RP,,,63.000,41.000,6.229,6.803,0.574,0.574,-3.927,-10.730,0.000,0.500,0.000,0.000,Low,STABLE_RP,Stable,0.574,,,,,,,,,,,,,
19374,621111,walker buehler,Walker Buehler ,SDP,SP,pitcher,SP,SP,,,80.000,87.000,-10.056,-8.707,1.349,1.349,-36.792,-28.085,0.000,0.284,-0.781,0.903,High,STABLE_SP,Stable,0.568,,8.000,36.100,8.000,0.000,,,4.863,3.629,3.832,,0.346,19.600
21853,666181,will benson,Will Benson ,CIN,OF,hitter,OF,OF,315.000,247.000,,,2.089,2.834,0.745,0.745,-1.209,-4.043,0.000,0.411,-0.194,0.547,Medium,STABLE,Stable,0.551,82.000,,,,,89.139,0.345,,,,0.345,,32.900
23917,678391,jorbit vivas,Jorbit Vivas ,WSN,2B/3B,hitter,2B/3B,2B/3B,196.000,149.000,,,-4.089,-2.551,1.539,1.539,-4.358,-1.807,0.000,0.085,-0.996,0.600,Medium,STABLE,Stable,0.543,90.000,,,,,81.723,0.280,,,,0.280,,15.000
25779,686475,tyler tolbert,Tyler Tolbert ,KCR,2B/SS/OF,hitter,2B/SS/OF,2B/SS/OF,119.000,87.000,,,-2.956,-2.416,0.541,0.541,-0.300,2.116,0.000,0.500,0.000,0.000,Low,STABLE,Stable,0.541,,,,,,,,,,,,,
26106,668974,maverick handley,Maverick Handley ,BAL,C,hitter,C,C,6.000,14.000,,,-3.001,-2.471,0.530,0.530,,,0.000,0.500,0.000,0.000,Low,STABLE,Stable,0.530,,,,,,,,,,,,,
16814,657612,tim hill,Tim Hill ,NYY,RP,pitcher,RP,RP,,,66.000,47.000,-0.471,0.034,0.505,0.505,1.575,1.541,0.166,0.456,-0.160,0.900,High,STABLE_RP,Stable,0.511,,20.000,18.000,0.000,0.000,,,3.227,3.384,3.286,,,
sa3011267,687749,jase bowen,Jase Bowen ,SDP,OF,hitter,OF,OF,7.000,41.000,,,-4.266,-3.766,0.501,0.501,,,0.000,0.500,0.000,0.000,Low,STABLE,Stable,0.501,,,,,,,,,,,,,
16442,656811,ryan o hearn,Ryan O'Hearn ,PIT,1B/OF/DH,hitter,1B/OF/DH,1B/OF/DH,546.000,401.000,,,6.429,5.644,-0.785,-0.785,16.879,11.235,1.348,0.482,-0.072,1.000,High,STABLE,Stable,0.491,172.000,,,,,128.427,0.355,,,,0.355,,21.300
24878,681715,heriberto hernandez,Heriberto Hernández ,MIA,OF/DH,hitter,OF/DH,OF/DH,301.000,149.000,,,-0.781,0.110,0.892,0.892,-12.219,-12.329,0.000,0.314,-0.426,0.573,Medium,STABLE,Stable,0.465,86.000,,,,,42.033,0.322,,,,0.322,,26.700
10472,571771,enrique hernandez,Enrique Hernández ,LAD,1B/2B/3B/OF,hitter,1B/2B/3B/OF,1B/2B/3B/OF,168.000,149.000,,,-4.432,-3.967,0.464,0.464,,,0.000,0.500,0.000,0.000,Low,STABLE,Stable,0.464,,,,,,,,,,,,,
14111,606992,eric haase,Eric Haase ,SFG,C,hitter,C,C,13.000,94.000,,,-3.132,-2.678,0.454,0.454,4.357,7.035,0.000,0.500,0.000,0.000,Low,STABLE,Stable,0.454,,,,,,,,,,,,,
29837,682243,bryce miller,Bryce Miller ,SEA,SP,pitcher,SP,SP,,,141.000,102.000,5.891,6.331,0.439,0.439,1.740,-4.590,0.000,0.500,0.000,0.000,Low,STABLE,Stable,0.439,,,,,,,,,,,,,
13619,596001,jakob junis,Jakob Junis ,TEX,RP,pitcher,RP,RP,,,65.000,46.000,-1.769,-0.846,0.923,0.923,3.918,4.764,0.460,0.199,-0.968,0.805,High,STABLE_RP,Stable,0.415,,15.000,16.100,0.000,3.000,,,4.233,3.535,5.083,,,
25660,686823,will brennan,Will Brennan ,SFG,OF,hitter,OF,OF,112.000,26.000,,,-3.461,-3.061,0.400,0.400,-5.848,-2.787,0.000,0.500,0.000,0.000,Low,STABLE,Stable,0.400,,,,,,,,,,,,,
23920,678394,brayan bello,Brayan Bello ,BOS,SP,pitcher,SP,SP,,,150.000,105.000,-5.196,-3.477,1.719,1.719,-51.983,-48.505,0.000,0.161,-1.323,0.975,High,STABLE_SP,Stable,0.396,,8.000,39.000,6.000,0.000,,,6.288,5.593,4.332,,0.386,27.100
23565,676914,davis schneider,Davis Schneider ,TOR,2B/OF,hitter,2B/OF,2B/OF,322.000,237.000,,,1.206,1.973,0.767,0.767,-2.730,-4.703,0.000,0.306,-0.377,0.487,Medium,STABLE,Stable,0.390,73.000,,,,,78.316,0.302,,,,0.302,,28.400
23782,677870,leo jimenez,Leo Jiménez ,MIA,2B/3B,hitter,2B,2B/3B,77.000,129.000,,,-1.904,-1.532,0.372,0.372,1.225,2.757,0.000,0.500,0.000,0.000,Low,STABLE,Stable,0.372,,,,,,,,,,,,,
12927,607043,brandon nimmo,Brandon Nimmo ,TEX,OF/DH,hitter,OF,OF/DH,630.000,463.000,,,11.082,10.931,-0.151,-0.151,13.063,2.132,0.256,0.565,0.259,1.000,High,STABLE,Stable,0.364,181.000,,,,,122.442,0.371,,,,0.371,,23.400
29794,700932,kyle manzardo,Kyle Manzardo ,CLE,1B/DH,hitter,1B/DH,1B/DH,518.000,369.000,,,1.261,2.505,1.244,1.244,-10.951,-13.456,0.000,0.249,-0.889,0.887,High,STABLE,Stable,0.355,133.000,,,,,66.399,0.316,,,,0.314,,30.000
22532,671289,tyler freeman,Tyler Freeman ,COL,2B/OF/DH,hitter,2B/OF/DH,2B/OF/DH,280.000,242.000,,,2.345,3.602,1.257,1.257,1.000,-2.602,0.000,0.159,-0.920,0.673,Medium,STABLE,Stable,0.338,101.000,,,,,83.366,0.324,,,,0.324,,12.000
27467,691016,tyler soderstrom,Tyler Soderstrom ,ATH,1B/OF,hitter,1B/OF,1B/OF,581.000,446.000,,,12.934,13.716,0.782,0.782,0.841,-12.875,0.000,0.386,-0.458,1.000,High,STABLE,Stable,0.324,168.000,,,,,85.532,0.321,,,,0.321,,23.900
20503,661388,william contreras,William Contreras ,MIL,C/DH,hitter,C/DH,C/DH,610.000,453.000,,,17.067,17.486,0.419,0.419,8.910,-8.576,0.000,0.476,-0.096,1.000,High,STABLE,Stable,0.323,169.000,,,,,116.743,0.347,,,,0.347,,16.800
16432,656492,foster griffin,Foster Griffin ,WSN,SP,pitcher,SP,SP,,,148.000,111.000,0.819,-0.724,-1.543,-1.543,18.730,19.454,2.335,0.383,-0.470,1.000,High,STABLE_SP,"Banked Production, Projection Skeptical",0.322,,8.000,46.200,8.000,0.000,,,4.085,4.071,3.844,,0.319,24.300
27676,686469,vinnie pasquantino,Vinnie Pasquantino ,KCR,1B/DH,hitter,1B/DH,1B/DH,637.000,463.000,,,15.954,17.141,1.187,1.187,-3.847,-20.989,0.000,0.281,-0.874,1.000,High,STABLE,Stable,0.313,176.000,,,,,78.509,0.315,,,,0.315,,16.800
24770,681546,james outman,James Outman ,MIN,OF,hitter,OF,OF,210.000,144.000,,,-0.943,-0.647,0.296,0.296,-7.469,-6.821,0.000,0.500,0.000,0.000,Low,STABLE,Stable,0.296,,,,,,,,,,,,,
10243,545341,randal grichuk,Randal Grichuk ,CHW,OF/DH,hitter,OF/DH,OF/DH,140.000,67.000,,,-3.109,-2.815,0.295,0.295,-1.373,1.442,0.000,0.500,0.000,0.000,Low,STABLE,Stable,0.295,,,,,,,,,,,,,
21587,663967,cesar salazar,César Salazar ,HOU,C,hitter,C,C,19.000,56.000,,,-2.759,-2.502,0.257,0.257,-3.491,-0.989,0.000,0.500,0.000,0.000,Low,STABLE,Stable,0.257,,,,,,,,,,,,,
22186,668930,brice turang,Brice Turang ,MIL,2B,hitter,2B,2B,651.000,490.000,,,11.134,6.402,-4.732,-4.732,31.641,25.239,4.000,0.746,0.986,1.000,High,STABLE,"YTD Breakout, Projection Skeptical",0.254,171.000,,,,,161.202,0.406,,,,0.406,,17.300
33197,810938,ben williamson,Ben Williamson ,TBR,2B/3B/SS,hitter,3B,2B/3B/SS,266.000,280.000,,,-8.081,-8.230,-0.150,-0.150,3.931,12.161,1.226,0.254,-0.828,0.840,High,STABLE,Stable,0.248,126.000,,,,,99.807,0.314,,,,0.314,,16.500
17273,622761,jorge mateo,Jorge Mateo ,ATL,2B/SS/OF/DH,hitter,2B/SS/OF,2B/SS/OF/DH,147.000,67.000,,,-2.257,-2.123,0.134,0.134,5.445,7.568,0.351,0.341,-0.247,0.387,Medium,STABLE,Stable,0.239,58.000,,,,,126.002,0.309,,,,0.309,,33.100
20002,669369,bryce johnson,Bryce Johnson ,SDP,OF,hitter,OF,OF,140.000,73.000,,,-4.449,-4.223,0.227,0.227,-2.384,1.839,0.000,0.500,0.000,0.000,Low,STABLE,Stable,0.227,,,,,,,,,,,,,
21496,663604,brandon lockridge,Brandon Lockridge ,MIL,OF,hitter,OF,OF,161.000,79.000,,,-5.017,-4.396,0.621,0.621,3.470,7.866,0.604,0.108,-1.003,0.640,Medium,STABLE,Stable,0.222,96.000,,,,,108.563,0.277,,,,0.277,,27.600
12828,552640,andrew kittredge,Andrew Kittredge ,BAL,RP,pitcher,RP,RP,,,60.000,44.000,0.897,1.118,0.221,0.221,-6.888,-8.006,0.000,0.500,0.000,0.000,Low,STABLE_RP,Stable,0.221,,,,,,,,,,,,,
21897,666624,christopher morel,Christopher Morel ,MIA,OF/DH,hitter,OF/DH,OF/DH,350.000,211.000,,,2.309,2.529,0.220,0.220,-7.464,-9.992,0.000,0.500,0.000,0.000,Low,STABLE,Stable,0.220,,,,,,,,,,,,,
33704,692216,cj kayfus,CJ Kayfus ,CLE,1B/OF,hitter,1B/OF,1B/OF,364.000,137.000,,,-0.238,-0.034,0.204,0.204,-1.604,-1.570,0.000,0.500,0.000,0.000,Low,STABLE,Stable,0.204,,,,,,,,,,,,,
15474,608337,lucas giolito,Lucas Giolito ,SDP,SP,pitcher,SP,SP,,,114.000,111.000,-14.919,-14.716,0.203,0.203,,,0.000,0.500,0.000,0.000,Low,STABLE,Stable,0.203,,,,,,,,,,,,,
19709,665487,fernando tatis jr,Fernando Tatis Jr. ,SDP,2B/OF,hitter,OF,2B/OF,672.000,503.000,,,34.931,35.250,0.319,0.319,-3.471,-38.721,0.000,0.464,-0.144,1.000,High,STABLE,Stable,0.175,175.000,,,,,83.813,0.351,,,,0.351,,31.300
33252,691720,kyle karros,Kyle Karros ,COL,3B,hitter,3B,3B,238.000,298.000,,,-5.714,-4.775,0.939,0.939,-4.216,0.559,0.064,0.279,-0.842,0.953,High,STABLE,Stable,0.161,143.000,,,,,73.030,0.336,,,,0.336,,26.400
26319,683737,michael busch,Michael Busch ,CHC,1B,hitter,1B,1B,602.000,437.000,,,10.036,10.688,0.653,0.653,3.708,-6.980,0.000,0.367,-0.531,1.000,High,STABLE,Stable,0.122,183.000,,,,,107.646,0.325,,,,0.325,,25.500
20084,641555,j c escarra,J.C. Escarra ,NYY,C/1B,hitter,C/1B,C/1B,130.000,89.000,,,-3.065,-2.946,0.119,0.119,-6.968,-4.023,0.000,0.500,0.000,0.000,Low,STABLE,Stable,0.119,,,,,,,,,,,,,
12718,605288,adrian houser,Adrian Houser ,SFG,SP,pitcher,SP,SP,,,147.000,100.000,-6.602,-5.588,1.014,1.014,1.000,6.588,0.791,0.077,-1.692,1.000,High,STABLE_SP,Stable,0.112,,8.000,42.000,8.000,0.000,,,5.502,5.630,4.726,,0.365,18.900
21735,665861,sebastian rivero,Sebastián Rivero ,LAA,C,hitter,C,C,6.000,42.000,,,-3.290,-3.182,0.108,0.108,-8.404,-5.222,0.000,0.500,0.000,0.000,Low,STABLE,Stable,0.108,,,,,,,,,,,,,
15878,609280,miguel andujar,Miguel Andujar ,SDP,3B/OF/DH,hitter,3B/OF/DH,3B/OF/DH,357.000,306.000,,,-5.229,-5.611,-0.382,-0.382,8.144,13.755,1.254,0.248,-0.768,0.760,High,STABLE,Stable,0.105,114.000,,,,,126.090,0.293,,,,0.293,,19.200
19618,663855,jordan hicks,Jordan Hicks ,CHW,RP,pitcher,RP,RP,,,62.000,46.000,-0.539,0.475,1.014,1.014,-3.081,-3.555,0.000,0.201,-0.909,0.760,High,STABLE_RP,Stable,0.105,,17.000,15.200,0.000,1.000,,,3.494,4.255,5.511,,,
31695,687637,dylan beavers,Dylan Beavers ,BAL,OF/DH,hitter,OF,OF/DH,371.000,250.000,,,2.696,3.583,0.887,0.887,1.811,-1.772,0.000,0.252,-0.786,0.793,High,STABLE,Stable,0.102,119.000,,,,,100.785,0.309,,,,0.309,,23.400
18684,645261,sandy alcantara,Sandy Alcantara ,MIA,SP,pitcher,SP,SP,,,187.000,137.000,3.521,1.905,-1.617,-1.617,19.692,17.787,2.134,0.391,-0.436,1.000,High,STABLE_SP,"Banked Production, Projection Skeptical",0.082,,9.000,57.200,9.000,0.000,,,3.463,3.748,4.454,,0.297,24.000
19610,660688,keibert ruiz,Keibert Ruiz ,WSN,C,hitter,C,C,320.000,212.000,,,-2.876,-1.990,0.886,0.886,-3.927,-1.937,0.000,0.140,-0.815,0.567,Medium,STABLE,Stable,0.071,85.000,,,,,72.122,0.222,,,,0.222,,16.900
20373,662253,andres munoz,Andrés Muñoz ,SEA,RP,pitcher,RP,RP,,,64.000,47.000,16.773,16.206,-0.567,-0.567,1.672,-14.535,0.000,0.687,0.637,0.850,High,RP_CLOSER,Closer Value,0.070,,18.000,17.000,0.000,8.000,,,4.676,3.224,2.004,,,
21662,665660,elvis alvarado,Elvis Alvarado ,ATH,RP,pitcher,RP,RP,,,54.000,37.000,-5.227,-5.157,0.070,0.070,-4.959,0.198,0.000,0.500,0.000,0.000,Low,STABLE_RP,Stable,0.070,,,,,,,,,,,,,
30184,702070,noah cameron,Noah Cameron ,KCR,SP,pitcher,SP,SP,,,142.000,104.000,-8.464,-8.693,-0.230,-0.230,5.653,14.346,1.515,0.150,-1.234,0.880,High,STABLE_SP,Stable,0.052,,7.000,35.200,7.000,0.000,,,6.392,4.312,4.499,,0.389,23.700
12859,543510,james mccann,James McCann ,ARI,C,hitter,C,C,213.000,148.000,,,-5.284,-4.690,0.594,0.594,-11.219,-6.530,0.000,0.130,-0.573,0.387,Medium,STABLE,Stable,0.021,58.000,,,,,26.792,0.196,,,,0.196,,31.100
13435,572955,pierce johnson,Pierce Johnson ,CIN,RP,pitcher,RP,RP,,,61.000,45.000,-2.389,-1.305,1.084,1.084,-2.126,-0.821,0.000,0.183,-1.079,0.850,High,STABLE_RP,Stable,0.005,,19.000,17.000,0.000,1.000,,,6.770,3.930,4.467,,,
31920,805326,tyler schweitzer,Tyler Schweitzer ,CHW,RP,pitcher,,RP,,,,30.000,,-8.778,,0.000,-6.243,2.535,0.000,0.500,0.000,0.000,Low,STABLE_RP,Missing Anchor,0.000,,,,,,,,,,,,,
26429,689520,cody laweryson,Cody Laweryson ,MIN,RP,pitcher,RP,,,,50.000,,-11.798,,,0.000,-2.316,,0.000,0.500,0.000,0.000,Low,STABLE,Missing Anchor,0.000,,,,,,,,,,,,,
30195,680916,franco aleman,Franco Aleman ,CLE,RP,pitcher,,RP,,,,27.000,,-3.070,,0.000,-6.884,-3.814,0.000,0.500,0.000,0.000,Low,STABLE_RP,Missing Anchor,0.000,,,,,,,,,,,,,
30226,702352,spencer bivens,Spencer Bivens ,SFG,RP,pitcher,RP,,,,42.000,,-12.186,,,0.000,,,0.000,0.500,0.000,0.000,Low,STABLE,Missing Anchor,0.000,,,,,,,,,,,,,
15094,642239,rob zastryzny,Rob Zastryzny ,MIL,RP,pitcher,RP,,,,48.000,,-10.888,,,0.000,,,0.000,0.500,0.000,0.000,Low,STABLE,Missing Anchor,0.000,,,,,,,,,,,,,
sa3022498,694378,jacob gonzalez,Jacob Gonzalez ,CHW,2B/SS,hitter,,2B/SS,,21.000,,,,-1.166,,0.000,,,0.000,0.500,0.000,0.000,Low,STABLE,Missing Anchor,0.000,,,,,,,,,,,,,
26349,686560,gavin collyer,Gavin Collyer ,TEX,RP,pitcher,,RP,,,,47.000,,-2.654,,0.000,-3.629,-0.975,0.000,0.500,0.000,0.000,Low,STABLE_RP,Missing Anchor,0.000,,,,,,,,,,,,,
30085,676508,ben casparius,Ben Casparius ,LAD,RP,pitcher,RP,,,,55.000,,-5.545,,,0.000,-7.345,,0.000,0.500,0.000,0.000,Low,STABLE,Missing Anchor,0.000,,,,,,,,,,,,,
31891,702193,andrew morris,Andrew Morris ,MIN,RP,pitcher,,RP,,,,40.000,,-3.747,,0.000,-41.685,-37.939,0.000,0.460,0.000,0.805,High,STABLE_RP,Missing Anchor,0.000,,8.000,16.100,0.000,0.000,,,3.315,2.984,4.252,,,
31884,701121,logan vanwey,Logan VanWey ,HOU,RP,pitcher,,RP,,,,27.000,,-7.341,,0.000,-5.019,2.322,0.000,0.500,0.000,0.000,Low,STABLE_RP,Missing Anchor,0.000,,,,,,,,,,,,,
26295,686554,oliver dunn,Oliver Dunn ,CHW,3B,hitter,,3B,,16.000,,,,-3.323,,0.000,,,0.000,0.500,0.000,0.000,Low,STABLE,Missing Anchor,0.000,,,,,,,,,,,,,
31880,695380,alex hoppe,Alex Hoppe ,SEA,RP,pitcher,,RP,,,,41.000,,-0.873,,0.000,-4.028,-3.155,0.000,0.500,0.000,0.000,Low,STABLE_RP,Missing Anchor,0.000,,,,,,,,,,,,,
31394,681460,brooks baldwin,Brooks Baldwin ,CHW,2B/3B/SS/OF,hitter,2B/3B/SS/OF,,315.000,,,,0.971,,,0.000,,,0.000,0.500,0.000,0.000,Low,STABLE,Missing Anchor,0.000,,,,,,,,,,,,,
31448,703607,henry bolte,Henry Bolte ,ATH,OF,hitter,,OF,,166.000,,,,-0.876,,0.000,1.000,1.876,0.000,0.500,0.000,0.000,Low,STABLE,Missing Anchor,0.000,,,,,,,,,,,,,
31953,683000,riley cornelio,Riley Cornelio ,WSN,RP,pitcher,,RP,,,,54.000,,-11.266,,0.000,-6.798,4.468,0.000,0.500,0.000,0.000,Low,STABLE_RP,Missing Anchor,0.000,,,,,,,,,,,,,
31959,687562,jake bennett,Jake Bennett ,BOS,SP,pitcher,,SP,,,,29.000,,-0.698,,0.000,3.245,3.943,0.000,0.500,0.000,0.000,Low,STABLE,Missing Anchor,0.000,,,,,,,,,,,,,
30161,692230,carlos rodriguez,Carlos Rodriguez ,MIL,RP,pitcher,RP,,,,37.000,,-13.439,,,0.000,-5.853,,0.000,0.500,0.000,0.000,Low,STABLE,Missing Anchor,0.000,,,,,,,,,,,,,
30160,690916,richard fitts,Richard Fitts ,STL,SP,pitcher,SP,,,,126.000,,-8.107,,,0.000,,,0.000,0.500,0.000,0.000,Low,STABLE,Missing Anchor,0.000,,,,,,,,,,,,,
26443,691951,sam aldegheri,Sam Aldegheri ,LAA,SP/RP,pitcher,,SP/RP,,,,38.000,,-120.663,,0.000,-48.652,72.011,0.000,0.500,0.000,0.000,Low,STABLE,Missing Anchor,0.000,,,,,,,,,,,,,
26467,682641,luis matos,Luis Matos ,MIL,OF,hitter,OF,,28.000,,,,-3.446,,,0.000,-4.954,,0.000,0.500,0.000,0.000,Low,STABLE,Missing Anchor,0.000,,,,,,,,,,,,,
15055,624513,dom nunez,Dom Nuñez ,CLE,C,hitter,C,,6.000,,,,-3.001,,,0.000,,,0.000,0.500,0.000,0.000,Low,STABLE,Missing Anchor,0.000,,,,,,,,,,,,,
13499,608596,tom murphy,Tom Murphy ,,C,hitter,C,,51.000,,,,-2.287,,,0.000,,,0.000,0.500,0.000,0.000,Low,STABLE,Missing Anchor,0.000,,,,,,,,,,,,,
26482,681151,jayden murray,Jayden Murray ,HOU,RP,pitcher,,RP,,,,29.000,,-7.767,,0.000,-4.988,2.779,0.000,0.500,0.000,0.000,Low,STABLE_RP,Missing Anchor,0.000,,,,,,,,,,,,,
30128,672021,eric cerantola,Eric Cerantola ,KCR,RP,pitcher,,RP,,,,31.000,,-8.057,,0.000,-6.732,1.325,0.000,0.500,0.000,0.000,Low,STABLE_RP,Missing Anchor,0.000,,,,,,,,,,,,,
26641,682790,wikelman gonzalez,Wikelman González ,CHW,RP,pitcher,RP,,,,45.000,,-12.707,,,0.000,,,0.000,0.500,0.000,0.000,Low,STABLE,Missing Anchor,0.000,,,,,,,,,,,,,
sa3020868,804926,austin peterson,Austin Peterson ,CLE,RP,pitcher,,RP,,,,30.000,,-9.746,,0.000,,,0.000,0.500,0.000,0.000,Low,STABLE_RP,Missing Anchor,0.000,,,,,,,,,,,,,
26664,682818,yohendrick pinango,Yohendrick Piñango ,TOR,OF,hitter,,OF,,82.000,,,,-2.303,,0.000,2.916,5.219,0.000,0.500,0.000,0.000,Low,STABLE,Missing Anchor,0.000,,,,,,,,,,,,,
sa3020805,685464,cade winquest,Cade Winquest ,STL,RP,pitcher,RP,,,,50.000,,-13.122,,,0.000,,,0.000,0.500,0.000,0.000,Low,STABLE,Missing Anchor,0.000,,,,,,,,,,,,,
sa3020418,703492,nick morabito,Nick Morabito ,NYM,OF,hitter,,OF,,5.000,,,,-1.856,,0.000,,,0.000,0.500,0.000,0.000,Low,STABLE,Missing Anchor,0.000,,,,,,,,,,,,,
30107,681035,christian scott,Christian Scott ,NYM,SP,pitcher,,SP,,,,47.000,,5.497,,0.000,8.769,3.272,0.000,0.500,0.000,0.000,Low,STABLE,Missing Anchor,0.000,,,,,,,,,,,,,
sa3020126,691775,ryan clifford,Ryan Clifford ,NYM,1B/OF,hitter,1B/OF,,7.000,,,,-3.977,,,0.000,,,0.000,0.500,0.000,0.000,Low,STABLE,Missing Anchor,0.000,,,,,,,,,,,,,
31878,694680,trevor martin,Trevor Martin ,TBR,RP,pitcher,,RP,,,,36.000,,-6.401,,0.000,-6.532,-0.131,0.000,0.500,0.000,0.000,Low,STABLE_RP,Missing Anchor,0.000,,,,,,,,,,,,,
31468,678022,jack perkins,Jack Perkins ,ATH,RP,pitcher,,RP,,,,49.000,,5.165,,0.000,2.247,-2.919,0.000,0.756,0.000,0.805,High,STABLE_RP,Missing Anchor,0.000,,11.000,16.100,0.000,3.000,,,3.129,1.882,3.258,,,
26227,687941,alec gamboa,Alec Gamboa ,BOS,RP,pitcher,,RP,,,,30.000,,-7.263,,0.000,-5.438,1.825,0.000,0.500,0.000,0.000,Low,STABLE_RP,Missing Anchor,0.000,,,,,,,,,,,,,
sa3023069,694876,cooper ingle,Cooper Ingle ,CLE,C,hitter,,C,,9.000,,,,-0.814,,0.000,,,0.000,0.500,0.000,0.000,Low,STABLE,Missing Anchor,0.000,,,,,,,,,,,,,
31741,686930,mason barnett,Mason Barnett ,ATH,SP/RP,pitcher,,SP/RP,,,,47.000,,-113.416,,0.000,-5.975,107.441,0.000,0.500,0.000,0.000,Low,STABLE,Missing Anchor,0.000,,,,,,,,,,,,,
31701,694918,blade tidwell,Blade Tidwell ,SFG,SP/RP,pitcher,SP/RP,,,,36.000,,-89.025,,,0.000,-2.322,,0.000,0.500,0.000,0.000,Low,STABLE,Missing Anchor,0.000,,,,,,,,,,,,,
sa3025659,697811,dylan ross,Dylan Ross ,NYM,RP,pitcher,,RP,,,,27.000,,-4.596,,0.000,,,0.000,0.500,0.000,0.000,Low,STABLE_RP,Missing Anchor,0.000,,,,,,,,,,,,,
25796,689296,anthony nunez,Anthony Nunez ,BAL,RP,pitcher,,RP,,,,45.000,,3.570,,0.000,-0.235,-3.804,0.000,0.369,0.000,1.000,High,STABLE_RP,Missing Anchor,0.000,,19.000,20.000,0.000,2.000,,,4.154,4.556,3.291,,,
12880,542881,tyler anderson,Tyler Anderson ,LAA,SP,pitcher,SP,,,,72.000,,-14.091,,,0.000,,,0.000,0.500,0.000,0.000,Low,STABLE,Missing Anchor,0.000,,,,,,,,,,,,,
25817,669699,braden shewmake,Braden Shewmake ,HOU,3B/SS,hitter,,3B/SS,,92.000,,,,-4.273,,0.000,6.249,10.522,0.000,0.500,0.000,0.000,Low,STABLE,Missing Anchor,0.000,,,,,,,,,,,,,
31765,805373,nacho alvarez jr,Nacho Alvarez Jr. ,ATL,3B,hitter,3B,,7.000,,,,-7.133,,,0.000,,,0.000,0.500,0.000,0.000,Low,STABLE,Missing Anchor,0.000,,,,,,,,,,,,,
15429,592178,kris bryant,Kris Bryant ,COL,DH,hitter,DH,,14.000,,,,-7.825,,,0.000,,,0.000,0.500,0.000,0.000,Low,STABLE,Missing Anchor,0.000,,,,,,,,,,,,,
sa3025544,696146,hagen smith,Hagen Smith ,CHW,SP,pitcher,,SP,,,,26.000,,2.162,,0.000,,,0.000,0.500,0.000,0.000,Low,STABLE,Missing Anchor,0.000,,,,,,,,,,,,,
25957,681006,josh simpson,Josh Simpson ,SEA,RP,pitcher,,RP,,,,39.000,,-2.577,,0.000,-7.860,-5.283,0.000,0.500,0.000,0.000,Low,STABLE_RP,Missing Anchor,0.000,,,,,,,,,,,,,
sa3025360,701785,kaelen culpepper,Kaelen Culpepper ,MIN,SS,hitter,,SS,,67.000,,,,-0.743,,0.000,,,0.000,0.500,0.000,0.000,Low,STABLE,Missing Anchor,0.000,,,,,,,,,,,,,
31815,806188,cade gibson,Cade Gibson ,MIA,RP,pitcher,RP,,,,40.000,,-12.438,,,0.000,-8.241,,0.000,0.500,0.000,0.000,Low,STABLE,Missing Anchor,0.000,,,,,,,,,,,,,
31624,702153,brian fitzpatrick,Brian Fitzpatrick ,MIL,RP,pitcher,,RP,,,,36.000,,-6.219,,0.000,-6.455,-0.235,0.000,0.500,0.000,0.000,Low,STABLE_RP,Missing Anchor,0.000,,,,,,,,,,,,,
sa3023233,806146,george lombard jr,George Lombard Jr. ,NYY,SS,hitter,,SS,,20.000,,,,-0.453,,0.000,,,0.000,0.500,0.000,0.000,Low,STABLE,Missing Anchor,0.000,,,,,,,,,,,,,
31621,693686,spencer miles,Spencer Miles ,TOR,RP,pitcher,,RP,,,,38.000,,-2.671,,0.000,-39.556,-36.885,0.000,0.458,0.000,0.900,High,STABLE_RP,Missing Anchor,0.000,,11.000,18.000,0.000,0.000,,,3.553,3.606,3.411,,,
26221,686752,ryan pepiot,Ryan Pepiot ,TBR,SP,pitcher,SP,,,,150.000,,10.079,,,0.000,,,0.000,0.500,0.000,0.000,Low,STABLE,Missing Anchor,0.000,,,,,,,,,,,,,
sa3022867,806198,cooper pratt,Cooper Pratt ,MIL,SS,hitter,,SS,,16.000,,,,-0.543,,0.000,,,0.000,0.500,0.000,0.000,Low,STABLE,Missing Anchor,0.000,,,,,,,,,,,,,
sa3022864,675085,jonathon long,Jonathon Long ,CHC,1B,hitter,1B,,7.000,,,,-7.434,,,0.000,,,0.000,0.500,0.000,0.000,Low,STABLE,Missing Anchor,0.000,,,,,,,,,,,,,
26020,686751,seth johnson,Seth Johnson ,PHI,RP,pitcher,,RP,,,,26.000,,-8.062,,0.000,-6.110,1.951,0.000,0.500,0.000,0.000,Low,STABLE_RP,Missing Anchor,0.000,,,,,,,,,,,,,
sa3022683,703601,max clark,Max Clark ,DET,OF,hitter,,OF,,87.000,,,,-1.291,,0.000,,,0.000,0.500,0.000,0.000,Low,STABLE,Missing Anchor,0.000,,,,,,,,,,,,,
31615,687531,william kempner,William Kempner ,MIA,RP,pitcher,,RP,,,,29.000,,-3.109,,0.000,-5.630,-2.520,0.000,0.500,0.000,0.000,Low,STABLE_RP,Missing Anchor,0.000,,,,,,,,,,,,,
31610,687209,zach maxwell,Zach Maxwell ,CIN,RP,pitcher,RP,,,,40.000,,-10.244,,,0.000,-9.303,,0.000,0.500,0.000,0.000,Low,STABLE,Missing Anchor,0.000,,,,,,,,,,,,,
31571,801434,paul gervase,Paul Gervase ,LAD,RP,pitcher,,RP,,,,28.000,,-5.481,,0.000,-5.192,0.290,0.000,0.500,0.000,0.000,Low,STABLE_RP,Missing Anchor,0.000,,,,,,,,,,,,,
12808,605182,mike clevinger,Mike Clevinger ,PIT,RP,pitcher,RP,,,,48.000,,-14.724,,,0.000,,,0.000,0.500,0.000,0.000,Low,STABLE,Missing Anchor,0.000,,,,,,,,,,,,,
31872,690990,cade horton,Cade Horton ,CHC,SP,pitcher,SP,,,,129.000,,2.645,,,0.000,-45.436,,0.000,0.500,0.000,0.000,Low,STABLE,Missing Anchor,0.000,,,,,,,,,,,,,
31567,702358,trey lipscomb,Trey Lipscomb ,WSN,1B/3B/SS,hitter,1B/3B/SS,,7.000,,,,-1.991,,,0.000,,,0.000,0.500,0.000,0.000,Low,STABLE,Missing Anchor,0.000,,,,,,,,,,,,,
15271,642851,austin wynns,Austin Wynns ,,C,hitter,C,,166.000,,,,-3.561,,,0.000,-15.919,,0.000,0.500,0.000,0.000,Low,STABLE,Missing Anchor,0.000,,,,,,,,,,,,,
sa3022596,694249,cole carrigg,Cole Carrigg ,COL,OF,hitter,,OF,,21.000,,,,-0.187,,0.000,,,0.000,0.500,0.000,0.000,Low,STABLE,Missing Anchor,0.000,,,,,,,,,,,,,
31500,690022,ryan ritter,Ryan Ritter ,COL,2B/SS,hitter,2B/SS,2B/SS,259.000,67.000,,,1.000,1.000,0.000,0.000,-1.080,-2.080,0.000,0.500,0.000,0.000,Low,STABLE,Stable,0.000,,,,,,,,,,,,,
18042,664238,dylan moore,Dylan Moore ,PHI,1B/2B/3B/SS/OF/DH,hitter,1B/2B/3B/SS/OF/DH,,84.000,,,,-0.660,,,0.000,-2.953,,0.000,0.500,0.000,0.000,Low,STABLE,Missing Anchor,0.000,,,,,,,,,,,,,
30094,696136,jordan wicks,Jordan Wicks ,CHC,RP,pitcher,,RP,,,,26.000,,-6.046,,0.000,,,0.000,0.500,0.000,0.000,Low,STABLE_RP,Missing Anchor,0.000,,,,,,,,,,,,,
28036,681432,luke little,Luke Little ,CHC,RP,pitcher,,RP,,,,29.000,,-3.895,,0.000,-7.304,-3.409,0.000,0.500,0.000,0.000,Low,STABLE_RP,Missing Anchor,0.000,,,,,,,,,,,,,
28020,699912,jose fernandez,Jose Fernandez ,ARI,1B/3B/DH,hitter,,1B/3B/DH,,316.000,,,,-10.869,,0.000,-0.058,10.811,0.000,0.221,0.000,0.760,High,STABLE,Missing Anchor,0.000,114.000,,,,,93.581,0.297,,,,0.297,,27.100
34847,699823,tyler davis,Tyler Davis ,CHW,RP,pitcher,,RP,,,,41.000,,-6.295,,0.000,-4.154,2.140,0.000,0.500,0.000,0.000,Low,STABLE_RP,Missing Anchor,0.000,,,,,,,,,,,,,
27763,691011,drew romo,Drew Romo ,CHW,C,hitter,,C,,156.000,,,,-6.288,,0.000,5.437,11.726,0.000,0.500,0.000,0.000,Low,STABLE,Missing Anchor,0.000,,,,,,,,,,,,,
sa3009940,686678,chase solesky,Chase Solesky ,TBR,RP,pitcher,,RP,,,,37.000,,-11.364,,0.000,,,0.000,0.500,0.000,0.000,Low,STABLE_RP,Missing Anchor,0.000,,,,,,,,,,,,,
27757,690978,dax fulton,Dax Fulton ,MIA,RP,pitcher,,RP,,,,35.000,,-8.842,,0.000,-5.135,3.706,0.000,0.500,0.000,0.000,Low,STABLE_RP,Missing Anchor,0.000,,,,,,,,,,,,,
sa3010028,686551,christian cairo,Christian Cairo ,PHI,2B/3B/SS,hitter,,2B/3B/SS,,15.000,,,,0.369,,0.000,,,0.000,0.500,0.000,0.000,Low,STABLE,Missing Anchor,0.000,,,,,,,,,,,,,
27741,689546,nick davila,Nick Davila ,SEA,RP,pitcher,,RP,,,,33.000,,-6.684,,0.000,-4.657,2.027,0.000,0.500,0.000,0.000,Low,STABLE_RP,Missing Anchor,0.000,,,,,,,,,,,,,
27735,689172,brett wisely,Brett Wisely ,ATL,2B,hitter,2B,,21.000,,,,-2.935,,,0.000,,,0.000,0.500,0.000,0.000,Low,STABLE,Missing Anchor,0.000,,,,,,,,,,,,,
29514,689981,river ryan,River Ryan ,LAD,SP,pitcher,SP,,,,57.000,,0.745,,,0.000,,,0.000,0.500,0.000,0.000,Low,STABLE,Missing Anchor,0.000,,,,,,,,,,,,,
30084,693313,carson seymour,Carson Seymour ,SFG,SP/RP,pitcher,,SP/RP,,,,27.000,,-108.505,,0.000,,,0.000,0.500,0.000,0.000,Low,STABLE,Missing Anchor,0.000,,,,,,,,,,,,,
14542,608032,carlos estevez,Carlos Estévez ,KCR,RP,pitcher,RP,,,,62.000,,3.787,,,0.000,-8.996,,0.000,0.500,0.000,0.000,Low,STABLE,Missing Anchor,0.000,,,,,,,,,,,,,
13774,621107,zach eflin,Zach Eflin ,BAL,SP,pitcher,SP,,,,158.000,,-9.799,,,0.000,2.618,,0.000,0.500,0.000,0.000,Low,STABLE,Missing Anchor,0.000,,,,,,,,,,,,,
29542,701552,andre granillo,Andre Granillo ,WSN,RP,pitcher,RP,,,,52.000,,-8.271,,,0.000,-9.263,,0.000,0.500,0.000,0.000,Low,STABLE,Missing Anchor,0.000,,,,,,,,,,,,,
33908,820862,jose fermin,José Fermin ,LAA,RP,pitcher,,RP,,,,42.000,,-2.294,,0.000,-4.115,-1.821,0.000,0.500,0.000,0.000,Low,STABLE_RP,Missing Anchor,0.000,,,,,,,,,,,,,
11384,592454,tommy kahnle,Tommy Kahnle ,BOS,RP,pitcher,RP,,,,46.000,,-10.616,,,0.000,,,0.000,0.500,0.000,0.000,Low,STABLE,Missing Anchor,0.000,,,,,,,,,,,,,
33838,684320,yariel rodriguez,Yariel Rodríguez ,TOR,RP,pitcher,,RP,,,,32.000,,-4.785,,0.000,-5.725,-0.940,0.000,0.500,0.000,0.000,Low,STABLE_RP,Missing Anchor,0.000,,,,,,,,,,,,,
27765,691172,yosver zulueta,Yosver Zulueta ,SEA,RP,pitcher,RP,,,,40.000,,-7.303,,,0.000,,,0.000,0.500,0.000,0.000,Low,STABLE,Missing Anchor,0.000,,,,,,,,,,,,,
29114,699151,jedixson paez,Jedixson Paez ,BOS,RP,pitcher,RP,,,,52.000,,-13.113,,,0.000,-9.075,,0.000,0.500,0.000,0.000,Low,STABLE,Missing Anchor,0.000,,,,,,,,,,,,,
14332,606303,joel payamps,Joel Payamps ,ATL,RP,pitcher,RP,,,,55.000,,-4.539,,,0.000,-6.114,,0.000,0.500,0.000,0.000,Low,STABLE,Missing Anchor,0.000,,,,,,,,,,,,,
sa3007876,680695,brennen davis,Brennen Davis ,SEA,OF,hitter,OF,,7.000,,,,-3.977,,,0.000,,,0.000,0.500,0.000,0.000,Low,STABLE,Missing Anchor,0.000,,,,,,,,,,,,,
sa3002951,672442,yovanny cruz,Yovanny Cruz ,NYY,RP,pitcher,,RP,,,,29.000,,-7.972,,0.000,,,0.000,0.500,0.000,0.000,Low,STABLE_RP,Missing Anchor,0.000,,,,,,,,,,,,,
27781,694175,pedro leon,Pedro León ,PHI,OF,hitter,OF,,21.000,,,,-3.507,,,0.000,,,0.000,0.500,0.000,0.000,Low,STABLE,Missing Anchor,0.000,,,,,,,,,,,,,
28901,696062,wilber dotel,Wilber Dotel ,PIT,RP,pitcher,,RP,,,,27.000,,-9.596,,0.000,-5.109,4.487,0.000,0.500,0.000,0.000,Low,STABLE_RP,Missing Anchor,0.000,,,,,,,,,,,,,
35466,801139,payton tolle,Payton Tolle ,BOS,SP/RP,pitcher,,SP/RP,,,,64.000,,4.326,,0.000,1.906,-2.420,0.000,0.500,0.000,0.000,Low,STABLE,Missing Anchor,0.000,,,,,,,,,,,,,
27819,687064,brandon young,Brandon Young ,BAL,SP,pitcher,,SP,,,,45.000,,-1.462,,0.000,5.474,6.936,0.000,0.500,0.000,0.000,Low,STABLE,Missing Anchor,0.000,,,,,,,,,,,,,
27845,670223,matt mervis,Matt Mervis ,,1B/DH,hitter,1B/DH,,21.000,,,,-7.398,,,0.000,,,0.000,0.500,0.000,0.000,Low,STABLE,Missing Anchor,0.000,,,,,,,,,,,,,
28763,694025,felix reyes,Felix Reyes ,PHI,OF,hitter,,OF,,87.000,,,,-2.290,,0.000,-8.907,-6.617,0.000,0.500,0.000,0.000,Low,STABLE,Missing Anchor,0.000,,,,,,,,,,,,,
5235,457759,justin turner,Justin Turner ,,1B/3B/DH,hitter,,1B/3B/DH,,87.000,,,,-2.363,,0.000,,,0.000,0.500,0.000,0.000,Low,STABLE,Missing Anchor,0.000,,,,,,,,,,,,,
5273,506702,sandy leon,Sandy León ,ATL,C,hitter,,C,,56.000,,,,-5.135,,0.000,-1.453,3.682,0.000,0.500,0.000,0.000,Low,STABLE,Missing Anchor,0.000,,,,,,,,,,,,,
14162,621043,carlos correa,Carlos Correa ,HOU,3B/SS,hitter,3B/SS,,567.000,,,,4.450,,,0.000,10.207,,0.000,0.522,0.000,0.940,High,STABLE,Missing Anchor,0.000,141.000,,,,,123.095,0.365,,,,0.365,,22.900
6902,527048,martin perez,Martín Pérez ,ATL,SP/RP,pitcher,,SP/RP,,,,26.000,,-113.258,,0.000,1.797,115.055,0.000,0.292,0.000,0.875,High,STABLE_SP,Missing Anchor,0.000,,8.000,35.000,5.000,0.000,,,4.211,4.221,3.979,,0.325,21.600
6655,518886,craig kimbrel,Craig Kimbrel ,NYM,RP,pitcher,,RP,,,,38.000,,-1.612,,0.000,-4.662,-3.051,0.000,0.500,0.000,0.000,Low,STABLE_RP,Missing Anchor,0.000,,,,,,,,,,,,,
11615,592273,brandon drury,Brandon Drury ,KCR,2B/3B,hitter,,2B/3B,,26.000,,,,0.307,,0.000,,,0.000,0.500,0.000,0.000,Low,STABLE,Missing Anchor,0.000,,,,,,,,,,,,,
12160,592325,ben gamel,Ben Gamel ,ATL,OF,hitter,OF,,35.000,,,,-3.626,,,0.000,,,0.000,0.500,0.000,0.000,Low,STABLE,Missing Anchor,0.000,,,,,,,,,,,,,
33821,691769,philip abner,Philip Abner ,ARI,RP,pitcher,,RP,,,,30.000,,-8.391,,0.000,-5.640,2.750,0.000,0.500,0.000,0.000,Low,STABLE_RP,Missing Anchor,0.000,,,,,,,,,,,,,
33785,694795,josh ekness,Josh Ekness ,MIA,RP,pitcher,,RP,,,,40.000,,-3.838,,0.000,-4.362,-0.524,0.000,0.500,0.000,0.000,Low,STABLE_RP,Missing Anchor,0.000,,,,,,,,,,,,,
29863,686701,ryan bergert,Ryan Bergert ,KCR,SP/RP,pitcher,SP/RP,,,,56.000,,-92.607,,,0.000,,,0.000,0.500,0.000,0.000,Low,STABLE,Missing Anchor,0.000,,,,,,,,,,,,,
30081,701719,tyler samaniego,Tyler Samaniego ,BOS,RP,pitcher,,RP,,,,44.000,,-3.666,,0.000,-0.842,2.824,0.000,0.342,0.000,0.750,High,STABLE_RP,Missing Anchor,0.000,,13.000,15.000,0.000,0.000,,,3.741,3.106,4.324,,,
27472,694363,jared shuster,Jared Shuster ,STL,RP,pitcher,,RP,,,,28.000,,-9.786,,0.000,-4.832,4.954,0.000,0.500,0.000,0.000,Low,STABLE_RP,Missing Anchor,0.000,,,,,,,,,,,,,
31967,689672,drew thorpe,Drew Thorpe ,CHW,SP,pitcher,SP,,,,44.000,,-5.573,,,0.000,,,0.000,0.500,0.000,0.000,Low,STABLE,Missing Anchor,0.000,,,,,,,,,,,,,
14857,573009,joe mantiply,Joe Mantiply ,TOR,RP,pitcher,,RP,,,,35.000,,-5.858,,0.000,-1.120,4.737,0.000,0.592,0.000,0.800,High,STABLE_RP,Missing Anchor,0.000,,15.000,16.000,0.000,0.000,,,4.041,2.669,2.998,,,
12791,547184,michael kelly,Michael Kelly ,ATH,RP,pitcher,RP,,,,58.000,,-6.095,,,0.000,-7.393,,0.000,0.500,0.000,0.000,Low,STABLE,Missing Anchor,0.000,,,,,,,,,,,,,
13594,596112,robert stephenson,Robert Stephenson ,LAA,RP,pitcher,RP,,,,36.000,,-9.252,,,0.000,,,0.000,0.500,0.000,0.000,Low,STABLE,Missing Anchor,0.000,,,,,,,,,,,,,
sa3018514,800325,luis lara,Luis Lara ,MIL,OF,hitter,,OF,,16.000,,,,-2.088,,0.000,,,0.000,0.500,0.000,0.000,Low,STABLE,Missing Anchor,0.000,,,,,,,,,,,,,
30056,701581,david festa,David Festa ,MIN,SP/RP,pitcher,SP/RP,,,,58.000,,-80.763,,,0.000,,,0.000,0.500,0.000,0.000,Low,STABLE,Missing Anchor,0.000,,,,,,,,,,,,,
30055,700249,cade povich,Cade Povich ,BAL,SP/RP,pitcher,,SP/RP,,,,36.000,,-108.553,,0.000,-47.665,60.888,0.000,0.500,0.000,0.000,Low,STABLE,Missing Anchor,0.000,,,,,,,,,,,,,
12784,572143,burch smith,Burch Smith ,DET,RP,pitcher,,RP,,,,40.000,,-3.063,,0.000,-43.205,-40.142,0.000,0.500,0.000,0.000,Low,STABLE_RP,Missing Anchor,0.000,,,,,,,,,,,,,
32056,702273,noah schultz,Noah Schultz ,CHW,SP,pitcher,,SP,,,,71.000,,3.521,,0.000,11.357,7.836,0.000,0.500,0.000,0.000,Low,STABLE,Missing Anchor,0.000,,,,,,,,,,,,,
sa3017471,701780,tanner mcdougal,Tanner McDougal ,CHW,RP,pitcher,RP,,,,49.000,,-13.579,,,0.000,,,0.000,0.500,0.000,0.000,Low,STABLE,Missing Anchor,0.000,,,,,,,,,,,,,
14710,621242,edwin diaz,Edwin Díaz ,LAD,RP,pitcher,RP,,,,66.000,,20.816,,,0.000,-4.458,,0.000,0.500,0.000,0.000,Low,STABLE,Missing Anchor,0.000,,,,,,,,,,,,,
27573,669398,gage workman,Gage Workman ,DET,3B,hitter,,3B,,31.000,,,,-3.012,,0.000,0.656,3.667,0.000,0.500,0.000,0.000,Low,STABLE,Missing Anchor,0.000,,,,,,,,,,,,,
sa3017284,676063,shane mcguire,Shane McGuire ,ATH,C/1B,hitter,C/1B,,13.000,,,,-3.576,,,0.000,,,0.000,0.500,0.000,0.000,Low,STABLE,Missing Anchor,0.000,,,,,,,,,,,,,
27681,686610,ken waldichuk,Ken Waldichuk ,WSN,RP,pitcher,RP,,,,54.000,,-9.553,,,0.000,-8.842,,0.000,0.500,0.000,0.000,Low,STABLE,Missing Anchor,0.000,,,,,,,,,,,,,
12763,606965,chris devenski,Chris Devenski ,PIT,RP,pitcher,,RP,,,,31.000,,-5.939,,0.000,-7.142,-1.203,0.000,0.500,0.000,0.000,Low,STABLE_RP,Missing Anchor,0.000,,,,,,,,,,,,,
sa3016976,701496,ben cowles,Ben Cowles ,CHC,2B/SS,hitter,2B/SS,,7.000,,,,-2.435,,,0.000,,,0.000,0.500,0.000,0.000,Low,STABLE,Missing Anchor,0.000,,,,,,,,,,,,,
32155,804619,john klein,John Klein ,MIN,RP,pitcher,RP,,,,39.000,,-13.608,,,0.000,-7.066,,0.000,0.500,0.000,0.000,Low,STABLE,Missing Anchor,0.000,,,,,,,,,,,,,
33464,691946,george klassen,George Klassen ,LAA,RP,pitcher,RP,,,,49.000,,-11.016,,,0.000,-1.654,,0.000,0.500,0.000,0.000,Low,STABLE,Missing Anchor,0.000,,,,,,,,,,,,,
sa3016975,701162,ben malgeri,Ben Malgeri ,DET,OF,hitter,,OF,,26.000,,,,-1.644,,0.000,,,0.000,0.500,0.000,0.000,Low,STABLE,Missing Anchor,0.000,,,,,,,,,,,,,
sa3016061,700327,welinton herrera,Welinton Herrera ,COL,RP,pitcher,,RP,,,,29.000,,-5.683,,0.000,,,0.000,0.500,0.000,0.000,Low,STABLE_RP,Missing Anchor,0.000,,,,,,,,,,,,,
33492,805347,jim jarvis,Jim Jarvis ,ATL,SS,hitter,,SS,,21.000,,,,-1.366,,0.000,-0.061,1.304,0.000,0.500,0.000,0.000,Low,STABLE,Missing Anchor,0.000,,,,,,,,,,,,,
2967,502054,tommy pham,Tommy Pham ,,OF,hitter,OF,,154.000,,,,-4.433,,,0.000,-7.333,,0.000,0.500,0.000,0.000,Low,STABLE,Missing Anchor,0.000,,,,,,,,,,,,,
27662,685005,christian roa,Christian Roa ,BAL,RP,pitcher,RP,,,,46.000,,-12.121,,,0.000,-6.909,,0.000,0.500,0.000,0.000,Low,STABLE,Missing Anchor,0.000,,,,,,,,,,,,,
33628,815083,mitch farris,Mitch Farris ,LAA,RP,pitcher,,RP,,,,40.000,,-6.970,,0.000,-6.935,0.034,0.000,0.125,0.000,0.750,High,STABLE_RP,Missing Anchor,0.000,,6.000,15.000,0.000,0.000,,,5.086,5.040,3.845,,,
27668,685126,brandon eisert,Brandon Eisert ,CHW,RP,pitcher,RP,,,,36.000,,-11.711,,,0.000,-6.693,,0.000,0.500,0.000,0.000,Low,STABLE,Missing Anchor,0.000,,,,,,,,,,,,,
33656,805999,a j ewing,A.J. Ewing ,NYM,OF,hitter,,OF,,202.000,,,,-2.823,,0.000,1.903,4.726,0.000,0.500,0.000,0.000,Low,STABLE,Missing Anchor,0.000,,,,,,,,,,,,,
29615,679775,kyle backhus,Kyle Backhus ,PHI,RP,pitcher,RP,,,,52.000,,-8.461,,,0.000,-46.181,,0.000,0.500,0.000,0.000,Low,STABLE,Missing Anchor,0.000,,,,,,,,,,,,,
sa3015768,699013,esmerlyn valdez,Esmerlyn Valdez ,PIT,OF,hitter,,OF,,26.000,,,,-1.644,,0.000,,,0.000,0.500,0.000,0.000,Low,STABLE,Missing Anchor,0.000,,,,,,,,,,,,,
sa3019825,694351,jacob berry,Jacob Berry ,MIA,3B/OF,hitter,,3B/OF,,62.000,,,,-4.227,,0.000,,,0.000,0.500,0.000,0.000,Low,STABLE,Missing Anchor,0.000,,,,,,,,,,,,,
26215,671131,jackson rutledge,Jackson Rutledge ,PHI,RP,pitcher,RP,,,,42.000,,-13.364,,,0.000,-7.457,,0.000,0.500,0.000,0.000,Low,STABLE,Missing Anchor,0.000,,,,,,,,,,,,,
19531,671345,jason foley,Jason Foley ,SFG,RP,pitcher,,RP,,,,37.000,,-3.631,,0.000,,,0.000,0.500,0.000,0.000,Low,STABLE_RP,Missing Anchor,0.000,,,,,,,,,,,,,
24914,681751,lazaro estrada,Lazaro Estrada ,TOR,RP,pitcher,,RP,,,,28.000,,-9.251,,0.000,-4.389,4.862,0.000,0.500,0.000,0.000,Low,STABLE_RP,Missing Anchor,0.000,,,,,,,,,,,,,
16233,622088,tejay antone,Tejay Antone ,CIN,RP,pitcher,,RP,,,,33.000,,-6.570,,0.000,-3.510,3.060,0.000,0.500,0.000,0.000,Low,STABLE_RP,Missing Anchor,0.000,,,,,,,,,,,,,
22487,670912,johan oviedo,Johan Oviedo ,BOS,SP,pitcher,SP,,,,97.000,,1.929,,,0.000,-8.329,,0.000,0.500,0.000,0.000,Low,STABLE,Missing Anchor,0.000,,,,,,,,,,,,,
24710,681168,luis curvelo,Luis Curvelo ,TEX,RP,pitcher,RP,,,,40.000,,-12.025,,,0.000,-7.375,,0.000,0.500,0.000,0.000,Low,STABLE,Missing Anchor,0.000,,,,,,,,,,,,,
22915,672841,carlos vargas,Carlos Vargas ,SEA,RP,pitcher,RP,,,,56.000,,-4.126,,,0.000,,,0.000,0.500,0.000,0.000,Low,STABLE,Missing Anchor,0.000,,,,,,,,,,,,,
19802,640902,jhonny pereda,Jhonny Pereda ,SEA,C,hitter,,C,,5.000,,,,-0.904,,0.000,-1.495,-0.591,0.000,0.500,0.000,0.000,Low,STABLE,Missing Anchor,0.000,,,,,,,,,,,,,
18819,628451,andy ibanez,Andy Ibáñez ,NYM,2B/3B,hitter,2B/3B,,266.000,,,,-1.470,,,0.000,-8.406,,0.000,0.500,0.000,0.000,Low,STABLE,Missing Anchor,0.000,,,,,,,,,,,,,
18674,663765,jake woodford,Jake Woodford ,MIL,RP,pitcher,,RP,,,,39.000,,-6.802,,0.000,-2.718,4.084,0.000,0.424,0.000,0.805,High,STABLE_RP,Missing Anchor,0.000,,11.000,16.100,0.000,1.000,,,5.333,2.739,3.405,,,
19514,668800,andrew knizner,Andrew Knizner ,COL,C,hitter,C,,13.000,,,,-3.576,,,0.000,,,0.000,0.500,0.000,0.000,Low,STABLE,Missing Anchor,0.000,,,,,,,,,,,,,
20626,682515,logan porter,Logan Porter ,SFG,C,hitter,,C,,5.000,,,,-0.904,,0.000,,,0.000,0.500,0.000,0.000,Low,STABLE,Missing Anchor,0.000,,,,,,,,,,,,,
18554,646241,enmanuel de jesus,Enmanuel De Jesus ,DET,RP,pitcher,RP,,,,50.000,,-11.995,,,0.000,-3.549,,0.000,0.384,0.000,0.378,Medium,STABLE,Missing Anchor,0.000,,11.000,15.100,0.000,0.000,,,4.304,2.585,4.234,,,
18548,656529,sam hentges,Sam Hentges ,SFG,RP,pitcher,,RP,,,,42.000,,-2.180,,0.000,-6.500,-4.320,0.000,0.500,0.000,0.000,Low,STABLE_RP,Missing Anchor,0.000,,,,,,,,,,,,,
19309,670950,trevor richards,Trevor Richards ,CHW,RP,pitcher,,RP,,,,39.000,,-4.524,,0.000,-6.495,-1.971,0.000,0.500,0.000,0.000,Low,STABLE_RP,Missing Anchor,0.000,,,,,,,,,,,,,
17696,621028,kevin newman,Kevin Newman ,KCR,2B/3B/SS,hitter,2B/3B/SS,,7.000,,,,-1.895,,,0.000,,,0.000,0.500,0.000,0.000,Low,STABLE,Missing Anchor,0.000,,,,,,,,,,,,,
20538,669304,jose miranda,Jose Miranda ,SDP,3B,hitter,3B,,14.000,,,,-7.081,,,0.000,,,0.000,0.500,0.000,0.000,Low,STABLE,Missing Anchor,0.000,,,,,,,,,,,,,
18433,664731,p j higgins,P.J. Higgins ,CIN,C,hitter,,C,,5.000,,,,-0.904,,0.000,-3.735,-2.830,0.000,0.500,0.000,0.000,Low,STABLE,Missing Anchor,0.000,,,,,,,,,,,,,
20531,676710,kutter crawford,Kutter Crawford ,BOS,RP,pitcher,RP,,,,63.000,,-7.747,,,0.000,,,0.000,0.500,0.000,0.000,Low,STABLE,Missing Anchor,0.000,,,,,,,,,,,,,
20505,671221,drew waters,Drew Waters ,KCR,OF,hitter,OF,,14.000,,,,-3.925,,,0.000,,,0.000,0.500,0.000,0.000,Low,STABLE,Missing Anchor,0.000,,,,,,,,,,,,,
17282,656629,michael kopech,Michael Kopech ,,RP,pitcher,RP,,,,38.000,,-11.984,,,0.000,,,0.000,0.500,0.000,0.000,Low,STABLE,Missing Anchor,0.000,,,,,,,,,,,,,
24986,681882,colin selby,Colin Selby ,BAL,RP,pitcher,RP,,,,45.000,,-9.309,,,0.000,,,0.000,0.500,0.000,0.000,Low,STABLE,Missing Anchor,0.000,,,,,,,,,,,,,
19524,660604,alan rangel,Alan Rangel ,PHI,RP,pitcher,,RP,,,,30.000,,-8.698,,0.000,-4.656,4.042,0.000,0.500,0.000,0.000,Low,STABLE_RP,Missing Anchor,0.000,,,,,,,,,,,,,
17975,664068,scott kingery,Scott Kingery ,CHC,2B/OF,hitter,2B/OF,,14.000,,,,-2.833,,,0.000,0.228,,0.000,0.500,0.000,0.000,Low,STABLE,Missing Anchor,0.000,,,,,,,,,,,,,
23790,677943,will banfield,Will Banfield ,CIN,C,hitter,C,,6.000,,,,-3.290,,,0.000,,,0.000,0.500,0.000,0.000,Low,STABLE,Missing Anchor,0.000,,,,,,,,,,,,,
19481,621053,tyler ferguson,Tyler Ferguson ,CHC,RP,pitcher,RP,,,,52.000,,-8.994,,,0.000,-8.930,,0.000,0.500,0.000,0.000,Low,STABLE,Missing Anchor,0.000,,,,,,,,,,,,,
16122,605447,jordan romano,Jordan Romano ,COL,RP,pitcher,RP,,,,60.000,,1.748,,,0.000,-3.905,,0.000,0.500,0.000,0.000,Low,STABLE,Missing Anchor,0.000,,,,,,,,,,,,,
19422,661531,brian serven,Brian Serven ,ATH,C,hitter,,C,,5.000,,,,-0.904,,0.000,,,0.000,0.500,0.000,0.000,Low,STABLE,Missing Anchor,0.000,,,,,,,,,,,,,
24621,680802,ryan weiss,Ryan Weiss ,HOU,SP,pitcher,SP,,,,89.000,,0.799,,,0.000,-56.470,,0.000,0.104,0.000,0.475,Medium,STABLE,Missing Anchor,0.000,,7.000,19.000,0.000,0.000,,,6.011,6.685,4.429,,,
17755,622098,drew smith,Drew Smith ,MIN,RP,pitcher,RP,,,,36.000,,-12.666,,,0.000,,,0.000,0.500,0.000,0.000,Low,STABLE,Missing Anchor,0.000,,,,,,,,,,,,,
22717,672582,angel zerpa,Angel Zerpa ,MIL,RP,pitcher,RP,,,,60.000,,0.252,,,0.000,-5.278,,0.000,0.066,0.000,0.305,Low,STABLE,Missing Anchor,0.000,,12.000,12.200,0.000,2.000,,,7.142,5.317,4.263,,,
24257,678877,jhonkensy noel,Jhonkensy Noel ,BAL,1B/OF,hitter,1B/OF,,14.000,,,,-3.019,,,0.000,,,0.000,0.500,0.000,0.000,Low,STABLE,Missing Anchor,0.000,,,,,,,,,,,,,
22707,672569,gustavo campero,Gustavo Campero ,LAA,OF,hitter,OF,,7.000,,,,-4.266,,,0.000,,,0.000,0.500,0.000,0.000,Low,STABLE,Missing Anchor,0.000,,,,,,,,,,,,,
19312,615698,cal quantrill,Cal Quantrill ,TEX,SP/RP,pitcher,,SP/RP,,,,30.000,,-115.186,,0.000,-3.405,111.781,0.000,0.197,0.000,0.352,Medium,STABLE,Missing Anchor,0.000,,6.000,14.100,0.000,0.000,,,4.640,3.595,4.648,,,
21894,666619,gregory santos,Gregory Santos ,SFG,RP,pitcher,RP,,,,36.000,,-10.714,,,0.000,-5.825,,0.000,0.500,0.000,0.000,Low,STABLE,Missing Anchor,0.000,,,,,,,,,,,,,
24580,680686,josiah gray,Josiah Gray ,WSN,SP,pitcher,SP,,,,79.000,,-13.474,,,0.000,,,0.000,0.500,0.000,0.000,Low,STABLE,Missing Anchor,0.000,,,,,,,,,,,,,
19316,641778,eric lauer,Eric Lauer ,TOR,SP/RP,pitcher,SP/RP,,,,67.000,,-79.635,,,0.000,-55.033,,0.000,0.081,0.000,0.903,High,STABLE,Missing Anchor,0.000,,8.000,36.100,6.000,0.000,,,5.826,6.932,5.471,,0.374,20.400
22557,672279,michael siani,Michael Siani ,LAD,OF,hitter,OF,,7.000,,,,-3.977,,,0.000,,,0.000,0.500,0.000,0.000,Low,STABLE,Missing Anchor,0.000,,,,,,,,,,,,,
19252,624415,cavan biggio,Cavan Biggio ,HOU,1B/OF/DH,hitter,1B/OF/DH,,7.000,,,,-3.977,,,0.000,,,0.000,0.500,0.000,0.000,Low,STABLE,Missing Anchor,0.000,,,,,,,,,,,,,
24203,678821,luis peralta,Luis Peralta ,CHC,RP,pitcher,RP,,,,42.000,,-14.362,,,0.000,,,0.000,0.500,0.000,0.000,Low,STABLE,Missing Anchor,0.000,,,,,,,,,,,,,
24591,680702,joey gerber,Joey Gerber ,NYM,RP,pitcher,,RP,,,,34.000,,-6.157,,0.000,-5.172,0.986,0.000,0.500,0.000,0.000,Low,STABLE_RP,Missing Anchor,0.000,,,,,,,,,,,,,
17920,664074,cody ponce,Cody Ponce ,TOR,SP,pitcher,SP,,,,164.000,,5.594,,,0.000,4.044,,0.000,0.500,0.000,0.000,Low,STABLE,Missing Anchor,0.000,,,,,,,,,,,,,
16507,656186,dan altavilla,Dan Altavilla ,MIN,RP,pitcher,RP,,,,42.000,,-12.857,,,0.000,,,0.000,0.500,0.000,0.000,Low,STABLE,Missing Anchor,0.000,,,,,,,,,,,,,
21205,641401,connor brogdon,Connor Brogdon ,CLE,RP,pitcher,RP,,,,52.000,,-8.529,,,0.000,-4.630,,0.000,0.182,0.000,0.378,Medium,STABLE,Missing Anchor,0.000,,15.000,15.100,0.000,1.000,,,4.837,6.106,4.158,,,
19318,642136,matt thaiss,Matt Thaiss ,BOS,C,hitter,C,,6.000,,,,-3.001,,,0.000,,,0.000,0.500,0.000,0.000,Low,STABLE,Missing Anchor,0.000,,,,,,,,,,,,,
21523,663697,jonathan india,Jonathan India ,KCR,2B/3B/OF/DH,hitter,2B/3B/OF/DH,,497.000,,,,4.765,,,0.000,-1.007,,0.000,0.132,0.000,0.387,Medium,STABLE,Missing Anchor,0.000,58.000,,,,,81.020,0.285,,,,0.285,,22.600
19320,664192,joey lucchesi,Joey Lucchesi ,LAA,RP,pitcher,RP,,,,54.000,,-9.226,,,0.000,-8.310,,0.000,0.500,0.000,0.000,Low,STABLE,Missing Anchor,0.000,,,,,,,,,,,,,
21131,664744,jose espada,Jose Espada ,BAL,RP,pitcher,,RP,,,,29.000,,-7.175,,0.000,-6.318,0.857,0.000,0.500,0.000,0.000,Low,STABLE_RP,Missing Anchor,0.000,,,,,,,,,,,,,
19695,657756,connor seabold,Connor Seabold ,DET,RP,pitcher,RP,,,,52.000,,-13.449,,,0.000,-5.716,,0.000,0.500,0.000,0.000,Low,STABLE,Missing Anchor,0.000,,,,,,,,,,,,,
19795,624522,keegan thompson,Keegan Thompson ,COL,RP,pitcher,RP,,,,40.000,,-13.040,,,0.000,,,0.000,0.500,0.000,0.000,Low,STABLE,Missing Anchor,0.000,,,,,,,,,,,,,
17969,663567,peter lambert,Peter Lambert ,HOU,SP,pitcher,,SP,,,,56.000,,0.893,,0.000,17.304,16.411,0.000,0.500,0.000,0.000,Low,STABLE,Missing Anchor,0.000,,,,,,,,,,,,,
19924,663542,bryan hudson,Bryan Hudson ,CHW,RP,pitcher,,RP,,,,47.000,,1.731,,0.000,2.367,0.636,0.000,0.653,0.000,0.900,High,STABLE_RP,Missing Anchor,0.000,,19.000,18.000,0.000,2.000,,,2.857,2.384,3.321,,,
21584,663941,tristan beck,Tristan Beck ,SFG,RP,pitcher,,RP,,,,26.000,,-6.114,,0.000,-5.841,0.273,0.000,0.500,0.000,0.000,Low,STABLE_RP,Missing Anchor,0.000,,,,,,,,,,,,,
15679,642133,rowdy tellez,Rowdy Tellez ,ATL,1B/DH,hitter,1B/DH,,35.000,,,,-7.468,,,0.000,,,0.000,0.500,0.000,0.000,Low,STABLE,Missing Anchor,0.000,,,,,,,,,,,,,
22274,669392,samad taylor,Samad Taylor ,SDP,OF,hitter,OF,,7.000,,,,-3.977,,,0.000,,,0.000,0.500,0.000,0.000,Low,STABLE,Missing Anchor,0.000,,,,,,,,,,,,,
17948,663423,trent thornton,Trent Thornton ,CHC,RP,pitcher,,RP,,,,37.000,,-5.134,,0.000,-5.708,-0.574,0.000,0.500,0.000,0.000,Low,STABLE_RP,Missing Anchor,0.000,,,,,,,,,,,,,
20151,675916,james karinchak,James Karinchak ,ATL,RP,pitcher,,RP,,,,29.000,,-6.492,,0.000,,,0.000,0.500,0.000,0.000,Low,STABLE_RP,Missing Anchor,0.000,,,,,,,,,,,,,
25501,687606,paxton schultz,Paxton Schultz ,WSN,RP,pitcher,,RP,,,,35.000,,-6.803,,0.000,-2.201,4.603,0.000,0.410,0.000,0.760,High,STABLE_RP,Missing Anchor,0.000,,11.000,15.200,0.000,1.000,,,4.329,3.489,3.982,,,
20126,666185,dylan carlson,Dylan Carlson ,PHI,OF,hitter,OF,,84.000,,,,-3.041,,,0.000,-3.300,,0.000,0.500,0.000,0.000,Low,STABLE,Missing Anchor,0.000,,,,,,,,,,,,,
25582,669620,brady basso,Brady Basso ,ATH,RP,pitcher,,RP,,,,30.000,,-7.001,,0.000,-7.381,-0.380,0.000,0.500,0.000,0.000,Low,STABLE_RP,Missing Anchor,0.000,,,,,,,,,,,,,
17484,650391,eloy jimenez,Eloy Jiménez ,,DH/OF,hitter,DH/OF,,14.000,,,,-3.925,,,0.000,-3.064,,0.000,0.500,0.000,0.000,Low,STABLE,Missing Anchor,0.000,,,,,,,,,,,,,
25589,671111,sammy peralta,Sammy Peralta ,COL,RP,pitcher,,RP,,,,31.000,,-7.146,,0.000,,,0.000,0.500,0.000,0.000,Low,STABLE_RP,Missing Anchor,0.000,,,,,,,,,,,,,
20099,663978,chris paddack,Chris Paddack ,CIN,SP,pitcher,SP,,,,134.000,,-14.922,,,0.000,-48.469,,0.000,0.202,0.000,0.755,High,STABLE,Missing Anchor,0.000,,7.000,30.200,6.000,0.000,,,4.323,4.965,4.437,,0.329,22.100
23313,676130,jose butto,José Buttó ,SFG,RP,pitcher,RP,,,,64.000,,-1.563,,,0.000,-9.380,,0.000,0.500,0.000,0.000,Low,STABLE,Missing Anchor,0.000,,,,,,,,,,,,,
22176,668834,easton mcgee,Easton McGee ,MIL,RP,pitcher,,RP,,,,26.000,,-5.863,,0.000,-5.688,0.175,0.000,0.500,0.000,0.000,Low,STABLE_RP,Missing Anchor,0.000,,,,,,,,,,,,,
19911,660761,jose suarez,José Suarez ,SEA,SP/RP,pitcher,SP/RP,,,,65.000,,-77.528,,,0.000,-41.850,,0.000,0.307,0.000,0.355,Medium,STABLE,Missing Anchor,0.000,,8.000,14.200,0.000,1.000,,,4.382,3.106,4.352,,,
19995,669270,joel kuhnel,Joel Kuhnel ,ATH,RP,pitcher,,RP,,,,47.000,,-0.319,,0.000,-0.574,-0.255,0.000,0.258,0.000,0.755,High,STABLE_RP,Missing Anchor,0.000,,15.000,15.100,0.000,4.000,,,3.949,3.954,4.206,,,
25621,682868,bryan ramos,Bryan Ramos ,BAL,3B,hitter,3B,,14.000,,,,-7.081,,,0.000,,,0.000,0.500,0.000,0.000,Low,STABLE,Missing Anchor,0.000,,,,,,,,,,,,,
23293,676051,codi heuer,Codi Heuer ,CLE,RP,pitcher,,RP,,,,32.000,,-5.332,,0.000,,,0.000,0.500,0.000,0.000,Low,STABLE_RP,Missing Anchor,0.000,,,,,,,,,,,,,
17888,642048,tayler saucedo,Tayler Saucedo ,LAA,RP,pitcher,,RP,,,,32.000,,-4.888,,0.000,-5.820,-0.932,0.000,0.500,0.000,0.000,Low,STABLE_RP,Missing Anchor,0.000,,,,,,,,,,,,,
23265,675989,cody bolton,Cody Bolton ,HOU,RP,pitcher,,RP,,,,34.000,,-7.194,,0.000,-46.158,-38.964,0.000,0.500,0.000,0.000,Low,STABLE_RP,Missing Anchor,0.000,,,,,,,,,,,,,
19948,665506,cristian pache,Cristian Pache ,NYM,OF,hitter,OF,,7.000,,,,-3.977,,,0.000,,,0.000,0.500,0.000,0.000,Low,STABLE,Missing Anchor,0.000,,,,,,,,,,,,,
15507,640451,hunter harvey,Hunter Harvey ,CHC,RP,pitcher,RP,,,,52.000,,0.415,,,0.000,-7.508,,0.000,0.500,0.000,0.000,Low,STABLE,Missing Anchor,0.000,,,,,,,,,,,,,
23162,674384,eduarniel nunez,Eduarniel Núñez ,ATH,RP,pitcher,RP,,,,50.000,,-10.052,,,0.000,,,0.000,0.500,0.000,0.000,Low,STABLE,Missing Anchor,0.000,,,,,,,,,,,,,
16572,656582,connor joe,Connor Joe ,SEA,1B/OF,hitter,,1B/OF,,15.000,,,,-1.521,,0.000,0.096,1.616,0.000,0.500,0.000,0.000,Low,STABLE,Missing Anchor,0.000,,,,,,,,,,,,,
15730,642180,tyler wade,Tyler Wade ,,2B/OF,hitter,2B/OF,,49.000,,,,-3.682,,,0.000,,,0.000,0.500,0.000,0.000,Low,STABLE,Missing Anchor,0.000,,,,,,,,,,,,,
25434,669717,will wilson,Will Wilson ,SEA,2B/3B,hitter,,2B/3B,,15.000,,,,-0.296,,0.000,2.262,2.558,0.000,0.500,0.000,0.000,Low,STABLE,Missing Anchor,0.000,,,,,,,,,,,,,
25311,682610,roddery munoz,Roddery Muñoz ,HOU,RP,pitcher,RP,,,,54.000,,-8.813,,,0.000,-10.234,,0.000,0.500,0.000,0.000,Low,STABLE,Missing Anchor,0.000,,,,,,,,,,,,,
17859,640470,adbert alzolay,Adbert Alzolay ,NYM,RP,pitcher,RP,,,,42.000,,-10.208,,,0.000,,,0.000,0.500,0.000,0.000,Low,STABLE,Missing Anchor,0.000,,,,,,,,,,,,,
16622,649966,luis urias,Luis Urías ,ARI,2B/3B,hitter,2B/3B,,28.000,,,,-1.485,,,0.000,,,0.000,0.500,0.000,0.000,Low,STABLE,Missing Anchor,0.000,,,,,,,,,,,,,
19562,670097,zack short,Zack Short ,DET,SS,hitter,,SS,,26.000,,,,-0.390,,0.000,-1.377,-0.987,0.000,0.500,0.000,0.000,Low,STABLE,Missing Anchor,0.000,,,,,,,,,,,,,
25215,682274,yaramil hiraldo,Yaramil Hiraldo ,BAL,RP,pitcher,RP,,,,38.000,,-9.593,,,0.000,-9.590,,0.000,0.500,0.000,0.000,Low,STABLE,Missing Anchor,0.000,,,,,,,,,,,,,
25241,682445,domingo gonzalez,Domingo Gonzalez ,SEA,RP,pitcher,,RP,,,,31.000,,-5.347,,0.000,-6.165,-0.819,0.000,0.500,0.000,0.000,Low,STABLE_RP,Missing Anchor,0.000,,,,,,,,,,,,,
23479,676742,cam sanders,Cam Sanders ,PIT,RP,pitcher,,RP,,,,29.000,,-6.458,,0.000,-5.500,0.958,0.000,0.500,0.000,0.000,Low,STABLE_RP,Missing Anchor,0.000,,,,,,,,,,,,,
25310,682608,peyton gray,Peyton Gray ,TEX,RP,pitcher,,RP,,,,32.000,,-5.788,,0.000,-3.028,2.760,0.000,0.500,0.000,0.000,Low,STABLE_RP,Missing Anchor,0.000,,,,,,,,,,,,,
23391,676568,ricky vanasco,Ricky Vanasco ,DET,RP,pitcher,,RP,,,,31.000,,-6.736,,0.000,-7.937,-1.201,0.000,0.500,0.000,0.000,Low,STABLE_RP,Missing Anchor,0.000,,,,,,,,,,,,,
23455,676702,hunter stratton,Hunter Stratton ,ATL,RP,pitcher,,RP,,,,42.000,,-1.736,,0.000,-5.878,-4.143,0.000,0.500,0.000,0.000,Low,STABLE_RP,Missing Anchor,0.000,,,,,,,,,,,,,
20353,621051,steven wilson,Steven Wilson ,TBR,RP,pitcher,RP,,,,43.000,,-12.339,,,0.000,,,0.000,0.500,0.000,0.000,Low,STABLE,Missing Anchor,0.000,,,,,,,,,,,,,
19614,672335,cionel perez,Cionel Pérez ,NYM,RP,pitcher,RP,,,,57.000,,-5.760,,,0.000,-4.899,,0.000,0.000,0.000,0.400,Medium,STABLE,Missing Anchor,0.000,,16.000,16.000,0.000,0.000,,,9.086,5.669,5.273,,,
20287,666163,ben rortvedt,Ben Rortvedt ,NYM,C,hitter,C,,13.000,,,,-3.576,,,0.000,,,0.000,0.500,0.000,0.000,Low,STABLE,Missing Anchor,0.000,,,,,,,,,,,,,
21716,665839,enmanuel valdez,Enmanuel Valdez ,PIT,1B/2B,hitter,1B/2B,,7.000,,,,-2.605,,,0.000,,,0.000,0.500,0.000,0.000,Low,STABLE,Missing Anchor,0.000,,,,,,,,,,,,,
25353,683021,michael stefanic,Michael Stefanic ,ATH,2B,hitter,,2B,,88.000,,,,-1.052,,0.000,1.210,2.262,0.000,0.500,0.000,0.000,Low,STABLE,Missing Anchor,0.000,,,,,,,,,,,,,
18337,623433,nick anderson,Nick Anderson ,ATH,RP,pitcher,RP,,,,40.000,,-12.644,,,0.000,,,0.000,0.500,0.000,0.000,Low,STABLE,Missing Anchor,0.000,,,,,,,,,,,,,
17964,656457,tyler gilbert,Tyler Gilbert ,CHW,RP,pitcher,RP,,,,40.000,,-12.334,,,0.000,-9.075,,0.000,0.500,0.000,0.000,Low,STABLE,Missing Anchor,0.000,,,,,,,,,,,,,
23395,676572,eric wagaman,Eric Wagaman ,NYM,1B/OF/DH,hitter,1B/OF/DH,,112.000,,,,-2.709,,,0.000,,,0.000,0.500,0.000,0.000,Low,STABLE,Missing Anchor,0.000,,,,,,,,,,,,,
25369,683079,omar martinez,Omar Martinez ,LAA,C,hitter,,C,,9.000,,,,-0.814,,0.000,-1.963,-1.149,0.000,0.500,0.000,0.000,Low,STABLE,Missing Anchor,0.000,,,,,,,,,,,,,
21871,666464,jerar encarnacion,Jerar Encarnacion ,SFG,OF,hitter,OF,,154.000,,,,-2.225,,,0.000,-8.345,,0.000,0.500,0.000,0.000,Low,STABLE,Missing Anchor,0.000,,,,,,,,,,,,,
16417,642727,sergio alcantara,Sergio Alcántara ,PHI,3B/SS,hitter,3B/SS,,7.000,,,,-2.146,,,0.000,,,0.000,0.500,0.000,0.000,Low,STABLE,Missing Anchor,0.000,,,,,,,,,,,,,
8700,434378,justin verlander,Justin Verlander ,DET,SP,pitcher,SP,SP,,,141.000,97.000,-10.648,-10.661,-0.013,-0.013,0.068,10.728,0.000,0.500,0.000,0.000,Low,STABLE,Stable,-0.013,,,,,,,,,,,,,
19452,668670,jake rogers,Jake Rogers ,DET,C,hitter,C,C,192.000,113.000,,,-2.518,-2.548,-0.030,-0.030,-7.171,-4.623,0.000,0.500,0.000,0.000,Low,STABLE,Stable,-0.030,,,,,,,,,,,,,
16947,656537,derek hill,Derek Hill ,CHW,OF,hitter,OF,OF,105.000,124.000,,,-3.773,-4.005,-0.232,-0.232,2.461,6.465,0.259,0.415,-0.113,0.333,Low,STABLE,Stable,-0.086,50.000,,,,,119.187,0.357,,,,0.357,,31.600
19608,672640,otto lopez,Otto Lopez ,MIA,2B/SS,hitter,2B/SS,2B/SS,609.000,447.000,,,5.038,2.581,-2.456,-2.456,25.645,23.064,2.400,0.488,-0.047,1.000,High,STABLE,"Banked Production, Projection Skeptical",-0.103,177.000,,,,,142.340,0.344,,,,0.344,,21.800
25436,669923,george kirby,George Kirby ,SEA,SP,pitcher,SP,SP,,,172.000,125.000,23.821,23.611,-0.210,-0.210,24.675,1.064,0.128,0.494,-0.022,1.000,High,STABLE_SP,Stable,-0.104,,9.000,57.000,9.000,0.000,,,2.885,3.247,3.542,,0.272,20.200
12158,605131,austin barnes,Austin Barnes ,,C,hitter,C,C,64.000,38.000,,,-4.127,-4.235,-0.108,-0.108,,,0.000,0.500,0.000,0.000,Low,STABLE,Stable,-0.108,,,,,,,,,,,,,
14212,623352,josh hader,Josh Hader ,HOU,RP,pitcher,RP,RP,,,61.000,42.000,13.342,13.229,-0.112,-0.112,,,0.000,0.500,0.000,0.000,Low,STABLE_RP,Stable,-0.112,,,,,,,,,,,,,
17425,607200,erick fedde,Erick Fedde ,CHW,SP,pitcher,SP,SP,,,108.000,92.000,-16.588,-15.416,1.172,1.172,-46.442,-31.026,0.000,0.177,-1.294,1.000,High,STABLE_SP,Stable,-0.122,,8.000,43.000,6.000,0.000,,,4.160,6.037,4.974,,0.323,16.400
14221,624585,jorge soler,Jorge Soler ,LAA,OF/DH,hitter,OF/DH,OF/DH,511.000,382.000,,,5.032,4.969,-0.063,-0.063,9.192,4.222,0.507,0.358,-0.568,1.000,High,STABLE,Stable,-0.124,170.000,,,,,108.948,0.318,,,,0.318,,37.900
17578,664141,jt brubaker,JT Brubaker ,SFG,RP,pitcher,RP,RP,,,57.000,40.000,-8.151,-7.186,0.965,0.965,-4.050,3.136,0.342,0.106,-1.434,0.910,High,STABLE_RP,Stable,-0.126,,14.000,18.200,0.000,0.000,,,5.406,3.963,4.848,,,
17988,663886,tyler stephenson,Tyler Stephenson ,CIN,C/DH,hitter,C/DH,C/DH,450.000,304.000,,,4.067,4.321,0.254,0.254,-8.105,-12.426,0.000,0.379,-0.398,0.820,High,STABLE,Stable,-0.143,123.000,,,,,66.424,0.333,,,,0.333,,25.900
35108,701358,cam smith,Cam Smith ,HOU,OF,hitter,OF,OF,539.000,408.000,,,0.988,1.308,0.320,0.320,-2.844,-4.152,0.000,0.379,-0.483,1.000,High,STABLE,Stable,-0.163,167.000,,,,,81.940,0.347,,,,0.347,,31.100
20572,665019,kody clemens,Kody Clemens ,MIN,1B/2B/OF,hitter,1B/2B/OF,1B/2B/OF,252.000,201.000,,,1.000,0.622,-0.378,-0.378,5.198,4.576,0.425,0.430,-0.216,0.773,High,STABLE,Stable,-0.169,116.000,,,,,109.104,0.340,,,,0.340,,26.800
22823,672724,oswald peraza,Oswald Peraza ,LAA,1B/2B/3B/SS,hitter,1B/2B/3B/SS,1B/2B/3B/SS,273.000,347.000,,,-0.256,-1.586,-1.330,-1.330,15.971,17.557,1.728,0.324,-0.577,0.820,High,STABLE,"Banked Production, Projection Skeptical",-0.180,123.000,,,,,129.391,0.327,,,,0.327,,30.700
20778,650911,cristopher sanchez,Cristopher Sánchez ,PHI,SP,pitcher,SP,SP,,,202.000,149.000,41.768,40.530,-1.238,-1.238,29.394,-11.136,0.000,0.762,1.050,1.000,High,STABLE_SP,Stable,-0.188,,9.000,55.100,9.000,0.000,,,2.777,2.203,2.463,,0.267,31.600
14295,593974,wandy peralta,Wandy Peralta ,SDP,RP,pitcher,RP,RP,,,57.000,41.000,-3.472,-2.422,1.050,1.050,-4.310,-1.888,0.000,0.188,-1.249,1.000,High,STABLE_RP,Stable,-0.199,,18.000,20.100,0.000,0.000,,,3.960,4.778,4.173,,,
10233,547973,aroldis chapman,Aroldis Chapman ,BOS,RP,pitcher,RP,RP,,,62.000,46.000,17.272,16.442,-0.830,-0.830,4.765,-11.677,0.000,0.738,0.628,0.660,Medium,RP_CLOSER,Closer Value,-0.202,,14.000,13.200,0.000,9.000,,,3.763,1.643,2.774,,,
26197,683734,andrew vaughn,Andrew Vaughn ,MIL,1B/DH,hitter,1B/DH,1B/DH,560.000,364.000,,,3.317,3.109,-0.207,-0.207,0.699,-2.410,0.000,0.500,0.000,0.000,Low,STABLE,Stable,-0.207,,,,,,,,,,,,,
27552,668933,graham ashcraft,Graham Ashcraft ,CIN,RP,pitcher,RP,RP,,,65.000,48.000,6.427,6.244,-0.183,-0.183,4.001,-2.243,0.000,0.492,-0.033,1.000,High,STABLE_RP,Stable,-0.216,,21.000,21.200,0.000,1.000,,,3.308,3.199,3.506,,,
27649,683175,connor phillips,Connor Phillips ,CIN,RP,pitcher,RP,RP,,,58.000,43.000,-5.579,-4.170,1.409,1.409,-1.240,2.929,0.352,0.000,-2.000,1.000,High,STABLE_RP,Stable,-0.239,,20.000,21.200,0.000,1.000,,,5.427,5.045,6.196,,,
14706,607455,anthony banda,Anthony Banda ,MIN,RP,pitcher,RP,RP,,,56.000,37.000,-5.330,-4.462,0.868,0.868,-2.719,1.743,0.180,0.124,-1.294,0.860,High,STABLE_RP,Stable,-0.246,,20.000,17.200,0.000,0.000,,,4.018,4.974,5.014,,,
22541,671655,george valera,George Valera ,CLE,OF/DH,hitter,OF/DH,OF/DH,392.000,172.000,,,-3.164,-3.428,-0.264,-0.264,-5.361,-1.933,0.000,0.500,0.000,0.000,Low,STABLE,Stable,-0.264,,,,,,,,,,,,,
27462,668885,austin martin,Austin Martin ,MIN,OF,hitter,OF,OF,329.000,237.000,,,-3.090,-5.345,-2.255,-2.255,15.955,21.300,2.000,0.497,-0.010,0.833,High,STABLE,"Banked Production, Projection Skeptical",-0.265,125.000,,,,,151.552,0.362,,,,0.362,,16.800
27768,691587,eury perez,Eury Pérez ,MIA,SP,pitcher,SP,SP,,,133.000,98.000,13.745,14.473,0.728,0.728,11.922,-2.551,0.000,0.251,-0.997,1.000,High,STABLE_SP,Stable,-0.269,,9.000,47.100,9.000,0.000,,,4.892,4.839,4.363,,0.347,28.600
16258,607481,aaron bummer,Aaron Bummer ,ATL,RP,pitcher,RP,RP,,,60.000,44.000,-0.015,0.901,0.916,0.916,-6.331,-7.232,0.000,0.043,-1.187,0.650,Medium,STABLE_RP,Stable,-0.271,,17.000,13.000,0.000,0.000,,,5.670,6.799,4.744,,,
21622,664983,jake mccarthy,Jake McCarthy ,COL,OF,hitter,OF,OF,350.000,211.000,,,4.729,4.290,-0.439,-0.439,11.608,7.318,0.544,0.337,-0.405,0.620,Medium,STABLE,Stable,-0.300,93.000,,,,,125.280,0.339,,,,0.339,,22.100
15161,641598,mitch garver,Mitch Garver ,SEA,C/DH,hitter,C/DH,C/DH,109.000,103.000,,,-3.143,-3.174,-0.031,-0.031,-6.536,-3.363,0.000,0.329,-0.279,0.407,Medium,STABLE,Stable,-0.310,61.000,,,,,77.095,0.304,,,,0.304,,35.400
16918,596133,luke weaver,Luke Weaver ,NYM,RP,pitcher,RP,RP,,,67.000,50.000,2.092,2.253,0.161,0.161,-1.198,-3.451,0.000,0.356,-0.494,0.855,High,STABLE_RP,Stable,-0.333,,17.000,17.100,0.000,0.000,,,3.857,3.856,3.896,,,
4949,519317,giancarlo stanton,Giancarlo Stanton ,NYY,OF/DH,hitter,OF/DH,OF/DH,413.000,214.000,,,8.800,8.689,-0.111,-0.111,2.992,-5.697,0.000,0.412,-0.225,0.640,Medium,STABLE,Stable,-0.337,96.000,,,,,102.923,0.326,,,,0.326,,38.700
21052,661563,luis gil,Luis Gil ,NYY,SP,pitcher,SP,SP,,,91.000,36.000,-2.342,-2.707,-0.364,-0.364,-2.390,0.317,0.000,0.500,0.000,0.000,Low,STABLE,Stable,-0.364,,,,,,,,,,,,,
31843,677958,kumar rocker,Kumar Rocker ,TEX,SP,pitcher,SP,SP,,,129.000,104.000,3.021,3.350,0.329,0.329,8.883,5.533,0.616,0.146,-1.314,0.927,High,STABLE_SP,Stable,-0.370,,8.000,37.100,8.000,0.000,,,5.117,4.338,4.451,,0.354,21.500
19955,666158,gavin lux,Gavin Lux ,TBR,2B/3B/OF/DH,hitter,2B/3B/OF/DH,2B/3B/OF/DH,399.000,223.000,,,-0.631,-1.005,-0.374,-0.374,,,0.000,0.500,0.000,0.000,Low,STABLE,Stable,-0.374,,,,,,,,,,,,,
29779,691777,max muncy,Max Muncy ,ATH,2B/3B/SS,hitter,2B/3B/SS,2B/3B/SS,406.000,228.000,,,-1.123,-1.580,-0.457,-0.457,3.992,5.571,0.464,0.363,-0.381,0.693,Medium,STABLE,Stable,-0.374,104.000,,,,,94.807,0.303,,,,0.303,,35.400
17338,650489,willi castro,Willi Castro ,COL,2B/3B/SS/OF,hitter,2B/3B/SS/OF,2B/3B/SS/OF,553.000,401.000,,,7.290,8.067,0.777,0.777,-2.562,-10.629,0.000,0.151,-1.154,0.827,High,STABLE,Stable,-0.377,124.000,,,,,67.093,0.269,,,,0.269,,32.200
22054,667472,dane myers,Dane Myers ,CIN,OF,hitter,OF,OF,280.000,165.000,,,-2.161,-2.506,-0.345,-0.345,-1.360,1.146,0.060,0.432,-0.118,0.433,Medium,STABLE,Stable,-0.404,65.000,,,,,87.261,0.395,,,,0.395,,16.800
26214,669684,chris murphy,Chris Murphy ,CHW,RP,pitcher,RP,RP,,,56.000,27.000,-6.611,-7.033,-0.422,-0.422,-6.658,0.375,0.000,0.500,0.000,0.000,Low,STABLE_RP,Stable,-0.422,,,,,,,,,,,,,
16930,641680,jonah heim,Jonah Heim ,ATH,C/DH,hitter,C/DH,C/DH,70.000,119.000,,,-3.011,-2.885,0.126,0.126,-5.417,-2.532,0.000,0.119,-0.559,0.367,Medium,STABLE,Stable,-0.432,55.000,,,,,64.855,0.242,,,,0.242,,18.300
18217,664954,brett sullivan,Brett Sullivan ,COL,C,hitter,C,C,154.000,122.000,,,-4.540,-4.024,0.515,0.515,-7.602,-3.578,0.000,0.000,-0.960,0.480,Medium,STABLE,Stable,-0.445,72.000,,,,,48.046,0.245,,,,0.245,,24.300
29617,680779,henry davis,Henry Davis ,PIT,C,hitter,C,C,256.000,197.000,,,-1.034,-0.722,0.312,0.312,-11.676,-10.954,0.000,0.192,-0.821,0.667,Medium,STABLE,Stable,-0.509,100.000,,,,,51.188,0.284,,,,0.284,,20.700
18345,663656,kyle tucker,Kyle Tucker ,LAD,OF/DH,hitter,OF/DH,OF/DH,651.000,478.000,,,35.288,35.104,-0.184,-0.184,13.780,-21.324,0.000,0.418,-0.329,1.000,High,STABLE,Stable,-0.513,181.000,,,,,122.518,0.335,,,,0.335,,24.000
25332,682848,endy rodriguez,Endy Rodríguez ,PIT,C/1B,hitter,C/1B,C/1B,105.000,109.000,,,-1.943,-2.457,-0.515,-0.515,,,0.000,0.500,0.000,0.000,Low,STABLE,Stable,-0.515,,,,,,,,,,,,,
27496,683357,owen caissie,Owen Caissie ,MIA,OF,hitter,OF,OF,420.000,319.000,,,3.463,3.845,0.382,0.382,-5.377,-9.222,0.000,0.215,-0.897,0.787,High,STABLE,Stable,-0.515,118.000,,,,,67.513,0.289,,,,0.287,,34.500
19479,650644,aaron civale,Aaron Civale ,ATH,SP,pitcher,SP,SP,,,132.000,110.000,-12.970,-12.425,0.545,0.545,-37.779,-25.354,0.000,0.233,-1.069,1.000,High,STABLE_SP,Stable,-0.525,,8.000,41.200,8.000,0.000,,,4.150,3.778,4.554,,0.323,19.300
27867,671922,cade smith,Cade Smith ,CLE,RP,pitcher,RP,RP,,,70.000,51.000,20.704,18.425,-2.278,-2.278,8.058,-10.367,0.000,0.937,1.747,1.000,High,RP_CLOSER,Closer Value,-0.532,,20.000,20.200,0.000,13.000,,,2.587,1.510,2.308,,,
13620,608348,carson kelly,Carson Kelly ,CHC,C/DH,hitter,C,C/DH,373.000,274.000,,,-0.590,-1.660,-1.069,-1.069,5.569,7.229,0.677,0.455,-0.141,0.780,High,STABLE,Stable,-0.533,117.000,,,,,123.238,0.332,,,,0.332,,22.800
13743,608331,max fried,Max Fried ,NYY,SP,pitcher,SP,SP,,,188.000,122.000,23.464,19.175,-4.288,-4.288,35.688,16.512,3.302,0.613,0.452,1.000,High,STABLE_SP,"YTD Breakout, Projection Skeptical",-0.534,,10.000,61.200,10.000,0.000,,,2.499,2.717,3.805,,0.254,23.200
21501,663616,trevor larnach,Trevor Larnach ,MIN,OF/DH,hitter,OF/DH,OF/DH,413.000,309.000,,,2.601,1.875,-0.726,-0.726,8.452,6.577,0.621,0.364,-0.429,0.787,High,STABLE,Stable,-0.534,118.000,,,,,125.265,0.323,,,,0.323,,28.200
25703,687849,zak kent,Zak Kent ,WSN,RP,pitcher,RP,RP,,,54.000,31.000,-7.265,-7.829,-0.564,-0.564,-8.160,-0.331,0.000,0.500,0.000,0.000,Low,STABLE_RP,Stable,-0.564,,,,,,,,,,,,,
18297,641755,tyler kinley,Tyler Kinley ,ATL,RP,pitcher,RP,RP,,,63.000,46.000,-0.918,-0.664,0.254,0.254,-1.620,-0.956,0.000,0.269,-0.832,0.900,High,STABLE_RP,Stable,-0.578,,20.000,18.000,0.000,0.000,,,3.462,4.829,4.223,,,
19330,670036,matt festa,Matt Festa ,CLE,RP,pitcher,RP,RP,,,60.000,40.000,-1.425,-1.218,0.207,0.207,-1.019,0.199,0.024,0.296,-0.814,1.000,High,STABLE_RP,Stable,-0.583,,19.000,20.000,0.000,1.000,,,3.446,4.756,4.615,,,
11423,500779,jose quintana,Jose Quintana ,COL,SP,pitcher,SP,SP,,,144.000,105.000,-34.194,-35.785,-1.591,-1.591,3.756,39.541,2.040,0.189,-1.057,0.850,High,STABLE_SP,"Banked Production, Projection Skeptical",-0.609,,7.000,34.000,7.000,0.000,,,4.687,5.577,5.897,,0.341,21.700
12979,595879,javier baez,Javier Báez ,DET,2B/3B/SS/OF,hitter,2B/3B/SS/OF,2B/3B/SS/OF,448.000,180.000,,,-5.613,-5.806,-0.193,-0.193,1.000,6.806,0.446,0.079,-0.920,0.547,Medium,STABLE,Stable,-0.666,82.000,,,,,86.242,0.294,,,,0.294,,27.500
19326,668804,bryan reynolds,Bryan Reynolds ,PIT,OF/DH,hitter,OF/DH,OF/DH,644.000,473.000,,,12.432,11.412,-1.020,-1.020,15.320,3.908,0.469,0.470,-0.121,1.000,High,STABLE,Stable,-0.672,186.000,,,,,125.328,0.346,,,,0.346,,31.100
29780,691788,joe mack,Joe Mack ,MIA,C,hitter,C,C,250.000,282.000,,,-3.345,-4.039,-0.694,-0.694,-3.897,0.142,0.000,0.500,0.000,0.000,Low,STABLE,Stable,-0.694,,,,,,,,,,,,,
29554,680728,adrian del castillo,Adrian Del Castillo ,ARI,C/DH,hitter,C/DH,C/DH,124.000,127.000,,,-1.799,-1.651,0.149,0.149,-6.835,-5.184,0.000,0.152,-0.864,0.620,Medium,STABLE,Stable,-0.715,93.000,,,,,64.269,0.258,,,,0.258,,31.200
29958,695670,harry ford,Harry Ford ,WSN,C/DH,hitter,C/DH,C/DH,224.000,96.000,,,-1.227,-1.943,-0.716,-0.716,,,0.000,0.500,0.000,0.000,Low,STABLE,Stable,-0.716,,,,,,,,,,,,,
29869,700241,michael mcgreevy,Michael McGreevy ,STL,SP,pitcher,SP,SP,,,133.000,112.000,-5.428,-6.779,-1.351,-1.351,5.575,12.353,1.482,0.282,-0.871,1.000,High,STABLE_SP,Stable,-0.739,,8.000,45.100,8.000,0.000,,,5.056,3.746,3.676,,0.352,20.200
21461,663485,cole sands,Cole Sands ,MIN,RP,pitcher,RP,RP,,,68.000,41.000,3.864,3.124,-0.740,-0.740,-3.708,-6.832,0.000,0.500,0.000,0.000,Low,STABLE_RP,Stable,-0.740,,,,,,,,,,,,,
23237,675848,juan mejia,Juan Mejia ,COL,RP,pitcher,RP,RP,,,66.000,46.000,0.338,-0.516,-0.854,-0.854,-39.538,-39.022,0.000,0.526,0.095,0.910,High,STABLE_RP,Stable,-0.758,,15.000,18.200,0.000,2.000,,,3.244,3.481,3.519,,,
16512,643396,isiah kiner falefa,Isiah Kiner-Falefa ,BOS,2B/3B/SS,hitter,2B/3B/SS,2B/3B/SS,154.000,109.000,,,-3.266,-4.025,-0.759,-0.759,-4.606,-0.581,0.000,0.500,0.000,0.000,Low,STABLE,Stable,-0.759,,,,,,,,,,,,,
19913,660821,jesus sanchez,Jesús Sánchez ,TOR,OF/DH,hitter,OF,OF/DH,420.000,309.000,,,6.596,6.469,-0.127,-0.127,4.150,-2.320,0.000,0.322,-0.661,0.927,High,STABLE,Stable,-0.788,139.000,,,,,97.708,0.328,,,,0.328,,24.800
25911,666974,yennier cano,Yennier Cano ,BAL,RP,pitcher,RP,RP,,,60.000,41.000,0.157,-0.987,-1.144,-1.144,0.716,1.703,0.164,0.559,0.190,0.800,High,STABLE_RP,Stable,-0.791,,20.000,16.000,0.000,0.000,,,3.290,2.919,3.072,,,
21267,656234,jake bird,Jake Bird ,NYY,RP,pitcher,RP,RP,,,57.000,36.000,-1.709,-2.746,-1.036,-1.036,-1.644,1.102,0.087,0.560,0.157,0.655,Medium,STABLE_RP,Stable,-0.793,,16.000,13.100,0.000,0.000,,,3.365,3.106,3.396,,,
34967,683953,travis bazzana,Travis Bazzana ,CLE,2B,hitter,2B,2B,252.000,389.000,,,-2.297,-3.590,-1.293,-1.293,6.739,10.328,0.487,0.487,-0.020,0.393,Medium,STABLE,Stable,-0.826,59.000,,,,,116.858,0.369,,,,0.363,,22.600
21992,666808,camilo doval,Camilo Doval ,NYY,RP,pitcher,RP,RP,,,64.000,45.000,4.535,3.330,-1.204,-1.204,-3.148,-6.478,0.000,0.623,0.373,0.760,High,STABLE_RP,Stable,-0.831,,18.000,15.200,0.000,0.000,,,2.848,4.000,2.766,,,
22896,672820,lenyn sosa,Lenyn Sosa ,TOR,1B/2B/DH,hitter,1B/2B/DH,1B/2B/DH,427.000,149.000,,,-0.945,-0.808,0.137,0.137,-10.203,-9.395,0.000,0.099,-0.972,0.607,Medium,STABLE,Stable,-0.835,91.000,,,,,40.063,0.262,,,,0.262,,22.900
18383,647336,michael soroka,Michael Soroka ,ARI,SP,pitcher,SP,SP,,,103.000,106.000,7.104,6.564,-0.540,-0.540,3.922,-2.642,0.000,0.420,-0.320,1.000,High,STABLE_SP,Stable,-0.860,,8.000,43.100,8.000,0.000,,,4.757,3.176,3.272,,0.343,23.500
19455,655316,andruw monasterio,Andruw Monasterio ,BOS,1B/2B/3B/SS,hitter,1B/2B/3B/SS,1B/2B/3B/SS,112.000,73.000,,,-1.620,-2.351,-0.731,-0.731,0.382,2.733,0.138,0.340,-0.268,0.420,Medium,STABLE,Stable,-0.861,63.000,,,,,87.099,0.334,,,,0.334,,16.900
29592,681393,connor norby,Connor Norby ,MIA,1B/3B/DH,hitter,3B,1B/3B/DH,497.000,360.000,,,-3.133,-3.682,-0.548,-0.548,3.392,7.073,0.821,0.199,-1.165,0.967,High,STABLE,Stable,-0.893,145.000,,,,,104.260,0.291,,,,0.291,,33.000
30240,690928,hunter dobbins,Hunter Dobbins ,STL,SP,pitcher,SP,SP,,,87.000,80.000,-6.324,-7.220,-0.896,-0.896,-46.396,-39.176,0.000,0.500,0.000,0.000,Low,STABLE,Stable,-0.896,,,,,,,,,,,,,
20391,671277,luis garcia jr,Luis García Jr. ,WSN,1B/2B/DH,hitter,2B,1B/2B/DH,490.000,324.000,,,8.968,8.642,-0.326,-0.326,5.999,-2.642,0.000,0.328,-0.597,0.867,High,STABLE,Stable,-0.923,130.000,,,,,100.378,0.319,,,,0.319,,16.400
18054,664059,sam haggerty,Sam Haggerty ,TEX,2B/OF/DH,hitter,2B/OF/DH,2B/OF/DH,280.000,159.000,,,-1.617,-2.543,-0.925,-0.925,-6.478,-3.936,0.000,0.500,0.000,0.000,Low,STABLE,Stable,-0.925,,,,,,,,,,,,,
12095,554340,yimi garcia,Yimi García ,TOR,RP,pitcher,RP,RP,,,56.000,37.000,0.854,-0.089,-0.943,-0.943,,,0.000,0.500,0.000,0.000,Low,STABLE_RP,Stable,-0.943,,,,,,,,,,,,,
15145,623437,justin topa,Justin Topa ,MIN,RP,pitcher,RP,RP,,,62.000,45.000,-0.625,0.062,0.687,0.687,-6.947,-7.009,0.000,0.019,-1.655,0.860,High,STABLE_RP,Stable,-0.967,,21.000,17.200,0.000,2.000,,,5.944,6.220,4.787,,,
31812,701350,roman anthony,Roman Anthony ,BOS,OF/DH,hitter,OF/DH,OF/DH,630.000,410.000,,,19.835,19.076,-0.759,-0.759,0.825,-18.251,0.000,0.439,-0.213,0.867,High,STABLE,Stable,-0.972,130.000,,,,,92.799,0.353,,,,0.353,,28.100
12161,593428,xander bogaerts,Xander Bogaerts ,SDP,SS/DH,hitter,SS/DH,SS/DH,609.000,456.000,,,6.860,5.136,-1.723,-1.723,14.739,9.603,1.152,0.399,-0.404,1.000,High,STABLE,Stable,-0.975,166.000,,,,,120.853,0.341,,,,0.341,,21.400
26540,682657,angel martinez,Angel Martínez ,CLE,2B/OF,hitter,2B/OF,2B/OF,280.000,313.000,,,-3.835,-6.198,-2.363,-2.363,12.913,19.111,2.186,0.289,-0.803,0.953,High,STABLE,"Banked Production, Projection Skeptical",-0.980,143.000,,,,,114.713,0.314,,,,0.314,,17.900
26991,683679,jesus rodriguez,Jesus Rodriguez ,SFG,C,hitter,C,C,33.000,199.000,,,-2.472,-3.455,-0.983,-0.983,-1.126,2.329,0.000,0.500,0.000,0.000,Low,STABLE,Stable,-0.983,,,,,,,,,,,,,
25890,687911,bryan king,Bryan King ,HOU,RP,pitcher,RP,RP,,,67.000,48.000,3.933,3.431,-0.502,-0.502,0.208,-3.223,0.000,0.359,-0.485,0.860,High,STABLE_RP,Stable,-0.987,,15.000,17.200,0.000,3.000,,,3.337,3.276,4.390,,,
35333,695505,chase burns,Chase Burns ,CIN,SP,pitcher,SP,SP,,,109.000,99.000,24.123,22.777,-1.345,-1.345,5.458,-17.320,0.000,0.585,0.339,1.000,High,STABLE_SP,Stable,-1.006,,8.000,47.000,8.000,0.000,,,3.115,3.745,3.460,,0.283,33.500
18655,621345,a j minter,A.J. Minter ,NYM,RP,pitcher,RP,RP,,,52.000,36.000,-1.314,-2.336,-1.022,-1.022,,,0.000,0.500,0.000,0.000,Low,STABLE_RP,Stable,-1.022,,,,,,,,,,,,,
9847,457705,andrew mccutchen,Andrew McCutchen ,TEX,OF/DH,hitter,OF/DH,OF/DH,203.000,165.000,,,-3.415,-3.777,-0.362,-0.362,-4.344,-0.567,0.000,0.091,-0.676,0.413,Medium,STABLE,Stable,-1.039,62.000,,,,,71.652,0.255,,,,0.255,,35.400
sa3020134,702518,jett williams,Jett Williams ,MIL,SS,hitter,SS,SS,119.000,58.000,,,-0.382,-1.428,-1.046,-1.046,,,0.000,0.500,0.000,0.000,Low,STABLE,Stable,-1.046,,,,,,,,,,,,,
19251,624413,pete alonso,Pete Alonso ,BAL,1B/DH,hitter,1B,1B/DH,679.000,489.000,,,28.429,27.390,-1.039,-1.039,7.696,-19.694,0.000,0.498,-0.008,1.000,High,STABLE,Stable,-1.047,187.000,,,,,107.892,0.348,,,,0.346,,29.500
7048,518585,fernando cruz,Fernando Cruz ,NYY,RP,pitcher,RP,RP,,,61.000,47.000,4.131,3.519,-0.612,-0.612,-0.422,-3.941,0.000,0.364,-0.440,0.810,High,STABLE_RP,Stable,-1.051,,20.000,16.200,0.000,0.000,,,3.773,4.126,4.252,,,
33876,695076,rhett lowder,Rhett Lowder ,CIN,SP,pitcher,SP,SP,,,119.000,77.000,-7.023,-9.127,-2.104,-2.104,13.093,22.220,2.286,0.176,-1.234,0.953,High,STABLE_SP,"Banked Production, Projection Skeptical",-1.052,,8.000,38.100,8.000,0.000,,,4.931,3.785,4.756,,0.351,18.500
31431,687597,jordan beck,Jordan Beck ,COL,OF/DH,hitter,OF/DH,OF/DH,581.000,267.000,,,3.651,3.631,-0.020,-0.020,-10.324,-13.955,0.000,0.032,-1.047,0.560,Medium,STABLE,Stable,-1.067,84.000,,,,,29.719,0.252,,,,0.257,,29.400
19753,642528,jonathan loaisiga,Jonathan Loáisiga ,ARI,RP,pitcher,RP,RP,,,60.000,45.000,0.458,-0.325,-0.784,-0.784,-0.078,0.248,0.024,0.403,-0.311,0.805,High,STABLE_RP,Stable,-1.071,,18.000,16.100,0.000,1.000,,,4.078,3.168,3.748,,,
26224,687231,darell hernaiz,Darell Hernaiz ,ATH,2B/3B/SS,hitter,2B/3B/SS,2B/3B/SS,161.000,187.000,,,-2.617,-3.097,-0.480,-0.480,0.404,3.500,0.193,0.073,-0.785,0.460,Medium,STABLE,Stable,-1.072,69.000,,,,,84.387,0.254,,,,0.254,,20.700
19238,666971,lourdes gurriel jr,Lourdes Gurriel Jr. ,ARI,OF/DH,hitter,OF/DH,OF/DH,476.000,436.000,,,1.323,0.960,-0.362,-0.362,-9.900,-10.861,0.000,0.137,-0.717,0.493,Medium,STABLE,Stable,-1.079,74.000,,,,,47.534,0.287,,,,0.287,,28.100
13164,593958,eduardo rodriguez,Eduardo Rodriguez ,ARI,SP,pitcher,SP,SP,,,130.000,109.000,-10.205,-12.565,-2.360,-2.360,16.770,29.335,2.400,0.220,-1.120,1.000,High,STABLE_SP,"Banked Production, Projection Skeptical",-1.080,,8.000,48.000,8.000,0.000,,,4.585,4.190,4.658,,0.338,18.300
22857,672761,wenceel perez,Wenceel Pérez ,DET,OF,hitter,OF,OF,301.000,324.000,,,-1.215,-1.590,-0.375,-0.375,-13.147,-11.557,0.000,0.208,-0.707,0.607,Medium,STABLE,Stable,-1.082,91.000,,,,,33.318,0.277,,,,0.277,,13.700
12970,605397,joe musgrove,Joe Musgrove ,SDP,SP,pitcher,SP,SP,,,146.000,48.000,6.007,4.923,-1.084,-1.084,,,0.000,0.500,0.000,0.000,Low,STABLE,Stable,-1.084,,,,,,,,,,,,,
22563,672356,gabriel arias,Gabriel Arias ,CLE,2B/3B/SS,hitter,2B/3B/SS,2B/3B/SS,462.000,182.000,,,-0.825,-1.930,-1.105,-1.105,1.498,3.427,0.000,0.500,0.000,0.000,Low,STABLE,Stable,-1.105,,,,,,,,,,,,,
22277,669397,nick allen,Nick Allen ,HOU,2B/SS,hitter,2B/SS,2B/SS,119.000,112.000,,,-3.862,-4.983,-1.121,-1.121,-3.025,1.958,0.000,0.500,0.000,0.000,Low,STABLE,Stable,-1.121,,,,,,,,,,,,,
22275,669394,jake burger,Jake Burger ,TEX,1B/DH,hitter,1B/DH,1B/DH,595.000,463.000,,,6.207,6.192,-0.015,-0.015,-4.071,-10.263,0.000,0.222,-1.111,1.000,High,STABLE,Stable,-1.127,168.000,,,,,80.868,0.288,,,,0.288,,34.200
19291,668678,zac gallen,Zac Gallen ,ARI,SP,pitcher,SP,SP,,,181.000,134.000,0.378,0.152,-0.227,-0.227,5.625,5.474,0.657,0.105,-1.578,1.000,High,STABLE_SP,Stable,-1.148,,9.000,43.000,9.000,0.000,,,5.335,4.688,4.508,,0.361,18.500
13346,571948,hoby milner,Hoby Milner ,CHC,RP,pitcher,RP,RP,,,60.000,44.000,-2.664,-2.003,0.661,0.661,-2.194,-0.191,0.000,0.000,-1.810,0.905,High,STABLE_RP,Stable,-1.149,,19.000,18.100,0.000,1.000,,,5.279,5.179,5.447,,,
19363,669720,austin hays,Austin Hays ,CHW,OF/DH,hitter,OF/DH,OF/DH,483.000,223.000,,,1.692,0.530,-1.162,-1.162,-5.233,-5.763,0.000,0.500,0.000,0.000,Low,STABLE,Stable,-1.162,,,,,,,,,,,,,
27572,669387,carmen mlodzinski,Carmen Mlodzinski ,PIT,SP,pitcher,SP,SP,,,118.000,83.000,8.295,7.792,-0.503,-0.503,3.361,-4.432,0.000,0.332,-0.672,1.000,High,STABLE_SP,Stable,-1.174,,8.000,40.000,7.000,0.000,,,4.703,2.831,3.446,,0.341,21.400
14993,605130,scott barlow,Scott Barlow ,ATH,RP,pitcher,RP,RP,,,60.000,45.000,-2.371,-3.070,-0.699,-0.699,2.014,5.084,0.583,0.222,-1.060,0.955,High,STABLE_RP,Stable,-1.177,,19.000,19.100,0.000,0.000,,,3.429,4.606,4.715,,,
18363,645302,victor robles,Victor Robles ,SEA,OF,hitter,OF,OF,294.000,153.000,,,-3.494,-4.684,-1.190,-1.190,-2.152,2.532,0.000,0.500,0.000,0.000,Low,STABLE,Stable,-1.190,,,,,,,,,,,,,
7739,518595,travis d arnaud,Travis d'Arnaud ,LAA,C,hitter,C,C,231.000,164.000,,,-2.736,-3.928,-1.192,-1.192,-3.322,0.606,0.000,0.500,0.000,0.000,Low,STABLE,Stable,-1.192,,,,,,,,,,,,,
19896,657136,connor wong,Connor Wong ,BOS,C,hitter,C,C,211.000,180.000,,,-2.298,-2.986,-0.688,-0.688,-1.871,1.115,0.051,0.128,-0.566,0.380,Medium,STABLE,Stable,-1.203,57.000,,,,,89.765,0.259,,,,0.259,,24.200
18064,664208,phil maton,Phil Maton ,CHC,RP,pitcher,RP,RP,,,65.000,47.000,4.939,3.735,-1.204,-1.204,-5.008,-8.743,0.000,0.500,0.000,0.000,Low,STABLE_RP,Stable,-1.204,,,,,,,,,,,,,
23335,676282,joey cantillo,Joey Cantillo ,CLE,SP,pitcher,SP,SP,,,144.000,102.000,7.402,6.717,-0.686,-0.686,1.500,-5.217,0.000,0.355,-0.582,1.000,High,STABLE_SP,Stable,-1.268,,9.000,45.100,9.000,0.000,,,3.850,4.121,4.237,,0.312,27.500
27790,694497,evan carter,Evan Carter ,TEX,OF,hitter,OF,OF,476.000,370.000,,,4.484,4.171,-0.313,-0.313,-1.725,-5.896,0.000,0.260,-0.962,1.000,High,STABLE,Stable,-1.275,156.000,,,,,84.357,0.306,,,,0.306,,24.900
21558,663837,matt vierling,Matt Vierling ,DET,OF,hitter,OF,OF,322.000,237.000,,,-1.397,-1.931,-0.534,-0.534,-4.475,-2.544,0.000,0.254,-0.742,0.753,High,STABLE,Stable,-1.276,113.000,,,,,73.624,0.322,,,,0.322,,15.700
16578,650490,yandy diaz,Yandy Díaz ,TBR,1B/DH,hitter,1B/DH,1B/DH,651.000,482.000,,,14.586,13.077,-1.509,-1.509,15.716,2.639,0.317,0.479,-0.086,1.000,High,STABLE,Stable,-1.278,176.000,,,,,126.817,0.350,,,,0.353,,13.600
17639,664875,justin lawrence,Justin Lawrence ,PIT,RP,pitcher,RP,RP,,,58.000,38.000,-3.360,-3.468,-0.108,-0.108,-4.861,-1.393,0.000,0.131,-1.189,0.805,High,STABLE_RP,Stable,-1.296,,18.000,16.100,0.000,0.000,,,6.105,5.249,4.238,,,
11861,592094,jason adam,Jason Adam ,SDP,RP,pitcher,RP,RP,,,61.000,47.000,1.826,1.013,-0.812,-0.812,-0.008,-1.021,0.000,0.306,-0.505,0.650,Medium,STABLE_RP,Stable,-1.317,,14.000,13.000,0.000,1.000,,,2.314,4.260,5.206,,,
19346,642201,eli white,Eli White ,ATL,OF/DH,hitter,OF/DH,OF/DH,140.000,82.000,,,-2.425,-3.120,-0.695,-0.695,-1.875,1.245,0.062,0.078,-0.697,0.413,Medium,STABLE,Stable,-1.331,62.000,,,,,76.687,0.273,,,,0.273,,28.200
27504,694377,nick yorke,Nick Yorke ,PIT,1B/2B/3B/OF,hitter,1B/2B,1B/2B/3B/OF,140.000,144.000,,,-1.438,-2.346,-0.908,-0.908,-5.091,-2.745,0.000,0.293,-0.458,0.553,Medium,STABLE,Stable,-1.366,83.000,,,,,65.532,0.316,,,,0.316,,18.000
22113,668390,cole winn,Cole Winn ,TEX,RP,pitcher,RP,RP,,,63.000,44.000,-2.569,-3.335,-0.766,-0.766,-2.174,1.162,0.118,0.279,-0.751,0.850,High,STABLE_RP,Stable,-1.398,,19.000,17.000,0.000,1.000,,,4.463,4.400,4.007,,,
31846,680885,spencer schwellenbach,Spencer Schwellenbach ,ATL,SP,pitcher,SP,SP,,,79.000,36.000,9.310,7.908,-1.402,-1.402,,,0.000,0.500,0.000,0.000,Low,STABLE,Stable,-1.402,,,,,,,,,,,,,
17128,657656,ramon laureano,Ramón Laureano ,SDP,OF/DH,hitter,OF/DH,OF/DH,553.000,404.000,,,7.878,7.101,-0.778,-0.778,2.049,-5.051,0.000,0.344,-0.625,1.000,High,STABLE,Stable,-1.403,155.000,,,,,95.409,0.318,,,,0.318,,31.100
19921,663368,blake perkins,Blake Perkins ,MIL,OF,hitter,OF,OF,147.000,79.000,,,-3.723,-4.486,-0.764,-0.764,-11.426,-6.940,0.000,0.063,-0.652,0.373,Medium,STABLE,Stable,-1.416,56.000,,,,,19.370,0.222,,,,0.222,,22.300
25807,669707,jared triolo,Jared Triolo ,PIT,1B/2B/3B/SS,hitter,1B/2B/3B/SS,1B/2B/3B/SS,504.000,231.000,,,0.006,-1.412,-1.418,-1.418,-2.769,-1.357,0.000,0.500,0.000,0.000,Low,STABLE,Stable,-1.418,,,,,,,,,,,,,
25977,682990,quinn priester,Quinn Priester ,MIL,SP/RP,pitcher,SP,SP/RP,,,120.000,63.000,2.430,1.000,-1.430,-1.430,,,0.000,0.500,0.000,0.000,Low,STABLE,Stable,-1.430,,,,,,,,,,,,,
31552,688642,zach agnos,Zach Agnos ,COL,RP,pitcher,RP,RP,,,60.000,40.000,-6.981,-7.311,-0.330,-0.330,-3.271,4.040,0.485,0.100,-1.601,1.000,High,STABLE_RP,Stable,-1.446,,12.000,24.200,0.000,2.000,,,4.728,4.485,4.669,,,
21574,663893,brendon little,Brendon Little ,TOR,RP,pitcher,RP,RP,,,54.000,28.000,-2.827,-4.274,-1.447,-1.447,-10.501,-6.227,0.000,0.500,0.000,0.000,Low,STABLE_RP,Stable,-1.447,,,,,,,,,,,,,
26253,669194,ryne nelson,Ryne Nelson ,ARI,SP,pitcher,SP,SP,,,164.000,108.000,1.215,0.823,-0.391,-0.391,-38.867,-39.691,0.000,0.234,-1.063,1.000,High,STABLE_SP,Stable,-1.454,,9.000,45.000,9.000,0.000,,,4.471,4.795,4.506,,0.334,24.300
19249,622554,seranthony dominguez,Seranthony Domínguez ,CHW,RP,pitcher,RP,RP,,,63.000,47.000,8.035,7.790,-0.245,-0.245,0.151,-7.639,0.000,0.144,-1.223,0.860,High,RP_CLOSER,Closer Value,-1.469,,19.000,17.200,0.000,10.000,,,5.757,5.710,4.119,,,
30115,663158,robert suarez,Robert Suarez ,ATL,RP,pitcher,RP,RP,,,67.000,49.000,6.289,3.753,-2.536,-2.536,5.181,1.428,0.257,0.719,0.787,0.900,High,STABLE_RP,Stable,-1.492,,18.000,18.000,0.000,4.000,,,2.955,1.773,3.022,,,
15734,641745,brad keller,Brad Keller ,PHI,RP,pitcher,RP,RP,,,68.000,49.000,2.995,1.122,-1.873,-1.873,0.839,-0.283,0.000,0.608,0.370,0.860,High,STABLE_RP,Stable,-1.503,,18.000,17.200,0.000,3.000,,,3.145,3.389,3.111,,,
11737,592206,nick castellanos,Nick Castellanos ,SDP,OF/DH,hitter,OF,OF/DH,371.000,207.000,,,-2.944,-3.645,-0.701,-0.701,-9.697,-6.052,0.000,0.147,-0.810,0.573,Medium,STABLE,Stable,-1.511,86.000,,,,,45.077,0.289,,,,0.289,,31.500
20385,676755,isaac mattson,Isaac Mattson ,PIT,RP,pitcher,RP,RP,,,61.000,45.000,-2.122,-2.774,-0.652,-0.652,-0.031,2.743,0.281,0.164,-1.149,0.855,High,STABLE_RP,Stable,-1.520,,19.000,17.100,0.000,0.000,,,6.699,3.164,5.190,,,
33850,687075,brandon sproat,Brandon Sproat ,MIL,SP,pitcher,SP,SP,,,96.000,94.000,1.521,1.038,-0.483,-0.483,-47.291,-48.330,0.000,0.211,-1.042,0.900,High,STABLE_SP,Stable,-1.524,,8.000,36.000,6.000,0.000,,,4.816,5.745,4.456,,0.345,25.900
21844,666129,braxton garrett,Braxton Garrett ,MIA,SP,pitcher,SP,SP,,,114.000,88.000,6.797,5.252,-1.544,-1.544,,,0.000,0.500,0.000,0.000,Low,STABLE,Stable,-1.544,,,,,,,,,,,,,
24589,680700,richie palacios,Richie Palacios ,TBR,2B/OF,hitter,2B/OF,2B/OF,224.000,176.000,,,-2.947,-4.147,-1.199,-1.199,-1.259,2.887,0.176,0.237,-0.532,0.507,Medium,STABLE,Stable,-1.556,76.000,,,,,92.551,0.338,,,,0.329,,25.600
23394,676571,pj poulin,PJ Poulin ,WSN,RP,pitcher,RP,RP,,,59.000,44.000,-3.851,-4.087,-0.236,-0.236,-42.090,-38.003,0.000,0.000,-1.320,0.660,Medium,STABLE_RP,Stable,-1.556,,16.000,13.200,0.000,2.000,,,6.823,5.960,5.702,,,
11739,592663,j t realmuto,J.T. Realmuto ,PHI,C,hitter,C,C,500.000,353.000,,,3.529,2.859,-0.670,-0.670,-7.833,-10.692,0.000,0.153,-0.888,0.640,Medium,STABLE,Stable,-1.557,96.000,,,,,65.743,0.286,,,,0.286,,23.000
27597,674003,cody bradford,Cody Bradford ,TEX,RP,pitcher,RP,RP,,,67.000,35.000,-6.861,-8.432,-1.571,-1.571,,,0.000,0.500,0.000,0.000,Low,STABLE_RP,Stable,-1.571,,,,,,,,,,,,,
19901,657757,gavin sheets,Gavin Sheets ,SDP,1B/OF/DH,hitter,1B/OF/DH,1B/OF/DH,490.000,368.000,,,-1.032,-3.101,-2.069,-2.069,6.669,9.770,0.969,0.353,-0.485,0.827,High,STABLE,Stable,-1.584,124.000,,,,,110.348,0.318,,,,0.318,,20.800
13675,621438,tyrone taylor,Tyrone Taylor ,NYM,OF,hitter,OF,OF,259.000,140.000,,,-4.553,-5.223,-0.670,-0.670,-12.506,-7.283,0.000,0.056,-0.947,0.533,Medium,STABLE,Stable,-1.617,80.000,,,,,39.962,0.243,,,,0.243,,23.300
25756,666374,matt brash,Matt Brash ,SEA,RP,pitcher,RP,RP,,,63.000,40.000,5.309,3.691,-1.618,-1.618,0.740,-2.950,0.000,0.500,0.000,0.000,Low,STABLE_RP,Stable,-1.618,,,,,,,,,,,,,
13293,543056,danny coulombe,Danny Coulombe ,BOS,RP,pitcher,RP,RP,,,55.000,31.000,-5.175,-6.804,-1.629,-1.629,-4.652,2.153,0.000,0.500,0.000,0.000,Low,STABLE_RP,Stable,-1.629,,,,,,,,,,,,,
31564,702176,alan roden,Alan Roden ,MIN,OF,hitter,OF,OF,196.000,165.000,,,-1.346,-2.978,-1.632,-1.632,,,0.000,0.500,0.000,0.000,Low,STABLE,Stable,-1.632,,,,,,,,,,,,,
27899,690993,colt keith,Colt Keith ,DET,1B/2B/3B/DH,hitter,1B/2B/3B/DH,1B/2B/3B/DH,497.000,360.000,,,8.538,7.494,-1.043,-1.043,5.171,-2.324,0.000,0.317,-0.615,0.840,High,STABLE,Stable,-1.658,126.000,,,,,106.451,0.324,,,,0.324,,21.900
17722,656730,trevor megill,Trevor Megill ,MIL,RP,pitcher,RP,RP,,,66.000,47.000,10.185,8.109,-2.077,-2.077,3.118,-4.991,0.000,0.638,0.413,0.750,High,STABLE_RP,Stable,-1.663,,16.000,15.000,0.000,4.000,,,3.690,1.973,3.472,,,
20116,676534,calvin faucher,Calvin Faucher ,MIA,RP,pitcher,RP,RP,,,64.000,46.000,1.206,0.372,-0.834,-0.834,-0.193,-0.565,0.000,0.239,-0.834,0.800,High,STABLE_RP,Stable,-1.668,,17.000,16.000,0.000,1.000,,,4.176,3.544,4.598,,,
16647,657044,ryan thompson,Ryan Thompson ,ARI,RP,pitcher,RP,RP,,,63.000,44.000,0.200,-0.579,-0.779,-0.779,-2.888,-2.309,0.000,0.186,-0.892,0.710,Medium,STABLE_RP,Stable,-1.671,,20.000,14.200,0.000,0.000,,,3.455,4.947,4.516,,,
21865,666310,bo naylor,Bo Naylor ,CLE,C,hitter,C,C,454.000,55.000,,,0.890,-0.137,-1.027,-1.027,-17.039,-16.902,0.000,0.223,-0.664,0.600,Medium,STABLE,Stable,-1.691,90.000,,,,,22.894,0.296,,,,0.290,,14.800
17556,623474,jimmy herget,Jimmy Herget ,COL,RP,pitcher,RP,RP,,,77.000,57.000,1.353,-0.162,-1.514,-1.514,-40.586,-40.424,0.000,0.423,-0.200,0.650,Medium,STABLE_RP,Stable,-1.715,,12.000,13.000,0.000,1.000,,,3.820,3.645,4.239,,,
13324,545121,ildemaro vargas,Ildemaro Vargas ,ARI,1B/2B/3B/DH,hitter,1B/2B/3B/DH,1B/2B/3B/DH,91.000,270.000,,,-3.806,-7.542,-3.736,-3.736,26.488,34.030,2.336,0.416,-0.326,0.973,High,STABLE,"Banked Production, Projection Skeptical",-1.726,146.000,,,,,155.461,0.337,,,,0.337,,14.600
29993,691781,brady house,Brady House ,WSN,3B/DH,hitter,3B,3B/DH,546.000,411.000,,,-7.254,-9.184,-1.930,-1.930,-0.631,8.553,1.026,0.293,-0.829,1.000,High,STABLE,Stable,-1.732,158.000,,,,,90.121,0.319,,,,0.319,,34.300
31363,688363,graham pauley,Graham Pauley ,MIA,1B/2B/3B,hitter,1B/2B/3B,1B/2B/3B,329.000,134.000,,,0.094,-0.647,-0.742,-0.742,-9.222,-8.575,0.000,0.037,-1.001,0.540,Medium,STABLE,Stable,-1.743,81.000,,,,,42.732,0.197,,,,0.197,,22.500
33677,694973,paul skenes,Paul Skenes ,PIT,SP,pitcher,SP,SP,,,191.000,141.000,49.277,46.296,-2.981,-2.981,35.987,-10.309,0.000,0.804,1.217,1.000,High,STABLE_SP,Stable,-1.764,,9.000,50.000,9.000,0.000,,,1.854,2.506,2.843,,0.218,26.200
24679,680977,brendan donovan,Brendan Donovan ,SEA,2B/3B/SS/OF,hitter,2B/SS/OF,2B/3B/SS/OF,560.000,403.000,,,3.660,1.696,-1.964,-1.964,8.962,7.266,0.529,0.362,-0.334,0.607,Medium,STABLE,Stable,-1.769,91.000,,,,,138.381,0.332,,,,0.332,,21.200
12317,607067,colin rea,Colin Rea ,CHC,SP,pitcher,SP,SP,,,87.000,102.000,-4.698,-5.307,-0.609,-0.609,-39.901,-34.593,0.000,0.206,-1.175,1.000,High,STABLE_SP,Stable,-1.784,,9.000,42.100,6.000,1.000,,,5.340,4.240,3.792,,0.361,21.800
27883,695336,thomas saggese,Thomas Saggese ,STL,2B/3B/SS/OF,hitter,2B/3B/SS,2B/3B/SS/OF,189.000,135.000,,,-1.397,-2.547,-1.150,-1.150,-13.697,-11.150,0.000,0.128,-0.645,0.433,Medium,STABLE,Stable,-1.795,65.000,,,,,9.419,0.243,,,,0.243,,33.600
27889,669372,j t ginn,J.T. Ginn ,ATH,SP,pitcher,SP,SP,,,83.000,88.000,1.177,-0.287,-1.464,-1.464,1.349,1.635,0.196,0.367,-0.533,1.000,High,STABLE_SP,Stable,-1.801,,10.000,43.100,7.000,0.000,,,3.841,4.214,4.011,,0.312,23.200
16725,624431,jose trevino,Jose Trevino ,CIN,C,hitter,C,C,282.000,202.000,,,-5.379,-7.191,-1.812,-1.812,-8.611,-1.420,0.000,0.500,0.000,0.000,Low,STABLE,Stable,-1.812,,,,,,,,,,,,,
21693,665804,miguel amaya,Miguel Amaya ,CHC,C/DH,hitter,C,C/DH,291.000,190.000,,,-1.421,-3.032,-1.611,-1.611,1.056,4.088,0.232,0.270,-0.436,0.473,Medium,STABLE,Stable,-1.815,71.000,,,,,117.583,0.311,,,,0.311,,29.200
27555,669003,garrett mitchell,Garrett Mitchell ,MIL,OF,hitter,OF,OF,378.000,358.000,,,3.191,1.884,-1.307,-1.307,-3.007,-4.891,0.000,0.343,-0.575,0.913,High,STABLE,Stable,-1.881,137.000,,,,,89.705,0.318,,,,0.318,,38.400
13613,606466,ketel marte,Ketel Marte ,ARI,2B/DH,hitter,2B/DH,2B/DH,637.000,456.000,,,25.015,23.574,-1.441,-1.441,-3.711,-27.285,0.000,0.388,-0.448,1.000,High,STABLE,Stable,-1.889,170.000,,,,,77.715,0.345,,,,0.345,,23.000
17022,624641,edmundo sosa,Edmundo Sosa ,PHI,2B/3B/SS,hitter,2B/3B/SS,2B/3B/SS,245.000,273.000,,,0.733,-0.735,-1.467,-1.467,0.069,0.804,0.043,0.238,-0.467,0.447,Medium,STABLE,Stable,-1.892,67.000,,,,,76.956,0.340,,,,0.340,,21.500
27482,690987,robert hassell iii,Robert Hassell III ,WSN,OF,hitter,OF,OF,238.000,134.000,,,-5.026,-6.920,-1.894,-1.894,,,0.000,0.500,0.000,0.000,Low,STABLE,Stable,-1.894,,,,,,,,,,,,,
13361,571927,steven matz,Steven Matz ,TBR,SP,pitcher,SP,SP,,,134.000,104.000,1.090,0.165,-0.925,-0.925,-39.389,-39.554,0.000,0.230,-1.001,0.927,High,STABLE_SP,Stable,-1.926,,7.000,37.100,7.000,0.000,,,4.726,4.821,4.350,,0.342,24.400
19877,656484,tristan gray,Tristan Gray ,MIN,1B/2B/3B/SS,hitter,1B/2B/3B/SS,1B/2B/3B/SS,154.000,154.000,,,-2.167,-3.906,-1.739,-1.739,1.131,5.038,0.290,0.247,-0.485,0.480,Medium,STABLE,Stable,-1.934,72.000,,,,,86.210,0.300,,,,0.300,,37.000
19352,669221,sean murphy,Sean Murphy ,ATL,C/DH,hitter,C/DH,C/DH,383.000,182.000,,,2.940,1.000,-1.940,-1.940,-7.567,-8.567,0.000,0.500,0.000,0.000,Low,STABLE,Stable,-1.940,,,,,,,,,,,,,
17432,656546,jeff hoffman,Jeff Hoffman ,TOR,RP,pitcher,RP,RP,,,63.000,46.000,11.613,8.527,-3.086,-3.086,-0.147,-8.674,0.000,0.812,1.137,0.910,High,STABLE_RP,Stable,-1.949,,20.000,18.200,0.000,3.000,,,3.289,3.213,2.178,,,
31357,701675,nathan church,Nathan Church ,STL,OF,hitter,OF,OF,217.000,254.000,,,-5.056,-6.986,-1.930,-1.930,1.877,8.862,0.936,0.226,-0.963,0.880,High,STABLE,Stable,-1.957,132.000,,,,,97.447,0.309,,,,0.309,,23.000
35322,808975,hyeseong kim,Hyeseong Kim ,LAD,2B/SS/OF,hitter,2B/SS/OF,2B/SS/OF,77.000,103.000,,,-2.081,-3.634,-1.553,-1.553,1.686,5.319,0.392,0.169,-0.813,0.613,Medium,STABLE,Stable,-1.974,92.000,,,,,98.791,0.305,,,,0.305,,24.900
29868,696149,bubba chandler,Bubba Chandler ,PIT,SP,pitcher,SP,SP,,,149.000,103.000,5.698,4.927,-0.771,-0.771,-43.203,-48.130,0.000,0.191,-1.204,0.975,High,STABLE_SP,Stable,-1.975,,8.000,39.000,8.000,0.000,,,4.694,5.517,5.462,,0.341,23.100
18839,647304,josh naylor,Josh Naylor ,SEA,1B/DH,hitter,1B/DH,1B/DH,623.000,454.000,,,7.057,5.671,-1.386,-1.386,1.000,-4.671,0.000,0.351,-0.596,1.000,High,STABLE,Stable,-1.982,178.000,,,,,95.403,0.334,,,,0.334,,22.000
20375,669711,greg weissert,Greg Weissert ,BOS,RP,pitcher,RP,RP,,,65.000,42.000,0.011,-1.531,-1.542,-1.542,-5.654,-4.123,0.000,0.345,-0.467,0.755,High,STABLE_RP,Stable,-2.009,,18.000,15.100,0.000,0.000,,,4.066,5.324,3.307,,,
18577,663647,ke bryan hayes,Ke'Bryan Hayes ,CIN,3B,hitter,3B,3B,539.000,360.000,,,-8.617,-9.965,-1.348,-1.348,-22.546,-12.582,0.000,0.271,-0.673,0.733,Medium,STABLE,Stable,-2.021,110.000,,,,,10.070,0.304,,,,0.304,,19.600
21614,664728,kyle isbel,Kyle Isbel ,KCR,OF,hitter,OF,OF,490.000,365.000,,,-4.300,-6.229,-1.929,-1.929,4.491,10.720,0.978,0.136,-1.107,0.760,High,STABLE,Stable,-2.058,114.000,,,,,102.248,0.296,,,,0.296,,19.800
19926,663574,tony santillan,Tony Santillan ,CIN,RP,pitcher,RP,RP,,,70.000,50.000,2.127,1.615,-0.512,-0.512,-6.057,-7.672,0.000,0.044,-1.549,0.850,High,STABLE_RP,Stable,-2.061,,19.000,17.000,0.000,1.000,,,7.022,8.047,4.761,,,
29591,681297,colton cowser,Colton Cowser ,BAL,OF,hitter,OF,OF,504.000,270.000,,,8.364,7.213,-1.151,-1.151,-14.830,-22.043,0.000,0.107,-0.922,0.587,Medium,STABLE,Stable,-2.073,88.000,,,,,38.222,0.256,,,,0.256,,38.900
15816,642207,devin williams,Devin Williams ,NYM,RP,pitcher,RP,RP,,,64.000,47.000,17.384,14.487,-2.897,-2.897,-0.314,-14.801,0.000,0.811,0.822,0.660,Medium,RP_CLOSER,Closer Value,-2.075,,16.000,13.200,0.000,5.000,,,3.009,2.375,2.760,,,
23800,678009,parker meadows,Parker Meadows ,DET,OF,hitter,OF,OF,448.000,159.000,,,0.479,-1.607,-2.086,-2.086,-0.774,0.833,0.000,0.500,0.000,0.000,Low,STABLE,Stable,-2.086,,,,,,,,,,,,,
25961,681481,kerry carpenter,Kerry Carpenter ,DET,OF/DH,hitter,OF/DH,OF/DH,497.000,278.000,,,10.144,8.556,-1.588,-1.588,5.697,-2.859,0.000,0.340,-0.500,0.780,High,STABLE,Stable,-2.089,117.000,,,,,106.455,0.302,,,,0.302,,34.200
27931,690984,petey halpin,Petey Halpin ,CLE,OF,hitter,OF,OF,49.000,76.000,,,-4.158,-6.270,-2.112,-2.112,-6.409,-0.139,0.000,0.500,0.000,0.000,Low,STABLE,Stable,-2.112,,,,,,,,,,,,,
17232,660162,yoan moncada,Yoán Moncada ,LAA,3B,hitter,3B,3B,455.000,342.000,,,1.000,-0.003,-1.003,-1.003,-6.077,-6.074,0.000,0.155,-1.131,0.820,High,STABLE,Stable,-2.134,123.000,,,,,78.584,0.274,,,,0.274,,29.600
16162,605540,brandon woodruff,Brandon Woodruff ,MIL,SP,pitcher,SP,SP,,,149.000,79.000,6.555,3.757,-2.799,-2.799,12.379,8.622,0.776,0.461,-0.116,0.750,High,STABLE_SP,Stable,-2.138,,6.000,30.000,6.000,0.000,,,3.059,3.973,4.441,,0.280,22.800
30038,700246,carson williams,Carson Williams ,TBR,SS,hitter,SS,SS,469.000,254.000,,,0.442,-1.700,-2.142,-2.142,-5.181,-3.481,0.000,0.500,0.000,0.000,Low,STABLE,Stable,-2.142,,,,,,,,,,,,,
21646,665561,rafael marchan,Rafael Marchán ,PHI,C,hitter,C,C,141.000,108.000,,,-3.220,-4.650,-1.430,-1.430,-19.336,-14.687,0.000,0.022,-0.726,0.380,Medium,STABLE,Stable,-2.156,57.000,,,,,-33.586,0.180,,,,0.180,,16.300
20308,676694,jake meyers,Jake Meyers ,HOU,OF,hitter,OF,OF,469.000,224.000,,,-0.455,-2.616,-2.161,-2.161,-1.166,1.450,0.000,0.500,0.000,0.000,Low,STABLE,Stable,-2.161,,,,,,,,,,,,,
18401,660670,ronald acuna jr,Ronald Acuña Jr. ,ATL,OF/DH,hitter,OF,OF/DH,651.000,406.000,,,43.559,41.230,-2.329,-2.329,7.029,-34.201,0.000,0.539,0.158,1.000,High,STABLE,Stable,-2.172,152.000,,,,,112.529,0.380,,,,0.380,,28.200
25180,682177,daniel schneemann,Daniel Schneemann ,CLE,2B/3B/SS/OF,hitter,2B/3B/SS/OF,2B/3B/SS/OF,196.000,248.000,,,-2.724,-6.630,-3.905,-3.905,13.445,20.074,2.064,0.404,-0.331,0.860,High,STABLE,"Banked Production, Projection Skeptical",-2.172,129.000,,,,,128.637,0.349,,,,0.346,,32.400
27478,672275,patrick bailey,Patrick Bailey ,CLE,C,hitter,C,C,525.000,240.000,,,-8.756,-9.982,-1.226,-1.226,-21.041,-11.059,0.000,0.121,-0.950,0.627,Medium,STABLE,Stable,-2.176,94.000,,,,,10.588,0.276,,,,0.276,,27.300
21520,663687,hogan harris,Hogan Harris ,ATH,RP,pitcher,RP,RP,,,66.000,49.000,0.553,-0.279,-0.831,-0.831,0.051,0.330,0.040,0.152,-1.394,1.000,High,STABLE_RP,Stable,-2.186,,23.000,21.000,0.000,2.000,,,3.685,4.725,4.892,,,
27694,686993,justin sterner,Justin Sterner ,ATH,RP,pitcher,RP,RP,,,65.000,40.000,0.424,-2.573,-2.997,-2.997,-0.254,2.319,0.464,0.581,0.324,1.000,High,STABLE_RP,Stable,-2.209,,20.000,20.100,0.000,0.000,,,2.761,3.795,3.190,,,
24614,680767,victor vodnik,Victor Vodnik ,COL,RP,pitcher,RP,RP,,,64.000,47.000,4.131,3.257,-0.874,-0.874,-4.717,-7.974,0.000,0.083,-1.343,0.805,High,STABLE_RP,Stable,-2.217,,15.000,16.100,0.000,4.000,,,4.071,5.004,5.047,,,
26668,682829,elly de la cruz,Elly De La Cruz ,CIN,SS/DH,hitter,SS,SS/DH,672.000,494.000,,,33.881,31.182,-2.699,-2.699,31.253,0.071,0.014,0.616,0.465,1.000,High,STABLE,Stable,-2.220,191.000,,,,,141.214,0.373,,,,0.373,,29.900
20191,676477,garrett whitlock,Garrett Whitlock ,BOS,RP,pitcher,RP,RP,,,70.000,52.000,8.104,5.738,-2.366,-2.366,0.965,-4.773,0.000,0.541,0.133,0.805,High,STABLE_RP,Stable,-2.234,,16.000,16.100,0.000,0.000,,,3.927,3.351,3.136,,,
29524,669326,bryce teodosio,Bryce Teodosio ,LAA,OF,hitter,OF,OF,259.000,173.000,,,-9.026,-11.259,-2.234,-2.234,-5.099,6.160,0.000,0.500,0.000,0.000,Low,STABLE,Stable,-2.234,,,,,,,,,,,,,
22250,669302,logan gilbert,Logan Gilbert ,SEA,SP,pitcher,SP,SP,,,164.000,119.000,29.041,27.188,-1.853,-1.853,17.301,-9.887,0.000,0.403,-0.387,1.000,High,STABLE_SP,Stable,-2.240,,9.000,50.000,9.000,0.000,,,4.347,3.886,3.380,,0.330,29.400
19858,650859,luis rengifo,Luis Rengifo ,MIL,2B/3B/OF,hitter,2B/3B/OF,2B/3B/OF,441.000,300.000,,,-0.774,-2.052,-1.278,-1.278,-8.828,-6.777,0.000,0.216,-0.969,0.853,High,STABLE,Stable,-2.247,128.000,,,,,60.996,0.298,,,,0.298,,17.700
12304,605135,chris bassitt,Chris Bassitt ,BAL,SP,pitcher,SP,SP,,,175.000,122.000,-5.007,-6.088,-1.081,-1.081,-43.780,-37.691,0.000,0.181,-1.211,0.950,High,STABLE_SP,Stable,-2.292,,8.000,38.000,7.000,0.000,,,5.026,4.659,5.075,,0.351,22.200
21009,660844,leo rivas,Leo Rivas ,SEA,2B/3B/SS/DH,hitter,2B/SS,2B/3B/SS/DH,168.000,82.000,,,-2.073,-2.883,-0.810,-0.810,-15.363,-12.480,0.000,0.015,-1.488,0.767,High,STABLE,Stable,-2.297,115.000,,,,,42.767,0.238,,,,0.238,,24.100
27914,694037,daniel palencia,Daniel Palencia ,CHC,RP,pitcher,RP,RP,,,67.000,48.000,16.068,13.749,-2.319,-2.319,-3.904,-17.654,0.000,0.500,0.000,0.000,Low,STABLE_RP,Stable,-2.319,,,,,,,,,,,,,
13799,621381,matt strahm,Matt Strahm ,KCR,RP,pitcher,RP,RP,,,66.000,48.000,1.937,0.128,-1.809,-1.809,-1.407,-1.535,0.000,0.325,-0.531,0.760,High,STABLE_RP,Stable,-2.341,,16.000,15.200,0.000,0.000,,,2.694,4.894,4.557,,,
15551,643410,mark leiter jr,Mark Leiter Jr. ,ATH,RP,pitcher,RP,RP,,,64.000,43.000,1.593,-0.195,-1.789,-1.789,-3.349,-3.154,0.000,0.317,-0.592,0.810,High,STABLE_RP,Stable,-2.381,,19.000,16.200,0.000,3.000,,,5.266,3.766,3.724,,,
13145,605137,josh bell,Josh Bell ,MIN,1B/DH,hitter,1B/DH,1B/DH,574.000,442.000,,,1.271,-0.121,-1.392,-1.392,-9.502,-9.381,0.000,0.250,-0.999,1.000,High,STABLE,Stable,-2.390,166.000,,,,,70.215,0.308,,,,0.308,,27.300
24017,678606,jose a ferrer,Jose A. Ferrer ,SEA,RP,pitcher,RP,RP,,,70.000,49.000,11.149,8.218,-2.931,-2.931,1.717,-6.501,0.000,0.621,0.484,1.000,High,STABLE_RP,Stable,-2.447,,21.000,20.000,0.000,2.000,,,2.508,2.406,3.952,,,
31827,805673,zebby matthews,Zebby Matthews ,MIN,SP,pitcher,SP,SP,,,104.000,77.000,6.760,4.306,-2.454,-2.454,,,0.000,0.500,0.000,0.000,Low,STABLE,Stable,-2.454,,,,,,,,,,,,,
23968,678489,jorge barrosa,Jorge Barrosa ,ARI,OF,hitter,OF,OF,77.000,130.000,,,-4.607,-6.230,-1.623,-1.623,-3.841,2.389,0.168,0.069,-1.013,0.587,Medium,STABLE,Stable,-2.468,88.000,,,,,78.031,0.229,,,,0.229,,25.500
15541,643511,tyler rogers,Tyler Rogers ,TOR,RP,pitcher,RP,RP,,,74.000,53.000,6.014,3.278,-2.736,-2.736,2.090,-1.187,0.000,0.570,0.268,0.955,High,STABLE_RP,Stable,-2.469,,20.000,19.100,0.000,0.000,,,2.442,2.796,3.377,,,
21487,663568,stephen kolek,Stephen Kolek ,KCR,SP,pitcher,SP,SP,,,73.000,67.000,-3.539,-6.034,-2.495,-2.495,2.370,8.405,0.000,0.500,0.000,0.000,Low,STABLE,Stable,-2.495,,,,,,,,,,,,,
29633,694851,andrew hoffmann,Andrew Hoffmann ,ARI,RP,pitcher,RP,RP,,,58.000,31.000,-5.743,-8.239,-2.497,-2.497,-8.462,-0.223,0.000,0.500,0.000,0.000,Low,STABLE_RP,Stable,-2.497,,,,,,,,,,,,,
5517,543309,kyle higashioka,Kyle Higashioka ,TEX,C/DH,hitter,C/DH,C/DH,282.000,221.000,,,-3.683,-5.572,-1.890,-1.890,-8.627,-3.055,0.000,0.158,-0.638,0.467,Medium,STABLE,Stable,-2.528,70.000,,,,,55.563,0.270,,,,0.270,,31.500
15112,641857,ryan mcmahon,Ryan McMahon ,NYY,3B,hitter,3B,3B,490.000,306.000,,,-5.566,-7.154,-1.588,-1.588,-9.453,-2.299,0.000,0.214,-0.946,0.827,High,STABLE,Stable,-2.534,124.000,,,,,65.986,0.277,,,,0.277,,31.600
22581,672386,alejandro kirk,Alejandro Kirk ,TOR,C/DH,hitter,C/DH,C/DH,495.000,269.000,,,12.194,9.658,-2.536,-2.536,-3.282,-12.940,0.000,0.500,0.000,0.000,Low,STABLE,Stable,-2.536,,,,,,,,,,,,,
12857,542888,shawn armstrong,Shawn Armstrong ,CLE,RP,pitcher,RP,RP,,,68.000,44.000,4.535,1.983,-2.551,-2.551,-4.147,-6.130,0.000,0.500,0.000,0.000,Low,STABLE_RP,Stable,-2.551,,,,,,,,,,,,,
33541,686611,dylan crews,Dylan Crews ,WSN,OF,hitter,OF,OF,469.000,309.000,,,1.473,-1.085,-2.558,-2.558,,,0.000,0.500,0.000,0.000,Low,STABLE,Stable,-2.558,,,,,,,,,,,,,
15223,624428,adam frazier,Adam Frazier ,LAA,2B/3B/OF/DH,hitter,2B/3B/OF/DH,2B/3B/OF/DH,259.000,204.000,,,-7.065,-9.488,-2.423,-2.423,2.217,11.705,0.665,0.067,-0.819,0.473,Medium,STABLE,Stable,-2.577,71.000,,,,,102.133,0.238,,,,0.238,,23.700
25782,686780,pedro pages,Pedro Pagés ,STL,C,hitter,C,C,358.000,256.000,,,-5.259,-6.697,-1.438,-1.438,-6.659,0.038,0.003,0.066,-1.156,0.667,Medium,STABLE,Stable,-2.591,100.000,,,,,68.549,0.262,,,,0.262,,26.600
27815,676059,jordan westburg,Jordan Westburg ,BAL,2B/3B/DH,hitter,2B/3B/DH,2B/3B/DH,427.000,178.000,,,8.358,5.686,-2.672,-2.672,,,0.000,0.500,0.000,0.000,Low,STABLE,Stable,-2.672,,,,,,,,,,,,,
20997,660825,eduard bazardo,Eduard Bazardo ,SEA,RP,pitcher,RP,RP,,,68.000,48.000,4.655,2.713,-1.942,-1.942,1.563,-1.150,0.000,0.313,-0.747,1.000,High,STABLE_RP,Stable,-2.689,,22.000,20.100,0.000,0.000,,,4.221,3.254,4.342,,,
24586,680694,kyle bradish,Kyle Bradish ,BAL,SP,pitcher,SP,SP,,,145.000,106.000,17.473,15.153,-2.320,-2.320,14.265,-0.887,0.000,0.406,-0.377,1.000,High,STABLE_SP,Stable,-2.697,,9.000,47.000,9.000,0.000,,,3.917,3.936,3.809,,0.314,26.800
18138,664854,ryan helsley,Ryan Helsley ,BAL,RP,pitcher,RP,RP,,,64.000,36.000,11.733,9.008,-2.725,-2.725,1.038,-7.970,0.000,0.500,0.000,0.000,Low,STABLE_RP,Stable,-2.725,,,,,,,,,,,,,
31441,691740,daniel susac,Daniel Susac ,SFG,C,hitter,C,C,77.000,193.000,,,-3.596,-6.333,-2.737,-2.737,5.573,11.906,0.000,0.500,0.000,0.000,Low,STABLE,Stable,-2.737,,,,,,,,,,,,,
15009,640448,kyle finnegan,Kyle Finnegan ,DET,RP,pitcher,RP,RP,,,64.000,47.000,2.118,0.797,-1.321,-1.321,-0.799,-1.596,0.000,0.145,-1.419,1.000,High,STABLE_RP,Stable,-2.740,,20.000,20.200,0.000,1.000,,,3.815,4.558,5.357,,,
19569,670280,david bednar,David Bednar ,NYY,RP,pitcher,RP,RP,,,65.000,48.000,16.034,12.121,-3.913,-3.913,3.947,-8.173,0.000,0.823,1.163,0.900,High,RP_CLOSER,Closer Value,-2.750,,18.000,18.000,0.000,10.000,,,2.392,2.384,2.755,,,
25643,686452,drew millas,Drew Millas ,WSN,C,hitter,C,C,154.000,183.000,,,-2.506,-4.380,-1.874,-1.874,-10.548,-6.169,0.000,0.041,-0.882,0.480,Medium,STABLE,Stable,-2.756,72.000,,,,,45.086,0.242,,,,0.242,,22.800
27490,693304,nick gonzales,Nick Gonzales ,PIT,2B/3B/SS,hitter,2B/SS,2B/3B/SS,434.000,381.000,,,0.549,-2.996,-3.546,-3.546,8.729,11.725,1.407,0.343,-0.628,1.000,High,STABLE,Stable,-2.767,158.000,,,,,115.221,0.340,,,,0.340,,23.700
23401,676609,jose caballero,José Caballero ,NYY,2B/3B/SS/OF,hitter,2B/3B/SS/OF,2B/3B/SS/OF,308.000,235.000,,,0.822,-1.285,-2.108,-2.108,6.062,7.347,0.864,0.110,-1.528,0.980,High,STABLE,Stable,-2.772,147.000,,,,,104.635,0.280,,,,0.281,,27.700
26121,682626,francisco alvarez,Francisco Alvarez ,NYM,C/DH,hitter,C,C/DH,438.000,191.000,,,8.631,6.006,-2.625,-2.625,1.425,-4.582,0.000,0.457,-0.148,0.853,High,STABLE,Stable,-2.773,128.000,,,,,105.577,0.343,,,,0.343,,28.500
13897,623168,tyler heineman,Tyler Heineman ,TOR,C,hitter,C,C,154.000,122.000,,,-5.234,-7.148,-1.914,-1.914,-17.414,-10.266,0.000,0.000,-0.867,0.433,Medium,STABLE,Stable,-2.781,65.000,,,,,-0.169,0.208,,,,0.208,,22.000
11156,518876,merrill kelly,Merrill Kelly ,ARI,SP,pitcher,SP,SP,,,170.000,119.000,-2.821,-5.603,-2.782,-2.782,-3.691,1.912,0.000,0.500,0.000,0.000,Low,STABLE,Stable,-2.782,,,,,,,,,,,,,
33825,808967,yoshinobu yamamoto,Yoshinobu Yamamoto ,LAD,SP,pitcher,SP,SP,,,155.000,114.000,26.584,23.900,-2.684,-2.684,19.199,-4.701,0.000,0.472,-0.110,1.000,High,STABLE_SP,Stable,-2.794,,8.000,50.000,8.000,0.000,,,4.036,3.926,3.364,,0.317,30.100
27570,669371,cole henry,Cole Henry ,WSN,RP,pitcher,RP,RP,,,64.000,47.000,-0.187,-3.007,-2.820,-2.820,-5.741,-2.734,0.000,0.500,0.000,0.000,Low,STABLE_RP,Stable,-2.820,,,,,,,,,,,,,
26202,663968,jake mangum,Jake Mangum ,PIT,OF,hitter,OF,OF,371.000,221.000,,,-4.843,-6.996,-2.154,-2.154,-1.979,5.018,0.329,0.042,-1.003,0.547,Medium,STABLE,Stable,-2.827,82.000,,,,,77.441,0.285,,,,0.285,,23.500
25327,682842,abner uribe,Abner Uribe ,MIL,RP,pitcher,RP,RP,,,72.000,53.000,17.066,14.428,-2.638,-2.638,0.773,-13.654,0.000,0.440,-0.192,0.805,High,STABLE_RP,Stable,-2.830,,18.000,16.100,0.000,4.000,,,3.656,3.719,3.589,,,
31545,687551,drew gilbert,Drew Gilbert ,SFG,OF,hitter,OF,OF,70.000,201.000,,,-2.943,-4.961,-2.018,-2.018,-4.315,0.645,0.040,0.066,-0.891,0.513,Medium,STABLE,Stable,-2.870,77.000,,,,,75.532,0.263,,,,0.263,,25.800
29976,691783,jordan lawlar,Jordan Lawlar ,ARI,2B/3B/OF/DH,hitter,2B/3B/DH,2B/3B/OF/DH,518.000,239.000,,,4.133,1.237,-2.896,-2.896,3.359,2.122,0.000,0.500,0.000,0.000,Low,STABLE,Stable,-2.896,,,,,,,,,,,,,
31760,702275,jr ritchie,JR Ritchie ,ATL,SP,pitcher,SP,SP,,,37.000,74.000,-1.886,-4.820,-2.934,-2.934,3.020,7.840,0.000,0.500,0.000,0.000,Low,STABLE,Stable,-2.934,,,,,,,,,,,,,
13510,608070,jose ramirez,José Ramírez ,CLE,3B/DH,hitter,3B/DH,3B/DH,679.000,490.000,,,24.112,21.120,-2.992,-2.992,11.908,-9.212,0.000,0.514,0.058,1.000,High,STABLE,Stable,-2.934,197.000,,,,,100.735,0.370,,,,0.370,,16.900
17897,664076,garrett cleavinger,Garrett Cleavinger ,TBR,RP,pitcher,RP,RP,,,65.000,48.000,8.414,5.458,-2.955,-2.955,-1.063,-6.522,0.000,0.500,0.000,0.000,Low,STABLE_RP,Stable,-2.955,,,,,,,,,,,,,
19574,668941,jojo romero,JoJo Romero ,STL,RP,pitcher,RP,RP,,,64.000,47.000,4.500,2.551,-1.950,-1.950,2.826,0.275,0.033,0.228,-1.089,1.000,High,STABLE_RP,Stable,-3.005,,20.000,20.100,0.000,0.000,,,4.596,4.434,3.898,,,
20629,663969,tyler phillips,Tyler Phillips ,MIA,RP,pitcher,RP,RP,,,68.000,50.000,1.000,-1.904,-2.904,-2.904,1.989,3.893,0.467,0.357,-0.572,1.000,High,STABLE_RP,Stable,-3.009,,13.000,25.000,0.000,2.000,,,3.790,3.306,4.191,,,
27506,673490,ha seong kim,Ha-Seong Kim ,ATL,2B/SS,hitter,2B/SS,2B/SS,413.000,416.000,,,1.358,-1.651,-3.009,-3.009,-0.018,1.633,0.000,0.500,0.000,0.000,Low,STABLE,Stable,-3.009,,,,,,,,,,,,,
25479,686668,brenton doyle,Brenton Doyle ,COL,OF,hitter,OF,OF,595.000,391.000,,,2.713,1.005,-1.708,-1.708,-9.609,-10.614,0.000,0.049,-1.322,0.733,Medium,STABLE,Stable,-3.030,110.000,,,,,40.689,0.244,,,,0.244,,31.400
27468,672282,reid detmers,Reid Detmers ,LAA,SP,pitcher,SP,SP,,,149.000,113.000,14.396,11.195,-3.201,-3.201,6.498,-4.697,0.000,0.542,0.168,1.000,High,STABLE_SP,Stable,-3.033,,9.000,49.100,9.000,0.000,,,3.204,3.289,3.858,,0.286,26.200
18123,664770,nathan lukes,Nathan Lukes ,TOR,OF,hitter,OF,OF,294.000,170.000,,,-1.961,-4.399,-2.439,-2.439,-4.684,-0.285,0.000,0.093,-0.608,0.373,Medium,STABLE,Stable,-3.047,56.000,,,,,71.637,0.281,,,,0.281,,13.800
25942,677053,andrew nardi,Andrew Nardi ,MIA,RP,pitcher,RP,RP,,,60.000,41.000,1.533,-0.133,-1.666,-1.666,-2.736,-2.603,0.000,0.041,-1.395,0.760,High,STABLE_RP,Stable,-3.061,,18.000,15.200,0.000,0.000,,,6.110,4.702,4.836,,,
29858,672016,denzel clarke,Denzel Clarke ,ATH,OF,hitter,OF,OF,476.000,197.000,,,1.959,-0.548,-2.507,-2.507,-11.633,-11.085,0.000,0.142,-0.572,0.400,Medium,STABLE,Stable,-3.079,60.000,,,,,16.484,0.193,,,,0.193,,35.800
15873,640455,sean manaea,Sean Manaea ,NYM,SP,pitcher,SP,SP,,,128.000,102.000,6.390,4.034,-2.356,-2.356,-4.198,-8.232,0.000,0.181,-0.737,0.578,Medium,STABLE,Stable,-3.093,,9.000,23.100,0.000,0.000,,,5.293,4.349,4.424,,,
7802,500743,miguel rojas,Miguel Rojas ,LAD,2B/3B/SS,hitter,2B/3B/SS,2B/3B/SS,161.000,165.000,,,-4.612,-7.698,-3.086,-3.086,-0.557,7.141,0.400,0.254,-0.460,0.467,Medium,STABLE,Stable,-3.146,70.000,,,,,87.399,0.314,,,,0.314,,19.200
16556,645277,ozzie albies,Ozzie Albies ,ATL,2B,hitter,2B,2B,630.000,473.000,,,9.293,5.300,-3.992,-3.992,19.974,14.673,1.761,0.269,-0.925,1.000,High,STABLE,Stable,-3.156,184.000,,,,,133.602,0.300,,,,0.300,,23.700
16535,643376,danny jansen,Danny Jansen ,TEX,C,hitter,C,C,352.000,249.000,,,-0.292,-2.343,-2.050,-2.050,-6.309,-3.966,0.000,0.080,-1.110,0.660,Medium,STABLE,Stable,-3.160,99.000,,,,,78.049,0.243,,,,0.243,,25.700
29608,671212,joe boyle,Joe Boyle ,TBR,SP/RP,pitcher,SP,SP/RP,,,89.000,66.000,9.994,6.808,-3.185,-3.185,-40.362,-47.171,0.000,0.500,0.000,0.000,Low,STABLE,Stable,-3.185,,,,,,,,,,,,,
17919,664023,ian happ,Ian Happ ,CHC,OF/DH,hitter,OF,OF/DH,658.000,488.000,,,15.825,11.233,-4.592,-4.592,20.714,9.480,1.138,0.566,0.266,1.000,High,STABLE,Stable,-3.188,185.000,,,,,135.934,0.361,,,,0.361,,35.000
19260,641584,jake fraley,Jake Fraley ,TBR,OF,hitter,OF,OF,406.000,290.000,,,-3.215,-6.208,-2.993,-2.993,3.039,9.247,0.644,0.137,-0.843,0.580,Medium,STABLE,Stable,-3.192,87.000,,,,,100.023,0.287,,,,0.283,,22.100
19769,676684,will vest,Will Vest ,DET,RP,pitcher,RP,RP,,,68.000,41.000,6.874,3.671,-3.203,-3.203,-2.570,-6.240,0.000,0.500,0.000,0.000,Low,STABLE_RP,Stable,-3.203,,,,,,,,,,,,,
20043,673357,luis robert jr,Luis Robert Jr. ,NYM,OF,hitter,OF,OF,567.000,316.000,,,8.753,6.001,-2.752,-2.752,-2.327,-8.328,0.000,0.323,-0.461,0.653,Medium,STABLE,Stable,-3.213,98.000,,,,,95.310,0.324,,,,0.324,,25.600
29630,694388,joey loperfido,Joey Loperfido ,HOU,OF,hitter,OF,OF,427.000,270.000,,,-1.315,-4.227,-2.912,-2.912,0.201,4.428,0.234,0.162,-0.595,0.440,Medium,STABLE,Stable,-3.274,66.000,,,,,103.444,0.279,,,,0.279,,35.900
13770,608701,rob refsnyder,Rob Refsnyder ,SEA,OF/DH,hitter,OF/DH,OF/DH,266.000,173.000,,,-0.838,-3.524,-2.686,-2.686,-10.045,-6.522,0.000,0.120,-0.618,0.407,Medium,STABLE,Stable,-3.304,61.000,,,,,34.745,0.271,,,,0.271,,24.200
11493,592518,manny machado,Manny Machado ,SDP,3B/DH,hitter,3B/DH,3B/DH,644.000,467.000,,,15.783,13.437,-2.346,-2.346,-6.819,-20.256,0.000,0.254,-0.983,1.000,High,STABLE,Stable,-3.329,169.000,,,,,80.642,0.308,,,,0.308,,24.800
24729,681351,logan o hoppe,Logan O'Hoppe ,LAA,C/DH,hitter,C/DH,C/DH,452.000,287.000,,,2.719,0.060,-2.660,-2.660,-7.127,-7.187,0.000,0.230,-0.671,0.620,Medium,STABLE,Stable,-3.330,93.000,,,,,72.430,0.289,,,,0.294,,29.500
24494,680573,simeon woods richardson,Simeon Woods Richardson ,MIN,SP,pitcher,SP,SP,,,145.000,80.000,-10.609,-12.102,-1.493,-1.493,-58.290,-46.188,0.000,0.031,-1.877,1.000,High,STABLE_SP,Stable,-3.370,,9.000,42.000,9.000,0.000,,,6.247,6.511,6.034,,0.385,17.800
31791,702222,justin crawford,Justin Crawford ,PHI,OF,hitter,OF,OF,532.000,411.000,,,0.011,-3.391,-3.402,-3.402,7.255,10.646,1.141,0.183,-1.134,0.893,High,STABLE,Stable,-3.395,134.000,,,,,114.245,0.287,,,,0.287,,20.300
15491,641487,j p crawford,J.P. Crawford ,SEA,SS,hitter,SS,SS,588.000,433.000,,,-0.124,-5.053,-4.929,-4.929,6.329,11.382,1.366,0.534,0.135,1.000,High,STABLE,Stable,-3.428,155.000,,,,,116.922,0.374,,,,0.374,,14.400
24598,680718,addison barger,Addison Barger ,TOR,3B/OF,hitter,3B/OF,3B/OF,518.000,252.000,,,6.848,3.410,-3.438,-3.438,-8.452,-11.862,0.000,0.500,0.000,0.000,Low,STABLE,Stable,-3.438,,,,,,,,,,,,,
21029,661395,jhoan duran,Jhoan Duran ,PHI,RP,pitcher,RP,RP,,,70.000,50.000,21.443,17.992,-3.451,-3.451,1.363,-16.630,0.000,0.500,0.000,0.000,Low,STABLE_RP,Stable,-3.451,,,,,,,,,,,,,
19918,662139,daulton varsho,Daulton Varsho ,TOR,OF,hitter,OF,OF,595.000,442.000,,,4.150,0.951,-3.199,-3.199,6.541,5.591,0.671,0.261,-0.958,1.000,High,STABLE,Stable,-3.486,159.000,,,,,101.962,0.306,,,,0.306,,21.100
10310,554430,zack wheeler,Zack Wheeler ,PHI,SP,pitcher,SP,SP,,,157.000,129.000,28.349,24.829,-3.520,-3.520,15.814,-9.015,0.000,0.500,0.000,0.000,Low,STABLE,Stable,-3.520,,,,,,,,,,,,,
22264,669358,shane baz,Shane Baz ,BAL,SP,pitcher,SP,SP,,,150.000,115.000,3.427,-0.220,-3.647,-3.647,9.480,9.700,1.164,0.240,-1.041,1.000,High,STABLE_SP,Stable,-3.525,,8.000,44.100,8.000,0.000,,,4.568,4.279,4.524,,0.339,21.800
18030,664056,harrison bader,Harrison Bader ,SFG,OF,hitter,OF,OF,518.000,386.000,,,-2.252,-5.236,-2.985,-2.985,-12.041,-6.805,0.000,0.160,-0.562,0.413,Medium,STABLE,Stable,-3.546,62.000,,,,,16.364,0.266,,,,0.266,,35.400
28253,691594,javier sanoja,Javier Sanoja ,MIA,2B/3B/SS/OF,hitter,2B/3B/SS/OF,2B/3B/SS/OF,217.000,206.000,,,-2.125,-5.091,-2.966,-2.966,-1.335,3.757,0.276,0.135,-0.894,0.613,Medium,STABLE,Stable,-3.584,92.000,,,,,83.248,0.262,,,,0.262,,14.200
31595,686797,brooks lee,Brooks Lee ,MIN,2B/3B/SS,hitter,2B/3B/SS,2B/3B/SS,595.000,422.000,,,-0.053,-3.513,-3.460,-3.460,7.635,11.148,1.338,0.131,-1.474,1.000,High,STABLE,Stable,-3.596,154.000,,,,,103.629,0.271,,,,0.271,,20.800
16990,621383,tanner banks,Tanner Banks ,PHI,RP,pitcher,RP,RP,,,63.000,38.000,0.389,-3.275,-3.664,-3.664,-3.637,-0.363,0.000,0.507,0.024,0.855,High,STABLE_RP,Stable,-3.640,,17.000,17.100,0.000,0.000,,,3.756,2.876,3.828,,,
17901,643217,andrew benintendi,Andrew Benintendi ,CHW,OF/DH,hitter,OF/DH,OF/DH,518.000,363.000,,,1.652,-1.335,-2.987,-2.987,-6.166,-4.832,0.000,0.312,-0.663,0.880,High,STABLE,Stable,-3.650,132.000,,,,,71.133,0.304,,,,0.304,,32.500
12552,553993,eugenio suarez,Eugenio Suárez ,CIN,3B/DH,hitter,3B,3B/DH,609.000,360.000,,,6.625,4.072,-2.553,-2.553,-2.401,-6.473,0.000,0.088,-1.098,0.667,Medium,STABLE,Stable,-3.651,100.000,,,,,84.090,0.273,,,,0.273,,32.600
17170,642100,gabe speier,Gabe Speier ,SEA,RP,pitcher,RP,RP,,,58.000,36.000,3.038,-0.627,-3.665,-3.665,-1.930,-1.302,0.000,0.500,0.000,0.000,Low,STABLE_RP,Stable,-3.665,,,,,,,,,,,,,
30091,691725,andrew painter,Andrew Painter ,PHI,SP,pitcher,SP,SP,,,117.000,92.000,-7.373,-10.070,-2.696,-2.696,-46.626,-36.556,0.000,0.230,-1.004,0.930,High,STABLE_SP,Stable,-3.701,,8.000,37.200,7.000,0.000,,,4.970,4.832,4.207,,0.350,22.800
27647,683011,anthony volpe,Anthony Volpe ,NYY,SS,hitter,SS,SS,469.000,306.000,,,5.589,1.872,-3.717,-3.717,-0.529,-2.401,0.000,0.500,0.000,0.000,Low,STABLE,Stable,-3.717,,,,,,,,,,,,,
19392,656716,zach mckinstry,Zach McKinstry ,DET,2B/3B/SS/OF,hitter,2B/3B/SS/OF,2B/3B/SS/OF,378.000,303.000,,,0.415,-2.490,-2.905,-2.905,-6.360,-3.870,0.000,0.048,-0.820,0.453,Medium,STABLE,Stable,-3.725,68.000,,,,,48.554,0.239,,,,0.239,,16.800
12768,543243,sonny gray,Sonny Gray ,BOS,SP,pitcher,SP,SP,,,177.000,124.000,17.255,14.457,-2.798,-2.798,11.008,-3.449,0.000,0.223,-0.943,0.850,High,STABLE_SP,Stable,-3.741,,7.000,34.000,7.000,0.000,,,5.157,4.195,4.194,,0.355,19.600
19362,669211,keegan akin,Keegan Akin ,BAL,RP,pitcher,RP,RP,,,66.000,43.000,1.912,-1.847,-3.758,-3.758,-48.106,-46.260,0.000,0.500,0.000,0.000,Low,STABLE_RP,Stable,-3.758,,,,,,,,,,,,,
18568,650333,luis arraez,Luis Arraez ,SFG,1B/2B/DH,hitter,1B/2B/DH,1B/2B/DH,623.000,458.000,,,8.155,5.225,-2.930,-2.930,7.343,2.118,0.254,0.227,-1.093,1.000,High,STABLE,Stable,-3.770,173.000,,,,,105.784,0.305,,,,0.305,,8.200
19722,665966,carlos narvaez,Carlos Narváez ,BOS,C,hitter,C,C,423.000,275.000,,,-2.429,-5.423,-2.994,-2.994,-6.496,-1.073,0.000,0.165,-0.796,0.593,Medium,STABLE,Stable,-3.790,89.000,,,,,63.939,0.289,,,,0.289,,26.300
23789,677942,blaze alexander,Blaze Alexander ,BAL,2B/3B/SS/OF,hitter,2B/3B/OF,2B/3B/SS/OF,259.000,214.000,,,-2.014,-5.001,-2.988,-2.988,-4.694,0.307,0.025,0.184,-0.842,0.667,Medium,STABLE,Stable,-3.805,100.000,,,,,69.520,0.306,,,,0.306,,34.600
26396,669701,josh smith,Josh Smith ,TEX,1B/2B/3B/SS/OF/DH,hitter,1B/3B/SS/OF/DH,1B/2B/3B/SS/OF/DH,504.000,288.000,,,1.973,-1.022,-2.995,-2.995,-6.301,-5.279,0.000,0.215,-0.820,0.720,Medium,STABLE,Stable,-3.816,108.000,,,,,67.593,0.307,,,,0.301,,22.500
16400,625643,reynaldo lopez,Reynaldo López ,ATL,SP,pitcher,SP,SP,,,144.000,86.000,7.809,3.987,-3.822,-3.822,-45.066,-49.053,0.000,0.500,0.000,0.000,Low,STABLE,Stable,-3.822,,,,,,,,,,,,,
23690,677587,brayan rocchio,Brayan Rocchio ,CLE,2B/SS,hitter,2B/SS,2B/SS,504.000,420.000,,,-2.326,-6.900,-4.573,-4.573,7.912,14.811,1.777,0.243,-1.028,1.000,High,STABLE,Stable,-3.824,162.000,,,,,108.656,0.307,,,,0.308,,21.100
24728,681347,mike burrows,Mike Burrows ,HOU,SP,pitcher,SP,SP,,,137.000,94.000,3.234,-0.197,-3.431,-3.431,-43.330,-43.133,0.000,0.398,-0.408,1.000,High,STABLE_SP,Stable,-3.838,,8.000,44.200,8.000,0.000,,,3.780,4.629,4.062,,0.309,25.000
20020,670167,john schreiber,John Schreiber ,KCR,RP,pitcher,RP,RP,,,64.000,44.000,-1.898,-4.041,-2.143,-2.143,-6.363,-2.322,0.000,0.000,-1.700,0.850,High,STABLE_RP,Stable,-3.843,,18.000,17.000,0.000,1.000,,,6.009,6.518,5.960,,,
18360,663586,austin riley,Austin Riley ,ATL,3B,hitter,3B,3B,672.000,473.000,,,27.274,24.395,-2.879,-2.879,-2.067,-26.462,0.000,0.257,-0.971,1.000,High,STABLE,Stable,-3.850,179.000,,,,,84.812,0.304,,,,0.304,,32.800
6984,472610,luis garcia,Luis García ,MIN,RP,pitcher,RP,RP,,,60.000,41.000,-2.053,-4.529,-2.476,-2.476,-6.810,-2.281,0.000,0.000,-1.400,0.700,Medium,STABLE_RP,Stable,-3.876,,14.000,14.000,0.000,1.000,,,7.360,5.535,5.986,,,
17479,656427,jack flaherty,Jack Flaherty ,DET,SP,pitcher,SP,SP,,,161.000,118.000,10.659,8.269,-2.391,-2.391,7.103,-1.166,0.000,0.099,-1.490,0.930,High,STABLE_SP,Stable,-3.881,,9.000,37.200,9.000,0.000,,,5.200,5.204,5.343,,0.357,24.000
14843,547179,michael lorenzen,Michael Lorenzen ,COL,SP,pitcher,SP,SP,,,143.000,114.000,-22.503,-24.756,-2.253,-2.253,-50.700,-25.945,0.000,0.088,-1.647,1.000,High,STABLE_SP,Stable,-3.900,,10.000,44.000,9.000,0.000,,,5.785,4.924,4.357,,0.373,20.800
19950,665926,andres gimenez,Andrés Giménez ,TOR,2B/SS,hitter,2B/SS,2B/SS,595.000,447.000,,,3.321,0.511,-2.809,-2.809,4.895,4.384,0.526,0.088,-1.649,1.000,High,STABLE,Stable,-3.932,150.000,,,,,88.711,0.264,,,,0.264,,23.300
19287,666969,adolis garcia,Adolis García ,PHI,OF/DH,hitter,OF/DH,OF/DH,609.000,458.000,,,7.833,4.635,-3.198,-3.198,-3.289,-7.924,0.000,0.279,-0.886,1.000,High,STABLE,Stable,-4.084,171.000,,,,,82.113,0.312,,,,0.312,,29.800
13152,593871,jorge polanco,Jorge Polanco ,NYM,2B/3B/DH,hitter,2B/3B/DH,2B/3B/DH,539.000,296.000,,,8.096,4.631,-3.465,-3.465,-5.827,-10.458,0.000,0.111,-0.632,0.407,Medium,STABLE,Stable,-4.098,61.000,,,,,54.118,0.270,,,,0.270,,20.000
20454,665862,jazz chisholm jr,Jazz Chisholm Jr. ,NYY,2B/3B,hitter,2B/3B,2B/3B,602.000,444.000,,,17.785,15.313,-2.472,-2.472,-3.769,-19.082,0.000,0.091,-1.636,1.000,High,STABLE,Stable,-4.108,171.000,,,,,73.357,0.265,,,,0.265,,31.400
17548,621493,taylor ward,Taylor Ward ,BAL,OF/DH,hitter,OF,OF/DH,658.000,479.000,,,17.570,12.710,-4.860,-4.860,17.052,4.342,0.521,0.535,0.140,1.000,High,STABLE,Stable,-4.199,195.000,,,,,138.889,0.369,,,,0.369,,15.700
19627,667670,brent rooker,Brent Rooker ,ATH,OF/DH,hitter,OF/DH,OF/DH,672.000,467.000,,,31.741,28.218,-3.522,-3.522,-2.474,-30.692,0.000,0.269,-0.683,0.740,Medium,STABLE,Stable,-4.205,111.000,,,,,72.730,0.301,,,,0.305,,39.800
22210,669093,jeremiah estrada,Jeremiah Estrada ,SDP,RP,pitcher,RP,RP,,,70.000,46.000,10.899,6.454,-4.445,-4.445,-0.141,-6.595,0.000,0.587,0.212,0.610,Medium,STABLE_RP,Stable,-4.233,,12.000,12.200,0.000,0.000,,,3.218,3.027,3.443,,,
15362,643446,jeff mcneil,Jeff McNeil ,ATH,2B/OF/DH,hitter,2B/OF/DH,2B/OF/DH,581.000,384.000,,,1.000,-2.640,-3.640,-3.640,1.702,4.343,0.486,0.201,-1.118,0.933,High,STABLE,Stable,-4.272,140.000,,,,,101.060,0.313,,,,0.313,,16.100
31680,702284,cole young,Cole Young ,SEA,2B,hitter,2B,2B,434.000,372.000,,,-1.288,-5.654,-4.365,-4.365,1.131,6.785,0.814,0.319,-0.723,1.000,High,STABLE,Stable,-4.274,173.000,,,,,100.938,0.331,,,,0.331,,25.500
20000,669330,tyler wells,Tyler Wells ,BAL,RP,pitcher,SP,RP,,,72.000,36.000,-1.540,-6.048,-4.508,-4.508,-0.435,5.614,0.643,0.391,-0.416,0.955,High,SP_TO_RP,Stable,-4.281,,15.000,19.100,0.000,0.000,,,3.678,3.572,4.262,,,
19953,666139,josh lowe,Josh Lowe ,LAA,OF,hitter,OF,OF,511.000,372.000,,,8.069,5.034,-3.035,-3.035,-15.368,-20.402,0.000,0.091,-1.254,0.767,High,STABLE,Stable,-4.290,115.000,,,,,34.696,0.250,,,,0.250,,27.200
21690,665795,edward cabrera,Edward Cabrera ,CHC,SP,pitcher,SP,SP,,,139.000,108.000,14.345,10.358,-3.987,-3.987,12.116,1.759,0.211,0.371,-0.517,1.000,High,STABLE_SP,Stable,-4.292,,8.000,46.100,8.000,0.000,,,4.309,4.250,3.590,,0.328,27.300
31616,688158,david morgan,David Morgan ,SDP,RP,pitcher,RP,RP,,,58.000,36.000,-1.924,-5.319,-3.395,-3.395,-6.914,-1.595,0.000,0.140,-0.944,0.655,Medium,STABLE_RP,Stable,-4.339,,11.000,13.100,0.000,0.000,,,3.494,5.731,4.940,,,
13580,595345,steven okert,Steven Okert ,HOU,RP,pitcher,RP,RP,,,64.000,41.000,1.378,-1.989,-3.368,-3.368,-40.176,-38.186,0.000,0.214,-1.037,0.905,High,STABLE_RP,Stable,-4.404,,20.000,18.100,0.000,0.000,,,3.703,4.088,4.816,,,
16944,656550,grant holmes,Grant Holmes ,ATL,SP,pitcher,SP,SP,,,151.000,98.000,4.709,1.388,-3.321,-3.321,-41.961,-43.348,0.000,0.228,-1.090,1.000,High,STABLE_SP,Stable,-4.410,,8.000,41.100,8.000,0.000,,,4.413,5.187,4.549,,0.334,28.700
26517,682622,noelvi marte,Noelvi Marte ,CIN,3B/OF,hitter,3B/OF,3B/OF,504.000,195.000,,,3.380,-1.065,-4.446,-4.446,-9.980,-8.915,0.000,0.500,0.000,0.000,Low,STABLE,Stable,-4.446,,,,,,,,,,,,,
33189,694384,nolan schanuel,Nolan Schanuel ,LAA,1B,hitter,1B,1B,616.000,428.000,,,3.529,0.434,-3.094,-3.094,-0.530,-0.964,0.000,0.157,-1.372,1.000,High,STABLE,Stable,-4.466,171.000,,,,,92.496,0.304,,,,0.304,,19.100
12976,595978,austin hedges,Austin Hedges ,CLE,C,hitter,C,C,141.000,139.000,,,-7.674,-12.220,-4.546,-4.546,0.715,12.935,0.621,0.141,-0.574,0.400,Medium,STABLE,Stable,-4.499,60.000,,,,,108.569,0.271,,,,0.271,,27.300
31972,695418,brad lord,Brad Lord ,WSN,SP/RP,pitcher,SP,SP/RP,,,91.000,62.000,7.380,3.141,-4.238,-4.238,0.130,-3.011,0.000,0.397,-0.289,0.700,Medium,STABLE,Stable,-4.527,,13.000,28.000,0.000,0.000,,,3.594,3.856,3.567,,,
3137,453286,max scherzer,Max Scherzer ,TOR,SP,pitcher,SP,SP,,,113.000,82.000,-4.191,-8.734,-4.542,-4.542,-5.948,2.786,0.000,0.500,0.000,0.000,Low,STABLE,Stable,-4.542,,,,,,,,,,,,,
13611,605141,mookie betts,Mookie Betts ,LAD,SS,hitter,SS,SS,651.000,463.000,,,21.387,16.816,-4.571,-4.571,0.979,-15.837,0.000,0.500,0.000,0.000,Low,STABLE,Stable,-4.571,,,,,,,,,,,,,
26466,670242,matt wallner,Matt Wallner ,MIN,OF/DH,hitter,OF/DH,OF/DH,476.000,334.000,,,13.266,9.804,-3.463,-3.463,-12.844,-22.648,0.000,0.169,-1.191,0.900,High,STABLE,Stable,-4.653,135.000,,,,,57.795,0.282,,,,0.282,,44.000
27531,666152,david hamilton,David Hamilton ,MIL,2B/3B/SS,hitter,2B/SS,2B/3B/SS,203.000,258.000,,,-0.947,-4.315,-3.368,-3.368,-5.669,-1.354,0.000,0.074,-1.296,0.760,High,STABLE,Stable,-4.664,114.000,,,,,71.659,0.269,,,,0.269,,20.400
29490,701538,jackson merrill,Jackson Merrill ,SDP,OF,hitter,OF,OF,630.000,482.000,,,14.928,11.043,-3.885,-3.885,-2.704,-13.748,0.000,0.303,-0.789,1.000,High,STABLE,Stable,-4.675,176.000,,,,,80.014,0.317,,,,0.317,,27.900
27562,669224,austin wells,Austin Wells ,NYY,C,hitter,C,C,461.000,341.000,,,4.894,0.827,-4.068,-4.068,-7.612,-8.438,0.000,0.299,-0.642,0.800,High,STABLE,Stable,-4.710,120.000,,,,,70.298,0.314,,,,0.314,,27.500
35456,702056,trey yesavage,Trey Yesavage ,TOR,SP,pitcher,SP,SP,,,118.000,99.000,16.632,11.912,-4.721,-4.721,9.336,-2.576,0.000,0.500,0.000,0.000,Low,STABLE,Stable,-4.721,,,,,,,,,,,,,
26123,683146,brett baty,Brett Baty ,NYM,1B/2B/3B/OF/DH,hitter,2B/3B,1B/2B/3B/OF/DH,434.000,296.000,,,5.103,1.681,-3.422,-3.422,-7.431,-9.112,0.000,0.129,-1.335,0.900,High,STABLE,Stable,-4.756,135.000,,,,,71.699,0.286,,,,0.286,,27.900
33321,807712,luke keaschall,Luke Keaschall ,MIN,2B/DH,hitter,2B/DH,2B/DH,567.000,422.000,,,9.277,6.045,-3.232,-3.232,-3.391,-9.436,0.000,0.107,-1.571,1.000,High,STABLE,Stable,-4.803,175.000,,,,,71.964,0.281,,,,0.281,,13.900
15130,623454,drew anderson,Drew Anderson ,DET,RP,pitcher,SP,RP,,,84.000,48.000,4.144,-0.419,-4.563,-4.563,-1.032,-0.613,0.000,0.438,-0.246,1.000,High,SP_TO_RP,Stable,-4.809,,14.000,23.000,0.000,1.000,,,4.026,3.889,3.415,,,
20220,666176,jo adell,Jo Adell ,LAA,OF,hitter,OF,OF,609.000,444.000,,,18.534,14.397,-4.137,-4.137,5.403,-8.994,0.000,0.320,-0.718,1.000,High,STABLE,Stable,-4.855,184.000,,,,,98.408,0.327,,,,0.327,,26.200
21538,663743,nick fortes,Nick Fortes ,TBR,C,hitter,C,C,314.000,275.000,,,-6.141,-10.907,-4.766,-4.766,-2.188,8.719,0.753,0.201,-0.861,0.720,Medium,STABLE,Stable,-4.873,108.000,,,,,89.613,0.292,,,,0.292,,17.000
28022,700337,edgar quero,Edgar Quero ,CHW,C/DH,hitter,C/DH,C/DH,483.000,233.000,,,0.534,-3.086,-3.620,-3.620,-17.696,-14.610,0.000,0.023,-1.259,0.660,Medium,STABLE,Stable,-4.880,99.000,,,,,28.757,0.249,,,,0.249,,26.500
30113,694477,chad patrick,Chad Patrick ,MIL,SP,pitcher,SP,SP,,,141.000,106.000,0.895,-3.163,-4.058,-4.058,-36.508,-33.345,0.000,0.255,-0.861,0.878,High,STABLE_SP,Stable,-4.919,,9.000,35.100,5.000,0.000,,,4.092,3.814,5.026,,0.321,24.300
16530,643289,mauricio dubon,Mauricio Dubón ,ATL,2B/3B/SS/OF,hitter,2B/3B/SS/OF,2B/3B/SS/OF,448.000,401.000,,,-4.109,-9.717,-5.608,-5.608,4.652,14.369,1.724,0.241,-1.037,1.000,High,STABLE,Stable,-4.920,165.000,,,,,107.645,0.314,,,,0.314,,19.300
13125,543037,gerrit cole,Gerrit Cole ,NYY,SP,pitcher,SP,SP,,,134.000,112.000,12.423,7.465,-4.958,-4.958,,,0.000,0.500,0.000,0.000,Low,STABLE,Stable,-4.958,,,,,,,,,,,,,
24262,678882,ceddanne rafaela,Ceddanne Rafaela ,BOS,2B/OF,hitter,2B/OF,2B/OF,609.000,425.000,,,6.628,1.701,-4.927,-4.927,10.020,8.319,0.985,0.236,-1.044,0.987,High,STABLE,Stable,-4.986,148.000,,,,,114.925,0.298,,,,0.298,,26.000
15488,622608,antonio senzatela,Antonio Senzatela ,COL,SP/RP,pitcher,SP,SP/RP,,,96.000,63.000,-17.923,-100.990,-83.067,-8.000,5.899,106.889,2.710,0.605,0.284,0.677,Medium,STABLE,"YTD Breakout, Projection Skeptical",-5.006,,12.000,27.100,0.000,2.000,,,2.757,2.594,3.609,,,
35177,701807,carson benge,Carson Benge ,NYM,OF,hitter,OF,OF,413.000,337.000,,,2.235,-1.813,-4.049,-4.049,-2.157,-0.344,0.000,0.232,-0.980,0.913,High,STABLE,Stable,-5.028,137.000,,,,,83.823,0.310,,,,0.310,,21.200
22715,672580,maikel garcia,Maikel Garcia ,KCR,2B/3B/SS/OF/DH,hitter,2B/3B/SS/OF/DH,2B/3B/SS/OF/DH,665.000,488.000,,,16.490,11.525,-4.965,-4.965,12.695,1.169,0.140,0.442,-0.232,1.000,High,STABLE,Stable,-5.057,180.000,,,,,114.284,0.346,,,,0.346,,16.100
7304,521692,salvador perez,Salvador Perez ,KCR,C/1B/DH,hitter,C/1B/DH,C/1B/DH,618.000,445.000,,,12.016,8.280,-3.736,-3.736,-14.570,-22.850,0.000,0.161,-1.356,1.000,High,STABLE,Stable,-5.092,172.000,,,,,50.888,0.272,,,,0.272,,26.900
30063,671976,tristan peters,Tristan Peters ,CHW,OF,hitter,OF,OF,28.000,187.000,,,-4.439,-8.927,-4.488,-4.488,-1.232,7.695,0.659,0.057,-1.264,0.713,Medium,STABLE,Stable,-5.094,107.000,,,,,88.392,0.276,,,,0.276,,26.100
25979,683083,nasim nunez,Nasim Nuñez ,WSN,2B/SS,hitter,2B/SS,2B/SS,378.000,283.000,,,-4.029,-7.972,-3.943,-3.943,-3.786,4.186,0.486,0.075,-1.645,0.967,High,STABLE,Stable,-5.102,145.000,,,,,67.226,0.282,,,,0.282,,22.100
25377,663903,brady singer,Brady Singer ,CIN,SP,pitcher,SP,SP,,,170.000,125.000,-4.386,-8.215,-3.829,-3.829,-5.896,2.319,0.278,0.097,-1.614,1.000,High,STABLE_SP,Stable,-5.164,,9.000,42.000,9.000,0.000,,,6.035,6.178,4.613,,0.380,21.900
21636,665161,jeremy pena,Jeremy Peña ,HOU,SS,hitter,SS,SS,623.000,413.000,,,14.350,9.149,-5.201,-5.201,0.682,-8.467,0.000,0.500,0.000,0.000,Low,STABLE,Stable,-5.201,,,,,,,,,,,,,
10078,573204,caleb thielbar,Caleb Thielbar ,CHC,RP,pitcher,RP,RP,,,66.000,35.000,4.088,-1.166,-5.253,-5.253,-4.221,-3.056,0.000,0.500,0.000,0.000,Low,STABLE_RP,Stable,-5.253,,,,,,,,,,,,,
29622,686217,sal frelick,Sal Frelick ,MIL,OF,hitter,OF,OF,511.000,401.000,,,1.263,-2.727,-3.990,-3.990,-6.377,-3.649,0.000,0.165,-1.312,0.980,High,STABLE,Stable,-5.303,147.000,,,,,80.253,0.291,,,,0.291,,11.800
23372,676439,hunter feduccia,Hunter Feduccia ,TBR,C,hitter,C,C,262.000,180.000,,,-4.738,-9.741,-5.003,-5.003,-3.288,6.452,0.279,0.025,-0.683,0.360,Medium,STABLE,Stable,-5.407,54.000,,,,,91.546,0.281,,,,0.278,,26.000
26231,663947,tyler holton,Tyler Holton ,DET,RP,pitcher,RP,RP,,,72.000,49.000,3.744,-0.461,-4.205,-4.205,-43.229,-42.769,0.000,0.142,-1.217,0.850,High,STABLE_RP,Stable,-5.422,,16.000,17.000,0.000,0.000,,,4.558,4.695,4.157,,,
sa3022923,806068,colt emerson,Colt Emerson ,SEA,SS,hitter,SS,SS,294.000,250.000,,,-3.070,-8.582,-5.512,-5.512,,,0.000,0.500,0.000,0.000,Low,STABLE,Stable,-5.512,,,,,,,,,,,,,
16609,650556,bryan abreu,Bryan Abreu ,HOU,RP,pitcher,RP,RP,,,68.000,47.000,10.151,5.945,-4.206,-4.206,-7.555,-13.500,0.000,0.000,-1.320,0.660,Medium,STABLE_RP,Stable,-5.526,,15.000,13.200,0.000,1.000,,,6.422,7.789,5.218,,,
15905,620443,luis torrens,Luis Torrens ,NYM,C,hitter,C,C,218.000,265.000,,,-3.326,-8.427,-5.102,-5.102,-6.511,1.917,0.086,0.147,-0.526,0.373,Medium,STABLE,Stable,-5.542,56.000,,,,,65.029,0.269,,,,0.269,,25.700
21618,664761,alec bohm,Alec Bohm ,PHI,1B/3B,hitter,1B/3B,1B/3B,609.000,411.000,,,3.762,-0.359,-4.121,-4.121,-17.688,-17.329,0.000,0.132,-1.470,1.000,High,STABLE,Stable,-5.591,156.000,,,,,47.975,0.275,,,,0.275,,17.100
26294,681082,bryson stott,Bryson Stott ,PHI,2B/SS,hitter,2B/SS,2B/SS,609.000,447.000,,,7.660,3.126,-4.534,-4.534,-0.012,-3.138,0.000,0.200,-1.113,0.927,High,STABLE,Stable,-5.647,139.000,,,,,73.099,0.297,,,,0.297,,16.500
28806,694192,jackson chourio,Jackson Chourio ,MIL,OF,hitter,OF,OF,651.000,480.000,,,20.761,15.084,-5.677,-5.677,2.787,-12.296,0.000,0.500,0.000,0.000,Low,STABLE,Stable,-5.677,,,,,,,,,,,,,
15823,641793,zack littell,Zack Littell ,WSN,SP,pitcher,SP,SP,,,151.000,111.000,-16.767,-20.719,-3.952,-3.952,-64.539,-43.821,0.000,0.017,-1.745,0.903,High,STABLE_SP,Stable,-5.697,,8.000,36.100,5.000,0.000,,,7.602,8.253,5.680,,0.417,11.900
9774,543877,christian vazquez,Christian Vázquez ,HOU,C,hitter,C,C,160.000,214.000,,,-7.097,-13.094,-5.997,-5.997,2.475,15.570,1.046,0.137,-0.813,0.560,Medium,STABLE,"Banked Production, Projection Skeptical",-5.764,84.000,,,,,110.828,0.246,,,,0.246,,20.300
14968,605170,victor caratini,Victor Caratini ,MIN,C/1B/DH,hitter,C/1B/DH,C/1B/DH,400.000,315.000,,,-0.987,-6.026,-5.039,-5.039,-12.061,-6.035,0.000,0.267,-0.734,0.787,High,STABLE,Stable,-5.774,118.000,,,,,57.984,0.334,,,,0.334,,20.100
17350,646240,rafael devers,Rafael Devers ,SFG,1B/DH,hitter,1B/DH,1B/DH,686.000,488.000,,,22.780,18.152,-4.628,-4.628,0.400,-17.752,0.000,0.212,-1.150,1.000,High,STABLE,Stable,-5.778,176.000,,,,,92.622,0.270,,,,0.270,,31.300
23697,677594,julio rodriguez,Julio Rodríguez ,SEA,OF,hitter,OF,OF,686.000,500.000,,,34.719,29.246,-5.474,-5.474,13.245,-16.001,0.000,0.405,-0.378,1.000,High,STABLE,Stable,-5.852,192.000,,,,,122.935,0.341,,,,0.341,,28.200
25880,686613,hunter brown,Hunter Brown ,HOU,SP,pitcher,SP,SP,,,182.000,91.000,25.663,19.705,-5.959,-5.959,10.423,-9.282,0.000,0.500,0.000,0.000,Low,STABLE,Stable,-5.959,,,,,,,,,,,,,
31781,702616,jackson holliday,Jackson Holliday ,BAL,2B/SS,hitter,2B/SS,2B/SS,490.000,316.000,,,8.756,2.789,-5.967,-5.967,,,0.000,0.500,0.000,0.000,Low,STABLE,Stable,-5.967,,,,,,,,,,,,,
11426,519141,drew pomeranz,Drew Pomeranz ,LAA,RP,pitcher,RP,RP,,,56.000,31.000,-0.772,-5.278,-4.507,-4.507,-6.027,-0.748,0.000,0.000,-1.500,0.750,High,STABLE_RP,Stable,-6.007,,17.000,15.000,0.000,0.000,,,5.319,6.973,5.942,,,
35321,608372,tomoyuki sugano,Tomoyuki Sugano ,COL,SP,pitcher,SP,SP,,,116.000,105.000,-26.624,-33.180,-6.556,-6.556,4.218,37.398,2.400,0.035,-1.860,1.000,High,STABLE_SP,"Banked Production, Projection Skeptical",-6.016,,8.000,42.000,8.000,0.000,,,6.643,5.606,4.761,,0.398,18.000
25098,682052,jacob lopez,Jacob Lopez ,ATH,SP,pitcher,SP,SP,,,120.000,83.000,-1.362,-6.740,-5.378,-5.378,-53.267,-46.526,0.000,0.315,-0.648,0.878,High,STABLE_SP,Stable,-6.026,,8.000,35.100,7.000,0.000,,,3.347,6.503,5.945,,0.292,20.400
23003,673237,yainer diaz,Yainer Diaz ,HOU,C/DH,hitter,C/DH,C/DH,517.000,216.000,,,8.653,3.839,-4.815,-4.815,-8.442,-12.281,0.000,0.066,-1.228,0.707,Medium,STABLE,Stable,-6.043,106.000,,,,,64.287,0.257,,,,0.257,,23.400
5417,514888,jose altuve,Jose Altuve ,HOU,2B/OF/DH,hitter,2B/OF/DH,2B/OF/DH,623.000,449.000,,,8.897,3.642,-5.255,-5.255,2.493,-1.149,0.000,0.301,-0.795,1.000,High,STABLE,Stable,-6.050,177.000,,,,,101.533,0.322,,,,0.322,,24.700
35323,808963,roki sasaki,Roki Sasaki ,LAD,SP,pitcher,SP,SP,,,120.000,78.000,-0.790,-5.686,-4.896,-4.896,-52.433,-46.747,0.000,0.135,-1.210,0.830,High,STABLE_SP,Stable,-6.106,,7.000,33.200,7.000,0.000,,,5.664,6.522,4.967,,0.370,28.400
27769,691718,pete crow armstrong,Pete Crow-Armstrong ,CHC,OF,hitter,OF,OF,644.000,473.000,,,18.341,13.173,-5.168,-5.168,2.004,-11.169,0.000,0.265,-0.940,1.000,High,STABLE,Stable,-6.108,174.000,,,,,93.015,0.303,,,,0.303,,27.400
20539,670955,edwin uceta,Edwin Uceta ,TBR,RP,pitcher,RP,RP,,,56.000,27.000,3.632,-2.501,-6.132,-6.132,,,0.000,0.500,0.000,0.000,Low,STABLE_RP,Stable,-6.132,,,,,,,,,,,,,
26410,666201,alek manoah,Alek Manoah ,LAA,RP,pitcher,SP,RP,,,44.000,58.000,-7.529,-13.703,-6.174,-6.174,-4.793,8.910,0.000,0.500,0.000,0.000,Low,SP_TO_RP,Role Loss,-6.174,,,,,,,,,,,,,
27814,675660,shane drohan,Shane Drohan ,MIL,SP/RP,pitcher,RP,SP/RP,,,57.000,49.000,-8.624,-103.331,-94.707,-8.000,-37.324,66.007,1.400,0.783,0.396,0.350,Medium,RP_TO_SP,"YTD Breakout, Projection Skeptical",-6.204,,6.000,14.000,0.000,1.000,,,2.113,1.678,3.083,,,
27688,686799,jack kochanowicz,Jack Kochanowicz ,LAA,SP,pitcher,SP,SP,,,78.000,103.000,-6.704,-14.141,-7.437,-7.437,16.167,30.308,2.400,0.194,-1.222,1.000,High,STABLE_SP,"Banked Production, Projection Skeptical",-6.260,,8.000,45.100,8.000,0.000,,,4.985,4.077,4.619,,0.350,23.400
21479,663538,nico hoerner,Nico Hoerner ,CHC,2B/SS,hitter,2B/SS,2B/SS,665.000,488.000,,,9.601,2.101,-7.500,-7.500,17.387,15.286,1.834,0.342,-0.631,1.000,High,STABLE,"Banked Production, Projection Skeptical",-6.297,193.000,,,,,118.532,0.339,,,,0.339,,10.300
31580,805367,chase meidroth,Chase Meidroth ,CHW,2B/SS,hitter,2B/SS,2B/SS,560.000,425.000,,,1.876,-4.816,-6.692,-6.692,7.807,12.623,1.515,0.203,-1.188,1.000,High,STABLE,Stable,-6.366,172.000,,,,,106.778,0.296,,,,0.296,,20.100
13449,573124,taylor rogers,Taylor Rogers ,MIN,RP,pitcher,RP,RP,,,61.000,43.000,3.692,-1.755,-5.447,-5.447,-1.675,0.080,0.008,0.208,-0.942,0.805,High,STABLE_RP,Stable,-6.381,,17.000,16.100,0.000,0.000,,,5.108,2.800,5.037,,,
24064,678662,ezequiel tovar,Ezequiel Tovar ,COL,SS,hitter,SS,SS,651.000,473.000,,,12.750,7.854,-4.896,-4.896,-14.795,-22.649,0.000,0.123,-1.509,1.000,High,STABLE,Stable,-6.405,154.000,,,,,32.777,0.287,,,,0.287,,30.300
37122,823550,sung mun song,Sung-Mun Song ,SDP,2B,hitter,2B,2B,287.000,213.000,,,-1.942,-8.349,-6.408,-6.408,0.017,8.367,0.000,0.500,0.000,0.000,Low,STABLE,Stable,-6.408,,,,,,,,,,,,,
31912,802415,chandler simpson,Chandler Simpson ,TBR,OF,hitter,OF,OF,455.000,399.000,,,-2.284,-8.474,-6.190,-6.190,2.646,11.121,1.334,0.102,-1.594,1.000,High,STABLE,Stable,-6.450,173.000,,,,,92.165,0.258,,,,0.262,,10.300
31370,805300,jakob marsee,Jakob Marsee ,MIA,OF,hitter,OF,OF,581.000,396.000,,,3.024,-1.996,-5.020,-5.020,-9.467,-7.471,0.000,0.138,-1.446,1.000,High,STABLE,Stable,-6.467,185.000,,,,,70.167,0.282,,,,0.282,,19.200
26548,682668,luisangel acuna,Luisangel Acuña ,CHW,2B/3B/SS/OF,hitter,2B/3B/SS,2B/3B/SS/OF,427.000,301.000,,,-2.848,-8.491,-5.644,-5.644,-12.520,-4.029,0.000,0.126,-0.888,0.593,Medium,STABLE,Stable,-6.532,89.000,,,,,22.860,0.271,,,,0.271,,25.600
16997,650402,gleyber torres,Gleyber Torres ,DET,2B/DH,hitter,2B/DH,2B/DH,658.000,422.000,,,17.120,10.984,-6.136,-6.136,6.166,-4.819,0.000,0.394,-0.407,0.960,High,STABLE,Stable,-6.543,144.000,,,,,112.414,0.347,,,,0.347,,20.300
22542,671732,lawrence butler,Lawrence Butler ,ATH,OF,hitter,OF,OF,581.000,347.000,,,10.148,4.423,-5.725,-5.725,-11.474,-15.897,0.000,0.266,-0.854,0.913,High,STABLE,Stable,-6.579,137.000,,,,,55.754,0.304,,,,0.307,,29.800
22515,671218,heliot ramos,Heliot Ramos ,SFG,OF,hitter,OF,OF,637.000,437.000,,,10.841,3.897,-6.944,-6.944,8.162,4.264,0.512,0.434,-0.265,1.000,High,STABLE,Stable,-6.697,169.000,,,,,110.803,0.331,,,,0.331,,29.500
26289,683002,gunnar henderson,Gunnar Henderson ,BAL,SS/DH,hitter,SS/DH,SS/DH,672.000,489.000,,,40.233,34.782,-5.451,-5.451,-0.105,-34.887,0.000,0.170,-1.319,1.000,High,STABLE,Stable,-6.770,198.000,,,,,79.064,0.283,,,,0.283,,26.100
22294,669461,matthew liberatore,Matthew Liberatore ,STL,SP,pitcher,SP,SP,,,148.000,109.000,1.000,-5.019,-6.019,-6.019,2.431,7.450,0.894,0.087,-1.651,1.000,High,STABLE_SP,Stable,-6.776,,9.000,47.000,9.000,0.000,,,5.808,5.298,4.572,,0.374,20.600
11847,455119,chris martin,Chris Martin ,TEX,RP,pitcher,RP,RP,,,55.000,29.000,1.129,-5.649,-6.778,-6.778,-5.577,0.072,0.000,0.500,0.000,0.000,Low,STABLE_RP,Stable,-6.778,,,,,,,,,,,,,
24282,678906,kai wei teng,Kai-Wei Teng ,HOU,SP/RP,pitcher,SP/RP,SP/RP,,,59.000,52.000,-77.091,-104.734,-27.643,-8.000,-37.117,67.617,1.200,0.494,-0.011,0.500,Medium,STABLE,"Banked Production, Projection Skeptical",-6.811,,13.000,20.000,0.000,0.000,,,2.687,4.106,3.491,,,
17735,641302,tyler alexander,Tyler Alexander ,TEX,SP/RP,pitcher,SP/RP,SP/RP,,,71.000,56.000,-73.359,-99.755,-26.396,-8.000,0.654,100.409,1.260,0.456,-0.092,0.525,Medium,STABLE,"Banked Production, Projection Skeptical",-6.832,,20.000,21.000,0.000,2.000,,,2.841,3.202,4.121,,,
17929,656775,cedric mullins,Cedric Mullins ,TBR,OF,hitter,OF,OF,476.000,311.000,,,-3.093,-8.285,-5.192,-5.192,-25.616,-17.332,0.000,0.040,-1.728,0.940,High,STABLE,Stable,-6.921,141.000,,,,,19.586,0.215,,,,0.214,,20.400
15454,601713,nick pivetta,Nick Pivetta ,SDP,SP,pitcher,SP,SP,,,174.000,36.000,13.215,6.268,-6.947,-6.947,14.092,7.824,0.000,0.500,0.000,0.000,Low,STABLE,Stable,-6.947,,,,,,,,,,,,,
29839,686218,emmet sheehan,Emmet Sheehan ,LAD,SP,pitcher,SP,SP,,,147.000,95.000,21.510,14.496,-7.014,-7.014,-38.866,-53.362,0.000,0.519,0.067,0.880,High,STABLE_SP,Stable,-6.947,,7.000,35.200,7.000,0.000,,,4.137,3.807,2.920,,0.322,31.300
16252,607208,trea turner,Trea Turner ,PHI,SS,hitter,SS,SS,644.000,478.000,,,18.100,12.534,-5.566,-5.566,-2.586,-15.120,0.000,0.137,-1.451,1.000,High,STABLE,Stable,-7.017,185.000,,,,,76.963,0.282,,,,0.282,,26.600
21840,666023,freddy fermin,Freddy Fermin ,SDP,C/DH,hitter,C/DH,C/DH,480.000,270.000,,,-6.251,-12.282,-6.031,-6.031,-12.379,-0.097,0.000,0.048,-0.989,0.547,Medium,STABLE,Stable,-7.020,82.000,,,,,50.084,0.266,,,,0.266,,27.000
26546,682663,agustin ramirez,Agustín Ramírez ,MIA,C/DH,hitter,C/DH,C/DH,493.000,158.000,,,7.564,1.656,-5.908,-5.908,-1.686,-3.342,0.000,0.175,-1.118,0.860,High,STABLE,Stable,-7.027,129.000,,,,,87.616,0.283,,,,0.283,,31.000
24975,681867,cooper criswell,Cooper Criswell ,SEA,SP/RP,pitcher,SP/RP,SP/RP,,,72.000,49.000,-72.351,-101.883,-29.532,-8.000,-0.682,101.201,1.080,0.410,-0.163,0.450,Medium,STABLE,"Banked Production, Projection Skeptical",-7.083,,15.000,18.000,0.000,1.000,,,3.548,4.329,3.411,,,
27669,685299,tanner gordon,Tanner Gordon ,COL,SP/RP,pitcher,SP,SP/RP,,,58.000,64.000,-11.984,-113.400,-101.416,-8.000,-6.363,107.037,1.020,0.395,-0.178,0.425,Medium,STABLE,"Banked Production, Projection Skeptical",-7.158,,5.000,17.000,0.000,0.000,,,3.873,5.283,3.443,,,
27636,680730,mitchell parker,Mitchell Parker ,WSN,SP/RP,pitcher,SP/RP,SP/RP,,,50.000,56.000,-95.331,-106.201,-10.870,-8.000,-1.584,104.617,1.200,0.297,-0.405,0.500,Medium,STABLE,"Banked Production, Projection Skeptical",-7.205,,9.000,20.000,0.000,0.000,,,3.769,4.406,4.002,,,
14854,573262,mike yastrzemski,Mike Yastrzemski ,ATL,OF,hitter,OF,OF,476.000,324.000,,,1.168,-4.695,-5.863,-5.863,-8.853,-4.158,0.000,0.095,-1.381,0.853,High,STABLE,Stable,-7.244,128.000,,,,,67.142,0.277,,,,0.277,,23.500
29695,680574,matt mclain,Matt McLain ,CIN,2B/SS,hitter,2B/SS,2B/SS,623.000,432.000,,,9.206,3.105,-6.101,-6.101,-3.490,-6.595,0.000,0.191,-1.236,1.000,High,STABLE,Stable,-7.337,175.000,,,,,77.345,0.313,,,,0.313,,24.200
29646,702332,caleb durbin,Caleb Durbin ,BOS,2B/3B,hitter,2B/3B,2B/3B,560.000,410.000,,,3.499,-2.198,-5.697,-5.697,-18.642,-16.444,0.000,0.073,-1.674,0.980,High,STABLE,Stable,-7.371,147.000,,,,,35.612,0.262,,,,0.262,,16.200
22458,670764,taylor walls,Taylor Walls ,TBR,2B/SS,hitter,2B/SS,2B/SS,224.000,239.000,,,-4.397,-10.891,-6.495,-6.495,-5.760,5.132,0.456,0.037,-1.369,0.740,Medium,STABLE,Stable,-7.408,111.000,,,,,68.307,0.248,,,,0.245,,20.000
19205,669947,jesse scholtens,Jesse Scholtens ,TBR,SP/RP,pitcher,RP,SP/RP,,,36.000,39.000,-11.797,-111.625,-99.828,-8.000,-41.568,70.057,1.020,0.239,-0.444,0.425,Medium,RP_TO_SP,"Banked Production, Projection Skeptical",-7.424,,4.000,17.000,0.000,0.000,,,3.975,3.812,4.535,,,
27517,657649,jared koenig,Jared Koenig ,MIL,RP,pitcher,RP,RP,,,65.000,30.000,4.079,-3.391,-7.470,-7.470,-5.468,-2.077,0.000,0.500,0.000,0.000,Low,STABLE_RP,Stable,-7.470,,,,,,,,,,,,,
31349,687363,victor scott ii,Victor Scott II ,STL,OF,hitter,OF,OF,574.000,394.000,,,-8.971,-15.025,-6.053,-6.053,-18.118,-3.093,0.000,0.013,-1.533,0.787,High,STABLE,Stable,-7.586,118.000,,,,,37.568,0.246,,,,0.246,,31.800
18036,630105,jake cronenworth,Jake Cronenworth ,SDP,1B/2B/SS,hitter,1B/2B/SS,1B/2B/SS,630.000,363.000,,,4.026,-2.768,-6.793,-6.793,-13.685,-10.917,0.000,0.182,-0.965,0.760,High,STABLE,Stable,-7.759,114.000,,,,,47.744,0.305,,,,0.305,,23.300
11477,592885,christian yelich,Christian Yelich ,MIL,OF/DH,hitter,OF/DH,OF/DH,637.000,453.000,,,15.324,8.036,-7.288,-7.288,4.320,-3.716,0.000,0.185,-0.503,0.400,Medium,STABLE,Stable,-7.791,60.000,,,,,111.148,0.274,,,,0.274,,28.500
21846,666142,cole ragans,Cole Ragans ,KCR,SP,pitcher,SP,SP,,,164.000,114.000,26.543,19.364,-7.179,-7.179,2.865,-16.499,0.000,0.297,-0.712,0.878,High,STABLE_SP,Stable,-7.891,,8.000,35.100,8.000,0.000,,,4.824,6.191,4.262,,0.345,31.700
19447,663776,patrick sandoval,Patrick Sandoval ,BOS,RP,pitcher,SP,RP,,,83.000,39.000,-0.072,-8.590,-8.518,-8.000,,,0.000,0.500,0.000,0.000,Low,SP_TO_RP,Role Loss,-8.000,,,,,,,,,,,,,
11836,592836,taijuan walker,Taijuan Walker ,,SP/RP,pitcher,SP,SP/RP,,,121.000,32.000,-23.693,-115.870,-92.177,-8.000,-59.519,56.350,0.000,0.500,0.000,0.000,Low,STABLE,"Banked Production, Projection Skeptical",-8.000,,,,,,,,,,,,,
24452,679883,luinder avila,Luinder Avila ,KCR,SP/RP,pitcher,RP,SP/RP,,,42.000,52.000,-12.822,-107.842,-95.019,-8.000,-46.039,61.802,0.000,0.500,0.000,0.000,Low,RP_TO_SP,"Banked Production, Projection Skeptical",-8.000,,,,,,,,,,,,,
35325,696270,ryan johnson,Ryan Johnson ,LAA,SP/RP,pitcher,RP,SP/RP,,,67.000,46.000,-4.504,-108.674,-104.169,-8.000,-51.036,57.637,0.000,0.500,0.000,0.000,Low,RP_TO_SP,"Banked Production, Projection Skeptical",-8.000,,,,,,,,,,,,,
30170,695534,chase petty,Chase Petty ,CIN,SP/RP,pitcher,SP/RP,SP/RP,,,47.000,35.000,-94.931,-114.445,-19.514,-8.000,-47.732,66.713,0.000,0.500,0.000,0.000,Low,STABLE,"Banked Production, Projection Skeptical",-8.000,,,,,,,,,,,,,
14168,621244,jose berrios,José Berríos ,TOR,SP/RP,pitcher,SP,SP/RP,,,117.000,48.000,-8.698,-114.511,-105.813,-8.000,,,0.000,0.500,0.000,0.000,Low,STABLE,Projection Faller,-8.000,,,,,,,,,,,,,
30661,800311,didier fuentes,Didier Fuentes ,ATL,SP/RP,pitcher,SP,SP/RP,,,59.000,30.000,-1.447,-109.898,-108.450,-8.000,-38.435,71.463,0.000,0.500,0.000,0.000,Low,STABLE,"Banked Production, Projection Skeptical",-8.000,,,,,,,,,,,,,
26448,686790,trevor mcdonald,Trevor McDonald ,SFG,SP/RP,pitcher,SP/RP,SP/RP,,,65.000,57.000,-78.852,-103.132,-24.280,-8.000,-43.887,59.245,0.000,0.500,0.000,0.000,Low,STABLE,"Banked Production, Projection Skeptical",-8.000,,,,,,,,,,,,,
26440,687473,ryan gusto,Ryan Gusto ,MIA,SP/RP,pitcher,SP/RP,SP/RP,,,46.000,45.000,-91.171,-109.779,-18.608,-8.000,-5.247,104.532,0.000,0.500,0.000,0.000,Low,STABLE,"Banked Production, Projection Skeptical",-8.000,,,,,,,,,,,,,
31508,702674,caden dana,Caden Dana ,LAA,SP/RP,pitcher,SP/RP,SP/RP,,,69.000,31.000,-83.307,-113.270,-29.963,-8.000,,,0.000,0.500,0.000,0.000,Low,STABLE,Projection Faller,-8.000,,,,,,,,,,,,,
31730,686563,jonathan cannon,Jonathan Cannon ,CHW,SP/RP,pitcher,SP,SP/RP,,,109.000,42.000,-13.576,-115.488,-101.913,-8.000,,,0.000,0.500,0.000,0.000,Low,STABLE,Projection Faller,-8.000,,,,,,,,,,,,,
31807,675512,troy melton,Troy Melton ,DET,SP/RP,pitcher,SP/RP,SP/RP,,,53.000,46.000,-84.270,-107.477,-23.207,-8.000,,,0.000,0.500,0.000,0.000,Low,STABLE,Projection Faller,-8.000,,,,,,,,,,,,,
20070,663559,bailey falter,Bailey Falter ,KCR,SP/RP,pitcher,SP,SP/RP,,,72.000,45.000,-11.638,-117.557,-105.919,-8.000,-7.794,109.763,0.000,0.500,0.000,0.000,Low,STABLE,"Banked Production, Projection Skeptical",-8.000,,,,,,,,,,,,,
33527,694462,hurston waldrep,Hurston Waldrep ,ATL,SP/RP,pitcher,SP/RP,SP/RP,,,63.000,51.000,-81.290,-109.810,-28.520,-8.000,,,0.000,0.500,0.000,0.000,Low,STABLE,Projection Faller,-8.000,,,,,,,,,,,,,
32227,806960,luis morales,Luis Morales ,ATH,SP/RP,pitcher,SP,SP/RP,,,121.000,64.000,-4.716,-108.112,-103.396,-8.000,-59.825,48.287,0.000,0.500,0.000,0.000,Low,STABLE,"Banked Production, Projection Skeptical",-8.000,,,,,,,,,,,,,
19666,669920,jason alexander,Jason Alexander ,HOU,SP/RP,pitcher,SP/RP,SP/RP,,,41.000,28.000,-91.377,-113.286,-21.908,-8.000,-8.763,104.523,0.000,0.500,0.000,0.000,Low,STABLE,"Banked Production, Projection Skeptical",-8.000,,,,,,,,,,,,,
30180,701519,travis adams,Travis Adams ,MIN,SP/RP,pitcher,SP/RP,SP/RP,,,49.000,35.000,-91.104,-113.596,-22.491,-8.000,-5.881,107.715,0.000,0.500,0.000,0.000,Low,STABLE,"Banked Production, Projection Skeptical",-8.000,,,,,,,,,,,,,
22288,669438,mason englert,Mason Englert ,TBR,SP/RP,pitcher,RP,SP/RP,,,61.000,54.000,-1.572,-102.110,-100.538,-8.000,-48.743,53.367,0.000,0.500,0.000,0.000,Low,RP_TO_SP,"Banked Production, Projection Skeptical",-8.000,,,,,,,,,,,,,
27756,690953,mick abel,Mick Abel ,MIN,SP/RP,pitcher,SP,SP/RP,,,129.000,54.000,-3.134,-106.548,-103.415,-8.000,-38.858,67.691,0.000,0.500,0.000,0.000,Low,STABLE,"Banked Production, Projection Skeptical",-8.000,,,,,,,,,,,,,
21741,665871,javier assad,Javier Assad ,CHC,SP/RP,pitcher,SP/RP,SP/RP,,,68.000,36.000,-77.708,-111.873,-34.164,-8.000,-43.461,68.412,0.000,0.500,0.000,0.000,Low,STABLE,"Banked Production, Projection Skeptical",-8.000,,,,,,,,,,,,,
29357,700712,walbert urena,Walbert Urena ,LAA,SP/RP,pitcher,RP,SP/RP,,,42.000,66.000,-14.009,-104.426,-90.416,-8.000,-38.958,65.468,0.000,0.500,0.000,0.000,Low,RP_TO_SP,"Banked Production, Projection Skeptical",-8.000,,,,,,,,,,,,,
27479,691026,masyn winn,Masyn Winn ,STL,SS,hitter,SS,SS,644.000,477.000,,,8.373,1.589,-6.784,-6.784,2.942,1.353,0.162,0.146,-1.416,1.000,High,STABLE,Skills-Backed Faller,-8.038,158.000,,,,,97.064,0.299,,,,0.299,,21.800
33174,682995,hunter barco,Hunter Barco ,PIT,RP,pitcher,SP,RP,,,87.000,43.000,0.915,-7.142,-8.057,-8.057,-8.634,-1.492,0.000,0.500,0.000,0.000,Low,SP_TO_RP,Role Loss,-8.057,,,,,,,,,,,,,
12916,596019,francisco lindor,Francisco Lindor ,NYM,SS,hitter,SS,SS,651.000,363.000,,,21.204,13.303,-7.901,-7.901,1.279,-12.024,0.000,0.404,-0.268,0.700,Medium,STABLE,Skills-Backed Faller,-8.170,105.000,,,,,95.731,0.340,,,,0.340,,25.800
29950,673929,jordan leasure,Jordan Leasure ,CHW,RP,pitcher,RP,RP,,,64.000,33.000,2.213,-4.805,-7.018,-7.018,-46.192,-41.387,0.000,0.116,-1.153,0.750,High,STABLE_RP,Skills-Backed Faller,-8.171,,15.000,15.000,0.000,0.000,,,6.804,6.573,4.581,,,
16505,656305,matt chapman,Matt Chapman ,SFG,3B,hitter,3B,3B,672.000,483.000,,,12.370,5.790,-6.580,-6.580,-9.643,-15.433,0.000,0.078,-1.689,1.000,High,STABLE,Skills-Backed Faller,-8.270,176.000,,,,,81.293,0.262,,,,0.262,,25.200
33333,694671,wyatt langford,Wyatt Langford ,TEX,OF,hitter,OF,OF,644.000,365.000,,,24.135,16.506,-7.629,-7.629,-2.228,-18.734,0.000,0.102,-0.892,0.560,Medium,STABLE,Skills-Backed Faller,-8.520,84.000,,,,,77.215,0.282,,,,0.282,,25.000
17678,608324,alex bregman,Alex Bregman ,CHC,3B,hitter,3B,3B,672.000,494.000,,,9.382,1.000,-8.382,-8.382,2.649,1.649,0.198,0.374,-0.505,1.000,High,STABLE,Skills-Backed Faller,-8.689,191.000,,,,,99.856,0.326,,,,0.326,,18.100
29931,696285,jacob young,Jacob Young ,WSN,OF,hitter,OF,OF,385.000,324.000,,,-5.983,-13.611,-7.628,-7.628,-9.678,3.933,0.472,0.116,-1.534,1.000,High,STABLE,Skills-Backed Faller,-8.691,154.000,,,,,69.220,0.297,,,,0.297,,21.500
33266,805779,jacob wilson,Jacob Wilson ,ATH,SS,hitter,SS,SS,616.000,337.000,,,14.311,7.122,-7.189,-7.189,5.757,-1.365,0.000,0.104,-1.582,1.000,High,STABLE,Skills-Backed Faller,-8.772,168.000,,,,,94.568,0.275,,,,0.275,,15.600
17878,642701,dennis santana,Dennis Santana ,PIT,RP,pitcher,RP,RP,,,68.000,48.000,8.852,1.734,-7.118,-7.118,-2.537,-4.271,0.000,0.000,-1.710,0.855,High,STABLE_RP,Skills-Backed Faller,-8.828,,18.000,17.100,0.000,2.000,,,5.295,5.183,5.710,,,
24763,681517,kyle leahy,Kyle Leahy ,STL,SP,pitcher,SP,SP,,,121.000,105.000,4.223,-2.995,-7.218,-7.218,-45.368,-42.374,0.000,0.087,-1.619,0.980,High,STABLE_SP,Skills-Backed Faller,-8.837,,8.000,39.200,8.000,0.000,,,5.998,4.972,4.245,,0.379,22.500
33824,808982,jung hoo lee,Jung Hoo Lee ,SFG,OF,hitter,OF,OF,616.000,411.000,,,11.207,3.437,-7.771,-7.771,-0.098,-3.535,0.000,0.200,-1.201,1.000,High,STABLE,Skills-Backed Faller,-8.972,175.000,,,,,95.233,0.312,,,,0.312,,14.100
14771,641941,emilio pagan,Emilio Pagán ,CIN,RP,pitcher,RP,RP,,,66.000,35.000,9.884,2.160,-7.724,-7.724,-3.376,-5.536,0.000,0.026,-1.326,0.700,Medium,RP_CLOSER,Skills-Backed Faller,-9.050,,15.000,14.000,0.000,6.000,,,4.704,5.821,5.644,,,
20352,676391,ernie clement,Ernie Clement ,TOR,1B/2B/3B/SS,hitter,1B/2B/3B/SS,1B/2B/3B/SS,644.000,458.000,,,2.213,-7.275,-9.489,-9.489,6.724,14.000,1.680,0.153,-1.387,1.000,High,STABLE,Skills-Backed Faller,-9.196,176.000,,,,,100.203,0.290,,,,0.290,,15.000
30279,693433,bryan woo,Bryan Woo ,SEA,SP,pitcher,SP,SP,,,197.000,137.000,35.176,25.914,-9.263,-9.263,23.614,-2.300,0.000,0.434,-0.265,1.000,High,STABLE_SP,Projection Faller,-9.528,,9.000,53.000,9.000,0.000,,,3.279,3.484,4.133,,0.290,22.900
29629,694335,matt svanson,Matt Svanson ,STL,RP,pitcher,RP,RP,,,65.000,39.000,4.260,-3.454,-7.713,-7.713,-9.026,-5.572,0.000,0.015,-1.941,1.000,High,STABLE_RP,Skills-Backed Faller,-9.654,,19.000,20.200,0.000,0.000,,,7.848,6.348,4.835,,,
15986,642715,willy adames,Willy Adames ,SFG,SS,hitter,SS,SS,679.000,488.000,,,18.852,10.272,-8.580,-8.580,-10.035,-20.307,0.000,0.155,-1.379,1.000,High,STABLE,Skills-Backed Faller,-9.958,178.000,,,,,68.376,0.275,,,,0.275,,26.000
24993,681892,kody funderburk,Kody Funderburk ,MIN,RP,pitcher,RP,RP,,,65.000,31.000,3.314,-5.563,-8.877,-8.877,-1.120,4.443,0.426,0.000,-1.600,0.800,High,STABLE_RP,Skills-Backed Faller,-10.050,,19.000,16.000,0.000,1.000,,,5.279,5.481,5.810,,,
31347,687263,zach neto,Zach Neto ,LAA,SS,hitter,SS,SS,665.000,484.000,,,25.552,16.247,-9.305,-9.305,11.999,-4.247,0.000,0.296,-0.815,1.000,High,STABLE,Skills-Backed Faller,-10.120,203.000,,,,,106.938,0.318,,,,0.318,,30.400
19290,668227,randy arozarena,Randy Arozarena ,SEA,OF,hitter,OF,OF,679.000,495.000,,,17.685,5.517,-12.168,-12.168,26.288,20.771,2.400,0.405,-0.379,1.000,High,STABLE,"Banked Production, Projection Skeptical",-10.147,185.000,,,,,147.810,0.328,,,,0.328,,28.400
19522,670770,tj friedl,TJ Friedl ,CIN,OF,hitter,OF,OF,623.000,437.000,,,3.476,-4.891,-8.368,-8.368,-14.221,-9.330,0.000,0.042,-1.832,1.000,High,STABLE,Skills-Backed Faller,-10.200,160.000,,,,,51.214,0.258,,,,0.258,,26.300
19612,666182,bo bichette,Bo Bichette ,NYM,3B/SS/DH,hitter,SS/DH,3B/SS/DH,658.000,513.000,,,21.050,11.700,-9.350,-9.350,-13.650,-25.350,0.000,0.269,-0.922,1.000,High,STABLE,Skills-Backed Faller,-10.272,184.000,,,,,62.049,0.321,,,,0.321,,17.700
18314,621020,dansby swanson,Dansby Swanson ,CHC,SS,hitter,SS,SS,686.000,499.000,,,14.639,4.483,-10.156,-10.156,3.140,-1.344,0.000,0.394,-0.425,1.000,High,STABLE,Skills-Backed Faller,-10.581,166.000,,,,,92.947,0.328,,,,0.331,,28.100
21534,663728,cal raleigh,Cal Raleigh ,SEA,C/DH,hitter,C/DH,C/DH,637.000,441.000,,,26.746,17.324,-9.422,-9.422,-15.042,-32.365,0.000,0.141,-1.435,1.000,High,STABLE,Skills-Backed Faller,-10.857,181.000,,,,,63.184,0.289,,,,0.289,,30.500
12533,543760,marcus semien,Marcus Semien ,NYM,2B,hitter,2B,2B,644.000,477.000,,,5.003,-4.596,-9.599,-9.599,-10.082,-5.485,0.000,0.172,-1.312,1.000,High,STABLE,Skills-Backed Faller,-10.911,165.000,,,,,66.259,0.298,,,,0.298,,22.700
23363,676395,robert garcia,Robert Garcia ,TEX,RP,pitcher,RP,RP,,,64.000,35.000,9.205,-2.145,-11.350,-11.350,-3.819,-1.674,0.000,0.500,0.000,0.000,Low,STABLE_RP,Projection Faller,-11.350,,,,,,,,,,,,,
17295,664285,framber valdez,Framber Valdez ,DET,SP,pitcher,SP,SP,,,194.000,142.000,30.616,20.054,-10.562,-10.562,15.536,-4.518,0.000,0.285,-0.859,1.000,High,STABLE_SP,Skills-Backed Faller,-11.422,,9.000,50.000,9.000,0.000,,,4.233,4.046,4.039,,0.326,21.900
24610,680757,steven kwan,Steven Kwan ,CLE,OF,hitter,OF,OF,665.000,455.000,,,10.533,0.237,-10.296,-10.296,-12.769,-13.006,0.000,0.125,-1.501,1.000,High,STABLE,Skills-Backed Faller,-11.797,182.000,,,,,69.629,0.282,,,,0.285,,8.100
22799,672695,geraldo perdomo,Geraldo Perdomo ,ARI,SS,hitter,SS,SS,686.000,493.000,,,19.411,7.525,-11.886,-11.886,4.116,-3.409,0.000,0.309,-0.763,1.000,High,STABLE,Skills-Backed Faller,-12.649,162.000,,,,,99.166,0.327,,,,0.327,,11.700
25493,687401,joey ortiz,Joey Ortiz ,MIL,SS,hitter,SS,SS,630.000,432.000,,,4.257,-7.554,-11.811,-11.811,-10.353,-2.799,0.000,0.073,-1.149,0.673,Medium,STABLE,Skills-Backed Faller,-12.960,101.000,,,,,46.745,0.265,,,,0.265,,18.100
37124,837227,tatsuya imai,Tatsuya Imai ,HOU,SP,pitcher,SP,SP,,,153.000,66.000,0.288,-15.593,-15.882,-15.882,1.700,17.293,0.000,0.500,0.000,0.000,Low,STABLE,"Banked Production, Projection Skeptical",-15.882,,,,,,,,,,,,,
17995,657277,logan webb,Logan Webb ,SFG,SP,pitcher,SP,SP,,,205.000,135.000,41.933,26.000,-15.934,-15.934,16.384,-9.615,0.000,0.287,-0.853,1.000,High,STABLE_SP,Skills-Backed Faller,-16.787,,8.000,48.000,8.000,0.000,,,4.539,3.565,3.389,,0.336,20.400
20423,676254,ryan walker,Ryan Walker ,SFG,RP,pitcher,RP,RP,,,63.000,31.000,12.791,-2.921,-15.712,-15.712,-4.161,-1.241,0.000,0.099,-1.212,0.755,High,STABLE_RP,Skills-Backed Faller,-16.924,,16.000,15.100,0.000,3.000,,,4.259,4.932,4.703,,,
12564,596115,trevor story,Trevor Story ,BOS,SS,hitter,SS,SS,665.000,493.000,,,10.619,-4.877,-15.496,-15.496,-11.119,-6.242,0.000,0.118,-1.527,1.000,High,STABLE,Skills-Backed Faller,-17.023,172.000,,,,,50.835,0.254,,,,0.254,,31.000
27463,676979,garrett crochet,Garrett Crochet ,BOS,SP,pitcher,SP,SP,,,199.000,118.000,52.633,35.983,-16.650,-16.650,8.864,-27.119,0.000,0.311,-0.566,0.750,High,STABLE_SP,Skills-Backed Faller,-17.217,,6.000,30.000,6.000,0.000,,,4.821,4.306,3.638,,0.345,24.000
22267,669373,tarik skubal,Tarik Skubal ,DET,SP,pitcher,SP,SP,,,202.000,97.000,65.320,35.331,-29.989,-29.989,27.856,-7.475,0.000,0.686,0.743,1.000,High,STABLE_SP,Projection Faller,-29.246,,7.000,43.100,7.000,0.000,,,3.158,2.114,2.552,,0.284,29.800
