Name,Org,Savant_Level,Player_Type,Pos,Age,PA,Pitches,PS Score,xwOBA,wOBA,Evidence_Score,Confidence,Confidence_Label,Pipeline_Rank,Composite_Rank,MLBAMID,Composite_MLBAMID,Prior_Value,Prospect_Update,Updated_Prospect_Value,Avg_Salary,Last10_Salary,Roster%,Match_Status,Savant_File
Seth Hernandez,PIT,A,pitcher,SP,19,102,371,1.000,0.179,0.212,0.986,0.457,Medium,3.000,38.000,815825,815825,25.000,3.552,28.552,0.000,0.000,0.000,name_org,A_pitchers_YTD_5_14.csv
Trey Yesavage,TOR,AAA,pitcher,SP,22,33,135,0.749,0.303,0.436,0.625,0.319,Medium,5.000,17.000,702056,702056,25.000,0.638,25.638,7.350,12.100,100.000,name_org,AAA_pitchers_YTD_5_14.csv
Bryce Eldridge,SFG,AAA,hitter,1B/DH,21,136,571,0.982,0.958,0.919,0.975,1.000,High,18.000,,805811,,15.000,7.595,22.595,5.700,5.300,99.301,name_org,AAA_hitters_YTD_5_14.csv
Travis Bazzana,CLE,AAA,hitter,2B,23,116,484,0.991,0.798,0.863,0.933,0.866,High,13.000,25.000,683953,683953,15.000,6.002,21.002,7.140,6.500,100.000,name_org,AAA_hitters_YTD_5_14.csv
Walker Jenkins,MIN,AAA,hitter,OF,21,111,401,1.000,0.565,0.620,0.869,0.918,High,12.000,7.000,805805,805805,15.000,5.424,20.424,0.000,0.000,0.000,name_org,AAA_hitters_YTD_5_14.csv
Spencer Strider,ATL,AAA,pitcher,SP,27,35,147,0.947,0.252,0.211,0.835,0.259,Medium,,,,,17.802,1.388,19.190,19.780,15.600,99.301,savant_only,AAA_pitchers_YTD_5_14.csv
Thomas White,MIA,AAA,pitcher,SP,21,61,294,0.980,0.258,0.306,0.847,0.729,High,14.000,15.000,806258,806258,15.000,4.047,19.047,0.000,0.000,0.000,name_org,AAA_pitchers_YTD_5_14.csv
Max Clark,DET,AAA,hitter,OF,21,162,644,0.916,0.318,0.303,0.736,1.000,High,8.000,6.000,703601,703601,15.000,3.781,18.781,0.000,0.000,0.000,name_org,AAA_hitters_YTD_5_14.csv
Colt Emerson,SEA,AAA,hitter,SS,20,153,595,0.614,0.286,0.577,0.516,1.000,High,6.000,9.000,806068,806068,15.000,0.255,15.255,0.000,0.000,0.000,name_org,AAA_hitters_YTD_5_14.csv
Bryce Rainer,DET,A,hitter,SS,20,49,209,0.914,0.590,0.201,0.817,0.190,Low,46.000,20.000,800614,800614,13.000,0.603,13.603,0.000,0.000,0.000,name_org,A_hitters_YTD_5_14.csv
Hagen Smith,CHW,AAA,pitcher,SP,22,112,485,0.992,0.254,0.297,0.861,1.000,High,50.000,86.000,696146,696146,8.000,3.615,11.615,0.000,0.000,0.000,name_org,AAA_pitchers_YTD_5_14.csv
Kaelen Culpepper,MIN,AAA,hitter,SS,23,173,674,0.958,0.599,0.595,0.850,1.000,High,39.000,50.000,701785,701785,8.000,3.503,11.503,0.000,0.000,0.000,name_org,AAA_hitters_YTD_5_14.csv
Robby Snelling,MIA,AAA,pitcher,SP,22,109,490,0.970,0.266,0.217,0.828,1.000,High,28.000,35.000,702281,702281,8.000,3.277,11.277,0.000,0.000,0.000,name_org,AAA_pitchers_YTD_5_14.csv
Jackson Holliday,BAL,AAA,hitter,2B,22,54,215,0.154,0.117,0.017,0.143,0.425,Medium,,,,,12.438,-1.214,11.224,13.820,13.400,100.000,savant_only,AAA_hitters_YTD_5_14.csv
Ryan Waldschmidt,ARI,AAA,hitter,OF,23,153,614,0.910,0.447,0.779,0.771,1.000,High,33.000,29.000,814439,814439,8.000,2.709,10.709,0.000,0.000,0.000,name_org,AAA_hitters_YTD_5_14.csv
Joe Mack,MIA,AAA,hitter,C,23,102,431,0.883,0.779,0.587,0.851,0.762,High,44.000,87.000,691788,691788,8.000,2.676,10.676,1.820,2.100,26.573,name_org,AAA_hitters_YTD_5_14.csv
Gage Jump,ATH,AAA,pitcher,SP,23,128,564,0.960,0.313,0.385,0.746,1.000,High,41.000,55.000,695611,695611,8.000,2.464,10.464,0.000,0.000,0.000,name_org,AAA_pitchers_YTD_5_14.csv
JoJo Parker,TOR,A,hitter,3B/SS,19,135,635,0.993,0.802,0.701,0.936,0.554,High,32.000,46.000,828098,828098,8.000,2.415,10.415,0.000,0.000,0.000,name_org,A_hitters_YTD_5_14.csv
George Lombard Jr.,NYY,AAA,hitter,SS,20,59,235,0.997,0.964,0.289,0.987,0.492,Medium,21.000,,806146,,8.000,2.395,10.395,0.000,0.000,0.000,name_org,AAA_hitters_YTD_5_14.csv
Jonah Tong,NYM,AAA,pitcher,SP,22,153,653,0.935,0.313,0.303,0.730,1.000,High,36.000,37.000,804636,804636,8.000,2.300,10.300,0.000,0.000,0.000,name_org,AAA_pitchers_YTD_5_14.csv
A.J. Ewing,NYM,AAA,hitter,OF,21,51,182,0.994,0.973,0.654,0.988,0.422,Medium,34.000,76.000,805999,805999,8.000,2.056,10.056,0.000,0.000,0.000,name_org,AAA_hitters_YTD_5_14.csv
Noah Schultz,CHW,AAA,pitcher,SP,22,45,166,1.000,0.149,0.146,1.000,0.392,Medium,27.000,65.000,702273,702273,8.000,1.959,9.959,3.540,6.300,99.301,name_org,AAA_pitchers_YTD_5_14.csv
Jasson Domínguez,NYY,AAA,hitter,OF,23,105,402,0.988,0.895,0.798,0.960,0.784,High,,,,,6.840,2.885,9.725,7.600,6.500,97.902,savant_only,AAA_hitters_YTD_5_14.csv
Angel Genao,CLE,AAA,hitter,SS,21,37,129,0.949,0.432,0.901,0.794,0.306,Medium,47.000,83.000,694197,694197,8.000,0.899,8.899,0.000,0.000,0.000,name_org,AAA_hitters_YTD_5_14.csv
Jett Williams,MIL,AAA,hitter,SS,22,177,708,0.804,0.414,0.410,0.687,1.000,High,60.000,39.000,702518,702518,7.000,1.872,8.872,0.000,0.000,0.000,name_org,AAA_hitters_YTD_5_14.csv
Edward Florentino,PIT,A,hitter,OF,19,40,161,0.986,1.000,1.000,0.990,0.164,Low,37.000,32.000,821273,821273,8.000,0.805,8.805,0.000,0.000,0.000,name_org,A_hitters_YTD_5_14.csv
Payton Tolle,BOS,AAA,pitcher,SP,23,61,220,0.997,0.200,0.274,0.951,0.493,Medium,,30.000,,801139,7.000,1.777,8.777,4.520,5.400,99.301,name_org,AAA_pitchers_YTD_5_14.csv
Braden Montgomery,CHW,AAA,hitter,OF,23,37,128,0.328,0.143,0.370,0.273,0.276,Medium,24.000,54.000,695731,695731,8.000,-0.628,7.372,0.000,0.000,0.000,name_org,AAA_hitters_YTD_5_14.csv
Pedro Ramírez,CHC,AAA,hitter,2B/3B,22,174,690,0.973,0.637,0.828,0.872,1.000,High,87.000,380.000,699393,699393,3.000,3.721,6.721,0.000,0.000,0.000,name_org,AAA_hitters_YTD_5_14.csv
Emmanuel Rodriguez,MIN,AAA,hitter,OF,23,108,461,0.985,0.902,0.846,0.960,0.806,High,54.000,59.000,691181,691181,3.000,3.710,6.710,0.000,0.000,0.000,name_org,AAA_hitters_YTD_5_14.csv
Charlie Condon,COL,AAA,hitter,1B/OF,23,158,621,0.919,0.690,0.502,0.850,1.000,High,75.000,77.000,809707,809707,3.000,3.500,6.500,0.000,0.000,0.000,name_org,AAA_hitters_YTD_5_14.csv
Logan Henderson,MIL,AAA,pitcher,SP,24,70,286,0.955,0.242,0.219,0.856,0.606,High,83.000,98.000,701656,701656,4.248,2.159,6.407,4.720,4.300,98.601,name_org,AAA_pitchers_YTD_5_14.csv
Luis Lara,MIL,AAA,hitter,OF,21,166,649,0.964,0.520,0.949,0.831,1.000,High,96.000,277.000,800325,800325,3.000,3.306,6.306,0.000,0.000,0.000,name_org,AAA_hitters_YTD_5_14.csv
Cooper Pratt,MIL,AAA,hitter,SS,21,147,562,0.928,0.599,0.280,0.829,1.000,High,66.000,81.000,806198,806198,3.000,3.292,6.292,0.000,0.000,0.000,name_org,AAA_hitters_YTD_5_14.csv
Spencer Jones,NYY,AAA,hitter,DH/OF,25,142,574,0.864,0.994,0.863,0.903,0.947,High,,93.000,,682987,3.000,3.054,6.054,0.000,0.000,0.000,name_org,AAA_hitters_YTD_5_14.csv
Didier Fuentes,ATL,AAA,pitcher,SP,20,63,241,0.995,0.261,0.254,0.852,0.603,High,78.000,116.000,800311,800311,3.663,2.121,5.784,4.070,3.100,95.804,name_org,AAA_pitchers_YTD_5_14.csv
Cooper Ingle,CLE,AAA,hitter,C,24,85,395,0.934,0.970,0.997,0.945,0.601,High,73.000,149.000,694876,694876,3.000,2.670,5.670,0.000,0.000,0.000,name_org,AAA_hitters_YTD_5_14.csv
Ryan Clifford,NYM,AAA,hitter,1B/OF,22,157,657,0.913,0.630,0.410,0.828,1.000,High,,94.000,,691775,3.000,2.622,5.622,0.000,0.000,0.000,name_org,AAA_hitters_YTD_5_14.csv
Joshua Báez,STL,AAA,hitter,OF,22,156,601,0.810,0.553,0.502,0.733,1.000,High,68.000,64.000,695491,695491,3.000,2.330,5.330,0.000,0.000,0.000,name_org,AAA_hitters_YTD_5_14.csv
Esmerlyn Valdez,PIT,AAA,hitter,OF,22,169,701,0.967,0.940,0.620,0.959,1.000,High,,108.000,,699013,1.500,3.670,5.170,0.000,0.000,0.000,name_org,AAA_hitters_YTD_5_14.csv
Elmer Rodríguez,NYY,AAA,pitcher,SP,22,98,409,0.834,0.282,0.277,0.714,0.965,High,63.000,,695684,,3.000,2.066,5.066,2.010,1.500,50.350,name_org,AAA_pitchers_YTD_5_14.csv
Kemp Alderman,MIA,AAA,hitter,OF,23,155,605,0.940,0.952,0.717,0.943,1.000,High,,148.000,,694580,1.500,3.547,5.047,0.000,0.000,0.000,name_org,AAA_hitters_YTD_5_14.csv
Mitchell Parker,WSN,AAA,pitcher,SP,26,53,206,0.756,0.274,0.343,0.676,0.387,Medium,,,,,4.500,0.546,5.046,5.000,1.200,2.098,savant_only,AAA_pitchers_YTD_5_14.csv
Sterlin Thompson,COL,AAA,hitter,OF,24,156,585,0.937,0.932,0.953,0.935,1.000,High,,267.000,,694514,1.500,3.483,4.983,0.000,0.000,0.000,name_org,AAA_hitters_YTD_5_14.csv
Carlos Lagrange,NYY,AAA,pitcher,SP,22,145,615,0.945,0.338,0.346,0.697,1.000,High,76.000,79.000,801739,801739,3.000,1.968,4.968,0.000,0.000,0.000,name_org,AAA_pitchers_YTD_5_14.csv
Edwin Arroyo,CIN,AAA,hitter,SS,22,185,632,0.961,0.855,0.914,0.929,1.000,High,,281.000,,695490,1.500,3.434,4.934,0.000,0.000,0.000,name_org,AAA_hitters_YTD_5_14.csv
Henry Bolte,ATH,AAA,hitter,OF,22,177,606,0.970,0.828,0.973,0.927,1.000,High,,160.000,,703607,1.500,3.419,4.919,0.000,0.000,0.000,name_org,AAA_hitters_YTD_5_14.csv
JJ Bleday,CIN,AAA,hitter,OF,28,104,420,0.581,0.997,0.985,0.706,0.569,High,,,,,3.825,0.937,4.762,3.740,5.000,63.636,savant_only,AAA_hitters_YTD_5_14.csv
Brody Hopkins,TBR,AAA,pitcher,SP,24,153,611,0.912,0.342,0.346,0.669,1.000,High,86.000,,811315,,3.000,1.692,4.692,0.000,0.000,0.000,name_org,AAA_pitchers_YTD_5_14.csv
Sam Antonacci,CHW,AAA,hitter,OF,23,64,269,0.873,0.988,0.946,0.908,0.478,Medium,,201.000,,803011,3.060,1.559,4.619,2.870,4.000,93.706,name_org,AAA_hitters_YTD_5_14.csv
Javier Assad,CHC,AAA,pitcher,SP,28,39,137,0.055,0.416,0.486,0.036,0.225,Low,,,,,5.431,-0.834,4.597,6.000,7.100,1.399,savant_only,AAA_pitchers_YTD_5_14.csv
Jace Jung,DET,AAA,hitter,3B,25,147,626,0.777,0.630,0.611,0.733,0.980,High,,795.000,,690291,2.700,1.825,4.525,3.000,1.600,0.699,name_org,AAA_hitters_YTD_5_14.csv
JR Ritchie,ATL,AAA,pitcher,SP,22,106,434,0.802,0.309,0.269,0.650,1.000,High,61.000,,702275,,3.000,1.498,4.498,2.740,3.600,82.517,name_org,AAA_pitchers_YTD_5_14.csv
Connor Prielipp,MIN,AAA,pitcher,SP,25,61,276,0.894,0.327,0.293,0.682,0.552,High,,183.000,,687570,3.596,0.802,4.398,3.520,4.700,89.510,name_org,AAA_pitchers_YTD_5_14.csv
Jimmy Crooks,STL,AAA,hitter,C,24,137,592,0.825,0.985,0.931,0.873,0.968,High,,285.000,,699625,1.500,2.890,4.390,0.000,0.000,0.000,name_org,AAA_hitters_YTD_5_14.csv
Zac Veen,COL,AAA,hitter,OF,24,149,583,0.898,0.741,0.735,0.851,1.000,High,,250.000,,691728,1.500,2.805,4.305,0.000,0.000,0.000,name_org,AAA_hitters_YTD_5_14.csv
Kevin Alcántara,CHC,AAA,hitter,OF,23,153,607,0.852,0.810,0.840,0.840,1.000,High,,144.000,,682634,1.500,2.718,4.218,0.000,0.000,0.000,name_org,AAA_hitters_YTD_5_14.csv
Gage Wood,PHI,A,pitcher,SP,22,75,302,0.931,0.218,0.270,0.879,0.312,Medium,71.000,166.000,805906,805906,3.000,1.182,4.182,0.000,0.000,0.000,name_org,A_pitchers_YTD_5_14.csv
Cole Carrigg,COL,AAA,hitter,OF,24,166,618,0.880,0.729,0.914,0.834,1.000,High,,151.000,,694249,1.500,2.675,4.175,0.000,0.000,0.000,name_org,AAA_hitters_YTD_5_14.csv
Ronny Mauricio,NYM,AAA,hitter,2B/3B,25,63,242,0.840,0.967,0.908,0.878,0.420,Medium,,,,,2.889,1.271,4.160,3.210,2.300,9.790,savant_only,AAA_hitters_YTD_5_14.csv
Gregory Santos,SFG,AAA,pitcher,RP,26,50,169,0.302,0.283,0.311,0.366,0.318,Medium,,,,,4.500,-0.340,4.160,5.000,1.400,0.699,savant_only,AAA_pitchers_YTD_5_14.csv
Christian Scott,NYM,AAA,pitcher,SP,26,58,223,0.925,0.267,0.340,0.797,0.419,Medium,,553.000,,681035,3.136,0.995,4.132,2.560,4.100,44.056,name_org,AAA_pitchers_YTD_5_14.csv
Jeferson Quero,MIL,AAA,hitter,C,23,137,492,0.892,0.637,0.380,0.815,1.000,High,,104.000,,691620,1.500,2.522,4.022,0.000,0.000,0.000,name_org,AAA_hitters_YTD_5_14.csv
Sam Aldegheri,LAA,AAA,pitcher,SP,24,132,515,0.497,0.293,0.376,0.478,1.000,High,,542.000,,691951,4.131,-0.179,3.952,1.000,5.400,0.699,name_org,AAA_pitchers_YTD_5_14.csv
Colby Thomas,ATH,AAA,hitter,OF,25,78,292,0.789,0.819,0.908,0.798,0.520,Medium,,549.000,,687515,2.700,1.240,3.940,3.000,1.800,13.986,name_org,AAA_hitters_YTD_5_14.csv
Héctor Rodríguez,CIN,AAA,hitter,OF,22,189,710,0.922,0.520,0.449,0.801,1.000,High,,142.000,,699302,1.500,2.408,3.908,0.000,0.000,0.000,name_org,AAA_hitters_YTD_5_14.csv
Nestor German,BAL,AAA,pitcher,SP,24,157,630,0.927,0.270,0.298,0.794,1.000,High,,251.000,,815148,1.500,2.348,3.848,0.000,0.000,0.000,name_org,AAA_pitchers_YTD_5_14.csv
Kahlil Watson,CLE,AAA,hitter,SS/OF,23,159,673,0.979,0.753,0.869,0.911,1.000,High,,306.000,,696135,0.500,3.289,3.789,0.000,0.000,0.000,name_org,AAA_hitters_YTD_5_14.csv
Mitch Bratt,ARI,AAA,pitcher,SP,22,113,459,0.864,0.253,0.251,0.780,1.000,High,,226.000,,683352,1.500,2.238,3.738,0.000,0.000,0.000,name_org,AAA_pitchers_YTD_5_14.csv
James Tibbs III,LAD,AAA,hitter,OF,23,181,767,0.952,0.940,0.892,0.948,1.000,High,,,,,0.000,3.586,3.586,0.000,0.000,0.000,savant_only,AAA_hitters_YTD_5_14.csv
Tyson Lewis,CIN,A,hitter,SS,20,58,240,0.863,0.522,0.094,0.761,0.225,Low,,92.000,,815653,3.000,0.470,3.470,0.000,0.000,0.000,name_org,A_hitters_YTD_5_14.csv
Jaxon Wiggins,CHC,AAA,pitcher,SP,24,36,133,0.867,0.329,0.338,0.660,0.282,Medium,90.000,61.000,694393,694393,3.000,0.453,3.453,0.000,0.000,0.000,name_org,AAA_pitchers_YTD_5_14.csv
Spencer Arrighetti,HOU,AAA,pitcher,SP,26,54,211,0.731,0.312,0.210,0.599,0.397,Medium,,,,,3.136,0.315,3.452,3.450,4.100,91.608,savant_only,AAA_pitchers_YTD_5_14.csv
River Ryan,LAD,AAA,pitcher,SP,27,33,119,0.771,0.270,0.357,0.692,0.209,Low,81.000,145.000,689981,689981,3.000,0.403,3.403,0.000,0.000,0.000,name_org,AAA_pitchers_YTD_5_14.csv
Nick Morabito,NYM,AAA,hitter,OF,23,152,635,0.931,0.703,0.449,0.863,1.000,High,,373.000,,703492,0.500,2.900,3.400,0.000,0.000,0.000,name_org,AAA_hitters_YTD_5_14.csv
Chase Petty,CIN,AAA,pitcher,SP,23,125,499,0.869,0.349,0.330,0.630,1.000,High,,318.000,,695534,2.340,1.042,3.382,2.600,1.500,3.497,name_org,AAA_pitchers_YTD_5_14.csv
Jesus Rodriguez,SFG,AAA,hitter,C,24,115,376,0.651,0.866,0.690,0.715,0.813,High,,,,,1.980,1.399,3.379,2.200,1.900,13.986,savant_only,AAA_hitters_YTD_5_14.csv
LuJames Groover,ARI,AAA,hitter,3B,24,184,814,0.828,0.492,0.699,0.728,1.000,High,,214.000,,694410,1.500,1.820,3.320,0.000,0.000,0.000,name_org,AAA_hitters_YTD_5_14.csv
Blaze Jordan,STL,AAA,hitter,1B/3B,23,149,511,0.925,0.682,0.854,0.852,1.000,High,,396.000,,691458,0.500,2.816,3.316,0.000,0.000,0.000,name_org,AAA_hitters_YTD_5_14.csv
Jacob Gonzalez,CHW,AAA,hitter,2B/SS,23,177,729,0.849,0.848,0.943,0.849,1.000,High,,874.000,,694378,0.500,2.792,3.292,0.000,0.000,0.000,name_org,AAA_hitters_YTD_5_14.csv
Jack Perkins,ATH,AAA,pitcher,RP,26,31,135,0.736,0.291,0.285,0.636,0.254,Medium,,541.000,,678022,3.015,0.276,3.291,3.350,3.400,90.210,name_org,AAA_pitchers_YTD_5_14.csv
Cade Povich,BAL,AAA,pitcher,SP,26,66,254,0.907,0.244,0.339,0.822,0.478,Medium,,,,,2.043,1.230,3.273,2.270,1.100,10.490,savant_only,AAA_pitchers_YTD_5_14.csv
Tanner McDougal,CHW,AAA,pitcher,SP,23,98,390,0.967,0.314,0.270,0.750,0.874,High,,141.000,,701780,1.500,1.745,3.245,0.000,0.000,0.000,name_org,AAA_pitchers_YTD_5_14.csv
Brock Wilken,MIL,AAA,hitter,3B,23,159,671,0.846,0.414,0.268,0.717,1.000,High,,155.000,,694385,1.500,1.734,3.234,0.000,0.000,0.000,name_org,AAA_hitters_YTD_5_14.csv
Miguel Ullola,HOU,AAA,pitcher,SP,23,142,580,0.874,0.298,0.344,0.715,1.000,High,,297.000,,699044,1.500,1.718,3.218,0.000,0.000,0.000,name_org,AAA_pitchers_YTD_5_14.csv
Yanquiel Fernández,NYY,AAA,hitter,DH/OF,23,138,502,0.855,0.791,0.595,0.836,1.000,High,,1071.000,,692585,0.500,2.688,3.188,0.000,0.000,0.000,name_org,AAA_hitters_YTD_5_14.csv
Abimelec Ortiz,WSN,AAA,hitter,1B,24,129,481,0.955,0.895,0.587,0.937,0.912,High,,,,,0.000,3.185,3.185,0.000,0.000,0.000,savant_only,AAA_hitters_YTD_5_14.csv
Trey Gibson,BAL,AAA,pitcher,SP,23,112,435,0.829,0.287,0.348,0.703,0.974,High,,106.000,,694346,1.500,1.581,3.081,1.500,1.100,8.392,name_org,AAA_pitchers_YTD_5_14.csv
Kody Huff,CLE,AAA,hitter,C,25,154,617,0.886,0.880,0.940,0.884,1.000,High,,,,,0.000,3.070,3.070,0.000,0.000,0.000,savant_only,AAA_hitters_YTD_5_14.csv
Mikey Romero,BOS,AAA,hitter,2B/SS,22,149,523,0.943,0.532,0.173,0.819,1.000,High,,322.000,,702540,0.500,2.555,3.055,0.000,0.000,0.000,name_org,AAA_hitters_YTD_5_14.csv
Ben Malgeri,DET,AAA,hitter,OF,26,162,612,0.807,0.914,0.801,0.839,0.940,High,,786.000,,701162,0.500,2.552,3.052,0.000,0.000,0.000,name_org,AAA_hitters_YTD_5_14.csv
Jake Bennett,BOS,AAA,pitcher,SP,25,68,269,0.847,0.192,0.178,0.865,0.538,Medium,,348.000,,687562,1.413,1.573,2.986,1.570,1.500,4.895,name_org,AAA_pitchers_YTD_5_14.csv
Tommy Troy,ARI,AAA,hitter,2B/SS,24,173,744,0.726,0.581,0.723,0.683,1.000,High,,117.000,,694371,1.500,1.460,2.960,0.000,0.000,0.000,name_org,AAA_hitters_YTD_5_14.csv
Drew Gilbert,SFG,AAA,hitter,OF,25,54,205,0.786,0.914,0.599,0.825,0.360,Medium,,,,,2.025,0.935,2.960,2.250,1.000,2.797,savant_only,AAA_hitters_YTD_5_14.csv
Dylan Crews,WSN,AAA,hitter,OF,24,162,626,0.907,0.779,0.514,0.868,1.000,High,,,,,0.000,2.946,2.946,0.000,0.000,0.000,savant_only,AAA_hitters_YTD_5_14.csv
Elian Peña,NYM,A,hitter,SS,18,115,448,0.950,0.633,0.791,0.855,0.498,Medium,,146.000,,829033,1.500,1.412,2.912,0.000,0.000,0.000,name_org,A_hitters_YTD_5_14.csv
James Triantos,CHC,AAA,hitter,2B/3B,23,142,520,0.708,0.599,0.455,0.675,1.000,High,,269.000,,701649,1.500,1.402,2.902,0.000,0.000,0.000,name_org,AAA_hitters_YTD_5_14.csv
Yohandy Morales,WSN,AAA,hitter,1B/3B,24,154,559,0.867,0.848,0.964,0.862,1.000,High,,,,,0.000,2.893,2.893,0.000,0.000,0.000,savant_only,AAA_hitters_YTD_5_14.csv
Yohendrick Piñango,TOR,AAA,hitter,OF,24,89,404,0.858,0.565,0.611,0.770,0.629,High,,241.000,,682818,1.500,1.360,2.860,1.360,1.400,7.692,name_org,AAA_hitters_YTD_5_14.csv
Carson Williams,TBR,AAA,hitter,SS,22,131,514,0.895,0.753,0.449,0.852,1.000,High,,,,,0.000,2.817,2.817,0.000,0.000,0.000,savant_only,AAA_hitters_YTD_5_14.csv
Kendry Rojas,MIN,AAA,pitcher,SP,23,62,260,0.990,0.307,0.298,0.776,0.582,High,,171.000,,696070,1.500,1.284,2.784,0.000,0.000,0.000,name_org,AAA_pitchers_YTD_5_14.csv
Jonathon Long,CHC,AAA,hitter,1B,24,171,758,0.768,0.401,0.634,0.658,1.000,High,,157.000,,675085,1.500,1.263,2.763,0.000,0.000,0.000,name_org,AAA_hitters_YTD_5_14.csv
Luke Adams,MIL,AAA,hitter,1B/3B,22,51,182,0.861,0.940,0.428,0.885,0.401,Medium,,172.000,,702726,1.500,1.236,2.736,0.000,0.000,0.000,name_org,AAA_hitters_YTD_5_14.csv
Creed Willems,BAL,AAA,hitter,C/1B,22,140,489,0.765,0.806,0.771,0.777,1.000,High,,491.000,,695735,0.500,2.218,2.718,0.000,0.000,0.000,name_org,AAA_hitters_YTD_5_14.csv
Josh Ekness,MIA,AAA,pitcher,RP,24,59,240,0.962,0.289,0.309,0.786,0.509,Medium,,,,,1.503,1.165,2.668,1.670,1.400,2.098,savant_only,AAA_pitchers_YTD_5_14.csv
Charles McAdoo,TOR,AAA,hitter,3B,24,158,664,0.819,0.652,0.675,0.769,1.000,High,,462.000,,807727,0.500,2.153,2.653,0.000,0.000,0.000,name_org,AAA_hitters_YTD_5_14.csv
Walbert Ureña,LAA,AAA,pitcher,SP,22,36,157,0.744,0.290,0.378,0.643,0.371,Medium,,635.000,,700712,2.151,0.422,2.573,2.390,1.700,16.084,name_org,AAA_pitchers_YTD_5_14.csv
Juan Brito,CLE,AAA,hitter,2B,24,103,424,0.711,0.619,0.789,0.683,0.728,High,,255.000,,682877,1.500,1.067,2.567,0.000,0.000,0.000,name_org,AAA_hitters_YTD_5_14.csv
Wenceel Pérez,DET,AAA,hitter,OF,26,50,198,0.774,0.872,0.536,0.803,0.313,Medium,,,,,1.800,0.761,2.561,2.000,1.600,3.497,savant_only,AAA_hitters_YTD_5_14.csv
Noelvi Marte,CIN,AAA,hitter,3B/OF,24,108,361,0.946,0.855,0.883,0.919,0.763,High,,,,,0.000,2.556,2.556,0.000,0.000,0.000,savant_only,AAA_hitters_YTD_5_14.csv
Deyvison De Los Santos,MIA,AAA,hitter,1B/DH,22,125,485,0.901,0.432,0.468,0.760,0.983,High,,400.000,,691277,0.500,2.046,2.546,0.000,0.000,0.000,name_org,AAA_hitters_YTD_5_14.csv
Brennen Davis,SEA,AAA,hitter,OF,26,146,554,0.720,0.908,0.901,0.776,0.915,High,,686.000,,680695,0.500,2.023,2.523,0.000,0.000,0.000,name_org,AAA_hitters_YTD_5_14.csv
Zack Gelof,ATH,AAA,hitter,2B,26,54,227,0.792,0.886,1.000,0.820,0.338,Medium,,,,,1.638,0.867,2.505,1.820,1.300,7.692,savant_only,AAA_hitters_YTD_5_14.csv
Christian Franklin,WSN,AAA,hitter,OF,26,164,651,0.816,0.872,0.611,0.833,0.940,High,,,,,0.000,2.504,2.504,0.000,0.000,0.000,savant_only,AAA_hitters_YTD_5_14.csv
Christian Moore,LAA,AAA,hitter,2B,23,113,492,0.889,0.819,0.807,0.868,0.844,High,,,,,0.000,2.482,2.482,0.000,0.000,0.000,savant_only,AAA_hitters_YTD_5_14.csv
Denzer Guzman,LAA,AAA,hitter,SS,22,172,643,0.843,0.506,0.761,0.742,1.000,High,,395.000,,694203,0.500,1.937,2.437,0.000,0.000,0.000,name_org,AAA_hitters_YTD_5_14.csv
Ethan Pecko,HOU,AAA,pitcher,SP,23,37,164,0.987,0.279,0.305,0.818,0.367,Medium,,270.000,,814490,1.500,0.936,2.436,0.000,0.000,0.000,name_org,AAA_pitchers_YTD_5_14.csv
Tyler Black,MIL,AAA,hitter,1B/DH,25,48,205,0.572,0.670,0.541,0.602,0.320,Medium,,374.000,,672012,2.169,0.260,2.429,2.410,2.500,11.888,name_org,AAA_hitters_YTD_5_14.csv
Matthew Etzel,MIA,AAA,hitter,OF,24,124,469,0.822,0.660,0.182,0.773,0.876,High,,719.000,,803033,0.500,1.917,2.417,0.000,0.000,0.000,name_org,AAA_hitters_YTD_5_14.csv
Gage Workman,DET,AAA,hitter,3B,26,149,542,0.753,0.982,0.935,0.822,0.934,High,,,,,0.000,2.403,2.403,0.000,0.000,0.000,savant_only,AAA_hitters_YTD_5_14.csv
Leo Bernal,STL,AAA,hitter,C,22,137,513,0.877,0.610,0.321,0.797,1.000,High,,,,,0.000,2.372,2.372,0.000,0.000,0.000,savant_only,AAA_hitters_YTD_5_14.csv
Felix Reyes,PHI,AAA,hitter,1B/OF,25,84,298,0.735,0.819,0.922,0.760,0.560,High,,746.000,,694025,1.197,1.166,2.363,1.330,1.100,2.098,name_org,AAA_hitters_YTD_5_14.csv
Victor Bericoto,SFG,AAA,hitter,1B/OF,24,157,613,0.837,0.696,0.545,0.795,1.000,High,,,,,0.000,2.359,2.359,0.000,0.000,0.000,savant_only,AAA_hitters_YTD_5_14.csv
Hunter Barco,PIT,AAA,pitcher,SP,25,59,235,0.804,0.265,0.327,0.721,0.470,Medium,,114.000,,682995,1.500,0.833,2.333,0.000,0.000,0.000,name_org,AAA_pitchers_YTD_5_14.csv
Welinton Herrera,COL,AAA,pitcher,SP,22,75,336,0.985,0.299,0.319,0.785,0.793,High,,825.000,,700327,0.500,1.808,2.308,0.000,0.000,0.000,name_org,AAA_pitchers_YTD_5_14.csv
Zach Ehrhard,LAD,AAA,hitter,OF,23,165,675,0.717,0.328,0.226,0.600,1.000,High,,256.000,,701394,1.500,0.802,2.302,0.000,0.000,0.000,name_org,AAA_hitters_YTD_5_14.csv
Hendry Mendez,MIN,AAA,hitter,OF,22,28,110,0.976,0.866,0.967,0.943,0.220,Low,,280.000,,694230,1.500,0.780,2.280,0.000,0.000,0.000,name_org,AAA_hitters_YTD_5_14.csv
Kristian Robinson,ARI,AAA,hitter,OF,25,158,677,0.759,0.630,0.831,0.720,1.000,High,,526.000,,677565,0.500,1.761,2.261,0.000,0.000,0.000,name_org,AAA_hitters_YTD_5_14.csv
Jack Wenninger,NYM,AAA,pitcher,SP,24,137,574,0.729,0.314,0.256,0.595,1.000,High,,198.000,,811307,1.500,0.756,2.256,0.000,0.000,0.000,name_org,AAA_pitchers_YTD_5_14.csv
Jase Bowen,SDP,AAA,hitter,OF,25,151,577,0.732,0.886,0.752,0.778,1.000,High,,,,,0.000,2.224,2.224,0.000,0.000,0.000,savant_only,AAA_hitters_YTD_5_14.csv
Max Rajcic,STL,AAA,pitcher,SP,24,101,423,0.965,0.279,0.291,0.804,0.897,High,,,,,0.000,2.179,2.179,0.000,0.000,0.000,savant_only,AAA_pitchers_YTD_5_14.csv
Tommy White,ATH,AAA,hitter,3B,23,53,170,0.813,0.461,0.634,0.708,0.396,Medium,,236.000,,695720,1.500,0.657,2.157,0.000,0.000,0.000,name_org,AAA_hitters_YTD_5_14.csv
Andres Valor,MIA,A,hitter,OF,20,131,570,0.957,0.788,0.716,0.906,0.509,Medium,,867.000,,808516,0.500,1.654,2.154,0.000,0.000,0.000,name_org,A_hitters_YTD_5_14.csv
Rece Hinds,CIN,AAA,hitter,OF,25,93,349,0.904,0.961,0.979,0.921,0.620,High,,,,,0.000,2.087,2.087,0.000,0.000,0.000,savant_only,AAA_hitters_YTD_5_14.csv
Quinn Mathews,STL,AAA,pitcher,SP,25,121,504,0.739,0.333,0.376,0.571,1.000,High,,124.000,,687273,1.500,0.567,2.067,0.000,0.000,0.000,name_org,AAA_pitchers_YTD_5_14.csv
Eddys Leonard,MIL,AAA,hitter,SS,25,140,513,0.756,0.813,0.961,0.773,0.933,High,,,,,0.000,2.040,2.040,0.000,0.000,0.000,savant_only,AAA_hitters_YTD_5_14.csv
Alimber Santa,HOU,AAA,pitcher,RP,23,68,276,0.899,0.250,0.247,0.807,0.618,High,,726.000,,695001,0.500,1.520,2.020,0.000,0.000,0.000,name_org,AAA_pitchers_YTD_5_14.csv
Carson Whisenhunt,SFG,AAA,pitcher,SP,25,155,664,0.920,0.298,0.293,0.744,1.000,High,,,,,0.000,1.953,1.953,0.000,0.000,0.000,savant_only,AAA_pitchers_YTD_5_14.csv
Brandon Young,BAL,AAA,pitcher,SP,27,58,220,0.922,0.243,0.143,0.833,0.387,Medium,,,,,0.918,1.032,1.950,1.000,1.200,1.399,savant_only,AAA_pitchers_YTD_5_14.csv
BJ Murray,CHC,AAA,hitter,1B/3B,26,147,616,0.762,0.761,0.878,0.762,0.921,High,,,,,0.000,1.928,1.928,0.000,0.000,0.000,savant_only,AAA_hitters_YTD_5_14.csv
Jim Jarvis,ATL,AAA,hitter,SS,25,161,646,0.750,0.720,0.786,0.741,1.000,High,,,,,0.000,1.928,1.928,0.000,0.000,0.000,savant_only,AAA_hitters_YTD_5_14.csv
George Klassen,LAA,AAA,pitcher,SP,24,104,415,0.668,0.312,0.347,0.559,0.880,High,,121.000,,691946,1.500,0.412,1.912,0.000,0.000,0.000,name_org,AAA_pitchers_YTD_5_14.csv
Robert Gasser,MIL,AAA,pitcher,SP,26,94,360,0.884,0.275,0.309,0.758,0.677,High,,313.000,,688107,0.500,1.396,1.896,0.000,0.000,0.000,name_org,AAA_pitchers_YTD_5_14.csv
Riley Cornelio,WSN,AAA,pitcher,SP,25,125,572,0.942,0.313,0.321,0.735,1.000,High,,,,,0.000,1.879,1.879,0.000,0.000,0.000,savant_only,AAA_pitchers_YTD_5_14.csv
Wilber Dotel,PIT,AAA,pitcher,SP,23,96,353,0.879,0.303,0.371,0.710,0.791,High,,444.000,,696062,0.500,1.329,1.829,0.000,0.000,0.000,name_org,AAA_pitchers_YTD_5_14.csv
RJ Schreck,TOR,AAA,hitter,OF,25,155,646,0.587,0.432,0.559,0.541,1.000,High,,275.000,,702302,1.500,0.327,1.827,0.000,0.000,0.000,name_org,AAA_hitters_YTD_5_14.csv
Levi Wells,BAL,AAA,pitcher,SP,24,139,541,0.872,0.331,0.326,0.661,1.000,High,,428.000,,687723,0.500,1.285,1.785,0.000,0.000,0.000,name_org,AAA_pitchers_YTD_5_14.csv
Hyeseong Kim,LAD,AAA,hitter,2B/SS,27,32,126,0.226,0.991,0.690,0.455,0.188,Low,,,,,1.836,-0.067,1.769,2.040,1.700,53.147,savant_only,AAA_hitters_YTD_5_14.csv
Eduardo Rivera,BOS,AAA,pitcher,RP,22,45,191,0.975,0.253,0.265,0.852,0.451,Medium,,626.000,,700842,0.500,1.268,1.768,0.000,0.000,0.000,name_org,AAA_pitchers_YTD_5_14.csv
Max Anderson,DET,AAA,hitter,2B,24,35,113,0.518,0.908,0.982,0.635,0.247,Low,,175.000,,801194,1.500,0.267,1.767,0.000,0.000,0.000,name_org,AAA_hitters_YTD_5_14.csv
Eduardo Valencia,DET,AAA,hitter,C/1B,26,154,583,0.705,0.581,0.358,0.668,0.940,High,,745.000,,680664,0.500,1.262,1.762,0.000,0.000,0.000,name_org,AAA_hitters_YTD_5_14.csv
Alejandro Osuna,TEX,AAA,hitter,OF,23,75,314,0.870,0.565,0.330,0.779,0.560,High,,1071.000,,696030,0.500,1.249,1.749,0.000,0.000,0.000,name_org,AAA_hitters_YTD_5_14.csv
Wikelman González,CHW,AAA,pitcher,RP,24,58,245,0.837,0.229,0.277,0.800,0.519,Medium,,1056.000,,682790,0.500,1.246,1.746,0.000,0.000,0.000,name_org,AAA_pitchers_YTD_5_14.csv
Brett Bateman,CHC,AAA,hitter,OF,24,85,389,0.831,0.932,0.690,0.862,0.601,High,,,,,0.000,1.738,1.738,0.000,0.000,0.000,savant_only,AAA_hitters_YTD_5_14.csv
Andry Lara,WSN,AAA,pitcher,SP,23,148,580,0.915,0.314,0.331,0.715,1.000,High,,,,,0.000,1.723,1.723,0.000,0.000,0.000,savant_only,AAA_pitchers_YTD_5_14.csv
Keyner Benitez,MIA,A,pitcher,SP,19,75,307,0.981,0.223,0.210,0.903,0.378,Medium,,708.000,,808547,0.500,1.221,1.721,0.000,0.000,0.000,name_org,A_pitchers_YTD_5_14.csv
Jack Gurevitch,STL,A,hitter,1B,22,123,496,0.820,0.950,0.942,0.859,0.424,Medium,,955.000,,813668,0.500,1.218,1.718,0.000,0.000,0.000,name_org,A_hitters_YTD_5_14.csv
Murf Gray,PIT,A,hitter,3B,22,147,595,0.727,0.971,0.964,0.800,0.507,Medium,,536.000,,809092,0.500,1.216,1.716,0.000,0.000,0.000,name_org,A_hitters_YTD_5_14.csv
Kristian Campbell,BOS,AAA,hitter,2B,23,148,654,0.783,0.553,0.485,0.714,1.000,High,,,,,0.000,1.712,1.712,0.000,0.000,0.000,savant_only,AAA_hitters_YTD_5_14.csv
Quentin Young,MIN,A,hitter,3B/SS,19,108,452,0.942,0.601,0.245,0.840,0.444,Medium,,309.000,,815839,0.500,1.206,1.706,0.000,0.000,0.000,name_org,A_hitters_YTD_5_14.csv
Ben Peoples,CHW,AAA,pitcher,RP,25,77,298,0.940,0.236,0.249,0.856,0.596,High,,,,,0.000,1.696,1.696,0.000,0.000,0.000,savant_only,AAA_pitchers_YTD_5_14.csv
Nelson Rada,LAA,AAA,hitter,OF,20,143,595,0.675,0.170,0.241,0.523,1.000,High,,161.000,,703185,1.500,0.187,1.687,0.000,0.000,0.000,name_org,AAA_hitters_YTD_5_14.csv
Josh Kasevich,TOR,AAA,hitter,SS,25,158,603,0.747,0.414,0.468,0.647,1.000,High,,433.000,,688460,0.500,1.177,1.677,0.000,0.000,0.000,name_org,AAA_hitters_YTD_5_14.csv
Adael Amador,COL,AAA,hitter,2B,23,161,638,0.834,0.414,0.386,0.708,1.000,High,,,,,0.000,1.666,1.666,0.000,0.000,0.000,savant_only,AAA_hitters_YTD_5_14.csv
Jacob Berry,MIA,AAA,hitter,3B/OF,25,134,569,0.738,0.720,0.779,0.733,0.893,High,,,,,0.000,1.662,1.662,0.000,0.000,0.000,savant_only,AAA_hitters_YTD_5_14.csv
Brycen Mautz,STL,AAA,pitcher,SP,24,159,610,0.774,0.306,0.318,0.637,1.000,High,,651.000,,802408,0.500,1.093,1.593,0.000,0.000,0.000,name_org,AAA_pitchers_YTD_5_14.csv
Nate Furman,SFG,AAA,hitter,2B,24,152,616,0.636,0.839,0.514,0.697,1.000,High,,,,,0.000,1.572,1.572,0.000,0.000,0.000,savant_only,AAA_hitters_YTD_5_14.csv
Hayden Juenger,TOR,AAA,pitcher,SP,25,60,267,0.950,0.235,0.328,0.864,0.534,Medium,,,,,0.000,1.555,1.555,0.000,0.000,0.000,savant_only,AAA_pitchers_YTD_5_14.csv
Christian Cairo,PHI,AAA,hitter,2B/3B/SS,24,170,711,0.669,0.753,0.639,0.694,1.000,High,,,,,0.000,1.552,1.552,0.000,0.000,0.000,savant_only,AAA_hitters_YTD_5_14.csv
Andrew Salas,MIA,A,hitter,SS/OF,18,112,460,0.640,0.209,0.234,0.511,0.485,Medium,,271.000,,829035,1.500,0.042,1.542,0.000,0.000,0.000,name_org,A_hitters_YTD_5_14.csv
Jack Suwinski,LAD,AAA,hitter,OF,27,158,705,0.639,0.902,0.928,0.718,0.880,High,,,,,0.000,1.532,1.532,0.000,0.000,0.000,savant_only,AAA_hitters_YTD_5_14.csv
Michael Toglia,CIN,AAA,hitter,1B,27,167,686,0.617,0.949,0.779,0.717,0.880,High,,,,,0.000,1.527,1.527,0.000,0.000,0.000,savant_only,AAA_hitters_YTD_5_14.csv
Seth Johnson,PHI,AAA,pitcher,RP,27,53,233,0.789,0.203,0.277,0.810,0.410,Medium,,799.000,,686751,0.500,1.018,1.518,0.000,0.000,0.000,name_org,AAA_pitchers_YTD_5_14.csv
Yilber Díaz,ARI,AAA,pitcher,RP,25,72,310,0.905,0.253,0.286,0.806,0.620,High,,,,,0.000,1.517,1.517,0.000,0.000,0.000,savant_only,AAA_pitchers_YTD_5_14.csv
Randy Guzman,NYM,A,hitter,1B/OF,21,109,427,0.878,0.673,0.669,0.816,0.400,Medium,,688.000,,807383,0.500,1.011,1.511,0.000,0.000,0.000,name_org,A_hitters_YTD_5_14.csv
William Kempner,MIA,AAA,pitcher,RP,24,84,371,0.862,0.279,0.310,0.737,0.787,High,,,,,0.000,1.490,1.490,0.000,0.000,0.000,savant_only,AAA_pitchers_YTD_5_14.csv
Tyler Schweitzer,CHW,AAA,pitcher,SP,25,83,304,0.897,0.253,0.250,0.801,0.608,High,,,,,0.000,1.464,1.464,0.000,0.000,0.000,savant_only,AAA_pitchers_YTD_5_14.csv
Ricky Vanasco,DET,AAA,pitcher,SP,27,59,275,0.902,0.207,0.202,0.877,0.484,Medium,,,,,0.000,1.461,1.461,0.000,0.000,0.000,savant_only,AAA_pitchers_YTD_5_14.csv
Mason Barnett,ATH,AAA,pitcher,SP,25,123,492,0.719,0.293,0.309,0.621,0.984,High,,647.000,,686930,0.500,0.956,1.456,0.000,0.000,0.000,name_org,AAA_pitchers_YTD_5_14.csv
Yasser Mercedes,MIN,A,hitter,OF,21,67,300,0.978,0.986,0.993,0.981,0.246,Low,,708.000,,703160,0.500,0.944,1.444,0.000,0.000,0.000,name_org,A_hitters_YTD_5_14.csv
Malachi Witherspoon,DET,A,pitcher,SP,21,88,330,0.956,0.266,0.337,0.819,0.363,Medium,,550.000,,802412,0.500,0.925,1.425,0.000,0.000,0.000,name_org,A_pitchers_YTD_5_14.csv
Alan Roden,MIN,AAA,hitter,OF,26,87,324,0.795,0.895,0.822,0.825,0.545,Medium,,,,,0.000,1.418,1.418,0.000,0.000,0.000,savant_only,AAA_hitters_YTD_5_14.csv
Josh Stephan,TEX,AAA,pitcher,SP,24,149,603,0.819,0.299,0.333,0.677,1.000,High,,,,,0.000,1.417,1.417,0.000,0.000,0.000,savant_only,AAA_pitchers_YTD_5_14.csv
Gabriel Hughes,COL,AAA,pitcher,SP,24,116,454,0.889,0.324,0.376,0.683,0.962,High,,,,,0.000,1.410,1.410,0.000,0.000,0.000,savant_only,AAA_pitchers_YTD_5_14.csv
Zach Maxwell,CIN,AAA,pitcher,RP,25,65,279,0.781,0.267,0.322,0.704,0.558,High,,544.000,,687209,0.500,0.909,1.409,0.000,0.000,0.000,name_org,AAA_pitchers_YTD_5_14.csv
MJ Melendez,NYM,AAA,hitter,OF,27,56,241,0.678,0.720,0.321,0.690,0.329,Medium,,,,,0.900,0.500,1.400,1.000,1.100,4.895,savant_only,AAA_hitters_YTD_5_14.csv
Will Sanders,CHC,AAA,pitcher,SP,24,75,281,0.932,0.339,0.455,0.687,0.596,High,,1071.000,,691739,0.500,0.891,1.391,0.000,0.000,0.000,name_org,AAA_pitchers_YTD_5_14.csv
Ronny Simon,PIT,AAA,hitter,2B/OF,26,148,567,0.699,0.660,0.744,0.687,0.927,High,,,,,0.000,1.388,1.388,0.000,0.000,0.000,savant_only,AAA_hitters_YTD_5_14.csv
Josh White,MIA,AAA,pitcher,SP,25,75,327,0.761,0.281,0.263,0.668,0.654,High,,591.000,,687985,0.500,0.880,1.380,0.000,0.000,0.000,name_org,AAA_pitchers_YTD_5_14.csv
Hancel Rincon,STL,AAA,pitcher,SP,24,90,363,0.930,0.315,0.390,0.724,0.770,High,,,,,0.000,1.377,1.377,0.000,0.000,0.000,savant_only,AAA_pitchers_YTD_5_14.csv
Reinold Navarro,PIT,A,pitcher,SP,19,75,355,0.950,0.308,0.345,0.748,0.437,Medium,,629.000,,821116,0.500,0.867,1.367,0.000,0.000,0.000,name_org,A_pitchers_YTD_5_14.csv
Levi Sterling,PIT,A,pitcher,SP,19,112,413,0.881,0.302,0.337,0.712,0.509,Medium,,809.000,,815552,0.500,0.864,1.364,0.000,0.000,0.000,name_org,A_pitchers_YTD_5_14.csv
José Fermin,LAA,AAA,pitcher,RP,24,50,204,0.937,0.302,0.312,0.749,0.432,Medium,,865.000,,820862,0.500,0.862,1.362,0.000,0.000,0.000,name_org,AAA_pitchers_YTD_5_14.csv
Dom Keegan,TBR,AAA,hitter,C,25,133,557,0.744,0.565,0.566,0.690,0.887,High,,,,,0.000,1.349,1.349,0.000,0.000,0.000,savant_only,AAA_hitters_YTD_5_14.csv
Seth Halvorsen,COL,AAA,pitcher,RP,26,61,270,0.892,0.234,0.281,0.828,0.508,Medium,,,,,0.000,1.332,1.332,0.000,0.000,0.000,savant_only,AAA_pitchers_YTD_5_14.csv
Jacob Amaya,ARI,AAA,hitter,SS,27,120,508,0.633,0.979,0.795,0.736,0.704,High,,,,,0.000,1.332,1.332,0.000,0.000,0.000,savant_only,AAA_hitters_YTD_5_14.csv
Drew Sommers,DET,AAA,pitcher,RP,25,77,325,0.716,0.268,0.289,0.660,0.650,High,,955.000,,805427,0.500,0.830,1.330,0.000,0.000,0.000,name_org,AAA_pitchers_YTD_5_14.csv
Nate Payne,MIA,A,pitcher,SP,20,57,235,0.994,0.245,0.290,0.877,0.274,Medium,,675.000,,827626,0.500,0.826,1.326,0.000,0.000,0.000,name_org,A_pitchers_YTD_5_14.csv
Ryan Ward,LAD,AAA,hitter,1B,28,162,695,0.524,0.861,0.822,0.625,0.820,High,,658.000,,669899,0.500,0.822,1.322,0.000,0.000,0.000,name_org,AAA_hitters_YTD_5_14.csv
Andrew Morris,MIN,AAA,pitcher,SP,24,27,126,0.585,0.191,0.200,0.697,0.267,Medium,,488.000,,702193,0.900,0.421,1.321,1.000,1.000,0.699,name_org,AAA_pitchers_YTD_5_14.csv
Ty Madden,DET,AAA,pitcher,SP,26,93,374,0.540,0.321,0.357,0.461,0.703,High,,893.000,,680744,1.530,-0.220,1.310,1.500,2.000,1.399,name_org,AAA_pitchers_YTD_5_14.csv
Christian Encarnacion-Strand,BAL,AAA,hitter,1B,26,137,483,0.627,0.839,0.645,0.690,0.859,High,,,,,0.000,1.306,1.306,0.000,0.000,0.000,savant_only,AAA_hitters_YTD_5_14.csv
Brando Mayea,NYY,A,hitter,OF,20,122,456,0.777,0.540,0.306,0.706,0.474,Medium,,700.000,,806963,0.500,0.781,1.281,0.000,0.000,0.000,name_org,A_hitters_YTD_5_14.csv
Adam Macko,TOR,AAA,pitcher,RP,25,72,296,0.746,0.279,0.327,0.662,0.592,High,,902.000,,671936,0.500,0.766,1.266,0.000,0.000,0.000,name_org,AAA_pitchers_YTD_5_14.csv
Jud Fabian,BAL,AAA,hitter,OF,25,157,701,0.596,0.589,0.524,0.594,1.000,High,,962.000,,682983,0.500,0.753,1.253,0.000,0.000,0.000,name_org,AAA_hitters_YTD_5_14.csv
Tate Kuehner,MIL,AAA,pitcher,SP,25,161,601,0.817,0.311,0.329,0.656,1.000,High,,,,,0.000,1.252,1.252,0.000,0.000,0.000,savant_only,AAA_pitchers_YTD_5_14.csv
Troy Taylor,SEA,AAA,pitcher,RP,24,70,287,0.832,0.254,0.316,0.757,0.608,High,,,,,0.000,1.251,1.251,0.000,0.000,0.000,savant_only,AAA_pitchers_YTD_5_14.csv
Robby Ahlstrom,TEX,AAA,pitcher,RP,26,83,350,0.711,0.217,0.248,0.737,0.658,High,,,,,0.000,1.250,1.250,0.000,0.000,0.000,savant_only,AAA_pitchers_YTD_5_14.csv
PJ Morlando,MIA,A,hitter,OF,20,118,513,0.734,0.633,0.572,0.704,0.459,Medium,,359.000,,703563,0.500,0.747,1.247,0.000,0.000,0.000,name_org,A_hitters_YTD_5_14.csv
Daniel Espino,CLE,AAA,pitcher,RP,25,56,243,0.849,0.304,0.334,0.689,0.486,Medium,,351.000,,682982,0.500,0.734,1.234,0.000,0.000,0.000,name_org,AAA_pitchers_YTD_5_14.csv
John Klein,MIN,AAA,pitcher,SP,24,102,450,0.814,0.308,0.399,0.660,0.954,High,,,,,0.000,1.218,1.218,0.000,0.000,0.000,savant_only,AAA_pitchers_YTD_5_14.csv
Kyle Hurt,LAD,AAA,pitcher,RP,27,26,118,0.673,0.352,0.393,0.498,0.208,Low,,902.000,,669165,1.197,-0.003,1.194,1.330,1.300,6.294,name_org,AAA_pitchers_YTD_5_14.csv
Petey Halpin,CLE,AAA,hitter,OF,23,125,503,0.648,0.461,0.294,0.592,0.933,High,,980.000,,690984,0.500,0.684,1.184,0.000,0.000,0.000,name_org,AAA_hitters_YTD_5_14.csv
Jose Franco,CIN,AAA,pitcher,SP,25,40,143,0.982,0.293,0.336,0.793,0.286,Medium,,694.000,,683742,0.500,0.670,1.170,0.000,0.000,0.000,name_org,AAA_pitchers_YTD_5_14.csv
Emiliano Teodo,TEX,AAA,pitcher,RP,25,79,344,0.824,0.338,0.352,0.618,0.688,High,,476.000,,693713,0.500,0.652,1.152,0.000,0.000,0.000,name_org,AAA_pitchers_YTD_5_14.csv
Jordan Yost,DET,A,hitter,SS,19,58,230,0.871,0.763,0.615,0.838,0.238,Low,,326.000,,803723,0.500,0.644,1.144,0.000,0.000,0.000,name_org,A_hitters_YTD_5_14.csv
Vaughn Grissom,LAA,AAA,hitter,2B,25,36,124,0.190,0.075,0.468,0.155,0.240,Low,,,,,1.800,-0.662,1.138,2.000,1.900,13.986,savant_only,AAA_hitters_YTD_5_14.csv
Victor Mesa Jr.,TBR,AAA,hitter,OF,24,69,289,0.801,0.767,0.958,0.791,0.488,Medium,,,,,0.000,1.134,1.134,0.000,0.000,0.000,savant_only,AAA_hitters_YTD_5_14.csv
Jackson Lovich,NYY,A,hitter,1B/3B/SS,22,116,452,0.619,0.878,0.899,0.696,0.400,Medium,,767.000,,804944,0.500,0.628,1.128,0.000,0.000,0.000,name_org,A_hitters_YTD_5_14.csv
Jhostynxon Garcia,PIT,AAA,hitter,OF,23,68,260,0.446,0.312,0.182,0.406,0.508,Medium,,103.000,,691373,1.500,-0.384,1.116,0.000,0.000,0.000,name_org,AAA_hitters_YTD_5_14.csv
Nick Schnell,SDP,AAA,hitter,OF,26,106,415,0.696,0.741,0.602,0.709,0.664,High,,,,,0.000,1.112,1.112,0.000,0.000,0.000,savant_only,AAA_hitters_YTD_5_14.csv
Jacob Melton,TBR,AAA,hitter,OF,25,81,342,0.798,0.660,0.514,0.757,0.540,Medium,,,,,0.000,1.109,1.109,0.000,0.000,0.000,savant_only,AAA_hitters_YTD_5_14.csv
Craig Yoho,MIL,AAA,pitcher,RP,26,33,131,0.854,0.233,0.246,0.805,0.246,Low,,566.000,,684974,0.500,0.601,1.101,0.000,0.000,0.000,name_org,AAA_pitchers_YTD_5_14.csv
Andrew Pintar,MIA,AAA,hitter,OF,25,146,579,0.693,0.520,0.343,0.641,0.973,High,,,,,0.000,1.096,1.096,0.000,0.000,0.000,savant_only,AAA_hitters_YTD_5_14.csv
Victor Robles,SEA,AAA,hitter,OF,28,34,149,0.006,0.063,0.110,0.023,0.186,Low,,,,,1.800,-0.709,1.091,2.000,1.300,4.895,savant_only,AAA_hitters_YTD_5_14.csv
Chad Stevens,COL,AAA,hitter,2B/3B,27,150,579,0.557,0.877,0.887,0.653,0.880,High,,,,,0.000,1.077,1.077,0.000,0.000,0.000,savant_only,AAA_hitters_YTD_5_14.csv
Ryan Gallagher,MIN,AAA,pitcher,SP,23,53,231,0.799,0.315,0.344,0.639,0.517,Medium,,587.000,,801594,0.500,0.574,1.074,0.000,0.000,0.000,name_org,AAA_pitchers_YTD_5_14.csv
Eric Cerantola,KCR,AAA,pitcher,RP,26,56,240,0.917,0.265,0.291,0.795,0.451,Medium,,,,,0.000,1.065,1.065,0.000,0.000,0.000,savant_only,AAA_pitchers_YTD_5_14.csv
Nelson Velázquez,STL,AAA,hitter,DH/OF,27,117,483,0.608,0.886,0.358,0.692,0.686,High,,,,,0.000,1.052,1.052,0.000,0.000,0.000,savant_only,AAA_hitters_YTD_5_14.csv
Milan Tolentino,CLE,AAA,hitter,SS,24,148,566,0.723,0.414,0.577,0.630,1.000,High,,,,,0.000,1.042,1.042,0.000,0.000,0.000,savant_only,AAA_hitters_YTD_5_14.csv
Cameron Weston,BAL,AAA,pitcher,SP,25,95,396,0.759,0.333,0.345,0.584,0.792,High,,1066.000,,687721,0.500,0.532,1.032,0.000,0.000,0.000,name_org,AAA_pitchers_YTD_5_14.csv
Owen Murphy,ATL,AAA,pitcher,SP,22,39,165,0.533,0.389,0.413,0.348,0.389,Medium,,135.000,,702566,1.500,-0.474,1.026,0.000,0.000,0.000,name_org,AAA_pitchers_YTD_5_14.csv
Jeter Martinez,PIT,A,pitcher,SP,20,85,347,0.786,0.295,0.317,0.662,0.405,Medium,,906.000,,807002,0.500,0.525,1.025,0.000,0.000,0.000,name_org,A_pitchers_YTD_5_14.csv
Jarred Kelenic,CHW,AAA,hitter,OF,26,102,403,0.681,0.741,0.553,0.699,0.639,High,,,,,0.000,1.017,1.017,0.000,0.000,0.000,savant_only,AAA_hitters_YTD_5_14.csv
Danny Watson,NYY,AAA,pitcher,SP,25,75,326,0.794,0.279,0.325,0.693,0.652,High,,,,,0.000,1.005,1.005,0.000,0.000,0.000,savant_only,AAA_pitchers_YTD_5_14.csv
Johnathan Rodríguez,BAL,AAA,hitter,OF,26,87,373,0.780,0.610,0.706,0.729,0.545,Medium,,,,,0.000,0.999,0.999,0.000,0.000,0.000,savant_only,AAA_hitters_YTD_5_14.csv
James Ellwanger,MIN,A,pitcher,SP,21,44,174,0.906,0.241,0.142,0.826,0.191,Low,,811.000,,806067,0.500,0.499,0.999,0.000,0.000,0.000,name_org,A_pitchers_YTD_5_14.csv
Angel Bastardo,BOS,AAA,pitcher,RP,23,47,186,0.952,0.277,0.303,0.799,0.417,Medium,,,,,0.000,0.996,0.996,0.000,0.000,0.000,savant_only,AAA_pitchers_YTD_5_14.csv
Noah Miller,LAD,AAA,hitter,SS,23,170,639,0.645,0.574,0.437,0.623,1.000,High,,,,,0.000,0.987,0.987,0.000,0.000,0.000,savant_only,AAA_hitters_YTD_5_14.csv
Angel Chivilli,NYY,AAA,pitcher,RP,23,29,116,0.977,0.178,0.124,0.973,0.260,Medium,,,,,0.000,0.982,0.982,0.000,0.000,0.000,savant_only,AAA_pitchers_YTD_5_14.csv
Beck Way,KCR,AAA,pitcher,RP,26,103,398,0.693,0.256,0.301,0.664,0.748,High,,,,,0.000,0.981,0.981,0.000,0.000,0.000,savant_only,AAA_pitchers_YTD_5_14.csv
Mitch Farris,LAA,AAA,pitcher,SP,25,47,183,0.852,0.321,0.335,0.663,0.366,Medium,,945.000,,815083,0.500,0.478,0.978,0.000,0.000,0.000,name_org,AAA_pitchers_YTD_5_14.csv
Andrew Walters,CLE,AAA,pitcher,RP,25,28,134,0.857,0.286,0.374,0.722,0.268,Medium,,705.000,,689958,0.500,0.477,0.977,0.000,0.000,0.000,name_org,AAA_pitchers_YTD_5_14.csv
Riley Quick,MIN,A,pitcher,SP,22,28,117,0.987,0.116,0.108,0.992,0.121,Low,,342.000,,804981,0.500,0.476,0.976,0.000,0.000,0.000,name_org,A_pitchers_YTD_5_14.csv
Rolddy Muñoz,ATL,AAA,pitcher,RP,26,62,234,0.877,0.260,0.199,0.777,0.440,Medium,,,,,0.000,0.974,0.974,0.000,0.000,0.000,savant_only,AAA_pitchers_YTD_5_14.csv
Pat Gallagher,TOR,AAA,pitcher,RP,25,32,123,0.776,0.248,0.195,0.731,0.246,Low,,813.000,,693483,0.500,0.454,0.954,0.000,0.000,0.000,name_org,AAA_pitchers_YTD_5_14.csv
Eddy Yean,WSN,AAA,pitcher,RP,24,76,275,0.839,0.291,0.236,0.703,0.583,High,,,,,0.000,0.947,0.947,0.000,0.000,0.000,savant_only,AAA_pitchers_YTD_5_14.csv
Kyler Fedko,MIN,AAA,hitter,OF,26,121,448,0.521,0.696,0.706,0.573,0.758,High,,594.000,,693459,0.500,0.446,0.946,0.000,0.000,0.000,name_org,AAA_hitters_YTD_5_14.csv
Brandyn Garcia,ARI,AAA,pitcher,RP,25,54,221,0.666,0.269,0.378,0.625,0.442,Medium,,787.000,,805299,0.500,0.443,0.943,0.000,0.000,0.000,name_org,AAA_pitchers_YTD_5_14.csv
Sean Youngerman,PHI,A,pitcher,SP,21,63,263,0.818,0.290,0.342,0.691,0.289,Medium,,931.000,,823781,0.500,0.441,0.941,0.000,0.000,0.000,name_org,A_pitchers_YTD_5_14.csv
Jerming Rosario,LAD,AAA,pitcher,RP,24,88,373,0.809,0.314,0.380,0.647,0.791,High,,,,,0.000,0.929,0.929,0.000,0.000,0.000,savant_only,AAA_pitchers_YTD_5_14.csv
Zach McCambley,MIA,AAA,pitcher,SP,27,91,388,0.766,0.282,0.304,0.670,0.683,High,,,,,0.000,0.928,0.928,0.000,0.000,0.000,savant_only,AAA_pitchers_YTD_5_14.csv
Franco Aleman,CLE,AAA,pitcher,RP,25,44,178,0.859,0.225,0.142,0.821,0.356,Medium,,,,,0.000,0.914,0.914,0.000,0.000,0.000,savant_only,AAA_pitchers_YTD_5_14.csv
Ben Ross,MIN,AAA,hitter,SS,24,64,261,0.729,0.806,0.869,0.752,0.452,Medium,,,,,0.000,0.912,0.912,0.000,0.000,0.000,savant_only,AAA_hitters_YTD_5_14.csv
Jesus Pinto,DET,A,hitter,OF,19,117,490,1.000,0.878,0.842,0.963,0.480,Medium,,,,,0.000,0.890,0.890,0.000,0.000,0.000,savant_only,A_hitters_YTD_5_14.csv
Carlos Duran,LAD,AAA,pitcher,SP,24,79,322,0.882,0.334,0.366,0.662,0.683,High,,,,,0.000,0.887,0.887,0.000,0.000,0.000,savant_only,AAA_pitchers_YTD_5_14.csv
Blaine Bullard,TOR,A,hitter,OF,19,129,522,0.683,0.374,0.586,0.591,0.530,Medium,,492.000,,828557,0.500,0.384,0.884,0.000,0.000,0.000,name_org,A_hitters_YTD_5_14.csv
Bruin Agbayani,MIN,A,hitter,2B/SS,19,29,113,0.906,0.856,0.381,0.891,0.119,Low,,773.000,,828202,0.500,0.373,0.873,0.000,0.000,0.000,name_org,A_hitters_YTD_5_14.csv
Ryan Gusto,MIA,AAA,pitcher,SP,27,129,475,0.709,0.284,0.317,0.629,0.836,High,,,,,0.000,0.864,0.864,0.000,0.000,0.000,savant_only,AAA_pitchers_YTD_5_14.csv
Stharlin Torres,CIN,A,pitcher,SP,19,42,137,0.830,0.247,0.307,0.767,0.169,Low,,414.000,,820941,0.500,0.361,0.861,0.000,0.000,0.000,name_org,A_pitchers_YTD_5_14.csv
Luis Guerrero,TBR,AAA,pitcher,SP,25,80,331,0.791,0.297,0.322,0.662,0.662,High,,,,,0.000,0.860,0.860,0.000,0.000,0.000,savant_only,AAA_pitchers_YTD_5_14.csv
Ryan Mitchell,STL,A,hitter,OF,19,130,583,0.691,0.331,0.558,0.583,0.534,Medium,,301.000,,815829,0.500,0.353,0.853,0.000,0.000,0.000,name_org,A_hitters_YTD_5_14.csv
Justin Foscue,TEX,AAA,hitter,1B/DH,27,140,576,0.551,0.553,0.706,0.552,0.821,High,,937.000,,679822,0.500,0.339,0.839,0.000,0.000,0.000,name_org,AAA_hitters_YTD_5_14.csv
Marco Raya,MIN,AAA,pitcher,RP,23,92,345,0.698,0.328,0.397,0.553,0.773,High,,586.000,,694397,0.500,0.326,0.826,0.000,0.000,0.000,name_org,AAA_pitchers_YTD_5_14.csv
Cody Bowker,PHI,A,pitcher,SP,22,70,286,0.780,0.308,0.336,0.637,0.296,Medium,,886.000,,805790,0.500,0.325,0.825,0.000,0.000,0.000,name_org,A_pitchers_YTD_5_14.csv
Adisyn Coffey,CHW,AAA,pitcher,SP,27,94,355,0.779,0.294,0.355,0.659,0.625,High,,,,,0.000,0.795,0.795,0.000,0.000,0.000,savant_only,AAA_pitchers_YTD_5_14.csv
Griffin Burkholder,PHI,A,hitter,OF,20,66,257,0.770,0.349,0.187,0.644,0.257,Medium,,434.000,,816120,0.500,0.295,0.795,0.000,0.000,0.000,name_org,A_hitters_YTD_5_14.csv
Julian Aguiar,CIN,AAA,pitcher,SP,24,49,220,0.812,0.358,0.430,0.578,0.466,Medium,,948.000,,687924,0.500,0.293,0.793,0.000,0.000,0.000,name_org,AAA_pitchers_YTD_5_14.csv
Yovanny Cruz,NYY,AAA,pitcher,RP,26,67,242,0.842,0.283,0.292,0.717,0.455,Medium,,,,,0.000,0.791,0.791,0.000,0.000,0.000,savant_only,AAA_pitchers_YTD_5_14.csv
Dameury Pena,MIN,A,hitter,2B,20,110,386,0.669,0.388,0.831,0.585,0.428,Medium,,1065.000,,808365,0.500,0.290,0.790,0.000,0.000,0.000,name_org,A_hitters_YTD_5_14.csv
Eduardo Beltre,MIN,A,hitter,OF,19,67,277,0.791,0.259,0.453,0.632,0.275,Medium,,508.000,,815924,0.500,0.290,0.790,0.000,0.000,0.000,name_org,A_hitters_YTD_5_14.csv
Alex Cook,TBR,AAA,pitcher,SP,25,49,200,0.957,0.316,0.324,0.740,0.400,Medium,,,,,0.000,0.768,0.768,0.000,0.000,0.000,savant_only,AAA_pitchers_YTD_5_14.csv
Juan Sanchez,TOR,A,hitter,3B/SS,18,85,308,0.324,0.079,0.108,0.250,0.368,Medium,,252.000,,825646,1.500,-0.734,0.766,0.000,0.000,0.000,name_org,A_hitters_YTD_5_14.csv
Maximo Acosta,MIA,AAA,hitter,2B/3B/SS,23,72,295,0.623,0.414,0.151,0.561,0.538,Medium,,506.000,,691185,0.500,0.261,0.761,0.000,0.000,0.000,name_org,AAA_hitters_YTD_5_14.csv
Steven Pérez,CLE,AAA,pitcher,RP,25,67,316,0.656,0.312,0.367,0.550,0.632,High,,733.000,,682897,0.500,0.255,0.755,0.000,0.000,0.000,name_org,AAA_pitchers_YTD_5_14.csv
Edgleen Perez,PIT,A,hitter,C,19,115,426,0.921,0.838,0.831,0.896,0.472,Medium,,,,,0.000,0.748,0.748,0.000,0.000,0.000,savant_only,A_hitters_YTD_5_14.csv
Blade Tidwell,SFG,AAA,pitcher,SP,24,33,163,0.972,0.304,0.303,0.769,0.346,Medium,,,,,0.000,0.743,0.743,0.000,0.000,0.000,savant_only,AAA_pitchers_YTD_5_14.csv
Niko Kavadas,LAA,AAA,hitter,1B/DH,27,108,486,0.563,0.828,0.994,0.643,0.634,High,,,,,0.000,0.724,0.724,0.000,0.000,0.000,savant_only,AAA_hitters_YTD_5_14.csv
Ryan Lambert,NYM,AAA,pitcher,RP,23,58,266,0.701,0.333,0.378,0.546,0.596,High,,764.000,,822038,0.500,0.221,0.721,0.000,0.000,0.000,name_org,AAA_pitchers_YTD_5_14.csv
Bradley Hanner,NYY,AAA,pitcher,RP,27,83,342,0.628,0.239,0.264,0.649,0.602,High,,,,,0.000,0.715,0.715,0.000,0.000,0.000,savant_only,AAA_pitchers_YTD_5_14.csv
Ivan Johnson,CIN,AAA,hitter,2B/OF,27,94,401,0.542,0.922,0.925,0.656,0.551,High,,,,,0.000,0.688,0.688,0.000,0.000,0.000,savant_only,AAA_hitters_YTD_5_14.csv
David Sandlin,CHW,AAA,pitcher,SP,25,24,100,0.807,0.334,0.241,0.613,0.200,Low,,333.000,,689818,0.500,0.181,0.681,0.000,0.000,0.000,name_org,AAA_pitchers_YTD_5_14.csv
Gavin Lux,TBR,AAA,hitter,2B,28,89,384,0.084,0.200,0.396,0.119,0.487,Medium,,,,,2.160,-1.482,0.678,2.400,1.700,39.860,savant_only,AAA_hitters_YTD_5_14.csv
Dylan Ray,ARI,AAA,pitcher,SP,25,103,349,0.671,0.330,0.382,0.532,0.698,High,,911.000,,691009,0.500,0.176,0.676,0.000,0.000,0.000,name_org,AAA_pitchers_YTD_5_14.csv
Jude Warwick,DET,A,hitter,2B/SS,20,131,499,0.849,0.788,0.687,0.831,0.509,Medium,,,,,0.000,0.673,0.673,0.000,0.000,0.000,savant_only,A_hitters_YTD_5_14.csv
Rorik Maltrud,CLE,AAA,pitcher,SP,26,158,583,0.618,0.272,0.250,0.589,0.940,High,,,,,0.000,0.673,0.673,0.000,0.000,0.000,savant_only,AAA_pitchers_YTD_5_14.csv
Alirio Ferrebus,PHI,A,hitter,C/1B,20,107,316,0.971,0.748,0.928,0.904,0.416,Medium,,,,,0.000,0.673,0.673,0.000,0.000,0.000,savant_only,A_hitters_YTD_5_14.csv
Jonatan Clase,TOR,AAA,hitter,OF,23,60,251,0.771,0.492,0.158,0.688,0.448,Medium,,,,,0.000,0.672,0.672,0.000,0.000,0.000,savant_only,AAA_hitters_YTD_5_14.csv
Junior Perez,ATH,AAA,hitter,OF,24,153,590,0.666,0.181,0.209,0.520,1.000,High,,410.000,,678577,0.500,0.161,0.661,0.000,0.000,0.000,name_org,AAA_hitters_YTD_5_14.csv
Will Dion,CLE,AAA,pitcher,RP,26,85,357,0.688,0.280,0.327,0.622,0.671,High,,,,,0.000,0.658,0.658,0.000,0.000,0.000,savant_only,AAA_pitchers_YTD_5_14.csv
Andrew Pinckney,WSN,AAA,hitter,OF,25,125,529,0.714,0.328,0.390,0.598,0.833,High,,,,,0.000,0.655,0.655,0.000,0.000,0.000,savant_only,AAA_hitters_YTD_5_14.csv
Robert Hassell III,WSN,AAA,hitter,OF,24,125,513,0.630,0.506,0.256,0.592,0.883,High,,,,,0.000,0.653,0.653,0.000,0.000,0.000,savant_only,AAA_hitters_YTD_5_14.csv
Arnaldo Lantigua,CIN,A,hitter,OF,20,51,189,0.748,0.241,0.388,0.596,0.198,Low,,496.000,,806984,0.500,0.152,0.652,0.000,0.000,0.000,name_org,A_hitters_YTD_5_14.csv
Cameron Cauley,TEX,AAA,hitter,2B/SS,23,162,684,0.578,0.380,0.336,0.519,1.000,High,,315.000,,695508,0.500,0.149,0.649,0.000,0.000,0.000,name_org,AAA_hitters_YTD_5_14.csv
Ethan O'Donnell,MIA,AAA,hitter,OF,24,95,399,0.599,0.670,0.199,0.621,0.671,High,,,,,0.000,0.648,0.648,0.000,0.000,0.000,savant_only,AAA_hitters_YTD_5_14.csv
Zach Brzykcy,MIA,AAA,pitcher,RP,26,62,225,0.706,0.244,0.217,0.691,0.423,Medium,,,,,0.000,0.647,0.647,0.000,0.000,0.000,savant_only,AAA_pitchers_YTD_5_14.csv
Jonny Cuevas,TBR,AAA,pitcher,SP,25,77,312,0.784,0.315,0.405,0.629,0.624,High,,,,,0.000,0.643,0.643,0.000,0.000,0.000,savant_only,AAA_pitchers_YTD_5_14.csv
Ty Johnson,TBR,AAA,pitcher,SP,24,30,133,0.910,0.269,0.251,0.784,0.282,Medium,,,,,0.000,0.640,0.640,0.000,0.000,0.000,savant_only,AAA_pitchers_YTD_5_14.csv
Anthony Molina,ATL,AAA,pitcher,SP,24,94,388,0.844,0.360,0.359,0.596,0.823,High,,,,,0.000,0.635,0.635,0.000,0.000,0.000,savant_only,AAA_pitchers_YTD_5_14.csv
Anibal Salas,DET,A,hitter,OF,20,107,446,0.964,0.687,0.676,0.881,0.416,Medium,,,,,0.000,0.634,0.634,0.000,0.000,0.000,savant_only,A_hitters_YTD_5_14.csv
Jonathan Mejía,STL,A,hitter,2B/SS,21,126,526,0.813,0.906,0.662,0.841,0.462,Medium,,,,,0.000,0.630,0.630,0.000,0.000,0.000,savant_only,A_hitters_YTD_5_14.csv
Brian Fitzpatrick,MIL,AAA,pitcher,RP,25,36,150,0.796,0.240,0.225,0.756,0.300,Medium,,,,,0.000,0.615,0.615,0.000,0.000,0.000,savant_only,AAA_pitchers_YTD_5_14.csv
Trevor Martin,TBR,AAA,pitcher,RP,25,72,288,0.726,0.289,0.325,0.633,0.576,High,,,,,0.000,0.611,0.611,0.000,0.000,0.000,savant_only,AAA_pitchers_YTD_5_14.csv
Sheng-En Lin,CIN,A,pitcher,SP,20,45,188,0.547,0.261,0.225,0.561,0.219,Low,,699.000,,806823,0.500,0.107,0.607,0.000,0.000,0.000,name_org,A_pitchers_YTD_5_14.csv
Tatem Levins,TBR,AAA,hitter,C,26,56,221,0.684,0.779,0.485,0.712,0.351,Medium,,,,,0.000,0.596,0.596,0.000,0.000,0.000,savant_only,AAA_hitters_YTD_5_14.csv
Adam Kloffenstein,NYY,AAA,pitcher,SP,25,95,388,0.764,0.328,0.364,0.595,0.776,High,,,,,0.000,0.590,0.590,0.000,0.000,0.000,savant_only,AAA_pitchers_YTD_5_14.csv
Johnny Olmstead,MIA,AAA,hitter,2B/SS,25,80,312,0.593,0.741,0.380,0.638,0.533,Medium,,,,,0.000,0.587,0.587,0.000,0.000,0.000,savant_only,AAA_hitters_YTD_5_14.csv
Dax Fulton,MIA,AAA,pitcher,SP,24,115,492,0.683,0.309,0.398,0.573,1.000,High,,,,,0.000,0.585,0.585,0.000,0.000,0.000,savant_only,AAA_pitchers_YTD_5_14.csv
Brendan Beck,NYY,AAA,pitcher,SP,27,172,649,0.648,0.289,0.299,0.582,0.880,High,,,,,0.000,0.578,0.578,0.000,0.000,0.000,savant_only,AAA_pitchers_YTD_5_14.csv
Enmanuel Tejeda,NYY,A,hitter,2B/3B,21,144,556,0.784,0.723,0.799,0.766,0.528,Medium,,,,,0.000,0.561,0.561,0.000,0.000,0.000,savant_only,A_hitters_YTD_5_14.csv
Mac Heuer,NYY,A,pitcher,SP,21,26,111,0.792,0.365,0.308,0.555,0.122,Low,,818.000,,806121,0.500,0.054,0.554,0.000,0.000,0.000,name_org,A_pitchers_YTD_5_14.csv
Juan Villavicencio,PHI,A,hitter,2B/SS,21,87,360,0.935,0.928,0.629,0.933,0.319,Medium,,,,,0.000,0.553,0.553,0.000,0.000,0.000,savant_only,A_hitters_YTD_5_14.csv
Brad Pacheco,PHI,A,pitcher,SP,20,92,313,0.943,0.224,0.324,0.877,0.365,Medium,,,,,0.000,0.551,0.551,0.000,0.000,0.000,savant_only,A_pitchers_YTD_5_14.csv
Braxton Fulford,COL,AAA,hitter,C,27,92,350,0.569,0.761,0.816,0.627,0.540,Medium,,,,,0.000,0.547,0.547,0.000,0.000,0.000,savant_only,AAA_hitters_YTD_5_14.csv
Jared Serna,MIA,AAA,hitter,2B/SS,23,109,442,0.611,0.264,0.166,0.507,0.814,High,,867.000,,691858,0.500,0.046,0.546,0.000,0.000,0.000,name_org,AAA_hitters_YTD_5_14.csv
Yunior Tur,ATH,AAA,pitcher,SP,26,70,282,0.741,0.298,0.350,0.628,0.530,Medium,,,,,0.000,0.544,0.544,0.000,0.000,0.000,savant_only,AAA_pitchers_YTD_5_14.csv
Will Childers,MIL,AAA,pitcher,RP,25,39,160,0.822,0.279,0.226,0.711,0.320,Medium,,,,,0.000,0.539,0.539,0.000,0.000,0.000,savant_only,AAA_pitchers_YTD_5_14.csv
Gabriel Gonzalez,MIN,AAA,hitter,OF,22,171,626,0.500,0.096,0.130,0.379,1.000,High,,152.000,,694224,1.500,-0.969,0.531,0.000,0.000,0.000,name_org,AAA_hitters_YTD_5_14.csv
Carter Johnson,MIA,A,hitter,2B/SS,20,126,540,0.892,0.489,0.813,0.771,0.490,Medium,,,,,0.000,0.531,0.531,0.000,0.000,0.000,savant_only,A_hitters_YTD_5_14.csv
Thomas Ireland,TEX,AAA,pitcher,RP,23,46,192,0.676,0.255,0.300,0.654,0.430,Medium,,,,,0.000,0.530,0.530,0.000,0.000,0.000,savant_only,AAA_pitchers_YTD_5_14.csv
Brandan Bidois,PIT,AAA,pitcher,RP,24,64,265,0.827,0.340,0.403,0.617,0.562,High,,,,,0.000,0.525,0.525,0.000,0.000,0.000,savant_only,AAA_pitchers_YTD_5_14.csv
Luis Perales,WSN,AAA,pitcher,SP,23,126,503,0.714,0.326,0.283,0.566,1.000,High,,,,,0.000,0.525,0.525,0.000,0.000,0.000,savant_only,AAA_pitchers_YTD_5_14.csv
Robert Moore,PHI,AAA,hitter,2B/SS,24,76,303,0.687,0.470,0.660,0.622,0.537,Medium,,,,,0.000,0.523,0.523,0.000,0.000,0.000,savant_only,AAA_hitters_YTD_5_14.csv
Coleman Crow,MIL,AAA,pitcher,SP,25,125,499,0.613,0.325,0.319,0.502,0.998,High,,475.000,,689441,0.500,0.015,0.515,0.000,0.000,0.000,name_org,AAA_pitchers_YTD_5_14.csv
Trevor Hauver,TEX,AAA,hitter,OF,27,149,667,0.491,0.767,0.468,0.574,0.874,High,,,,,0.000,0.515,0.515,0.000,0.000,0.000,savant_only,AAA_hitters_YTD_5_14.csv
Nicolas Carreno,NYM,A,pitcher,SP,19,81,331,0.969,0.273,0.288,0.816,0.408,Medium,,,,,0.000,0.515,0.515,0.000,0.000,0.000,savant_only,A_pitchers_YTD_5_14.csv
Liover Peguero,PHI,AAA,hitter,2B/SS,25,137,594,0.690,0.286,0.428,0.569,0.913,High,,,,,0.000,0.502,0.502,0.000,0.000,0.000,savant_only,AAA_hitters_YTD_5_14.csv
Jayson Bass,MIN,A,hitter,OF,20,94,358,0.928,0.633,0.507,0.840,0.365,Medium,,,,,0.000,0.496,0.496,0.000,0.000,0.000,savant_only,A_hitters_YTD_5_14.csv
Roddery Muñoz,HOU,AAA,pitcher,RP,26,57,221,0.769,0.296,0.328,0.649,0.415,Medium,,,,,0.000,0.496,0.496,0.000,0.000,0.000,savant_only,AAA_pitchers_YTD_5_14.csv
Zach Franklin,CHW,AAA,pitcher,RP,27,70,253,0.721,0.283,0.390,0.639,0.445,Medium,,,,,0.000,0.495,0.495,0.000,0.000,0.000,savant_only,AAA_pitchers_YTD_5_14.csv
Andrew Magno,BAL,AAA,pitcher,SP,28,60,251,0.686,0.262,0.209,0.649,0.412,Medium,,,,,0.000,0.492,0.492,0.000,0.000,0.000,savant_only,AAA_pitchers_YTD_5_14.csv
Wyatt Olds,BOS,AAA,pitcher,RP,26,79,329,0.661,0.284,0.288,0.598,0.619,High,,,,,0.000,0.486,0.486,0.000,0.000,0.000,savant_only,AAA_pitchers_YTD_5_14.csv
Julio Mendez,MIA,A,pitcher,SP,21,95,366,0.899,0.254,0.279,0.801,0.403,Medium,,,,,0.000,0.485,0.485,0.000,0.000,0.000,savant_only,A_pitchers_YTD_5_14.csv
Travis Adams,MIN,AAA,pitcher,RP,26,29,115,0.754,0.208,0.322,0.779,0.216,Low,,,,,0.000,0.483,0.483,0.000,0.000,0.000,savant_only,AAA_pitchers_YTD_5_14.csv
Tyler Gentry,DET,AAA,hitter,OF,27,94,345,0.527,0.801,0.840,0.609,0.551,High,,,,,0.000,0.482,0.482,0.000,0.000,0.000,savant_only,AAA_hitters_YTD_5_14.csv
Joe La Sorsa,PIT,AAA,pitcher,SP,28,71,255,0.626,0.241,0.288,0.644,0.418,Medium,,,,,0.000,0.481,0.481,0.000,0.000,0.000,savant_only,AAA_pitchers_YTD_5_14.csv
Lyon Richardson,CIN,AAA,pitcher,RP,26,92,372,0.611,0.272,0.228,0.585,0.699,High,,,,,0.000,0.473,0.473,0.000,0.000,0.000,savant_only,AAA_pitchers_YTD_5_14.csv
Jacob Odle,STL,A,pitcher,SP,22,106,450,0.855,0.266,0.309,0.753,0.465,Medium,,,,,0.000,0.471,0.471,0.000,0.000,0.000,savant_only,A_pitchers_YTD_5_14.csv
Alex Hoppe,SEA,AAA,pitcher,RP,27,30,125,0.786,0.229,0.191,0.767,0.220,Low,,,,,0.000,0.470,0.470,0.000,0.000,0.000,savant_only,AAA_pitchers_YTD_5_14.csv
Ben Jacobs,DET,A,pitcher,SP,21,63,274,0.937,0.214,0.182,0.889,0.301,Medium,,,,,0.000,0.469,0.469,0.000,0.000,0.000,savant_only,A_pitchers_YTD_5_14.csv
TJ Shook,COL,AAA,pitcher,RP,27,84,315,0.543,0.231,0.334,0.606,0.554,High,,,,,0.000,0.469,0.469,0.000,0.000,0.000,savant_only,AAA_pitchers_YTD_5_14.csv
Nolan Perry,TOR,A,pitcher,SP,22,78,324,0.868,0.211,0.214,0.849,0.335,Medium,,,,,0.000,0.468,0.468,0.000,0.000,0.000,savant_only,A_pitchers_YTD_5_14.csv
Jack Hurley,ARI,AAA,hitter,OF,24,87,304,0.620,0.532,0.717,0.594,0.615,High,,,,,0.000,0.461,0.461,0.000,0.000,0.000,savant_only,AAA_hitters_YTD_5_14.csv
Aaron Sabato,MIN,AAA,hitter,1B,26,91,328,0.590,0.619,0.849,0.599,0.570,High,,,,,0.000,0.451,0.451,0.000,0.000,0.000,savant_only,AAA_hitters_YTD_5_14.csv
Victor Arias,TOR,A,hitter,OF,22,23,103,0.396,0.414,0.151,0.401,0.079,Low,,578.000,,692478,0.500,-0.063,0.437,0.000,0.000,0.000,name_org,A_hitters_YTD_5_14.csv
Thomas Harrington,PIT,AAA,pitcher,SP,24,146,587,0.595,0.324,0.334,0.492,1.000,High,,358.000,,802419,0.500,-0.064,0.436,0.000,0.000,0.000,name_org,AAA_pitchers_YTD_5_14.csv
Zach MacDonald,DET,A,hitter,OF,22,139,578,0.626,0.964,0.892,0.727,0.479,Medium,,,,,0.000,0.436,0.436,0.000,0.000,0.000,savant_only,A_hitters_YTD_5_14.csv
Victor Labrada,SEA,AAA,hitter,OF,26,122,489,0.419,0.652,0.654,0.489,0.765,High,,686.000,,700032,0.500,-0.069,0.431,0.000,0.000,0.000,name_org,AAA_hitters_YTD_5_14.csv
William Bergolla Jr.,CHW,AAA,hitter,2B/SS,21,40,141,0.654,0.682,0.976,0.662,0.331,Medium,,,,,0.000,0.429,0.429,0.000,0.000,0.000,savant_only,AAA_hitters_YTD_5_14.csv
A.J. Vukovich,ARI,AAA,hitter,3B/OF,24,53,183,0.512,0.392,0.664,0.476,0.375,Medium,,660.000,,691021,0.500,-0.072,0.428,0.000,0.000,0.000,name_org,AAA_hitters_YTD_5_14.csv
Elier Morillo,MIA,A,pitcher,RP,20,62,254,0.918,0.224,0.302,0.861,0.296,Medium,,,,,0.000,0.428,0.428,0.000,0.000,0.000,savant_only,A_pitchers_YTD_5_14.csv
Echedry Vargas,MIA,A,hitter,SS,21,50,165,0.540,0.230,0.540,0.447,0.183,Low,,1043.000,,800448,0.500,-0.078,0.422,0.000,0.000,0.000,name_org,A_hitters_YTD_5_14.csv
Adrian Pinto,TOR,A,hitter,2B,23,29,118,0.165,0.906,0.540,0.388,0.094,Low,,804.000,,691437,0.500,-0.084,0.416,0.000,0.000,0.000,name_org,A_hitters_YTD_5_14.csv
Christian Cerda,ARI,AAA,hitter,C,23,44,164,0.473,0.455,0.706,0.467,0.329,Medium,,940.000,,692416,0.500,-0.085,0.415,0.000,0.000,0.000,name_org,AAA_hitters_YTD_5_14.csv
Tanner Murray,CHW,AAA,hitter,OF,26,29,114,0.702,0.976,0.988,0.784,0.182,Low,,,,,0.000,0.413,0.413,0.000,0.000,0.000,savant_only,AAA_hitters_YTD_5_14.csv
Zebby Matthews,MIN,AAA,pitcher,SP,25,150,583,0.724,0.339,0.404,0.551,1.000,High,,,,,0.000,0.412,0.412,0.000,0.000,0.000,savant_only,AAA_pitchers_YTD_5_14.csv
Max Schuemann,NYY,AAA,hitter,SS,28,91,356,0.464,0.928,0.280,0.603,0.497,Medium,,,,,0.000,0.410,0.410,0.000,0.000,0.000,savant_only,AAA_hitters_YTD_5_14.csv
JP Smith II,MIN,A,hitter,1B,21,88,357,0.835,0.773,0.586,0.816,0.323,Medium,,,,,0.000,0.408,0.408,0.000,0.000,0.000,savant_only,A_hitters_YTD_5_14.csv
Carson Rucker,DET,A,hitter,3B,21,126,534,0.741,0.673,0.781,0.721,0.462,Medium,,,,,0.000,0.407,0.407,0.000,0.000,0.000,savant_only,A_hitters_YTD_5_14.csv
Orlando Ribalta,WSN,AAA,pitcher,RP,28,30,129,0.641,0.187,0.227,0.739,0.212,Low,,,,,0.000,0.405,0.405,0.000,0.000,0.000,savant_only,AAA_pitchers_YTD_5_14.csv
Otto Kemp,PHI,AAA,hitter,3B/OF,26,82,307,0.536,0.732,0.468,0.595,0.514,Medium,,,,,0.000,0.390,0.390,0.000,0.000,0.000,savant_only,AAA_hitters_YTD_5_14.csv
Anthony Seigler,BOS,AAA,hitter,3B,26,70,270,0.530,0.795,0.727,0.610,0.439,Medium,,,,,0.000,0.385,0.385,0.000,0.000,0.000,savant_only,AAA_hitters_YTD_5_14.csv
Dylan Ross,NYM,AAA,pitcher,RP,25,22,100,0.887,0.287,0.274,0.740,0.200,Low,,,,,0.000,0.385,0.385,0.000,0.000,0.000,savant_only,AAA_pitchers_YTD_5_14.csv
Shay Whitcomb,HOU,AAA,hitter,2B/3B,27,53,197,0.286,0.828,0.645,0.449,0.311,Medium,,787.000,,694376,0.500,-0.127,0.373,0.000,0.000,0.000,name_org,AAA_hitters_YTD_5_14.csv
Jackson Wolf,SDP,AAA,pitcher,SP,27,122,484,0.598,0.286,0.333,0.554,0.852,High,,,,,0.000,0.369,0.369,0.000,0.000,0.000,savant_only,AAA_pitchers_YTD_5_14.csv
Luinder Avila,KCR,AAA,pitcher,SP,24,47,182,0.751,0.308,0.362,0.619,0.386,Medium,,,,,0.000,0.367,0.367,0.000,0.000,0.000,savant_only,AAA_pitchers_YTD_5_14.csv
Erik Tolman,WSN,AAA,pitcher,RP,26,59,247,0.658,0.284,0.388,0.597,0.464,Medium,,,,,0.000,0.359,0.359,0.000,0.000,0.000,savant_only,AAA_pitchers_YTD_5_14.csv
Maick Collado,CLE,AAA,hitter,1B/3B,23,36,139,0.741,0.492,0.887,0.666,0.269,Medium,,,,,0.000,0.358,0.358,0.000,0.000,0.000,savant_only,AAA_hitters_YTD_5_14.csv
Drew Waters,KCR,AAA,hitter,OF,27,112,444,0.533,0.645,0.752,0.567,0.657,High,,,,,0.000,0.350,0.350,0.000,0.000,0.000,savant_only,AAA_hitters_YTD_5_14.csv
Carlos Rodriguez,MIL,AAA,pitcher,SP,24,97,381,0.631,0.349,0.402,0.475,0.808,High,,680.000,,692230,0.500,-0.161,0.339,0.000,0.000,0.000,name_org,AAA_pitchers_YTD_5_14.csv
Nick Cimillo,PIT,AAA,hitter,1B,26,89,365,0.455,0.483,0.321,0.463,0.558,High,,1010.000,,701177,0.500,-0.163,0.337,0.000,0.000,0.000,name_org,AAA_hitters_YTD_5_14.csv
Dylan Smith,SFG,AAA,pitcher,RP,25,55,229,0.638,0.279,0.259,0.591,0.458,Medium,,,,,0.000,0.335,0.335,0.000,0.000,0.000,savant_only,AAA_pitchers_YTD_5_14.csv
Ryan Sprock,MIN,A,hitter,C/3B,21,82,348,0.755,0.827,0.748,0.777,0.301,Medium,,,,,0.000,0.333,0.333,0.000,0.000,0.000,savant_only,A_hitters_YTD_5_14.csv
Rodolfo Durán,SDP,AAA,hitter,C,28,99,382,0.515,0.720,0.502,0.577,0.541,Medium,,,,,0.000,0.331,0.331,0.000,0.000,0.000,savant_only,AAA_hitters_YTD_5_14.csv
Jaeden Calderon,PHI,A,hitter,1B/OF,20,78,303,0.899,0.471,0.263,0.771,0.303,Medium,,,,,0.000,0.328,0.328,0.000,0.000,0.000,savant_only,A_hitters_YTD_5_14.csv
Jared Southard,LAA,AAA,pitcher,SP,25,112,428,0.603,0.292,0.401,0.548,0.856,High,,,,,0.000,0.328,0.328,0.000,0.000,0.000,savant_only,AAA_pitchers_YTD_5_14.csv
Jonathan Ornelas,NYY,AAA,hitter,3B/SS,25,88,346,0.660,0.357,0.813,0.569,0.587,High,,,,,0.000,0.323,0.323,0.000,0.000,0.000,savant_only,AAA_hitters_YTD_5_14.csv
Collin Price,HOU,AAA,hitter,C/1B,26,129,563,0.452,0.779,0.524,0.550,0.808,High,,,,,0.000,0.322,0.322,0.000,0.000,0.000,savant_only,AAA_hitters_YTD_5_14.csv
Jack Goodman,DET,A,hitter,2B/SS,22,113,487,0.655,0.817,0.209,0.703,0.389,Medium,,,,,0.000,0.317,0.317,0.000,0.000,0.000,savant_only,A_hitters_YTD_5_14.csv
Luis Mey,CIN,AAA,pitcher,RP,24,48,207,0.734,0.319,0.359,0.590,0.439,Medium,,,,,0.000,0.315,0.315,0.000,0.000,0.000,savant_only,AAA_pitchers_YTD_5_14.csv
Logan VanWey,HOU,AAA,pitcher,RP,27,68,265,0.578,0.259,0.347,0.584,0.466,Medium,,,,,0.000,0.314,0.314,0.000,0.000,0.000,savant_only,AAA_pitchers_YTD_5_14.csv
Enrique Bradfield Jr.,BAL,AAA,hitter,OF,24,52,214,0.672,0.452,0.390,0.606,0.367,Medium,,,,,0.000,0.311,0.311,0.000,0.000,0.000,savant_only,AAA_hitters_YTD_5_14.csv
Nolan Beltran,PHI,A,hitter,SS,21,78,311,0.719,0.878,0.863,0.767,0.286,Medium,,,,,0.000,0.305,0.305,0.000,0.000,0.000,savant_only,A_hitters_YTD_5_14.csv
Chad Dallas,TOR,AAA,pitcher,SP,25,105,428,0.621,0.302,0.264,0.543,0.856,High,,,,,0.000,0.297,0.297,0.000,0.000,0.000,savant_only,AAA_pitchers_YTD_5_14.csv
Richard Ramirez,PIT,A,hitter,C,20,56,196,0.827,0.856,0.881,0.836,0.218,Low,,,,,0.000,0.293,0.293,0.000,0.000,0.000,savant_only,A_hitters_YTD_5_14.csv
Jose Chirinos,NYM,A,pitcher,SP,21,72,258,0.836,0.257,0.277,0.755,0.284,Medium,,,,,0.000,0.290,0.290,0.000,0.000,0.000,savant_only,A_pitchers_YTD_5_14.csv
Esmil Valencia,MIA,A,hitter,OF,20,22,108,0.237,0.079,0.288,0.190,0.086,Low,,991.000,,806982,0.500,-0.212,0.288,0.000,0.000,0.000,name_org,A_hitters_YTD_5_14.csv
Joe Rock,TBR,AAA,pitcher,RP,25,59,245,0.704,0.317,0.371,0.573,0.490,Medium,,,,,0.000,0.288,0.288,0.000,0.000,0.000,savant_only,AAA_pitchers_YTD_5_14.csv
Engelth Urena,NYY,A,hitter,C,21,126,518,0.475,0.367,0.453,0.442,0.462,Medium,,1050.000,,800246,0.500,-0.213,0.287,0.000,0.000,0.000,name_org,A_hitters_YTD_5_14.csv
Austin Peterson,CLE,AAA,pitcher,SP,26,44,180,0.432,0.302,0.281,0.421,0.338,Medium,,1034.000,,804926,0.500,-0.214,0.286,0.000,0.000,0.000,name_org,AAA_pitchers_YTD_5_14.csv
Drew Davies,CIN,A,hitter,1B/OF,20,45,178,0.885,0.957,0.881,0.906,0.175,Low,,,,,0.000,0.284,0.284,0.000,0.000,0.000,savant_only,A_hitters_YTD_5_14.csv
Cade Gibson,MIA,AAA,pitcher,RP,28,83,320,0.548,0.258,0.282,0.566,0.525,Medium,,,,,0.000,0.277,0.277,0.000,0.000,0.000,savant_only,AAA_pitchers_YTD_5_14.csv
Trevor McDonald,SFG,AAA,pitcher,SP,25,65,261,0.294,0.335,0.291,0.279,0.522,Medium,,,,,1.197,-0.925,0.272,1.330,1.100,4.196,savant_only,AAA_pitchers_YTD_5_14.csv
Taylor Trammell,HOU,AAA,hitter,OF,28,42,193,0.497,1.000,0.953,0.648,0.230,Low,,,,,0.000,0.272,0.272,0.000,0.000,0.000,savant_only,AAA_hitters_YTD_5_14.csv
Charlie Christensen,DET,A,pitcher,SP,22,54,233,0.843,0.247,0.240,0.775,0.241,Low,,,,,0.000,0.265,0.265,0.000,0.000,0.000,savant_only,A_pitchers_YTD_5_14.csv
Kolten Smith,MIN,A,pitcher,SP,22,48,190,0.893,0.234,0.287,0.829,0.196,Low,,,,,0.000,0.258,0.258,0.000,0.000,0.000,savant_only,A_pitchers_YTD_5_14.csv
Wilkin Ramos,SFG,AAA,pitcher,RP,25,87,332,0.608,0.294,0.302,0.548,0.664,High,,,,,0.000,0.255,0.255,0.000,0.000,0.000,savant_only,AAA_pitchers_YTD_5_14.csv
Dylan Watts,TOR,A,pitcher,SP,21,88,352,0.849,0.320,0.345,0.663,0.387,Medium,,,,,0.000,0.253,0.253,0.000,0.000,0.000,savant_only,A_pitchers_YTD_5_14.csv
Nathan Hickey,BOS,AAA,hitter,C/1B,26,47,201,0.663,0.477,0.166,0.607,0.295,Medium,,,,,0.000,0.252,0.252,0.000,0.000,0.000,savant_only,AAA_hitters_YTD_5_14.csv
Cade Crossland,STL,A,pitcher,SP,22,116,488,0.767,0.312,0.318,0.623,0.505,Medium,,,,,0.000,0.248,0.248,0.000,0.000,0.000,savant_only,A_pitchers_YTD_5_14.csv
Juan De La Cruz,MIA,A,pitcher,RP,21,36,153,0.925,0.223,0.312,0.867,0.168,Low,,,,,0.000,0.247,0.247,0.000,0.000,0.000,savant_only,A_pitchers_YTD_5_14.csv
Nelfy Ynfante,STL,A,pitcher,RP,21,35,131,0.887,0.153,0.118,0.926,0.144,Low,,,,,0.000,0.246,0.246,0.000,0.000,0.000,savant_only,A_pitchers_YTD_5_14.csv
Jonathan Cannon,CHW,AAA,pitcher,SP,25,106,422,0.651,0.319,0.461,0.536,0.844,High,,,,,0.000,0.243,0.243,0.000,0.000,0.000,savant_only,AAA_pitchers_YTD_5_14.csv
Termarr Johnson,PIT,AAA,hitter,2B,21,126,525,0.437,0.122,0.048,0.342,1.000,High,,154.000,,702261,1.500,-1.261,0.239,0.000,0.000,0.000,name_org,AAA_hitters_YTD_5_14.csv
Tyler Uberstine,BOS,AAA,pitcher,SP,26,42,174,0.402,0.304,0.265,0.398,0.327,Medium,,622.000,,700413,0.500,-0.267,0.233,0.000,0.000,0.000,name_org,AAA_pitchers_YTD_5_14.csv
Chayce McDermott,LAD,AAA,pitcher,SP,27,68,281,0.696,0.323,0.320,0.559,0.495,Medium,,,,,0.000,0.233,0.233,0.000,0.000,0.000,savant_only,AAA_pitchers_YTD_5_14.csv
Tink Hence,STL,AAA,pitcher,RP,23,45,173,0.116,0.380,0.418,0.091,0.388,Medium,,196.000,,693311,1.500,-1.268,0.232,0.000,0.000,0.000,name_org,AAA_pitchers_YTD_5_14.csv
Ramiro Dominguez,MIN,A,hitter,2B,19,57,210,0.842,0.522,0.748,0.746,0.234,Low,,,,,0.000,0.230,0.230,0.000,0.000,0.000,savant_only,A_hitters_YTD_5_14.csv
Ryan Weingartner,STL,A,hitter,2B/SS,21,130,534,0.561,0.755,0.475,0.619,0.477,Medium,,,,,0.000,0.228,0.228,0.000,0.000,0.000,savant_only,A_hitters_YTD_5_14.csv
Julio Henriquez,MIA,A,hitter,1B,21,57,200,0.799,0.655,0.734,0.755,0.209,Low,,,,,0.000,0.214,0.214,0.000,0.000,0.000,savant_only,A_hitters_YTD_5_14.csv
Nick Frasso,LAD,AAA,pitcher,RP,27,33,151,0.678,0.290,0.375,0.600,0.266,Medium,,,,,0.000,0.213,0.213,0.000,0.000,0.000,savant_only,AAA_pitchers_YTD_5_14.csv
Paul Gervase,LAD,AAA,pitcher,RP,25,58,227,0.646,0.303,0.338,0.558,0.454,Medium,,,,,0.000,0.211,0.211,0.000,0.000,0.000,savant_only,AAA_pitchers_YTD_5_14.csv
Aldo Gaxiola,TOR,A,hitter,1B/3B,19,106,382,0.806,0.191,0.410,0.621,0.435,Medium,,,,,0.000,0.211,0.211,0.000,0.000,0.000,savant_only,A_hitters_YTD_5_14.csv
Devereaux Harrison,TOR,AAA,pitcher,SP,25,81,329,0.691,0.333,0.319,0.540,0.658,High,,,,,0.000,0.210,0.210,0.000,0.000,0.000,savant_only,AAA_pitchers_YTD_5_14.csv
Jake Eder,LAD,AAA,pitcher,SP,27,32,118,0.606,0.244,0.338,0.626,0.208,Low,,,,,0.000,0.209,0.209,0.000,0.000,0.000,savant_only,AAA_pitchers_YTD_5_14.csv
Allen Facundo,NYY,A,pitcher,SP,23,58,236,0.723,0.228,0.210,0.728,0.228,Low,,,,,0.000,0.208,0.208,0.000,0.000,0.000,savant_only,A_pitchers_YTD_5_14.csv
Irvin Nunez,MIN,A,hitter,C/1B,20,49,205,0.856,0.576,0.169,0.772,0.190,Low,,,,,0.000,0.207,0.207,0.000,0.000,0.000,savant_only,A_hitters_YTD_5_14.csv
Nick Sogard,BOS,AAA,hitter,2B,28,159,682,0.398,0.839,0.735,0.530,0.820,High,,,,,0.000,0.197,0.197,0.000,0.000,0.000,savant_only,AAA_hitters_YTD_5_14.csv
Mason Neville,CIN,A,hitter,OF,22,44,186,0.245,0.241,0.367,0.244,0.152,Low,,387.000,,702563,0.500,-0.311,0.189,0.000,0.000,0.000,name_org,A_hitters_YTD_5_14.csv
Anderdson Rojas,ARI,AAA,hitter,OF,22,121,492,0.657,0.217,0.310,0.525,0.952,High,,,,,0.000,0.188,0.188,0.000,0.000,0.000,savant_only,AAA_hitters_YTD_5_14.csv
Nolan Jones,CLE,AAA,hitter,OF,28,156,651,0.479,0.645,0.605,0.529,0.820,High,,,,,0.000,0.188,0.188,0.000,0.000,0.000,savant_only,AAA_hitters_YTD_5_14.csv
Eric Snow,TOR,A,hitter,2B/3B/SS,22,102,396,0.647,0.601,0.360,0.633,0.352,Medium,,,,,0.000,0.188,0.188,0.000,0.000,0.000,savant_only,A_hitters_YTD_5_14.csv
Ovis Portes,CIN,A,pitcher,SP,21,35,148,0.975,0.293,0.236,0.788,0.163,Low,,,,,0.000,0.188,0.188,0.000,0.000,0.000,savant_only,A_pitchers_YTD_5_14.csv
Yordalin Peña,STL,A,hitter,OF,21,100,415,0.633,0.615,0.306,0.628,0.367,Medium,,,,,0.000,0.187,0.187,0.000,0.000,0.000,savant_only,A_hitters_YTD_5_14.csv
Drew Rom,MIL,AAA,pitcher,RP,26,82,357,0.573,0.288,0.288,0.535,0.671,High,,,,,0.000,0.186,0.186,0.000,0.000,0.000,savant_only,AAA_pitchers_YTD_5_14.csv
Matthew Ferrara,PHI,A,hitter,2B/SS,18,107,394,0.763,0.219,0.374,0.600,0.463,Medium,,,,,0.000,0.185,0.185,0.000,0.000,0.000,savant_only,A_hitters_YTD_5_14.csv
Ryan Ritter,COL,AAA,hitter,2B/SS,25,36,146,0.443,0.946,0.991,0.594,0.240,Low,,,,,0.000,0.180,0.180,0.000,0.000,0.000,savant_only,AAA_hitters_YTD_5_14.csv
Robert Phelps,PHI,A,hitter,2B/3B/SS,22,87,339,0.576,0.817,0.727,0.648,0.300,Medium,,,,,0.000,0.177,0.177,0.000,0.000,0.000,savant_only,A_hitters_YTD_5_14.csv
Ethan Young,STL,A,pitcher,SP,22,116,438,0.698,0.300,0.377,0.597,0.453,Medium,,,,,0.000,0.176,0.176,0.000,0.000,0.000,savant_only,A_pitchers_YTD_5_14.csv
Jack Ralston,MIA,AAA,pitcher,RP,28,86,353,0.480,0.248,0.209,0.538,0.579,High,,,,,0.000,0.175,0.175,0.000,0.000,0.000,savant_only,AAA_pitchers_YTD_5_14.csv
Manuel Genao,MIA,A,pitcher,SP,20,100,361,0.805,0.341,0.367,0.601,0.421,Medium,,,,,0.000,0.170,0.170,0.000,0.000,0.000,savant_only,A_pitchers_YTD_5_14.csv
Dariel Ramon,TOR,A,hitter,2B/OF,20,104,372,0.698,0.388,0.540,0.605,0.404,Medium,,,,,0.000,0.170,0.170,0.000,0.000,0.000,savant_only,A_hitters_YTD_5_14.csv
Jack Eshleman,TOR,A,pitcher,RP,22,64,270,0.610,0.230,0.313,0.651,0.279,Medium,,,,,0.000,0.169,0.169,0.000,0.000,0.000,savant_only,A_pitchers_YTD_5_14.csv
Dameivi Tineo,MIA,A,pitcher,SP,22,49,213,0.811,0.288,0.279,0.690,0.220,Low,,,,,0.000,0.167,0.167,0.000,0.000,0.000,savant_only,A_pitchers_YTD_5_14.csv
Edian Espinal,DET,A,hitter,C,21,76,264,0.712,0.489,0.558,0.645,0.279,Medium,,,,,0.000,0.162,0.162,0.000,0.000,0.000,savant_only,A_hitters_YTD_5_14.csv
Edgar Colon,CIN,A,pitcher,SP,20,33,131,0.962,0.304,0.361,0.762,0.153,Low,,,,,0.000,0.160,0.160,0.000,0.000,0.000,savant_only,A_pitchers_YTD_5_14.csv
Evan Fitterer,SDP,AAA,pitcher,SP,25,120,484,0.593,0.305,0.318,0.521,0.968,High,,,,,0.000,0.160,0.160,0.000,0.000,0.000,savant_only,AAA_pitchers_YTD_5_14.csv
Deivi Villafana,CIN,A,pitcher,RP,22,35,117,0.736,0.153,0.149,0.828,0.121,Low,,,,,0.000,0.159,0.159,0.000,0.000,0.000,savant_only,A_pitchers_YTD_5_14.csv
Jose M. Rodriguez,NYY,A,pitcher,RP,22,73,322,0.717,0.294,0.286,0.619,0.333,Medium,,,,,0.000,0.158,0.158,0.000,0.000,0.000,savant_only,A_pitchers_YTD_5_14.csv
Houston Roth,SEA,AAA,pitcher,RP,28,65,266,0.503,0.253,0.213,0.545,0.436,Medium,,,,,0.000,0.156,0.156,0.000,0.000,0.000,savant_only,AAA_pitchers_YTD_5_14.csv
Patrick Galle,STL,A,pitcher,RP,22,23,103,0.912,0.221,0.185,0.862,0.107,Low,,,,,0.000,0.154,0.154,0.000,0.000,0.000,savant_only,A_pitchers_YTD_5_14.csv
Byron Chourio,MIN,A,hitter,OF,20,72,293,0.612,0.698,0.453,0.637,0.280,Medium,,,,,0.000,0.154,0.154,0.000,0.000,0.000,savant_only,A_hitters_YTD_5_14.csv
Richie Cortese,PHI,A,pitcher,RP,23,41,175,0.748,0.239,0.221,0.727,0.169,Low,,,,,0.000,0.154,0.154,0.000,0.000,0.000,savant_only,A_pitchers_YTD_5_14.csv
Hans Montero,NYY,A,hitter,3B/SS,22,118,458,0.568,0.655,0.856,0.594,0.407,Medium,,,,,0.000,0.153,0.153,0.000,0.000,0.000,savant_only,A_hitters_YTD_5_14.csv
Mason Thompson,TEX,AAA,pitcher,SP,28,70,281,0.588,0.290,0.334,0.541,0.461,Medium,,,,,0.000,0.152,0.152,0.000,0.000,0.000,savant_only,AAA_pitchers_YTD_5_14.csv
Tyler Boudreau,FA,A,pitcher,SP,23,98,383,0.648,0.277,0.290,0.601,0.371,Medium,,,,,0.000,0.150,0.150,0.000,0.000,0.000,savant_only,A_pitchers_YTD_5_14.csv
Alika Williams,PIT,AAA,hitter,SS,27,130,478,0.410,0.791,0.768,0.524,0.763,High,,,,,0.000,0.146,0.146,0.000,0.000,0.000,savant_only,AAA_hitters_YTD_5_14.csv
Ramiro Villanueva,MIN,A,pitcher,SP,20,26,118,0.862,0.261,0.232,0.765,0.138,Low,,,,,0.000,0.146,0.146,0.000,0.000,0.000,savant_only,A_pitchers_YTD_5_14.csv
Jake Clemente,MIA,A,pitcher,SP,22,93,376,0.686,0.298,0.314,0.592,0.389,Medium,,,,,0.000,0.143,0.143,0.000,0.000,0.000,savant_only,A_pitchers_YTD_5_14.csv
Emilio Obispo,NYM,A,pitcher,SP,19,38,150,0.799,0.282,0.278,0.691,0.185,Low,,,,,0.000,0.141,0.141,0.000,0.000,0.000,savant_only,A_pitchers_YTD_5_14.csv
Grayson Grinsell,DET,A,pitcher,SP,22,96,386,0.667,0.293,0.253,0.588,0.399,Medium,,,,,0.000,0.140,0.140,0.000,0.000,0.000,savant_only,A_pitchers_YTD_5_14.csv
Antoine Kelly,LAD,AAA,pitcher,RP,26,75,313,0.553,0.283,0.300,0.530,0.588,High,,,,,0.000,0.139,0.139,0.000,0.000,0.000,savant_only,AAA_pitchers_YTD_5_14.csv
Nathan Martorella,MIA,AAA,hitter,1B,25,88,338,0.554,0.113,0.057,0.422,0.587,High,,911.000,,687210,0.500,-0.367,0.133,0.000,0.000,0.000,name_org,AAA_hitters_YTD_5_14.csv
Kyle McCoy,CIN,A,pitcher,RP,22,28,110,0.824,0.229,0.278,0.792,0.114,Low,,,,,0.000,0.133,0.133,0.000,0.000,0.000,savant_only,A_pitchers_YTD_5_14.csv
Yorman Licourt,TOR,A,hitter,OF,22,102,442,0.604,0.568,0.806,0.594,0.352,Medium,,,,,0.000,0.132,0.132,0.000,0.000,0.000,savant_only,A_hitters_YTD_5_14.csv
Christian Rodriguez,NYM,A,pitcher,RP,21,49,164,0.774,0.278,0.296,0.681,0.180,Low,,,,,0.000,0.131,0.131,0.000,0.000,0.000,savant_only,A_pitchers_YTD_5_14.csv
Ismael Munguia,TOR,AAA,hitter,OF,27,44,169,0.395,0.955,0.761,0.563,0.258,Medium,,,,,0.000,0.129,0.129,0.000,0.000,0.000,savant_only,AAA_hitters_YTD_5_14.csv
Victor Mederos,ATL,AAA,pitcher,SP,24,106,435,0.633,0.324,0.322,0.517,0.922,High,,,,,0.000,0.122,0.122,0.000,0.000,0.000,savant_only,AAA_pitchers_YTD_5_14.csv
Marty Gair,PHI,A,pitcher,RP,22,38,166,0.761,0.275,0.245,0.678,0.172,Low,,,,,0.000,0.122,0.122,0.000,0.000,0.000,savant_only,A_pitchers_YTD_5_14.csv
Anderson Pilar,ATL,AAA,pitcher,RP,28,48,181,0.309,0.171,0.183,0.549,0.297,Medium,,,,,0.000,0.117,0.117,0.000,0.000,0.000,savant_only,AAA_pitchers_YTD_5_14.csv
Ryan Kreidler,MIN,AAA,hitter,3B/SS,28,113,479,0.352,0.922,0.792,0.523,0.618,High,,,,,0.000,0.115,0.115,0.000,0.000,0.000,savant_only,AAA_hitters_YTD_5_14.csv
Henry Lalane,NYY,A,pitcher,SP,21,73,290,0.453,0.356,0.325,0.348,0.319,Medium,,631.000,,700649,0.500,-0.387,0.113,0.000,0.000,0.000,name_org,A_pitchers_YTD_5_14.csv
Michael Perez,MIA,A,pitcher,RP,23,59,226,0.553,0.224,0.289,0.624,0.219,Low,,,,,0.000,0.108,0.108,0.000,0.000,0.000,savant_only,A_pitchers_YTD_5_14.csv
Samy Natera Jr.,LAA,AAA,pitcher,RP,26,90,400,0.601,0.310,0.343,0.518,0.752,High,,,,,0.000,0.106,0.106,0.000,0.000,0.000,savant_only,AAA_pitchers_YTD_5_14.csv
Nacho Alvarez Jr.,ATL,AAA,hitter,3B,23,140,588,0.642,0.212,0.268,0.513,1.000,High,,,,,0.000,0.102,0.102,0.000,0.000,0.000,savant_only,AAA_hitters_YTD_5_14.csv
Rubén Menes,STL,A,pitcher,RP,24,39,148,0.528,0.175,0.139,0.685,0.133,Low,,,,,0.000,0.099,0.099,0.000,0.000,0.000,savant_only,A_pitchers_YTD_5_14.csv
Yonleg Gaetano,PIT,A,pitcher,SP,20,49,170,0.597,0.246,0.247,0.617,0.198,Low,,,,,0.000,0.093,0.093,0.000,0.000,0.000,savant_only,A_pitchers_YTD_5_14.csv
Michael Hilker,MIN,A,pitcher,RP,21,68,271,0.660,0.297,0.276,0.577,0.298,Medium,,,,,0.000,0.092,0.092,0.000,0.000,0.000,savant_only,A_pitchers_YTD_5_14.csv
Domingo Gonzalez,SEA,AAA,pitcher,RP,26,58,220,0.530,0.275,0.234,0.528,0.414,Medium,,,,,0.000,0.091,0.091,0.000,0.000,0.000,savant_only,AAA_pitchers_YTD_5_14.csv
Shane Smith,CHW,AAA,pitcher,SP,26,61,264,0.681,0.340,0.335,0.522,0.496,Medium,,,,,0.000,0.088,0.088,0.000,0.000,0.000,savant_only,AAA_pitchers_YTD_5_14.csv
Christian Romero,LAD,AAA,pitcher,SP,23,159,596,0.570,0.302,0.350,0.511,1.000,High,,,,,0.000,0.086,0.086,0.000,0.000,0.000,savant_only,AAA_pitchers_YTD_5_14.csv
Nolan Hoffman,PHI,AAA,pitcher,RP,28,47,217,0.389,0.216,0.241,0.530,0.356,Medium,,,,,0.000,0.085,0.085,0.000,0.000,0.000,savant_only,AAA_pitchers_YTD_5_14.csv
Caden Dana,LAA,AAA,pitcher,SP,22,68,293,0.477,0.318,0.298,0.425,0.691,High,,515.000,,702674,0.500,-0.416,0.084,0.000,0.000,0.000,name_org,AAA_pitchers_YTD_5_14.csv
Cameron Nickens,STL,A,hitter,OF,22,93,354,0.424,0.892,0.914,0.565,0.321,Medium,,,,,0.000,0.083,0.083,0.000,0.000,0.000,savant_only,A_hitters_YTD_5_14.csv
Clevari Tejada,PIT,A,pitcher,SP,21,57,209,0.623,0.274,0.180,0.589,0.230,Low,,,,,0.000,0.082,0.082,0.000,0.000,0.000,savant_only,A_pitchers_YTD_5_14.csv
John Rave,KCR,AAA,hitter,OF,28,152,687,0.467,0.619,0.735,0.512,0.820,High,,,,,0.000,0.082,0.082,0.000,0.000,0.000,savant_only,AAA_hitters_YTD_5_14.csv
Carlos Mendoza,TOR,AAA,hitter,2B/OF,26,139,599,0.485,0.574,0.303,0.512,0.871,High,,,,,0.000,0.081,0.081,0.000,0.000,0.000,savant_only,AAA_hitters_YTD_5_14.csv
Enmanuel Bonilla,TOR,A,hitter,OF,20,48,166,0.705,0.360,0.716,0.601,0.187,Low,,,,,0.000,0.076,0.076,0.000,0.000,0.000,savant_only,A_hitters_YTD_5_14.csv
Yoffry Solano,MIA,A,hitter,2B,21,34,113,0.583,0.802,0.187,0.649,0.125,Low,,,,,0.000,0.074,0.074,0.000,0.000,0.000,savant_only,A_hitters_YTD_5_14.csv
Karson Ligon,TOR,A,pitcher,SP,23,25,100,0.755,0.265,0.330,0.689,0.097,Low,,,,,0.000,0.073,0.073,0.000,0.000,0.000,savant_only,A_pitchers_YTD_5_14.csv
Jacob Friend,CIN,A,hitter,C/OF,23,46,201,0.489,0.935,0.950,0.623,0.148,Low,,,,,0.000,0.073,0.073,0.000,0.000,0.000,savant_only,A_hitters_YTD_5_14.csv
Cale Wetwiska,DET,A,pitcher,SP,21,28,122,0.874,0.349,0.464,0.633,0.134,Low,,,,,0.000,0.072,0.072,0.000,0.000,0.000,savant_only,A_pitchers_YTD_5_14.csv
Gunner Mayer,SEA,AAA,pitcher,RP,25,52,245,0.636,0.324,0.252,0.518,0.490,Medium,,,,,0.000,0.071,0.071,0.000,0.000,0.000,savant_only,AAA_pitchers_YTD_5_14.csv
Camron Hill,PHI,A,pitcher,RP,22,32,127,0.704,0.281,0.200,0.631,0.131,Low,,,,,0.000,0.069,0.069,0.000,0.000,0.000,savant_only,A_pitchers_YTD_5_14.csv
Payton Eeles,BAL,AAA,hitter,2B/SS,26,58,226,0.334,0.392,0.553,0.352,0.363,Medium,,600.000,,823356,0.500,-0.432,0.068,0.000,0.000,0.000,name_org,AAA_hitters_YTD_5_14.csv
Xavier Kolhosser,MIN,A,pitcher,RP,22,60,273,0.484,0.237,0.250,0.558,0.282,Medium,,,,,0.000,0.066,0.066,0.000,0.000,0.000,savant_only,A_pitchers_YTD_5_14.csv
Tyler Bowen,PHI,A,pitcher,RP,23,32,135,0.635,0.271,0.303,0.602,0.131,Low,,,,,0.000,0.053,0.053,0.000,0.000,0.000,savant_only,A_pitchers_YTD_5_14.csv
Dylan Driessen,STL,A,pitcher,RP,21,35,166,0.711,0.323,0.367,0.569,0.183,Low,,,,,0.000,0.050,0.050,0.000,0.000,0.000,savant_only,A_pitchers_YTD_5_14.csv
Jose Guzman,DET,A,pitcher,RP,21,43,157,0.591,0.274,0.155,0.569,0.173,Low,,,,,0.000,0.048,0.048,0.000,0.000,0.000,savant_only,A_pitchers_YTD_5_14.csv
Bryan Acuña,MIN,A,hitter,3B/SS,20,46,211,0.590,0.507,0.871,0.565,0.179,Low,,,,,0.000,0.047,0.047,0.000,0.000,0.000,savant_only,A_hitters_YTD_5_14.csv
Christian Martin,STL,A,hitter,2B,23,78,319,0.374,0.942,0.421,0.545,0.252,Medium,,,,,0.000,0.045,0.045,0.000,0.000,0.000,savant_only,A_hitters_YTD_5_14.csv
Mike Paredes,MIN,AAA,pitcher,SP,25,75,272,0.492,0.343,0.352,0.395,0.544,Medium,,937.000,,702474,0.500,-0.458,0.042,0.000,0.000,0.000,name_org,AAA_pitchers_YTD_5_14.csv
Paul McIntosh,PHI,AAA,hitter,C,28,60,255,0.488,0.581,0.303,0.516,0.328,Medium,,,,,0.000,0.042,0.042,0.000,0.000,0.000,savant_only,AAA_hitters_YTD_5_14.csv
Dustin Harris,CHW,AAA,hitter,OF,26,36,137,0.205,0.339,0.060,0.245,0.226,Low,,608.000,,687957,0.500,-0.460,0.040,0.000,0.000,0.000,name_org,AAA_hitters_YTD_5_14.csv
Ryan Murphy,STL,AAA,pitcher,RP,26,26,104,0.558,0.288,0.369,0.525,0.196,Low,,,,,0.000,0.039,0.039,0.000,0.000,0.000,savant_only,AAA_pitchers_YTD_5_14.csv
Eliseo Mota,DET,A,pitcher,RP,23,72,282,0.465,0.244,0.317,0.535,0.273,Medium,,,,,0.000,0.038,0.038,0.000,0.000,0.000,savant_only,A_pitchers_YTD_5_14.csv
Kade Morris,ATH,AAA,pitcher,SP,23,190,679,0.535,0.331,0.385,0.442,1.000,High,,590.000,,695034,0.500,-0.466,0.034,0.000,0.000,0.000,name_org,AAA_pitchers_YTD_5_14.csv
Heriberto Caraballo,STL,A,hitter,C/1B,21,48,210,0.532,0.583,0.615,0.547,0.176,Low,,,,,0.000,0.033,0.033,0.000,0.000,0.000,savant_only,A_hitters_YTD_5_14.csv
Bradley Blalock,MIA,AAA,pitcher,SP,25,144,572,0.643,0.336,0.317,0.504,1.000,High,,,,,0.000,0.032,0.032,0.000,0.000,0.000,savant_only,AAA_pitchers_YTD_5_14.csv
Adolfo Oviedo,PIT,A,pitcher,RP,21,43,146,0.654,0.312,0.244,0.549,0.161,Low,,,,,0.000,0.032,0.032,0.000,0.000,0.000,savant_only,A_pitchers_YTD_5_14.csv
Franly Urena,TOR,A,pitcher,SP,21,79,345,0.642,0.325,0.389,0.520,0.380,Medium,,,,,0.000,0.031,0.031,0.000,0.000,0.000,savant_only,A_pitchers_YTD_5_14.csv
Jan Caraballo,DET,A,pitcher,RP,22,59,203,0.535,0.271,0.314,0.537,0.210,Low,,,,,0.000,0.031,0.031,0.000,0.000,0.000,savant_only,A_pitchers_YTD_5_14.csv
Andrew Pérez,KCR,AAA,pitcher,SP,28,69,284,0.520,0.283,0.277,0.508,0.466,Medium,,,,,0.000,0.031,0.031,0.000,0.000,0.000,savant_only,AAA_pitchers_YTD_5_14.csv
Lisnerkin Lantigua,CIN,A,pitcher,SP,21,25,108,0.673,0.310,0.437,0.565,0.119,Low,,,,,0.000,0.031,0.031,0.000,0.000,0.000,savant_only,A_pitchers_YTD_5_14.csv
Ernesto Mercedes,NYM,A,pitcher,RP,22,27,123,0.679,0.317,0.397,0.558,0.127,Low,,,,,0.000,0.029,0.029,0.000,0.000,0.000,savant_only,A_pitchers_YTD_5_14.csv
Emilio Barreras,MIA,A,hitter,2B/3B,22,84,367,0.417,0.773,0.957,0.524,0.290,Medium,,,,,0.000,0.028,0.028,0.000,0.000,0.000,savant_only,A_hitters_YTD_5_14.csv
Jovi Gálvez,STL,A,pitcher,RP,21,46,195,0.742,0.359,0.344,0.532,0.215,Low,,,,,0.000,0.027,0.027,0.000,0.000,0.000,savant_only,A_pitchers_YTD_5_14.csv
Tsung-Che Cheng,BOS,AAA,hitter,2B/SS,24,119,525,0.548,0.401,0.402,0.504,0.841,High,,,,,0.000,0.026,0.026,0.000,0.000,0.000,savant_only,AAA_hitters_YTD_5_14.csv
Duncan Davitt,CHW,AAA,pitcher,SP,26,101,394,0.560,0.355,0.429,0.420,0.741,High,,835.000,,701474,0.500,-0.475,0.025,0.000,0.000,0.000,name_org,AAA_pitchers_YTD_5_14.csv
Cam Tilly,NYM,A,pitcher,SP,21,85,336,0.503,0.271,0.390,0.516,0.370,Medium,,,,,0.000,0.024,0.024,0.000,0.000,0.000,savant_only,A_pitchers_YTD_5_14.csv
Carson Taylor,SEA,AAA,hitter,C/1B,26,117,470,0.422,0.696,0.532,0.504,0.733,High,,,,,0.000,0.023,0.023,0.000,0.000,0.000,savant_only,AAA_hitters_YTD_5_14.csv
Zuher Yousuf,PHI,A,pitcher,SP,19,86,317,0.579,0.303,0.363,0.515,0.391,Medium,,,,,0.000,0.023,0.023,0.000,0.000,0.000,savant_only,A_pitchers_YTD_5_14.csv
Brayden Smith,STL,A,hitter,2B/OF,22,101,418,0.547,0.442,0.327,0.515,0.348,Medium,,,,,0.000,0.022,0.022,0.000,0.000,0.000,savant_only,A_hitters_YTD_5_14.csv
Yadiel Batista,STL,A,pitcher,RP,22,39,150,0.434,0.233,0.304,0.532,0.155,Low,,,,,0.000,0.020,0.020,0.000,0.000,0.000,savant_only,A_pitchers_YTD_5_14.csv
Cash Kuiper,DET,A,pitcher,SP,21,52,174,0.730,0.358,0.390,0.525,0.191,Low,,,,,0.000,0.019,0.019,0.000,0.000,0.000,savant_only,A_pitchers_YTD_5_14.csv
Kervin Castro,NYY,AAA,pitcher,RP,27,62,237,0.555,0.300,0.264,0.504,0.417,Medium,,,,,0.000,0.014,0.014,0.000,0.000,0.000,savant_only,AAA_pitchers_YTD_5_14.csv
Ichiro Cano,CIN,A,hitter,1B/3B,21,28,116,0.439,0.737,0.432,0.528,0.103,Low,,,,,0.000,0.012,0.012,0.000,0.000,0.000,savant_only,A_hitters_YTD_5_14.csv
Estuar Suero,PIT,A,hitter,OF,20,48,188,0.676,0.133,0.317,0.513,0.187,Low,,,,,0.000,0.010,0.010,0.000,0.000,0.000,savant_only,A_hitters_YTD_5_14.csv
Adam Falinski,FA,A,pitcher,RP,23,60,235,0.396,0.233,0.242,0.507,0.227,Low,,,,,0.000,0.007,0.007,0.000,0.000,0.000,savant_only,A_pitchers_YTD_5_14.csv
Cristian Jauregui,PIT,A,hitter,OF,20,77,302,0.554,0.388,0.766,0.504,0.299,Medium,,,,,0.000,0.005,0.005,0.000,0.000,0.000,savant_only,A_hitters_YTD_5_14.csv
Reed Moring,MIN,A,pitcher,SP,21,73,255,0.692,0.358,0.300,0.501,0.281,Medium,,,,,0.000,0.001,0.001,0.000,0.000,0.000,savant_only,A_pitchers_YTD_5_14.csv
Braiden Ward,BOS,AAA,hitter,OF,27,89,352,0.319,0.922,0.858,0.500,0.522,Medium,,,,,0.000,-0.000,0.000,0.000,0.000,0.000,savant_only,AAA_hitters_YTD_5_14.csv
Josh Hogue,MIA,A,hitter,1B/OF,22,56,196,0.504,0.489,0.572,0.499,0.193,Low,,,,,0.000,-0.001,0.000,0.000,0.000,0.000,savant_only,A_hitters_YTD_5_14.csv
Marques Johnson,SFG,AAA,pitcher,RP,25,73,303,0.440,0.256,0.266,0.499,0.606,High,,,,,0.000,-0.005,0.000,0.000,0.000,0.000,savant_only,AAA_pitchers_YTD_5_14.csv
Brock Jones,FA,AAA,hitter,P,24,76,358,0.605,0.250,0.217,0.499,0.537,Medium,,,,,0.000,-0.005,0.000,0.000,0.000,0.000,savant_only,AAA_hitters_YTD_5_14.csv
Pedro Rodriguez,NYY,A,pitcher,RP,23,41,183,0.340,0.221,0.166,0.490,0.177,Low,,,,,0.000,-0.007,0.000,0.000,0.000,0.000,savant_only,A_pitchers_YTD_5_14.csv
Jack Martinez,STL,A,pitcher,SP,23,107,468,0.509,0.287,0.317,0.495,0.453,Medium,,,,,0.000,-0.009,0.000,0.000,0.000,0.000,savant_only,A_pitchers_YTD_5_14.csv
Victor Ortega,MIA,A,hitter,C,22,66,257,0.482,0.507,0.421,0.490,0.227,Low,,,,,0.000,-0.009,0.000,0.000,0.000,0.000,savant_only,A_hitters_YTD_5_14.csv
Braulio Salas,MIA,A,pitcher,RP,21,85,346,0.585,0.319,0.354,0.493,0.381,Medium,,,,,0.000,-0.010,0.000,0.000,0.000,0.000,savant_only,A_pitchers_YTD_5_14.csv
Pedro León,PHI,AAA,hitter,OF,27,52,185,0.407,0.703,0.280,0.496,0.305,Medium,,,,,0.000,-0.011,0.000,0.000,0.000,0.000,savant_only,AAA_hitters_YTD_5_14.csv
Jack Anker,PIT,A,pitcher,SP,22,106,382,0.560,0.309,0.299,0.493,0.395,Medium,,,,,0.000,-0.012,0.000,0.000,0.000,0.000,savant_only,A_pitchers_YTD_5_14.csv
Keegan Batka,FA,A,pitcher,RP,24,39,158,0.390,0.248,0.211,0.479,0.143,Low,,,,,0.000,-0.012,0.000,0.000,0.000,0.000,savant_only,A_pitchers_YTD_5_14.csv
Eddie Rynders,PIT,A,hitter,3B/SS,20,102,425,0.662,0.097,0.119,0.492,0.396,Medium,,,,,0.000,-0.012,0.000,0.000,0.000,0.000,savant_only,A_hitters_YTD_5_14.csv
Greg Jones,MIL,AAA,hitter,OF,28,60,230,0.340,0.855,0.840,0.495,0.328,Medium,,,,,0.000,-0.013,0.000,0.000,0.000,0.000,savant_only,AAA_hitters_YTD_5_14.csv
Jaxson West,TOR,A,hitter,C,22,31,130,0.281,0.906,0.978,0.468,0.107,Low,,,,,0.000,-0.014,0.000,0.000,0.000,0.000,savant_only,A_hitters_YTD_5_14.csv
Sam Biller,NYM,A,hitter,OF,23,31,140,0.223,0.993,0.986,0.454,0.100,Low,,,,,0.000,-0.018,0.000,0.000,0.000,0.000,savant_only,A_hitters_YTD_5_14.csv
Tyler Davis,CHW,AAA,pitcher,RP,27,30,111,0.525,0.298,0.245,0.488,0.195,Low,,,,,0.000,-0.019,0.000,0.000,0.000,0.000,savant_only,AAA_pitchers_YTD_5_14.csv
Chazz Martinez,KCR,AAA,pitcher,RP,26,50,214,0.616,0.331,0.351,0.494,0.402,Medium,,,,,0.000,-0.019,0.000,0.000,0.000,0.000,savant_only,AAA_pitchers_YTD_5_14.csv
Carson Myers,TOR,A,pitcher,RP,22,77,309,0.403,0.250,0.297,0.484,0.320,Medium,,,,,0.000,-0.020,0.000,0.000,0.000,0.000,savant_only,A_pitchers_YTD_5_14.csv
Ernesto Martinez Jr.,NYY,AAA,hitter,1B,26,128,505,0.560,0.348,0.416,0.497,0.802,High,,,,,0.000,-0.022,0.000,0.000,0.000,0.000,savant_only,AAA_hitters_YTD_5_14.csv
Gavin Hollowell,CHC,AAA,pitcher,RP,28,39,159,0.528,0.299,0.311,0.488,0.261,Medium,,,,,0.000,-0.026,0.000,0.000,0.000,0.000,savant_only,AAA_pitchers_YTD_5_14.csv
Willy Montero,NYY,A,hitter,OF,21,127,489,0.518,0.403,0.187,0.483,0.466,Medium,,,,,0.000,-0.031,0.000,0.000,0.000,0.000,savant_only,A_hitters_YTD_5_14.csv
Nathan Humphreys,FA,A,hitter,OF,23,92,360,0.309,0.856,0.820,0.473,0.297,Medium,,,,,0.000,-0.032,0.000,0.000,0.000,0.000,savant_only,A_hitters_YTD_5_14.csv
Joe Scarborough,NYM,A,pitcher,RP,22,32,129,0.616,0.365,0.319,0.440,0.133,Low,,,,,0.000,-0.032,0.000,0.000,0.000,0.000,savant_only,A_pitchers_YTD_5_14.csv
CJ Kayfus,CLE,AAA,hitter,1B/OF,24,35,135,0.331,0.839,0.566,0.484,0.247,Low,,,,,0.000,-0.032,0.000,0.000,0.000,0.000,savant_only,AAA_hitters_YTD_5_14.csv
Endy Rodríguez,PIT,AAA,hitter,C,25,135,531,0.545,0.380,0.182,0.495,0.900,High,,,,,0.000,-0.033,0.000,0.000,0.000,0.000,savant_only,AAA_hitters_YTD_5_14.csv
Yilber Herrera,MIN,A,hitter,2B/SS,21,38,179,0.446,0.424,0.781,0.440,0.139,Low,,,,,0.000,-0.034,0.000,0.000,0.000,0.000,savant_only,A_hitters_YTD_5_14.csv
Yendy Gomez,DET,A,pitcher,RP,22,85,320,0.459,0.280,0.291,0.473,0.331,Medium,,,,,0.000,-0.035,0.000,0.000,0.000,0.000,savant_only,A_pitchers_YTD_5_14.csv
Luis Ramirez,TEX,A,pitcher,RP,25,29,127,0.239,0.226,0.248,0.416,0.106,Low,,,,,0.000,-0.036,0.000,0.000,0.000,0.000,savant_only,A_pitchers_YTD_5_14.csv
Antonio Pimentel,PIT,A,hitter,2B/SS,20,83,324,0.597,0.180,0.223,0.472,0.323,Medium,,,,,0.000,-0.036,0.000,0.000,0.000,0.000,savant_only,A_hitters_YTD_5_14.csv
Santiago Gomez,NYY,A,hitter,2B/3B,22,51,190,0.511,0.299,0.522,0.447,0.176,Low,,,,,0.000,-0.037,0.000,0.000,0.000,0.000,savant_only,A_hitters_YTD_5_14.csv
Tristan Smith,CIN,A,pitcher,RP,22,23,107,0.296,0.252,0.349,0.412,0.111,Low,,,,,0.000,-0.039,0.000,0.000,0.000,0.000,savant_only,A_pitchers_YTD_5_14.csv
Brennan Stuprich,NYY,A,pitcher,SP,24,28,106,0.352,0.284,0.323,0.398,0.096,Low,,,,,0.000,-0.039,0.000,0.000,0.000,0.000,savant_only,A_pitchers_YTD_5_14.csv
Steven Cruz,KCR,AAA,pitcher,RP,26,35,127,0.663,0.360,0.404,0.479,0.239,Low,,,,,0.000,-0.040,0.000,0.000,0.000,0.000,savant_only,AAA_pitchers_YTD_5_14.csv
Jake McCutcheon,MIA,A,hitter,OF,22,49,210,0.388,0.554,0.403,0.438,0.169,Low,,,,,0.000,-0.042,0.000,0.000,0.000,0.000,savant_only,A_hitters_YTD_5_14.csv
Josh Tiedemann,NYY,A,pitcher,RP,21,65,243,0.516,0.313,0.376,0.458,0.267,Medium,,,,,0.000,-0.045,0.000,0.000,0.000,0.000,savant_only,A_pitchers_YTD_5_14.csv
Joel Garcia,MIN,A,pitcher,SP,21,34,114,0.629,0.426,0.346,0.409,0.125,Low,,,,,0.000,-0.046,0.000,0.000,0.000,0.000,savant_only,A_pitchers_YTD_5_14.csv
Troy Guthrie,TOR,A,pitcher,SP,20,105,384,0.572,0.326,0.336,0.474,0.448,Medium,,,,,0.000,-0.047,0.000,0.000,0.000,0.000,savant_only,A_pitchers_YTD_5_14.csv
Lluveres Severino,TOR,A,pitcher,RP,22,79,275,0.447,0.286,0.313,0.456,0.284,Medium,,,,,0.000,-0.050,0.000,0.000,0.000,0.000,savant_only,A_pitchers_YTD_5_14.csv
Trevor Kuncl,CIN,AAA,pitcher,RP,27,73,316,0.565,0.314,0.336,0.488,0.556,High,,,,,0.000,-0.052,0.000,0.000,0.000,0.000,savant_only,AAA_pitchers_YTD_5_14.csv
Nolan McCarthy,FA,A,hitter,OF,24,36,162,0.122,0.978,0.935,0.379,0.108,Low,,,,,0.000,-0.052,0.000,0.000,0.000,0.000,savant_only,A_hitters_YTD_5_14.csv
Jacob Pruitt,PHI,A,pitcher,RP,22,45,172,0.384,0.280,0.215,0.424,0.178,Low,,,,,0.000,-0.054,0.000,0.000,0.000,0.000,savant_only,A_pitchers_YTD_5_14.csv
Franklyn Moreta,MIA,A,pitcher,RP,22,41,189,0.428,0.294,0.300,0.431,0.195,Low,,,,,0.000,-0.054,0.000,0.000,0.000,0.000,savant_only,A_pitchers_YTD_5_14.csv
Frank Camarillo,NYM,A,pitcher,SP,22,96,361,0.604,0.346,0.308,0.462,0.373,Medium,,,,,0.000,-0.056,0.000,0.000,0.000,0.000,savant_only,A_pitchers_YTD_5_14.csv
Harry Ford,WSN,AAA,hitter,C,23,126,525,0.506,0.461,0.203,0.492,0.941,High,,,,,0.000,-0.057,0.000,0.000,0.000,0.000,savant_only,AAA_hitters_YTD_5_14.csv
Jonathan Hogart,PHI,A,hitter,OF,24,54,226,0.230,0.838,0.640,0.413,0.162,Low,,,,,0.000,-0.057,0.000,0.000,0.000,0.000,savant_only,A_hitters_YTD_5_14.csv
Andrew Alvarez,WSN,AAA,pitcher,SP,26,144,577,0.568,0.313,0.325,0.492,0.940,High,,,,,0.000,-0.063,0.000,0.000,0.000,0.000,savant_only,AAA_pitchers_YTD_5_14.csv
Drey Jameson,ARI,AAA,pitcher,RP,28,72,256,0.500,0.292,0.352,0.481,0.420,Medium,,,,,0.000,-0.064,0.000,0.000,0.000,0.000,savant_only,AAA_pitchers_YTD_5_14.csv
Grant McCray,SFG,AAA,hitter,OF,25,144,577,0.539,0.380,0.230,0.491,0.960,High,,,,,0.000,-0.067,0.000,0.000,0.000,0.000,savant_only,AAA_hitters_YTD_5_14.csv
Logan Workman,TBR,AAA,pitcher,SP,27,170,703,0.583,0.320,0.359,0.490,0.880,High,,,,,0.000,-0.069,0.000,0.000,0.000,0.000,savant_only,AAA_pitchers_YTD_5_14.csv
Caleb Leys,DET,A,pitcher,SP,22,83,327,0.478,0.303,0.376,0.449,0.338,Medium,,,,,0.000,-0.069,0.000,0.000,0.000,0.000,savant_only,A_pitchers_YTD_5_14.csv
Yosver Zulueta,SEA,AAA,pitcher,RP,28,61,259,0.513,0.298,0.351,0.480,0.425,Medium,,,,,0.000,-0.070,0.000,0.000,0.000,0.000,savant_only,AAA_pitchers_YTD_5_14.csv
Kyle Henley,CIN,A,hitter,OF,21,57,203,0.496,0.219,0.629,0.413,0.209,Low,,,,,0.000,-0.072,0.000,0.000,0.000,0.000,savant_only,A_hitters_YTD_5_14.csv
Rafhlmil Torres,CIN,A,hitter,2B/SS,20,57,213,0.460,0.313,0.522,0.416,0.222,Low,,,,,0.000,-0.074,0.000,0.000,0.000,0.000,savant_only,A_hitters_YTD_5_14.csv
Brandon Barriera,TOR,A,pitcher,SP,22,81,342,0.409,0.276,0.367,0.447,0.354,Medium,,,,,0.000,-0.075,0.000,0.000,0.000,0.000,savant_only,A_pitchers_YTD_5_14.csv
Nick Garcia,SEA,AAA,pitcher,SP,27,36,163,0.354,0.241,0.256,0.467,0.287,Medium,,,,,0.000,-0.075,0.000,0.000,0.000,0.000,savant_only,AAA_pitchers_YTD_5_14.csv
Bryce Martin-Grudzielanek,NYY,A,hitter,2B/3B/SS,22,124,500,0.345,0.712,0.647,0.455,0.427,Medium,,,,,0.000,-0.076,0.000,0.000,0.000,0.000,savant_only,A_hitters_YTD_5_14.csv
Michael Darrell-Hicks,FA,AAA,pitcher,SP,28,62,247,0.487,0.291,0.296,0.474,0.405,Medium,,,,,0.000,-0.083,0.000,0.000,0.000,0.000,savant_only,AAA_pitchers_YTD_5_14.csv
Gabe Craig,PHI,A,pitcher,RP,24,40,170,0.226,0.256,0.330,0.360,0.153,Low,,,,,0.000,-0.086,0.000,0.000,0.000,0.000,savant_only,A_pitchers_YTD_5_14.csv
Chandler Champlain,WSN,AAA,pitcher,SP,26,116,447,0.495,0.286,0.236,0.487,0.840,High,,,,,0.000,-0.086,0.000,0.000,0.000,0.000,savant_only,AAA_pitchers_YTD_5_14.csv
J.T. Etheridge,NYY,A,pitcher,SP,24,48,217,0.327,0.280,0.280,0.388,0.196,Low,,,,,0.000,-0.088,0.000,0.000,0.000,0.000,savant_only,A_pitchers_YTD_5_14.csv
Jonathan Stevens,MIN,A,pitcher,SP,21,76,307,0.541,0.338,0.355,0.434,0.338,Medium,,,,,0.000,-0.089,0.000,0.000,0.000,0.000,savant_only,A_pitchers_YTD_5_14.csv
Carlos Caro,PIT,A,hitter,2B,21,38,149,0.302,0.414,0.921,0.336,0.139,Low,,,,,0.000,-0.092,0.000,0.000,0.000,0.000,savant_only,A_hitters_YTD_5_14.csv
Gavin Adams,PIT,A,pitcher,RP,23,50,223,0.415,0.314,0.361,0.391,0.216,Low,,,,,0.000,-0.094,0.000,0.000,0.000,0.000,savant_only,A_pitchers_YTD_5_14.csv
Elwis Mijares,NYM,A,pitcher,RP,20,51,201,0.491,0.341,0.447,0.397,0.234,Low,,,,,0.000,-0.097,0.000,0.000,0.000,0.000,savant_only,A_pitchers_YTD_5_14.csv
Tyler McLoughlin,NYM,A,pitcher,RP,23,44,186,0.245,0.262,0.336,0.363,0.180,Low,,,,,0.000,-0.099,0.000,0.000,0.000,0.000,savant_only,A_pitchers_YTD_5_14.csv
Ramon Suarez,TOR,A,pitcher,RP,21,22,114,0.365,0.349,0.550,0.302,0.125,Low,,,,,0.000,-0.099,0.000,0.000,0.000,0.000,savant_only,A_pitchers_YTD_5_14.csv
Dylan Palmer,PIT,A,hitter,2B/OF,22,117,468,0.317,0.723,0.597,0.438,0.403,Medium,,,,,0.000,-0.099,0.000,0.000,0.000,0.000,savant_only,A_hitters_YTD_5_14.csv
Edward Lantigua,NYM,A,hitter,OF,19,34,137,0.403,0.133,0.158,0.322,0.140,Low,,,,,0.000,-0.099,0.000,0.000,0.000,0.000,savant_only,A_hitters_YTD_5_14.csv
Donye Evans,DET,A,pitcher,RP,24,42,162,0.176,0.257,0.203,0.326,0.146,Low,,,,,0.000,-0.102,0.000,0.000,0.000,0.000,savant_only,A_pitchers_YTD_5_14.csv
Chris Murphy,CHW,AAA,pitcher,SP,27,34,137,0.550,0.334,0.301,0.447,0.241,Low,,,,,0.000,-0.103,0.000,0.000,0.000,0.000,savant_only,AAA_pitchers_YTD_5_14.csv
Carlos Guzman,NYM,AAA,pitcher,RP,27,35,128,0.299,0.234,0.300,0.443,0.225,Low,,,,,0.000,-0.104,0.000,0.000,0.000,0.000,savant_only,AAA_pitchers_YTD_5_14.csv
Beau Ankeney,DET,A,hitter,1B/OF,23,144,542,0.353,0.655,0.655,0.443,0.465,Medium,,,,,0.000,-0.106,0.000,0.000,0.000,0.000,savant_only,A_hitters_YTD_5_14.csv
Eddinson Paulino,NYM,A,hitter,2B/3B/SS,23,26,107,0.108,0.324,0.701,0.173,0.084,Low,,,,,0.000,-0.110,0.000,0.000,0.000,0.000,savant_only,A_hitters_YTD_5_14.csv
Philip Abner,ARI,AAA,pitcher,RP,24,49,179,0.430,0.274,0.262,0.464,0.379,Medium,,,,,0.000,-0.110,0.000,0.000,0.000,0.000,savant_only,AAA_pitchers_YTD_5_14.csv
Jake Faherty,MIA,A,pitcher,RP,22,30,141,0.321,0.327,0.267,0.309,0.146,Low,,,,,0.000,-0.112,0.000,0.000,0.000,0.000,savant_only,A_pitchers_YTD_5_14.csv
Jamari Baylor,NYM,A,hitter,2B,25,31,135,0.014,0.540,0.263,0.172,0.086,Low,,,,,0.000,-0.113,0.000,0.000,0.000,0.000,savant_only,A_hitters_YTD_5_14.csv
Harry Genth,MIN,A,hitter,2B/OF,23,48,223,0.158,0.687,0.468,0.317,0.155,Low,,,,,0.000,-0.113,0.000,0.000,0.000,0.000,savant_only,A_hitters_YTD_5_14.csv
Francisco Toledo,NYM,A,hitter,C,21,37,124,0.360,0.115,0.252,0.286,0.136,Low,,,,,0.000,-0.116,0.000,0.000,0.000,0.000,savant_only,A_hitters_YTD_5_14.csv
Osleivis Basabe,SFG,AAA,hitter,SS,25,107,395,0.584,0.235,0.358,0.480,0.713,High,,,,,0.000,-0.117,0.000,0.000,0.000,0.000,savant_only,AAA_hitters_YTD_5_14.csv
Ryan Long,BAL,AAA,pitcher,RP,26,87,326,0.590,0.332,0.432,0.476,0.613,High,,,,,0.000,-0.117,0.000,0.000,0.000,0.000,savant_only,AAA_pitchers_YTD_5_14.csv
Luke Scherrer,PIT,A,hitter,C/1B,21,74,285,0.525,0.079,0.345,0.391,0.271,Medium,,,,,0.000,-0.118,0.000,0.000,0.000,0.000,savant_only,A_hitters_YTD_5_14.csv
Chase Heath,STL,A,hitter,C,22,112,421,0.288,0.737,0.482,0.423,0.386,Medium,,,,,0.000,-0.119,0.000,0.000,0.000,0.000,savant_only,A_hitters_YTD_5_14.csv
Josh Rivera,TOR,AAA,hitter,SS,25,124,503,0.602,0.200,0.245,0.482,0.827,High,,,,,0.000,-0.121,0.000,0.000,0.000,0.000,savant_only,AAA_hitters_YTD_5_14.csv
Zach Humphreys,LAA,AAA,hitter,C,28,28,117,0.238,0.779,0.970,0.400,0.153,Low,,,,,0.000,-0.122,0.000,0.000,0.000,0.000,savant_only,AAA_hitters_YTD_5_14.csv
Peyton Williams,TOR,A,hitter,1B,25,38,139,0.058,0.561,0.971,0.209,0.106,Low,,,,,0.000,-0.123,0.000,0.000,0.000,0.000,savant_only,A_hitters_YTD_5_14.csv
Eric Hammond,FA,A,pitcher,SP,23,57,210,0.264,0.280,0.285,0.347,0.203,Low,,,,,0.000,-0.125,0.000,0.000,0.000,0.000,savant_only,A_pitchers_YTD_5_14.csv
Carlos Sanchez,FA,A,hitter,P,26,63,241,0.036,0.921,0.906,0.301,0.162,Low,,,,,0.000,-0.128,0.000,0.000,0.000,0.000,savant_only,A_hitters_YTD_5_14.csv
Logan Allen,CLE,AAA,pitcher,SP,27,147,606,0.452,0.272,0.330,0.482,0.880,High,,,,,0.000,-0.129,0.000,0.000,0.000,0.000,savant_only,AAA_pitchers_YTD_5_14.csv
Luke Hoskins,FA,A,pitcher,RP,23,52,201,0.283,0.296,0.289,0.334,0.195,Low,,,,,0.000,-0.130,0.000,0.000,0.000,0.000,savant_only,A_pitchers_YTD_5_14.csv
David Beckles,TOR,A,hitter,1B/OF,22,61,266,0.295,0.460,0.234,0.345,0.210,Low,,,,,0.000,-0.131,0.000,0.000,0.000,0.000,savant_only,A_hitters_YTD_5_14.csv
Jake Shelagowski,STL,A,pitcher,RP,22,89,347,0.472,0.326,0.312,0.408,0.359,Medium,,,,,0.000,-0.131,0.000,0.000,0.000,0.000,savant_only,A_pitchers_YTD_5_14.csv
Richard Fitts,STL,AAA,pitcher,SP,26,61,231,0.518,0.311,0.298,0.462,0.434,Medium,,,,,0.000,-0.132,0.000,0.000,0.000,0.000,savant_only,AAA_pitchers_YTD_5_14.csv
Jorge De Leon,NYM,A,pitcher,RP,23,24,118,0.107,0.304,0.341,0.206,0.114,Low,,,,,0.000,-0.134,0.000,0.000,0.000,0.000,savant_only,A_pitchers_YTD_5_14.csv
Jeremy Almonte,MIA,A,hitter,C,20,24,108,0.151,0.115,0.101,0.140,0.093,Low,,,,,0.000,-0.134,0.000,0.000,0.000,0.000,savant_only,A_hitters_YTD_5_14.csv
Joel Lara,NYM,A,pitcher,SP,19,81,321,0.566,0.361,0.399,0.414,0.395,Medium,,,,,0.000,-0.136,0.000,0.000,0.000,0.000,savant_only,A_pitchers_YTD_5_14.csv
Julio Zayas,NYM,A,hitter,C,20,90,356,0.453,0.284,0.507,0.403,0.350,Medium,,,,,0.000,-0.136,0.000,0.000,0.000,0.000,savant_only,A_hitters_YTD_5_14.csv
Abrahan Ramirez,MIA,A,hitter,2B/3B,21,86,358,0.367,0.442,0.849,0.390,0.315,Medium,,,,,0.000,-0.139,0.000,0.000,0.000,0.000,savant_only,A_hitters_YTD_5_14.csv
Alex Breckheimer,STL,A,pitcher,RP,22,80,332,0.377,0.294,0.368,0.398,0.343,Medium,,,,,0.000,-0.140,0.000,0.000,0.000,0.000,savant_only,A_pitchers_YTD_5_14.csv
Willy Vasquez,BAL,AAA,hitter,3B,24,113,458,0.575,0.250,0.268,0.478,0.799,High,,,,,0.000,-0.142,0.000,0.000,0.000,0.000,savant_only,AAA_hitters_YTD_5_14.csv
Parker Seay,FA,A,pitcher,RP,25,56,218,0.101,0.240,0.326,0.304,0.182,Low,,,,,0.000,-0.143,0.000,0.000,0.000,0.000,savant_only,A_pitchers_YTD_5_14.csv
Jordarlin Mendoza,NYY,A,pitcher,RP,22,66,259,0.522,0.373,0.434,0.366,0.268,Medium,,,,,0.000,-0.143,0.000,0.000,0.000,0.000,savant_only,A_pitchers_YTD_5_14.csv
Jorel Ortega,MIN,A,hitter,2B/3B,25,34,129,0.029,0.338,0.338,0.122,0.095,Low,,,,,0.000,-0.143,0.000,0.000,0.000,0.000,savant_only,A_hitters_YTD_5_14.csv
Walin Castillo,MIA,A,pitcher,SP,21,94,370,0.440,0.311,0.310,0.412,0.407,Medium,,,,,0.000,-0.144,0.000,0.000,0.000,0.000,savant_only,A_pitchers_YTD_5_14.csv
Merit Jones,MIN,A,pitcher,SP,22,111,432,0.358,0.273,0.321,0.419,0.447,Medium,,,,,0.000,-0.144,0.000,0.000,0.000,0.000,savant_only,A_pitchers_YTD_5_14.csv
Branny De Oleo,NYM,A,hitter,2B/3B/SS,20,69,285,0.331,0.442,0.489,0.364,0.268,Medium,,,,,0.000,-0.145,0.000,0.000,0.000,0.000,savant_only,A_hitters_YTD_5_14.csv
Omar Victorino,NYM,A,pitcher,SP,20,42,165,0.302,0.318,0.345,0.311,0.192,Low,,,,,0.000,-0.146,0.000,0.000,0.000,0.000,savant_only,A_pitchers_YTD_5_14.csv
Kameron Misner,KCR,AAA,hitter,OF,28,158,704,0.364,0.741,0.675,0.477,0.820,High,,,,,0.000,-0.148,0.000,0.000,0.000,0.000,savant_only,AAA_hitters_YTD_5_14.csv
Brady Afthim,CIN,A,pitcher,RP,23,21,105,0.119,0.355,0.343,0.133,0.102,Low,,,,,0.000,-0.149,0.000,0.000,0.000,0.000,savant_only,A_pitchers_YTD_5_14.csv
Brady Basso,ATH,AAA,pitcher,RP,28,47,195,0.362,0.261,0.351,0.440,0.320,Medium,,,,,0.000,-0.152,0.000,0.000,0.000,0.000,savant_only,AAA_pitchers_YTD_5_14.csv
Cole Gilley,PHI,A,pitcher,RP,24,35,120,0.069,0.335,0.307,0.132,0.108,Low,,,,,0.000,-0.159,0.000,0.000,0.000,0.000,savant_only,A_pitchers_YTD_5_14.csv
Alistair Tanner,DET,A,pitcher,SP,19,56,238,0.497,0.366,0.413,0.361,0.293,Medium,,,,,0.000,-0.163,0.000,0.000,0.000,0.000,savant_only,A_pitchers_YTD_5_14.csv
Trevor Haskins,STL,A,hitter,2B,23,82,320,0.259,0.540,0.687,0.343,0.265,Medium,,,,,0.000,-0.166,0.000,0.000,0.000,0.000,savant_only,A_hitters_YTD_5_14.csv
Jose Monserrate,MIA,A,hitter,OF,21,71,281,0.468,0.043,0.065,0.340,0.260,Medium,,,,,0.000,-0.166,0.000,0.000,0.000,0.000,savant_only,A_hitters_YTD_5_14.csv
Christian McGowan,PHI,A,pitcher,RP,26,34,130,0.013,0.343,0.406,0.083,0.100,Low,,,,,0.000,-0.167,0.000,0.000,0.000,0.000,savant_only,A_pitchers_YTD_5_14.csv
Jake Brink,CIN,A,pitcher,SP,23,34,131,0.182,0.358,0.451,0.169,0.127,Low,,,,,0.000,-0.168,0.000,0.000,0.000,0.000,savant_only,A_pitchers_YTD_5_14.csv
Austin Green,NYY,A,hitter,2B,23,43,152,0.079,0.471,0.288,0.197,0.139,Low,,,,,0.000,-0.168,0.000,0.000,0.000,0.000,savant_only,A_hitters_YTD_5_14.csv
Jose Ledesma,NYY,A,pitcher,RP,23,63,254,0.289,0.305,0.362,0.323,0.246,Low,,,,,0.000,-0.174,0.000,0.000,0.000,0.000,savant_only,A_pitchers_YTD_5_14.csv
Draven Zeigler,PIT,A,pitcher,RP,24,66,237,0.113,0.254,0.241,0.290,0.214,Low,,,,,0.000,-0.180,0.000,0.000,0.000,0.000,savant_only,A_pitchers_YTD_5_14.csv
Manolfi Jimenez,PHI,A,hitter,OF,21,75,267,0.432,0.115,0.169,0.337,0.275,Medium,,,,,0.000,-0.180,0.000,0.000,0.000,0.000,savant_only,A_hitters_YTD_5_14.csv
Treyson Peters,FA,A,pitcher,RP,23,33,127,0.094,0.347,0.306,0.130,0.123,Low,,,,,0.000,-0.182,0.000,0.000,0.000,0.000,savant_only,A_pitchers_YTD_5_14.csv
Tanner Gresham,FA,A,pitcher,SP,24,65,272,0.220,0.283,0.301,0.313,0.245,Low,,,,,0.000,-0.183,0.000,0.000,0.000,0.000,savant_only,A_pitchers_YTD_5_14.csv
Eduarniel Núñez,ATH,AAA,pitcher,RP,26,59,250,0.485,0.305,0.396,0.450,0.470,Medium,,,,,0.000,-0.186,0.000,0.000,0.000,0.000,savant_only,AAA_pitchers_YTD_5_14.csv
Samuel Escudero,PIT,A,hitter,C/1B,22,34,128,0.129,0.029,0.029,0.099,0.117,Low,,,,,0.000,-0.188,0.000,0.000,0.000,0.000,savant_only,A_hitters_YTD_5_14.csv
Justin Militello,STL,A,pitcher,RP,22,34,113,0.138,0.402,0.484,0.090,0.117,Low,,,,,0.000,-0.192,0.000,0.000,0.000,0.000,savant_only,A_pitchers_YTD_5_14.csv
Javier Osorio,DET,A,hitter,3B/SS,21,89,323,0.381,0.284,0.396,0.352,0.326,Medium,,,,,0.000,-0.193,0.000,0.000,0.000,0.000,savant_only,A_hitters_YTD_5_14.csv
Korey Lee,CHW,AAA,hitter,C,27,122,470,0.434,0.542,0.420,0.466,0.716,High,,,,,0.000,-0.193,0.000,0.000,0.000,0.000,savant_only,AAA_hitters_YTD_5_14.csv
Mitch Mueller,FA,A,pitcher,RP,24,60,250,0.189,0.289,0.290,0.283,0.226,Low,,,,,0.000,-0.195,0.000,0.000,0.000,0.000,savant_only,A_pitchers_YTD_5_14.csv
Dylan King,FA,A,hitter,P,23,32,125,0.007,0.065,0.040,0.024,0.103,Low,,,,,0.000,-0.196,0.000,0.000,0.000,0.000,savant_only,A_hitters_YTD_5_14.csv
Luis Pino,STL,A,hitter,OF,22,61,237,0.266,0.259,0.133,0.264,0.210,Low,,,,,0.000,-0.198,0.000,0.000,0.000,0.000,savant_only,A_hitters_YTD_5_14.csv
Yordy Herrera,STL,A,pitcher,RP,21,52,209,0.270,0.324,0.349,0.281,0.230,Low,,,,,0.000,-0.202,0.000,0.000,0.000,0.000,savant_only,A_pitchers_YTD_5_14.csv
Greysen Carter,NYY,A,pitcher,RP,23,80,328,0.308,0.303,0.328,0.339,0.318,Medium,,,,,0.000,-0.205,0.000,0.000,0.000,0.000,savant_only,A_pitchers_YTD_5_14.csv
Brian Walters,PHI,A,pitcher,SP,23,64,278,0.258,0.301,0.324,0.309,0.269,Medium,,,,,0.000,-0.205,0.000,0.000,0.000,0.000,savant_only,A_pitchers_YTD_5_14.csv
Ryan Rolison,CHC,AAA,pitcher,RP,28,36,154,0.410,0.307,0.355,0.398,0.253,Medium,,,,,0.000,-0.206,0.000,0.000,0.000,0.000,savant_only,AAA_pitchers_YTD_5_14.csv
Carson Seymour,SFG,AAA,pitcher,SP,27,143,517,0.508,0.302,0.330,0.470,0.880,High,,,,,0.000,-0.212,0.000,0.000,0.000,0.000,savant_only,AAA_pitchers_YTD_5_14.csv
Justin West,NYY,A,pitcher,SP,22,138,572,0.421,0.313,0.372,0.396,0.517,Medium,,,,,0.000,-0.214,0.000,0.000,0.000,0.000,savant_only,A_pitchers_YTD_5_14.csv
Blas Castaño,COL,AAA,pitcher,RP,27,59,237,0.264,0.224,0.221,0.436,0.417,Medium,,,,,0.000,-0.215,0.000,0.000,0.000,0.000,savant_only,AAA_pitchers_YTD_5_14.csv
Antoni Cuello,STL,A,pitcher,RP,23,53,223,0.132,0.287,0.375,0.250,0.216,Low,,,,,0.000,-0.216,0.000,0.000,0.000,0.000,savant_only,A_pitchers_YTD_5_14.csv
Tre' Morgan,TBR,AAA,hitter,1B,23,24,108,0.383,0.264,0.166,0.347,0.179,Low,,,,,0.000,-0.220,0.000,0.000,0.000,0.000,savant_only,AAA_hitters_YTD_5_14.csv
Jose Cordova,COL,AAA,hitter,C/1B,26,36,127,0.413,0.298,0.158,0.378,0.226,Low,,,,,0.000,-0.220,0.000,0.000,0.000,0.000,savant_only,AAA_hitters_YTD_5_14.csv
Eddie King Jr.,PIT,A,hitter,OF,23,124,546,0.252,0.615,0.766,0.361,0.400,Medium,,,,,0.000,-0.223,0.000,0.000,0.000,0.000,savant_only,A_hitters_YTD_5_14.csv
Brett Harris,ATH,AAA,hitter,3B,27,81,311,0.373,0.599,0.664,0.441,0.475,Medium,,,,,0.000,-0.223,0.000,0.000,0.000,0.000,savant_only,AAA_hitters_YTD_5_14.csv
Matthew Tippie,FA,A,pitcher,RP,23,64,271,0.214,0.297,0.370,0.287,0.262,Medium,,,,,0.000,-0.224,0.000,0.000,0.000,0.000,savant_only,A_pitchers_YTD_5_14.csv
Dylan Dodd,ATL,AAA,pitcher,RP,27,43,187,0.580,0.367,0.425,0.414,0.329,Medium,,,,,0.000,-0.227,0.000,0.000,0.000,0.000,savant_only,AAA_pitchers_YTD_5_14.csv
JoJo Jackson,NYY,A,hitter,OF,23,117,472,0.194,0.705,0.604,0.347,0.378,Medium,,,,,0.000,-0.230,0.000,0.000,0.000,0.000,savant_only,A_hitters_YTD_5_14.csv
Brian Zeldin,FA,A,pitcher,RP,25,59,255,0.088,0.285,0.415,0.224,0.213,Low,,,,,0.000,-0.235,0.000,0.000,0.000,0.000,savant_only,A_pitchers_YTD_5_14.csv
Blake Gillespie,NYY,A,pitcher,SP,22,64,235,0.314,0.357,0.310,0.257,0.243,Low,,,,,0.000,-0.236,0.000,0.000,0.000,0.000,savant_only,A_pitchers_YTD_5_14.csv
Diego Dominguez,TOR,A,pitcher,RP,21,90,321,0.371,0.333,0.321,0.332,0.353,Medium,,,,,0.000,-0.237,0.000,0.000,0.000,0.000,savant_only,A_pitchers_YTD_5_14.csv
Ji Hwan Bae,NYM,AAA,hitter,2B/OF,26,125,510,0.428,0.542,0.548,0.462,0.783,High,,,,,0.000,-0.238,0.000,0.000,0.000,0.000,savant_only,AAA_hitters_YTD_5_14.csv
Chris Campos,LAD,AAA,pitcher,RP,25,30,130,0.307,0.273,0.454,0.385,0.260,Medium,,,,,0.000,-0.238,0.000,0.000,0.000,0.000,savant_only,AAA_pitchers_YTD_5_14.csv
Luis Durango,NYY,A,hitter,OF,23,51,187,0.115,0.191,0.748,0.138,0.165,Low,,,,,0.000,-0.238,0.000,0.000,0.000,0.000,savant_only,A_hitters_YTD_5_14.csv
Jack Barker,PHI,A,hitter,1B/OF,20,43,179,0.201,0.007,0.007,0.143,0.167,Low,,,,,0.000,-0.239,0.000,0.000,0.000,0.000,savant_only,A_hitters_YTD_5_14.csv
Simon Juan,NYM,A,hitter,OF,20,79,248,0.410,0.058,0.133,0.304,0.307,Medium,,,,,0.000,-0.240,0.000,0.000,0.000,0.000,savant_only,A_hitters_YTD_5_14.csv
Pitterson Rosa,PIT,A,pitcher,RP,21,32,138,0.031,0.338,0.403,0.103,0.152,Low,,,,,0.000,-0.241,0.000,0.000,0.000,0.000,savant_only,A_pitchers_YTD_5_14.csv
Ricky Castro,MIN,AAA,pitcher,RP,26,25,111,0.510,0.375,0.387,0.355,0.209,Low,,,,,0.000,-0.241,0.000,0.000,0.000,0.000,savant_only,AAA_pitchers_YTD_5_14.csv
Kevin Verde,NYY,A,hitter,3B/SS,20,35,118,0.065,0.022,0.072,0.052,0.136,Low,,,,,0.000,-0.244,0.000,0.000,0.000,0.000,savant_only,A_hitters_YTD_5_14.csv
Isaac Coffey,BOS,AAA,pitcher,SP,25,75,299,0.490,0.308,0.315,0.449,0.598,High,,,,,0.000,-0.244,0.000,0.000,0.000,0.000,savant_only,AAA_pitchers_YTD_5_14.csv
Newremberg Rondon,DET,A,hitter,C,22,44,159,0.072,0.151,0.079,0.096,0.152,Low,,,,,0.000,-0.245,0.000,0.000,0.000,0.000,savant_only,A_hitters_YTD_5_14.csv
Yerry De los Santos,NYY,AAA,pitcher,SP,28,69,256,0.412,0.290,0.284,0.427,0.420,Medium,,,,,0.000,-0.245,0.000,0.000,0.000,0.000,savant_only,AAA_pitchers_YTD_5_14.csv
Robinson Ortiz,SEA,AAA,pitcher,RP,26,66,284,0.475,0.306,0.249,0.442,0.534,Medium,,,,,0.000,-0.246,0.000,0.000,0.000,0.000,savant_only,AAA_pitchers_YTD_5_14.csv
Kaden Echeman,STL,A,pitcher,RP,23,83,365,0.252,0.290,0.361,0.323,0.353,Medium,,,,,0.000,-0.251,0.000,0.000,0.000,0.000,savant_only,A_pitchers_YTD_5_14.csv
Dayne Pengelly,TOR,A,pitcher,SP,23,55,219,0.170,0.332,0.287,0.203,0.212,Low,,,,,0.000,-0.252,0.000,0.000,0.000,0.000,savant_only,A_pitchers_YTD_5_14.csv
Brent Iredale,PIT,A,hitter,1B/3B,22,47,194,0.137,0.036,0.014,0.106,0.162,Low,,,,,0.000,-0.255,0.000,0.000,0.000,0.000,savant_only,A_hitters_YTD_5_14.csv
Samuel Carpio,MIA,A,pitcher,RP,23,72,292,0.277,0.332,0.368,0.272,0.283,Medium,,,,,0.000,-0.258,0.000,0.000,0.000,0.000,savant_only,A_pitchers_YTD_5_14.csv
Brendan Cellucci,TOR,AAA,pitcher,RP,27,50,208,0.405,0.297,0.402,0.411,0.366,Medium,,,,,0.000,-0.261,0.000,0.000,0.000,0.000,savant_only,AAA_pitchers_YTD_5_14.csv
Luis Peralta,CHC,AAA,pitcher,SP,25,48,218,0.653,0.406,0.459,0.425,0.436,Medium,,,,,0.000,-0.263,0.000,0.000,0.000,0.000,savant_only,AAA_pitchers_YTD_5_14.csv
Peyton Wilson,KCR,AAA,hitter,2B/OF,26,47,191,0.349,0.477,0.675,0.388,0.295,Medium,,,,,0.000,-0.264,0.000,0.000,0.000,0.000,savant_only,AAA_hitters_YTD_5_14.csv
Bernard Moon,CIN,A,hitter,2B,21,61,246,0.216,0.162,0.288,0.200,0.224,Low,,,,,0.000,-0.269,0.000,0.000,0.000,0.000,savant_only,A_hitters_YTD_5_14.csv
David Matoma,PIT,A,pitcher,RP,20,49,210,0.346,0.410,0.419,0.225,0.245,Low,,,,,0.000,-0.270,0.000,0.000,0.000,0.000,savant_only,A_pitchers_YTD_5_14.csv
Chase Meggers,NYM,A,hitter,C/1B,23,75,310,0.187,0.299,0.216,0.221,0.242,Low,,,,,0.000,-0.271,0.000,0.000,0.000,0.000,savant_only,A_hitters_YTD_5_14.csv
Ian Daugherty,MIN,A,hitter,C,23,46,195,0.022,0.097,0.119,0.044,0.148,Low,,,,,0.000,-0.271,0.000,0.000,0.000,0.000,savant_only,A_hitters_YTD_5_14.csv
Brandon Neeck,PIT,AAA,pitcher,RP,26,42,176,0.445,0.322,0.314,0.397,0.331,Medium,,,,,0.000,-0.272,0.000,0.000,0.000,0.000,savant_only,AAA_pitchers_YTD_5_14.csv
Noah Takacs,PIT,A,pitcher,RP,24,61,224,0.019,0.295,0.265,0.163,0.202,Low,,,,,0.000,-0.272,0.000,0.000,0.000,0.000,savant_only,A_pitchers_YTD_5_14.csv
Ethan Murray,MIL,AAA,hitter,2B/SS,26,91,325,0.461,0.392,0.236,0.440,0.570,High,,,,,0.000,-0.273,0.000,0.000,0.000,0.000,savant_only,AAA_hitters_YTD_5_14.csv
Ramon Sanchez,MIA,A,pitcher,RP,24,38,160,0.025,0.411,0.381,0.016,0.144,Low,,,,,0.000,-0.279,0.000,0.000,0.000,0.000,savant_only,A_pitchers_YTD_5_14.csv
Brady Choban,LAA,AAA,pitcher,RP,25,41,146,0.296,0.272,0.298,0.380,0.292,Medium,,,,,0.000,-0.279,0.000,0.000,0.000,0.000,savant_only,AAA_pitchers_YTD_5_14.csv
Josh Tate,PIT,A,hitter,OF,22,122,465,0.338,0.313,0.327,0.331,0.420,Medium,,,,,0.000,-0.285,0.000,0.000,0.000,0.000,savant_only,A_hitters_YTD_5_14.csv
Alex Birge,FA,A,hitter,C,23,68,295,0.101,0.349,0.144,0.175,0.219,Low,,,,,0.000,-0.285,0.000,0.000,0.000,0.000,savant_only,A_hitters_YTD_5_14.csv
Brenan Hanifee,DET,AAA,pitcher,RP,27,49,177,0.450,0.332,0.329,0.385,0.312,Medium,,,,,0.000,-0.288,0.000,0.000,0.000,0.000,savant_only,AAA_pitchers_YTD_5_14.csv
Jonathan Pintaro,NYM,AAA,pitcher,RP,28,91,372,0.399,0.276,0.288,0.441,0.610,High,,,,,0.000,-0.288,0.000,0.000,0.000,0.000,savant_only,AAA_pitchers_YTD_5_14.csv
Kyle Nicolas,CIN,AAA,pitcher,RP,27,49,193,0.442,0.323,0.416,0.394,0.340,Medium,,,,,0.000,-0.288,0.000,0.000,0.000,0.000,savant_only,AAA_pitchers_YTD_5_14.csv
Eliezer Alfonzo,LAD,AAA,hitter,C,26,86,362,0.310,0.720,0.577,0.433,0.539,Medium,,,,,0.000,-0.288,0.000,0.000,0.000,0.000,savant_only,AAA_hitters_YTD_5_14.csv
Freddy Zamora,MIL,AAA,hitter,SS,27,73,298,0.370,0.520,0.095,0.415,0.428,Medium,,,,,0.000,-0.290,0.000,0.000,0.000,0.000,savant_only,AAA_hitters_YTD_5_14.csv
Anthony Volpe,NYY,AAA,hitter,SS,25,42,149,0.482,0.105,0.074,0.369,0.280,Medium,,,,,0.000,-0.293,0.000,0.000,0.000,0.000,savant_only,AAA_hitters_YTD_5_14.csv
Carlos Peña,DET,AAA,pitcher,SP,27,39,152,0.312,0.291,0.203,0.360,0.268,Medium,,,,,0.000,-0.300,0.000,0.000,0.000,0.000,savant_only,AAA_pitchers_YTD_5_14.csv
Reidis Sena,BOS,AAA,pitcher,SP,25,54,225,0.575,0.364,0.417,0.415,0.450,Medium,,,,,0.000,-0.305,0.000,0.000,0.000,0.000,savant_only,AAA_pitchers_YTD_5_14.csv
Cade Fergus,PHI,AAA,hitter,OF,25,27,117,0.401,0.018,0.035,0.286,0.180,Low,,,,,0.000,-0.308,0.000,0.000,0.000,0.000,savant_only,AAA_hitters_YTD_5_14.csv
Conner Ware,NYM,A,pitcher,SP,22,98,386,0.333,0.334,0.401,0.306,0.399,Medium,,,,,0.000,-0.310,0.000,0.000,0.000,0.000,savant_only,A_pitchers_YTD_5_14.csv
Dane Acker,TEX,AAA,pitcher,SP,27,70,318,0.538,0.339,0.360,0.431,0.560,High,,,,,0.000,-0.311,0.000,0.000,0.000,0.000,savant_only,AAA_pitchers_YTD_5_14.csv
Rafael Flores Jr.,PIT,AAA,hitter,1B,25,146,578,0.503,0.357,0.280,0.459,0.973,High,,,,,0.000,-0.318,0.000,0.000,0.000,0.000,savant_only,AAA_hitters_YTD_5_14.csv
Ryan Fernandez,STL,AAA,pitcher,RP,27,44,186,0.447,0.335,0.268,0.378,0.327,Medium,,,,,0.000,-0.319,0.000,0.000,0.000,0.000,savant_only,AAA_pitchers_YTD_5_14.csv
Will Vierling,PHI,A,hitter,C,22,78,287,0.173,0.273,0.273,0.203,0.269,Medium,,,,,0.000,-0.320,0.000,0.000,0.000,0.000,savant_only,A_hitters_YTD_5_14.csv
Garrett Schoenle,CHW,AAA,pitcher,RP,27,31,111,0.186,0.282,0.268,0.293,0.195,Low,,,,,0.000,-0.324,0.000,0.000,0.000,0.000,savant_only,AAA_pitchers_YTD_5_14.csv
Greiber Mendez,PIT,A,pitcher,RP,22,77,280,0.233,0.347,0.405,0.220,0.290,Medium,,,,,0.000,-0.325,0.000,0.000,0.000,0.000,savant_only,A_pitchers_YTD_5_14.csv
Sam Robertson,NYM,A,hitter,2B/3B/OF,21,96,390,0.273,0.259,0.439,0.269,0.352,Medium,,,,,0.000,-0.325,0.000,0.000,0.000,0.000,savant_only,A_hitters_YTD_5_14.csv
Peyton Havard,PHI,A,pitcher,RP,24,68,248,0.057,0.333,0.417,0.127,0.224,Low,,,,,0.000,-0.333,0.000,0.000,0.000,0.000,savant_only,A_pitchers_YTD_5_14.csv
Jayvien Sandridge,BAL,AAA,pitcher,RP,27,33,152,0.357,0.320,0.423,0.343,0.268,Medium,,,,,0.000,-0.335,0.000,0.000,0.000,0.000,savant_only,AAA_pitchers_YTD_5_14.csv
Liam Best,STL,A,pitcher,RP,22,59,253,0.195,0.357,0.358,0.179,0.262,Medium,,,,,0.000,-0.336,0.000,0.000,0.000,0.000,savant_only,A_pitchers_YTD_5_14.csv
Luis Victorino,TOR,A,pitcher,RP,23,64,231,0.044,0.331,0.424,0.122,0.224,Low,,,,,0.000,-0.338,0.000,0.000,0.000,0.000,savant_only,A_pitchers_YTD_5_14.csv
Will Wagner,SDP,AAA,hitter,2B/3B,27,40,200,0.187,0.619,0.620,0.316,0.235,Low,,,,,0.000,-0.345,0.000,0.000,0.000,0.000,savant_only,AAA_hitters_YTD_5_14.csv
Roilan Portuondo,PIT,A,pitcher,RP,27,65,267,0.006,0.342,0.398,0.080,0.206,Low,,,,,0.000,-0.345,0.000,0.000,0.000,0.000,savant_only,A_pitchers_YTD_5_14.csv
Tyler Pettorini,PHI,A,hitter,2B/3B,23,77,287,0.144,0.173,0.040,0.153,0.248,Low,,,,,0.000,-0.345,0.000,0.000,0.000,0.000,savant_only,A_hitters_YTD_5_14.csv
Raimundo De Los Santos,TOR,A,hitter,OF,21,57,235,0.094,0.050,0.086,0.081,0.209,Low,,,,,0.000,-0.351,0.000,0.000,0.000,0.000,savant_only,A_hitters_YTD_5_14.csv
Thomas Gavello,SFG,AAA,hitter,2B/3B,24,87,360,0.470,0.328,0.209,0.427,0.615,High,,,,,0.000,-0.357,0.000,0.000,0.000,0.000,savant_only,AAA_hitters_YTD_5_14.csv
Andrew Pogue,FA,A,pitcher,RP,25,82,310,0.038,0.309,0.423,0.153,0.259,Medium,,,,,0.000,-0.359,0.000,0.000,0.000,0.000,savant_only,A_pitchers_YTD_5_14.csv
Pete Hansen,STL,AAA,pitcher,SP,25,65,244,0.377,0.288,0.316,0.407,0.488,Medium,,,,,0.000,-0.362,0.000,0.000,0.000,0.000,savant_only,AAA_pitchers_YTD_5_14.csv
Joey Mancini,HOU,AAA,pitcher,SP,26,65,259,0.545,0.357,0.354,0.407,0.487,Medium,,,,,0.000,-0.363,0.000,0.000,0.000,0.000,savant_only,AAA_pitchers_YTD_5_14.csv
Duke Ellis,NYY,AAA,hitter,OF,28,54,232,0.292,0.470,0.717,0.345,0.295,Medium,,,,,0.000,-0.365,0.000,0.000,0.000,0.000,savant_only,AAA_hitters_YTD_5_14.csv
Sergio Tapia,DET,A,hitter,C,23,70,269,0.043,0.201,0.353,0.091,0.226,Low,,,,,0.000,-0.370,0.000,0.000,0.000,0.000,savant_only,A_hitters_YTD_5_14.csv
Juan Benjamin,CLE,AAA,hitter,2B/3B,23,51,222,0.476,0.151,0.084,0.378,0.381,Medium,,,,,0.000,-0.371,0.000,0.000,0.000,0.000,savant_only,AAA_hitters_YTD_5_14.csv
Austin Smith,TOR,A,hitter,OF,23,90,338,0.180,0.162,0.058,0.174,0.290,Medium,,,,,0.000,-0.378,0.000,0.000,0.000,0.000,savant_only,A_hitters_YTD_5_14.csv
Braxton Garrett,MIA,AAA,pitcher,SP,28,119,467,0.457,0.302,0.238,0.437,0.766,High,,,,,0.000,-0.385,0.000,0.000,0.000,0.000,savant_only,AAA_pitchers_YTD_5_14.csv
Sam Benschoter,CIN,AAA,pitcher,SP,28,99,376,0.467,0.316,0.411,0.421,0.617,High,,,,,0.000,-0.387,0.000,0.000,0.000,0.000,savant_only,AAA_pitchers_YTD_5_14.csv
Trenton Denholm,CLE,AAA,pitcher,SP,26,158,563,0.460,0.296,0.355,0.448,0.940,High,,,,,0.000,-0.388,0.000,0.000,0.000,0.000,savant_only,AAA_pitchers_YTD_5_14.csv
Joander Suarez,NYM,AAA,pitcher,SP,26,44,190,0.417,0.333,0.452,0.362,0.357,Medium,,,,,0.000,-0.395,0.000,0.000,0.000,0.000,savant_only,AAA_pitchers_YTD_5_14.csv
AJ Salgado,FA,A,hitter,IF,24,108,419,0.086,0.442,0.496,0.193,0.325,Medium,,,,,0.000,-0.399,0.000,0.000,0.000,0.000,savant_only,A_hitters_YTD_5_14.csv
Dayne Leonard,FA,AAA,hitter,C,26,29,111,0.093,0.532,0.895,0.225,0.182,Low,,,,,0.000,-0.400,0.000,0.000,0.000,0.000,savant_only,AAA_hitters_YTD_5_14.csv
Mason Davenport,FA,A,pitcher,RP,21,54,237,0.151,0.379,0.506,0.116,0.261,Medium,,,,,0.000,-0.401,0.000,0.000,0.000,0.000,savant_only,A_pitchers_YTD_5_14.csv
Ediel Rivera,NYY,A,hitter,C,20,84,336,0.209,0.144,0.050,0.189,0.326,Medium,,,,,0.000,-0.406,0.000,0.000,0.000,0.000,savant_only,A_hitters_YTD_5_14.csv
Matthew Dalquist,MIN,A,pitcher,SP,23,76,276,0.082,0.348,0.359,0.120,0.267,Medium,,,,,0.000,-0.406,0.000,0.000,0.000,0.000,savant_only,A_pitchers_YTD_5_14.csv
Griff McGarry,LAD,AAA,pitcher,RP,26,59,260,0.470,0.333,0.355,0.396,0.489,Medium,,,,,0.000,-0.406,0.000,0.000,0.000,0.000,savant_only,AAA_pitchers_YTD_5_14.csv
Josh Simpson,SEA,AAA,pitcher,RP,28,38,175,0.204,0.271,0.192,0.322,0.287,Medium,,,,,0.000,-0.410,0.000,0.000,0.000,0.000,savant_only,AAA_pitchers_YTD_5_14.csv
Jair Camargo,ATL,AAA,hitter,C/DH,26,89,341,0.425,0.367,0.104,0.408,0.558,High,,,,,0.000,-0.413,0.000,0.000,0.000,0.000,savant_only,AAA_hitters_YTD_5_14.csv
Braden Shewmake,HOU,AAA,hitter,3B/SS,28,35,120,0.111,0.506,0.203,0.230,0.191,Low,,,,,0.000,-0.414,0.000,0.000,0.000,0.000,savant_only,AAA_hitters_YTD_5_14.csv
Jared Shuster,STL,AAA,pitcher,RP,27,46,168,0.339,0.327,0.430,0.321,0.296,Medium,,,,,0.000,-0.424,0.000,0.000,0.000,0.000,savant_only,AAA_pitchers_YTD_5_14.csv
Trace Bright,BAL,AAA,pitcher,SP,25,38,143,0.425,0.369,0.461,0.309,0.286,Medium,,,,,0.000,-0.436,0.000,0.000,0.000,0.000,savant_only,AAA_pitchers_YTD_5_14.csv
Sebastián Rivero,LAA,AAA,hitter,C,27,50,176,0.380,0.158,0.078,0.313,0.293,Medium,,,,,0.000,-0.439,0.000,0.000,0.000,0.000,savant_only,AAA_hitters_YTD_5_14.csv
Mario Camilletti,CHW,AAA,hitter,2B/3B,27,104,479,0.280,0.709,0.901,0.409,0.610,High,,,,,0.000,-0.445,0.000,0.000,0.000,0.000,savant_only,AAA_hitters_YTD_5_14.csv
Ryan Bergert,KCR,AAA,pitcher,SP,26,41,185,0.523,0.433,0.319,0.340,0.348,Medium,,,,,0.000,-0.446,0.000,0.000,0.000,0.000,savant_only,AAA_pitchers_YTD_5_14.csv
Ryan Cusick,PHI,AAA,pitcher,SP,26,136,558,0.563,0.343,0.336,0.441,0.940,High,,,,,0.000,-0.447,0.000,0.000,0.000,0.000,savant_only,AAA_pitchers_YTD_5_14.csv
Blake Dunn,CIN,AAA,hitter,OF,27,129,480,0.377,0.542,0.330,0.426,0.757,High,,,,,0.000,-0.447,0.000,0.000,0.000,0.000,savant_only,AAA_hitters_YTD_5_14.csv
Jatnk Diaz,DET,A,pitcher,RP,21,84,306,0.145,0.345,0.387,0.166,0.337,Medium,,,,,0.000,-0.450,0.000,0.000,0.000,0.000,savant_only,A_pitchers_YTD_5_14.csv
Cameron Foster,BAL,AAA,pitcher,RP,27,49,198,0.422,0.350,0.481,0.338,0.348,Medium,,,,,0.000,-0.452,0.000,0.000,0.000,0.000,savant_only,AAA_pitchers_YTD_5_14.csv
Will Cresswell,TOR,A,hitter,C,22,72,285,0.050,0.014,0.022,0.040,0.248,Low,,,,,0.000,-0.457,0.000,0.000,0.000,0.000,savant_only,A_hitters_YTD_5_14.csv
Andrew Navigato,DET,AAA,hitter,2B/SS,27,44,151,0.202,0.447,0.559,0.275,0.258,Medium,,,,,0.000,-0.464,0.000,0.000,0.000,0.000,savant_only,AAA_hitters_YTD_5_14.csv
Caden Connor,CHW,AAA,hitter,1B/OF,25,102,383,0.449,0.328,0.343,0.413,0.680,High,,,,,0.000,-0.475,0.000,0.000,0.000,0.000,savant_only,AAA_hitters_YTD_5_14.csv
Skylar Hales,STL,AAA,pitcher,RP,24,73,286,0.427,0.312,0.368,0.402,0.606,High,,,,,0.000,-0.477,0.000,0.000,0.000,0.000,savant_only,AAA_pitchers_YTD_5_14.csv
Pedro Garcia,DET,A,pitcher,RP,24,84,342,0.075,0.351,0.377,0.111,0.308,Medium,,,,,0.000,-0.480,0.000,0.000,0.000,0.000,savant_only,A_pitchers_YTD_5_14.csv
Noah Palmese,TOR,A,pitcher,RP,22,67,249,0.050,0.390,0.431,0.033,0.257,Medium,,,,,0.000,-0.481,0.000,0.000,0.000,0.000,savant_only,A_pitchers_YTD_5_14.csv
MT Morrissey,FA,A,pitcher,SP,24,76,296,0.063,0.385,0.317,0.049,0.267,Medium,,,,,0.000,-0.482,0.000,0.000,0.000,0.000,savant_only,A_pitchers_YTD_5_14.csv
Nick Loftin,KCR,AAA,hitter,2B,27,39,126,0.145,0.432,0.654,0.231,0.229,Low,,,,,0.000,-0.493,0.000,0.000,0.000,0.000,savant_only,AAA_hitters_YTD_5_14.csv
Jordan Wicks,CHC,AAA,pitcher,SP,26,76,291,0.515,0.357,0.454,0.387,0.547,Medium,,,,,0.000,-0.493,0.000,0.000,0.000,0.000,savant_only,AAA_pitchers_YTD_5_14.csv
Josh Hendrickson,HOU,AAA,pitcher,SP,28,76,295,0.286,0.273,0.293,0.372,0.484,Medium,,,,,0.000,-0.494,0.000,0.000,0.000,0.000,savant_only,AAA_pitchers_YTD_5_14.csv
Nic Kent,COL,AAA,hitter,2B/SS,26,34,149,0.130,0.380,0.524,0.205,0.213,Low,,,,,0.000,-0.504,0.000,0.000,0.000,0.000,savant_only,AAA_hitters_YTD_5_14.csv
Brian Arias,NYY,A,pitcher,RP,22,80,297,0.126,0.403,0.451,0.082,0.307,Medium,,,,,0.000,-0.514,0.000,0.000,0.000,0.000,savant_only,A_pitchers_YTD_5_14.csv
Eli Villalobos,SDP,AAA,pitcher,RP,28,66,253,0.279,0.287,0.351,0.345,0.415,Medium,,,,,0.000,-0.514,0.000,0.000,0.000,0.000,savant_only,AAA_pitchers_YTD_5_14.csv
Onix Vega,NYM,AAA,hitter,C,27,23,100,0.030,0.009,0.114,0.024,0.135,Low,,,,,0.000,-0.514,0.000,0.000,0.000,0.000,savant_only,AAA_hitters_YTD_5_14.csv
Sean Sullivan,COL,AAA,pitcher,SP,23,172,682,0.435,0.294,0.361,0.435,1.000,High,,524.000,,807743,0.500,-0.518,0.000,0.000,0.000,0.000,name_org,AAA_pitchers_YTD_5_14.csv
Dustin Dickerson,KCR,AAA,hitter,SS,25,39,158,0.301,0.133,0.039,0.251,0.260,Medium,,,,,0.000,-0.519,0.000,0.000,0.000,0.000,savant_only,AAA_hitters_YTD_5_14.csv
Mason Green,COL,AAA,pitcher,RP,27,86,332,0.324,0.278,0.317,0.389,0.584,High,,,,,0.000,-0.520,0.000,0.000,0.000,0.000,savant_only,AAA_pitchers_YTD_5_14.csv
Kade Strowd,ARI,AAA,pitcher,RP,28,65,266,0.314,0.298,0.324,0.351,0.436,Medium,,,,,0.000,-0.522,0.000,0.000,0.000,0.000,savant_only,AAA_pitchers_YTD_5_14.csv
Luis Gastelum,STL,AAA,pitcher,RP,24,91,366,0.482,0.326,0.322,0.415,0.776,High,,809.000,,703725,0.500,-0.525,0.000,0.000,0.000,0.000,name_org,AAA_pitchers_YTD_5_14.csv
Zac Leigh,CHC,AAA,pitcher,RP,28,80,326,0.317,0.283,0.324,0.376,0.535,Medium,,,,,0.000,-0.530,0.000,0.000,0.000,0.000,savant_only,AAA_pitchers_YTD_5_14.csv
Brandon Cain,PIT,A,pitcher,RP,21,86,352,0.208,0.378,0.322,0.154,0.387,Medium,,,,,0.000,-0.536,0.000,0.000,0.000,0.000,savant_only,A_pitchers_YTD_5_14.csv
Marc Church,TEX,AAA,pitcher,RP,25,53,211,0.472,0.369,0.489,0.340,0.422,Medium,,,,,0.000,-0.539,0.000,0.000,0.000,0.000,savant_only,AAA_pitchers_YTD_5_14.csv
Woo-Suk Go,DET,AAA,pitcher,RP,27,28,124,0.168,0.339,0.261,0.191,0.218,Low,,,,,0.000,-0.540,0.000,0.000,0.000,0.000,savant_only,AAA_pitchers_YTD_5_14.csv
Danny Flatt,NYY,A,pitcher,SP,21,89,333,0.201,0.412,0.323,0.131,0.366,Medium,,,,,0.000,-0.541,0.000,0.000,0.000,0.000,savant_only,A_pitchers_YTD_5_14.csv
Juan Sanchez,SFG,AAA,pitcher,RP,25,39,177,0.392,0.357,0.438,0.307,0.354,Medium,,,,,0.000,-0.546,0.000,0.000,0.000,0.000,savant_only,AAA_pitchers_YTD_5_14.csv
Aaron Zavala,TEX,AAA,hitter,OF,25,125,505,0.440,0.367,0.566,0.418,0.833,High,,,,,0.000,-0.546,0.000,0.000,0.000,0.000,savant_only,AAA_hitters_YTD_5_14.csv
Justin King,MIA,AAA,pitcher,RP,28,22,104,0.143,0.400,0.461,0.093,0.171,Low,,,,,0.000,-0.555,0.000,0.000,0.000,0.000,savant_only,AAA_pitchers_YTD_5_14.csv
Oliver Dunn,CHW,AAA,hitter,3B,28,161,651,0.316,0.645,0.675,0.415,0.820,High,,,,,0.000,-0.559,0.000,0.000,0.000,0.000,savant_only,AAA_hitters_YTD_5_14.csv
Michael Sansone,FA,AAA,pitcher,SP,26,64,229,0.420,0.350,0.321,0.336,0.431,Medium,,,,,0.000,-0.564,0.000,0.000,0.000,0.000,savant_only,AAA_pitchers_YTD_5_14.csv
Jack Little,DET,AAA,pitcher,SP,28,68,266,0.382,0.334,0.345,0.337,0.436,Medium,,,,,0.000,-0.568,0.000,0.000,0.000,0.000,savant_only,AAA_pitchers_YTD_5_14.csv
Bryan Ramos,BAL,AAA,hitter,3B,24,126,509,0.509,0.212,0.154,0.420,0.890,High,,648.000,,682868,0.500,-0.570,0.000,0.000,0.000,0.000,name_org,AAA_hitters_YTD_5_14.csv
Darren Baker,CHW,AAA,hitter,2B/DH,27,37,135,0.123,0.276,0.084,0.169,0.217,Low,,,,,0.000,-0.575,0.000,0.000,0.000,0.000,savant_only,AAA_hitters_YTD_5_14.csv
Zak Kent,WSN,AAA,pitcher,RP,28,46,181,0.171,0.298,0.367,0.257,0.297,Medium,,,,,0.000,-0.576,0.000,0.000,0.000,0.000,savant_only,AAA_pitchers_YTD_5_14.csv
Mike Jarvis,PIT,AAA,hitter,2B,28,27,103,0.003,0.030,0.095,0.011,0.148,Low,,,,,0.000,-0.577,0.000,0.000,0.000,0.000,savant_only,AAA_hitters_YTD_5_14.csv
César Prieto,STL,AAA,hitter,2B/3B/DH,27,113,373,0.431,0.298,0.807,0.391,0.663,High,,1071.000,,693409,0.500,-0.578,0.000,0.000,0.000,0.000,name_org,AAA_hitters_YTD_5_14.csv
Buddy Kennedy,SFG,AAA,hitter,2B/3B,27,147,576,0.307,0.670,0.854,0.416,0.862,High,,,,,0.000,-0.579,0.000,0.000,0.000,0.000,savant_only,AAA_hitters_YTD_5_14.csv
Cooper Kinney,TBR,AAA,hitter,2B,23,27,108,0.178,0.053,0.017,0.140,0.202,Low,,,,,0.000,-0.580,0.000,0.000,0.000,0.000,savant_only,AAA_hitters_YTD_5_14.csv
Eric Silva,DET,AAA,pitcher,RP,23,31,115,0.276,0.366,0.425,0.218,0.258,Medium,,,,,0.000,-0.581,0.000,0.000,0.000,0.000,savant_only,AAA_pitchers_YTD_5_14.csv
Tanner Gordon,COL,AAA,pitcher,SP,28,62,242,0.344,0.333,0.245,0.314,0.397,Medium,,,,,0.000,-0.589,0.000,0.000,0.000,0.000,savant_only,AAA_pitchers_YTD_5_14.csv
Ethan Bosacker,KCR,AAA,pitcher,SP,25,74,306,0.437,0.330,0.387,0.380,0.612,High,,,,,0.000,-0.589,0.000,0.000,0.000,0.000,savant_only,AAA_pitchers_YTD_5_14.csv
Michael Turner,CHW,AAA,hitter,C,27,53,218,0.081,0.682,0.935,0.262,0.311,Medium,,,,,0.000,-0.593,0.000,0.000,0.000,0.000,savant_only,AAA_hitters_YTD_5_14.csv
Omar Cruz,SDP,AAA,pitcher,RP,27,27,117,0.206,0.462,0.559,0.134,0.206,Low,,,,,0.000,-0.603,0.000,0.000,0.000,0.000,savant_only,AAA_pitchers_YTD_5_14.csv
John McMillon,PHI,AAA,pitcher,RP,28,33,157,0.151,0.324,0.353,0.203,0.257,Medium,,,,,0.000,-0.612,0.000,0.000,0.000,0.000,savant_only,AAA_pitchers_YTD_5_14.csv
Hunter Dobbins,STL,AAA,pitcher,SP,26,116,443,0.372,0.286,0.317,0.407,0.833,High,,,,,0.000,-0.619,0.000,0.000,0.000,0.000,savant_only,AAA_pitchers_YTD_5_14.csv
Trent Harris,SFG,AAA,pitcher,RP,27,54,228,0.384,0.356,0.393,0.304,0.401,Medium,,,,,0.000,-0.629,0.000,0.000,0.000,0.000,savant_only,AAA_pitchers_YTD_5_14.csv
Sawyer Gipson-Long,DET,AAA,pitcher,SP,28,87,304,0.379,0.330,0.355,0.342,0.499,Medium,,,,,0.000,-0.630,0.000,0.000,0.000,0.000,savant_only,AAA_pitchers_YTD_5_14.csv
Je'Von Ward,TOR,AAA,hitter,OF,26,36,139,0.196,0.039,0.021,0.149,0.226,Low,,,,,0.000,-0.634,0.000,0.000,0.000,0.000,savant_only,AAA_hitters_YTD_5_14.csv
Elih Marrero,KCR,AAA,hitter,C,28,33,130,0.048,0.081,0.191,0.058,0.180,Low,,,,,0.000,-0.638,0.000,0.000,0.000,0.000,savant_only,AAA_hitters_YTD_5_14.csv
Tanner Burns,CLE,AAA,pitcher,RP,27,80,327,0.394,0.324,0.288,0.361,0.576,High,,,,,0.000,-0.638,0.000,0.000,0.000,0.000,savant_only,AAA_pitchers_YTD_5_14.csv
Ethan Roberts,CHC,AAA,pitcher,RP,28,41,183,0.111,0.288,0.319,0.234,0.300,Medium,,,,,0.000,-0.638,0.000,0.000,0.000,0.000,savant_only,AAA_pitchers_YTD_5_14.csv
Carlos Colmenarez,TBR,AAA,hitter,3B/SS,22,63,261,0.458,0.060,0.066,0.339,0.496,Medium,,,,,0.000,-0.640,0.000,0.000,0.000,0.000,savant_only,AAA_hitters_YTD_5_14.csv
Mason Morris,CIN,A,pitcher,SP,22,50,218,0.157,0.364,0.427,0.144,0.225,Low,,1003.000,,702568,0.500,-0.643,0.000,0.000,0.000,0.000,name_org,A_pitchers_YTD_5_14.csv
Dru Baker,CHW,AAA,hitter,OF,26,91,350,0.389,0.286,0.541,0.358,0.570,High,,,,,0.000,-0.649,0.000,0.000,0.000,0.000,savant_only,AAA_hitters_YTD_5_14.csv
Logan Davidson,TBR,AAA,hitter,1B,28,147,581,0.277,0.682,0.437,0.399,0.804,High,,,,,0.000,-0.652,0.000,0.000,0.000,0.000,savant_only,AAA_hitters_YTD_5_14.csv
Michel Otañez,TEX,AAA,pitcher,RP,28,63,264,0.281,0.309,0.315,0.312,0.433,Medium,,,,,0.000,-0.652,0.000,0.000,0.000,0.000,savant_only,AAA_pitchers_YTD_5_14.csv
Tyler Mattison,DET,AAA,pitcher,RP,26,71,306,0.364,0.314,0.344,0.358,0.575,High,,,,,0.000,-0.655,0.000,0.000,0.000,0.000,savant_only,AAA_pitchers_YTD_5_14.csv
Jack Weisenburger,NYM,AAA,pitcher,SP,28,37,130,0.148,0.378,0.368,0.115,0.213,Low,,,,,0.000,-0.656,0.000,0.000,0.000,0.000,savant_only,AAA_pitchers_YTD_5_14.csv
Mitch Spence,KCR,AAA,pitcher,SP,28,85,313,0.271,0.287,0.259,0.340,0.513,Medium,,,,,0.000,-0.656,0.000,0.000,0.000,0.000,savant_only,AAA_pitchers_YTD_5_14.csv
Antwone Kelly,PIT,AAA,pitcher,SP,22,165,596,0.623,0.382,0.386,0.418,1.000,High,,316.000,,699008,0.500,-0.658,0.000,0.000,0.000,0.000,name_org,AAA_pitchers_YTD_5_14.csv
Allan Castro,BOS,AAA,hitter,OF,22,141,613,0.566,0.071,0.104,0.418,1.000,High,,565.000,,691369,0.500,-0.659,0.000,0.000,0.000,0.000,name_org,AAA_hitters_YTD_5_14.csv
Isaiah Campbell,ARI,AAA,pitcher,RP,28,68,271,0.234,0.288,0.363,0.314,0.444,Medium,,,,,0.000,-0.661,0.000,0.000,0.000,0.000,savant_only,AAA_pitchers_YTD_5_14.csv
Colin Peluse,PHI,AAA,pitcher,RP,27,25,103,0.040,0.386,0.436,0.032,0.181,Low,,,,,0.000,-0.678,0.000,0.000,0.000,0.000,savant_only,AAA_pitchers_YTD_5_14.csv
Lucas Braun,ATL,AAA,pitcher,SP,24,131,515,0.465,0.319,0.322,0.415,1.000,High,,419.000,,814351,0.500,-0.679,0.000,0.000,0.000,0.000,name_org,AAA_pitchers_YTD_5_14.csv
Gerardo Carrillo,ARI,AAA,pitcher,RP,27,81,315,0.505,0.379,0.385,0.346,0.554,High,,,,,0.000,-0.684,0.000,0.000,0.000,0.000,savant_only,AAA_pitchers_YTD_5_14.csv
Blaine Crim,COL,AAA,hitter,1B,28,147,548,0.274,0.670,0.468,0.393,0.804,High,,,,,0.000,-0.688,0.000,0.000,0.000,0.000,savant_only,AAA_hitters_YTD_5_14.csv
Jordyn Adams,MIL,AAA,hitter,OF,26,42,152,0.217,0.053,0.196,0.168,0.263,Medium,,,,,0.000,-0.700,0.000,0.000,0.000,0.000,savant_only,AAA_hitters_YTD_5_14.csv
Michael Mercado,PHI,AAA,pitcher,RP,27,28,108,0.060,0.407,0.376,0.039,0.190,Low,,,,,0.000,-0.701,0.000,0.000,0.000,0.000,savant_only,AAA_pitchers_YTD_5_14.csv
Anthony Maldonado,HOU,AAA,pitcher,RP,28,73,305,0.224,0.278,0.289,0.324,0.500,Medium,,,,,0.000,-0.706,0.000,0.000,0.000,0.000,savant_only,AAA_pitchers_YTD_5_14.csv
Dylan Phillips,LAA,AAA,pitcher,RP,26,40,156,0.118,0.314,0.366,0.198,0.293,Medium,,,,,0.000,-0.709,0.000,0.000,0.000,0.000,savant_only,AAA_pitchers_YTD_5_14.csv
Chris Roycroft,STL,AAA,pitcher,RP,28,67,221,0.156,0.296,0.380,0.251,0.362,Medium,,,,,0.000,-0.723,0.000,0.000,0.000,0.000,savant_only,AAA_pitchers_YTD_5_14.csv
Sammy Peralta,COL,AAA,pitcher,RP,28,83,285,0.211,0.284,0.284,0.306,0.467,Medium,,,,,0.000,-0.726,0.000,0.000,0.000,0.000,savant_only,AAA_pitchers_YTD_5_14.csv
Connor Gillispie,PHI,AAA,pitcher,SP,28,65,261,0.289,0.328,0.274,0.286,0.428,Medium,,,,,0.000,-0.731,0.000,0.000,0.000,0.000,savant_only,AAA_pitchers_YTD_5_14.csv
Tyler Samaniego,BOS,AAA,pitcher,RP,27,30,121,0.108,0.442,0.399,0.070,0.213,Low,,,,,0.000,-0.732,0.000,0.000,0.000,0.000,savant_only,AAA_pitchers_YTD_5_14.csv
Will Wilson,SEA,AAA,hitter,2B/3B,27,47,189,0.105,0.312,0.587,0.167,0.276,Medium,,,,,0.000,-0.734,0.000,0.000,0.000,0.000,savant_only,AAA_hitters_YTD_5_14.csv
Andre Granillo,WSN,AAA,pitcher,RP,26,42,163,0.254,0.368,0.483,0.200,0.306,Medium,,,,,0.000,-0.736,0.000,0.000,0.000,0.000,savant_only,AAA_pitchers_YTD_5_14.csv
Ben Rortvedt,NYM,AAA,hitter,C,28,45,168,0.102,0.164,0.030,0.121,0.246,Low,,,,,0.000,-0.746,0.000,0.000,0.000,0.000,savant_only,AAA_hitters_YTD_5_14.csv
Will Robertson,BAL,AAA,hitter,OF,28,36,133,0.018,0.039,0.009,0.024,0.197,Low,,,,,0.000,-0.749,0.000,0.000,0.000,0.000,savant_only,AAA_hitters_YTD_5_14.csv
Carson Coleman,NYY,AAA,pitcher,RP,28,68,267,0.219,0.300,0.277,0.285,0.438,Medium,,,,,0.000,-0.752,0.000,0.000,0.000,0.000,savant_only,AAA_pitchers_YTD_5_14.csv
Trei Cruz,DET,AAA,hitter,SS,27,79,325,0.232,0.443,0.236,0.295,0.463,Medium,,995.000,,669360,0.500,-0.759,0.000,0.000,0.000,0.000,name_org,AAA_hitters_YTD_5_14.csv
Ryan McCarty,TOR,AAA,hitter,2B/3B,27,34,125,0.015,0.033,0.012,0.020,0.199,Low,,,,,0.000,-0.765,0.000,0.000,0.000,0.000,savant_only,AAA_hitters_YTD_5_14.csv
Turner Hill,SFG,AAA,hitter,OF,27,63,243,0.262,0.187,0.502,0.239,0.370,Medium,,,,,0.000,-0.770,0.000,0.000,0.000,0.000,savant_only,AAA_hitters_YTD_5_14.csv
Luke Little,CHC,AAA,pitcher,RP,25,61,246,0.407,0.366,0.361,0.303,0.492,Medium,,,,,0.000,-0.776,0.000,0.000,0.000,0.000,savant_only,AAA_pitchers_YTD_5_14.csv
Tanner Schobel,MIN,AAA,hitter,2B/3B,24,88,371,0.392,0.232,0.294,0.344,0.622,High,,,,,0.000,-0.778,0.000,0.000,0.000,0.000,savant_only,AAA_hitters_YTD_5_14.csv
Brandon Eisert,CHW,AAA,pitcher,SP,28,62,261,0.221,0.309,0.407,0.273,0.428,Medium,,,,,0.000,-0.779,0.000,0.000,0.000,0.000,savant_only,AAA_pitchers_YTD_5_14.csv
Ivan Melendez,FA,AAA,hitter,1B/3B,26,50,197,0.193,0.181,0.217,0.189,0.313,Medium,,,,,0.000,-0.779,0.000,0.000,0.000,0.000,savant_only,AAA_hitters_YTD_5_14.csv
Eduardo Salazar,MIN,AAA,pitcher,RP,28,37,144,0.025,0.346,0.327,0.086,0.236,Low,,,,,0.000,-0.782,0.000,0.000,0.000,0.000,savant_only,AAA_pitchers_YTD_5_14.csv
Hayden Cantrelle,CHC,AAA,hitter,2B,27,42,165,0.136,0.027,0.396,0.103,0.246,Low,,,,,0.000,-0.783,0.000,0.000,0.000,0.000,savant_only,AAA_hitters_YTD_5_14.csv
Shinnosuke Ogasawara,WSN,AAA,pitcher,SP,28,55,211,0.146,0.313,0.405,0.217,0.346,Medium,,,,,0.000,-0.783,0.000,0.000,0.000,0.000,savant_only,AAA_pitchers_YTD_5_14.csv
Diego Castillo,TEX,AAA,hitter,2B/SS,28,45,182,0.042,0.241,0.336,0.102,0.246,Low,,,,,0.000,-0.784,0.000,0.000,0.000,0.000,savant_only,AAA_hitters_YTD_5_14.csv
Andy Yerzy,STL,AAA,hitter,C/1B,27,41,164,0.127,0.012,0.006,0.092,0.241,Low,,,,,0.000,-0.785,0.000,0.000,0.000,0.000,savant_only,AAA_hitters_YTD_5_14.csv
Gerald Ogando,BAL,AAA,pitcher,RP,25,45,201,0.261,0.337,0.306,0.254,0.402,Medium,,,,,0.000,-0.791,0.000,0.000,0.000,0.000,savant_only,AAA_pitchers_YTD_5_14.csv
Ben Cowles,CHC,AAA,hitter,2B/SS,26,92,351,0.346,0.286,0.364,0.328,0.577,High,,,,,0.000,-0.792,0.000,0.000,0.000,0.000,savant_only,AAA_hitters_YTD_5_14.csv
Shane Drohan,MIL,AAA,pitcher,SP,27,63,250,0.284,0.334,0.358,0.274,0.440,Medium,,690.000,,675660,0.500,-0.797,0.000,0.000,0.000,0.000,name_org,AAA_pitchers_YTD_5_14.csv
Rikuu Nishida,CHW,AAA,hitter,2B/OF,25,105,433,0.355,0.361,0.822,0.357,0.700,High,,,,,0.000,-0.800,0.000,0.000,0.000,0.000,savant_only,AAA_hitters_YTD_5_14.csv
Omar Martinez,LAA,AAA,hitter,C,24,75,284,0.295,0.348,0.373,0.311,0.530,Medium,,,,,0.000,-0.801,0.000,0.000,0.000,0.000,savant_only,AAA_hitters_YTD_5_14.csv
Luca Tresh,KCR,AAA,hitter,C,26,111,427,0.322,0.432,0.744,0.355,0.696,High,,,,,0.000,-0.805,0.000,0.000,0.000,0.000,savant_only,AAA_hitters_YTD_5_14.csv
Marcos Castañon,SDP,AAA,hitter,2B/3B,27,103,382,0.343,0.307,0.410,0.333,0.604,High,,,,,0.000,-0.810,0.000,0.000,0.000,0.000,savant_only,AAA_hitters_YTD_5_14.csv
Matt O'Neill,ARI,AAA,hitter,C,28,69,268,0.181,0.348,0.280,0.231,0.377,Medium,,,,,0.000,-0.812,0.000,0.000,0.000,0.000,savant_only,AAA_hitters_YTD_5_14.csv
Blake Holub,MIL,AAA,pitcher,RP,27,84,319,0.352,0.334,0.346,0.318,0.561,High,,,,,0.000,-0.819,0.000,0.000,0.000,0.000,savant_only,AAA_pitchers_YTD_5_14.csv
Zach Penrod,WSN,AAA,pitcher,SP,28,76,301,0.332,0.342,0.388,0.292,0.494,Medium,,,,,0.000,-0.822,0.000,0.000,0.000,0.000,savant_only,AAA_pitchers_YTD_5_14.csv
Bryan Torres,STL,AAA,hitter,2B/OF,28,141,606,0.220,0.709,0.873,0.367,0.771,High,,,,,0.000,-0.822,0.000,0.000,0.000,0.000,savant_only,AAA_hitters_YTD_5_14.csv
Quinn Priester,MIL,AAA,pitcher,SP,25,31,135,0.183,0.409,0.484,0.119,0.270,Medium,,,,,0.000,-0.822,0.000,0.000,0.000,0.000,savant_only,AAA_pitchers_YTD_5_14.csv
Andrew Walling,PHI,AAA,pitcher,SP,26,57,242,0.415,0.389,0.440,0.271,0.455,Medium,,,,,0.000,-0.833,0.000,0.000,0.000,0.000,savant_only,AAA_pitchers_YTD_5_14.csv
Dayan Frias,CLE,AAA,hitter,3B,23,124,486,0.494,0.133,0.074,0.386,0.926,High,,,,,0.000,-0.848,0.000,0.000,0.000,0.000,savant_only,AAA_hitters_YTD_5_14.csv
Tommy Henry,ARI,AAA,pitcher,SP,28,35,133,0.020,0.448,0.529,0.013,0.218,Low,,,,,0.000,-0.850,0.000,0.000,0.000,0.000,savant_only,AAA_pitchers_YTD_5_14.csv
Sam Carlson,HOU,AAA,pitcher,RP,27,60,257,0.153,0.287,0.308,0.263,0.452,Medium,,,,,0.000,-0.856,0.000,0.000,0.000,0.000,savant_only,AAA_pitchers_YTD_5_14.csv
Juan Burgos,ARI,AAA,pitcher,RP,26,63,266,0.249,0.312,0.367,0.286,0.500,Medium,,,,,0.000,-0.857,0.000,0.000,0.000,0.000,savant_only,AAA_pitchers_YTD_5_14.csv
James Nelson,HOU,AAA,hitter,3B,28,125,515,0.157,0.779,0.761,0.343,0.683,High,,,,,0.000,-0.857,0.000,0.000,0.000,0.000,savant_only,AAA_hitters_YTD_5_14.csv
Jackson Rutledge,PHI,AAA,pitcher,RP,27,58,222,0.231,0.345,0.317,0.222,0.391,Medium,,,,,0.000,-0.869,0.000,0.000,0.000,0.000,savant_only,AAA_pitchers_YTD_5_14.csv
Ramon Mendoza,STL,AAA,hitter,2B/3B,25,115,456,0.325,0.432,0.807,0.357,0.767,High,,879.000,,680636,0.500,-0.875,0.000,0.000,0.000,0.000,name_org,AAA_hitters_YTD_5_14.csv
Colin Davis,SEA,AAA,hitter,OF,27,39,149,0.024,0.006,0.048,0.019,0.229,Low,,,,,0.000,-0.881,0.000,0.000,0.000,0.000,savant_only,AAA_hitters_YTD_5_14.csv
Matt Koperniak,STL,AAA,hitter,OF,28,72,274,0.223,0.208,0.402,0.218,0.394,Medium,,,,,0.000,-0.887,0.000,0.000,0.000,0.000,savant_only,AAA_hitters_YTD_5_14.csv
Adam Laskey,COL,AAA,pitcher,SP,28,34,137,0.010,0.415,0.398,0.007,0.225,Low,,,,,0.000,-0.887,0.000,0.000,0.000,0.000,savant_only,AAA_pitchers_YTD_5_14.csv
Carson Skipper,COL,AAA,pitcher,RP,26,32,120,0.013,0.464,0.485,0.008,0.226,Low,,,,,0.000,-0.888,0.000,0.000,0.000,0.000,savant_only,AAA_pitchers_YTD_5_14.csv
Alek Jacob,SDP,AAA,pitcher,RP,27,76,288,0.246,0.314,0.321,0.281,0.507,Medium,,,,,0.000,-0.888,0.000,0.000,0.000,0.000,savant_only,AAA_pitchers_YTD_5_14.csv
Cole Waites,DET,AAA,pitcher,RP,27,32,132,0.033,0.397,0.510,0.021,0.232,Low,,,,,0.000,-0.890,0.000,0.000,0.000,0.000,savant_only,AAA_pitchers_YTD_5_14.csv
T.J. Sikkema,BOS,AAA,pitcher,SP,27,26,127,0.003,0.450,0.564,0.002,0.224,Low,,,,,0.000,-0.891,0.000,0.000,0.000,0.000,savant_only,AAA_pitchers_YTD_5_14.csv
Matt Pushard,STL,AAA,pitcher,RP,28,49,200,0.158,0.356,0.290,0.157,0.328,Medium,,,,,0.000,-0.900,0.000,0.000,0.000,0.000,savant_only,AAA_pitchers_YTD_5_14.csv
Alex Carrillo,NYM,AAA,pitcher,RP,28,65,289,0.327,0.360,0.370,0.260,0.474,Medium,,,,,0.000,-0.910,0.000,0.000,0.000,0.000,savant_only,AAA_pitchers_YTD_5_14.csv
Chase Lee,TOR,AAA,pitcher,RP,27,76,305,0.163,0.277,0.286,0.286,0.537,Medium,,,,,0.000,-0.919,0.000,0.000,0.000,0.000,savant_only,AAA_pitchers_YTD_5_14.csv
Dylan Carlson,PHI,AAA,hitter,OF,27,51,200,0.051,0.264,0.130,0.115,0.299,Medium,,,,,0.000,-0.922,0.000,0.000,0.000,0.000,savant_only,AAA_hitters_YTD_5_14.csv
Nick Zwack,SFG,AAA,pitcher,RP,27,64,266,0.359,0.378,0.428,0.253,0.468,Medium,,,,,0.000,-0.926,0.000,0.000,0.000,0.000,savant_only,AAA_pitchers_YTD_5_14.csv
Euribiel Angeles,ATH,AAA,hitter,2B/SS,24,84,294,0.416,0.039,0.042,0.303,0.594,High,,986.000,,683494,0.500,-0.937,0.000,0.000,0.000,0.000,name_org,AAA_hitters_YTD_5_14.csv
Will Banfield,CIN,AAA,hitter,C,26,106,413,0.298,0.380,0.420,0.323,0.664,High,,,,,0.000,-0.943,0.000,0.000,0.000,0.000,savant_only,AAA_hitters_YTD_5_14.csv
Ben Sears,KCR,AAA,pitcher,SP,25,77,277,0.304,0.334,0.336,0.287,0.554,High,,,,,0.000,-0.945,0.000,0.000,0.000,0.000,savant_only,AAA_pitchers_YTD_5_14.csv
Payton Henry,NYY,AAA,hitter,C,28,84,331,0.139,0.483,0.628,0.242,0.459,Medium,,,,,0.000,-0.948,0.000,0.000,0.000,0.000,savant_only,AAA_hitters_YTD_5_14.csv
Parker Chavers,FA,AAA,hitter,OF,27,41,193,0.009,0.003,0.003,0.007,0.241,Low,,,,,0.000,-0.948,0.000,0.000,0.000,0.000,savant_only,AAA_hitters_YTD_5_14.csv
Carlos Rodríguez,SDP,AAA,hitter,OF,25,120,456,0.361,0.328,0.303,0.352,0.800,High,,,,,0.000,-0.950,0.000,0.000,0.000,0.000,savant_only,AAA_hitters_YTD_5_14.csv
Seth Shuman,WSN,AAA,pitcher,RP,28,83,329,0.244,0.314,0.300,0.279,0.540,Medium,,,,,0.000,-0.953,0.000,0.000,0.000,0.000,savant_only,AAA_pitchers_YTD_5_14.csv
Samad Taylor,SDP,AAA,hitter,2B/OF,27,148,635,0.289,0.532,0.878,0.362,0.868,High,,,,,0.000,-0.959,0.000,0.000,0.000,0.000,savant_only,AAA_hitters_YTD_5_14.csv
Francisco Urbaez,CIN,AAA,hitter,2B,28,108,410,0.172,0.589,0.468,0.297,0.590,High,,,,,0.000,-0.960,0.000,0.000,0.000,0.000,savant_only,AAA_hitters_YTD_5_14.csv
Lenny Torres Jr.,PHI,AAA,pitcher,RP,25,34,146,0.131,0.409,0.480,0.085,0.292,Medium,,,,,0.000,-0.970,0.000,0.000,0.000,0.000,savant_only,AAA_pitchers_YTD_5_14.csv
Yu-Min Lin,ARI,AAA,pitcher,SP,22,135,534,0.462,0.341,0.356,0.378,1.000,High,,898.000,,801179,0.500,-0.972,0.000,0.000,0.000,0.000,name_org,AAA_pitchers_YTD_5_14.csv
Jack Anderson,FA,AAA,pitcher,SP,26,91,309,0.349,0.350,0.389,0.291,0.581,High,,,,,0.000,-0.973,0.000,0.000,0.000,0.000,savant_only,AAA_pitchers_YTD_5_14.csv
Garrett McDaniels,LAD,AAA,pitcher,SP,26,67,271,0.256,0.332,0.313,0.259,0.509,Medium,,,,,0.000,-0.983,0.000,0.000,0.000,0.000,savant_only,AAA_pitchers_YTD_5_14.csv
Jake Holton,SFG,AAA,hitter,1B,28,113,475,0.211,0.506,0.443,0.299,0.618,High,,,,,0.000,-0.991,0.000,0.000,0.000,0.000,savant_only,AAA_hitters_YTD_5_14.csv
CJ Van Eyk,TOR,AAA,pitcher,SP,27,140,560,0.397,0.327,0.338,0.358,0.880,High,,,,,0.000,-0.998,0.000,0.000,0.000,0.000,savant_only,AAA_pitchers_YTD_5_14.csv
Mason Black,KCR,AAA,pitcher,RP,26,69,284,0.226,0.316,0.304,0.265,0.534,Medium,,,,,0.000,-1.005,0.000,0.000,0.000,0.000,savant_only,AAA_pitchers_YTD_5_14.csv
Harrison Cohen,NYY,AAA,pitcher,RP,26,63,258,0.369,0.411,0.301,0.240,0.485,Medium,,,,,0.000,-1.009,0.000,0.000,0.000,0.000,savant_only,AAA_pitchers_YTD_5_14.csv
Austin Gauthier,LAD,AAA,hitter,2B,27,131,543,0.268,0.492,0.437,0.335,0.769,High,,,,,0.000,-1.012,0.000,0.000,0.000,0.000,savant_only,AAA_hitters_YTD_5_14.csv
Nick Pratto,TEX,AAA,hitter,1B,27,55,212,0.075,0.181,0.035,0.107,0.323,Medium,,,,,0.000,-1.015,0.000,0.000,0.000,0.000,savant_only,AAA_hitters_YTD_5_14.csv
Dan Hammer,NYM,AAA,pitcher,RP,28,49,208,0.126,0.362,0.341,0.126,0.341,Medium,,,,,0.000,-1.020,0.000,0.000,0.000,0.000,savant_only,AAA_pitchers_YTD_5_14.csv
Aidan Anderson,TEX,AAA,pitcher,RP,28,50,202,0.023,0.332,0.354,0.107,0.331,Medium,,,,,0.000,-1.042,0.000,0.000,0.000,0.000,savant_only,AAA_pitchers_YTD_5_14.csv
Trey Lipscomb,WSN,AAA,hitter,3B,25,125,460,0.404,0.200,0.343,0.343,0.833,High,,,,,0.000,-1.049,0.000,0.000,0.000,0.000,savant_only,AAA_hitters_YTD_5_14.csv
Trent Baker,MIN,AAA,pitcher,SP,27,89,358,0.367,0.357,0.385,0.291,0.630,High,,,,,0.000,-1.054,0.000,0.000,0.000,0.000,savant_only,AAA_pitchers_YTD_5_14.csv
Drew Romo,CHW,AAA,hitter,C,24,62,247,0.166,0.276,0.834,0.199,0.438,Medium,,983.000,,691011,0.500,-1.056,0.000,0.000,0.000,0.000,name_org,AAA_hitters_YTD_5_14.csv
Jean Walters,ARI,AAA,hitter,2B,24,66,272,0.244,0.151,0.351,0.216,0.466,Medium,,,,,0.000,-1.060,0.000,0.000,0.000,0.000,savant_only,AAA_hitters_YTD_5_14.csv
Tyler Tolbert,KCR,AAA,hitter,OF,28,60,259,0.066,0.164,0.252,0.096,0.328,Medium,,,,,0.000,-1.061,0.000,0.000,0.000,0.000,savant_only,AAA_hitters_YTD_5_14.csv
Jake Miller,CLE,AAA,pitcher,RP,25,78,317,0.236,0.308,0.335,0.284,0.634,High,,,,,0.000,-1.096,0.000,0.000,0.000,0.000,savant_only,AAA_pitchers_YTD_5_14.csv
Fernando Peguero,BAL,AAA,hitter,2B/OF,21,55,235,0.256,0.053,0.217,0.195,0.455,Medium,,,,,0.000,-1.109,0.000,0.000,0.000,0.000,savant_only,AAA_hitters_YTD_5_14.csv
Shane Murphy,CHW,AAA,pitcher,SP,25,44,160,0.090,0.415,0.382,0.059,0.320,Medium,,787.000,,690294,0.500,-1.129,0.000,0.000,0.000,0.000,name_org,AAA_pitchers_YTD_5_14.csv
Brett Wisely,ATL,AAA,hitter,2B,27,114,462,0.241,0.401,0.690,0.289,0.669,High,,,,,0.000,-1.130,0.000,0.000,0.000,0.000,savant_only,AAA_hitters_YTD_5_14.csv
Enmanuel Valdez,PIT,AAA,hitter,2B,27,82,325,0.163,0.304,0.428,0.205,0.481,Medium,,,,,0.000,-1.135,0.000,0.000,0.000,0.000,savant_only,AAA_hitters_YTD_5_14.csv
Andrés Chaparro,WSN,AAA,hitter,1B/DH,27,127,493,0.313,0.298,0.367,0.309,0.745,High,,,,,0.000,-1.140,0.000,0.000,0.000,0.000,savant_only,AAA_hitters_YTD_5_14.csv
Will Brennan,SFG,AAA,hitter,OF,28,80,277,0.133,0.264,0.628,0.172,0.437,Medium,,,,,0.000,-1.148,0.000,0.000,0.000,0.000,savant_only,AAA_hitters_YTD_5_14.csv
Brock Rodden,SEA,AAA,hitter,2B,25,167,676,0.358,0.348,0.492,0.355,1.000,High,,696.000,,801126,0.500,-1.158,0.000,0.000,0.000,0.000,name_org,AAA_hitters_YTD_5_14.csv
Nate Peterson,CIN,AAA,pitcher,SP,26,38,155,0.005,0.438,0.497,0.003,0.291,Medium,,,,,0.000,-1.158,0.000,0.000,0.000,0.000,savant_only,AAA_pitchers_YTD_5_14.csv
George Valera,CLE,AAA,hitter,DH/OF,25,86,327,0.304,0.105,0.119,0.245,0.573,High,,575.000,,671655,0.500,-1.172,0.000,0.000,0.000,0.000,name_org,AAA_hitters_YTD_5_14.csv
Gilberto Celestino,TEX,AAA,hitter,OF,27,56,230,0.057,0.045,0.119,0.054,0.329,Medium,,,,,0.000,-1.173,0.000,0.000,0.000,0.000,savant_only,AAA_hitters_YTD_5_14.csv
Jack Sinclair,WSN,AAA,pitcher,RP,27,82,336,0.319,0.362,0.340,0.252,0.591,High,,,,,0.000,-1.173,0.000,0.000,0.000,0.000,savant_only,AAA_pitchers_YTD_5_14.csv
Riley Gowens,CHW,AAA,pitcher,RP,26,64,250,0.123,0.323,0.325,0.187,0.470,Medium,,,,,0.000,-1.178,0.000,0.000,0.000,0.000,savant_only,AAA_pitchers_YTD_5_14.csv
Evan Reifert,TBR,AAA,pitcher,SP,27,74,308,0.342,0.393,0.299,0.222,0.542,Medium,,,,,0.000,-1.205,0.000,0.000,0.000,0.000,savant_only,AAA_pitchers_YTD_5_14.csv
Sam Huff,BAL,AAA,hitter,C,28,68,250,0.096,0.087,0.095,0.094,0.372,Medium,,,,,0.000,-1.208,0.000,0.000,0.000,0.000,savant_only,AAA_hitters_YTD_5_14.csv
José Barrero,BAL,AAA,hitter,SS,28,148,610,0.229,0.506,0.761,0.312,0.809,High,,,,,0.000,-1.217,0.000,0.000,0.000,0.000,savant_only,AAA_hitters_YTD_5_14.csv
Carter Kieboom,PHI,AAA,hitter,3B,28,132,537,0.169,0.553,0.727,0.284,0.722,High,,,,,0.000,-1.248,0.000,0.000,0.000,0.000,savant_only,AAA_hitters_YTD_5_14.csv
Daniel Harper,PHI,AAA,pitcher,RP,26,37,177,0.045,0.394,0.428,0.029,0.333,Medium,,,,,0.000,-1.253,0.000,0.000,0.000,0.000,savant_only,AAA_pitchers_YTD_5_14.csv
Eric Yang,CHC,AAA,hitter,PH/PR,28,67,296,0.045,0.133,0.380,0.071,0.366,Medium,,,,,0.000,-1.256,0.000,0.000,0.000,0.000,savant_only,AAA_hitters_YTD_5_14.csv
Brendan White,SEA,AAA,pitcher,RP,27,56,217,0.065,0.361,0.410,0.089,0.382,Medium,,,,,0.000,-1.257,0.000,0.000,0.000,0.000,savant_only,AAA_pitchers_YTD_5_14.csv
Ryan Jensen,CHC,AAA,pitcher,RP,28,68,263,0.209,0.391,0.402,0.136,0.431,Medium,,,,,0.000,-1.258,0.000,0.000,0.000,0.000,savant_only,AAA_pitchers_YTD_5_14.csv
Chuck King,PHI,AAA,pitcher,SP,28,80,303,0.193,0.354,0.323,0.183,0.497,Medium,,,,,0.000,-1.260,0.000,0.000,0.000,0.000,savant_only,AAA_pitchers_YTD_5_14.csv
Marcus Johnson,TBR,AAA,pitcher,SP,25,60,215,0.113,0.355,0.382,0.129,0.430,Medium,,,,,0.000,-1.276,0.000,0.000,0.000,0.000,savant_only,AAA_pitchers_YTD_5_14.csv
Chase Solesky,TBR,AAA,pitcher,SP,28,116,426,0.251,0.322,0.360,0.271,0.699,High,,,,,0.000,-1.277,0.000,0.000,0.000,0.000,savant_only,AAA_pitchers_YTD_5_14.csv
Jacob Hurtubise,MIL,AAA,hitter,OF,28,70,283,0.039,0.158,0.173,0.075,0.383,Medium,,,,,0.000,-1.302,0.000,0.000,0.000,0.000,savant_only,AAA_hitters_YTD_5_14.csv
Anthony Vilar,SDP,AAA,hitter,C,27,62,275,0.033,0.096,0.485,0.052,0.364,Medium,,,,,0.000,-1.303,0.000,0.000,0.000,0.000,savant_only,AAA_hitters_YTD_5_14.csv
Steward Berroa,PHI,AAA,hitter,OF,26,120,534,0.247,0.367,0.532,0.283,0.752,High,,,,,0.000,-1.305,0.000,0.000,0.000,0.000,savant_only,AAA_hitters_YTD_5_14.csv
Misael Tamarez,SDP,AAA,pitcher,RP,26,96,397,0.337,0.352,0.409,0.279,0.746,High,,,,,0.000,-1.318,0.000,0.000,0.000,0.000,savant_only,AAA_pitchers_YTD_5_14.csv
Zander Mueth,PIT,A,pitcher,SP,20,91,359,0.164,0.416,0.411,0.106,0.419,Medium,,780.000,,805800,0.500,-1.318,0.000,0.000,0.000,0.000,name_org,A_pitchers_YTD_5_14.csv
Ramón Rodríguez,MIL,AAA,hitter,C,27,92,350,0.175,0.241,0.779,0.195,0.540,Medium,,,,,0.000,-1.319,0.000,0.000,0.000,0.000,savant_only,AAA_hitters_YTD_5_14.csv
Easton McGee,MIL,AAA,pitcher,SP,28,86,321,0.181,0.347,0.379,0.186,0.526,Medium,,,,,0.000,-1.322,0.000,0.000,0.000,0.000,savant_only,AAA_pitchers_YTD_5_14.csv
Justin Meis,PIT,AAA,pitcher,RP,26,83,308,0.274,0.368,0.318,0.213,0.579,High,,,,,0.000,-1.329,0.000,0.000,0.000,0.000,savant_only,AAA_pitchers_YTD_5_14.csv
Garrett Stallings,MIL,AAA,pitcher,SP,28,117,440,0.188,0.298,0.310,0.269,0.722,High,,,,,0.000,-1.334,0.000,0.000,0.000,0.000,savant_only,AAA_pitchers_YTD_5_14.csv
Colton Gordon,HOU,AAA,pitcher,SP,27,96,387,0.166,0.298,0.312,0.254,0.681,High,,,,,0.000,-1.340,0.000,0.000,0.000,0.000,savant_only,AAA_pitchers_YTD_5_14.csv
Eric Wagaman,NYM,AAA,hitter,1B,28,85,332,0.069,0.286,0.148,0.134,0.465,Medium,,,,,0.000,-1.359,0.000,0.000,0.000,0.000,savant_only,AAA_hitters_YTD_5_14.csv
Carson Palmquist,COL,AAA,pitcher,SP,25,91,386,0.329,0.349,0.403,0.279,0.772,High,,855.000,,687223,0.500,-1.364,0.000,0.000,0.000,0.000,name_org,AAA_pitchers_YTD_5_14.csv
Rhylan Thomas,HOU,AAA,hitter,OF,26,150,525,0.253,0.470,0.130,0.318,0.940,High,,,,,0.000,-1.368,0.000,0.000,0.000,0.000,savant_only,AAA_hitters_YTD_5_14.csv
Ethan Routzahn,SDP,AAA,pitcher,RP,28,79,306,0.093,0.328,0.333,0.159,0.502,Medium,,,,,0.000,-1.369,0.000,0.000,0.000,0.000,savant_only,AAA_pitchers_YTD_5_14.csv
Braxton Roxby,SFG,AAA,pitcher,RP,27,55,221,0.083,0.441,0.393,0.054,0.389,Medium,,,,,0.000,-1.388,0.000,0.000,0.000,0.000,savant_only,AAA_pitchers_YTD_5_14.csv
Chen Zhong-Ao Zhuang,ATH,AAA,pitcher,SP,25,87,307,0.178,0.327,0.426,0.216,0.614,High,,,,,0.000,-1.394,0.000,0.000,0.000,0.000,savant_only,AAA_pitchers_YTD_5_14.csv
Ryan Galanie,CHW,AAA,hitter,1B,25,73,270,0.148,0.127,0.645,0.141,0.487,Medium,,,,,0.000,-1.397,0.000,0.000,0.000,0.000,savant_only,AAA_hitters_YTD_5_14.csv
Kohl Drake,ARI,AAA,pitcher,SP,25,148,557,0.334,0.322,0.374,0.325,1.000,High,,304.000,,684442,0.500,-1.397,0.000,0.000,0.000,0.000,name_org,AAA_pitchers_YTD_5_14.csv
Tyler Fitzgerald,LAD,AAA,hitter,2B/SS,28,66,289,0.012,0.021,0.063,0.015,0.361,Medium,,,,,0.000,-1.401,0.000,0.000,0.000,0.000,savant_only,AAA_hitters_YTD_5_14.csv
Davis Wendzel,PIT,AAA,hitter,3B,28,136,526,0.120,0.599,0.690,0.264,0.743,High,,,,,0.000,-1.403,0.000,0.000,0.000,0.000,savant_only,AAA_hitters_YTD_5_14.csv
Jack Leftwich,CLE,AAA,pitcher,SP,27,83,334,0.214,0.351,0.423,0.201,0.588,High,,,,,0.000,-1.407,0.000,0.000,0.000,0.000,savant_only,AAA_pitchers_YTD_5_14.csv
Davis Daniel,CIN,AAA,pitcher,SP,28,169,647,0.201,0.293,0.288,0.285,0.820,High,,,,,0.000,-1.411,0.000,0.000,0.000,0.000,savant_only,AAA_pitchers_YTD_5_14.csv
Michael Siani,LAD,AAA,hitter,OF,26,101,451,0.250,0.151,0.351,0.220,0.633,High,,,,,0.000,-1.417,0.000,0.000,0.000,0.000,savant_only,AAA_hitters_YTD_5_14.csv
Hagen Danner,CIN,AAA,pitcher,RP,27,62,243,0.128,0.424,0.423,0.083,0.428,Medium,,,,,0.000,-1.426,0.000,0.000,0.000,0.000,savant_only,AAA_pitchers_YTD_5_14.csv
Joey Estes,ATH,AAA,pitcher,SP,24,162,657,0.455,0.374,0.358,0.321,1.000,High,,,,,0.000,-1.432,0.000,0.000,0.000,0.000,savant_only,AAA_pitchers_YTD_5_14.csv
Homer Bush Jr.,TBR,AAA,hitter,OF,24,72,293,0.117,0.220,0.577,0.148,0.509,Medium,,,,,0.000,-1.432,0.000,0.000,0.000,0.000,savant_only,AAA_hitters_YTD_5_14.csv
Jacob Webb,PIT,AAA,pitcher,RP,26,95,387,0.387,0.389,0.386,0.253,0.728,High,,,,,0.000,-1.437,0.000,0.000,0.000,0.000,savant_only,AAA_pitchers_YTD_5_14.csv
Austin Pope,FA,AAA,pitcher,SP,27,62,240,0.085,0.379,0.414,0.073,0.422,Medium,,,,,0.000,-1.443,0.000,0.000,0.000,0.000,savant_only,AAA_pitchers_YTD_5_14.csv
Brody Moore,STL,AAA,hitter,2B/SS,25,110,418,0.265,0.223,0.110,0.252,0.733,High,,,,,0.000,-1.453,0.000,0.000,0.000,0.000,savant_only,AAA_hitters_YTD_5_14.csv
Brandon Johnson,KCR,AAA,pitcher,RP,26,47,198,0.015,0.440,0.473,0.010,0.372,Medium,,,,,0.000,-1.460,0.000,0.000,0.000,0.000,savant_only,AAA_pitchers_YTD_5_14.csv
Garrett Hawkins,SDP,AAA,pitcher,RP,26,73,289,0.136,0.343,0.377,0.163,0.543,Medium,,,,,0.000,-1.465,0.000,0.000,0.000,0.000,savant_only,AAA_pitchers_YTD_5_14.csv
Alan Rangel,PHI,AAA,pitcher,SP,28,150,578,0.291,0.336,0.335,0.275,0.820,High,,,,,0.000,-1.474,0.000,0.000,0.000,0.000,savant_only,AAA_pitchers_YTD_5_14.csv
Cristian Pache,NYM,AAA,hitter,OF,27,136,564,0.271,0.264,0.468,0.269,0.798,High,,,,,0.000,-1.476,0.000,0.000,0.000,0.000,savant_only,AAA_hitters_YTD_5_14.csv
Tyler Callihan,PIT,AAA,hitter,2B/OF,25,166,652,0.367,0.193,0.252,0.315,1.000,High,,1068.000,,682997,0.500,-1.480,0.000,0.000,0.000,0.000,name_org,AAA_hitters_YTD_5_14.csv
Jhonkensy Noel,BAL,AAA,hitter,OF,24,95,382,0.283,0.087,0.027,0.224,0.671,High,,,,,0.000,-1.480,0.000,0.000,0.000,0.000,savant_only,AAA_hitters_YTD_5_14.csv
Justyn-Henry Malloy,TBR,AAA,hitter,DH/OF,26,139,630,0.337,0.170,0.140,0.287,0.871,High,,,,,0.000,-1.483,0.000,0.000,0.000,0.000,savant_only,AAA_hitters_YTD_5_14.csv
Riley Tirotta,TOR,AAA,hitter,1B/3B,27,123,496,0.259,0.200,0.261,0.241,0.722,High,,,,,0.000,-1.493,0.000,0.000,0.000,0.000,savant_only,AAA_hitters_YTD_5_14.csv
Amos Willingham,FA,AAA,pitcher,RP,27,58,256,0.078,0.372,0.293,0.079,0.451,Medium,,,,,0.000,-1.517,0.000,0.000,0.000,0.000,savant_only,AAA_pitchers_YTD_5_14.csv
Chase Plymell,CHW,AAA,pitcher,SP,27,86,311,0.198,0.378,0.448,0.148,0.547,Medium,,,,,0.000,-1.541,0.000,0.000,0.000,0.000,savant_only,AAA_pitchers_YTD_5_14.csv
Doug Nikhazy,CHC,AAA,pitcher,SP,26,87,315,0.269,0.395,0.525,0.175,0.592,High,,,,,0.000,-1.541,0.000,0.000,0.000,0.000,savant_only,AAA_pitchers_YTD_5_14.csv
Alex Pham,BAL,AAA,pitcher,RP,26,74,314,0.173,0.353,0.333,0.172,0.590,High,,,,,0.000,-1.551,0.000,0.000,0.000,0.000,savant_only,AAA_pitchers_YTD_5_14.csv
Hudson Leach,HOU,AAA,pitcher,RP,23,72,266,0.266,0.411,0.408,0.173,0.596,High,,,,,0.000,-1.558,0.000,0.000,0.000,0.000,savant_only,AAA_pitchers_YTD_5_14.csv
Colton Ledbetter,STL,AAA,hitter,OF,24,134,553,0.386,0.071,0.084,0.291,0.947,High,,,,,0.000,-1.582,0.000,0.000,0.000,0.000,savant_only,AAA_hitters_YTD_5_14.csv
Yonny Hernández,NYM,AAA,hitter,2B/3B,28,87,340,0.054,0.143,0.123,0.081,0.476,Medium,,,,,0.000,-1.595,0.000,0.000,0.000,0.000,savant_only,AAA_hitters_YTD_5_14.csv
Vidal Bruján,NYM,AAA,hitter,2B/OF,28,91,367,0.090,0.113,0.145,0.097,0.497,Medium,,,,,0.000,-1.603,0.000,0.000,0.000,0.000,savant_only,AAA_hitters_YTD_5_14.csv
Triston McKenzie,SDP,AAA,pitcher,SP,28,79,349,0.229,0.446,0.505,0.149,0.572,High,,,,,0.000,-1.609,0.000,0.000,0.000,0.000,savant_only,AAA_pitchers_YTD_5_14.csv
Noah Cardenas,MIN,AAA,hitter,C,26,71,313,0.036,0.053,0.069,0.041,0.445,Medium,,,,,0.000,-1.633,0.000,0.000,0.000,0.000,savant_only,AAA_hitters_YTD_5_14.csv
Cooper Bowman,TBR,AAA,hitter,2B,26,68,277,0.021,0.015,0.048,0.019,0.426,Medium,,,,,0.000,-1.639,0.000,0.000,0.000,0.000,savant_only,AAA_hitters_YTD_5_14.csv
Zach Messinger,NYY,AAA,pitcher,RP,26,101,365,0.196,0.344,0.308,0.201,0.686,High,,,,,0.000,-1.644,0.000,0.000,0.000,0.000,savant_only,AAA_pitchers_YTD_5_14.csv
Hayden Harris,ATL,AAA,pitcher,RP,27,70,293,0.138,0.384,0.393,0.099,0.516,Medium,,,,,0.000,-1.653,0.000,0.000,0.000,0.000,savant_only,AAA_pitchers_YTD_5_14.csv
Jose Miranda,SDP,AAA,hitter,1B/3B,27,106,401,0.142,0.227,0.492,0.167,0.622,High,,,,,0.000,-1.655,0.000,0.000,0.000,0.000,savant_only,AAA_hitters_YTD_5_14.csv
Dom Hamel,NYY,AAA,pitcher,SP,27,148,571,0.347,0.367,0.416,0.262,0.880,High,,,,,0.000,-1.676,0.000,0.000,0.000,0.000,savant_only,AAA_pitchers_YTD_5_14.csv
Silas Ardoin,BAL,AAA,hitter,C,25,97,398,0.199,0.105,0.321,0.171,0.647,High,,,,,0.000,-1.703,0.000,0.000,0.000,0.000,savant_only,AAA_hitters_YTD_5_14.csv
Jean Cabrera,PHI,AAA,pitcher,SP,24,138,557,0.374,0.363,0.413,0.286,1.000,High,,559.000,,691893,0.500,-1.710,0.000,0.000,0.000,0.000,name_org,AAA_pitchers_YTD_5_14.csv
Bryse Wilson,PHI,AAA,pitcher,SP,28,145,557,0.259,0.348,0.398,0.235,0.820,High,,,,,0.000,-1.738,0.000,0.000,0.000,0.000,savant_only,AAA_pitchers_YTD_5_14.csv
Ben Anderson,TEX,AAA,pitcher,SP,28,59,269,0.008,0.455,0.449,0.005,0.441,Medium,,,,,0.000,-1.747,0.000,0.000,0.000,0.000,savant_only,AAA_pitchers_YTD_5_14.csv
Konnor Pilkington,DET,AAA,pitcher,RP,28,83,323,0.098,0.376,0.333,0.086,0.530,Medium,,,,,0.000,-1.755,0.000,0.000,0.000,0.000,savant_only,AAA_pitchers_YTD_5_14.csv
K.C. Hunt,TBR,AAA,pitcher,SP,25,92,361,0.241,0.368,0.399,0.192,0.722,High,,,,,0.000,-1.780,0.000,0.000,0.000,0.000,savant_only,AAA_pitchers_YTD_5_14.csv
Tyler Santana,CHC,AAA,pitcher,RP,28,85,330,0.058,0.359,0.449,0.087,0.541,Medium,,,,,0.000,-1.789,0.000,0.000,0.000,0.000,savant_only,AAA_pitchers_YTD_5_14.csv
Kaleb Bowman,MIL,AAA,pitcher,RP,28,60,305,0.048,0.378,0.433,0.050,0.500,Medium,,,,,0.000,-1.800,0.000,0.000,0.000,0.000,savant_only,AAA_pitchers_YTD_5_14.csv
Cooper Johnson,TEX,AAA,hitter,C,28,94,362,0.027,0.122,0.223,0.056,0.514,Medium,,,,,0.000,-1.827,0.000,0.000,0.000,0.000,savant_only,AAA_hitters_YTD_5_14.csv
Oswaldo Cabrera,NYY,AAA,hitter,3B/OF,27,142,595,0.208,0.264,0.140,0.225,0.833,High,,,,,0.000,-1.836,0.000,0.000,0.000,0.000,savant_only,AAA_hitters_YTD_5_14.csv
Phillip Glasser,WSN,AAA,hitter,2B/OF,26,107,397,0.184,0.078,0.230,0.152,0.671,High,,,,,0.000,-1.866,0.000,0.000,0.000,0.000,savant_only,AAA_hitters_YTD_5_14.csv
Houston Harding,LAA,AAA,pitcher,SP,27,68,279,0.028,0.486,0.473,0.018,0.491,Medium,,,,,0.000,-1.894,0.000,0.000,0.000,0.000,savant_only,AAA_pitchers_YTD_5_14.csv
Blake Sabol,TBR,AAA,hitter,C/OF,28,124,503,0.099,0.250,0.514,0.145,0.678,High,,,,,0.000,-1.927,0.000,0.000,0.000,0.000,savant_only,AAA_hitters_YTD_5_14.csv
Jesús Bastidas,MIA,AAA,hitter,2B/SS,27,114,421,0.060,0.318,0.245,0.137,0.669,High,,,,,0.000,-1.940,0.000,0.000,0.000,0.000,savant_only,AAA_hitters_YTD_5_14.csv
Grant Hartwig,MIN,AAA,pitcher,RP,28,84,326,0.030,0.377,0.467,0.040,0.535,Medium,,,,,0.000,-1.966,0.000,0.000,0.000,0.000,savant_only,AAA_pitchers_YTD_5_14.csv
Jose Fleury,HOU,AAA,pitcher,SP,24,61,249,0.050,0.436,0.441,0.033,0.528,Medium,,935.000,,800067,0.500,-1.974,0.000,0.000,0.000,0.000,name_org,AAA_pitchers_YTD_5_14.csv
Raynel Delgado,TBR,AAA,hitter,2B/3B,26,153,567,0.235,0.241,0.095,0.237,0.940,High,,,,,0.000,-1.980,0.000,0.000,0.000,0.000,savant_only,AAA_hitters_YTD_5_14.csv
Noah Song,BOS,AAA,pitcher,RP,28,92,377,0.101,0.369,0.362,0.099,0.618,High,,,,,0.000,-1.985,0.000,0.000,0.000,0.000,savant_only,AAA_pitchers_YTD_5_14.csv
Bryan Lavastida,ATH,AAA,hitter,C,27,116,444,0.078,0.227,0.191,0.123,0.681,High,,,,,0.000,-2.052,0.000,0.000,0.000,0.000,savant_only,AAA_hitters_YTD_5_14.csv
Justin Yeager,SDP,AAA,pitcher,RP,28,84,340,0.053,0.424,0.460,0.034,0.558,High,,,,,0.000,-2.077,0.000,0.000,0.000,0.000,savant_only,AAA_pitchers_YTD_5_14.csv
Grant Rogers,TOR,AAA,pitcher,SP,24,146,548,0.191,0.317,0.368,0.240,1.000,High,,,,,0.000,-2.078,0.000,0.000,0.000,0.000,savant_only,AAA_pitchers_YTD_5_14.csv
Rafael Lantigua,TOR,AAA,hitter,2B,28,116,455,0.087,0.096,0.261,0.090,0.634,High,,,,,0.000,-2.080,0.000,0.000,0.000,0.000,savant_only,AAA_hitters_YTD_5_14.csv
Collin Baumgartner,COL,AAA,pitcher,RP,27,82,372,0.106,0.373,0.415,0.096,0.655,High,,,,,0.000,-2.118,0.000,0.000,0.000,0.000,savant_only,AAA_pitchers_YTD_5_14.csv
Ryan Ramsey,KCR,AAA,pitcher,SP,25,156,614,0.322,0.375,0.386,0.233,1.000,High,,,,,0.000,-2.137,0.000,0.000,0.000,0.000,savant_only,AAA_pitchers_YTD_5_14.csv
Valente Bellozo,COL,AAA,pitcher,SP,26,125,516,0.161,0.321,0.367,0.214,0.940,High,,,,,0.000,-2.148,0.000,0.000,0.000,0.000,savant_only,AAA_pitchers_YTD_5_14.csv
Cade Marlowe,ATH,AAA,hitter,OF,28,133,512,0.108,0.175,0.675,0.128,0.727,High,,,,,0.000,-2.162,0.000,0.000,0.000,0.000,savant_only,AAA_hitters_YTD_5_14.csv
Caleb Ricketts,PHI,AAA,hitter,C,26,131,475,0.214,0.066,0.136,0.170,0.821,High,,,,,0.000,-2.170,0.000,0.000,0.000,0.000,savant_only,AAA_hitters_YTD_5_14.csv
Raul Brito,MIN,AAA,pitcher,RP,28,112,453,0.075,0.340,0.391,0.129,0.743,High,,,,,0.000,-2.208,0.000,0.000,0.000,0.000,savant_only,AAA_pitchers_YTD_5_14.csv
Lael Lockhart,DET,AAA,pitcher,SP,28,97,353,0.035,0.408,0.310,0.023,0.579,High,,,,,0.000,-2.210,0.000,0.000,0.000,0.000,savant_only,AAA_pitchers_YTD_5_14.csv
Huascar Ynoa,LAA,AAA,pitcher,SP,27,111,434,0.176,0.375,0.353,0.138,0.764,High,,,,,0.000,-2.211,0.000,0.000,0.000,0.000,savant_only,AAA_pitchers_YTD_5_14.csv
Bryce Jarvis,ARI,AAA,pitcher,RP,28,90,368,0.043,0.385,0.409,0.036,0.604,High,,,,,0.000,-2.242,0.000,0.000,0.000,0.000,savant_only,AAA_pitchers_YTD_5_14.csv
John Michael Bertrand,SFG,AAA,pitcher,SP,28,149,566,0.073,0.322,0.367,0.156,0.820,High,,,,,0.000,-2.260,0.000,0.000,0.000,0.000,savant_only,AAA_pitchers_YTD_5_14.csv
Aaron Schunk,ATL,AAA,hitter,2B/3B/SS,28,150,590,0.063,0.339,0.744,0.146,0.820,High,,,,,0.000,-2.323,0.000,0.000,0.000,0.000,savant_only,AAA_hitters_YTD_5_14.csv
Brett Kerry,LAA,AAA,pitcher,SP,27,164,616,0.239,0.382,0.430,0.168,0.880,High,,,,,0.000,-2.338,0.000,0.000,0.000,0.000,savant_only,AAA_pitchers_YTD_5_14.csv
Helcris Olivárez,KCR,AAA,pitcher,RP,25,76,334,0.095,0.421,0.391,0.062,0.668,High,,,,,0.000,-2.340,0.000,0.000,0.000,0.000,savant_only,AAA_pitchers_YTD_5_14.csv
Shane Panzini,KCR,AAA,pitcher,SP,24,88,388,0.216,0.394,0.490,0.140,0.823,High,,,,,0.000,-2.366,0.000,0.000,0.000,0.000,savant_only,AAA_pitchers_YTD_5_14.csv
Ronan Kopp,LAD,AAA,pitcher,RP,23,75,323,0.103,0.375,0.418,0.091,0.724,High,,,,,0.000,-2.368,0.000,0.000,0.000,0.000,savant_only,AAA_pitchers_YTD_5_14.csv
Seth Lonsway,SFG,AAA,pitcher,SP,27,117,427,0.088,0.360,0.351,0.105,0.752,High,,,,,0.000,-2.375,0.000,0.000,0.000,0.000,savant_only,AAA_pitchers_YTD_5_14.csv
Drew Swift,ATH,AAA,hitter,SS,27,134,522,0.114,0.139,0.313,0.122,0.786,High,,,,,0.000,-2.379,0.000,0.000,0.000,0.000,savant_only,AAA_hitters_YTD_5_14.csv
Luis Morales,ATH,AAA,pitcher,SP,23,74,315,0.121,0.452,0.514,0.078,0.706,High,,485.000,,806960,0.500,-2.380,0.000,0.000,0.000,0.000,name_org,AAA_pitchers_YTD_5_14.csv
Patrick Monteverde,MIA,AAA,pitcher,SP,28,113,447,0.080,0.367,0.391,0.089,0.733,High,,,,,0.000,-2.411,0.000,0.000,0.000,0.000,savant_only,AAA_pitchers_YTD_5_14.csv
Nick Dombkowski,PIT,AAA,pitcher,SP,27,129,525,0.133,0.353,0.379,0.145,0.880,High,,,,,0.000,-2.496,0.000,0.000,0.000,0.000,savant_only,AAA_pitchers_YTD_5_14.csv
Gavin Cross,KCR,AAA,hitter,OF,25,125,491,0.160,0.024,0.024,0.119,0.833,High,,,,,0.000,-2.540,0.000,0.000,0.000,0.000,savant_only,AAA_hitters_YTD_5_14.csv
Tommy Mace,CLE,AAA,pitcher,RP,27,96,384,0.038,0.389,0.423,0.026,0.676,High,,,,,0.000,-2.562,0.000,0.000,0.000,0.000,savant_only,AAA_pitchers_YTD_5_14.csv
Ryan Bliss,SEA,AAA,hitter,2B,26,143,590,0.151,0.087,0.054,0.132,0.896,High,,662.000,,669208,0.500,-2.641,0.000,0.000,0.000,0.000,name_org,AAA_hitters_YTD_5_14.csv
Ian Bedell,STL,AAA,pitcher,RP,26,96,400,0.063,0.402,0.432,0.041,0.752,High,,,,,0.000,-2.762,0.000,0.000,0.000,0.000,savant_only,AAA_pitchers_YTD_5_14.csv
Jack Winkler,HOU,AAA,hitter,2B,27,154,594,0.072,0.190,0.182,0.108,0.880,High,,,,,0.000,-2.763,0.000,0.000,0.000,0.000,savant_only,AAA_hitters_YTD_5_14.csv
Logan Allen,LAD,AAA,pitcher,SP,28,156,618,0.018,0.360,0.412,0.059,0.820,High,,,,,0.000,-2.892,0.000,0.000,0.000,0.000,savant_only,AAA_pitchers_YTD_5_14.csv
Connor Noland,CHC,AAA,pitcher,SP,26,162,605,0.070,0.347,0.379,0.114,0.940,High,,,,,0.000,-2.902,0.000,0.000,0.000,0.000,savant_only,AAA_pitchers_YTD_5_14.csv
Jackson Ferris,LAD,AAA,pitcher,SP,22,106,423,0.141,0.370,0.395,0.123,0.998,High,,134.000,,701328,1.500,-3.009,0.000,0.000,0.000,0.000,name_org,AAA_pitchers_YTD_5_14.csv
Ryan Webb,CLE,AAA,pitcher,SP,27,149,574,0.068,0.388,0.440,0.047,0.880,High,,,,,0.000,-3.187,0.000,0.000,0.000,0.000,savant_only,AAA_pitchers_YTD_5_14.csv
