season,level,game_type,pitcher,player_name,p_throws,team_code,n_pitches,xRV100_P,P+,P+2080,xRV100_S,S+,S+2080,xRV100_L,L+,L+2080,xHR100_pctl,xHR100_P,xHR100_S,xSwing_P,xSwing_S,xSwSt_P,xSwSt_S,xWhiff_P,xWhiff_S,xGOr_P,xGOr_S,xPUr_P,xPUr_S
2026,MLB,R,643511,"Rogers, Tyler",R,,274,-1.453,129.06,79.06,-1.825,136.5,86.5,-0.189,103.78,53.78,0,0.286,0.309,0.501,0.54,0.09,0.085,0.273,0.162,0.438,0.392,0.038,0.051
2026,MLB,R,687531,"Kempner, William",R,,8,-1.697,133.94,83.94,-1.773,135.46,85.46,-0.609,112.18,62.18,4,0.436,0.529,0.409,0.464,0.158,0.157,0.468,0.332,0.21,0.168,0.194,0.175
2026,A,R,821116,"Navarro, Reinold",L,,354,0.941,81.18,31.18,-1.589,131.78,81.78,2.546,49.08,-0.92,6,0.422,0.55,0.383,0.523,0.148,0.223,0.484,0.424,0.245,0.143,0.178,0.227
2026,MLB,R,670970,"Morejon, Adrian",L,,349,-1.747,134.94,84.94,-1.552,131.04,81.04,-0.285,105.7,55.7,0,0.367,0.388,0.503,0.499,0.159,0.149,0.377,0.297,0.394,0.385,0.073,0.058
2026,A,R,518886,"Kimbrel, Craig",R,,9,-1.681,133.62,83.62,-1.278,125.56,75.56,-0.787,115.74,65.74,22,0.324,0.667,0.318,0.486,0.126,0.153,0.403,0.318,0.222,0.141,0.12,0.207
2026,MLB,R,684049,"Bidois, Brandan",R,,13,-1.541,130.82,80.82,-1.274,125.48,75.48,-0.108,102.16,52.16,3,0.892,0.507,0.539,0.484,0.126,0.141,0.311,0.291,0.254,0.273,0.128,0.115
2026,MLB,R,694819,"Misiorowski, Jacob",R,,823,-1.083,121.66,71.66,-1.258,125.16,75.16,0.104,97.92,47.92,1,0.462,0.436,0.521,0.497,0.187,0.187,0.426,0.378,0.296,0.257,0.114,0.111
2026,MLB,R,621237,"Alvarado, Jose",L,,275,-0.849,116.98,66.98,-1.238,124.76,74.76,0.609,87.82,37.82,0,0.275,0.331,0.473,0.454,0.152,0.135,0.415,0.301,0.456,0.389,0.052,0.054
2026,MLB,R,678606,"Ferrer, Jose A.",L,,250,-0.471,109.42,59.42,-1.185,123.7,73.7,0.452,90.96,40.96,1,0.474,0.449,0.461,0.486,0.105,0.116,0.333,0.234,0.409,0.372,0.057,0.051
2026,MLB,R,676879,"Ashby, Aaron",L,,457,-0.655,113.1,63.1,-1.163,123.26,73.26,0.521,89.58,39.58,1,0.327,0.429,0.39,0.423,0.125,0.112,0.413,0.286,0.478,0.393,0.035,0.045
2026,MLB,R,678606,"Ferrer, Jose A.",L,,60,-1.656,133.12,83.12,-1.146,122.92,72.92,-0.245,104.9,54.9,0,0.38,0.379,0.473,0.46,0.105,0.097,0.277,0.203,0.435,0.427,0.058,0.045
2026,MLB,R,657044,"Thompson, Ryan",R,,195,-0.539,110.78,60.78,-1.144,122.88,72.88,0.285,94.3,44.3,4,0.505,0.53,0.486,0.504,0.101,0.103,0.31,0.207,0.463,0.406,0.061,0.063
2026,MLB,R,695243,"Miller, Mason",R,,291,-1.123,122.46,72.46,-1.106,122.12,72.12,-0.212,104.24,54.24,1,0.487,0.478,0.468,0.461,0.205,0.202,0.501,0.447,0.302,0.253,0.093,0.103
2026,MLB,R,573204,"Thielbar, Caleb",L,,162,-0.597,111.94,61.94,-1.097,121.94,71.94,0.137,97.26,47.26,31,0.752,0.709,0.52,0.512,0.161,0.149,0.403,0.292,0.261,0.211,0.137,0.149
2026,AAA,R,694037,"Palencia, Daniel",R,,19,2.062,58.76,8.76,-1.065,121.3,71.3,2.974,40.52,-9.48,16,0.723,0.634,0.548,0.519,0.14,0.16,0.333,0.309,0.308,0.286,0.1,0.101
2026,MLB,R,657612,"Hill, Tim",L,,198,-0.917,118.34,68.34,-1.065,121.3,71.3,-0.142,102.84,52.84,4,0.608,0.528,0.53,0.502,0.068,0.069,0.195,0.139,0.48,0.449,0.036,0.035
2026,MLB,R,683618,"Henriquez, Edgardo",R,,241,0.033,99.34,49.34,-1.046,120.92,70.92,1.009,79.82,29.82,5,0.517,0.538,0.473,0.511,0.13,0.134,0.383,0.267,0.326,0.295,0.094,0.099
2026,AAA,R,605483,"Snell, Blake",L,,55,-0.508,110.16,60.16,-1.03,120.6,70.6,0.182,96.36,46.36,10,0.632,0.589,0.482,0.478,0.158,0.158,0.391,0.328,0.249,0.23,0.118,0.111
2026,MLB,R,680916,"Aleman, Franco",R,,52,-0.089,101.78,51.78,-0.987,119.74,69.74,0.47,90.6,40.6,33,0.788,0.717,0.521,0.462,0.153,0.133,0.395,0.285,0.272,0.216,0.138,0.129
2026,MLB,R,664126,"Fairbanks, Pete",R,,168,-0.673,113.46,63.46,-0.985,119.7,69.7,0.127,97.46,47.46,19,0.716,0.654,0.517,0.502,0.154,0.158,0.376,0.313,0.245,0.198,0.145,0.163
2026,AAA,R,656234,"Bird, Jake",R,,15,-1.333,126.66,76.66,-0.956,119.12,69.12,-1.263,125.26,75.26,17,0.756,0.647,0.457,0.434,0.138,0.117,0.45,0.272,0.226,0.192,0.12,0.147
2026,MLB,R,605483,"Snell, Blake",L,,77,-0.258,105.16,55.16,-0.951,119.02,69.02,0.365,92.7,42.7,4,0.405,0.527,0.45,0.462,0.166,0.165,0.443,0.357,0.319,0.271,0.102,0.092
2026,MLB,R,445276,"Jansen, Kenley",R,,185,-0.865,117.3,67.3,-0.936,118.72,68.72,0.003,99.94,49.94,29,0.632,0.702,0.501,0.509,0.135,0.133,0.334,0.256,0.236,0.174,0.136,0.159
2026,AAA,R,694795,"Ekness, Josh",R,,203,-0.902,118.04,68.04,-0.92,118.4,68.4,-0.075,101.5,51.5,7,0.597,0.572,0.479,0.475,0.153,0.148,0.4,0.312,0.267,0.22,0.151,0.16
2026,MLB,R,641329,"Baker, Bryan",R,,297,-1.057,121.14,71.14,-0.915,118.3,68.3,-0.388,107.76,57.76,9,0.637,0.582,0.533,0.482,0.189,0.165,0.404,0.349,0.282,0.227,0.141,0.15
2026,MLB,R,661395,"Duran, Jhoan",R,,175,-0.059,101.18,51.18,-0.904,118.08,68.08,0.817,83.66,33.66,2,0.459,0.496,0.462,0.495,0.143,0.133,0.419,0.275,0.439,0.389,0.056,0.056
2026,MLB,R,694795,"Ekness, Josh",R,,98,-0.088,101.76,51.76,-0.903,118.06,68.06,0.698,86.04,36.04,3,0.48,0.512,0.439,0.473,0.166,0.165,0.466,0.349,0.29,0.227,0.147,0.156
2026,MLB,R,687209,"Maxwell, Zach",R,,42,0.586,88.28,38.28,-0.903,118.06,68.06,1.166,76.68,26.68,8,1.004,0.581,0.527,0.474,0.162,0.172,0.384,0.368,0.239,0.164,0.127,0.167
2026,AAA,R,682175,"Jacques, Joe",L,,84,-0.266,105.32,55.32,-0.902,118.04,68.04,0.394,92.12,42.12,1,0.528,0.451,0.438,0.454,0.09,0.12,0.314,0.279,0.439,0.38,0.053,0.059
2026,MLB,R,676428,"Hurter, Brant",L,,296,-0.056,101.12,51.12,-0.902,118.04,68.04,0.603,87.94,37.94,2,0.542,0.494,0.424,0.45,0.086,0.105,0.32,0.233,0.424,0.383,0.055,0.056
2026,AAA,R,686560,"Collyer, Gavin",R,,49,-1.128,122.56,72.56,-0.894,117.88,67.88,-0.981,119.62,69.62,3,0.794,0.516,0.501,0.412,0.13,0.107,0.303,0.257,0.267,0.26,0.123,0.115
2026,MLB,R,656945,"Scott, Tanner",L,,229,-0.963,119.26,69.26,-0.889,117.78,67.78,-0.372,107.44,57.44,6,0.545,0.558,0.498,0.499,0.173,0.169,0.425,0.341,0.277,0.221,0.117,0.128
2026,AAA,R,668970,"Hollowell, Gavin",R,,129,0.071,98.58,48.58,-0.885,117.7,67.7,0.445,91.1,41.1,19,0.711,0.654,0.467,0.466,0.121,0.134,0.351,0.289,0.261,0.221,0.128,0.13
2026,MLB,R,650911,"Sanchez, Cristopher",L,,841,-0.639,112.78,62.78,-0.875,117.5,67.5,0.162,96.76,46.76,2,0.48,0.481,0.479,0.516,0.147,0.158,0.385,0.3,0.466,0.421,0.032,0.032
2026,AAA,R,677161,"Kelly, Zack",R,,16,-0.637,112.74,62.74,-0.87,117.4,67.4,-0.461,109.22,59.22,6,0.274,0.552,0.363,0.43,0.088,0.098,0.352,0.229,0.386,0.24,0.08,0.126
2026,MLB,R,547973,"Chapman, Aroldis",L,,208,-1.037,120.74,70.74,-0.865,117.3,67.3,-0.434,108.68,58.68,1,0.515,0.465,0.526,0.478,0.152,0.151,0.354,0.32,0.29,0.254,0.118,0.116
2026,MLB,R,669062,"Miller, Erik",L,,235,-0.197,103.94,53.94,-0.842,116.84,66.84,0.666,86.68,36.68,2,0.381,0.502,0.398,0.485,0.137,0.149,0.427,0.31,0.399,0.343,0.081,0.068
2026,AAA,R,680701,"Rooney, John",L,,21,2.469,50.62,0.62,-0.829,116.58,66.58,3.423,31.54,-18.46,3,0.314,0.515,0.288,0.429,0.101,0.114,0.479,0.274,0.389,0.322,0.078,0.076
2026,MLB,R,691587,"Perez, Eury",R,,801,-0.212,104.24,54.24,-0.79,115.8,65.8,0.414,91.72,41.72,31,0.657,0.713,0.468,0.498,0.147,0.154,0.409,0.31,0.248,0.16,0.145,0.189
2026,MLB,R,669373,"Skubal, Tarik",L,,619,-1.05,121,71,-0.79,115.8,65.8,-0.345,106.9,56.9,10,0.629,0.592,0.535,0.521,0.163,0.154,0.367,0.295,0.317,0.277,0.093,0.103
2026,MLB,R,686560,"Collyer, Gavin",R,,188,0.333,93.34,43.34,-0.775,115.5,65.5,0.908,81.84,31.84,5,0.596,0.536,0.412,0.441,0.103,0.103,0.36,0.235,0.305,0.281,0.109,0.108
2026,MLB,R,684320,"Rodriguez, Yariel",R,,11,-0.467,109.34,59.34,-0.761,115.22,65.22,-0.035,100.7,50.7,10,0.594,0.59,0.52,0.514,0.157,0.166,0.324,0.319,0.282,0.297,0.138,0.108
2026,MLB,R,683175,"Phillips, Connor",R,,428,0.077,98.46,48.46,-0.758,115.16,65.16,0.793,84.14,34.14,7,0.514,0.572,0.429,0.468,0.16,0.154,0.444,0.331,0.267,0.171,0.118,0.155
2026,MLB,R,805299,"Garcia, Brandyn",L,,56,-0.75,115,65,-0.754,115.08,65.08,-0.203,104.06,54.06,1,0.603,0.469,0.48,0.435,0.093,0.098,0.284,0.223,0.389,0.343,0.062,0.068
2026,MLB,R,671922,"Smith, Cade",R,,357,-0.518,110.36,60.36,-0.75,115,65,0.066,98.68,48.68,18,0.81,0.65,0.547,0.499,0.173,0.172,0.415,0.348,0.29,0.238,0.106,0.107
2026,MLB,R,519242,"Sale, Chris",L,,746,-0.851,117.02,67.02,-0.74,114.8,64.8,-0.374,107.48,57.48,5,0.517,0.536,0.468,0.462,0.145,0.138,0.375,0.301,0.346,0.293,0.074,0.071
2026,AAA,R,691384,"Perales, Luis",R,,459,-0.056,101.12,51.12,-0.739,114.78,64.78,0.729,85.42,35.42,20,0.637,0.655,0.48,0.515,0.142,0.162,0.393,0.313,0.286,0.212,0.124,0.14
2026,MLB,R,592773,"Stanek, Ryne",R,,387,-0.257,105.14,55.14,-0.726,114.52,64.52,0.32,93.6,43.6,32,0.72,0.716,0.506,0.521,0.167,0.168,0.424,0.323,0.284,0.217,0.135,0.144
2026,MLB,R,660271,"Ohtani, Shohei",R,,664,-0.653,113.06,63.06,-0.723,114.46,64.46,-0.028,100.56,50.56,4,0.547,0.526,0.46,0.469,0.149,0.155,0.408,0.332,0.299,0.234,0.108,0.125
2026,MLB,R,656234,"Bird, Jake",R,,218,-0.516,110.32,60.32,-0.718,114.36,64.36,-0.047,100.94,50.94,7,0.632,0.564,0.452,0.429,0.112,0.109,0.301,0.261,0.318,0.284,0.109,0.101
2026,AAA,R,696070,"Rojas, Kendry",L,,260,0.002,99.96,49.96,-0.717,114.34,64.34,0.739,85.22,35.22,7,0.653,0.566,0.53,0.522,0.17,0.166,0.425,0.318,0.356,0.295,0.078,0.092
2026,MLB,R,686973,"Varland, Louis",R,,383,-0.936,118.72,68.72,-0.716,114.32,64.32,-0.314,106.28,56.28,5,0.538,0.54,0.511,0.488,0.186,0.166,0.457,0.34,0.361,0.296,0.083,0.087
2026,MLB,R,664854,"Helsley, Ryan",R,,192,-0.37,107.4,57.4,-0.716,114.32,64.32,0.321,93.58,43.58,5,0.456,0.537,0.434,0.505,0.166,0.178,0.485,0.358,0.33,0.247,0.088,0.12
2026,AAA,R,670059,"Holderman, Colin",R,,174,-0.012,100.24,50.24,-0.715,114.3,64.3,0.456,90.88,40.88,22,0.68,0.672,0.452,0.466,0.127,0.12,0.437,0.26,0.327,0.241,0.113,0.14
2026,MLB,R,682243,"Miller, Bryce",R,,80,-1.589,131.78,81.78,-0.707,114.14,64.14,-1.021,120.42,70.42,10,0.569,0.587,0.538,0.49,0.185,0.168,0.417,0.339,0.296,0.24,0.117,0.128
2026,MLB,R,666171,"Zeferjahn, Ryan",R,,385,-0.58,111.6,61.6,-0.707,114.14,64.14,0.181,96.38,46.38,15,0.545,0.633,0.454,0.49,0.142,0.142,0.423,0.291,0.301,0.228,0.121,0.139
2026,MLB,R,662253,"Munoz, Andres",R,,300,-0.181,103.62,53.62,-0.699,113.98,63.98,0.459,90.82,40.82,12,0.495,0.607,0.466,0.491,0.175,0.168,0.483,0.338,0.377,0.296,0.077,0.083
2026,MLB,R,687330,"Kelly, Kevin",R,,283,-0.108,102.16,52.16,-0.692,113.84,63.84,0.411,91.78,41.78,2,0.547,0.493,0.478,0.477,0.087,0.102,0.295,0.217,0.459,0.418,0.041,0.042
2026,MLB,R,669622,"Bender, Anthony",R,,252,-0.343,106.86,56.86,-0.683,113.66,63.66,0.124,97.52,47.52,10,0.526,0.593,0.405,0.447,0.106,0.112,0.339,0.252,0.328,0.284,0.097,0.099
2026,MLB,R,656730,"Megill, Trevor",R,,255,-0.219,104.38,54.38,-0.678,113.56,63.56,0.321,93.58,43.58,31,0.689,0.709,0.481,0.497,0.163,0.173,0.403,0.357,0.281,0.207,0.109,0.14
2026,MLB,R,682254,"Montgomery, Mason",L,,269,-0.663,113.26,63.26,-0.664,113.28,63.28,0.003,99.94,49.94,1,0.458,0.435,0.494,0.473,0.188,0.185,0.467,0.399,0.302,0.258,0.1,0.092
2026,MLB,R,595345,"Okert, Steven",L,,294,-0.616,112.32,62.32,-0.652,113.04,63.04,-0.177,103.54,53.54,80,0.866,0.912,0.501,0.515,0.141,0.146,0.39,0.278,0.185,0.132,0.19,0.209
2026,MLB,R,668933,"Ashcraft, Graham",R,,361,-0.538,110.76,60.76,-0.647,112.94,62.94,-0.009,100.18,50.18,3,0.51,0.515,0.494,0.534,0.158,0.159,0.418,0.292,0.358,0.32,0.07,0.066
2026,A,R,683003,"Jones, Jared",R,,41,-1.375,127.5,77.5,-0.645,112.9,62.9,-1.198,123.96,73.96,13,0.529,0.615,0.496,0.468,0.151,0.147,0.382,0.32,0.348,0.288,0.084,0.09
2026,MLB,R,676979,"Crochet, Garrett",L,,515,-0.261,105.22,55.22,-0.642,112.84,62.84,0.209,95.82,45.82,32,0.646,0.716,0.497,0.501,0.142,0.137,0.374,0.274,0.294,0.228,0.098,0.113
2026,MLB,R,669276,"Lee, Dylan",L,,290,-1.115,122.3,72.3,-0.636,112.72,62.72,-0.637,112.74,62.74,46,0.839,0.764,0.563,0.518,0.186,0.18,0.424,0.345,0.278,0.204,0.122,0.151
2026,MLB,R,694918,"Tidwell, Blade",R,,182,-0.05,101,51,-0.631,112.62,62.62,0.332,93.36,43.36,48,0.702,0.771,0.469,0.498,0.127,0.133,0.363,0.267,0.245,0.168,0.133,0.171
2026,AAA,R,647315,"Pop, Zach",R,,31,-1.451,129.02,79.02,-0.629,112.58,62.58,-1.383,127.66,77.66,18,0.84,0.648,0.517,0.475,0.102,0.099,0.289,0.21,0.354,0.302,0.083,0.078
2026,MLB,R,693645,"Schlittler, Cam",R,,783,-0.851,117.02,67.02,-0.626,112.52,62.52,-0.413,108.26,58.26,9,0.658,0.583,0.521,0.491,0.139,0.129,0.351,0.27,0.311,0.266,0.101,0.104
2026,MLB,R,687473,"Gusto, Ryan",R,,12,-1.306,126.12,76.12,-0.608,112.16,62.16,-1.136,122.72,72.72,34,0.59,0.721,0.454,0.495,0.16,0.133,0.393,0.269,0.329,0.225,0.075,0.141
2026,MLB,R,656848,"Petersen, Michael",R,,237,-0.345,106.9,56.9,-0.605,112.1,62.1,0.099,98.02,48.02,44,0.862,0.755,0.529,0.525,0.163,0.172,0.393,0.327,0.234,0.18,0.158,0.167
2026,AAA,R,623352,"Hader, Josh",L,,34,-0.161,103.22,53.22,-0.602,112.04,62.04,0.556,88.88,38.88,35,0.691,0.725,0.52,0.493,0.211,0.186,0.506,0.374,0.201,0.13,0.164,0.199
2026,MLB,R,667297,"Nance, Tommy",R,,287,0.111,97.78,47.78,-0.597,111.94,61.94,0.59,88.2,38.2,4,0.594,0.532,0.446,0.444,0.12,0.145,0.362,0.331,0.401,0.355,0.05,0.047
2026,MLB,R,669093,"Estrada, Jeremiah",R,,197,-0.523,110.46,60.46,-0.595,111.9,61.9,0.237,95.26,45.26,3,0.589,0.516,0.504,0.465,0.183,0.151,0.456,0.333,0.211,0.194,0.199,0.172
2026,AAA,R,702752,"Pintaro, Jonathan",R,,325,0.013,99.74,49.74,-0.59,111.8,61.8,0.736,85.28,35.28,6,0.555,0.55,0.454,0.474,0.125,0.14,0.415,0.297,0.34,0.28,0.099,0.102
2026,AAA,R,801139,"Tolle, Payton",L,,149,-0.457,109.14,59.14,-0.59,111.8,61.8,0.141,97.18,47.18,2,0.581,0.489,0.478,0.458,0.127,0.147,0.368,0.323,0.317,0.286,0.103,0.091
2026,MLB,R,676617,"O'Brien, Riley",R,,311,-0.903,118.06,68.06,-0.59,111.8,61.8,-0.458,109.16,59.16,0,0.461,0.411,0.465,0.439,0.12,0.122,0.383,0.285,0.454,0.4,0.047,0.05
2026,A,R,690544,"Horn, Bailey",L,,31,0.163,96.74,46.74,-0.586,111.72,61.72,0.112,97.76,47.76,54,0.737,0.797,0.507,0.491,0.134,0.129,0.335,0.261,0.271,0.182,0.115,0.152
2026,MLB,R,666200,"Luzardo, Jesus",L,,766,-0.59,111.8,61.8,-0.579,111.58,61.58,-0.059,101.18,51.18,7,0.564,0.567,0.473,0.475,0.153,0.155,0.411,0.33,0.349,0.297,0.096,0.087
2026,MLB,R,657649,"Koenig, Jared",L,,45,0.05,99,49,-0.575,111.5,61.5,0.492,90.16,40.16,14,0.661,0.624,0.413,0.468,0.087,0.095,0.327,0.203,0.377,0.28,0.067,0.089
2026,MLB,R,668984,"Legumina, Casey",R,,276,-0.098,101.96,51.96,-0.57,111.4,61.4,0.441,91.18,41.18,49,0.729,0.777,0.453,0.475,0.118,0.119,0.357,0.249,0.252,0.189,0.161,0.18
2026,MLB,R,573009,"Mantiply, Joe",L,,224,0.04,99.2,49.2,-0.569,111.38,61.38,0.479,90.42,40.42,21,0.705,0.661,0.498,0.498,0.124,0.137,0.342,0.278,0.406,0.363,0.035,0.039
2026,MLB,R,679775,"Backhus, Kyle",L,,161,-0.175,103.5,53.5,-0.569,111.38,61.38,-0.055,101.1,51.1,12,0.674,0.608,0.445,0.442,0.083,0.098,0.282,0.221,0.355,0.311,0.065,0.068
2026,MLB,R,676395,"Garcia, Robert",L,,153,-0.168,103.36,53.36,-0.567,111.34,61.34,0.48,90.4,40.4,13,0.708,0.617,0.477,0.493,0.139,0.159,0.39,0.321,0.332,0.29,0.089,0.096
2026,MLB,R,680742,"Bowlan, Jonathan",R,,214,-0.807,116.14,66.14,-0.563,111.26,61.26,-0.24,104.8,54.8,18,0.551,0.65,0.481,0.493,0.162,0.159,0.442,0.328,0.286,0.219,0.134,0.138
2026,AAA,R,681006,"Simpson, Josh",L,,142,0.125,97.5,47.5,-0.556,111.12,61.12,0.388,92.24,42.24,8,0.608,0.574,0.448,0.452,0.107,0.12,0.358,0.266,0.384,0.325,0.075,0.073
2026,MLB,R,801139,"Tolle, Payton",L,,320,0.014,99.72,49.72,-0.556,111.12,61.12,0.396,92.08,42.08,7,0.663,0.564,0.499,0.45,0.142,0.135,0.354,0.3,0.286,0.245,0.103,0.105
2026,MLB,R,670990,"Ramirez, Yohan",R,,377,0.093,98.14,48.14,-0.552,111.04,61.04,0.47,90.6,40.6,9,0.603,0.585,0.433,0.448,0.115,0.136,0.371,0.303,0.31,0.256,0.119,0.118
2026,AAA,R,684049,"Bidois, Brandan",R,,215,0.934,81.32,31.32,-0.549,110.98,60.98,1.379,72.42,22.42,34,0.676,0.722,0.416,0.497,0.119,0.143,0.417,0.288,0.297,0.203,0.123,0.159
2026,A,R,813838,"Odle, Jacob",R,,446,2.884,42.32,-7.68,-0.545,110.9,60.9,3.193,36.14,-13.86,14,0.508,0.627,0.354,0.469,0.106,0.152,0.497,0.325,0.329,0.22,0.121,0.133
2026,MLB,R,691799,"Taylor, Grant",R,,388,-0.982,119.64,69.64,-0.544,110.88,60.88,-0.392,107.84,57.84,4,0.592,0.533,0.518,0.451,0.154,0.139,0.361,0.325,0.31,0.288,0.096,0.077
2026,MLB,R,681870,"Sabrowski, Erik",L,,325,-0.32,106.4,56.4,-0.544,110.88,60.88,0.061,98.78,48.78,22,0.726,0.671,0.475,0.473,0.15,0.148,0.397,0.313,0.229,0.191,0.148,0.15
2026,A,R,700248,"Gair, Marty",R,,164,0.28,94.4,44.4,-0.542,110.84,60.84,0.754,84.92,34.92,34,0.683,0.723,0.488,0.496,0.136,0.136,0.391,0.276,0.26,0.172,0.137,0.162
2026,MLB,R,642397,"Soto, Gregory",L,,330,-0.022,100.44,50.44,-0.539,110.78,60.78,0.219,95.62,45.62,25,0.69,0.685,0.461,0.468,0.12,0.122,0.365,0.26,0.297,0.239,0.112,0.118
2026,MLB,R,695505,"Burns, Chase",R,,719,-0.714,114.28,64.28,-0.528,110.56,60.56,-0.124,102.48,52.48,12,0.578,0.608,0.507,0.5,0.184,0.164,0.446,0.328,0.317,0.236,0.101,0.119
2026,AAA,R,573009,"Mantiply, Joe",L,,26,-0.437,108.74,58.74,-0.528,110.56,60.56,-0.077,101.54,51.54,38,0.696,0.736,0.467,0.502,0.122,0.136,0.345,0.265,0.316,0.301,0.059,0.063
2026,MLB,R,702056,"Yesavage, Trey",R,,243,0.204,95.92,45.92,-0.528,110.56,60.56,0.528,89.44,39.44,10,0.701,0.592,0.475,0.467,0.13,0.148,0.362,0.319,0.263,0.198,0.142,0.177
2026,MLB,R,592779,"Stewart, Brock",R,,28,-0.334,106.68,56.68,-0.528,110.56,60.56,0.201,95.98,45.98,33,0.445,0.719,0.473,0.484,0.158,0.142,0.457,0.296,0.249,0.21,0.157,0.136
2026,MLB,R,594798,"deGrom, Jacob",R,,707,-1.169,123.38,73.38,-0.525,110.5,60.5,-0.741,114.82,64.82,28,0.677,0.7,0.523,0.513,0.174,0.161,0.421,0.315,0.315,0.242,0.096,0.118
2026,AAA,R,666711,"Peguero, Joel",R,,137,-0.033,100.66,50.66,-0.52,110.4,60.4,0.347,93.06,43.06,23,0.701,0.675,0.528,0.511,0.137,0.119,0.359,0.231,0.415,0.328,0.054,0.081
2026,MLB,R,681911,"Vesia, Alex",L,,234,-0.016,100.32,50.32,-0.518,110.36,60.36,0.539,89.22,39.22,48,0.685,0.773,0.445,0.469,0.137,0.138,0.385,0.296,0.193,0.159,0.228,0.221
2026,MLB,R,664991,"Wolfram, Grant",L,,228,-0.735,114.7,64.7,-0.514,110.28,60.28,-0.417,108.34,58.34,9,0.66,0.584,0.517,0.475,0.149,0.14,0.379,0.297,0.332,0.296,0.081,0.075
2026,MLB,R,693433,"Woo, Bryan",R,,769,-0.73,114.6,64.6,-0.512,110.24,60.24,-0.432,108.64,58.64,54,0.812,0.795,0.517,0.5,0.147,0.142,0.356,0.284,0.251,0.214,0.143,0.139
2026,AAA,R,680899,"Tolman, Erik",L,,242,-0.189,103.78,53.78,-0.51,110.2,60.2,0.316,93.68,43.68,17,0.602,0.644,0.49,0.495,0.165,0.157,0.404,0.319,0.29,0.242,0.112,0.122
2026,A,R,702642,"Galle, Patrick",R,,103,1.925,61.5,11.5,-0.509,110.18,60.18,2.502,49.96,-0.04,27,0.565,0.695,0.385,0.498,0.112,0.154,0.417,0.31,0.332,0.213,0.115,0.142
2026,A,R,806121,"Heuer, Mac",R,,111,0.794,84.12,34.12,-0.507,110.14,60.14,1.098,78.04,28.04,27,0.738,0.692,0.465,0.494,0.124,0.135,0.386,0.274,0.293,0.214,0.102,0.124
2026,MLB,R,682842,"Uribe, Abner",R,,270,-0.282,105.64,55.64,-0.501,110.02,60.02,0.06,98.8,48.8,3,0.438,0.517,0.399,0.453,0.101,0.109,0.37,0.245,0.414,0.333,0.072,0.09
2026,MLB,R,672782,"Gomez, Yoendrys",R,,284,0.468,90.64,40.64,-0.501,110.02,60.02,0.922,81.56,31.56,44,0.798,0.757,0.449,0.482,0.103,0.122,0.348,0.253,0.276,0.194,0.117,0.148
2026,A,R,703242,"Laureano, Anyer",R,,68,0.611,87.78,37.78,-0.492,109.84,59.84,1.118,77.64,27.64,15,0.592,0.63,0.468,0.486,0.161,0.176,0.481,0.361,0.283,0.204,0.139,0.173
2026,MLB,R,690953,"Abel, Mick",R,,357,-0.508,110.16,60.16,-0.49,109.8,59.8,-0.156,103.12,53.12,27,0.768,0.694,0.544,0.486,0.168,0.159,0.375,0.329,0.265,0.221,0.13,0.133
2026,MLB,R,669711,"Weissert, Greg",R,,268,-0.526,110.52,60.52,-0.49,109.8,59.8,-0.263,105.26,55.26,15,0.607,0.63,0.463,0.466,0.132,0.114,0.366,0.243,0.325,0.259,0.108,0.109
2026,MLB,R,800311,"Fuentes, Didier",R,,258,-0.242,104.84,54.84,-0.489,109.78,59.78,0.146,97.08,47.08,32,0.799,0.715,0.488,0.48,0.14,0.149,0.362,0.309,0.266,0.192,0.109,0.139
2026,AAA,R,687531,"Kempner, William",R,,319,0.628,87.44,37.44,-0.487,109.74,59.74,1.107,77.86,27.86,33,0.66,0.719,0.423,0.481,0.109,0.115,0.39,0.242,0.276,0.191,0.14,0.152
2026,MLB,R,689147,"Kerkering, Orion",R,,260,-0.32,106.4,56.4,-0.483,109.66,59.66,-0.081,101.62,51.62,14,0.554,0.618,0.466,0.468,0.128,0.123,0.355,0.267,0.307,0.249,0.102,0.102
2026,AAA,R,685801,"Bigge, Hunter",R,,18,-0.348,106.96,56.96,-0.476,109.52,59.52,-0.452,109.04,59.04,13,0.99,0.617,0.571,0.477,0.131,0.154,0.28,0.323,0.2,0.251,0.161,0.101
2026,MLB,R,670059,"Holderman, Colin",R,,225,0.219,95.62,45.62,-0.474,109.48,59.48,0.352,92.96,42.96,20,0.642,0.658,0.415,0.454,0.103,0.105,0.368,0.233,0.37,0.28,0.086,0.108
2026,MLB,R,595014,"Treinen, Blake",R,,208,-0.667,113.34,63.34,-0.473,109.46,59.46,-0.441,108.82,58.82,22,0.595,0.667,0.477,0.468,0.14,0.115,0.389,0.25,0.333,0.255,0.079,0.096
2026,AAA,R,804636,"Tong, Jonah",R,,578,0.238,95.24,45.24,-0.47,109.4,59.4,0.678,86.44,36.44,15,0.631,0.632,0.414,0.432,0.11,0.119,0.355,0.278,0.256,0.222,0.131,0.121
2026,AAA,R,689958,"Walters, Andrew",R,,134,-0.409,108.18,58.18,-0.465,109.3,59.3,0.012,99.76,49.76,65,0.876,0.839,0.524,0.489,0.152,0.151,0.387,0.31,0.203,0.153,0.185,0.181
2026,AAA,R,682240,"Jones, Stephen",R,,40,0.931,81.38,31.38,-0.462,109.24,59.24,0.875,82.5,32.5,46,0.982,0.764,0.494,0.485,0.111,0.129,0.314,0.268,0.271,0.211,0.107,0.119
2026,MLB,R,668941,"Romero, JoJo",L,,335,-0.557,111.14,61.14,-0.461,109.22,59.22,0.033,99.34,49.34,2,0.45,0.493,0.428,0.445,0.11,0.114,0.343,0.253,0.425,0.373,0.053,0.059
2026,MLB,R,663855,"Hicks, Jordan",R,,265,0.411,91.78,41.78,-0.458,109.16,59.16,0.756,84.88,34.88,4,0.548,0.528,0.44,0.469,0.096,0.114,0.319,0.248,0.369,0.347,0.085,0.067
2026,AAA,R,667652,"Ralston, Jack",R,,289,0.727,85.46,35.46,-0.456,109.12,59.12,1.095,78.1,28.1,1,0.425,0.465,0.38,0.445,0.13,0.162,0.489,0.363,0.32,0.221,0.117,0.144
2026,AAA,R,695380,"Hoppe, Alex",R,,90,-0.455,109.1,59.1,-0.456,109.12,59.12,-0.318,106.36,56.36,12,0.601,0.61,0.509,0.493,0.172,0.144,0.451,0.289,0.402,0.304,0.058,0.083
2026,AAA,R,681003,"Walling, Andrew",L,,210,0.229,95.42,45.42,-0.453,109.06,59.06,0.756,84.88,34.88,16,0.556,0.638,0.464,0.497,0.135,0.138,0.434,0.282,0.351,0.283,0.086,0.091
2026,AAA,R,686751,"Johnson, Seth",R,,192,-0.817,116.34,66.34,-0.451,109.02,59.02,-0.346,106.92,56.92,26,0.75,0.691,0.523,0.493,0.155,0.151,0.391,0.305,0.25,0.207,0.148,0.144
2026,MLB,R,607074,"Rodon, Carlos",L,,77,1.073,78.54,28.54,-0.444,108.88,58.88,1.471,70.58,20.58,19,0.551,0.654,0.422,0.493,0.137,0.156,0.44,0.315,0.299,0.251,0.126,0.11
2026,MLB,R,548384,"Raley, Brooks",L,,245,0.183,96.34,46.34,-0.443,108.86,58.86,0.682,86.36,36.36,29,0.729,0.702,0.437,0.469,0.097,0.106,0.331,0.223,0.295,0.248,0.1,0.114
2026,AAA,R,671345,"Foley, Jason",R,,14,-0.645,112.9,62.9,-0.44,108.8,58.8,-0.854,117.08,67.08,13,1.086,0.617,0.567,0.454,0.081,0.117,0.18,0.258,0.35,0.362,0.074,0.066
2026,A,R,702056,"Yesavage, Trey",R,,96,0.109,97.82,47.82,-0.439,108.78,58.78,0.418,91.64,41.64,13,0.741,0.617,0.477,0.492,0.119,0.149,0.335,0.3,0.288,0.22,0.129,0.169
2026,AAA,R,663767,"Shugart, Chase",R,,59,-0.166,103.32,53.32,-0.438,108.76,58.76,-0.268,105.36,55.36,36,0.941,0.73,0.539,0.459,0.121,0.113,0.278,0.247,0.235,0.227,0.139,0.118
2026,MLB,R,622554,"Dominguez, Seranthony",R,,318,0.026,99.48,49.48,-0.437,108.74,58.74,0.397,92.06,42.06,18,0.655,0.649,0.441,0.48,0.115,0.138,0.372,0.29,0.299,0.227,0.122,0.139
2026,MLB,R,518886,"Kimbrel, Craig",R,,151,-0.111,102.22,52.22,-0.434,108.68,58.68,0.26,94.8,44.8,62,0.689,0.831,0.427,0.47,0.133,0.134,0.392,0.289,0.232,0.171,0.164,0.175
2026,MLB,R,664076,"Cleavinger, Garrett",L,,122,-0.002,100.04,50.04,-0.432,108.64,58.64,0.224,95.52,45.52,8,0.453,0.578,0.434,0.448,0.144,0.14,0.439,0.313,0.352,0.27,0.08,0.097
2026,MLB,R,666142,"Ragans, Cole",L,,639,0.203,95.94,45.94,-0.432,108.64,58.64,0.647,87.06,37.06,36,0.648,0.73,0.452,0.493,0.145,0.15,0.403,0.3,0.265,0.201,0.13,0.141
2026,MLB,R,701542,"Warren, Will",R,,802,-0.9,118,68,-0.432,108.64,58.64,-0.375,107.5,57.5,13,0.666,0.615,0.443,0.447,0.13,0.139,0.373,0.316,0.337,0.272,0.092,0.117
2026,MLB,R,641745,"Keller, Brad",R,,299,0.029,99.42,49.42,-0.425,108.5,58.5,0.357,92.86,42.86,6,0.512,0.545,0.433,0.465,0.11,0.117,0.375,0.257,0.394,0.308,0.073,0.09
2026,MLB,R,676254,"Walker, Ryan",R,,292,0.076,98.48,48.48,-0.424,108.48,58.48,0.49,90.2,40.2,2,0.515,0.504,0.39,0.422,0.086,0.095,0.323,0.222,0.374,0.329,0.067,0.063
2026,MLB,R,686751,"Johnson, Seth",R,,90,0.432,91.36,41.36,-0.424,108.48,58.48,0.858,82.84,32.84,30,0.669,0.705,0.467,0.49,0.142,0.153,0.393,0.311,0.271,0.219,0.15,0.138
2026,AAA,R,673929,"Leasure, Jordan",R,,19,-1.28,125.6,75.6,-0.419,108.38,58.38,-1.57,131.4,81.4,54,0.777,0.795,0.57,0.489,0.142,0.118,0.361,0.24,0.261,0.214,0.136,0.124
2026,MLB,R,690997,"McLean, Nolan",R,,737,-0.786,115.72,65.72,-0.415,108.3,58.3,-0.155,103.1,53.1,3,0.578,0.518,0.46,0.453,0.128,0.131,0.365,0.301,0.37,0.342,0.07,0.066
2026,AAA,R,689266,"Dodd, Dylan",L,,133,-0.221,104.42,54.42,-0.415,108.3,58.3,-0.259,105.18,55.18,29,0.855,0.702,0.532,0.474,0.149,0.142,0.361,0.301,0.249,0.203,0.132,0.135
2026,MLB,R,663158,"Suarez, Robert",R,,276,-0.633,112.66,62.66,-0.415,108.3,58.3,-0.279,105.58,55.58,16,0.59,0.639,0.518,0.508,0.148,0.137,0.375,0.273,0.334,0.255,0.083,0.102
2026,A,R,827626,"Payne, Nate",L,,235,-0.001,100.02,50.02,-0.412,108.24,58.24,0.188,96.24,46.24,53,0.794,0.792,0.478,0.478,0.13,0.129,0.364,0.269,0.246,0.2,0.142,0.148
2026,MLB,R,702303,"Martin, Riley",L,,116,-0.437,108.74,58.74,-0.405,108.1,58.1,-0.287,105.74,55.74,12,0.794,0.605,0.529,0.477,0.136,0.134,0.366,0.281,0.312,0.271,0.094,0.106
2026,MLB,R,623149,"Sewald, Paul",R,,240,-0.196,103.92,53.92,-0.401,108.02,58.02,0.048,99.04,49.04,87,1.133,0.961,0.538,0.502,0.136,0.129,0.343,0.257,0.176,0.127,0.187,0.188
2026,MLB,R,663738,"Lynch IV, Daniel",L,,263,-0.49,109.8,59.8,-0.399,107.98,57.98,-0.084,101.68,51.68,16,0.61,0.635,0.489,0.497,0.13,0.132,0.351,0.263,0.349,0.306,0.083,0.084
2026,MLB,R,666661,"Morillo, Juan",R,,287,-0.596,111.92,61.92,-0.394,107.88,57.88,-0.27,105.4,55.4,9,0.576,0.586,0.502,0.486,0.142,0.129,0.362,0.268,0.323,0.273,0.089,0.096
2026,MLB,R,666974,"Cano, Yennier",R,,202,-1.531,130.62,80.62,-0.393,107.86,57.86,-1.078,121.56,71.56,1,0.401,0.428,0.527,0.475,0.151,0.125,0.384,0.267,0.504,0.435,0.033,0.04
2026,MLB,R,622663,"Severino, Luis",R,,867,-0.327,106.54,56.54,-0.392,107.84,57.84,-0.009,100.18,50.18,23,0.656,0.675,0.493,0.487,0.129,0.119,0.36,0.246,0.274,0.224,0.114,0.124
2026,AAA,R,695239,"Ahlstrom, Robby",L,,284,-0.641,112.82,62.82,-0.392,107.84,57.84,-0.45,109,59,27,0.762,0.695,0.52,0.489,0.123,0.119,0.32,0.243,0.303,0.259,0.095,0.102
2026,AAA,R,682243,"Miller, Bryce",R,,86,0.108,97.84,47.84,-0.392,107.84,57.84,0.551,88.98,38.98,28,0.687,0.699,0.498,0.499,0.166,0.151,0.438,0.303,0.3,0.232,0.118,0.135
2026,MLB,R,676702,"Stratton, Hunter",R,,12,-0.544,110.88,60.88,-0.385,107.7,57.7,-0.564,111.28,61.28,33,0.865,0.72,0.485,0.499,0.127,0.137,0.372,0.276,0.271,0.244,0.12,0.101
2026,MLB,R,681006,"Simpson, Josh",L,,40,-0.484,109.68,59.68,-0.384,107.68,57.68,-0.618,112.36,62.36,8,0.602,0.576,0.482,0.456,0.103,0.108,0.324,0.238,0.399,0.337,0.056,0.069
2026,MLB,R,642100,"Speier, Gabe",L,,210,-0.705,114.1,64.1,-0.382,107.64,57.64,-0.653,113.06,63.06,31,0.895,0.71,0.556,0.476,0.138,0.121,0.327,0.254,0.3,0.262,0.1,0.097
2026,MLB,R,656794,"Newcomb, Sean",L,,384,-0.365,107.3,57.3,-0.378,107.56,57.56,-0.103,102.06,52.06,6,0.591,0.555,0.445,0.436,0.108,0.112,0.315,0.26,0.353,0.29,0.078,0.087
2026,AAA,R,669062,"Miller, Erik",L,,25,0.242,95.16,45.16,-0.378,107.56,57.56,0.44,91.2,41.2,13,0.706,0.612,0.459,0.496,0.139,0.143,0.399,0.292,0.304,0.296,0.134,0.083
2026,MLB,R,656271,"Burke, Brock",L,,320,-0.028,100.56,50.56,-0.375,107.5,57.5,0.46,90.8,40.8,23,0.705,0.675,0.483,0.505,0.138,0.162,0.386,0.32,0.307,0.272,0.1,0.097
2026,MLB,R,671737,"Bradley, Taj",R,,802,0.034,99.32,49.32,-0.374,107.48,57.48,0.407,91.86,41.86,19,0.717,0.653,0.459,0.491,0.124,0.145,0.373,0.297,0.319,0.266,0.097,0.107
2026,A,R,833376,"Scarborough, Joe",R,,129,1.082,78.36,28.36,-0.373,107.46,57.46,1.371,72.58,22.58,22,0.526,0.668,0.369,0.453,0.109,0.145,0.404,0.319,0.238,0.157,0.162,0.193
2026,MLB,R,702193,"Morris, Andrew",R,,296,-0.429,108.58,58.58,-0.372,107.44,57.44,-0.195,103.9,53.9,30,0.756,0.705,0.515,0.467,0.133,0.121,0.359,0.257,0.24,0.191,0.138,0.158
2026,MLB,R,663556,"McClanahan, Shane",L,,627,-0.271,105.42,55.42,-0.371,107.42,57.42,0.18,96.4,46.4,25,0.749,0.683,0.521,0.51,0.163,0.167,0.394,0.325,0.335,0.295,0.083,0.086
2026,MLB,R,663542,"Hudson, Bryan",L,,347,0.36,92.8,42.8,-0.366,107.32,57.32,0.677,86.46,36.46,17,0.769,0.647,0.428,0.45,0.107,0.138,0.338,0.31,0.325,0.231,0.082,0.119
2026,MLB,R,677161,"Kelly, Zack",R,,246,-0.389,107.78,57.78,-0.365,107.3,57.3,0.091,98.18,48.18,11,0.621,0.599,0.48,0.451,0.143,0.127,0.397,0.283,0.298,0.239,0.111,0.125
2026,MLB,R,681035,"Scott, Christian",R,,287,-0.19,103.8,53.8,-0.365,107.3,57.3,0.035,99.3,49.3,24,0.822,0.681,0.518,0.437,0.141,0.132,0.358,0.305,0.233,0.211,0.148,0.152
2026,AAA,R,686651,"Stoudt, Levi",R,,13,0.751,84.98,34.98,-0.363,107.26,57.26,1.497,70.06,20.06,25,0.485,0.687,0.314,0.476,0.098,0.134,0.5,0.281,0.247,0.135,0.164,0.224
2026,MLB,R,606996,"Hart, Kyle",L,,255,0.162,96.76,46.76,-0.363,107.26,57.26,0.461,90.78,40.78,12,0.674,0.606,0.433,0.468,0.119,0.141,0.38,0.298,0.342,0.28,0.075,0.09
2026,A,R,700582,"Craig, Gabe",R,,170,1.126,77.48,27.48,-0.36,107.2,57.2,1.26,74.8,24.8,35,0.597,0.726,0.407,0.454,0.119,0.114,0.431,0.252,0.319,0.213,0.085,0.116
2026,AAA,R,690440,"Hanner, Bradley",R,,313,0.098,98.04,48.04,-0.36,107.2,57.2,0.388,92.24,42.24,50,0.884,0.779,0.455,0.456,0.111,0.113,0.353,0.25,0.246,0.166,0.126,0.165
2026,AAA,R,681895,"Sisk, Evan",L,,93,0.43,91.4,41.4,-0.359,107.18,57.18,0.512,89.76,39.76,26,0.642,0.689,0.445,0.459,0.131,0.133,0.395,0.292,0.334,0.276,0.084,0.09
2026,MLB,R,700413,"Uberstine, Tyler",R,,45,0.257,94.86,44.86,-0.353,107.06,57.06,0.232,95.36,45.36,55,1.144,0.799,0.551,0.463,0.124,0.117,0.314,0.253,0.246,0.205,0.122,0.131
2026,AAA,R,669330,"Wells, Tyler",R,,19,-0.47,109.4,59.4,-0.353,107.06,57.06,-0.456,109.12,59.12,54,1.04,0.793,0.528,0.493,0.129,0.125,0.33,0.254,0.302,0.223,0.082,0.154
2026,AAA,R,681799,"Roberts, Ethan",R,,147,0.189,96.22,46.22,-0.351,107.02,57.02,0.619,87.62,37.62,7,0.615,0.572,0.407,0.445,0.118,0.133,0.39,0.302,0.27,0.198,0.104,0.123
2026,MLB,R,701656,"Henderson, Logan",R,,185,-0.774,115.48,65.48,-0.35,107,57,-0.661,113.22,63.22,51,1.171,0.782,0.541,0.468,0.131,0.135,0.297,0.288,0.196,0.171,0.167,0.167
2026,A,R,805790,"Bowker, Cody",R,,243,0.211,95.78,45.78,-0.348,106.96,56.96,0.467,90.66,40.66,27,0.657,0.695,0.434,0.408,0.125,0.113,0.408,0.278,0.193,0.15,0.184,0.167
2026,MLB,R,519141,"Pomeranz, Drew",L,,240,-0.432,108.64,58.64,-0.347,106.94,56.94,-0.054,101.08,51.08,16,0.796,0.636,0.493,0.468,0.143,0.156,0.384,0.334,0.256,0.204,0.134,0.167
2026,MLB,R,656302,"Cease, Dylan",R,,902,-0.403,108.06,58.06,-0.346,106.92,56.92,0,100,50,19,0.541,0.654,0.451,0.483,0.147,0.152,0.432,0.316,0.31,0.232,0.11,0.131
2026,A,R,815825,"Hernandez, Seth",R,,371,-0.433,108.66,58.66,-0.344,106.88,56.88,-0.119,102.38,52.38,5,0.56,0.536,0.456,0.436,0.158,0.144,0.427,0.334,0.275,0.217,0.126,0.131
2026,MLB,R,664285,"Valdez, Framber",L,,797,-0.332,106.64,56.64,-0.344,106.88,56.88,-0.005,100.1,50.1,4,0.534,0.529,0.452,0.463,0.117,0.115,0.338,0.25,0.437,0.409,0.042,0.036
2026,MLB,R,680702,"Gerber, Joey",R,,47,-0.111,102.22,52.22,-0.343,106.86,56.86,0.14,97.2,47.2,71,0.88,0.873,0.478,0.494,0.118,0.137,0.323,0.276,0.235,0.157,0.152,0.173
2026,AAA,R,681293,"Arrighetti, Spencer",R,,160,0.38,92.4,42.4,-0.342,106.84,56.84,0.745,85.1,35.1,13,0.625,0.616,0.404,0.435,0.107,0.126,0.362,0.291,0.274,0.198,0.135,0.152
2026,MLB,R,642048,"Saucedo, Tayler",L,,11,1.859,62.82,12.82,-0.341,106.82,56.82,2.149,57.02,7.02,21,0.482,0.666,0.342,0.485,0.125,0.151,0.498,0.314,0.38,0.262,0.076,0.109
2026,A,R,700305,"De Leon, Jorge",R,,118,1.865,62.7,12.7,-0.341,106.82,56.82,1.984,60.32,10.32,48,0.606,0.771,0.337,0.467,0.098,0.155,0.415,0.332,0.26,0.129,0.162,0.218
2026,MLB,R,676962,"Brown, Ben",R,,447,-0.148,102.96,52.96,-0.34,106.8,56.8,0.106,97.88,47.88,35,0.717,0.726,0.48,0.495,0.122,0.128,0.355,0.26,0.323,0.261,0.09,0.101
2026,AAA,R,689981,"Ryan, River",R,,119,-0.224,104.48,54.48,-0.339,106.78,56.78,0.198,96.04,46.04,6,0.494,0.553,0.464,0.485,0.125,0.148,0.357,0.308,0.39,0.334,0.075,0.072
2026,AAA,R,805427,"Sommers, Drew",L,,277,2.592,48.16,-1.84,-0.337,106.74,56.74,2.746,45.08,-4.92,3,0.499,0.51,0.338,0.436,0.078,0.126,0.429,0.291,0.428,0.303,0.052,0.077
2026,A,R,680253,"Bischoff, Kyle",R,,27,0.806,83.88,33.88,-0.337,106.74,56.74,0.718,85.64,35.64,34,0.595,0.721,0.451,0.465,0.134,0.151,0.406,0.328,0.276,0.207,0.136,0.121
2026,MLB,R,689254,"Fluharty, Mason",L,,277,-0.715,114.3,64.3,-0.337,106.74,56.74,-0.229,104.58,54.58,28,0.658,0.698,0.525,0.497,0.163,0.171,0.411,0.344,0.278,0.219,0.097,0.112
2026,AAA,R,681432,"Little, Luke",L,,225,1.011,79.78,29.78,-0.332,106.64,56.64,1.081,78.38,28.38,6,0.516,0.543,0.415,0.443,0.1,0.116,0.378,0.261,0.428,0.349,0.07,0.083
2026,MLB,R,677053,"Nardi, Andrew",L,,279,-0.009,100.18,50.18,-0.331,106.62,56.62,0.273,94.54,44.54,36,0.734,0.728,0.505,0.5,0.157,0.14,0.42,0.278,0.256,0.197,0.131,0.138
2026,AAA,R,801739,"Lagrange, Carlos",R,,546,0.096,98.08,48.08,-0.33,106.6,56.6,0.662,86.76,36.76,13,0.586,0.616,0.437,0.483,0.131,0.146,0.396,0.303,0.295,0.229,0.123,0.146
2026,AAA,R,678020,"Halvorsen, Seth",R,,231,-0.263,105.26,55.26,-0.329,106.58,56.58,0.03,99.4,49.4,12,0.68,0.608,0.508,0.482,0.149,0.142,0.354,0.294,0.346,0.311,0.078,0.074
2026,MLB,R,678020,"Halvorsen, Seth",R,,68,0.887,82.26,32.26,-0.329,106.58,56.58,1.155,76.9,26.9,17,0.561,0.646,0.409,0.487,0.121,0.138,0.413,0.284,0.358,0.266,0.081,0.089
2026,MLB,R,687377,"Ribalta, Orlando",R,,113,-0.481,109.62,59.62,-0.329,106.58,56.58,-0.282,105.64,55.64,40,0.662,0.744,0.506,0.5,0.151,0.136,0.392,0.275,0.307,0.232,0.122,0.129
2026,AAA,R,681544,"Olds, Wyatt",R,,301,0.16,96.8,46.8,-0.327,106.54,56.54,0.671,86.58,36.58,8,0.569,0.574,0.446,0.464,0.151,0.171,0.419,0.371,0.312,0.255,0.124,0.125
2026,MLB,R,621242,"Diaz, Edwin",R,,132,0.129,97.42,47.42,-0.326,106.52,56.52,0.296,94.08,44.08,26,0.737,0.689,0.496,0.487,0.164,0.163,0.427,0.333,0.28,0.209,0.13,0.129
2026,MLB,R,666157,"Lodolo, Nick",L,,165,0.094,98.12,48.12,-0.325,106.5,56.5,0.283,94.34,44.34,17,0.629,0.645,0.467,0.477,0.128,0.134,0.4,0.281,0.345,0.286,0.078,0.083
2026,MLB,R,672582,"Zerpa, Angel",L,,215,-0.267,105.34,55.34,-0.322,106.44,56.44,-0.213,104.26,54.26,9,0.618,0.584,0.432,0.442,0.081,0.082,0.284,0.18,0.431,0.394,0.044,0.039
2026,MLB,R,801403,"Dollander, Chase",R,,714,-0.109,102.18,52.18,-0.32,106.4,56.4,0.15,97,47,7,0.613,0.571,0.47,0.463,0.136,0.135,0.396,0.288,0.354,0.299,0.089,0.089
2026,AAA,R,689147,"Kerkering, Orion",R,,25,-0.395,107.9,57.9,-0.319,106.38,56.38,-0.41,108.2,58.2,27,0.525,0.692,0.504,0.474,0.15,0.121,0.331,0.258,0.265,0.224,0.102,0.113
2026,AAA,R,666768,"Pilar, Anderson",R,,168,0.551,88.98,38.98,-0.318,106.36,56.36,0.729,85.42,35.42,36,0.796,0.728,0.458,0.477,0.094,0.107,0.334,0.222,0.272,0.218,0.121,0.127
2026,MLB,R,676596,"Fleming, Josh",L,,75,0,100,50,-0.315,106.3,56.3,0.356,92.88,42.88,21,0.76,0.665,0.515,0.495,0.124,0.12,0.376,0.242,0.392,0.349,0.058,0.064
2026,AAA,R,592155,"Booser, Cam",L,,231,-0.043,100.86,50.86,-0.314,106.28,56.28,0.135,97.3,47.3,19,0.708,0.653,0.458,0.469,0.131,0.14,0.384,0.301,0.266,0.229,0.11,0.112
2026,MLB,R,656546,"Hoffman, Jeff",R,,354,-0.619,112.38,62.38,-0.313,106.26,56.26,-0.252,105.04,55.04,15,0.626,0.632,0.512,0.48,0.168,0.159,0.42,0.332,0.308,0.261,0.125,0.114
2026,MLB,R,657746,"Ryan, Joe",R,,742,-0.446,108.92,58.92,-0.313,106.26,56.26,-0.275,105.5,55.5,44,0.834,0.755,0.497,0.463,0.125,0.121,0.348,0.262,0.255,0.215,0.144,0.141
2026,MLB,R,664875,"Lawrence, Justin",R,,289,0.286,94.28,44.28,-0.311,106.22,56.22,0.609,87.82,37.82,3,0.524,0.51,0.412,0.425,0.111,0.118,0.411,0.28,0.353,0.27,0.087,0.091
2026,AAA,R,682825,"Mey, Luis",R,,168,-0.199,103.98,53.98,-0.31,106.2,56.2,0.091,98.18,48.18,4,0.543,0.528,0.433,0.465,0.105,0.119,0.4,0.26,0.405,0.316,0.079,0.107
2026,MLB,R,605441,"Rios, Yacksel",R,,13,-0.497,109.94,59.94,-0.308,106.16,56.16,-0.349,106.98,56.98,34,0.869,0.723,0.567,0.488,0.119,0.123,0.262,0.252,0.261,0.236,0.129,0.118
2026,MLB,R,681895,"Sisk, Evan",L,,278,0.268,94.64,44.64,-0.308,106.16,56.16,0.449,91.02,41.02,16,0.653,0.638,0.422,0.449,0.112,0.129,0.387,0.288,0.362,0.289,0.077,0.085
2026,MLB,R,608331,"Fried, Max",L,,914,-0.486,109.72,59.72,-0.307,106.14,56.14,-0.074,101.48,51.48,4,0.548,0.532,0.474,0.471,0.119,0.126,0.343,0.273,0.365,0.327,0.077,0.072
2026,A,R,823230,"McLoughlin, Tyler",R,,186,1.218,75.64,25.64,-0.307,106.14,56.14,1.453,70.94,20.94,68,0.83,0.852,0.434,0.48,0.117,0.137,0.397,0.285,0.234,0.145,0.163,0.175
2026,AAA,R,676604,"Zuber, Tyler",R,,295,-0.032,100.64,50.64,-0.306,106.12,56.12,0.042,99.16,49.16,56,0.928,0.805,0.494,0.478,0.12,0.123,0.338,0.257,0.225,0.17,0.139,0.156
2026,MLB,R,664208,"Maton, Phil",R,,214,-0.227,104.54,54.54,-0.306,106.12,56.12,0.12,97.6,47.6,20,0.716,0.657,0.477,0.485,0.139,0.148,0.396,0.297,0.294,0.23,0.089,0.099
2026,MLB,R,686580,"Slaten, Justin",R,,85,-0.718,114.36,64.36,-0.305,106.1,56.1,-0.179,103.58,53.58,7,0.787,0.572,0.541,0.497,0.133,0.144,0.365,0.291,0.308,0.268,0.097,0.107
2026,MLB,R,673929,"Leasure, Jordan",R,,277,0.007,99.86,49.86,-0.304,106.08,56.08,0.273,94.54,44.54,40,0.733,0.741,0.493,0.506,0.149,0.144,0.416,0.283,0.279,0.217,0.127,0.134
2026,A,R,702041,"Renner, Chase",R,,24,0.827,83.46,33.46,-0.301,106.02,56.02,0.429,91.42,41.42,93,1.175,1.029,0.535,0.494,0.103,0.119,0.26,0.24,0.232,0.154,0.146,0.178
2026,A,R,808497,"Morillo, Elier",L,,254,0.559,88.82,38.82,-0.301,106.02,56.02,0.823,83.54,33.54,35,0.709,0.725,0.429,0.458,0.122,0.133,0.383,0.29,0.249,0.177,0.135,0.157
2026,MLB,R,665660,"Alvarado, Elvis",R,,182,-0.354,107.08,57.08,-0.298,105.96,55.96,0.162,96.76,46.76,10,0.615,0.591,0.501,0.484,0.164,0.16,0.409,0.332,0.242,0.173,0.149,0.159
2026,MLB,R,693855,"Seymour, Ian",L,,327,-0.315,106.3,56.3,-0.296,105.92,55.92,-0.194,103.88,53.88,43,0.698,0.752,0.46,0.487,0.121,0.123,0.358,0.25,0.28,0.236,0.125,0.131
2026,AAA,R,663432,"Rainey, Tanner",R,,280,2.204,55.92,5.92,-0.294,105.88,55.88,2.363,52.74,2.74,66,0.636,0.844,0.376,0.496,0.118,0.149,0.461,0.299,0.302,0.156,0.116,0.176
2026,AAA,R,672442,"Cruz, Yovanny",R,,215,0.026,99.48,49.48,-0.293,105.86,55.86,0.294,94.12,44.12,14,0.605,0.618,0.479,0.499,0.155,0.176,0.405,0.359,0.309,0.24,0.083,0.1
2026,AAA,R,664208,"Maton, Phil",R,,25,0.063,98.74,48.74,-0.293,105.86,55.86,0.15,97,47,14,0.944,0.627,0.554,0.484,0.148,0.136,0.399,0.279,0.278,0.232,0.093,0.09
2026,AAA,R,805958,"Kelley, Jackson",R,,56,-0.532,110.64,60.64,-0.291,105.82,55.82,-0.28,105.6,55.6,6,0.565,0.551,0.446,0.466,0.059,0.077,0.217,0.168,0.338,0.354,0.116,0.097
2026,MLB,R,669302,"Gilbert, Logan",R,,818,-0.615,112.3,62.3,-0.29,105.8,55.8,-0.374,107.48,57.48,37,0.777,0.733,0.52,0.488,0.157,0.149,0.384,0.308,0.29,0.247,0.094,0.103
2026,AAA,R,686747,"La Sorsa, Joe",L,,241,-0.267,105.34,55.34,-0.288,105.76,55.76,-0.341,106.82,56.82,56,0.835,0.804,0.473,0.463,0.111,0.115,0.311,0.247,0.271,0.226,0.132,0.125
2026,MLB,R,820862,"Fermin, Jose",R,,118,0.226,95.48,45.48,-0.287,105.74,55.74,0.479,90.42,40.42,16,0.502,0.637,0.455,0.498,0.149,0.162,0.45,0.322,0.382,0.296,0.08,0.085
2026,AAA,R,686580,"Slaten, Justin",R,,18,2.073,58.54,8.54,-0.285,105.7,55.7,2.214,55.72,5.72,41,0.95,0.745,0.489,0.509,0.105,0.137,0.367,0.274,0.326,0.239,0.081,0.112
2026,AAA,R,702021,"Dion, Will",L,,315,-0.231,104.62,54.62,-0.283,105.66,55.66,-0.075,101.5,51.5,24,0.802,0.678,0.496,0.469,0.123,0.121,0.322,0.259,0.235,0.22,0.15,0.144
2026,AAA,R,702281,"Snelling, Robby",L,,423,-0.147,102.94,52.94,-0.282,105.64,55.64,0.147,97.06,47.06,7,0.587,0.572,0.44,0.467,0.129,0.147,0.374,0.316,0.298,0.231,0.096,0.122
2026,MLB,R,671212,"Boyle, Joe",R,,262,0.349,93.02,43.02,-0.28,105.6,55.6,0.766,84.68,34.68,7,0.654,0.566,0.461,0.486,0.121,0.156,0.377,0.322,0.372,0.333,0.086,0.078
2026,AAA,R,676012,"Ogando, Gerald",R,,201,1.431,71.38,21.38,-0.28,105.6,55.6,1.7,66,16,21,0.6,0.661,0.399,0.468,0.088,0.123,0.37,0.265,0.347,0.246,0.082,0.115
2026,AAA,R,687570,"Prielipp, Connor",L,,213,-0.237,104.74,54.74,-0.279,105.58,55.58,-0.009,100.18,50.18,13,0.645,0.612,0.494,0.479,0.157,0.142,0.418,0.293,0.349,0.29,0.075,0.081
2026,AAA,R,608650,"Enns, Dietrich",L,,105,-0.116,102.32,52.32,-0.276,105.52,55.52,-0.1,102,52,47,0.924,0.77,0.487,0.492,0.122,0.137,0.377,0.278,0.27,0.219,0.114,0.124
2026,MLB,R,656457,"Gilbert, Tyler",L,,57,0.41,91.8,41.8,-0.274,105.48,55.48,0.682,86.36,36.36,20,0.616,0.657,0.428,0.465,0.097,0.11,0.362,0.244,0.34,0.254,0.077,0.1
2026,MLB,R,674841,"Alvarez, Andrew",L,,62,-0.995,119.9,69.9,-0.274,105.48,55.48,-0.746,114.92,64.92,1,0.667,0.44,0.529,0.446,0.123,0.137,0.341,0.326,0.4,0.382,0.043,0.044
2026,MLB,R,669194,"Nelson, Ryne",R,,730,-0.477,109.54,59.54,-0.274,105.48,55.48,-0.251,105.02,55.02,55,0.855,0.799,0.533,0.505,0.127,0.124,0.309,0.244,0.247,0.209,0.13,0.133
2026,MLB,R,656641,"Latz, Jacob",L,,344,-0.152,103.04,53.04,-0.274,105.48,55.48,0.112,97.76,47.76,32,0.714,0.714,0.483,0.488,0.147,0.142,0.413,0.29,0.275,0.217,0.126,0.135
2026,AAA,R,680742,"Bowlan, Jonathan",R,,16,-1.43,128.6,78.6,-0.264,105.28,55.28,-1.424,128.48,78.48,49,0.677,0.774,0.51,0.485,0.184,0.165,0.475,0.34,0.265,0.179,0.171,0.155
2026,AAA,R,699823,"Davis, Tyler",R,,95,-0.159,103.18,53.18,-0.26,105.2,55.2,-0.133,102.66,52.66,63,0.982,0.835,0.551,0.493,0.157,0.143,0.362,0.29,0.213,0.189,0.174,0.154
2026,MLB,R,554430,"Wheeler, Zack",R,,363,-0.495,109.9,59.9,-0.26,105.2,55.2,-0.183,103.66,53.66,24,0.583,0.68,0.474,0.472,0.138,0.129,0.389,0.277,0.3,0.244,0.115,0.118
2026,MLB,R,687570,"Prielipp, Connor",L,,349,-0.204,104.08,54.08,-0.26,105.2,55.2,-0.276,105.52,55.52,30,0.69,0.705,0.494,0.493,0.154,0.143,0.418,0.29,0.308,0.256,0.095,0.091
2026,A,R,675650,"Mercado, Michael",R,,36,0.626,87.48,37.48,-0.258,105.16,55.16,0.545,89.1,39.1,59,0.865,0.82,0.48,0.458,0.137,0.13,0.391,0.284,0.219,0.173,0.151,0.159
2026,MLB,R,668909,"Williams, Gavin",R,,838,-0.173,103.46,53.46,-0.257,105.14,55.14,-0.057,101.14,51.14,23,0.764,0.674,0.479,0.457,0.14,0.139,0.376,0.309,0.308,0.272,0.094,0.082
2026,AAA,R,595897,"Burdi, Nick",R,,27,0.356,92.88,42.88,-0.257,105.14,55.14,0.334,93.32,43.32,5,0.747,0.54,0.477,0.44,0.154,0.137,0.451,0.313,0.292,0.261,0.111,0.114
2026,MLB,R,689296,"Nunez, Anthony",R,,301,0.33,93.4,43.4,-0.257,105.14,55.14,0.736,85.28,35.28,6,0.545,0.543,0.429,0.464,0.142,0.153,0.468,0.335,0.342,0.267,0.09,0.107
2026,MLB,R,640451,"Harvey, Hunter",R,,76,-0.841,116.82,66.82,-0.257,105.14,55.14,-0.676,113.52,63.52,30,0.898,0.706,0.563,0.499,0.149,0.148,0.348,0.295,0.31,0.25,0.093,0.115
2026,AAA,R,702129,"Pham, Alex",R,,313,0.841,83.18,33.18,-0.256,105.12,55.12,1.1,78,28,12,0.759,0.608,0.431,0.42,0.104,0.117,0.367,0.281,0.255,0.207,0.136,0.156
2026,MLB,R,695380,"Hoppe, Alex",R,,125,-0.334,106.68,56.68,-0.255,105.1,55.1,-0.216,104.32,54.32,17,0.553,0.646,0.497,0.5,0.156,0.134,0.42,0.266,0.365,0.309,0.07,0.074
2026,AAA,R,679922,"Duran, Carlos",R,,298,0.756,84.88,34.88,-0.254,105.08,55.08,0.682,86.36,36.36,36,0.7,0.729,0.456,0.469,0.121,0.124,0.372,0.264,0.318,0.254,0.109,0.115
2026,A,R,699276,"Olivares, Jose",R,,40,-0.134,102.68,52.68,-0.253,105.06,55.06,0.198,96.04,46.04,45,0.849,0.76,0.49,0.491,0.128,0.143,0.318,0.288,0.25,0.223,0.138,0.135
2026,MLB,R,702281,"Snelling, Robby",L,,86,0.306,93.88,43.88,-0.252,105.04,55.04,0.391,92.18,42.18,2,0.609,0.499,0.473,0.469,0.124,0.153,0.364,0.327,0.347,0.281,0.077,0.096
2026,A,R,834579,"Bowen, Tyler",R,,135,0.644,87.12,37.12,-0.252,105.04,55.04,0.696,86.08,36.08,20,0.59,0.657,0.438,0.45,0.143,0.148,0.38,0.329,0.256,0.199,0.15,0.141
2026,AAA,R,695001,"Santa, Alimber",R,,249,0.107,97.86,47.86,-0.251,105.02,55.02,0.177,96.46,46.46,10,0.717,0.588,0.481,0.464,0.115,0.133,0.323,0.286,0.322,0.289,0.102,0.097
2026,AAA,R,621016,"Cuas, Jose",R,,224,-0.306,106.12,56.12,-0.247,104.94,54.94,-0.296,105.92,55.92,28,0.763,0.696,0.502,0.474,0.113,0.113,0.315,0.239,0.283,0.23,0.122,0.123
2026,AAA,R,702153,"Fitzpatrick, Brian",L,,125,-0.818,116.36,66.36,-0.247,104.94,54.94,-0.709,114.18,64.18,32,0.757,0.714,0.477,0.479,0.118,0.122,0.343,0.252,0.296,0.26,0.117,0.103
2026,AAA,R,800311,"Fuentes, Didier",R,,241,-0.062,101.24,51.24,-0.246,104.92,54.92,0.179,96.42,46.42,41,0.739,0.747,0.472,0.486,0.146,0.142,0.407,0.293,0.293,0.222,0.109,0.121
2026,MLB,R,690986,"Harrison, Kyle",L,,594,-0.635,112.7,62.7,-0.246,104.92,54.92,-0.611,112.22,62.22,10,0.706,0.591,0.523,0.445,0.16,0.136,0.374,0.305,0.278,0.243,0.109,0.104
2026,MLB,R,668873,"Kilian, Caleb",R,,302,-0.172,103.44,53.44,-0.246,104.92,54.92,0.095,98.1,48.1,10,0.595,0.589,0.474,0.471,0.138,0.133,0.371,0.285,0.331,0.272,0.083,0.095
2026,MLB,R,694680,"Martin, Trevor",R,,71,-0.464,109.28,59.28,-0.243,104.86,54.86,-0.165,103.3,53.3,44,0.742,0.755,0.503,0.495,0.15,0.149,0.411,0.301,0.252,0.203,0.146,0.141
2026,MLB,R,676775,"Winn, Keaton",R,,257,-0.667,113.34,63.34,-0.242,104.84,54.84,-0.351,107.02,57.02,6,0.607,0.545,0.506,0.509,0.159,0.16,0.403,0.309,0.434,0.38,0.058,0.055
2026,MLB,R,689441,"Crow, Coleman",R,,76,-0.776,115.52,65.52,-0.242,104.84,54.84,-0.737,114.74,64.74,51,0.954,0.782,0.559,0.475,0.144,0.121,0.313,0.254,0.267,0.228,0.096,0.108
2026,MLB,R,643377,"Jax, Griffin",R,,380,-0.471,109.42,59.42,-0.242,104.84,54.84,-0.099,101.98,51.98,5,0.509,0.539,0.473,0.453,0.156,0.138,0.434,0.306,0.37,0.298,0.078,0.094
2026,AAA,R,702056,"Yesavage, Trey",R,,134,0.6,88,38,-0.242,104.84,54.84,1.088,78.24,28.24,11,0.726,0.602,0.458,0.495,0.136,0.155,0.396,0.308,0.287,0.201,0.126,0.169
2026,MLB,R,663767,"Shugart, Chase",R,,208,-0.271,105.42,55.42,-0.241,104.82,54.82,-0.037,100.74,50.74,39,0.656,0.738,0.466,0.477,0.122,0.111,0.368,0.231,0.278,0.234,0.116,0.112
2026,MLB,R,689266,"Dodd, Dylan",L,,50,-0.931,118.62,68.62,-0.241,104.82,54.82,-0.643,112.86,62.86,27,0.782,0.692,0.49,0.467,0.147,0.141,0.39,0.301,0.229,0.173,0.138,0.15
2026,AAA,R,594027,"Guerrero, Tayron",R,,200,0.163,96.74,46.74,-0.24,104.8,54.8,0.353,92.94,42.94,5,0.581,0.541,0.516,0.48,0.113,0.119,0.326,0.246,0.376,0.328,0.077,0.069
2026,MLB,R,605400,"Nola, Aaron",R,,734,-0.117,102.34,52.34,-0.239,104.78,54.78,0.122,97.56,47.56,48,0.701,0.772,0.447,0.47,0.127,0.132,0.37,0.273,0.307,0.238,0.096,0.113
2026,MLB,R,696149,"Chandler, Bubba",R,,676,-0.327,106.54,56.54,-0.239,104.78,54.78,0.013,99.74,49.74,17,0.661,0.643,0.513,0.487,0.171,0.163,0.404,0.338,0.266,0.24,0.138,0.126
2026,MLB,R,690978,"Fulton, Dax",L,,62,0.325,93.5,43.5,-0.238,104.76,54.76,0.824,83.52,33.52,6,0.462,0.558,0.425,0.495,0.136,0.145,0.475,0.294,0.396,0.304,0.049,0.068
2026,AAA,R,687377,"Ribalta, Orlando",R,,113,0.144,97.12,47.12,-0.237,104.74,54.74,0.366,92.68,42.68,47,0.859,0.767,0.484,0.491,0.126,0.138,0.363,0.283,0.275,0.191,0.123,0.165
2026,AAA,R,669684,"Murphy, Chris",L,,137,0.713,85.74,35.74,-0.237,104.74,54.74,0.797,84.06,34.06,16,0.567,0.635,0.427,0.469,0.128,0.136,0.424,0.288,0.3,0.233,0.11,0.116
2026,A,R,812151,"Villafana, Deivi",R,,116,0.229,95.42,45.42,-0.237,104.74,54.74,0.225,95.5,45.5,67,0.791,0.849,0.488,0.474,0.131,0.127,0.346,0.268,0.215,0.183,0.156,0.14
2026,MLB,R,647315,"Pop, Zach",R,,127,0.13,97.4,47.4,-0.235,104.7,54.7,0.332,93.36,43.36,18,0.578,0.649,0.405,0.46,0.084,0.1,0.301,0.221,0.388,0.325,0.068,0.065
2026,MLB,R,606965,"Devenski, Chris",R,,39,0.267,94.66,44.66,-0.233,104.66,54.66,-0.024,100.48,50.48,76,0.928,0.894,0.51,0.493,0.115,0.127,0.293,0.258,0.244,0.207,0.145,0.13
2026,A,R,835054,"Wetwiska, Cale",R,,122,0.038,99.24,49.24,-0.231,104.62,54.62,0.016,99.68,49.68,47,0.774,0.769,0.485,0.47,0.12,0.122,0.344,0.26,0.302,0.234,0.106,0.119
2026,AAA,R,702130,"Watson, Danny",R,,309,0.245,95.1,45.1,-0.229,104.58,54.58,0.504,89.92,39.92,7,0.77,0.572,0.445,0.432,0.131,0.146,0.394,0.342,0.248,0.165,0.106,0.138
2026,MLB,R,642528,"Loaisiga, Jonathan",R,,266,-0.781,115.62,65.62,-0.226,104.52,54.52,-0.512,110.24,60.24,6,0.592,0.551,0.512,0.478,0.137,0.132,0.374,0.275,0.388,0.342,0.073,0.074
2026,AAA,R,670955,"Uceta, Edwin",R,,32,-1.01,120.2,70.2,-0.222,104.44,54.44,-0.57,111.4,61.4,16,0.665,0.64,0.522,0.509,0.159,0.159,0.426,0.311,0.345,0.238,0.103,0.137
2026,AAA,R,681520,"Kelly, Antoine",L,,264,0.623,87.54,37.54,-0.221,104.42,54.42,0.803,83.94,33.94,22,0.633,0.67,0.444,0.499,0.108,0.125,0.396,0.25,0.367,0.288,0.078,0.097
2026,MLB,R,676440,"Bibee, Tanner",R,,790,0.014,99.72,49.72,-0.218,104.36,54.36,0.151,96.98,46.98,39,0.749,0.74,0.452,0.463,0.118,0.115,0.37,0.248,0.307,0.246,0.103,0.114
2026,MLB,R,687941,"Gamboa, Alec",L,,14,-0.697,113.94,63.94,-0.217,104.34,54.34,-0.675,113.5,63.5,29,1.015,0.702,0.588,0.494,0.111,0.126,0.248,0.255,0.224,0.218,0.137,0.118
2026,MLB,R,677865,"Bruihl, Justin",L,,339,-0.292,105.84,55.84,-0.215,104.3,54.3,-0.093,101.86,51.86,5,0.508,0.535,0.44,0.429,0.113,0.108,0.357,0.26,0.388,0.337,0.072,0.071
2026,AAA,R,694885,"Murphy, Ryan",R,,104,0.249,95.02,45.02,-0.215,104.3,54.3,0.229,95.42,45.42,28,0.736,0.697,0.477,0.47,0.112,0.124,0.344,0.266,0.322,0.269,0.098,0.092
2026,AAA,R,682982,"Espino, Daniel",R,,236,0.415,91.7,41.7,-0.212,104.24,54.24,0.805,83.9,33.9,37,0.584,0.731,0.447,0.507,0.138,0.162,0.412,0.32,0.288,0.211,0.125,0.133
2026,MLB,R,656876,"Rasmussen, Drew",R,,673,-0.89,117.8,67.8,-0.212,104.24,54.24,-0.794,115.88,65.88,11,0.646,0.595,0.514,0.466,0.141,0.121,0.36,0.265,0.343,0.299,0.081,0.083
2026,MLB,R,681982,"Anderson, Grant",R,,245,-0.645,112.9,62.9,-0.21,104.2,54.2,-0.591,111.82,61.82,42,0.826,0.748,0.489,0.459,0.132,0.128,0.345,0.28,0.261,0.204,0.138,0.159
2026,AAA,R,805299,"Garcia, Brandyn",L,,171,0.957,80.86,30.86,-0.21,104.2,54.2,1.117,77.66,27.66,8,0.51,0.581,0.425,0.452,0.091,0.101,0.355,0.223,0.43,0.338,0.049,0.066
2026,AAA,R,682995,"Barco, Hunter",L,,232,0.553,88.94,38.94,-0.209,104.18,54.18,0.565,88.7,38.7,25,0.799,0.687,0.455,0.462,0.109,0.14,0.341,0.301,0.3,0.248,0.11,0.108
2026,AAA,R,683000,"Cornelio, Riley",R,,572,-0.054,101.08,51.08,-0.208,104.16,54.16,0.066,98.68,48.68,24,0.678,0.677,0.456,0.45,0.152,0.15,0.454,0.344,0.249,0.188,0.16,0.166
2026,MLB,R,674444,"Cruz, Steven",R,,166,-0.419,108.38,58.38,-0.208,104.16,54.16,-0.165,103.3,53.3,64,0.677,0.837,0.494,0.507,0.156,0.149,0.396,0.296,0.254,0.184,0.128,0.144
2026,AAA,R,659381,"King, Justin",L,,102,3.895,22.1,-27.9,-0.207,104.14,54.14,4.101,17.98,-32.02,39,0.435,0.74,0.329,0.505,0.097,0.142,0.551,0.281,0.355,0.201,0.113,0.131
2026,AAA,R,675512,"Melton, Troy",R,,54,1.823,63.54,13.54,-0.207,104.14,54.14,1.596,68.08,18.08,26,0.694,0.69,0.446,0.485,0.115,0.124,0.441,0.254,0.385,0.302,0.074,0.075
2026,MLB,R,672282,"Detmers, Reid",L,,867,-0.54,110.8,60.8,-0.204,104.08,54.08,-0.463,109.26,59.26,36,0.772,0.728,0.518,0.486,0.144,0.139,0.351,0.285,0.28,0.239,0.115,0.112
2026,MLB,R,701474,"Davitt, Duncan",R,,14,-1.993,139.86,89.86,-0.203,104.06,54.06,-1.924,138.48,88.48,24,0.931,0.68,0.642,0.469,0.182,0.146,0.349,0.314,0.24,0.22,0.182,0.137
2026,AAA,R,669212,"Morgan, Eli",R,,126,-0.43,108.6,58.6,-0.203,104.06,54.06,-0.48,109.6,59.6,73,0.891,0.882,0.543,0.51,0.135,0.13,0.301,0.253,0.206,0.196,0.164,0.138
2026,AAA,R,692024,"Carrillo, Alex",R,,258,1.275,74.5,24.5,-0.202,104.04,54.04,1.446,71.08,21.08,23,0.642,0.675,0.433,0.48,0.133,0.14,0.446,0.291,0.373,0.263,0.094,0.108
2026,MLB,R,700249,"Povich, Cade",L,,303,0.421,91.58,41.58,-0.202,104.04,54.04,0.543,89.14,39.14,38,0.883,0.737,0.464,0.472,0.116,0.119,0.36,0.252,0.272,0.22,0.123,0.138
2026,MLB,R,669724,"Hanifee, Brenan",R,,97,-0.307,106.14,56.14,-0.2,104,54,-0.271,105.42,55.42,11,0.646,0.597,0.479,0.48,0.109,0.107,0.333,0.222,0.455,0.391,0.042,0.048
2026,MLB,R,699823,"Davis, Tyler",R,,104,0.235,95.3,45.3,-0.199,103.98,53.98,0.326,93.48,43.48,52,0.809,0.787,0.479,0.489,0.129,0.144,0.351,0.296,0.251,0.211,0.148,0.141
2026,AAA,R,621199,"Bowman, Matt",R,,308,-0.347,106.94,56.94,-0.198,103.96,53.96,-0.22,104.4,54.4,40,0.884,0.743,0.463,0.461,0.085,0.087,0.291,0.188,0.348,0.286,0.07,0.079
2026,A,R,702255,"Barriera, Brandon",L,,342,0.741,85.18,35.18,-0.197,103.94,53.94,0.908,81.84,31.84,4,0.47,0.525,0.423,0.491,0.11,0.128,0.42,0.264,0.399,0.314,0.057,0.065
2026,MLB,R,641743,"Kay, Anthony",L,,694,-0.285,105.7,55.7,-0.197,103.94,53.94,-0.107,102.14,52.14,19,0.554,0.651,0.475,0.484,0.134,0.128,0.378,0.265,0.343,0.287,0.086,0.09
2026,MLB,R,679883,"Avila, Luinder",R,,271,-0.107,102.14,52.14,-0.194,103.88,53.88,0.289,94.22,44.22,12,0.611,0.607,0.478,0.476,0.127,0.12,0.381,0.253,0.383,0.312,0.062,0.076
2026,MLB,R,683004,"Leiter, Jack",R,,749,-0.078,101.56,51.56,-0.194,103.88,53.88,0.217,95.66,45.66,25,0.75,0.686,0.492,0.479,0.136,0.145,0.36,0.303,0.296,0.263,0.115,0.107
2026,MLB,R,641755,"Kinley, Tyler",R,,311,-0.006,100.12,50.12,-0.192,103.84,53.84,0.091,98.18,48.18,81,0.802,0.917,0.478,0.488,0.144,0.132,0.395,0.267,0.305,0.226,0.094,0.118
2026,MLB,R,542888,"Armstrong, Shawn",R,,200,0.475,90.5,40.5,-0.19,103.8,53.8,0.632,87.36,37.36,61,0.842,0.825,0.454,0.478,0.112,0.11,0.363,0.23,0.274,0.195,0.117,0.153
2026,AAA,R,665660,"Alvarado, Elvis",R,,95,0.493,90.14,40.14,-0.189,103.78,53.78,0.903,81.94,31.94,10,0.517,0.588,0.43,0.482,0.129,0.149,0.352,0.315,0.301,0.233,0.107,0.109
2026,AAA,R,802686,"Harris, Hayden",L,,279,1.116,77.68,27.68,-0.189,103.78,53.78,1.291,74.18,24.18,68,0.726,0.853,0.417,0.459,0.1,0.101,0.357,0.22,0.222,0.153,0.17,0.179
2026,MLB,R,696070,"Rojas, Kendry",L,,93,1.334,73.32,23.32,-0.188,103.76,53.76,1.671,66.58,16.58,12,0.562,0.609,0.446,0.499,0.142,0.154,0.468,0.308,0.393,0.291,0.07,0.089
2026,A,R,834882,"Wissinger, Reece",R,,155,0.424,91.52,41.52,-0.187,103.74,53.74,0.327,93.46,43.46,93,0.971,1.054,0.485,0.505,0.117,0.125,0.301,0.247,0.204,0.136,0.174,0.201
2026,AAA,R,696146,"Smith, Hagen",L,,379,0.405,91.9,41.9,-0.186,103.72,53.72,0.464,90.72,40.72,40,0.698,0.744,0.461,0.471,0.132,0.135,0.38,0.285,0.28,0.204,0.107,0.131
2026,AAA,R,804556,"Nett, Braden",R,,56,0.167,96.66,46.66,-0.184,103.68,53.68,0.089,98.22,48.22,16,0.658,0.637,0.45,0.475,0.11,0.128,0.369,0.268,0.345,0.315,0.086,0.074
2026,MLB,R,663687,"Harris, Hogan",L,,407,0.207,95.86,45.86,-0.184,103.68,53.68,0.365,92.7,42.7,14,0.631,0.623,0.426,0.454,0.105,0.121,0.336,0.267,0.293,0.235,0.11,0.118
2026,MLB,R,669160,"May, Dustin",R,,688,-0.108,102.16,52.16,-0.181,103.62,53.62,0.039,99.22,49.22,10,0.657,0.592,0.468,0.459,0.116,0.126,0.354,0.282,0.364,0.319,0.08,0.073
2026,AAA,R,686790,"McDonald, Trevor",R,,228,0.962,80.76,30.76,-0.18,103.6,53.6,1.252,74.96,24.96,3,0.514,0.517,0.392,0.442,0.089,0.109,0.371,0.249,0.486,0.411,0.033,0.039
2026,MLB,R,668964,"Myers, Tobias",R,,339,-0.19,103.8,53.8,-0.179,103.58,53.58,0.027,99.46,49.46,76,1.013,0.896,0.479,0.469,0.112,0.116,0.32,0.248,0.241,0.187,0.134,0.152
2026,MLB,R,607192,"Glasnow, Tyler",R,,598,-0.072,101.44,51.44,-0.178,103.56,53.56,0.198,96.04,46.04,11,0.623,0.597,0.447,0.442,0.113,0.113,0.357,0.26,0.354,0.313,0.065,0.064
2026,MLB,R,682274,"Hiraldo, Yaramil",R,,47,1.375,72.5,22.5,-0.178,103.56,53.56,1.565,68.7,18.7,23,0.545,0.676,0.417,0.489,0.148,0.159,0.472,0.324,0.332,0.238,0.095,0.135
2026,MLB,R,571948,"Milner, Hoby",L,,274,-0.099,101.98,51.98,-0.174,103.48,53.48,0.09,98.2,48.2,8,0.648,0.578,0.432,0.419,0.085,0.072,0.32,0.178,0.383,0.333,0.053,0.059
2026,MLB,R,660604,"Rangel, Alan",R,,44,0.186,96.28,46.28,-0.173,103.46,53.46,0.273,94.54,44.54,24,0.635,0.68,0.395,0.449,0.107,0.134,0.318,0.302,0.242,0.179,0.152,0.168
2026,AAA,R,684974,"Yoho, Craig",R,,131,-0.137,102.74,52.74,-0.171,103.42,53.42,-0.062,101.24,51.24,18,0.753,0.649,0.475,0.448,0.124,0.126,0.316,0.28,0.284,0.245,0.11,0.104
2026,AAA,R,676702,"Stratton, Hunter",R,,213,0.696,86.08,36.08,-0.17,103.4,53.4,0.809,83.82,33.82,45,0.734,0.762,0.479,0.509,0.123,0.121,0.371,0.239,0.294,0.234,0.098,0.109
2026,AAA,R,572143,"Smith, Burch",R,,113,-0.173,103.46,53.46,-0.169,103.38,53.38,-0.053,101.06,51.06,46,0.985,0.763,0.498,0.481,0.127,0.145,0.345,0.303,0.244,0.227,0.128,0.122
2026,MLB,R,669084,"Hall, DL",L,,341,0.245,95.1,45.1,-0.168,103.36,53.36,0.419,91.62,41.62,3,0.528,0.506,0.424,0.43,0.115,0.121,0.386,0.283,0.348,0.319,0.081,0.073
2026,MLB,R,678022,"Perkins, Jack",R,,282,-0.166,103.32,53.32,-0.167,103.34,53.34,-0.192,103.84,53.84,30,0.661,0.707,0.506,0.48,0.152,0.141,0.405,0.295,0.295,0.243,0.106,0.106
2026,MLB,R,701121,"VanWey, Logan",R,,28,-0.636,112.72,62.72,-0.166,103.32,53.32,-0.583,111.66,61.66,48,0.897,0.771,0.559,0.481,0.119,0.124,0.292,0.258,0.233,0.216,0.158,0.133
2026,AAA,R,669285,"Hammer, Dan",R,,198,1.348,73.04,23.04,-0.166,103.32,53.32,1.81,63.8,13.8,27,0.632,0.692,0.418,0.499,0.118,0.144,0.414,0.289,0.26,0.216,0.144,0.132
2026,AAA,R,690978,"Fulton, Dax",L,,467,0.259,94.82,44.82,-0.166,103.32,53.32,0.584,88.32,38.32,22,0.624,0.67,0.458,0.482,0.114,0.132,0.379,0.275,0.329,0.27,0.081,0.092
2026,A,R,805758,"Walters, Brian",R,,277,0.857,82.86,32.86,-0.165,103.3,53.3,0.746,85.08,35.08,42,0.756,0.751,0.42,0.448,0.092,0.109,0.361,0.242,0.338,0.24,0.083,0.109
2026,AAA,R,701656,"Henderson, Logan",R,,241,-0.232,104.64,54.64,-0.165,103.3,53.3,-0.065,101.3,51.3,46,0.972,0.764,0.484,0.464,0.132,0.14,0.341,0.302,0.195,0.165,0.179,0.177
2026,MLB,R,663893,"Little, Brendon",L,,92,-0.298,105.96,55.96,-0.162,103.24,53.24,0.261,94.78,44.78,0,0.392,0.389,0.429,0.46,0.118,0.141,0.415,0.319,0.506,0.46,0.029,0.028
2026,AAA,R,700413,"Uberstine, Tyler",R,,118,1.442,71.16,21.16,-0.16,103.2,53.2,1.402,71.96,21.96,51,1.04,0.782,0.475,0.451,0.099,0.113,0.298,0.249,0.238,0.206,0.142,0.134
2026,A,R,801249,"Mendez, Julio",L,,334,0.494,90.12,40.12,-0.159,103.18,53.18,0.529,89.42,39.42,50,0.752,0.779,0.461,0.481,0.111,0.12,0.355,0.249,0.275,0.208,0.121,0.133
2026,MLB,R,656986,"Sousa, Bennett",L,,73,1.472,70.56,20.56,-0.154,103.08,53.08,1.63,67.4,17.4,33,0.823,0.718,0.463,0.494,0.132,0.138,0.436,0.28,0.337,0.256,0.086,0.108
2026,MLB,R,641941,"Pagan, Emilio",R,,229,0.238,95.24,45.24,-0.154,103.08,53.08,0.397,92.06,42.06,65,0.788,0.839,0.464,0.476,0.141,0.139,0.388,0.292,0.247,0.191,0.143,0.143
2026,AAA,R,702273,"Schultz, Noah",L,,126,-0.222,104.44,54.44,-0.151,103.02,53.02,-0.314,106.28,56.28,18,0.646,0.649,0.466,0.44,0.118,0.112,0.348,0.257,0.298,0.234,0.1,0.109
2026,MLB,R,670912,"Oviedo, Johan",R,,71,0.108,97.84,47.84,-0.151,103.02,53.02,0.196,96.08,46.08,38,0.826,0.735,0.483,0.466,0.132,0.139,0.409,0.297,0.289,0.217,0.118,0.125
2026,A,R,702212,"Mendoza, Jordarlin",R,,259,1.692,66.16,16.16,-0.148,102.96,52.96,1.747,65.06,15.06,27,0.554,0.693,0.35,0.446,0.089,0.104,0.399,0.233,0.342,0.237,0.107,0.131
2026,MLB,R,681168,"Curvelo, Luis",R,,67,-0.761,115.22,65.22,-0.148,102.96,52.96,-0.647,112.94,62.94,68,1.126,0.852,0.528,0.487,0.124,0.131,0.34,0.269,0.234,0.199,0.139,0.137
2026,AAA,R,547184,"Kelly, Michael",R,,206,0.128,97.44,47.44,-0.148,102.96,52.96,0.086,98.28,48.28,73,0.83,0.883,0.441,0.473,0.114,0.114,0.35,0.24,0.288,0.206,0.103,0.127
2026,AAA,R,696519,"Natera Jr., Samy",L,,349,0.377,92.46,42.46,-0.148,102.96,52.96,0.43,91.4,41.4,44,0.73,0.756,0.46,0.502,0.119,0.133,0.373,0.265,0.324,0.226,0.092,0.122
2026,AAA,R,672487,"Olivarez, Helcris",L,,295,2.002,59.96,9.96,-0.147,102.94,52.94,2.084,58.32,8.32,45,0.654,0.76,0.376,0.481,0.079,0.111,0.374,0.231,0.35,0.274,0.084,0.082
2026,MLB,R,671382,"Foster, Cameron",R,,154,0.777,84.46,34.46,-0.147,102.94,52.94,0.981,80.38,30.38,71,0.839,0.873,0.479,0.505,0.126,0.139,0.394,0.278,0.25,0.2,0.144,0.134
2026,AAA,R,671212,"Boyle, Joe",R,,72,0.632,87.36,37.36,-0.144,102.88,52.88,0.677,86.46,36.46,16,0.665,0.634,0.423,0.477,0.104,0.127,0.356,0.267,0.341,0.288,0.093,0.088
2026,AAA,R,640454,"Krook, Matt",L,,168,2.032,59.36,9.36,-0.144,102.88,52.88,1.947,61.06,11.06,25,0.662,0.684,0.374,0.437,0.076,0.079,0.339,0.181,0.4,0.323,0.049,0.059
2026,MLB,R,663947,"Holton, Tyler",L,,324,-0.017,100.34,50.34,-0.143,102.86,52.86,0.106,97.88,47.88,41,0.768,0.745,0.471,0.482,0.108,0.111,0.339,0.232,0.334,0.269,0.075,0.091
2026,A,R,823671,"Mueller, Mitch",R,,250,0.869,82.62,32.62,-0.142,102.84,52.84,0.79,84.2,34.2,55,0.849,0.8,0.441,0.437,0.111,0.115,0.352,0.265,0.265,0.196,0.135,0.14
2026,MLB,R,607481,"Bummer, Aaron",L,,226,0.268,94.64,44.64,-0.14,102.8,52.8,0.293,94.14,44.14,9,0.747,0.582,0.47,0.444,0.097,0.098,0.315,0.222,0.376,0.326,0.059,0.06
2026,AAA,R,687209,"Maxwell, Zach",R,,234,0.26,94.8,44.8,-0.138,102.76,52.76,0.507,89.86,39.86,21,0.57,0.661,0.43,0.494,0.132,0.154,0.415,0.315,0.278,0.169,0.119,0.161
2026,MLB,R,676106,"Hancock, Emerson",R,,738,-0.201,104.02,54.02,-0.135,102.7,52.7,-0.38,107.6,57.6,39,0.833,0.738,0.494,0.448,0.121,0.101,0.352,0.227,0.3,0.24,0.101,0.116
2026,AAA,R,676661,"Lazar, Max",R,,33,-0.203,104.06,54.06,-0.135,102.7,52.7,-0.227,104.54,54.54,57,0.893,0.807,0.471,0.463,0.135,0.126,0.413,0.28,0.31,0.26,0.097,0.117
2026,AAA,R,689476,"Beck, Jace",R,,80,0.31,93.8,43.8,-0.135,102.7,52.7,0.253,94.94,44.94,73,0.959,0.881,0.528,0.499,0.128,0.142,0.315,0.285,0.229,0.181,0.143,0.138
2026,MLB,R,455119,"Martin, Chris",R,,104,-0.427,108.54,58.54,-0.135,102.7,52.7,-0.408,108.16,58.16,61,1.031,0.828,0.556,0.512,0.118,0.114,0.288,0.222,0.284,0.253,0.111,0.098
2026,MLB,R,676534,"Faucher, Calvin",R,,266,0.498,90.04,40.04,-0.133,102.66,52.66,0.751,84.98,34.98,2,0.483,0.502,0.408,0.45,0.115,0.135,0.403,0.304,0.41,0.319,0.048,0.07
2026,AAA,R,806188,"Gibson, Cade",L,,283,0.142,97.16,47.16,-0.132,102.64,52.64,0.141,97.18,47.18,9,0.564,0.583,0.446,0.446,0.122,0.119,0.396,0.268,0.338,0.281,0.09,0.097
2026,AAA,R,692285,"Guerrero, Luis",R,,304,-0.396,107.92,57.92,-0.132,102.64,52.64,-0.065,101.3,51.3,54,0.93,0.793,0.499,0.496,0.142,0.152,0.383,0.306,0.259,0.208,0.133,0.139
2026,AAA,R,682790,"Gonzalez, Wikelman",R,,220,0.115,97.7,47.7,-0.132,102.64,52.64,0.324,93.52,43.52,44,0.827,0.758,0.462,0.481,0.123,0.147,0.364,0.308,0.291,0.211,0.115,0.125
2026,AAA,R,700842,"Rivera, Eduardo",L,,191,-0.091,101.82,51.82,-0.128,102.56,52.56,0.134,97.32,47.32,29,0.65,0.701,0.478,0.514,0.144,0.155,0.405,0.301,0.333,0.272,0.093,0.095
2026,MLB,R,670280,"Bednar, David",R,,333,-0.632,112.64,62.64,-0.127,102.54,52.54,-0.696,113.92,63.92,43,0.734,0.752,0.51,0.476,0.15,0.133,0.379,0.279,0.286,0.236,0.125,0.118
2026,AAA,R,695402,"Victor, Najer",R,,64,1.866,62.68,12.68,-0.127,102.54,52.54,1.486,70.28,20.28,68,0.804,0.854,0.475,0.472,0.123,0.112,0.365,0.238,0.244,0.174,0.12,0.143
2026,MLB,R,813349,"Early, Connelly",L,,709,0.092,98.16,48.16,-0.126,102.52,52.52,0.189,96.22,46.22,21,0.693,0.661,0.492,0.47,0.133,0.135,0.351,0.287,0.323,0.275,0.096,0.095
2026,AAA,R,658551,"Fernandez, Junior",R,,165,0.573,88.54,38.54,-0.125,102.5,52.5,0.824,83.52,33.52,21,0.444,0.664,0.423,0.493,0.109,0.108,0.374,0.221,0.376,0.285,0.085,0.096
2026,MLB,R,657277,"Webb, Logan",R,,730,-0.453,109.06,59.06,-0.125,102.5,52.5,-0.255,105.1,55.1,8,0.544,0.577,0.461,0.46,0.115,0.104,0.332,0.224,0.403,0.359,0.054,0.05
2026,AAA,R,683627,"Molina, Anthony",R,,342,1.546,69.08,19.08,-0.124,102.48,52.48,1.653,66.94,16.94,59,0.713,0.818,0.426,0.501,0.124,0.146,0.498,0.292,0.339,0.219,0.114,0.135
2026,AAA,R,681035,"Scott, Christian",R,,222,-0.194,103.88,53.88,-0.124,102.48,52.48,-0.177,103.54,53.54,51,0.816,0.782,0.52,0.477,0.146,0.131,0.38,0.275,0.234,0.204,0.159,0.14
2026,AAA,R,681916,"Smith, Dylan",R,,229,1.944,61.12,11.12,-0.122,102.44,52.44,2.036,59.28,9.28,55,0.774,0.8,0.419,0.49,0.104,0.127,0.438,0.258,0.314,0.195,0.105,0.152
2026,MLB,R,681432,"Little, Luke",L,,19,-0.262,105.24,55.24,-0.122,102.44,52.44,-0.559,111.18,61.18,1,0.851,0.431,0.531,0.414,0.103,0.113,0.353,0.274,0.379,0.33,0.059,0.08
2026,MLB,R,808963,"Sasaki, Roki",R,,633,-0.058,101.16,51.16,-0.122,102.44,52.44,0.26,94.8,44.8,14,0.65,0.627,0.493,0.479,0.153,0.163,0.379,0.346,0.361,0.293,0.069,0.078
2026,A,R,696070,"Rojas, Kendry",L,,35,-0.03,100.6,50.6,-0.122,102.44,52.44,0.252,94.96,44.96,11,0.511,0.603,0.527,0.5,0.179,0.155,0.415,0.31,0.378,0.303,0.071,0.079
2026,MLB,R,667755,"Soriano, Jose",R,,852,-0.563,111.26,61.26,-0.121,102.42,52.42,-0.315,106.3,56.3,2,0.482,0.496,0.47,0.46,0.139,0.148,0.396,0.327,0.446,0.37,0.047,0.06
2026,MLB,R,681402,"Varland, Gus",R,,256,-0.216,104.32,54.32,-0.117,102.34,52.34,-0.125,102.5,52.5,41,0.777,0.745,0.499,0.463,0.143,0.139,0.373,0.3,0.275,0.236,0.124,0.121
2026,AAA,R,701780,"McDougal, Tanner",R,,307,0.302,93.96,43.96,-0.117,102.34,52.34,0.255,94.9,44.9,21,0.646,0.665,0.454,0.46,0.136,0.138,0.369,0.307,0.287,0.221,0.111,0.113
2026,MLB,R,672335,"Perez, Cionel",L,,295,-0.019,100.38,50.38,-0.117,102.34,52.34,0.04,99.2,49.2,1,0.465,0.468,0.418,0.44,0.123,0.136,0.393,0.314,0.424,0.363,0.043,0.054
2026,AAA,R,694680,"Martin, Trevor",R,,259,0.055,98.9,48.9,-0.116,102.32,52.32,0.184,96.32,46.32,46,0.812,0.766,0.503,0.489,0.144,0.15,0.384,0.307,0.286,0.225,0.119,0.119
2026,A,R,606965,"Devenski, Chris",R,,26,0.034,99.32,49.32,-0.116,102.32,52.32,0.041,99.18,49.18,38,0.784,0.734,0.441,0.46,0.098,0.122,0.339,0.269,0.28,0.234,0.102,0.119
2026,MLB,R,670036,"Festa, Matt",R,,312,0.286,94.28,44.28,-0.115,102.3,52.3,0.424,91.52,41.52,43,0.783,0.754,0.451,0.495,0.112,0.132,0.356,0.268,0.252,0.201,0.119,0.121
2026,MLB,R,669684,"Murphy, Chris",L,,109,0.253,94.94,44.94,-0.113,102.26,52.26,0.564,88.72,38.72,9,0.529,0.582,0.441,0.468,0.132,0.136,0.412,0.289,0.319,0.276,0.101,0.103
2026,MLB,R,677952,"Ashcraft, Braxton",R,,683,-0.13,102.6,52.6,-0.112,102.24,52.24,-0.061,101.22,51.22,35,0.741,0.726,0.492,0.477,0.134,0.122,0.362,0.257,0.345,0.287,0.085,0.088
2026,AAA,R,702465,"Long, Ryan",R,,327,0.118,97.64,47.64,-0.11,102.2,52.2,0.139,97.22,47.22,64,0.932,0.836,0.491,0.487,0.129,0.139,0.336,0.287,0.234,0.204,0.151,0.14
2026,MLB,R,701719,"Samaniego, Tyler",L,,215,0.179,96.42,46.42,-0.109,102.18,52.18,0.269,94.62,44.62,17,0.618,0.642,0.459,0.454,0.111,0.104,0.357,0.232,0.358,0.295,0.081,0.085
2026,MLB,R,687396,"Headrick, Brent",L,,326,0.178,96.44,46.44,-0.107,102.14,52.14,0.308,93.84,43.84,49,0.809,0.777,0.492,0.492,0.128,0.134,0.379,0.274,0.295,0.207,0.089,0.132
2026,MLB,R,622608,"Senzatela, Antonio",R,,349,-0.48,109.6,59.6,-0.106,102.12,52.12,-0.519,110.38,60.38,33,0.696,0.717,0.523,0.494,0.135,0.124,0.359,0.251,0.306,0.264,0.102,0.099
2026,MLB,R,686613,"Brown, Hunter",R,,180,-0.763,115.26,65.26,-0.105,102.1,52.1,-0.447,108.94,58.94,11,0.741,0.598,0.527,0.459,0.147,0.129,0.348,0.296,0.305,0.29,0.109,0.098
2026,AAA,R,687239,"Peoples, Ben",R,,257,0.925,81.5,31.5,-0.103,102.06,52.06,1.006,79.88,29.88,38,0.811,0.735,0.496,0.503,0.118,0.141,0.361,0.281,0.275,0.214,0.123,0.139
2026,AAA,R,571510,"Boyd, Matthew",L,,62,-0.588,111.76,61.76,-0.103,102.06,52.06,-0.829,116.58,66.58,34,0.813,0.721,0.548,0.466,0.143,0.125,0.335,0.267,0.303,0.257,0.097,0.095
2026,MLB,R,676263,"Dreyer, Jack",L,,317,-0.474,109.48,59.48,-0.103,102.06,52.06,-0.421,108.42,58.42,15,0.639,0.631,0.489,0.469,0.141,0.139,0.382,0.298,0.278,0.26,0.13,0.114
2026,A,R,802086,"Portes, Ovis",R,,148,-0.095,101.9,51.9,-0.102,102.04,52.04,-0.304,106.08,56.08,83,1.068,0.929,0.512,0.489,0.12,0.126,0.324,0.259,0.207,0.153,0.16,0.175
2026,AAA,R,674444,"Cruz, Steven",R,,103,0.954,80.92,30.92,-0.102,102.04,52.04,1.081,78.38,28.38,76,0.861,0.894,0.455,0.513,0.128,0.141,0.411,0.276,0.258,0.185,0.124,0.142
2026,AAA,R,682992,"Rivera, Erik",L,,68,1.38,72.4,22.4,-0.1,102,52,1.518,69.64,19.64,61,0.644,0.826,0.41,0.49,0.106,0.132,0.346,0.27,0.262,0.175,0.106,0.157
2026,MLB,R,660825,"Bazardo, Eduard",R,,322,0.021,99.58,49.58,-0.099,101.98,51.98,-0.229,104.58,54.58,41,0.726,0.745,0.39,0.441,0.073,0.077,0.26,0.173,0.335,0.284,0.07,0.073
2026,A,R,814372,"Pacheco, Brad",R,,313,0.296,94.08,44.08,-0.099,101.98,51.98,0.234,95.32,45.32,38,0.896,0.736,0.511,0.468,0.114,0.121,0.322,0.257,0.296,0.249,0.122,0.118
2026,MLB,R,699134,"Rodriguez, Bradgley",R,,299,-0.489,109.78,59.78,-0.097,101.94,51.94,-0.449,108.98,58.98,7,0.744,0.569,0.5,0.477,0.127,0.14,0.32,0.294,0.312,0.272,0.105,0.113
2026,AAA,R,534910,"Hahn, Jesse",R,,281,1.15,77,27,-0.096,101.92,51.92,1.026,79.48,29.48,20,0.621,0.658,0.383,0.434,0.089,0.106,0.341,0.249,0.34,0.28,0.08,0.078
2026,MLB,R,670090,"Mills, Wyatt",R,,48,2.331,53.38,3.38,-0.096,101.92,51.92,2.636,47.28,-2.72,16,0.544,0.634,0.376,0.485,0.085,0.107,0.395,0.222,0.368,0.265,0.1,0.117
2026,MLB,R,676684,"Vest, Will",R,,229,-0.316,106.32,56.32,-0.095,101.9,51.9,-0.419,108.38,58.38,28,0.728,0.7,0.501,0.48,0.144,0.126,0.389,0.261,0.341,0.261,0.075,0.1
2026,MLB,R,700842,"Rivera, Eduardo",L,,41,-0.854,117.08,67.08,-0.095,101.9,51.9,-0.706,114.12,64.12,17,0.618,0.645,0.47,0.495,0.139,0.134,0.401,0.271,0.359,0.248,0.062,0.104
2026,MLB,R,601713,"Pivetta, Nick",R,,283,-0.317,106.34,56.34,-0.095,101.9,51.9,-0.181,103.62,53.62,59,0.83,0.82,0.504,0.473,0.13,0.114,0.331,0.241,0.232,0.195,0.152,0.151
2026,MLB,R,682995,"Barco, Hunter",L,,231,0.452,90.96,40.96,-0.095,101.9,51.9,0.579,88.42,38.42,27,0.696,0.694,0.431,0.464,0.12,0.137,0.372,0.293,0.317,0.262,0.1,0.092
2026,AAA,R,644429,"Severino, Anderson",L,,201,0.884,82.32,32.32,-0.093,101.86,51.86,0.814,83.72,33.72,53,0.67,0.791,0.449,0.51,0.112,0.126,0.362,0.246,0.292,0.218,0.1,0.111
2026,A,R,805906,"Wood, Gage",R,,303,0.24,95.2,45.2,-0.093,101.86,51.86,0.191,96.18,46.18,38,0.845,0.734,0.504,0.474,0.134,0.136,0.358,0.287,0.285,0.249,0.11,0.099
2026,MLB,R,641835,"Mayza, Tim",L,,333,-0.723,114.46,64.46,-0.092,101.84,51.84,-0.63,112.6,62.6,9,0.571,0.586,0.494,0.468,0.123,0.107,0.344,0.23,0.454,0.384,0.037,0.042
2026,AAA,R,670090,"Mills, Wyatt",R,,266,-0.209,104.18,54.18,-0.092,101.84,51.84,-0.275,105.5,55.5,25,0.746,0.684,0.499,0.48,0.117,0.12,0.343,0.252,0.271,0.209,0.143,0.14
2026,A,R,621345,"Minter, A.J.",L,,16,-0.294,105.88,55.88,-0.092,101.84,51.84,-0.412,108.24,58.24,8,0.835,0.578,0.5,0.477,0.083,0.129,0.26,0.272,0.349,0.285,0.06,0.095
2026,A,R,802412,"Witherspoon, Malachi",R,,330,0.341,93.18,43.18,-0.092,101.84,51.84,0.245,95.1,45.1,17,0.646,0.642,0.44,0.461,0.111,0.116,0.378,0.251,0.383,0.311,0.071,0.073
2026,AAA,R,679693,"Coleman, Carson",R,,250,0.549,89.02,39.02,-0.092,101.84,51.84,0.485,90.3,40.3,58,0.804,0.809,0.434,0.452,0.104,0.106,0.339,0.237,0.235,0.174,0.152,0.157
2026,MLB,R,682445,"Gonzalez, Domingo",R,,16,-0.161,103.22,53.22,-0.089,101.78,51.78,0.107,97.86,47.86,34,1.039,0.721,0.551,0.5,0.138,0.12,0.348,0.239,0.343,0.274,0.09,0.105
2026,AAA,R,678576,"Ramos, Wilkin",R,,263,0.356,92.88,42.88,-0.089,101.78,51.78,0.279,94.42,44.42,8,0.59,0.576,0.454,0.441,0.097,0.104,0.324,0.237,0.386,0.348,0.069,0.055
2026,MLB,R,808967,"Yamamoto, Yoshinobu",R,,759,-0.548,110.96,60.96,-0.088,101.76,51.76,-0.412,108.24,58.24,23,0.67,0.675,0.488,0.479,0.132,0.13,0.368,0.273,0.355,0.293,0.082,0.087
2026,AAA,R,674944,"Guenther, Sean",L,,208,-0.575,111.5,61.5,-0.085,101.7,51.7,-0.556,111.12,61.12,8,0.727,0.576,0.478,0.451,0.115,0.118,0.309,0.26,0.349,0.321,0.079,0.073
2026,A,R,664123,"Effross, Scott",R,,33,0.244,95.12,45.12,-0.085,101.7,51.7,0.115,97.7,47.7,67,0.758,0.849,0.505,0.486,0.08,0.091,0.216,0.191,0.306,0.292,0.106,0.08
2026,MLB,R,669620,"Basso, Brady",L,,45,0.3,94,44,-0.082,101.64,51.64,0.41,91.8,41.8,29,0.844,0.701,0.501,0.488,0.095,0.12,0.256,0.247,0.297,0.266,0.098,0.095
2026,MLB,R,621381,"Strahm, Matt",L,,263,0.484,90.32,40.32,-0.082,101.64,51.64,0.654,86.92,36.92,67,0.977,0.85,0.466,0.477,0.109,0.122,0.33,0.256,0.214,0.188,0.17,0.164
2026,MLB,R,665622,"Medina, Luis",R,,251,0.444,91.12,41.12,-0.078,101.56,51.56,0.591,88.18,38.18,19,0.647,0.651,0.435,0.487,0.115,0.126,0.401,0.259,0.329,0.258,0.1,0.108
2026,AAA,R,688107,"Gasser, Robert",L,,274,0.485,90.3,40.3,-0.078,101.56,51.56,0.363,92.74,42.74,49,0.798,0.776,0.466,0.48,0.106,0.108,0.33,0.224,0.303,0.245,0.098,0.112
2026,MLB,R,605280,"Holmes, Clay",R,,730,-0.11,102.2,52.2,-0.077,101.54,51.54,-0.152,103.04,53.04,2,0.572,0.49,0.452,0.43,0.099,0.1,0.318,0.234,0.443,0.399,0.044,0.043
2026,MLB,R,676508,"Casparius, Ben",R,,99,-0.254,105.08,55.08,-0.072,101.44,51.44,0.016,99.68,49.68,29,0.629,0.701,0.461,0.481,0.142,0.144,0.418,0.299,0.264,0.197,0.121,0.142
2026,MLB,R,670329,"Garcia, Rico",R,,251,0.181,96.38,46.38,-0.071,101.42,51.42,0.238,95.24,45.24,45,0.842,0.759,0.471,0.485,0.132,0.151,0.366,0.312,0.262,0.213,0.139,0.141
2026,AAA,R,628708,"Marte, Yunior",R,,285,0.81,83.8,33.8,-0.071,101.42,51.42,0.889,82.22,32.22,43,0.703,0.754,0.417,0.477,0.103,0.127,0.368,0.269,0.324,0.222,0.096,0.123
2026,MLB,R,673513,"Matsui, Yuki",L,,63,0.052,98.96,48.96,-0.067,101.34,51.34,0.291,94.18,44.18,49,0.918,0.778,0.513,0.51,0.145,0.147,0.401,0.286,0.294,0.232,0.121,0.134
2026,AAA,R,694360,"Way, Beck",R,,332,0.788,84.24,34.24,-0.066,101.32,51.32,0.778,84.44,34.44,18,0.734,0.649,0.441,0.452,0.097,0.112,0.35,0.248,0.336,0.272,0.101,0.101
2026,MLB,R,543243,"Gray, Sonny",R,,538,-0.173,103.46,53.46,-0.066,101.32,51.32,0.052,98.96,48.96,32,0.834,0.716,0.5,0.47,0.134,0.13,0.381,0.277,0.352,0.3,0.065,0.069
2026,MLB,R,680802,"Weiss, Ryan",R,,529,0.343,93.14,43.14,-0.065,101.3,51.3,0.449,91.02,41.02,38,0.672,0.735,0.449,0.486,0.126,0.13,0.379,0.267,0.306,0.23,0.093,0.115
2026,MLB,R,683232,"Mears, Nick",R,,251,0.327,93.46,43.46,-0.063,101.26,51.26,0.342,93.16,43.16,36,0.786,0.728,0.467,0.472,0.123,0.133,0.347,0.281,0.307,0.246,0.097,0.11
2026,AAA,R,680970,"Perez, Andrew",L,,284,0.796,84.08,34.08,-0.062,101.24,51.24,0.836,83.28,33.28,54,0.612,0.795,0.414,0.483,0.112,0.122,0.367,0.25,0.336,0.248,0.072,0.09
2026,AAA,R,696062,"Dotel, Wilber",R,,353,0.425,91.5,41.5,-0.062,101.24,51.24,0.557,88.86,38.86,39,0.734,0.74,0.47,0.498,0.131,0.147,0.374,0.296,0.282,0.225,0.106,0.115
2026,AAA,R,687931,"Whisenhunt, Carson",L,,593,2.395,52.1,2.1,-0.061,101.22,51.22,2.389,52.22,2.22,40,0.622,0.743,0.408,0.49,0.109,0.132,0.437,0.269,0.313,0.227,0.123,0.121
2026,AAA,R,694646,"McDermott, Chayce",R,,256,0.899,82.02,32.02,-0.061,101.22,51.22,1.109,77.82,27.82,56,0.708,0.804,0.423,0.505,0.116,0.131,0.388,0.26,0.295,0.209,0.109,0.132
2026,MLB,R,695534,"Petty, Chase",R,,75,-0.424,108.48,58.48,-0.061,101.22,51.22,-0.25,105,55,10,0.764,0.587,0.54,0.478,0.153,0.149,0.335,0.308,0.276,0.285,0.125,0.104
2026,MLB,R,666711,"Peguero, Joel",R,,66,-0.211,104.22,54.22,-0.059,101.18,51.18,0.094,98.12,48.12,14,0.714,0.618,0.518,0.502,0.118,0.108,0.301,0.215,0.351,0.305,0.097,0.094
2026,AAA,R,628709,"Gomez, Ofreidy",R,,145,1.102,77.96,27.96,-0.058,101.16,51.16,1.273,74.54,24.54,23,0.56,0.676,0.424,0.464,0.117,0.12,0.395,0.26,0.384,0.319,0.088,0.075
2026,AAA,R,671109,"Eder, Jake",L,,118,0.409,91.82,41.82,-0.057,101.14,51.14,0.329,93.42,43.42,23,0.749,0.674,0.478,0.486,0.101,0.124,0.306,0.256,0.345,0.32,0.08,0.067
2026,AAA,R,680743,"Cusick, Ryan",R,,483,0.548,89.04,39.04,-0.056,101.12,51.12,0.837,83.26,33.26,42,0.664,0.749,0.44,0.484,0.128,0.14,0.422,0.293,0.33,0.236,0.09,0.107
2026,A,R,693647,"Balboni Jr., Thomas",R,,40,1.688,66.24,16.24,-0.055,101.1,51.1,1.526,69.48,19.48,43,0.816,0.754,0.412,0.432,0.095,0.126,0.345,0.291,0.234,0.135,0.154,0.182
2026,MLB,R,666277,"Soriano, George",R,,306,0.457,90.86,40.86,-0.055,101.1,51.1,0.559,88.82,38.82,6,0.622,0.553,0.466,0.479,0.136,0.163,0.4,0.343,0.393,0.326,0.067,0.071
2026,AAA,R,666157,"Lodolo, Nick",L,,78,-0.023,100.46,50.46,-0.053,101.06,51.06,-0.065,101.3,51.3,36,0.58,0.728,0.396,0.455,0.098,0.103,0.321,0.225,0.334,0.298,0.084,0.077
2026,AAA,R,694918,"Tidwell, Blade",R,,112,5.924,-18.48,-68.48,-0.053,101.06,51.06,5.827,-16.54,-66.54,82,0.571,0.926,0.309,0.506,0.073,0.124,0.594,0.245,0.405,0.199,0.082,0.14
2026,MLB,R,434378,"Verlander, Justin",R,,80,1.154,76.92,26.92,-0.052,101.04,51.04,1.101,77.98,27.98,64,0.689,0.837,0.41,0.505,0.091,0.115,0.343,0.224,0.295,0.203,0.108,0.131
2026,MLB,R,676083,"Junk, Janson",R,,674,-0.5,110,60,-0.051,101.02,51.02,-0.562,111.24,61.24,47,0.912,0.768,0.518,0.484,0.133,0.13,0.339,0.267,0.271,0.239,0.119,0.126
2026,MLB,R,675848,"Mejia, Juan",R,,366,-0.1,102,52,-0.048,100.96,50.96,-0.227,104.54,54.54,19,0.595,0.653,0.468,0.478,0.124,0.115,0.383,0.243,0.341,0.274,0.083,0.092
2026,AAA,R,822038,"Lambert, Ryan",R,,243,0.385,92.3,42.3,-0.047,100.94,50.94,0.679,86.42,36.42,24,0.62,0.682,0.441,0.484,0.145,0.153,0.422,0.314,0.269,0.165,0.135,0.173
2026,AAA,R,694370,"Wells, Levi",R,,463,0.386,92.28,42.28,-0.047,100.94,50.94,0.183,96.34,46.34,72,0.918,0.874,0.473,0.468,0.101,0.114,0.297,0.242,0.229,0.165,0.137,0.158
2026,AAA,R,683003,"Jones, Jared",R,,54,-0.122,102.44,52.44,-0.047,100.94,50.94,-0.035,100.7,50.7,27,0.638,0.693,0.471,0.482,0.144,0.143,0.41,0.297,0.335,0.283,0.08,0.085
2026,MLB,R,681676,"Fernandez, Ryan",R,,91,0.214,95.72,45.72,-0.047,100.94,50.94,0.226,95.48,45.48,40,0.6,0.743,0.418,0.487,0.122,0.135,0.384,0.276,0.31,0.239,0.081,0.112
2026,MLB,R,621383,"Banks, Tanner",L,,343,-0.049,100.98,50.98,-0.046,100.92,50.92,-0.155,103.1,53.1,55,0.656,0.8,0.469,0.485,0.111,0.106,0.343,0.216,0.284,0.238,0.119,0.11
2026,AAA,R,680916,"Aleman, Franco",R,,178,-0.371,107.42,57.42,-0.046,100.92,50.92,-0.313,106.26,56.26,55,0.833,0.798,0.472,0.462,0.118,0.127,0.353,0.275,0.266,0.205,0.127,0.131
2026,MLB,R,691945,"Baumler, Carter",R,,117,1.408,71.84,21.84,-0.045,100.9,50.9,1.55,69,19,16,0.666,0.64,0.421,0.472,0.107,0.14,0.332,0.301,0.361,0.306,0.079,0.085
2026,AAA,R,700072,"Rivera, Yaqui",R,,87,5.204,-4.08,-54.08,-0.043,100.86,50.86,5.306,-6.12,-56.12,26,0.43,0.691,0.242,0.454,0.051,0.113,0.645,0.252,0.464,0.246,0.089,0.128
2026,AAA,R,804249,"Kuehner, Tate",L,,519,0.205,95.9,45.9,-0.043,100.86,50.86,0.255,94.9,44.9,13,0.565,0.614,0.43,0.456,0.106,0.113,0.356,0.249,0.356,0.296,0.081,0.087
2026,MLB,R,547184,"Kelly, Michael",R,,79,0.932,81.36,31.36,-0.043,100.86,50.86,1.119,77.62,27.62,47,0.837,0.768,0.401,0.482,0.099,0.126,0.361,0.263,0.305,0.214,0.104,0.136
2026,MLB,R,623474,"Herget, Jimmy",R,,284,0.387,92.26,42.26,-0.043,100.86,50.86,0.177,96.46,46.46,58,0.886,0.809,0.468,0.478,0.105,0.11,0.331,0.227,0.295,0.219,0.113,0.141
2026,A,R,822950,"Etheridge, J.T.",R,,217,0.748,85.04,35.04,-0.041,100.82,50.82,0.744,85.12,35.12,55,0.691,0.8,0.393,0.445,0.098,0.12,0.334,0.271,0.238,0.169,0.147,0.159
2026,MLB,R,696062,"Dotel, Wilber",R,,89,0.094,98.12,48.12,-0.04,100.8,50.8,0.285,94.3,44.3,48,0.66,0.771,0.459,0.491,0.132,0.135,0.36,0.276,0.286,0.234,0.093,0.102
2026,A,R,800233,"Mercedes, Ernesto",R,,124,2.137,57.26,7.26,-0.039,100.78,50.78,2.072,58.56,8.56,28,0.54,0.699,0.345,0.48,0.101,0.138,0.454,0.289,0.317,0.207,0.108,0.134
2026,MLB,R,690925,"Beeter, Clayton",R,,181,0.271,94.58,44.58,-0.039,100.78,50.78,0.298,94.04,44.04,20,0.717,0.66,0.474,0.47,0.131,0.141,0.378,0.301,0.27,0.218,0.122,0.125
2026,MLB,R,670183,"Acton, Garrett",R,,115,0.052,98.96,48.96,-0.039,100.78,50.78,0.025,99.5,49.5,72,0.902,0.874,0.479,0.497,0.136,0.145,0.375,0.29,0.212,0.161,0.16,0.185
2026,MLB,R,592662,"Ray, Robbie",L,,867,0.238,95.24,45.24,-0.038,100.76,50.76,0.198,96.04,46.04,61,0.778,0.827,0.47,0.486,0.134,0.132,0.413,0.271,0.245,0.186,0.144,0.148
2026,MLB,R,686790,"McDonald, Trevor",R,,182,-0.334,106.68,56.68,-0.037,100.74,50.74,-0.192,103.84,53.84,1,0.52,0.474,0.428,0.433,0.097,0.116,0.356,0.27,0.461,0.416,0.035,0.036
2026,AAA,R,703725,"Gastelum, Luis",R,,332,0.6,88,38,-0.036,100.72,50.72,0.643,87.14,37.14,23,0.682,0.676,0.495,0.476,0.143,0.145,0.402,0.303,0.338,0.268,0.093,0.093
2026,MLB,R,592332,"Gausman, Kevin",R,,818,-0.392,107.84,57.84,-0.034,100.68,50.68,-0.479,109.58,59.58,72,0.936,0.875,0.518,0.496,0.15,0.136,0.364,0.273,0.282,0.217,0.101,0.122
2026,AAA,R,687941,"Gamboa, Alec",L,,270,-0.319,106.38,56.38,-0.033,100.66,50.66,-0.292,105.84,55.84,21,0.771,0.661,0.537,0.49,0.128,0.126,0.316,0.257,0.328,0.287,0.085,0.087
2026,AAA,R,682645,"Rosario, Jerming",R,,337,0.808,83.84,33.84,-0.033,100.66,50.66,0.73,85.4,35.4,31,0.725,0.712,0.448,0.476,0.124,0.133,0.394,0.279,0.302,0.234,0.1,0.106
2026,AAA,R,801453,"Stasio, Cole",R,,35,0.646,87.08,37.08,-0.03,100.6,50.6,0.464,90.72,40.72,95,0.932,1.089,0.473,0.501,0.137,0.132,0.384,0.262,0.228,0.138,0.157,0.186
2026,MLB,R,676917,"Cavalli, Cade",R,,742,0.447,91.06,41.06,-0.028,100.56,50.56,0.463,90.74,40.74,11,0.652,0.599,0.454,0.469,0.125,0.135,0.378,0.294,0.375,0.314,0.067,0.074
2026,AAA,R,668338,"Miller, Tyson",R,,92,0.485,90.3,40.3,-0.028,100.56,50.56,0.467,90.66,40.66,65,0.829,0.841,0.468,0.49,0.109,0.114,0.337,0.233,0.242,0.168,0.139,0.16
2026,AAA,R,641627,"Gott, Trevor",R,,255,0.913,81.74,31.74,-0.028,100.56,50.56,0.796,84.08,34.08,31,0.682,0.712,0.42,0.456,0.084,0.096,0.347,0.208,0.334,0.246,0.097,0.112
2026,MLB,R,664353,"Urquidy, Jose",R,,130,-0.046,100.92,50.92,-0.028,100.56,50.56,-0.304,106.08,56.08,78,1.09,0.905,0.524,0.49,0.129,0.117,0.306,0.233,0.235,0.197,0.148,0.15
2026,MLB,R,696147,"Bachman, Sam",R,,312,0.275,94.5,44.5,-0.026,100.52,50.52,0.428,91.44,41.44,3,0.569,0.522,0.427,0.47,0.124,0.15,0.394,0.317,0.389,0.355,0.07,0.059
2026,AAA,R,622088,"Antone, Tejay",R,,176,0.565,88.7,38.7,-0.025,100.5,50.5,0.362,92.76,42.76,52,0.888,0.786,0.458,0.471,0.098,0.111,0.351,0.237,0.311,0.251,0.105,0.108
2026,MLB,R,687075,"Sproat, Brandon",R,,611,0.318,93.64,43.64,-0.025,100.5,50.5,0.332,93.36,43.36,14,0.605,0.627,0.445,0.464,0.105,0.11,0.359,0.24,0.371,0.303,0.068,0.084
2026,MLB,R,621366,"Borucki, Ryan",L,,234,-0.106,102.12,52.12,-0.024,100.48,50.48,0.155,96.9,46.9,10,0.665,0.587,0.466,0.455,0.123,0.133,0.357,0.287,0.355,0.313,0.08,0.072
2026,MLB,R,640448,"Finnegan, Kyle",R,,326,0.26,94.8,44.8,-0.023,100.46,50.46,0.339,93.22,43.22,40,0.668,0.743,0.462,0.488,0.142,0.142,0.399,0.289,0.313,0.238,0.112,0.122
2026,MLB,R,573124,"Rogers, Taylor",L,,278,0.267,94.66,44.66,-0.018,100.36,50.36,0.124,97.52,47.52,59,0.684,0.814,0.41,0.461,0.082,0.091,0.312,0.194,0.28,0.24,0.126,0.103
2026,AAA,R,673662,"Ortiz, Robinson",L,,250,1.899,62.02,12.02,-0.018,100.36,50.36,1.831,63.38,13.38,28,0.566,0.698,0.409,0.464,0.101,0.106,0.402,0.231,0.397,0.299,0.065,0.078
2026,MLB,R,700712,"Urena, Walbert",R,,248,-0.536,110.72,60.72,-0.016,100.32,50.32,-0.251,105.02,55.02,26,0.612,0.69,0.51,0.519,0.136,0.114,0.374,0.227,0.433,0.359,0.052,0.069
2026,MLB,R,680694,"Bradish, Kyle",R,,828,-0.06,101.2,51.2,-0.016,100.32,50.32,0.03,99.4,49.4,11,0.595,0.602,0.458,0.458,0.127,0.119,0.408,0.261,0.351,0.296,0.067,0.074
2026,AAA,R,679775,"Backhus, Kyle",L,,41,0.611,87.78,37.78,-0.012,100.24,50.24,0.112,97.76,47.76,38,0.85,0.737,0.467,0.442,0.085,0.092,0.3,0.208,0.305,0.279,0.074,0.069
2026,MLB,R,682825,"Mey, Luis",R,,128,0.314,93.72,43.72,-0.01,100.2,50.2,0.331,93.38,43.38,1,0.4,0.479,0.42,0.448,0.13,0.128,0.447,0.291,0.416,0.322,0.066,0.091
2026,MLB,R,608650,"Enns, Dietrich",L,,211,0.687,86.26,36.26,-0.01,100.2,50.2,0.62,87.6,37.6,40,0.76,0.741,0.463,0.49,0.12,0.135,0.385,0.274,0.288,0.238,0.105,0.11
2026,MLB,R,669923,"Kirby, George",R,,829,-0.623,112.46,62.46,-0.004,100.08,50.08,-0.666,113.32,63.32,19,0.707,0.653,0.498,0.478,0.132,0.126,0.339,0.272,0.339,0.311,0.08,0.069
2026,MLB,R,681867,"Criswell, Cooper",R,,264,-0.561,111.22,61.22,-0.002,100.04,50.04,-0.714,114.28,64.28,3,0.508,0.516,0.48,0.451,0.111,0.101,0.33,0.221,0.368,0.329,0.078,0.069
2026,AAA,R,606303,"Payamps, Joel",R,,47,5.88,-17.6,-67.6,-0.002,100.04,50.04,5.647,-12.94,-62.94,56,0.457,0.806,0.282,0.455,0.07,0.125,0.605,0.278,0.371,0.182,0.104,0.144
2026,MLB,R,693686,"Miles, Spencer",R,,328,-0.158,103.16,53.16,-0.001,100.02,50.02,-0.205,104.1,54.1,21,0.706,0.666,0.455,0.458,0.103,0.112,0.32,0.245,0.327,0.309,0.094,0.074
2026,MLB,R,608718,"Suter, Brent",L,,427,0.421,91.58,41.58,-0.001,100.02,50.02,0.122,97.56,47.56,52,0.808,0.787,0.465,0.454,0.107,0.109,0.342,0.236,0.278,0.228,0.093,0.101
2026,MLB,R,593974,"Peralta, Wandy",L,,339,-0.193,103.86,53.86,0,100,50,-0.114,102.28,52.28,10,0.527,0.59,0.49,0.491,0.132,0.135,0.395,0.272,0.417,0.355,0.057,0.063
2026,MLB,R,691725,"Painter, Andrew",R,,681,-0.161,103.22,53.22,0.001,99.98,49.98,-0.159,103.18,53.18,38,0.667,0.734,0.464,0.481,0.125,0.127,0.377,0.265,0.297,0.226,0.104,0.122
2026,MLB,R,607259,"Martinez, Nick",R,,667,-0.214,104.28,54.28,0.001,99.98,49.98,-0.271,105.42,55.42,26,0.783,0.691,0.477,0.471,0.103,0.11,0.29,0.231,0.273,0.252,0.11,0.104
2026,AAA,R,607074,"Rodon, Carlos",L,,83,0.353,92.94,42.94,0.003,99.94,49.94,0.576,88.48,38.48,29,0.738,0.703,0.4,0.484,0.093,0.139,0.366,0.283,0.267,0.245,0.137,0.112
2026,AAA,R,702352,"Bivens, Spencer",R,,321,0.06,98.8,48.8,0.003,99.94,49.94,-0.068,101.36,51.36,52,0.87,0.787,0.509,0.471,0.101,0.093,0.297,0.197,0.322,0.273,0.091,0.103
2026,A,R,657510,"Bechtold, Andrew",R,,8,-0.505,110.1,60.1,0.004,99.92,49.92,-0.591,111.82,61.82,55,0.851,0.803,0.412,0.518,0.08,0.151,0.207,0.293,0.257,0.163,0.074,0.157
2026,MLB,R,645261,"Alcantara, Sandy",R,,862,-0.054,101.08,51.08,0.005,99.9,49.9,-0.083,101.66,51.66,33,0.768,0.72,0.502,0.487,0.127,0.121,0.337,0.249,0.333,0.272,0.081,0.1
2026,AAA,R,672629,"Carrillo, Gerardo",R,,281,0.952,80.96,30.96,0.005,99.9,49.9,0.979,80.42,30.42,15,0.673,0.632,0.449,0.469,0.111,0.124,0.352,0.266,0.331,0.293,0.095,0.087
2026,MLB,R,668970,"Hollowell, Gavin",R,,49,-1.065,121.3,71.3,0.006,99.88,49.88,-0.908,118.16,68.16,23,0.788,0.675,0.499,0.462,0.139,0.131,0.359,0.284,0.241,0.194,0.145,0.14
2026,MLB,R,688158,"Morgan, David",R,,257,0.076,98.48,48.48,0.007,99.86,49.86,0.053,98.94,48.94,9,0.552,0.582,0.44,0.459,0.122,0.109,0.375,0.241,0.35,0.318,0.087,0.078
2026,A,R,801275,"De La Cruz, Juan",R,,153,0.113,97.74,47.74,0.007,99.86,49.86,-0.035,100.7,50.7,54,0.661,0.797,0.42,0.438,0.121,0.116,0.367,0.265,0.212,0.146,0.175,0.189
2026,MLB,R,681810,"Warren, Austin",R,,170,-0.135,102.7,52.7,0.007,99.86,49.86,-0.157,103.14,53.14,5,0.533,0.537,0.426,0.426,0.121,0.129,0.405,0.307,0.359,0.278,0.07,0.083
2026,AAA,R,663776,"Sandoval, Patrick",L,,122,1.159,76.82,26.82,0.008,99.84,49.84,1.526,69.48,19.48,31,0.56,0.712,0.416,0.498,0.115,0.13,0.413,0.256,0.3,0.23,0.117,0.13
2026,A,R,805001,"Dollar, Ryan",R,,174,-0.035,100.7,50.7,0.009,99.82,49.82,0.008,99.84,49.84,18,0.649,0.649,0.46,0.465,0.13,0.126,0.408,0.278,0.32,0.276,0.106,0.102
2026,AAA,R,669020,"Rolison, Ryan",L,,91,0.883,82.34,32.34,0.01,99.8,49.8,0.921,81.58,31.58,11,0.708,0.594,0.458,0.477,0.104,0.118,0.359,0.248,0.376,0.311,0.061,0.074
2026,MLB,R,689546,"Davila, Nick",R,,53,-0.105,102.1,52.1,0.01,99.8,49.8,-0.21,104.2,54.2,15,0.651,0.628,0.47,0.485,0.103,0.139,0.311,0.287,0.392,0.361,0.056,0.046
2026,MLB,R,675919,"Raquet, Nick",L,,64,0.746,85.08,35.08,0.01,99.8,49.8,0.74,85.2,35.2,11,0.737,0.598,0.448,0.431,0.109,0.139,0.379,0.324,0.361,0.29,0.052,0.066
2026,MLB,R,805123,"Blubaugh, AJ",R,,478,0.288,94.24,44.24,0.01,99.8,49.8,0.369,92.62,42.62,57,0.752,0.808,0.453,0.494,0.134,0.134,0.413,0.27,0.277,0.216,0.12,0.127
2026,AAA,R,661563,"Gil, Luis",R,,90,0.352,92.96,42.96,0.011,99.78,49.78,0.705,85.9,35.9,45,0.545,0.762,0.394,0.484,0.114,0.117,0.389,0.242,0.341,0.253,0.12,0.132
2026,MLB,R,646241,"De Jesus, Enmanuel",L,,274,-0.332,106.64,56.64,0.012,99.76,49.76,-0.319,106.38,56.38,28,0.695,0.697,0.447,0.473,0.118,0.125,0.346,0.265,0.293,0.237,0.102,0.114
2026,AAA,R,686753,"Jameson, Drey",R,,245,0.502,89.96,39.96,0.012,99.76,49.76,0.393,92.14,42.14,43,0.75,0.752,0.489,0.486,0.134,0.129,0.379,0.265,0.309,0.258,0.103,0.104
2026,MLB,R,664192,"Lucchesi, Joey",L,,111,0.823,83.54,33.54,0.013,99.74,49.74,0.798,84.04,34.04,29,0.47,0.701,0.42,0.451,0.089,0.095,0.375,0.213,0.318,0.272,0.091,0.088
2026,AAA,R,683068,"Penrod, Zach",L,,279,1.148,77.04,27.04,0.013,99.74,49.74,1.258,74.84,24.84,22,0.564,0.669,0.417,0.487,0.113,0.146,0.427,0.309,0.341,0.247,0.101,0.118
2026,A,R,808333,"Francia, Dariel",R,,14,1.221,75.58,25.58,0.016,99.68,49.68,0.171,96.58,46.58,86,0.978,0.951,0.404,0.434,0.061,0.098,0.222,0.224,0.213,0.191,0.146,0.12
2026,MLB,R,669461,"Liberatore, Matthew",L,,762,0.168,96.64,46.64,0.017,99.66,49.66,0.041,99.18,49.18,45,0.769,0.759,0.484,0.483,0.127,0.118,0.359,0.243,0.321,0.251,0.091,0.105
2026,A,R,800452,"Chirinos, Jose",R,,258,0.434,91.32,41.32,0.017,99.66,49.66,0.51,89.8,39.8,59,0.826,0.814,0.446,0.472,0.118,0.127,0.382,0.269,0.24,0.184,0.151,0.154
2026,A,R,828749,"Eshleman, Jack",R,,264,0.523,89.54,39.54,0.017,99.66,49.66,0.339,93.22,43.22,96,1.085,1.15,0.502,0.504,0.125,0.123,0.341,0.243,0.213,0.173,0.21,0.193
2026,AAA,R,686228,"Burgos, Juan",R,,243,-0.03,100.6,50.6,0.017,99.66,49.66,0.041,99.18,49.18,4,0.632,0.53,0.47,0.455,0.1,0.119,0.326,0.269,0.409,0.353,0.06,0.067
2026,AAA,R,689818,"Sandlin, David",R,,100,-0.048,100.96,50.96,0.019,99.62,49.62,-0.204,104.08,54.08,49,0.79,0.774,0.497,0.481,0.119,0.121,0.35,0.253,0.306,0.246,0.092,0.1
2026,A,R,666720,"Rodriguez, Yerry",R,,75,0.824,83.52,33.52,0.019,99.62,49.62,0.736,85.28,35.28,71,1.032,0.871,0.504,0.485,0.099,0.114,0.283,0.234,0.253,0.202,0.139,0.14
2026,A,R,814715,"Martinez, Jose",R,,297,0.583,88.34,38.34,0.02,99.6,49.6,0.464,90.72,40.72,84,0.991,0.931,0.46,0.447,0.111,0.113,0.332,0.251,0.229,0.162,0.144,0.161
2026,A,R,815278,"Rodriguez, Jose M.",R,,320,1.338,73.24,23.24,0.02,99.6,49.6,1.015,79.7,29.7,51,0.735,0.784,0.401,0.449,0.108,0.124,0.383,0.272,0.282,0.225,0.139,0.131
2026,MLB,R,681892,"Funderburk, Kody",L,,265,1.446,71.08,21.08,0.02,99.6,49.6,1.576,68.48,18.48,15,0.541,0.629,0.386,0.451,0.086,0.102,0.363,0.226,0.364,0.293,0.075,0.078
2026,MLB,R,804619,"Klein, John",R,,43,1.211,75.78,25.78,0.021,99.58,49.58,0.694,86.12,36.12,65,0.98,0.841,0.497,0.473,0.109,0.126,0.272,0.26,0.299,0.247,0.081,0.094
2026,MLB,R,605447,"Romano, Jordan",R,,192,1.114,77.72,27.72,0.022,99.56,49.56,0.999,80.02,30.02,49,0.625,0.778,0.408,0.464,0.118,0.123,0.398,0.265,0.316,0.235,0.085,0.105
2026,MLB,R,677961,"Wilcox, Cole",R,,270,0.296,94.08,44.08,0.023,99.54,49.54,0.189,96.22,46.22,20,0.744,0.659,0.502,0.471,0.141,0.146,0.353,0.313,0.344,0.297,0.08,0.071
2026,MLB,R,640455,"Manaea, Sean",L,,455,0.597,88.06,38.06,0.023,99.54,49.54,0.417,91.66,41.66,60,0.881,0.823,0.453,0.459,0.11,0.107,0.356,0.233,0.275,0.208,0.12,0.126
2026,MLB,R,607455,"Banda, Anthony",L,,336,0.74,85.2,35.2,0.025,99.5,49.5,0.765,84.7,34.7,29,0.698,0.701,0.424,0.468,0.123,0.139,0.427,0.297,0.3,0.248,0.116,0.099
2026,AAA,R,642546,"Hernandez, Jonathan",R,,268,0.052,98.96,48.96,0.025,99.5,49.5,0.107,97.86,47.86,14,0.5,0.627,0.42,0.458,0.131,0.121,0.432,0.27,0.434,0.334,0.048,0.063
2026,AAA,R,695611,"Jump, Gage",L,,500,0.695,86.1,36.1,0.027,99.46,49.46,0.446,91.08,41.08,43,0.726,0.752,0.454,0.49,0.107,0.119,0.348,0.241,0.318,0.249,0.081,0.094
2026,A,R,808383,"Salcedo, Kelvis",R,,76,1.007,79.86,29.86,0.028,99.44,49.44,1.01,79.8,29.8,22,0.507,0.671,0.412,0.475,0.131,0.123,0.442,0.261,0.392,0.322,0.068,0.071
2026,MLB,R,642232,"Yarbrough, Ryan",L,,251,0.028,99.44,49.44,0.03,99.4,49.4,-0.323,106.46,56.46,83,0.902,0.93,0.498,0.481,0.111,0.103,0.318,0.209,0.261,0.214,0.117,0.126
2026,AAA,R,693713,"Teodo, Emiliano",R,,301,0.586,88.28,38.28,0.03,99.4,49.4,0.633,87.34,37.34,10,0.561,0.591,0.433,0.474,0.115,0.137,0.369,0.287,0.367,0.327,0.073,0.073
2026,MLB,R,695445,"Lee, Chase",R,,21,0.393,92.14,42.14,0.03,99.4,49.4,0.45,91,41,16,0.874,0.64,0.465,0.444,0.104,0.104,0.329,0.235,0.292,0.264,0.097,0.103
2026,A,R,702874,"Ledesma, Jose",L,,255,1.219,75.62,25.62,0.03,99.4,49.4,1.039,79.22,29.22,39,0.664,0.739,0.392,0.46,0.086,0.119,0.32,0.259,0.312,0.213,0.087,0.121
2026,MLB,R,663765,"Woodford, Jake",R,,255,-0.348,106.96,56.96,0.03,99.4,49.4,-0.546,110.92,60.92,24,0.751,0.682,0.483,0.466,0.11,0.105,0.331,0.224,0.344,0.272,0.07,0.089
2026,MLB,R,702153,"Fitzpatrick, Brian",L,,60,-0.496,109.92,59.92,0.031,99.38,49.38,-0.229,104.58,54.58,33,0.749,0.717,0.47,0.486,0.113,0.124,0.331,0.253,0.302,0.267,0.107,0.105
2026,MLB,R,677955,"Hill, Jaden",R,,263,0.276,94.48,44.48,0.031,99.38,49.38,0.278,94.44,44.44,19,0.66,0.653,0.472,0.471,0.145,0.138,0.409,0.292,0.313,0.262,0.102,0.105
2026,MLB,R,685801,"Bigge, Hunter",R,,239,0.542,89.16,39.16,0.032,99.36,49.36,0.69,86.2,36.2,28,0.631,0.698,0.439,0.498,0.128,0.156,0.404,0.314,0.293,0.245,0.124,0.112
2026,AAA,R,681320,"Lavender, Nate",L,,29,0.214,95.72,45.72,0.033,99.34,49.34,-0.172,103.44,53.44,37,0.841,0.732,0.427,0.446,0.096,0.118,0.241,0.264,0.24,0.199,0.11,0.132
2026,AAA,R,554430,"Wheeler, Zack",R,,110,0.13,97.4,47.4,0.033,99.34,49.34,0.242,95.16,45.16,42,0.752,0.75,0.468,0.454,0.125,0.124,0.36,0.275,0.259,0.219,0.128,0.132
2026,AAA,R,675911,"Strider, Spencer",R,,147,0.731,85.38,35.38,0.033,99.34,49.34,0.522,89.56,39.56,85,0.691,0.942,0.433,0.496,0.13,0.13,0.445,0.262,0.306,0.196,0.113,0.142
2026,AAA,R,811315,"Hopkins, Brody",R,,548,0.802,83.96,33.96,0.033,99.34,49.34,1.088,78.24,28.24,14,0.61,0.622,0.419,0.472,0.126,0.159,0.419,0.341,0.313,0.255,0.111,0.112
2026,AAA,R,680729,"McDaniels, Garrett",L,,252,0.893,82.14,32.14,0.034,99.32,49.32,1.171,76.58,26.58,8,0.558,0.575,0.417,0.464,0.103,0.128,0.382,0.276,0.419,0.358,0.049,0.051
2026,AAA,R,687273,"Mathews, Quinn",L,,504,0.604,87.92,37.92,0.035,99.3,49.3,0.791,84.18,34.18,30,0.593,0.706,0.436,0.48,0.129,0.128,0.398,0.266,0.29,0.223,0.111,0.126
2026,AAA,R,676051,"Heuer, Codi",R,,201,0.701,85.98,35.98,0.035,99.3,49.3,0.72,85.6,35.6,45,0.829,0.76,0.48,0.49,0.141,0.15,0.419,0.307,0.305,0.235,0.11,0.104
2026,AAA,R,699008,"Kelly, Antwone",R,,517,0.518,89.64,39.64,0.036,99.28,49.28,0.448,91.04,41.04,30,0.811,0.706,0.49,0.491,0.124,0.133,0.341,0.271,0.289,0.259,0.104,0.101
2026,MLB,R,690990,"Horton, Cade",R,,91,-0.654,113.08,63.08,0.036,99.28,49.28,-0.841,116.82,66.82,19,0.625,0.654,0.516,0.47,0.134,0.105,0.367,0.225,0.324,0.264,0.08,0.104
2026,A,R,831273,"Young, Ethan",R,,438,0.517,89.66,39.66,0.037,99.26,49.26,0.522,89.56,39.56,25,0.706,0.687,0.425,0.431,0.112,0.122,0.378,0.278,0.259,0.198,0.139,0.142
2026,A,R,830141,"Hoskins, Luke",R,,201,2.235,55.3,5.3,0.037,99.26,49.26,1.988,60.24,10.24,24,0.576,0.677,0.343,0.428,0.059,0.086,0.401,0.198,0.421,0.319,0.056,0.064
2026,AAA,R,656686,"Martin, Corbin",R,,20,-0.326,106.52,56.52,0.038,99.24,49.24,-0.44,108.8,58.8,9,0.583,0.582,0.495,0.461,0.136,0.13,0.364,0.297,0.342,0.322,0.076,0.059
2026,AAA,R,686873,"Zwack, Nick",L,,204,1.169,76.62,26.62,0.039,99.22,49.22,1.148,77.04,27.04,19,0.574,0.653,0.416,0.471,0.118,0.13,0.421,0.281,0.321,0.22,0.106,0.122
2026,AAA,R,621053,"Ferguson, Tyler",R,,172,0.827,83.46,33.46,0.039,99.22,49.22,0.724,85.52,35.52,60,0.905,0.823,0.461,0.477,0.111,0.133,0.348,0.277,0.279,0.208,0.108,0.126
2026,AAA,R,688158,"Morgan, David",R,,61,1.453,70.94,20.94,0.04,99.2,49.2,1.32,73.6,23.6,14,0.492,0.618,0.402,0.471,0.099,0.109,0.409,0.233,0.405,0.326,0.062,0.067
2026,AAA,R,676710,"Crawford, Kutter",R,,60,-0.032,100.64,50.64,0.041,99.18,49.18,-0.329,106.58,56.58,62,0.792,0.831,0.505,0.477,0.119,0.115,0.32,0.24,0.247,0.213,0.13,0.142
2026,MLB,R,596133,"Weaver, Luke",R,,290,-0.379,107.58,57.58,0.041,99.18,49.18,-0.289,105.78,55.78,48,0.785,0.772,0.497,0.484,0.152,0.146,0.377,0.299,0.284,0.221,0.123,0.146
2026,AAA,R,700249,"Povich, Cade",L,,176,-0.008,100.16,50.16,0.041,99.18,49.18,0.012,99.76,49.76,27,0.734,0.693,0.457,0.454,0.115,0.109,0.357,0.242,0.297,0.243,0.106,0.122
2026,A,R,814255,"Mejias, Miguel",R,,96,3.995,20.1,-29.9,0.042,99.16,49.16,3.927,21.46,-28.54,37,0.423,0.731,0.256,0.475,0.06,0.137,0.522,0.291,0.402,0.21,0.087,0.134
2026,AAA,R,664129,"Hartlieb, Geoff",R,,219,0.48,90.4,40.4,0.043,99.14,49.14,0.23,95.4,45.4,35,0.653,0.725,0.458,0.47,0.122,0.13,0.377,0.279,0.325,0.253,0.08,0.094
2026,A,R,700176,"Batka, Keegan",R,,158,0.238,95.24,45.24,0.046,99.08,49.08,0.184,96.32,46.32,88,0.888,0.965,0.455,0.468,0.119,0.123,0.355,0.263,0.225,0.167,0.162,0.156
2026,AAA,R,622694,"Hernandez, Elieser",R,,571,0.479,90.42,40.42,0.046,99.08,49.08,0.398,92.04,42.04,89,1.105,0.985,0.474,0.475,0.112,0.116,0.335,0.243,0.211,0.159,0.159,0.168
2026,A,R,810890,"Tallon, James",L,,75,3.303,33.94,-16.06,0.047,99.06,49.06,3.257,34.86,-15.14,52,0.599,0.786,0.359,0.459,0.1,0.131,0.424,0.286,0.251,0.166,0.162,0.162
2026,MLB,R,678906,"Teng, Kai-Wei",R,,416,0.052,98.96,48.96,0.047,99.06,49.06,0.1,98,48,21,0.737,0.666,0.462,0.451,0.114,0.129,0.351,0.291,0.296,0.247,0.103,0.1
2026,AAA,R,682445,"Gonzalez, Domingo",R,,190,2.43,51.4,1.4,0.047,99.06,49.06,2.348,53.04,3.04,41,0.704,0.746,0.407,0.494,0.092,0.124,0.454,0.252,0.4,0.267,0.083,0.096
2026,A,R,816305,"Tanner, Alistair",R,,237,1.445,71.1,21.1,0.048,99.04,49.04,1.589,68.22,18.22,69,0.736,0.862,0.391,0.485,0.097,0.131,0.379,0.271,0.286,0.181,0.129,0.175
2026,AAA,R,682785,"Bastardo, Angel",R,,183,0.751,84.98,34.98,0.05,99,49,0.771,84.58,34.58,34,0.875,0.723,0.47,0.496,0.118,0.149,0.368,0.299,0.274,0.242,0.13,0.119
2026,MLB,R,694738,"Roupp, Landen",R,,748,-0.404,108.08,58.08,0.05,99,49,-0.438,108.76,58.76,12,0.495,0.609,0.433,0.431,0.121,0.1,0.371,0.228,0.381,0.319,0.062,0.059
2026,MLB,R,663969,"Phillips, Tyler",R,,410,0.05,99,49,0.05,99,49,0.159,96.82,46.82,18,0.605,0.65,0.436,0.468,0.15,0.14,0.45,0.301,0.373,0.3,0.064,0.081
2026,MLB,R,656427,"Flaherty, Jack",R,,780,0.53,89.4,39.4,0.051,98.98,48.98,0.528,89.44,39.44,77,0.77,0.899,0.425,0.48,0.125,0.134,0.415,0.279,0.293,0.188,0.095,0.143
2026,MLB,R,686610,"Waldichuk, Ken",L,,149,0.976,80.48,30.48,0.051,98.98,48.98,0.924,81.52,31.52,39,0.708,0.739,0.409,0.465,0.109,0.131,0.388,0.283,0.272,0.22,0.11,0.109
2026,AAA,R,688445,"Walkinshaw, Jake",R,,79,0.099,98.02,48.02,0.052,98.96,48.96,0.219,95.62,45.62,38,0.753,0.735,0.45,0.484,0.128,0.137,0.4,0.289,0.323,0.233,0.095,0.13
2026,MLB,R,669211,"Akin, Keegan",L,,131,-0.754,115.08,65.08,0.054,98.92,48.92,-0.908,118.16,68.16,72,0.964,0.874,0.511,0.491,0.123,0.126,0.313,0.256,0.246,0.195,0.127,0.141
2026,MLB,R,694973,"Skenes, Paul",R,,739,-0.627,112.54,62.54,0.054,98.92,48.92,-0.735,114.7,64.7,38,0.692,0.737,0.51,0.48,0.146,0.127,0.377,0.264,0.3,0.262,0.116,0.11
2026,MLB,R,686993,"Sterner, Justin",R,,343,-0.1,102,52,0.055,98.9,48.9,-0.202,104.04,54.04,84,0.899,0.932,0.484,0.473,0.136,0.123,0.402,0.262,0.23,0.167,0.136,0.153
2026,MLB,R,572955,"Johnson, Pierce",R,,273,0.245,95.1,45.1,0.055,98.9,48.9,0.032,99.36,49.36,61,0.864,0.826,0.456,0.464,0.116,0.129,0.351,0.279,0.3,0.239,0.089,0.096
2026,AAA,R,809814,"Texido, Francis",L,,35,12.371,-147.42,-197.42,0.056,98.88,48.88,12.456,-149.12,-199.12,25,0,0.684,0,0.502,0,0.102,0.943,0.199,0.67,0.364,0.022,0.057
2026,MLB,R,677960,"Weathers, Ryan",L,,729,-0.57,111.4,61.4,0.057,98.86,48.86,-0.686,113.72,63.72,33,0.641,0.717,0.48,0.47,0.141,0.129,0.38,0.275,0.315,0.266,0.092,0.101
2026,MLB,R,668390,"Winn, Cole",R,,289,0.134,97.32,47.32,0.058,98.84,48.84,0.133,97.34,47.34,33,0.774,0.718,0.494,0.478,0.13,0.136,0.371,0.285,0.305,0.265,0.096,0.094
2026,AAA,R,680702,"Gerber, Joey",R,,167,0.105,97.9,47.9,0.058,98.84,48.84,0.131,97.38,47.38,80,0.987,0.912,0.48,0.495,0.123,0.134,0.36,0.27,0.224,0.16,0.155,0.182
2026,MLB,R,669358,"Baz, Shane",R,,766,-0.02,100.4,50.4,0.059,98.82,48.82,0.113,97.74,47.74,22,0.718,0.672,0.465,0.472,0.136,0.147,0.378,0.315,0.319,0.273,0.095,0.093
2026,MLB,R,681190,"Vasquez, Randy",R,,722,0.248,95.04,45.04,0.061,98.78,48.78,-0.029,100.58,50.58,70,0.89,0.864,0.493,0.48,0.123,0.115,0.355,0.24,0.267,0.2,0.114,0.134
2026,MLB,R,663941,"Beck, Tristan",R,,36,-0.365,107.3,57.3,0.061,98.78,48.78,-0.704,114.08,64.08,28,0.975,0.696,0.562,0.46,0.162,0.146,0.378,0.321,0.284,0.215,0.099,0.125
2026,MLB,R,680704,"Sandlin, Nick",R,,157,0.536,89.28,39.28,0.062,98.76,48.76,0.671,86.58,36.58,16,0.647,0.636,0.384,0.43,0.108,0.131,0.422,0.304,0.282,0.219,0.137,0.161
2026,MLB,R,623211,"Brazoban, Huascar",R,,319,0.042,99.16,49.16,0.062,98.76,48.76,0.056,98.88,48.88,6,0.58,0.546,0.493,0.492,0.108,0.12,0.344,0.241,0.431,0.359,0.051,0.057
2026,AAA,R,682897,"Perez, Steven",L,,289,0.607,87.86,37.86,0.062,98.76,48.76,0.328,93.44,43.44,38,0.657,0.736,0.455,0.468,0.117,0.109,0.366,0.24,0.29,0.239,0.106,0.1
2026,AAA,R,804926,"Peterson, Austin",R,,179,0.081,98.38,48.38,0.063,98.74,48.74,-0.145,102.9,52.9,63,0.775,0.832,0.483,0.462,0.121,0.11,0.369,0.238,0.289,0.223,0.105,0.114
2026,MLB,R,806188,"Gibson, Cade",L,,50,-0.247,104.94,54.94,0.063,98.74,48.74,-0.142,102.84,52.84,4,0.423,0.529,0.448,0.45,0.122,0.114,0.344,0.258,0.358,0.306,0.076,0.073
2026,MLB,R,666374,"Brash, Matt",R,,144,-0.468,109.36,59.36,0.064,98.72,48.72,-0.41,108.2,58.2,2,0.456,0.492,0.411,0.447,0.138,0.161,0.412,0.366,0.369,0.304,0.073,0.078
2026,A,R,700365,"Gomez, Yendy",R,,320,2.278,54.44,4.44,0.064,98.72,48.72,1.986,60.28,10.28,66,0.929,0.846,0.437,0.469,0.095,0.112,0.372,0.24,0.276,0.184,0.121,0.134
2026,AAA,R,592779,"Stewart, Brock",R,,74,0.138,97.24,47.24,0.065,98.7,48.7,0.21,95.8,45.8,17,0.699,0.643,0.513,0.463,0.144,0.134,0.382,0.291,0.299,0.246,0.128,0.122
2026,MLB,R,683000,"Cornelio, Riley",R,,40,2.019,59.62,9.62,0.065,98.7,48.7,2.251,54.98,4.98,48,0.594,0.772,0.367,0.481,0.103,0.142,0.38,0.297,0.23,0.163,0.14,0.155
2026,MLB,R,660761,"Suarez, Jose",L,,367,0.202,95.96,45.96,0.066,98.68,48.68,0.165,96.7,46.7,48,0.636,0.773,0.462,0.492,0.145,0.134,0.423,0.27,0.315,0.241,0.099,0.118
2026,MLB,R,572143,"Smith, Burch",R,,208,0.302,93.96,43.96,0.067,98.66,48.66,0.333,93.34,43.34,46,0.831,0.763,0.497,0.475,0.135,0.142,0.355,0.299,0.283,0.245,0.108,0.109
2026,MLB,R,676477,"Whitlock, Garrett",R,,274,0.027,99.46,49.46,0.067,98.66,48.66,-0.132,102.64,52.64,17,0.822,0.642,0.536,0.455,0.172,0.146,0.419,0.323,0.276,0.233,0.115,0.106
2026,MLB,R,669432,"Rogers, Trevor",L,,606,0.096,98.08,48.08,0.067,98.66,48.66,0,100,50,60,0.777,0.821,0.48,0.474,0.134,0.119,0.381,0.258,0.303,0.24,0.117,0.134
2026,A,R,808064,"Hurtado, Daviel",L,,53,-0.436,108.72,58.72,0.067,98.66,48.66,-0.675,113.5,63.5,27,0.777,0.695,0.515,0.454,0.143,0.114,0.348,0.255,0.275,0.247,0.09,0.093
2026,A,R,815552,"Sterling, Levi",R,,413,0.453,90.94,40.94,0.067,98.66,48.66,0.403,91.94,41.94,63,0.8,0.832,0.434,0.459,0.117,0.122,0.372,0.267,0.252,0.202,0.142,0.13
2026,MLB,R,552640,"Kittredge, Andrew",R,,135,0.018,99.64,49.64,0.068,98.64,48.64,-0.008,100.16,50.16,37,0.722,0.733,0.481,0.487,0.121,0.113,0.349,0.229,0.36,0.283,0.069,0.085
2026,A,R,675512,"Melton, Troy",R,,59,0.506,89.88,39.88,0.068,98.64,48.64,0.469,90.62,40.62,42,0.92,0.748,0.491,0.471,0.128,0.128,0.398,0.27,0.355,0.262,0.068,0.096
2026,MLB,R,682120,"Herrin, Tim",L,,240,0.59,88.2,38.2,0.069,98.62,48.62,0.427,91.46,41.46,25,0.737,0.685,0.484,0.464,0.13,0.123,0.392,0.263,0.345,0.269,0.073,0.089
2026,AAA,R,668968,"Crouse, Hans",R,,79,1.193,76.14,26.14,0.073,98.54,48.54,0.996,80.08,30.08,77,0.694,0.902,0.424,0.477,0.108,0.127,0.396,0.265,0.315,0.228,0.086,0.111
2026,AAA,R,605154,"Brebbia, John",R,,313,0.574,88.52,38.52,0.073,98.54,48.54,0.342,93.16,43.16,94,1.158,1.076,0.487,0.494,0.106,0.113,0.324,0.226,0.22,0.157,0.153,0.175
2026,A,R,681890,"Watson, Troy",R,,33,0.036,99.28,49.28,0.076,98.48,48.48,-0.246,104.92,54.92,64,0.574,0.838,0.399,0.465,0.097,0.117,0.345,0.247,0.36,0.234,0.076,0.112
2026,MLB,R,680755,"Fisher, Braydon",R,,356,0.001,99.98,49.98,0.076,98.48,48.48,-0.229,104.58,54.58,60,0.972,0.822,0.494,0.45,0.134,0.132,0.351,0.289,0.272,0.234,0.122,0.111
2026,A,R,807995,"Gonzalez, Eduar",L,,96,1.048,79.04,29.04,0.077,98.46,48.46,1.036,79.28,29.28,78,0.865,0.905,0.428,0.498,0.103,0.128,0.414,0.255,0.281,0.177,0.106,0.15
2026,MLB,R,669022,"Gore, MacKenzie",L,,833,0.012,99.76,49.76,0.077,98.46,48.46,-0.105,102.1,52.1,21,0.756,0.664,0.503,0.471,0.128,0.131,0.345,0.282,0.301,0.263,0.092,0.09
2026,AAA,R,664918,"Keller, Kyle",R,,321,0.863,82.74,32.74,0.077,98.46,48.46,0.753,84.94,34.94,66,0.794,0.846,0.461,0.49,0.115,0.119,0.369,0.242,0.275,0.216,0.122,0.133
2026,AAA,R,681676,"Fernandez, Ryan",R,,153,0.119,97.62,47.62,0.077,98.46,48.46,-0.06,101.2,51.2,66,0.728,0.845,0.489,0.497,0.139,0.128,0.381,0.255,0.318,0.245,0.092,0.105
2026,AAA,R,669947,"Scholtens, Jesse",R,,60,-0.252,105.04,55.04,0.077,98.46,48.46,-0.84,116.8,66.8,83,0.763,0.928,0.486,0.49,0.127,0.12,0.39,0.246,0.33,0.229,0.093,0.122
2026,MLB,R,594580,"Moll, Sam",L,,297,0.456,90.88,40.88,0.078,98.44,48.44,0.638,87.24,37.24,2,0.428,0.494,0.39,0.426,0.086,0.101,0.363,0.239,0.442,0.371,0.062,0.07
2026,MLB,R,686930,"Barnett, Mason",R,,43,1.123,77.54,27.54,0.078,98.44,48.44,1.126,77.48,27.48,13,0.522,0.614,0.427,0.489,0.111,0.126,0.41,0.251,0.335,0.295,0.087,0.071
2026,AAA,R,695378,"Sinclair, Jack",R,,317,0.047,99.06,49.06,0.078,98.44,48.44,0.056,98.88,48.88,27,0.743,0.694,0.451,0.459,0.113,0.125,0.371,0.273,0.294,0.228,0.122,0.133
2026,AAA,R,676105,"Criswell, Jeff",R,,17,0.764,84.72,34.72,0.078,98.44,48.44,0.372,92.56,42.56,39,1.277,0.738,0.547,0.458,0.116,0.134,0.344,0.299,0.296,0.239,0.088,0.096
2026,A,R,701706,"Carter, Greysen",R,,328,1.349,73.02,23.02,0.08,98.4,48.4,1.23,75.4,25.4,18,0.596,0.649,0.444,0.479,0.091,0.106,0.351,0.226,0.402,0.335,0.073,0.07
2026,MLB,R,543056,"Coulombe, Danny",L,,147,-0.062,101.24,51.24,0.08,98.4,48.4,0.037,99.26,49.26,27,0.861,0.693,0.484,0.439,0.117,0.103,0.349,0.231,0.266,0.233,0.116,0.115
2026,A,R,808048,"Menes, Ruben",R,,148,0.304,93.92,43.92,0.082,98.36,48.36,-0.081,101.62,51.62,45,0.774,0.761,0.444,0.462,0.116,0.141,0.36,0.304,0.251,0.217,0.152,0.133
2026,AAA,R,694397,"Raya, Marco",R,,327,0.908,81.84,31.84,0.082,98.36,48.36,0.874,82.52,32.52,25,0.701,0.683,0.459,0.48,0.128,0.137,0.393,0.289,0.333,0.272,0.083,0.092
2026,MLB,R,663992,"Lovelady, Richard",L,,296,0.261,94.78,44.78,0.082,98.36,48.36,0.081,98.38,48.38,15,0.678,0.628,0.424,0.45,0.105,0.128,0.362,0.286,0.356,0.294,0.069,0.076
2026,AAA,R,681077,"Knorr, Michael",R,,61,0.599,88.02,38.02,0.083,98.34,48.34,0.706,85.88,35.88,55,0.519,0.8,0.412,0.487,0.139,0.145,0.389,0.297,0.262,0.227,0.123,0.111
2026,MLB,R,668674,"Erceg, Lucas",R,,287,0.112,97.76,47.76,0.083,98.34,48.34,0.021,99.58,49.58,32,0.756,0.715,0.506,0.479,0.137,0.131,0.362,0.278,0.32,0.267,0.087,0.089
2026,A,R,694633,"Hampton, Chase",R,,38,1.573,68.54,18.54,0.083,98.34,48.34,1.27,74.6,24.6,89,0.883,0.983,0.405,0.485,0.101,0.125,0.364,0.257,0.259,0.159,0.112,0.165
2026,AAA,R,676510,"Hoffman, Nolan",R,,196,-0.089,101.78,51.78,0.084,98.32,48.32,-0.21,104.2,54.2,9,0.598,0.582,0.454,0.405,0.107,0.104,0.339,0.277,0.333,0.273,0.098,0.094
2026,AAA,R,694536,"Baker, Trent",R,,296,-0.33,106.6,56.6,0.085,98.3,48.3,-0.441,108.82,58.82,33,0.769,0.718,0.489,0.471,0.141,0.143,0.398,0.304,0.316,0.243,0.099,0.11
2026,MLB,R,650556,"Abreu, Bryan",R,,285,1.17,76.6,26.6,0.086,98.28,48.28,1.151,76.98,26.98,42,0.654,0.75,0.426,0.485,0.125,0.143,0.411,0.294,0.321,0.248,0.094,0.099
2026,A,R,681644,"Paniagua, Inohan",R,,33,0.764,84.72,34.72,0.086,98.28,48.28,0.168,96.64,46.64,27,0.776,0.694,0.384,0.408,0.079,0.091,0.335,0.225,0.345,0.258,0.073,0.091
2026,AAA,R,702193,"Morris, Andrew",R,,70,-0.185,103.7,53.7,0.086,98.28,48.28,0.005,99.9,49.9,6,0.62,0.555,0.413,0.421,0.102,0.106,0.381,0.247,0.294,0.222,0.097,0.13
2026,A,R,692646,"Rodriguez, Pedro",L,,183,0.757,84.86,34.86,0.086,98.28,48.28,0.691,86.18,36.18,39,0.721,0.74,0.406,0.449,0.1,0.126,0.366,0.282,0.251,0.157,0.115,0.169
2026,AAA,R,702103,"Franklin, Zach",R,,226,-0.082,101.64,51.64,0.086,98.28,48.28,-0.178,103.56,53.56,77,0.966,0.897,0.503,0.491,0.13,0.137,0.342,0.276,0.233,0.186,0.15,0.152
2026,A,R,804985,"Anker, Jack",R,,382,-0.132,102.64,52.64,0.087,98.26,48.26,-0.404,108.08,58.08,89,1.113,0.986,0.524,0.491,0.118,0.12,0.296,0.244,0.226,0.19,0.159,0.156
2026,AAA,R,669111,"McMillon, John",R,,157,0.743,85.14,35.14,0.088,98.24,48.24,0.873,82.54,32.54,47,0.654,0.768,0.436,0.475,0.136,0.157,0.421,0.33,0.269,0.212,0.137,0.124
2026,MLB,R,702273,"Schultz, Noah",L,,490,0.375,92.5,42.5,0.088,98.24,48.24,0.229,95.42,45.42,37,0.65,0.731,0.454,0.454,0.117,0.107,0.334,0.236,0.295,0.232,0.103,0.108
2026,AAA,R,682999,"Childers, Will",R,,146,0.367,92.66,42.66,0.09,98.2,48.2,0.296,94.08,44.08,44,0.699,0.756,0.444,0.492,0.133,0.132,0.393,0.271,0.359,0.26,0.071,0.099
2026,MLB,R,674370,"Bido, Osvaldo",R,,317,0.778,84.44,34.44,0.091,98.18,48.18,0.556,88.88,38.88,71,0.759,0.869,0.447,0.484,0.113,0.116,0.373,0.238,0.289,0.224,0.113,0.122
2026,AAA,R,804267,"Thornton, Zach",L,,84,0.136,97.28,47.28,0.092,98.16,48.16,-0.43,108.6,58.6,83,1.172,0.927,0.55,0.477,0.102,0.099,0.272,0.206,0.196,0.189,0.148,0.139
2026,AAA,R,672021,"Cerantola, Eric",R,,201,1.342,73.16,23.16,0.092,98.16,48.16,1.197,76.06,26.06,54,0.746,0.794,0.428,0.486,0.122,0.145,0.417,0.299,0.328,0.237,0.09,0.102
2026,MLB,R,518585,"Cruz, Fernando",R,,302,0.666,86.68,36.68,0.093,98.14,48.14,0.68,86.4,36.4,54,0.746,0.797,0.427,0.477,0.132,0.151,0.44,0.316,0.274,0.201,0.118,0.136
2026,AAA,R,680572,"Kloffenstein, Adam",R,,390,0.772,84.56,34.56,0.094,98.12,48.12,0.49,90.2,40.2,43,0.768,0.753,0.457,0.463,0.1,0.103,0.347,0.224,0.371,0.311,0.07,0.073
2026,A,R,823864,"Rodriguez, Carlos",L,,29,0.334,93.32,43.32,0.094,98.12,48.12,-0.187,103.74,53.74,75,0.976,0.892,0.463,0.474,0.08,0.11,0.297,0.23,0.303,0.234,0.084,0.114
2026,AAA,R,689441,"Crow, Coleman",R,,420,0.467,90.66,40.66,0.095,98.1,48.1,0.211,95.78,45.78,49,0.84,0.777,0.475,0.461,0.112,0.11,0.331,0.238,0.269,0.228,0.101,0.102
2026,AAA,R,674175,"Roth, Houston",R,,232,1.646,67.08,17.08,0.097,98.06,48.06,1.322,73.56,23.56,93,0.907,1.032,0.418,0.491,0.093,0.122,0.404,0.248,0.275,0.184,0.127,0.153
2026,A,R,827445,"Lara, Joel",R,,320,3.247,35.06,-14.94,0.097,98.06,48.06,3.288,34.24,-15.76,34,0.532,0.721,0.333,0.494,0.093,0.146,0.484,0.296,0.359,0.245,0.106,0.106
2026,AAA,R,685005,"Roa, Christian",R,,78,0.484,90.32,40.32,0.097,98.06,48.06,0.363,92.74,42.74,50,0.697,0.781,0.446,0.482,0.1,0.105,0.305,0.22,0.273,0.247,0.123,0.101
2026,MLB,R,682227,"Williamson, Brandon",L,,515,0.46,90.8,40.8,0.098,98.04,48.04,0.44,91.2,41.2,43,0.714,0.752,0.455,0.459,0.109,0.11,0.349,0.237,0.252,0.207,0.134,0.136
2026,AAA,R,682144,"Sandridge, Jayvien",L,,152,1.692,66.16,16.16,0.098,98.04,48.04,1.835,63.3,13.3,30,0.69,0.705,0.412,0.474,0.098,0.142,0.35,0.301,0.29,0.224,0.117,0.126
2026,MLB,R,543135,"Eovaldi, Nathan",R,,728,-0.362,107.24,57.24,0.098,98.04,48.04,-0.418,108.36,58.36,25,0.779,0.684,0.543,0.481,0.144,0.134,0.355,0.278,0.335,0.304,0.08,0.077
2026,MLB,R,669020,"Rolison, Ryan",L,,165,0.161,96.78,46.78,0.099,98.02,48.02,0.076,98.48,48.48,15,0.82,0.631,0.473,0.471,0.106,0.123,0.341,0.262,0.302,0.273,0.087,0.085
2026,MLB,R,676742,"Sanders, Cam",R,,107,0.361,92.78,42.78,0.099,98.02,48.02,0.367,92.66,42.66,28,0.664,0.7,0.468,0.48,0.14,0.149,0.397,0.309,0.253,0.218,0.142,0.138
2026,AAA,R,606965,"Devenski, Chris",R,,136,-0.366,107.32,57.32,0.099,98.02,48.02,-0.473,109.46,59.46,63,0.742,0.833,0.467,0.475,0.126,0.123,0.357,0.263,0.263,0.212,0.115,0.118
2026,AAA,R,693312,"Nicolas, Kyle",R,,175,0.994,80.12,30.12,0.099,98.02,48.02,1.119,77.62,27.62,45,0.657,0.759,0.428,0.49,0.119,0.144,0.404,0.296,0.296,0.244,0.115,0.104
2026,MLB,R,666619,"Santos, Gregory",R,,86,0.007,99.86,49.86,0.099,98.02,48.02,-0.046,100.92,50.92,21,0.832,0.665,0.487,0.482,0.097,0.13,0.288,0.27,0.351,0.303,0.07,0.08
2026,MLB,R,668834,"McGee, Easton",R,,22,-0.178,103.56,53.56,0.1,98,48,-0.345,106.9,56.9,55,0.961,0.801,0.554,0.46,0.138,0.109,0.325,0.237,0.272,0.229,0.127,0.112
2026,AAA,R,656620,"Klobosits, Gabe",R,,168,0.045,99.1,49.1,0.101,97.98,47.98,-0.153,103.06,53.06,33,0.773,0.72,0.5,0.473,0.13,0.126,0.357,0.266,0.311,0.256,0.101,0.097
2026,MLB,R,687911,"King, Bryan",L,,311,-0.066,101.32,51.32,0.101,97.98,47.98,-0.278,105.56,55.56,45,0.804,0.76,0.523,0.475,0.118,0.109,0.323,0.23,0.267,0.222,0.117,0.119
2026,AAA,R,670234,"Shuman, Seth",R,,309,0.414,91.72,41.72,0.102,97.96,47.96,0.165,96.7,46.7,29,0.749,0.702,0.467,0.447,0.112,0.116,0.337,0.265,0.317,0.244,0.079,0.1
2026,AAA,R,814490,"Pecko, Ethan",R,,164,-0.337,106.74,56.74,0.102,97.96,47.96,-0.497,109.94,59.94,58,0.886,0.811,0.506,0.488,0.128,0.116,0.37,0.238,0.289,0.264,0.103,0.089
2026,A,R,823242,"Gresham, Tanner",R,,271,0.425,91.5,41.5,0.103,97.94,47.94,0.351,92.98,42.98,88,0.926,0.965,0.478,0.482,0.123,0.132,0.354,0.272,0.239,0.168,0.142,0.164
2026,AAA,R,811307,"Wenninger, Jack",R,,574,0.991,80.18,30.18,0.104,97.92,47.92,1.005,79.9,29.9,41,0.693,0.747,0.395,0.469,0.109,0.13,0.397,0.281,0.325,0.254,0.102,0.113
2026,MLB,R,608371,"Sims, Lucas",R,,168,1.141,77.18,27.18,0.104,97.92,47.92,1.022,79.56,29.56,74,0.793,0.888,0.446,0.481,0.112,0.126,0.383,0.259,0.242,0.177,0.14,0.152
2026,MLB,R,571927,"Matz, Steven",L,,601,0.039,99.22,49.22,0.104,97.92,47.92,-0.17,103.4,53.4,44,0.888,0.756,0.487,0.481,0.122,0.135,0.336,0.278,0.299,0.259,0.093,0.088
2026,AAA,R,668834,"McGee, Easton",R,,293,0.21,95.8,45.8,0.105,97.9,47.9,-0.024,100.48,50.48,72,0.931,0.874,0.495,0.461,0.105,0.102,0.309,0.221,0.28,0.223,0.108,0.116
2026,A,R,835657,"Shelagowski, Jake",R,,238,0.757,84.86,34.86,0.105,97.9,47.9,0.836,83.28,33.28,31,0.64,0.708,0.422,0.443,0.115,0.129,0.374,0.293,0.255,0.209,0.129,0.119
2026,MLB,R,592094,"Adam, Jason",R,,214,0.561,88.78,38.78,0.107,97.86,47.86,0.316,93.68,43.68,42,0.908,0.748,0.505,0.495,0.127,0.15,0.338,0.303,0.296,0.264,0.114,0.105
2026,MLB,R,676467,"Gordon, Colton",L,,201,-0.142,102.84,52.84,0.107,97.86,47.86,-0.299,105.98,55.98,87,0.915,0.957,0.491,0.479,0.123,0.115,0.355,0.239,0.266,0.197,0.12,0.136
2026,AAA,R,678022,"Perkins, Jack",R,,94,0.03,99.4,49.4,0.108,97.84,47.84,-0.369,107.38,57.38,35,0.745,0.727,0.494,0.469,0.128,0.126,0.358,0.269,0.288,0.253,0.106,0.091
2026,AAA,R,701643,"Hartwig, Grant",R,,301,1.251,74.98,24.98,0.109,97.82,47.82,1.135,77.3,27.3,37,0.752,0.732,0.401,0.444,0.082,0.097,0.327,0.217,0.292,0.256,0.115,0.093
2026,AAA,R,669993,"Brito, Raul",R,,349,0.948,81.04,31.04,0.11,97.8,47.8,0.869,82.62,32.62,44,0.784,0.755,0.442,0.469,0.099,0.112,0.348,0.241,0.32,0.264,0.101,0.095
2026,AAA,R,696136,"Wicks, Jordan",L,,292,0.325,93.5,43.5,0.111,97.78,47.78,0.31,93.8,43.8,43,0.729,0.752,0.476,0.494,0.136,0.126,0.382,0.252,0.307,0.25,0.101,0.108
2026,MLB,R,657097,"Webb, Jacob",R,,318,0.157,96.86,46.86,0.111,97.78,47.78,-0.1,102,52,68,0.989,0.852,0.515,0.478,0.132,0.129,0.347,0.271,0.219,0.178,0.146,0.157
2026,AAA,R,668470,"Danner, Hagen",R,,223,1.028,79.44,29.44,0.111,97.78,47.78,1.08,78.4,28.4,43,0.744,0.753,0.464,0.496,0.117,0.142,0.35,0.287,0.316,0.244,0.109,0.113
2026,AAA,R,802419,"Harrington, Thomas",R,,509,1.005,79.9,29.9,0.112,97.76,47.76,0.857,82.86,32.86,84,0.923,0.933,0.429,0.472,0.097,0.111,0.34,0.235,0.26,0.181,0.114,0.151
2026,MLB,R,605488,"Springs, Jeffrey",L,,782,-0.031,100.62,50.62,0.112,97.76,47.76,-0.201,104.02,54.02,79,0.867,0.907,0.49,0.492,0.127,0.119,0.338,0.236,0.246,0.207,0.131,0.127
2026,MLB,R,608379,"Wacha, Michael",R,,726,0.053,98.94,48.94,0.112,97.76,47.76,-0.052,101.04,51.04,82,0.955,0.924,0.494,0.488,0.113,0.116,0.302,0.234,0.255,0.208,0.125,0.129
2026,AAA,R,592094,"Adam, Jason",R,,49,0.73,85.4,35.4,0.113,97.74,47.74,0.606,87.88,37.88,56,0.951,0.804,0.517,0.479,0.141,0.134,0.417,0.28,0.311,0.237,0.106,0.116
2026,A,R,804526,"Perry, Nolan",R,,316,0.255,94.9,44.9,0.113,97.74,47.74,0.113,97.74,47.74,63,0.774,0.835,0.475,0.473,0.144,0.132,0.437,0.281,0.283,0.212,0.128,0.129
2026,MLB,R,694361,"Klein, Will",R,,270,-0.205,104.1,54.1,0.114,97.72,47.72,-0.264,105.28,55.28,9,0.721,0.584,0.483,0.452,0.127,0.148,0.324,0.338,0.315,0.3,0.084,0.07
2026,MLB,R,621139,"Kriske, Brooks",R,,38,0.178,96.44,46.44,0.114,97.72,47.72,-0.037,100.74,50.74,66,0.83,0.843,0.497,0.499,0.154,0.144,0.435,0.287,0.29,0.232,0.112,0.121
2026,AAA,R,684949,"Leigh, Zac",R,,326,0.299,94.02,44.02,0.115,97.7,47.7,0.313,93.74,43.74,5,0.652,0.535,0.465,0.455,0.103,0.117,0.333,0.258,0.31,0.291,0.09,0.072
2026,AAA,R,700187,"Taylor, Troy",R,,260,0.98,80.4,30.4,0.116,97.68,47.68,0.84,83.2,33.2,24,0.602,0.678,0.421,0.471,0.124,0.144,0.431,0.309,0.397,0.284,0.061,0.076
2026,A,R,695704,"Ligon, Karson",R,,99,1.803,63.94,13.94,0.116,97.68,47.68,1.667,66.66,16.66,73,0.657,0.88,0.396,0.49,0.113,0.132,0.424,0.267,0.309,0.193,0.115,0.136
2026,MLB,R,694477,"Patrick, Chad",R,,583,0.271,94.58,44.58,0.117,97.66,47.66,0.258,94.84,44.84,67,0.77,0.848,0.442,0.479,0.11,0.115,0.376,0.237,0.267,0.191,0.133,0.153
2026,AAA,R,666619,"Santos, Gregory",R,,146,-0.571,111.42,61.42,0.117,97.66,47.66,-0.57,111.4,61.4,25,0.848,0.685,0.531,0.49,0.109,0.126,0.279,0.257,0.343,0.307,0.083,0.085
2026,MLB,R,800048,"Messick, Parker",L,,817,-0.449,108.98,58.98,0.118,97.64,47.64,-0.45,109,59,22,0.694,0.667,0.496,0.467,0.135,0.122,0.375,0.26,0.328,0.284,0.093,0.093
2026,AAA,R,805673,"Matthews, Zebby",R,,499,0.037,99.26,49.26,0.118,97.64,47.64,-0.292,105.84,55.84,70,0.815,0.863,0.489,0.487,0.129,0.116,0.368,0.239,0.307,0.237,0.099,0.107
2026,MLB,R,676755,"Mattson, Isaac",R,,317,0.541,89.18,39.18,0.119,97.62,47.62,0.197,96.06,46.06,91,1.057,1.006,0.503,0.471,0.116,0.106,0.302,0.223,0.214,0.173,0.155,0.149
2026,A,R,689225,"Brieske, Beau",R,,27,1.348,73.04,23.04,0.119,97.62,47.62,1.399,72.02,22.02,34,0.326,0.721,0.375,0.503,0.089,0.118,0.414,0.234,0.417,0.266,0.059,0.106
2026,MLB,R,656492,"Griffin, Foster",L,,738,0.02,99.6,49.6,0.12,97.6,47.6,-0.091,101.82,51.82,42,0.813,0.751,0.495,0.472,0.112,0.111,0.339,0.235,0.289,0.247,0.09,0.101
2026,AAA,R,669620,"Basso, Brady",L,,137,0.883,82.34,32.34,0.121,97.58,47.58,0.545,89.1,39.1,38,0.672,0.734,0.453,0.478,0.089,0.102,0.328,0.217,0.341,0.29,0.078,0.075
2026,AAA,R,656786,"Mushinski, Parker",L,,315,0.201,95.98,45.98,0.121,97.58,47.58,0.138,97.24,47.24,48,0.773,0.771,0.477,0.496,0.108,0.114,0.344,0.23,0.327,0.268,0.083,0.092
2026,A,R,820905,"Portuondo, Roilan",R,,268,1.343,73.14,23.14,0.121,97.58,47.58,1.284,74.32,24.32,64,0.74,0.836,0.391,0.46,0.096,0.121,0.379,0.261,0.25,0.198,0.151,0.139
2026,MLB,R,628452,"Iglesias, Raisel",R,,166,0.149,97.02,47.02,0.122,97.56,47.56,-0.119,102.38,52.38,63,0.969,0.835,0.524,0.484,0.138,0.124,0.335,0.255,0.282,0.221,0.11,0.127
2026,A,R,802709,"Falinski, Adam",R,,235,0.512,89.76,39.76,0.123,97.54,47.54,0.219,95.62,45.62,62,0.839,0.831,0.472,0.486,0.12,0.127,0.359,0.26,0.294,0.22,0.11,0.126
2026,MLB,R,621053,"Ferguson, Tyler",R,,26,-1.084,121.68,71.68,0.123,97.54,47.54,-1.383,127.66,77.66,44,0.672,0.758,0.496,0.487,0.13,0.122,0.361,0.252,0.323,0.25,0.073,0.103
2026,MLB,R,694037,"Palencia, Daniel",R,,108,-0.328,106.56,56.56,0.124,97.52,47.52,-0.288,105.76,55.76,41,0.616,0.747,0.512,0.499,0.174,0.154,0.409,0.309,0.258,0.232,0.135,0.122
2026,MLB,R,689520,"Laweryson, Cody",R,,95,0.802,83.96,33.96,0.126,97.48,47.48,0.616,87.68,37.68,87,1.06,0.959,0.459,0.457,0.103,0.104,0.312,0.229,0.261,0.19,0.13,0.152
2026,MLB,R,623454,"Anderson, Drew",R,,411,0.076,98.48,48.48,0.126,97.48,47.48,0.06,98.8,48.8,11,0.651,0.603,0.487,0.47,0.144,0.151,0.381,0.32,0.367,0.333,0.077,0.068
2026,AAA,R,670950,"Richards, Trevor",R,,165,0.524,89.52,39.52,0.126,97.48,47.48,0.094,98.12,48.12,86,1.156,0.95,0.494,0.468,0.112,0.12,0.28,0.254,0.233,0.168,0.13,0.158
2026,MLB,R,681799,"Roberts, Ethan",R,,87,0.49,90.2,40.2,0.129,97.42,47.42,0.693,86.14,36.14,12,0.733,0.605,0.401,0.452,0.097,0.129,0.364,0.287,0.284,0.205,0.099,0.122
2026,AAA,R,656186,"Altavilla, Dan",R,,278,0.887,82.26,32.26,0.131,97.38,47.38,0.88,82.4,32.4,46,0.727,0.764,0.459,0.498,0.116,0.135,0.365,0.271,0.308,0.258,0.113,0.111
2026,MLB,R,683769,"Gaddis, Hunter",R,,170,0.433,91.34,41.34,0.131,97.38,47.38,0.529,89.42,39.42,52,0.8,0.787,0.497,0.501,0.144,0.157,0.443,0.313,0.289,0.218,0.119,0.126
2026,AAA,R,674674,"Sikkema, T.J.",L,,65,1.456,70.88,20.88,0.133,97.34,47.34,1.051,78.98,28.98,69,0.867,0.857,0.416,0.454,0.094,0.097,0.389,0.211,0.322,0.223,0.078,0.105
2026,AAA,R,690217,"Culpepper, C.J.",R,,76,0.26,94.8,44.8,0.134,97.32,47.32,-0.14,102.8,52.8,42,0.677,0.748,0.466,0.478,0.124,0.112,0.417,0.233,0.346,0.26,0.084,0.098
2026,MLB,R,685005,"Roa, Christian",R,,177,0.716,85.68,35.68,0.135,97.3,47.3,0.524,89.52,39.52,52,0.841,0.786,0.446,0.486,0.099,0.118,0.322,0.244,0.329,0.266,0.085,0.089
2026,A,R,807549,"Van Dyke, Ty",R,,430,0.286,94.28,44.28,0.135,97.3,47.3,0.031,99.38,49.38,79,0.957,0.907,0.46,0.456,0.109,0.112,0.334,0.245,0.239,0.187,0.141,0.144
2026,A,R,828492,"Kolhosser, Xavier",R,,272,1.159,76.82,26.82,0.135,97.3,47.3,1.001,79.98,29.98,92,0.842,1.024,0.411,0.482,0.105,0.122,0.357,0.254,0.246,0.163,0.144,0.166
2026,MLB,R,680767,"Vodnik, Victor",R,,294,0.277,94.46,44.46,0.137,97.26,47.26,0.463,90.74,40.74,2,0.496,0.487,0.44,0.454,0.125,0.134,0.405,0.298,0.424,0.378,0.055,0.052
2026,MLB,R,622491,"Castillo, Luis",R,,743,-0.391,107.82,57.82,0.137,97.26,47.26,-0.582,111.64,61.64,70,0.873,0.863,0.517,0.49,0.138,0.129,0.356,0.265,0.285,0.222,0.129,0.132
2026,MLB,R,676974,"Meyer, Max",R,,780,-0.364,107.28,57.28,0.138,97.24,47.24,-0.435,108.7,58.7,9,0.657,0.582,0.498,0.466,0.16,0.161,0.41,0.352,0.371,0.311,0.074,0.08
2026,AAA,R,650960,"Duarte, Daniel",R,,237,-0.164,103.28,53.28,0.138,97.24,47.24,-0.225,104.5,54.5,45,0.613,0.761,0.452,0.464,0.109,0.108,0.348,0.233,0.283,0.209,0.11,0.137
2026,MLB,R,663623,"Irvin, Jake",R,,794,0.236,95.28,45.28,0.139,97.22,47.22,-0.003,100.06,50.06,68,0.925,0.852,0.469,0.452,0.103,0.102,0.324,0.227,0.285,0.22,0.105,0.116
2026,MLB,R,701552,"Granillo, Andre",R,,196,0.911,81.78,31.78,0.14,97.2,47.2,0.994,80.12,30.12,69,0.752,0.862,0.395,0.476,0.099,0.112,0.396,0.235,0.249,0.189,0.148,0.151
2026,AAA,R,656353,"Davidson, Tucker",L,,416,0.577,88.46,38.46,0.14,97.2,47.2,0.532,89.36,39.36,65,0.859,0.84,0.47,0.497,0.099,0.112,0.309,0.223,0.282,0.23,0.104,0.116
2026,MLB,R,673540,"Senga, Kodai",R,,366,0.309,93.82,43.82,0.141,97.18,47.18,0.405,91.9,41.9,42,0.685,0.749,0.442,0.49,0.13,0.145,0.384,0.296,0.3,0.241,0.1,0.112
2026,A,R,814346,"Watts, Dylan",R,,353,0.518,89.64,39.64,0.141,97.18,47.18,0.32,93.6,43.6,63,0.761,0.835,0.452,0.486,0.119,0.123,0.352,0.253,0.295,0.219,0.117,0.125
2026,AAA,R,642770,"Guerra, Javy",R,,289,0.486,90.28,40.28,0.141,97.18,47.18,0.47,90.6,40.6,51,0.829,0.784,0.464,0.486,0.121,0.128,0.369,0.263,0.291,0.217,0.116,0.138
2026,AAA,R,681869,"Dubin, Shawn",R,,103,0.307,93.86,43.86,0.141,97.18,47.18,0.179,96.42,46.42,31,0.762,0.708,0.497,0.47,0.119,0.125,0.291,0.269,0.325,0.297,0.091,0.084
2026,A,R,687830,"Gipson-Long, Sawyer",R,,39,1.282,74.36,24.36,0.141,97.18,47.18,0.773,84.54,34.54,59,0.856,0.815,0.469,0.46,0.109,0.124,0.383,0.265,0.346,0.244,0.09,0.095
2026,AAA,R,689149,"Dallas, Chad",R,,370,-0.167,103.34,53.34,0.142,97.16,47.16,-0.35,107,57,26,0.746,0.691,0.499,0.463,0.124,0.113,0.343,0.248,0.304,0.271,0.086,0.088
2026,A,R,808833,"Afthim, Brady",R,,105,0.808,83.84,33.84,0.143,97.14,47.14,0.401,91.98,41.98,82,0.822,0.924,0.43,0.459,0.109,0.113,0.359,0.246,0.224,0.147,0.16,0.17
2026,MLB,R,676282,"Cantillo, Joey",L,,749,0.555,88.9,38.9,0.143,97.14,47.14,0.455,90.9,40.9,37,0.795,0.733,0.43,0.446,0.104,0.121,0.346,0.27,0.294,0.247,0.097,0.11
2026,AAA,R,671305,"Otanez, Michel",R,,247,1.098,78.04,28.04,0.144,97.12,47.12,1.005,79.9,29.9,56,0.665,0.806,0.408,0.484,0.116,0.135,0.425,0.281,0.307,0.187,0.108,0.132
2026,AAA,R,805363,"Clark, Chris",R,,81,0.852,82.96,32.96,0.144,97.12,47.12,0.506,89.88,39.88,77,0.924,0.9,0.475,0.451,0.134,0.123,0.417,0.272,0.228,0.181,0.163,0.139
2026,MLB,R,675989,"Bolton, Cody",R,,283,0.137,97.26,47.26,0.144,97.12,47.12,-0.021,100.42,50.42,31,0.717,0.71,0.442,0.465,0.103,0.111,0.352,0.238,0.339,0.267,0.076,0.089
2026,AAA,R,660604,"Rangel, Alan",R,,499,-0.045,100.9,50.9,0.144,97.12,47.12,-0.258,105.16,55.16,54,0.915,0.797,0.473,0.448,0.127,0.128,0.33,0.29,0.231,0.2,0.139,0.147
2026,A,R,701519,"Adams, Travis",R,,27,0.75,85,35,0.145,97.1,47.1,0.307,93.86,43.86,62,1.06,0.829,0.552,0.498,0.114,0.112,0.335,0.223,0.257,0.229,0.121,0.123
2026,MLB,R,676510,"Hoffman, Nolan",R,,55,0.036,99.28,49.28,0.145,97.1,47.1,0.027,99.46,49.46,27,0.695,0.695,0.428,0.43,0.097,0.087,0.316,0.201,0.285,0.23,0.118,0.105
2026,AAA,R,663893,"Little, Brendon",L,,250,-0.682,113.64,63.64,0.146,97.08,47.08,-0.519,110.38,60.38,0,0.394,0.402,0.429,0.43,0.14,0.14,0.431,0.344,0.486,0.417,0.033,0.04
2026,MLB,R,650644,"Civale, Aaron",R,,711,-0.355,107.1,57.1,0.147,97.06,47.06,-0.626,112.52,62.52,62,0.914,0.829,0.48,0.441,0.109,0.098,0.301,0.222,0.239,0.191,0.123,0.133
2026,MLB,R,669371,"Henry, Cole",R,,138,1.183,76.34,26.34,0.148,97.04,47.04,0.989,80.22,30.22,85,0.807,0.942,0.42,0.46,0.116,0.113,0.398,0.246,0.237,0.174,0.149,0.136
2026,MLB,R,641302,"Alexander, Tyler",L,,335,0.001,99.98,49.98,0.149,97.02,47.02,-0.213,104.26,54.26,54,0.773,0.793,0.477,0.481,0.101,0.102,0.315,0.212,0.309,0.262,0.09,0.098
2026,MLB,R,579328,"Kikuchi, Yusei",L,,567,-0.277,105.54,55.54,0.149,97.02,47.02,-0.318,106.36,56.36,14,0.691,0.625,0.479,0.465,0.138,0.142,0.388,0.311,0.317,0.278,0.088,0.09
2026,AAA,R,674073,"Weisenburger, Jack",R,,129,-0.038,100.76,50.76,0.15,97,47,-0.367,107.34,57.34,58,0.867,0.809,0.485,0.474,0.118,0.108,0.328,0.227,0.333,0.252,0.082,0.103
2026,AAA,R,681324,"Martinez, Chazz",L,,211,0.677,86.46,36.46,0.151,96.98,46.98,0.399,92.02,42.02,34,0.811,0.722,0.452,0.474,0.099,0.119,0.329,0.25,0.284,0.278,0.121,0.089
2026,A,R,695425,"Warrecker, Bryce",R,,100,1.194,76.12,26.12,0.152,96.96,46.96,1.09,78.2,28.2,69,0.744,0.86,0.37,0.454,0.076,0.091,0.336,0.2,0.319,0.237,0.092,0.103
2026,AAA,R,690916,"Fitts, Richard",R,,154,0.302,93.96,43.96,0.152,96.96,46.96,0.403,91.94,41.94,40,0.821,0.744,0.484,0.48,0.128,0.123,0.375,0.256,0.282,0.237,0.114,0.117
2026,MLB,R,681343,"Smith, Shane",R,,224,0.438,91.24,41.24,0.153,96.94,46.94,0.363,92.74,42.74,24,0.73,0.677,0.487,0.479,0.129,0.135,0.38,0.286,0.359,0.305,0.079,0.08
2026,A,R,810920,"Murray, Jake",L,,189,1.41,71.8,21.8,0.153,96.94,46.94,1.334,73.32,23.32,64,0.811,0.838,0.439,0.478,0.107,0.126,0.353,0.263,0.255,0.21,0.144,0.13
2026,MLB,R,667463,"King, John",L,,228,0.335,93.3,43.3,0.154,96.92,46.92,0.196,96.08,46.08,7,0.624,0.566,0.48,0.469,0.13,0.124,0.358,0.265,0.406,0.36,0.05,0.053
2026,MLB,R,679358,"Orze, Eric",R,,315,0.144,97.12,47.12,0.155,96.9,46.9,0.145,97.1,47.1,20,0.754,0.655,0.492,0.492,0.146,0.166,0.407,0.335,0.314,0.279,0.105,0.09
2026,AAA,R,621139,"Kriske, Brooks",R,,253,0.886,82.28,32.28,0.155,96.9,46.9,0.875,82.5,32.5,58,0.666,0.809,0.459,0.501,0.158,0.15,0.443,0.297,0.33,0.252,0.083,0.104
2026,A,R,701320,"Hill, Camron",L,,129,1.335,73.3,23.3,0.156,96.88,46.88,0.978,80.44,30.44,81,0.63,0.921,0.432,0.484,0.119,0.112,0.333,0.232,0.248,0.175,0.125,0.145
2026,MLB,R,605135,"Bassitt, Chris",R,,703,0.185,96.3,46.3,0.156,96.88,46.88,-0.03,100.6,50.6,36,0.781,0.728,0.468,0.452,0.107,0.097,0.319,0.213,0.305,0.273,0.09,0.082
2026,MLB,R,665871,"Assad, Javier",R,,378,-0.239,104.78,54.78,0.157,96.86,46.86,-0.198,103.96,53.96,21,0.734,0.664,0.458,0.45,0.098,0.097,0.331,0.215,0.333,0.284,0.084,0.09
2026,A,R,807993,"Carreno, Nicolas",L,,330,0.966,80.68,30.68,0.158,96.84,46.84,0.857,82.86,32.86,47,0.692,0.769,0.432,0.48,0.119,0.136,0.41,0.284,0.283,0.219,0.117,0.117
2026,AAA,R,696131,"Black, Mason",R,,240,0.297,94.06,44.06,0.16,96.8,46.8,-0.115,102.3,52.3,53,0.984,0.789,0.521,0.45,0.107,0.118,0.276,0.265,0.253,0.24,0.128,0.101
2026,MLB,R,621121,"McCullers Jr., Lance",R,,695,0.147,97.06,47.06,0.16,96.8,46.8,0.128,97.44,47.44,24,0.653,0.679,0.424,0.456,0.103,0.104,0.377,0.228,0.332,0.264,0.078,0.091
2026,AAA,R,695534,"Petty, Chase",R,,426,0.177,96.46,46.46,0.16,96.8,46.8,0.073,98.54,48.54,37,0.736,0.732,0.479,0.481,0.122,0.131,0.362,0.271,0.313,0.269,0.101,0.097
2026,AAA,R,813766,"Hales, Skylar",R,,264,0.561,88.78,38.78,0.161,96.78,46.78,0.559,88.82,38.82,25,0.81,0.684,0.474,0.468,0.105,0.123,0.333,0.263,0.311,0.254,0.087,0.092
2026,MLB,R,622088,"Antone, Tejay",R,,69,0.007,99.86,49.86,0.162,96.76,46.76,-0.269,105.38,55.38,30,0.832,0.706,0.499,0.458,0.131,0.137,0.396,0.302,0.304,0.245,0.082,0.105
2026,AAA,R,701121,"VanWey, Logan",R,,234,0.743,85.14,35.14,0.162,96.76,46.76,0.419,91.62,41.62,79,0.969,0.907,0.484,0.483,0.107,0.117,0.294,0.242,0.234,0.194,0.138,0.137
2026,AAA,R,681343,"Smith, Shane",R,,263,1.551,68.98,18.98,0.164,96.72,46.72,1.478,70.44,20.44,52,0.778,0.785,0.435,0.479,0.117,0.138,0.407,0.293,0.348,0.243,0.081,0.1
2026,MLB,R,669199,"Bachar, Lake",R,,316,0.337,93.26,43.26,0.165,96.7,46.7,0.351,92.98,42.98,35,0.683,0.724,0.464,0.486,0.15,0.156,0.44,0.32,0.301,0.218,0.109,0.129
2026,AAA,R,669704,"Strowd, Kade",R,,255,0.149,97.02,47.02,0.165,96.7,46.7,0.093,98.14,48.14,24,0.617,0.679,0.469,0.477,0.125,0.116,0.349,0.246,0.358,0.302,0.074,0.075
2026,A,R,826150,"Pengelly, Dayne",R,,219,1.208,75.84,25.84,0.168,96.64,46.64,1.078,78.44,28.44,23,0.617,0.674,0.368,0.401,0.094,0.119,0.365,0.298,0.272,0.183,0.112,0.144
2026,A,R,700292,"Rojas, Yondrei",R,,12,0.106,97.88,47.88,0.168,96.64,46.64,-0.362,107.24,57.24,76,0.853,0.895,0.491,0.493,0.161,0.134,0.403,0.273,0.296,0.203,0.116,0.132
2026,MLB,R,694297,"Pfaadt, Brandon",R,,511,0.291,94.18,44.18,0.169,96.62,46.62,0.12,97.6,47.6,43,0.726,0.754,0.479,0.465,0.123,0.114,0.368,0.247,0.34,0.265,0.076,0.094
2026,MLB,R,694335,"Svanson, Matt",R,,393,0.508,89.84,39.84,0.17,96.6,46.6,0.325,93.5,43.5,26,0.728,0.689,0.463,0.454,0.094,0.101,0.339,0.221,0.343,0.281,0.081,0.084
2026,MLB,R,669330,"Wells, Tyler",R,,311,-0.131,102.62,52.62,0.17,96.6,46.6,-0.193,103.86,53.86,82,1.06,0.926,0.524,0.499,0.127,0.121,0.329,0.241,0.27,0.206,0.134,0.157
2026,AAA,R,687288,"Harrison, Devereaux",R,,293,0.287,94.26,44.26,0.17,96.6,46.6,0.22,95.6,45.6,54,0.796,0.797,0.422,0.465,0.099,0.112,0.365,0.239,0.259,0.197,0.125,0.148
2026,AAA,R,690462,"Castro, Ricky",R,,111,0.415,91.7,41.7,0.171,96.58,46.58,0.126,97.48,47.48,71,0.913,0.871,0.491,0.493,0.123,0.133,0.345,0.27,0.254,0.204,0.122,0.133
2026,MLB,R,605540,"Woodruff, Brandon",R,,413,0.205,95.9,45.9,0.173,96.54,46.54,-0.036,100.72,50.72,79,1.055,0.908,0.49,0.472,0.106,0.105,0.299,0.221,0.243,0.197,0.126,0.141
2026,MLB,R,571510,"Boyd, Matthew",L,,429,-0.35,107,57,0.173,96.54,46.54,-0.715,114.3,64.3,70,0.834,0.863,0.516,0.485,0.151,0.127,0.381,0.261,0.251,0.211,0.132,0.119
2026,AAA,R,676046,"McGarry, Griff",R,,247,1.276,74.48,24.48,0.173,96.54,46.54,1.347,73.06,23.06,28,0.586,0.699,0.384,0.468,0.112,0.146,0.429,0.316,0.296,0.212,0.12,0.13
2026,AAA,R,676568,"Vanasco, Ricky",R,,206,-0.183,103.66,53.66,0.175,96.5,46.5,-0.417,108.34,58.34,39,0.727,0.738,0.448,0.466,0.107,0.13,0.317,0.283,0.33,0.283,0.092,0.083
2026,AAA,R,701552,"Granillo, Andre",R,,164,0.526,89.48,39.48,0.175,96.5,46.5,0.504,89.92,39.92,84,0.869,0.931,0.428,0.461,0.111,0.106,0.395,0.229,0.236,0.161,0.151,0.171
2026,AAA,R,671382,"Foster, Cameron",R,,161,2.052,58.96,8.96,0.177,96.46,46.46,1.801,63.98,13.98,76,0.897,0.895,0.465,0.494,0.105,0.123,0.403,0.251,0.301,0.208,0.117,0.126
2026,A,R,808274,"Mijares, Elwis",R,,200,0.803,83.94,33.94,0.178,96.44,46.44,0.734,85.32,35.32,33,0.818,0.718,0.435,0.467,0.094,0.118,0.345,0.253,0.296,0.241,0.113,0.107
2026,MLB,R,663558,"Moran, Jovani",L,,363,0.428,91.44,41.44,0.178,96.44,46.44,0.339,93.22,43.22,50,0.792,0.779,0.467,0.485,0.126,0.129,0.367,0.265,0.303,0.253,0.098,0.106
2026,AAA,R,678868,"Yean, Eddy",R,,251,-0.015,100.3,50.3,0.178,96.44,46.44,-0.245,104.9,54.9,18,0.797,0.649,0.515,0.474,0.104,0.109,0.316,0.231,0.4,0.355,0.062,0.059
2026,MLB,R,687064,"Young, Brandon",R,,430,-0.081,101.62,51.62,0.182,96.36,46.36,-0.277,105.54,55.54,64,0.89,0.837,0.515,0.481,0.13,0.115,0.333,0.239,0.268,0.225,0.121,0.123
2026,AAA,R,675989,"Bolton, Cody",R,,19,-0.697,113.94,63.94,0.183,96.34,46.34,-0.921,118.42,68.42,57,0.512,0.807,0.451,0.482,0.097,0.105,0.285,0.219,0.256,0.242,0.124,0.107
2026,AAA,R,693308,"Frasso, Nick",R,,151,0.132,97.36,47.36,0.184,96.32,46.32,-0.019,100.38,50.38,56,0.856,0.804,0.516,0.481,0.135,0.125,0.338,0.259,0.27,0.244,0.114,0.099
2026,MLB,R,661563,"Gil, Luis",R,,335,0.68,86.4,36.4,0.184,96.32,46.32,0.676,86.48,36.48,49,0.665,0.777,0.439,0.482,0.118,0.123,0.397,0.254,0.305,0.228,0.113,0.125
2026,AAA,R,690928,"Dobbins, Hunter",R,,374,0.128,97.44,47.44,0.186,96.28,46.28,-0.148,102.96,52.96,37,0.802,0.733,0.477,0.466,0.108,0.103,0.322,0.222,0.306,0.249,0.094,0.11
2026,MLB,R,680732,"Burke, Sean",R,,697,-0.039,100.78,50.78,0.186,96.28,46.28,-0.348,106.96,56.96,65,0.972,0.842,0.512,0.468,0.116,0.121,0.285,0.262,0.243,0.212,0.127,0.127
2026,AAA,R,805345,"Harris, Trent",R,,160,-0.093,101.86,51.86,0.186,96.28,46.28,-0.065,101.3,51.3,3,0.621,0.519,0.472,0.421,0.121,0.13,0.345,0.323,0.306,0.274,0.102,0.1
2026,A,R,823994,"Baker, Trace",R,,64,0.572,88.56,38.56,0.186,96.28,46.28,0.579,88.42,38.42,79,0.762,0.907,0.391,0.46,0.108,0.124,0.399,0.268,0.304,0.171,0.083,0.143
2026,MLB,R,656638,"Lange, Alex",R,,357,0.04,99.2,49.2,0.186,96.28,46.28,0.094,98.12,48.12,12,0.652,0.607,0.48,0.477,0.132,0.141,0.377,0.296,0.398,0.343,0.063,0.061
2026,AAA,R,801594,"Gallagher, Ryan",R,,229,1.072,78.56,28.56,0.186,96.28,46.28,0.488,90.24,40.24,82,1.032,0.923,0.462,0.466,0.111,0.118,0.37,0.255,0.252,0.197,0.13,0.136
2026,AAA,R,687473,"Gusto, Ryan",R,,396,0.323,93.54,43.54,0.188,96.24,46.24,0.054,98.92,48.92,46,0.873,0.766,0.499,0.473,0.101,0.107,0.278,0.227,0.284,0.256,0.104,0.102
2026,A,R,683087,"Charles, Joe",R,,40,3.385,32.3,-17.7,0.188,96.24,46.24,3.229,35.42,-14.58,75,0.512,0.89,0.296,0.474,0.071,0.119,0.381,0.25,0.251,0.155,0.156,0.18
2026,MLB,R,656288,"Canning, Griffin",R,,155,0.206,95.88,45.88,0.188,96.24,46.24,0.276,94.48,44.48,11,0.48,0.594,0.422,0.467,0.15,0.147,0.441,0.313,0.385,0.335,0.085,0.078
2026,AAA,R,681810,"Warren, Austin",R,,86,-0.513,110.26,60.26,0.189,96.22,46.22,-0.793,115.86,65.86,7,0.788,0.562,0.48,0.414,0.12,0.123,0.316,0.301,0.313,0.274,0.076,0.081
2026,A,R,703752,"Seay, Parker",L,,218,1.019,79.62,29.62,0.189,96.22,46.22,0.792,84.16,34.16,92,0.918,1.022,0.434,0.468,0.093,0.107,0.317,0.227,0.207,0.14,0.17,0.194
2026,A,R,665896,"Marte, Jose",R,,25,1.764,64.72,14.72,0.189,96.22,46.22,1.587,68.26,18.26,80,0.582,0.913,0.349,0.477,0.109,0.118,0.416,0.246,0.351,0.203,0.075,0.139
2026,AAA,R,665645,"Castro, Kervin",R,,207,0.306,93.88,43.88,0.191,96.18,46.18,0.099,98.02,48.02,19,0.811,0.651,0.5,0.462,0.094,0.099,0.313,0.217,0.295,0.26,0.105,0.101
2026,AAA,R,663568,"Kolek, Stephen",R,,268,0.182,96.36,46.36,0.195,96.1,46.1,-0.117,102.34,52.34,39,0.834,0.74,0.501,0.469,0.113,0.111,0.312,0.236,0.334,0.286,0.082,0.08
2026,MLB,R,681916,"Smith, Dylan",R,,9,3.111,37.78,-12.22,0.195,96.1,46.1,3.644,27.12,-22.88,81,0.681,0.921,0.332,0.512,0.103,0.134,0.471,0.26,0.283,0.187,0.125,0.163
2026,MLB,R,690928,"Dobbins, Hunter",R,,79,0.941,81.18,31.18,0.196,96.08,46.08,0.847,83.06,33.06,35,0.595,0.726,0.411,0.483,0.11,0.111,0.416,0.229,0.345,0.265,0.082,0.102
2026,A,R,823781,"Youngerman, Sean",R,,264,0.709,85.82,35.82,0.196,96.08,46.08,0.565,88.7,38.7,90,0.941,0.993,0.46,0.506,0.116,0.125,0.375,0.246,0.256,0.188,0.138,0.155
2026,MLB,R,681293,"Arrighetti, Spencer",R,,471,0.393,92.14,42.14,0.196,96.08,46.08,0.376,92.48,42.48,23,0.685,0.676,0.435,0.427,0.125,0.125,0.39,0.296,0.275,0.216,0.12,0.126
2026,AAA,R,663681,"Bayless, Jarod",R,,98,1.261,74.78,24.78,0.198,96.04,46.04,0.625,87.5,37.5,78,0.983,0.904,0.492,0.466,0.089,0.099,0.282,0.213,0.254,0.23,0.136,0.108
2026,AAA,R,679883,"Avila, Luinder",R,,130,1.085,78.3,28.3,0.199,96.02,46.02,1.055,78.9,28.9,14,0.549,0.619,0.399,0.465,0.1,0.112,0.389,0.242,0.396,0.324,0.065,0.07
2026,AAA,R,806960,"Morales, Luis",R,,313,0.67,86.6,36.6,0.2,96,46,0.522,89.56,39.56,51,0.751,0.783,0.427,0.483,0.091,0.104,0.338,0.216,0.326,0.259,0.095,0.106
2026,MLB,R,669372,"Ginn, J.T.",R,,664,-0.156,103.12,53.12,0.2,96,46,-0.192,103.84,53.84,5,0.584,0.535,0.47,0.442,0.114,0.117,0.368,0.265,0.43,0.379,0.051,0.051
2026,AAA,R,687223,"Palmquist, Carson",L,,334,0.696,86.08,36.08,0.201,95.98,45.98,0.298,94.04,44.04,31,0.829,0.709,0.46,0.43,0.103,0.107,0.334,0.25,0.266,0.204,0.122,0.131
2026,AAA,R,694363,"Shuster, Jared",L,,104,-0.559,111.18,61.18,0.201,95.98,45.98,-0.761,115.22,65.22,37,0.746,0.732,0.546,0.487,0.154,0.129,0.388,0.265,0.327,0.293,0.085,0.081
2026,MLB,R,700712,"Urena, Walbert",R,,235,-0.036,100.72,50.72,0.203,95.94,45.94,-0.047,100.94,50.94,9,0.411,0.582,0.465,0.477,0.161,0.127,0.431,0.264,0.43,0.346,0.052,0.066
2026,MLB,R,665645,"Castro, Kervin",R,,29,-0.855,117.1,67.1,0.205,95.9,45.9,-1.29,125.8,75.8,42,0.684,0.749,0.487,0.471,0.103,0.082,0.299,0.173,0.282,0.271,0.115,0.089
2026,MLB,R,666808,"Doval, Camilo",R,,262,-0.489,109.78,59.78,0.206,95.88,45.88,-0.585,111.7,61.7,1,0.465,0.478,0.451,0.454,0.117,0.121,0.382,0.269,0.453,0.357,0.042,0.059
2026,MLB,R,805326,"Schweitzer, Tyler",L,,55,0.466,90.68,40.68,0.207,95.86,45.86,0.511,89.78,39.78,33,0.855,0.717,0.527,0.497,0.142,0.139,0.403,0.28,0.321,0.268,0.1,0.098
2026,A,R,814343,"Flatt, Danny",R,,333,0.04,99.2,49.2,0.207,95.86,45.86,-0.275,105.5,55.5,85,0.958,0.939,0.497,0.492,0.113,0.111,0.328,0.224,0.23,0.18,0.142,0.149
2026,AAA,R,677020,"Walker, Josh",L,,154,-0.769,115.38,65.38,0.207,95.86,45.86,-0.997,119.94,69.94,65,0.709,0.841,0.476,0.477,0.115,0.118,0.356,0.246,0.292,0.241,0.106,0.109
2026,AAA,R,682989,"Mederos, Victor",R,,357,2.091,58.18,8.18,0.208,95.84,45.84,1.966,60.68,10.68,36,0.607,0.729,0.358,0.473,0.087,0.115,0.463,0.241,0.374,0.257,0.097,0.102
2026,MLB,R,642547,"Peralta, Freddy",R,,838,-0.123,102.46,52.46,0.208,95.84,45.84,-0.3,106,56,41,0.812,0.747,0.478,0.455,0.138,0.132,0.378,0.291,0.264,0.205,0.12,0.141
2026,A,R,806927,"De La Cruz, Luis",R,,357,1.188,76.24,26.24,0.209,95.82,45.82,0.894,82.12,32.12,59,0.764,0.814,0.42,0.461,0.099,0.108,0.368,0.233,0.298,0.223,0.098,0.108
2026,MLB,R,664141,"Brubaker, JT",R,,337,0.223,95.54,45.54,0.209,95.82,45.82,-0.006,100.12,50.12,20,0.63,0.658,0.45,0.448,0.116,0.106,0.357,0.234,0.376,0.306,0.067,0.071
2026,A,R,680702,"Gerber, Joey",R,,11,0.84,83.2,33.2,0.209,95.82,45.82,0.523,89.54,39.54,83,1.362,0.928,0.503,0.496,0.086,0.116,0.331,0.234,0.23,0.161,0.131,0.165
2026,AAA,R,687064,"Young, Brandon",R,,220,-0.233,104.66,54.66,0.211,95.78,45.78,-0.691,113.82,63.82,57,0.814,0.808,0.512,0.482,0.137,0.118,0.362,0.246,0.302,0.246,0.1,0.11
2026,A,R,804981,"Quick, Riley",R,,117,0.191,96.18,46.18,0.212,95.76,45.76,-0.06,101.2,51.2,18,0.704,0.648,0.462,0.463,0.116,0.127,0.35,0.275,0.371,0.306,0.067,0.071
2026,AAA,R,694820,"Roxby, Braxton",R,,184,3.3,34,-16,0.213,95.74,45.74,3.174,36.52,-13.48,37,0.643,0.733,0.359,0.454,0.076,0.104,0.433,0.229,0.389,0.27,0.072,0.087
2026,AAA,R,656457,"Gilbert, Tyler",L,,278,0.311,93.78,43.78,0.213,95.74,45.74,-0.117,102.34,52.34,51,0.87,0.782,0.459,0.451,0.086,0.09,0.305,0.202,0.319,0.248,0.076,0.097
2026,A,R,683332,"Boudreau, Tyler",R,,383,0.66,86.8,36.8,0.214,95.72,45.72,0.361,92.78,42.78,88,0.854,0.968,0.464,0.475,0.126,0.118,0.364,0.246,0.249,0.178,0.147,0.158
2026,MLB,R,669438,"Englert, Mason",R,,258,-0.226,104.52,54.52,0.216,95.68,45.68,-0.521,110.42,60.42,32,0.816,0.715,0.505,0.466,0.123,0.119,0.321,0.253,0.319,0.276,0.086,0.088
2026,A,R,828616,"Nedrow, Jack",R,,69,0.212,95.76,45.76,0.216,95.68,45.68,-0.026,100.52,50.52,97,1.3,1.204,0.522,0.502,0.109,0.11,0.332,0.219,0.207,0.125,0.183,0.229
2026,AAA,R,606160,"Montero, Rafael",R,,117,-0.752,115.04,65.04,0.217,95.66,45.66,-0.808,116.16,66.16,27,0.753,0.694,0.544,0.478,0.145,0.123,0.349,0.258,0.333,0.293,0.094,0.089
2026,AAA,R,687562,"Bennett, Jake",L,,210,0.021,99.58,49.58,0.217,95.66,45.66,-0.168,103.36,53.36,15,0.58,0.632,0.473,0.434,0.115,0.112,0.356,0.262,0.357,0.303,0.078,0.079
2026,AAA,R,621074,"Rucker, Michael",R,,187,0.106,97.88,47.88,0.222,95.56,45.56,-0.023,100.46,50.46,24,0.644,0.677,0.427,0.464,0.12,0.128,0.454,0.281,0.368,0.281,0.073,0.081
2026,MLB,R,606303,"Payamps, Joel",R,,151,0.025,99.5,49.5,0.222,95.56,45.56,-0.136,102.72,52.72,55,0.851,0.802,0.482,0.464,0.128,0.122,0.383,0.263,0.239,0.196,0.13,0.131
2026,AAA,R,691947,"Kopp, Ronan",L,,291,0.656,86.88,36.88,0.222,95.56,45.56,0.785,84.3,34.3,7,0.521,0.56,0.438,0.49,0.126,0.137,0.408,0.274,0.373,0.264,0.065,0.095
2026,MLB,R,680730,"Parker, Mitchell",L,,310,0.35,93,43,0.224,95.52,45.52,-0.02,100.4,50.4,36,0.805,0.728,0.495,0.474,0.128,0.136,0.347,0.288,0.269,0.221,0.106,0.112
2026,A,R,804852,"Grinsell, Grayson",L,,386,0.745,85.1,35.1,0.226,95.48,45.48,0.629,87.42,37.42,81,0.761,0.916,0.397,0.455,0.107,0.116,0.38,0.255,0.256,0.185,0.13,0.162
2026,A,R,807636,"Scheffler, Dominic",L,,56,1.055,78.9,28.9,0.226,95.48,45.48,0.695,86.1,36.1,36,0.892,0.73,0.512,0.458,0.1,0.096,0.334,0.21,0.287,0.241,0.095,0.102
2026,AAA,R,472610,"Garcia, Luis",R,,19,-0.756,115.12,65.12,0.226,95.48,45.48,-0.77,115.4,65.4,44,0.8,0.755,0.425,0.48,0.08,0.09,0.275,0.188,0.337,0.295,0.068,0.081
2026,MLB,R,664074,"Ponce, Cody",R,,47,0.801,83.98,33.98,0.226,95.48,45.48,0.66,86.8,36.8,48,0.376,0.772,0.426,0.505,0.199,0.164,0.609,0.327,0.389,0.246,0.078,0.108
2026,A,R,693732,"Jimenez, Estibenzon",R,,32,0.135,97.3,47.3,0.23,95.4,45.4,-0.021,100.42,50.42,78,0.655,0.903,0.426,0.469,0.144,0.134,0.463,0.286,0.264,0.17,0.145,0.167
2026,MLB,R,694346,"Gibson, Trey",R,,117,-0.126,102.52,52.52,0.23,95.4,45.4,-0.239,104.78,54.78,13,0.754,0.612,0.505,0.454,0.123,0.142,0.315,0.318,0.361,0.316,0.057,0.062
2026,MLB,R,669467,"Pallante, Andre",R,,726,0.286,94.28,44.28,0.232,95.36,45.36,0.147,97.06,47.06,17,0.678,0.646,0.462,0.46,0.1,0.1,0.341,0.221,0.365,0.322,0.068,0.068
2026,MLB,R,657424,"Gage, Matt",L,,289,0.28,94.4,44.4,0.233,95.34,45.34,0.233,95.34,45.34,53,0.677,0.792,0.487,0.508,0.153,0.136,0.424,0.265,0.308,0.241,0.105,0.115
2026,AAA,R,676454,"Cellucci, Brendan",L,,208,0.226,95.48,45.48,0.233,95.34,45.34,0.293,94.14,44.14,11,0.518,0.598,0.454,0.444,0.124,0.12,0.405,0.283,0.392,0.314,0.061,0.077
2026,AAA,R,671936,"Macko, Adam",L,,249,0.356,92.88,42.88,0.233,95.34,45.34,0.102,97.96,47.96,48,0.727,0.771,0.488,0.485,0.126,0.127,0.362,0.263,0.281,0.235,0.108,0.111
2026,MLB,R,641401,"Brogdon, Connor",R,,264,0.154,96.92,46.92,0.233,95.34,45.34,0.059,98.82,48.82,83,0.789,0.93,0.464,0.486,0.137,0.125,0.416,0.256,0.245,0.178,0.135,0.147
2026,A,R,807968,"Matoma, David",R,,210,2.144,57.12,7.12,0.234,95.32,45.32,2.073,58.54,8.54,26,0.593,0.688,0.39,0.465,0.1,0.112,0.392,0.239,0.293,0.244,0.123,0.106
2026,MLB,R,684007,"Imanaga, Shota",L,,841,-0.08,101.6,51.6,0.235,95.3,45.3,-0.31,106.2,56.2,67,0.723,0.847,0.473,0.483,0.136,0.13,0.375,0.268,0.279,0.219,0.125,0.133
2026,AAA,R,681871,"Villalobos, Eli",R,,239,1.431,71.38,21.38,0.235,95.3,45.3,1.16,76.8,26.8,73,0.785,0.883,0.452,0.499,0.119,0.131,0.402,0.263,0.31,0.225,0.107,0.121
2026,AAA,R,678226,"Hernandez, Daysbel",R,,196,0.656,86.88,36.88,0.235,95.3,45.3,0.286,94.28,44.28,76,0.798,0.893,0.483,0.494,0.142,0.13,0.382,0.263,0.307,0.238,0.096,0.093
2026,MLB,R,676760,"Marinaccio, Ron",R,,392,-0.001,100.02,50.02,0.236,95.28,45.28,-0.292,105.84,55.84,57,0.819,0.807,0.492,0.46,0.133,0.117,0.383,0.254,0.279,0.221,0.122,0.121
2026,A,R,668716,"Murdock, Noah",R,,73,0.19,96.2,46.2,0.236,95.28,45.28,-0.352,107.04,57.04,50,0.926,0.78,0.532,0.458,0.097,0.091,0.278,0.198,0.333,0.263,0.088,0.091
2026,AAA,R,673513,"Matsui, Yuki",L,,222,0.249,95.02,45.02,0.237,95.26,45.26,0.126,97.48,47.48,55,0.812,0.798,0.466,0.502,0.126,0.128,0.402,0.251,0.327,0.257,0.081,0.106
2026,AAA,R,605441,"Rios, Yacksel",R,,122,0.608,87.84,37.84,0.237,95.26,45.26,0.595,88.1,38.1,62,0.778,0.831,0.461,0.499,0.114,0.124,0.35,0.249,0.244,0.209,0.136,0.129
2026,MLB,R,675660,"Drohan, Shane",L,,281,-0.332,106.64,56.64,0.237,95.26,45.26,-0.51,110.2,60.2,47,0.739,0.769,0.489,0.467,0.119,0.115,0.326,0.245,0.308,0.252,0.097,0.096
2026,AAA,R,694494,"Johnson, Ty",R,,133,0.705,85.9,35.9,0.238,95.24,45.24,0.322,93.56,43.56,92,1.078,1.015,0.53,0.497,0.125,0.133,0.344,0.266,0.243,0.172,0.15,0.151
2026,AAA,R,642759,"Fernandez, Julian",R,,148,0.337,93.26,43.26,0.238,95.24,45.24,0.185,96.3,46.3,40,0.871,0.741,0.481,0.469,0.111,0.125,0.324,0.267,0.273,0.216,0.127,0.133
2026,AAA,R,815148,"German, Nestor",R,,559,0.555,88.9,38.9,0.239,95.22,45.22,0.263,94.74,44.74,78,0.913,0.903,0.459,0.477,0.112,0.119,0.345,0.246,0.272,0.204,0.113,0.136
2026,AAA,R,691196,"Hejka, Josh",R,,70,1.531,69.38,19.38,0.239,95.22,45.22,1.146,77.08,27.08,52,0.833,0.785,0.482,0.494,0.084,0.092,0.318,0.186,0.301,0.275,0.103,0.081
2026,AAA,R,657265,"Strzelecki, Peter",R,,287,0.364,92.72,42.72,0.24,95.2,45.2,0.027,99.46,49.46,20,0.663,0.658,0.447,0.441,0.1,0.093,0.334,0.212,0.357,0.312,0.074,0.067
2026,MLB,R,472610,"Garcia, Luis",R,,241,0.226,95.48,45.48,0.241,95.18,45.18,0.082,98.36,48.36,35,0.679,0.725,0.444,0.48,0.108,0.112,0.385,0.233,0.365,0.293,0.073,0.086
2026,A,R,621244,"Berrios, Jose",R,,102,0.076,98.48,48.48,0.244,95.12,45.12,-0.306,106.12,56.12,64,0.881,0.837,0.507,0.467,0.139,0.116,0.338,0.248,0.301,0.244,0.09,0.095
2026,AAA,R,687134,"Blalock, Bradley",R,,513,-0.011,100.22,50.22,0.244,95.12,45.12,0.074,98.52,48.52,23,0.706,0.675,0.456,0.477,0.113,0.123,0.37,0.259,0.32,0.262,0.087,0.101
2026,A,R,803252,"Mota, Eliseo",R,,281,0.942,81.16,31.16,0.246,95.08,45.08,0.617,87.66,37.66,65,0.794,0.839,0.431,0.466,0.094,0.112,0.353,0.239,0.293,0.209,0.103,0.128
2026,MLB,R,657756,"Seabold, Connor",R,,200,0.022,99.56,49.56,0.248,95.04,45.04,-0.442,108.84,58.84,72,0.802,0.874,0.482,0.483,0.133,0.121,0.363,0.251,0.265,0.204,0.123,0.126
2026,AAA,R,664076,"Cleavinger, Garrett",L,,92,0.794,84.12,34.12,0.248,95.04,45.04,0.796,84.08,34.08,45,0.608,0.762,0.424,0.473,0.127,0.135,0.388,0.284,0.316,0.244,0.087,0.098
2026,AAA,R,687841,"Magno, Andrew",L,,230,0.959,80.82,30.82,0.248,95.04,45.04,0.61,87.8,37.8,62,0.644,0.831,0.426,0.48,0.112,0.105,0.399,0.217,0.305,0.225,0.092,0.106
2026,MLB,R,670950,"Richards, Trevor",R,,91,0.034,99.32,49.32,0.249,95.02,45.02,-0.326,106.52,56.52,66,1.118,0.845,0.497,0.446,0.106,0.114,0.293,0.254,0.207,0.168,0.151,0.158
2026,AAA,R,665152,"Kremer, Dean",R,,135,0.458,90.84,40.84,0.249,95.02,45.02,0.036,99.28,49.28,80,0.961,0.913,0.492,0.476,0.11,0.112,0.337,0.235,0.238,0.198,0.13,0.136
2026,AAA,R,701474,"Davitt, Duncan",R,,323,0.446,91.08,41.08,0.249,95.02,45.02,0.472,90.56,40.56,31,0.838,0.708,0.484,0.465,0.127,0.148,0.363,0.322,0.265,0.219,0.131,0.136
2026,A,R,687074,"Owens, Tyler",R,,85,0.453,90.94,40.94,0.25,95,45,0.143,97.14,47.14,32,0.723,0.715,0.484,0.494,0.127,0.133,0.403,0.269,0.361,0.274,0.076,0.09
2026,MLB,R,686799,"Kochanowicz, Jack",R,,742,0.248,95.04,45.04,0.251,94.98,44.98,0.161,96.78,46.78,16,0.592,0.636,0.458,0.486,0.108,0.115,0.357,0.239,0.43,0.364,0.055,0.06
2026,AAA,R,800550,"Cienfuegos, Miguel",L,,294,0.956,80.88,30.88,0.253,94.94,44.94,0.697,86.06,36.06,39,0.674,0.738,0.445,0.485,0.108,0.126,0.376,0.262,0.384,0.303,0.063,0.07
2026,A,R,808547,"Benitez, Keyner",L,,306,0.539,89.22,39.22,0.253,94.94,44.94,0.203,95.94,45.94,17,0.645,0.641,0.461,0.446,0.135,0.131,0.414,0.29,0.3,0.269,0.117,0.101
2026,AAA,R,693313,"Seymour, Carson",R,,484,0.248,95.04,45.04,0.254,94.92,44.92,0.018,99.64,49.64,12,0.696,0.611,0.454,0.464,0.093,0.115,0.311,0.257,0.383,0.333,0.071,0.064
2026,MLB,R,688297,"Roycroft, Chris",R,,96,0.854,82.92,32.92,0.255,94.9,44.9,0.555,88.9,38.9,17,0.614,0.645,0.454,0.459,0.107,0.091,0.351,0.198,0.412,0.357,0.054,0.053
2026,AAA,R,806258,"White, Thomas",L,,227,0.555,88.9,38.9,0.255,94.9,44.9,0.502,89.96,39.96,10,0.568,0.591,0.43,0.469,0.117,0.147,0.399,0.318,0.322,0.263,0.094,0.088
2026,AAA,R,674285,"Salazar, Eduardo",R,,114,1.989,60.22,10.22,0.256,94.88,44.88,1.81,63.8,13.8,22,0.861,0.673,0.416,0.464,0.076,0.127,0.337,0.278,0.348,0.314,0.092,0.068
2026,AAA,R,663878,"Pearson, Nate",R,,106,0.578,88.44,38.44,0.256,94.88,44.88,0.374,92.52,42.52,50,0.903,0.781,0.529,0.487,0.117,0.128,0.315,0.261,0.317,0.264,0.091,0.095
2026,MLB,R,621107,"Eflin, Zach",R,,74,0.082,98.36,48.36,0.256,94.88,44.88,-0.369,107.38,57.38,62,0.647,0.83,0.512,0.493,0.14,0.108,0.399,0.217,0.375,0.301,0.064,0.074
2026,AAA,R,702047,"Cook, Alex",R,,175,0.774,84.52,34.52,0.257,94.86,44.86,0.484,90.32,40.32,77,1.05,0.899,0.506,0.494,0.116,0.125,0.344,0.253,0.257,0.201,0.123,0.133
2026,AAA,R,700712,"Urena, Walbert",R,,156,-0.743,114.86,64.86,0.258,94.84,44.84,-0.837,116.74,66.74,6,0.435,0.555,0.488,0.471,0.133,0.105,0.376,0.222,0.456,0.383,0.048,0.052
2026,MLB,R,660787,"De los Santos, Yerry",R,,98,0.164,96.72,46.72,0.258,94.84,44.84,-0.22,104.4,54.4,33,0.973,0.717,0.488,0.473,0.082,0.098,0.268,0.2,0.377,0.345,0.057,0.053
2026,MLB,R,669212,"Morgan, Eli",R,,166,0.632,87.36,37.36,0.259,94.82,44.82,0.432,91.36,41.36,83,0.98,0.929,0.478,0.503,0.118,0.122,0.32,0.24,0.217,0.192,0.16,0.14
2026,A,R,702098,"Facundo, Allen",L,,237,1.088,78.24,28.24,0.26,94.8,44.8,0.881,82.38,32.38,53,0.656,0.79,0.419,0.491,0.105,0.127,0.357,0.263,0.317,0.243,0.092,0.101
2026,AAA,R,701719,"Samaniego, Tyler",L,,86,0.592,88.16,38.16,0.262,94.76,44.76,0.468,90.64,40.64,43,0.669,0.752,0.451,0.48,0.092,0.106,0.311,0.221,0.358,0.281,0.069,0.086
2026,MLB,R,621111,"Buehler, Walker",R,,632,0.38,92.4,42.4,0.263,94.74,44.74,0.173,96.54,46.54,49,0.772,0.777,0.448,0.468,0.105,0.111,0.346,0.237,0.299,0.246,0.095,0.1
2026,AAA,R,641585,"France, J.P.",R,,228,0.833,83.34,33.34,0.263,94.74,44.74,0.612,87.76,37.76,70,1.022,0.866,0.493,0.472,0.108,0.119,0.314,0.256,0.25,0.228,0.128,0.114
2026,AAA,R,808970,"Go, Woo-Suk",R,,102,1.479,70.42,20.42,0.263,94.74,44.74,1.303,73.94,23.94,50,0.886,0.781,0.418,0.462,0.096,0.119,0.33,0.257,0.306,0.25,0.092,0.101
2026,A,R,801563,"Smith, Austin",L,,104,1.035,79.3,29.3,0.264,94.72,44.72,1.024,79.52,29.52,67,0.698,0.847,0.368,0.442,0.094,0.116,0.41,0.258,0.277,0.168,0.132,0.185
2026,AAA,R,681806,"Wantz, Andrew",R,,314,0.759,84.82,34.82,0.264,94.72,44.72,0.482,90.36,40.36,71,1.05,0.873,0.501,0.482,0.096,0.102,0.291,0.211,0.26,0.22,0.126,0.124
2026,A,R,802092,"Ramirez, Luis",R,,126,1.559,68.82,18.82,0.264,94.72,44.72,1.132,77.36,27.36,60,0.734,0.822,0.411,0.473,0.102,0.134,0.362,0.285,0.276,0.222,0.125,0.113
2026,AAA,R,663362,"Waldron, Matt",R,,118,0.28,94.4,44.4,0.265,94.7,44.7,-0.173,103.46,53.46,81,1.05,0.918,0.458,0.463,0.08,0.105,0.251,0.226,0.299,0.232,0.078,0.104
2026,AAA,R,622098,"Smith, Drew",R,,245,0.472,90.56,40.56,0.265,94.7,44.7,0.19,96.2,46.2,75,0.892,0.89,0.475,0.483,0.124,0.125,0.359,0.257,0.223,0.185,0.146,0.144
2026,MLB,R,669165,"Hurt, Kyle",R,,137,-0.16,103.2,53.2,0.269,94.62,44.62,-0.509,110.18,60.18,65,0.962,0.84,0.551,0.489,0.143,0.126,0.313,0.256,0.28,0.241,0.11,0.111
2026,AAA,R,669211,"Akin, Keegan",L,,69,0.351,92.98,42.98,0.269,94.62,44.62,0.216,95.68,45.68,64,0.904,0.836,0.444,0.49,0.114,0.133,0.401,0.271,0.248,0.187,0.128,0.161
2026,AAA,R,650893,"Cabrera, Genesis",L,,320,-0.237,104.74,54.74,0.27,94.6,44.6,-0.242,104.84,54.84,12,0.494,0.608,0.426,0.45,0.124,0.123,0.397,0.291,0.368,0.283,0.073,0.082
2026,A,R,836056,"Williamson, Jadon",R,,45,0.978,80.44,30.44,0.27,94.6,44.6,0.601,87.98,37.98,31,0.79,0.712,0.459,0.445,0.115,0.131,0.307,0.297,0.281,0.235,0.111,0.101
2026,MLB,R,691946,"Klassen, George",R,,145,0.88,82.4,32.4,0.271,94.58,44.58,0.733,85.34,35.34,21,0.574,0.661,0.413,0.481,0.119,0.139,0.376,0.29,0.344,0.275,0.096,0.084
2026,MLB,R,683742,"Franco, Jose",R,,245,0.625,87.5,37.5,0.273,94.54,44.54,0.441,91.18,41.18,84,0.938,0.932,0.475,0.492,0.122,0.131,0.383,0.266,0.261,0.199,0.124,0.133
2026,MLB,R,665795,"Cabrera, Edward",R,,722,0.037,99.26,49.26,0.274,94.52,44.52,-0.256,105.12,55.12,44,0.653,0.755,0.464,0.473,0.126,0.116,0.373,0.247,0.37,0.313,0.078,0.07
2026,AAA,R,669416,"Enlow, Blayne",R,,83,-0.146,102.92,52.92,0.275,94.5,44.5,-0.139,102.78,52.78,31,0.758,0.713,0.468,0.479,0.13,0.141,0.39,0.298,0.322,0.269,0.072,0.077
2026,AAA,R,683409,"Chivilli, Angel",R,,94,0.394,92.12,42.12,0.275,94.5,44.5,0,100,50,20,0.778,0.658,0.511,0.474,0.148,0.146,0.415,0.308,0.324,0.272,0.085,0.101
2026,AAA,R,687317,"Flesland III, Stu",L,,38,0.318,93.64,43.64,0.278,94.44,44.44,0.269,94.62,44.62,64,1.05,0.836,0.447,0.434,0.098,0.097,0.275,0.224,0.223,0.157,0.133,0.148
2026,A,R,834395,"Cortese, Richie",R,,136,0.69,86.2,36.2,0.278,94.44,44.44,0.338,93.24,43.24,4,0.515,0.533,0.409,0.442,0.121,0.134,0.429,0.308,0.368,0.281,0.068,0.07
2026,MLB,R,641585,"France, J.P.",R,,117,1.48,70.4,20.4,0.279,94.42,44.42,1.253,74.94,24.94,51,0.978,0.783,0.468,0.465,0.091,0.123,0.332,0.266,0.288,0.255,0.103,0.095
2026,MLB,R,647336,"Soroka, Michael",R,,727,0.048,99.04,49.04,0.279,94.42,44.42,-0.368,107.36,57.36,63,0.903,0.834,0.514,0.463,0.123,0.112,0.333,0.241,0.27,0.232,0.119,0.11
2026,AAA,R,702065,"Rozek, Aaron",L,,59,0.605,87.9,37.9,0.281,94.38,44.38,0.273,94.54,44.54,29,0.735,0.704,0.455,0.456,0.076,0.094,0.262,0.207,0.354,0.305,0.078,0.09
2026,MLB,R,701519,"Adams, Travis",R,,72,1.008,79.84,29.84,0.282,94.36,44.36,0.634,87.32,37.32,64,0.886,0.836,0.464,0.492,0.096,0.124,0.301,0.248,0.302,0.251,0.09,0.108
2026,AAA,R,699071,"Romero, Christian",R,,528,0.414,91.72,41.72,0.283,94.34,44.34,-0.057,101.14,51.14,76,1.026,0.893,0.483,0.467,0.099,0.101,0.3,0.216,0.261,0.225,0.12,0.112
2026,AAA,R,683769,"Gaddis, Hunter",R,,64,1.327,73.46,23.46,0.284,94.32,44.32,1.058,78.84,28.84,92,0.863,1.012,0.46,0.506,0.116,0.134,0.422,0.264,0.298,0.177,0.113,0.149
2026,MLB,R,681347,"Burrows, Mike",R,,732,0.227,95.46,45.46,0.284,94.32,44.32,0.038,99.24,49.24,48,0.777,0.773,0.48,0.481,0.122,0.122,0.358,0.253,0.308,0.25,0.093,0.101
2026,AAA,R,676092,"Snider, Collin",R,,273,-0.002,100.04,50.04,0.285,94.3,44.3,-0.215,104.3,54.3,46,0.705,0.763,0.431,0.47,0.115,0.123,0.379,0.26,0.284,0.21,0.091,0.114
2026,AAA,R,663423,"Thornton, Trent",R,,92,0.771,84.58,34.58,0.286,94.28,44.28,0.417,91.66,41.66,66,0.807,0.844,0.472,0.474,0.121,0.112,0.357,0.236,0.266,0.229,0.116,0.108
2026,MLB,R,683409,"Chivilli, Angel",R,,60,1.061,78.78,28.78,0.286,94.28,44.28,1.118,77.64,27.64,13,0.468,0.613,0.41,0.482,0.129,0.146,0.491,0.304,0.365,0.289,0.09,0.101
2026,AAA,R,678184,"Hawkins, Garrett",R,,265,0.979,80.42,30.42,0.286,94.28,44.28,0.71,85.8,35.8,59,0.844,0.814,0.452,0.475,0.098,0.119,0.316,0.248,0.256,0.212,0.136,0.134
2026,MLB,R,670167,"Schreiber, John",R,,303,0.396,92.08,42.08,0.288,94.24,44.24,0.316,93.68,43.68,22,0.666,0.672,0.445,0.478,0.109,0.115,0.371,0.241,0.347,0.287,0.084,0.08
2026,AAA,R,685112,"McCambley, Zach",R,,338,1.335,73.3,23.3,0.288,94.24,44.24,1.042,79.16,29.16,45,0.757,0.762,0.423,0.465,0.107,0.124,0.36,0.267,0.312,0.224,0.085,0.105
2026,MLB,R,592791,"Taillon, Jameson",R,,739,0.055,98.9,48.9,0.29,94.2,44.2,-0.002,100.04,50.04,81,1.001,0.918,0.475,0.469,0.115,0.115,0.331,0.245,0.256,0.196,0.109,0.136
2026,AAA,R,669721,"Daniel, Davis",R,,588,0.533,89.34,39.34,0.29,94.2,44.2,0.209,95.82,45.82,82,1.053,0.925,0.499,0.468,0.1,0.1,0.303,0.21,0.272,0.24,0.115,0.104
2026,MLB,R,683627,"Molina, Anthony",R,,26,0.215,95.7,45.7,0.29,94.2,44.2,-0.247,104.94,54.94,68,0.59,0.854,0.433,0.49,0.127,0.128,0.405,0.26,0.279,0.24,0.103,0.101
2026,A,R,700649,"Lalane, Henry",L,,290,2.411,51.78,1.78,0.29,94.2,44.2,2.121,57.58,7.58,89,0.72,0.984,0.377,0.49,0.091,0.114,0.371,0.231,0.298,0.186,0.099,0.139
2026,AAA,R,814305,"Tur, Yunior",R,,270,0.162,96.76,46.76,0.291,94.18,44.18,0.146,97.08,47.08,29,0.745,0.704,0.477,0.491,0.114,0.126,0.352,0.258,0.314,0.281,0.105,0.094
2026,AAA,R,665871,"Assad, Javier",R,,75,-0.646,112.92,62.92,0.292,94.16,44.16,-0.397,107.94,57.94,38,0.653,0.735,0.367,0.448,0.079,0.095,0.317,0.212,0.315,0.257,0.099,0.104
2026,MLB,R,693312,"Nicolas, Kyle",R,,198,1.283,74.34,24.34,0.292,94.16,44.16,1.321,73.58,23.58,42,0.677,0.751,0.41,0.476,0.121,0.14,0.414,0.295,0.314,0.244,0.113,0.108
2026,A,R,816362,"Myers, Carson",L,,310,0.803,83.94,33.94,0.296,94.08,44.08,0.265,94.7,44.7,91,0.877,1,0.403,0.452,0.092,0.097,0.348,0.212,0.271,0.182,0.096,0.134
2026,AAA,R,592426,"Jackson, Luke",R,,65,1.855,62.9,12.9,0.296,94.08,44.08,1.63,67.4,17.4,33,0.706,0.718,0.405,0.485,0.118,0.161,0.45,0.334,0.391,0.285,0.069,0.086
2026,A,R,806466,"Salas, Braulio",R,,345,1.739,65.22,15.22,0.296,94.08,44.08,1.617,67.66,17.66,80,0.838,0.912,0.421,0.472,0.105,0.124,0.424,0.26,0.309,0.221,0.105,0.124
2026,AAA,R,642152,"Trivino, Lou",R,,180,0.632,87.36,37.36,0.296,94.08,44.08,0.181,96.38,46.38,48,0.707,0.772,0.421,0.464,0.095,0.099,0.354,0.214,0.326,0.24,0.087,0.108
2026,A,R,825932,"Zeigler, Draven",R,,236,0.81,83.8,33.8,0.298,94.04,44.04,0.346,93.08,43.08,65,0.809,0.842,0.411,0.45,0.089,0.104,0.33,0.23,0.292,0.213,0.118,0.128
2026,AAA,R,684128,"Sena, Reidis",R,,198,1.408,71.84,21.84,0.298,94.04,44.04,1.538,69.24,19.24,22,0.64,0.667,0.419,0.463,0.128,0.149,0.421,0.329,0.297,0.278,0.117,0.093
2026,MLB,R,642121,"Sulser, Cole",R,,375,0.114,97.72,47.72,0.298,94.04,44.04,-0.049,100.98,50.98,76,0.922,0.893,0.486,0.483,0.143,0.131,0.426,0.269,0.278,0.232,0.123,0.119
2026,A,R,800295,"Ynfante, Nelfy",R,,114,0.741,85.18,35.18,0.299,94.02,44.02,0.42,91.6,41.6,66,1.007,0.846,0.449,0.469,0.113,0.129,0.332,0.27,0.247,0.195,0.125,0.128
2026,A,R,678743,"Cepeda, Felix",R,,53,0.752,84.96,34.96,0.299,94.02,44.02,0.461,90.78,40.78,72,0.998,0.875,0.511,0.482,0.126,0.123,0.329,0.256,0.264,0.226,0.109,0.117
2026,A,R,571578,"Corbin, Patrick",L,,73,0.528,89.44,39.44,0.299,94.02,44.02,-0.164,103.28,53.28,83,0.85,0.929,0.459,0.474,0.11,0.108,0.334,0.226,0.253,0.229,0.116,0.095
2026,A,R,801743,"Oviedo, Adolfo",R,,147,1.152,76.96,26.96,0.3,94,44,0.601,87.98,37.98,80,0.919,0.912,0.433,0.47,0.094,0.105,0.359,0.221,0.287,0.209,0.108,0.117
2026,A,R,837351,"McKenna, Mike",R,,179,0.459,90.82,40.82,0.301,93.98,43.98,-0.08,101.6,51.6,84,0.852,0.938,0.467,0.484,0.109,0.119,0.319,0.245,0.241,0.197,0.142,0.134
2026,AAA,R,805326,"Schweitzer, Tyler",L,,281,1.334,73.32,23.32,0.301,93.98,43.98,1.171,76.58,26.58,39,0.797,0.739,0.48,0.494,0.113,0.128,0.382,0.258,0.325,0.253,0.09,0.098
2026,AAA,R,802408,"Mautz, Brycen",L,,536,3.064,38.72,-11.28,0.302,93.96,43.96,2.894,42.12,-7.88,59,0.742,0.816,0.386,0.474,0.1,0.134,0.464,0.282,0.342,0.236,0.11,0.104
2026,AAA,R,669093,"Estrada, Jeremiah",R,,13,1.235,75.3,25.3,0.302,93.96,43.96,1.249,75.02,25.02,14,0.559,0.621,0.369,0.473,0.115,0.144,0.419,0.31,0.193,0.245,0.187,0.121
2026,A,R,834863,"Stuprich, Brennan",R,,105,0.616,87.68,37.68,0.302,93.96,43.96,0.026,99.48,49.48,94,1.199,1.063,0.527,0.484,0.108,0.106,0.298,0.214,0.229,0.181,0.132,0.148
2026,AAA,R,681168,"Curvelo, Luis",R,,27,1.824,63.52,13.52,0.303,93.94,43.94,1.391,72.18,22.18,85,1.227,0.94,0.502,0.474,0.112,0.129,0.413,0.275,0.256,0.195,0.107,0.121
2026,A,R,800466,"Victorino, Omar",R,,165,2.209,55.82,5.82,0.303,93.94,43.94,2.049,59.02,9.02,61,0.738,0.828,0.403,0.468,0.095,0.105,0.412,0.222,0.313,0.24,0.104,0.095
2026,AAA,R,663941,"Beck, Tristan",R,,261,0.587,88.26,38.26,0.304,93.92,43.92,0.318,93.64,43.64,58,0.906,0.809,0.478,0.489,0.112,0.132,0.318,0.269,0.278,0.227,0.098,0.105
2026,AAA,R,691172,"Zulueta, Yosver",R,,242,0.942,81.16,31.16,0.304,93.92,43.92,0.551,88.98,38.98,14,0.64,0.627,0.432,0.45,0.103,0.118,0.385,0.271,0.401,0.336,0.078,0.058
2026,AAA,R,666129,"Garrett, Braxton",L,,398,3.494,30.12,-19.88,0.305,93.9,43.9,3.257,34.86,-15.14,24,0.542,0.677,0.375,0.477,0.098,0.133,0.517,0.283,0.418,0.307,0.062,0.07
2026,MLB,R,695418,"Lord, Brad",R,,473,0.295,94.1,44.1,0.308,93.84,43.84,-0.204,104.08,54.08,75,0.937,0.89,0.503,0.492,0.101,0.105,0.287,0.216,0.301,0.247,0.1,0.104
2026,AAA,R,675540,"Curry, Xzavion",R,,65,0.443,91.14,41.14,0.308,93.84,43.84,0.189,96.22,46.22,95,0.907,1.09,0.461,0.518,0.095,0.104,0.342,0.196,0.26,0.194,0.116,0.14
2026,AAA,R,675919,"Raquet, Nick",L,,182,1.853,62.94,12.94,0.309,93.82,43.82,1.804,63.92,13.92,14,0.61,0.624,0.406,0.446,0.107,0.133,0.425,0.3,0.369,0.295,0.061,0.069
2026,AAA,R,680232,"Wolf, Jackson",L,,445,0.713,85.74,35.74,0.309,93.82,43.82,0.382,92.36,42.36,45,0.771,0.76,0.427,0.444,0.111,0.113,0.373,0.259,0.311,0.226,0.076,0.111
2026,MLB,R,607067,"Rea, Colin",R,,728,0.215,95.7,45.7,0.309,93.82,43.82,-0.11,102.2,52.2,70,0.846,0.864,0.509,0.488,0.129,0.12,0.343,0.245,0.319,0.259,0.09,0.096
2026,AAA,R,702474,"Paredes, Mike",R,,271,0.051,98.98,48.98,0.309,93.82,43.82,-0.314,106.28,56.28,53,0.95,0.79,0.515,0.476,0.124,0.116,0.336,0.242,0.302,0.251,0.094,0.102
2026,MLB,R,669920,"Alexander, Jason",R,,119,1.16,76.8,26.8,0.31,93.8,43.8,0.871,82.58,32.58,72,1.081,0.879,0.478,0.478,0.11,0.108,0.362,0.224,0.285,0.246,0.109,0.107
2026,A,R,592426,"Jackson, Luke",R,,28,-0.205,104.1,54.1,0.311,93.78,43.78,-0.712,114.24,64.24,41,0.64,0.747,0.498,0.478,0.138,0.139,0.332,0.289,0.309,0.265,0.081,0.087
2026,AAA,R,694356,"Garcia, Nick",R,,163,1.051,78.98,28.98,0.312,93.76,43.76,0.807,83.86,33.86,27,0.675,0.694,0.373,0.432,0.094,0.115,0.414,0.264,0.367,0.258,0.081,0.092
2026,AAA,R,682608,"Gray, Peyton",R,,122,0.666,86.68,36.68,0.312,93.76,43.76,0.059,98.82,48.82,90,1.297,0.996,0.497,0.486,0.101,0.119,0.275,0.24,0.248,0.223,0.128,0.107
2026,AAA,R,676680,"Cosgrove, Tom",L,,274,1.14,77.2,27.2,0.312,93.76,43.76,0.733,85.34,35.34,58,0.644,0.812,0.38,0.426,0.087,0.091,0.338,0.213,0.269,0.197,0.133,0.14
2026,AAA,R,663753,"Knehr, Reiss",R,,160,0.994,80.12,30.12,0.313,93.74,43.74,0.825,83.5,33.5,57,0.775,0.808,0.445,0.466,0.101,0.109,0.366,0.234,0.306,0.218,0.09,0.122
2026,AAA,R,683155,"Estes, Joey",R,,585,0.16,96.8,46.8,0.313,93.74,43.74,-0.198,103.96,53.96,92,0.984,1.025,0.492,0.487,0.124,0.117,0.342,0.239,0.214,0.163,0.158,0.166
2026,AAA,R,455119,"Martin, Chris",R,,16,-0.363,107.26,57.26,0.315,93.7,43.7,-0.98,119.6,69.6,76,1.14,0.895,0.549,0.502,0.087,0.11,0.212,0.223,0.271,0.241,0.097,0.1
2026,A,R,835214,"Christensen, Charlie",R,,234,0.464,90.72,40.72,0.315,93.7,43.7,0.016,99.68,49.68,15,0.769,0.628,0.48,0.436,0.105,0.109,0.335,0.248,0.293,0.233,0.098,0.104
2026,MLB,R,657514,"Bernardino, Brennan",L,,255,0.213,95.74,45.74,0.316,93.68,43.68,-0.371,107.42,57.42,48,0.772,0.772,0.467,0.441,0.094,0.087,0.312,0.198,0.328,0.266,0.087,0.089
2026,AAA,R,669165,"Hurt, Kyle",R,,71,0.643,87.14,37.14,0.316,93.68,43.68,0.363,92.74,42.74,43,0.749,0.753,0.481,0.5,0.132,0.143,0.358,0.285,0.311,0.283,0.106,0.087
2026,MLB,R,663372,"Feltner, Ryan",R,,326,0.295,94.1,44.1,0.316,93.68,43.68,0.173,96.54,46.54,37,0.814,0.731,0.468,0.482,0.113,0.124,0.375,0.257,0.326,0.287,0.095,0.088
2026,AAA,R,681151,"Murray, Jayden",R,,120,1.157,76.86,26.86,0.317,93.66,43.66,0.577,88.46,38.46,88,1.072,0.969,0.484,0.47,0.106,0.107,0.308,0.227,0.226,0.179,0.143,0.135
2026,A,R,694909,"McGowan, Christian",R,,130,0.589,88.22,38.22,0.319,93.62,43.62,0.087,98.26,48.26,49,0.942,0.778,0.503,0.442,0.09,0.089,0.285,0.201,0.322,0.28,0.089,0.075
2026,MLB,R,642207,"Williams, Devin",R,,245,-0.285,105.7,55.7,0.319,93.62,43.62,-0.428,108.56,58.56,5,0.579,0.54,0.49,0.428,0.162,0.134,0.418,0.319,0.277,0.236,0.122,0.132
2026,MLB,R,663485,"Sands, Cole",R,,179,0.017,99.66,49.66,0.32,93.6,43.6,-0.297,105.94,55.94,79,0.892,0.908,0.485,0.476,0.12,0.116,0.357,0.243,0.268,0.207,0.125,0.127
2026,MLB,R,806960,"Morales, Luis",R,,212,1.227,75.46,25.46,0.321,93.58,43.58,1.038,79.24,29.24,58,0.578,0.812,0.397,0.476,0.104,0.113,0.386,0.236,0.303,0.214,0.104,0.124
2026,AAA,R,680723,"Rom, Drew",L,,321,0.513,89.74,39.74,0.322,93.56,43.56,0.111,97.78,47.78,49,0.824,0.777,0.47,0.472,0.099,0.105,0.333,0.223,0.313,0.257,0.095,0.102
2026,MLB,R,650633,"King, Michael",R,,829,0.445,91.1,41.1,0.323,93.54,43.54,0.192,96.16,46.16,41,0.746,0.747,0.433,0.457,0.112,0.113,0.373,0.245,0.296,0.238,0.105,0.115
2026,MLB,R,677944,"Cecconi, Slade",R,,772,0.533,89.34,39.34,0.323,93.54,43.54,0.043,99.14,49.14,83,0.951,0.929,0.462,0.457,0.101,0.1,0.328,0.219,0.254,0.213,0.12,0.113
2026,A,R,700344,"Ercolani, Alessandro",R,,61,2.095,58.1,8.1,0.323,93.54,43.54,1.955,60.9,10.9,69,0.867,0.861,0.358,0.44,0.069,0.11,0.277,0.245,0.263,0.177,0.119,0.139
2026,A,R,702419,"Tineo, Dameivi",L,,212,6.748,-34.96,-84.96,0.324,93.52,43.52,6.591,-31.82,-81.82,22,0.401,0.673,0.258,0.493,0.075,0.143,0.639,0.291,0.465,0.263,0.064,0.098
2026,A,R,806704,"Tilly, Cam",R,,336,0.846,83.08,33.08,0.324,93.52,43.52,0.564,88.72,38.72,86,0.98,0.954,0.461,0.481,0.115,0.123,0.349,0.255,0.246,0.188,0.142,0.143
2026,MLB,R,670245,"Watson, Ryan",R,,408,-0.247,104.94,54.94,0.326,93.48,43.48,-0.504,110.08,60.08,8,0.701,0.577,0.489,0.419,0.126,0.112,0.366,0.272,0.317,0.265,0.097,0.104
2026,AAA,R,664353,"Urquidy, Jose",R,,238,0.264,94.72,44.72,0.326,93.48,43.48,-0.239,104.78,54.78,91,1.024,1,0.483,0.481,0.105,0.103,0.286,0.209,0.237,0.189,0.138,0.149
2026,AAA,R,697811,"Ross, Dylan",R,,100,1.817,63.66,13.66,0.327,93.46,43.46,1.677,66.46,16.46,24,0.58,0.678,0.414,0.475,0.146,0.157,0.475,0.334,0.379,0.277,0.087,0.095
2026,AAA,R,663559,"Falter, Bailey",L,,221,-0.016,100.32,50.32,0.327,93.46,43.46,-0.375,107.5,57.5,68,0.869,0.853,0.486,0.472,0.11,0.107,0.323,0.228,0.242,0.215,0.139,0.119
2026,MLB,R,681151,"Murray, Jayden",R,,168,0.293,94.14,44.14,0.328,93.44,43.44,-0.174,103.48,53.48,75,0.871,0.891,0.482,0.466,0.121,0.107,0.33,0.229,0.243,0.193,0.128,0.126
2026,MLB,R,676571,"Poulin, PJ",L,,377,0.639,87.22,37.22,0.329,93.42,43.42,0.112,97.76,47.76,53,0.8,0.789,0.468,0.449,0.099,0.095,0.331,0.213,0.307,0.249,0.096,0.107
2026,MLB,R,656605,"Keller, Mitch",R,,778,0.035,99.3,49.3,0.329,93.42,43.42,-0.249,104.98,54.98,69,0.92,0.856,0.506,0.474,0.115,0.107,0.321,0.227,0.276,0.23,0.116,0.112
2026,AAA,R,676831,"Whitley, Kodi",R,,189,-0.117,102.34,52.34,0.329,93.42,43.42,-0.389,107.78,57.78,80,1.043,0.915,0.514,0.497,0.128,0.136,0.329,0.276,0.246,0.192,0.147,0.164
2026,MLB,R,663460,"Bubic, Kris",L,,723,0.117,97.66,47.66,0.329,93.42,43.42,-0.064,101.28,51.28,27,0.786,0.692,0.481,0.482,0.117,0.128,0.331,0.268,0.312,0.277,0.09,0.095
2026,AAA,R,675660,"Drohan, Shane",L,,169,0.751,84.98,34.98,0.33,93.4,43.4,0.286,94.28,44.28,63,1.061,0.833,0.502,0.47,0.107,0.109,0.324,0.231,0.297,0.241,0.087,0.1
2026,AAA,R,679702,"Harper, Daniel",R,,177,1.376,72.48,22.48,0.331,93.38,43.38,1.075,78.5,28.5,75,0.916,0.89,0.464,0.482,0.113,0.123,0.36,0.254,0.272,0.189,0.119,0.143
2026,MLB,R,675911,"Strider, Spencer",R,,178,1.083,78.34,28.34,0.332,93.36,43.36,0.661,86.78,36.78,79,0.778,0.909,0.454,0.476,0.119,0.118,0.403,0.247,0.268,0.208,0.113,0.12
2026,MLB,R,641927,"Ober, Bailey",R,,773,0.721,85.58,35.58,0.332,93.36,43.36,0.522,89.56,39.56,96,1.165,1.146,0.478,0.528,0.103,0.123,0.321,0.233,0.242,0.183,0.129,0.14
2026,AAA,R,820862,"Fermin, Jose",R,,167,0.514,89.72,39.72,0.333,93.34,43.34,0.274,94.52,44.52,45,0.722,0.76,0.498,0.501,0.149,0.155,0.412,0.306,0.361,0.276,0.068,0.079
2026,AAA,R,663366,"Burrows, Beau",R,,199,0.329,93.42,43.42,0.333,93.34,43.34,0.026,99.48,49.48,76,0.777,0.894,0.456,0.479,0.116,0.136,0.364,0.283,0.252,0.183,0.134,0.139
2026,MLB,R,687606,"Schultz, Paxton",R,,246,-0.297,105.94,55.94,0.334,93.32,43.32,-0.61,112.2,62.2,74,0.872,0.885,0.475,0.484,0.123,0.122,0.375,0.251,0.254,0.197,0.124,0.137
2026,AAA,R,701240,"Routzahn, Ethan",R,,275,1.76,64.8,14.8,0.337,93.26,43.26,1.384,72.32,22.32,20,0.64,0.656,0.387,0.456,0.072,0.084,0.377,0.187,0.401,0.323,0.066,0.064
2026,MLB,R,681217,"Silseth, Chase",R,,268,0.553,88.94,38.94,0.337,93.26,43.26,0.296,94.08,44.08,34,0.632,0.721,0.468,0.485,0.15,0.137,0.425,0.281,0.31,0.265,0.114,0.102
2026,MLB,R,678394,"Bello, Brayan",R,,684,0.274,94.52,44.52,0.339,93.22,43.22,-0.066,101.32,51.32,12,0.768,0.608,0.472,0.439,0.104,0.107,0.324,0.245,0.378,0.334,0.062,0.061
2026,MLB,R,686218,"Sheehan, Emmet",R,,621,-0.2,104,54,0.339,93.22,43.22,-0.493,109.86,59.86,43,0.853,0.752,0.498,0.468,0.142,0.137,0.372,0.293,0.258,0.227,0.141,0.129
2026,MLB,R,623437,"Topa, Justin",R,,317,0.275,94.5,44.5,0.34,93.2,43.2,0.009,99.82,49.82,11,0.612,0.6,0.458,0.446,0.085,0.081,0.295,0.182,0.367,0.311,0.068,0.07
2026,MLB,R,624133,"Suarez, Ranger",L,,573,-0.13,102.6,52.6,0.341,93.18,43.18,-0.301,106.02,56.02,32,0.705,0.715,0.484,0.465,0.111,0.101,0.311,0.214,0.341,0.293,0.071,0.077
2026,AAA,R,684320,"Rodriguez, Yariel",R,,197,-0.098,101.96,51.96,0.342,93.16,43.16,-0.238,104.76,54.76,45,0.676,0.762,0.466,0.486,0.145,0.146,0.403,0.3,0.318,0.251,0.093,0.104
2026,MLB,R,663362,"Waldron, Matt",R,,371,-0.103,102.06,52.06,0.345,93.1,43.1,-0.348,106.96,56.96,66,0.921,0.845,0.469,0.458,0.101,0.114,0.3,0.25,0.253,0.213,0.121,0.117
2026,A,R,681320,"Lavender, Nate",L,,71,0.475,90.5,40.5,0.345,93.1,43.1,0.171,96.58,46.58,40,0.767,0.742,0.447,0.451,0.108,0.119,0.325,0.263,0.284,0.206,0.103,0.129
2026,AAA,R,702275,"Ritchie, JR",R,,347,0.785,84.3,34.3,0.346,93.08,43.08,0.635,87.3,37.3,34,0.834,0.721,0.468,0.47,0.105,0.123,0.331,0.265,0.318,0.282,0.104,0.09
2026,A,R,815047,"Kublick, Hunter",R,,32,1.724,65.52,15.52,0.347,93.06,43.06,1.085,78.3,28.3,89,1.07,0.976,0.418,0.471,0.084,0.111,0.344,0.234,0.278,0.196,0.115,0.127
2026,MLB,R,691951,"Aldegheri, Sam",L,,102,0.702,85.96,35.96,0.348,93.04,43.04,0.379,92.42,42.42,68,0.988,0.853,0.49,0.493,0.11,0.119,0.342,0.241,0.25,0.202,0.129,0.137
2026,AAA,R,679977,"Song, Noah",R,,337,0.696,86.08,36.08,0.348,93.04,43.04,0.622,87.56,37.56,71,0.858,0.873,0.446,0.49,0.105,0.132,0.346,0.267,0.276,0.205,0.119,0.135
2026,MLB,R,672456,"Montero, Keider",R,,553,0.184,96.32,46.32,0.349,93.02,43.02,-0.175,103.5,53.5,61,0.965,0.828,0.477,0.472,0.093,0.105,0.283,0.223,0.28,0.228,0.099,0.113
2026,A,R,692391,"Cuello, Antoni",R,,220,2.13,57.4,7.4,0.349,93.02,43.02,1.828,63.44,13.44,70,0.67,0.865,0.35,0.478,0.093,0.125,0.398,0.262,0.286,0.188,0.129,0.152
2026,MLB,R,663465,"Allard, Kolby",L,,177,0.468,90.64,40.64,0.35,93,43,-0.225,104.5,54.5,78,1.066,0.904,0.516,0.467,0.1,0.096,0.281,0.206,0.244,0.234,0.123,0.108
2026,MLB,R,656529,"Hentges, Sam",L,,41,1.106,77.88,27.88,0.35,93,43,0.905,81.9,31.9,29,0.4,0.701,0.383,0.462,0.105,0.122,0.393,0.269,0.365,0.276,0.074,0.085
2026,MLB,R,696270,"Johnson, Ryan",R,,80,1.791,64.18,14.18,0.35,93,43,1.612,67.76,17.76,60,0.87,0.823,0.456,0.49,0.1,0.106,0.378,0.216,0.303,0.217,0.109,0.125
2026,AAA,R,660896,"Alcala, Jorge",R,,198,0.708,85.84,35.84,0.35,93,43,0.545,89.1,39.1,45,0.787,0.762,0.443,0.471,0.102,0.121,0.338,0.257,0.312,0.25,0.108,0.118
2026,AAA,R,666168,"Thompson, Mason",R,,261,1.167,76.66,26.66,0.351,92.98,42.98,0.851,82.98,32.98,77,0.71,0.897,0.404,0.49,0.102,0.124,0.388,0.253,0.325,0.212,0.098,0.123
2026,A,R,806684,"Severino, Lluveres",R,,270,1.972,60.56,10.56,0.351,92.98,42.98,1.638,67.24,17.24,47,0.629,0.767,0.372,0.439,0.069,0.086,0.331,0.195,0.38,0.287,0.071,0.084
2026,AAA,R,677957,"Neeck, Brandon",L,,176,1.328,73.44,23.44,0.352,92.96,42.96,1.016,79.68,29.68,36,0.661,0.729,0.387,0.429,0.112,0.125,0.418,0.285,0.266,0.193,0.116,0.141
2026,AAA,R,691008,"Rajcic, Max",R,,383,0.304,93.92,43.92,0.352,92.96,42.96,-0.15,103,53,34,0.749,0.723,0.464,0.459,0.115,0.115,0.345,0.253,0.314,0.265,0.098,0.092
2026,MLB,R,641656,"Hamilton, Ian",R,,31,1.75,65,15,0.353,92.94,42.94,1.41,71.8,21.8,71,0.921,0.873,0.406,0.471,0.094,0.125,0.412,0.263,0.285,0.206,0.106,0.122
2026,MLB,R,663574,"Santillan, Tony",R,,274,0.494,90.12,40.12,0.354,92.92,42.92,0.18,96.4,46.4,53,0.764,0.792,0.448,0.461,0.131,0.135,0.383,0.299,0.275,0.208,0.116,0.125
2026,A,R,815184,"Rodriguez, Christian",R,,163,0.482,90.36,40.36,0.354,92.92,42.92,0.215,95.7,45.7,68,0.809,0.855,0.46,0.475,0.1,0.101,0.358,0.21,0.302,0.241,0.102,0.112
2026,MLB,R,671096,"Abbott, Andrew",L,,788,0.391,92.18,42.18,0.355,92.9,42.9,0.085,98.3,48.3,58,0.782,0.812,0.453,0.47,0.11,0.112,0.347,0.237,0.296,0.229,0.087,0.108
2026,MLB,R,664299,"Javier, Cristian",R,,176,0.842,83.16,33.16,0.355,92.9,42.9,0.581,88.38,38.38,86,0.87,0.954,0.479,0.474,0.131,0.119,0.348,0.249,0.203,0.156,0.177,0.174
2026,AAA,R,805321,"Kuncl, Trevor",R,,282,0.902,81.96,31.96,0.355,92.9,42.9,0.63,87.4,37.4,76,0.738,0.895,0.416,0.498,0.11,0.129,0.399,0.256,0.295,0.214,0.108,0.119
2026,AAA,R,669193,"Little, Jack",R,,245,1.605,67.9,17.9,0.357,92.86,42.86,1.257,74.86,24.86,79,0.767,0.907,0.417,0.49,0.106,0.127,0.425,0.259,0.301,0.197,0.117,0.132
2026,AAA,R,676910,"Seelinger, Matt",R,,257,1.552,68.96,18.96,0.359,92.82,42.82,1.29,74.2,24.2,65,0.842,0.84,0.394,0.445,0.089,0.119,0.341,0.275,0.259,0.197,0.126,0.144
2026,AAA,R,669395,"Coleman, Dylan",R,,114,1.161,76.78,26.78,0.365,92.7,42.7,1.123,77.54,27.54,57,0.58,0.807,0.417,0.48,0.125,0.13,0.429,0.27,0.323,0.222,0.092,0.111
2026,AAA,R,641656,"Hamilton, Ian",R,,159,0.467,90.66,40.66,0.365,92.7,42.7,0.247,95.06,45.06,73,0.8,0.884,0.45,0.478,0.116,0.128,0.368,0.266,0.262,0.194,0.121,0.131
2026,A,R,702568,"Morris, Mason",R,,219,0.542,89.16,39.16,0.366,92.68,42.68,0.322,93.56,43.56,30,0.809,0.705,0.453,0.468,0.111,0.133,0.357,0.29,0.309,0.256,0.101,0.096
2026,MLB,R,669387,"Mlodzinski, Carmen",R,,677,0.004,99.92,49.92,0.367,92.66,42.66,-0.353,107.06,57.06,34,0.762,0.721,0.474,0.468,0.111,0.111,0.319,0.236,0.361,0.316,0.068,0.063
2026,MLB,R,702275,"Ritchie, JR",R,,365,0.221,95.58,45.58,0.367,92.66,42.66,0.138,97.24,47.24,26,0.684,0.688,0.475,0.471,0.119,0.126,0.352,0.271,0.345,0.312,0.084,0.074
2026,AAA,R,605452,"Ross, Joe",R,,258,0.245,95.1,45.1,0.367,92.66,42.66,-0.19,103.8,53.8,42,0.869,0.75,0.536,0.481,0.129,0.124,0.348,0.261,0.334,0.288,0.088,0.08
2026,AAA,R,813882,"Choban, Brady",R,,147,3.092,38.16,-11.84,0.367,92.66,42.66,2.961,40.78,-9.22,27,0.387,0.692,0.34,0.47,0.066,0.084,0.471,0.178,0.496,0.38,0.043,0.05
2026,AAA,R,676614,"Sammons, Bryan",L,,632,0.781,84.38,34.38,0.368,92.64,42.64,0.376,92.48,42.48,82,0.849,0.923,0.438,0.476,0.102,0.107,0.365,0.225,0.259,0.201,0.116,0.126
2026,AAA,R,687606,"Schultz, Paxton",R,,60,0.217,95.66,45.66,0.37,92.6,42.6,-0.059,101.18,51.18,76,1.009,0.893,0.511,0.468,0.112,0.112,0.332,0.237,0.211,0.171,0.151,0.16
2026,MLB,R,815083,"Farris, Mitch",L,,262,0.842,83.16,33.16,0.371,92.58,42.58,0.361,92.78,42.78,61,0.844,0.827,0.451,0.462,0.108,0.115,0.343,0.246,0.312,0.244,0.084,0.099
2026,AAA,R,683177,"Southard, Jared",R,,394,0.886,82.28,32.28,0.371,92.58,42.58,0.41,91.8,41.8,34,0.703,0.723,0.438,0.46,0.102,0.102,0.367,0.229,0.371,0.303,0.077,0.075
2026,MLB,R,677958,"Rocker, Kumar",R,,659,0.363,92.74,42.74,0.371,92.58,42.58,0.142,97.16,47.16,50,0.767,0.781,0.464,0.468,0.108,0.11,0.357,0.235,0.345,0.295,0.068,0.071
2026,AAA,R,656986,"Sousa, Bennett",L,,14,-0.881,117.62,67.62,0.373,92.54,42.54,-1.083,121.66,71.66,46,1.036,0.763,0.516,0.487,0.147,0.129,0.386,0.264,0.319,0.254,0.068,0.098
2026,MLB,R,691548,"Munoz, Rolddy",R,,49,0.368,92.64,42.64,0.374,92.52,42.52,-0.178,103.56,53.56,52,0.835,0.786,0.542,0.488,0.144,0.137,0.371,0.281,0.352,0.282,0.059,0.073
2026,A,R,827521,"Mitrovich, Justin",R,,43,1.115,77.7,27.7,0.375,92.5,42.5,0.741,85.18,35.18,92,0.876,1.018,0.394,0.481,0.096,0.123,0.317,0.251,0.253,0.167,0.151,0.171
2026,MLB,R,801434,"Gervase, Paul",R,,50,0.398,92.04,42.04,0.375,92.5,42.5,-0.049,100.98,50.98,59,0.635,0.818,0.411,0.45,0.111,0.131,0.352,0.29,0.251,0.197,0.12,0.126
2026,AAA,R,605182,"Clevinger, Mike",R,,110,0.94,81.2,31.2,0.377,92.46,42.46,0.764,84.72,34.72,78,0.788,0.903,0.405,0.487,0.097,0.12,0.355,0.247,0.259,0.207,0.135,0.12
2026,AAA,R,646242,"Diaz, Jhonathan",L,,558,2.631,47.38,-2.62,0.378,92.44,42.44,2.082,58.36,8.36,89,0.938,0.976,0.426,0.481,0.091,0.096,0.403,0.199,0.31,0.231,0.102,0.108
2026,MLB,R,686563,"Cannon, Jonathan",R,,14,6.159,-23.18,-73.18,0.378,92.44,42.44,6.574,-31.48,-81.48,61,0.099,0.828,0.135,0.491,0.08,0.149,0.71,0.304,0.34,0.156,0.107,0.182
2026,MLB,R,607536,"Freeland, Kyle",L,,512,0.178,96.44,46.44,0.379,92.42,42.42,-0.235,104.7,54.7,53,0.858,0.789,0.516,0.491,0.132,0.136,0.346,0.28,0.313,0.272,0.082,0.085
2026,AAA,R,669060,"Wilson, Bryse",R,,556,0.208,95.84,45.84,0.379,92.42,42.42,-0.031,100.62,50.62,66,0.915,0.846,0.479,0.474,0.098,0.096,0.306,0.203,0.266,0.229,0.115,0.11
2026,A,R,800624,"Jacobs, Ben",L,,272,0.008,99.84,49.84,0.379,92.42,42.42,-0.546,110.92,60.92,31,0.834,0.708,0.458,0.418,0.128,0.122,0.355,0.291,0.244,0.176,0.145,0.175
2026,MLB,R,571578,"Corbin, Patrick",L,,537,0.243,95.14,45.14,0.38,92.4,42.4,-0.071,101.42,51.42,88,0.819,0.968,0.46,0.488,0.111,0.112,0.341,0.224,0.294,0.23,0.081,0.095
2026,MLB,R,669270,"Kuhnel, Joel",R,,202,0.197,96.06,46.06,0.38,92.4,42.4,-0.174,103.48,53.48,31,0.71,0.709,0.475,0.477,0.093,0.081,0.322,0.171,0.423,0.355,0.05,0.055
2026,AAA,R,697812,"Rock, Joe",L,,195,1.122,77.56,27.56,0.38,92.4,42.4,0.858,82.84,32.84,81,0.778,0.916,0.403,0.498,0.119,0.133,0.415,0.267,0.324,0.218,0.094,0.119
2026,MLB,R,677020,"Walker, Josh",L,,30,1.24,75.2,25.2,0.38,92.4,42.4,1.243,75.14,25.14,65,0.781,0.839,0.4,0.482,0.094,0.134,0.359,0.277,0.264,0.221,0.136,0.112
2026,AAA,R,663474,"McKenzie, Triston",R,,304,3.957,20.86,-29.14,0.38,92.4,42.4,3.658,26.84,-23.16,76,0.71,0.895,0.338,0.475,0.073,0.117,0.467,0.246,0.305,0.181,0.126,0.142
2026,AAA,R,675916,"Karinchak, James",R,,286,0.016,99.68,49.68,0.381,92.38,42.38,-0.614,112.28,62.28,65,0.94,0.839,0.477,0.416,0.121,0.108,0.363,0.266,0.228,0.184,0.163,0.156
2026,AAA,R,686972,"Waites, Cole",R,,128,1.921,61.58,11.58,0.381,92.38,42.38,1.764,64.72,14.72,90,0.954,0.997,0.401,0.478,0.094,0.12,0.387,0.251,0.26,0.171,0.127,0.147
2026,A,R,800423,"Petri, Jorger",L,,95,0.661,86.78,36.78,0.382,92.36,42.36,0.118,97.64,47.64,62,0.754,0.829,0.43,0.465,0.091,0.091,0.356,0.195,0.292,0.234,0.102,0.107
2026,A,R,828671,"Francisco, Brent",R,,44,-0.173,103.46,53.46,0.383,92.34,42.34,-1,120,70,93,1.599,1.032,0.597,0.477,0.114,0.124,0.266,0.26,0.198,0.185,0.156,0.136
2026,A,R,800013,"Sanchez, Ramon",R,,144,2.105,57.9,7.9,0.384,92.32,42.32,1.649,67.02,17.02,71,0.612,0.867,0.387,0.464,0.105,0.122,0.406,0.262,0.291,0.183,0.103,0.126
2026,AAA,R,674681,"Plassmeyer, Michael",L,,268,1.481,70.38,20.38,0.385,92.3,42.3,1.085,78.3,28.3,59,0.868,0.814,0.412,0.443,0.105,0.104,0.405,0.235,0.304,0.223,0.093,0.129
2026,MLB,R,688642,"Agnos, Zach",R,,420,0.374,92.52,42.52,0.385,92.3,42.3,-0.012,100.24,50.24,61,0.754,0.825,0.474,0.479,0.126,0.118,0.378,0.244,0.297,0.242,0.103,0.098
2026,A,R,815704,"Carpio, Samuel",R,,290,4.3,14,-36,0.385,92.3,42.3,4.25,15,-35,37,0.459,0.731,0.283,0.478,0.08,0.139,0.493,0.291,0.397,0.283,0.096,0.092
2026,AAA,R,669169,"Heasley, Jonathan",R,,328,0.019,99.62,49.62,0.385,92.3,42.3,-0.405,108.1,58.1,64,0.939,0.836,0.518,0.479,0.123,0.125,0.305,0.257,0.267,0.258,0.117,0.095
2026,AAA,R,690155,"Pushard, Matt",R,,200,2.184,56.32,6.32,0.387,92.26,42.26,1.8,64,14,82,0.866,0.926,0.424,0.49,0.103,0.123,0.458,0.252,0.333,0.199,0.109,0.13
2026,AAA,R,701288,"Webb, Jacob",R,,350,1.273,74.54,24.54,0.387,92.26,42.26,1.074,78.52,28.52,84,0.869,0.931,0.443,0.485,0.108,0.127,0.366,0.261,0.246,0.191,0.147,0.139
2026,AAA,R,681973,"Hendrickson, Josh",L,,292,0.832,83.36,33.36,0.388,92.24,42.24,0.121,97.58,47.58,84,1.107,0.938,0.503,0.467,0.104,0.1,0.304,0.216,0.257,0.211,0.105,0.11
2026,MLB,R,605288,"Houser, Adrian",R,,657,-0.235,104.7,54.7,0.388,92.24,42.24,-0.548,110.96,60.96,36,0.727,0.729,0.474,0.463,0.113,0.105,0.323,0.228,0.357,0.304,0.075,0.074
2026,AAA,R,701519,"Adams, Travis",R,,116,1.051,78.98,28.98,0.388,92.24,42.24,0.653,86.94,36.94,81,0.809,0.917,0.46,0.498,0.11,0.116,0.387,0.232,0.311,0.224,0.104,0.119
2026,AAA,R,684725,"Messinger, Zach",R,,348,1.181,76.38,26.38,0.391,92.18,42.18,0.88,82.4,32.4,60,0.744,0.824,0.43,0.474,0.093,0.106,0.345,0.224,0.304,0.232,0.107,0.115
2026,A,R,804643,"Archie, Bryce",R,,98,1.377,72.46,22.46,0.392,92.16,42.16,0.973,80.54,30.54,82,0.99,0.922,0.465,0.477,0.098,0.117,0.322,0.245,0.268,0.22,0.132,0.13
2026,MLB,R,681751,"Estrada, Lazaro",R,,65,1.088,78.24,28.24,0.392,92.16,42.16,0.348,93.04,43.04,96,1.398,1.134,0.522,0.481,0.103,0.108,0.294,0.225,0.251,0.167,0.124,0.172
2026,MLB,R,680736,"Wrobleski, Justin",L,,617,-0.035,100.7,50.7,0.393,92.14,42.14,-0.426,108.52,58.52,59,0.949,0.814,0.517,0.457,0.13,0.115,0.346,0.251,0.254,0.215,0.125,0.124
2026,MLB,R,682052,"Lopez, Jacob",L,,660,0.315,93.7,43.7,0.394,92.12,42.12,0.066,98.68,48.68,73,0.904,0.88,0.459,0.459,0.114,0.109,0.349,0.237,0.269,0.206,0.11,0.127
2026,AAA,R,669434,"Emanuels, Stevie",R,,69,3.061,38.78,-11.22,0.395,92.1,42.1,2.655,46.9,-3.1,74,0.477,0.887,0.339,0.485,0.107,0.128,0.473,0.267,0.358,0.255,0.094,0.088
2026,AAA,R,695684,"Rodriguez, Elmer",R,,406,0.684,86.32,36.32,0.395,92.1,42.1,0.134,97.32,47.32,56,0.789,0.806,0.443,0.452,0.092,0.092,0.345,0.207,0.351,0.284,0.074,0.078
2026,MLB,R,656686,"Martin, Corbin",R,,111,0.726,85.48,35.48,0.395,92.1,42.1,0.461,90.78,40.78,28,0.657,0.696,0.473,0.474,0.128,0.133,0.376,0.286,0.323,0.276,0.095,0.089
2026,AAA,R,691946,"Klassen, George",R,,326,0.986,80.28,30.28,0.396,92.08,42.08,0.662,86.76,36.76,36,0.683,0.729,0.434,0.483,0.119,0.145,0.4,0.303,0.383,0.298,0.065,0.077
2026,AAA,R,686754,"Jensen, Ryan",R,,261,1.406,71.88,21.88,0.397,92.06,42.06,1.287,74.26,24.26,40,0.603,0.743,0.414,0.479,0.102,0.11,0.378,0.23,0.345,0.28,0.09,0.096
2026,MLB,R,702070,"Cameron, Noah",L,,592,-0.064,101.28,51.28,0.397,92.06,42.06,-0.292,105.84,55.84,56,0.889,0.805,0.509,0.487,0.126,0.123,0.355,0.255,0.274,0.243,0.11,0.111
2026,AAA,R,678922,"Cabrera, Jeisson",R,,88,2.897,42.06,-7.94,0.398,92.04,42.04,2.683,46.34,-3.66,57,0.548,0.808,0.324,0.479,0.089,0.117,0.418,0.244,0.274,0.2,0.117,0.128
2026,AAA,R,664948,"Misiewicz, Anthony",L,,269,0.077,98.46,48.46,0.398,92.04,42.04,-0.131,102.62,52.62,35,0.718,0.725,0.464,0.463,0.107,0.106,0.353,0.23,0.349,0.291,0.075,0.084
2026,AAA,R,664346,"Guzman, Carlos",R,,125,0.303,93.94,43.94,0.4,92,42,0.003,99.94,49.94,63,0.698,0.835,0.422,0.473,0.104,0.123,0.359,0.258,0.306,0.23,0.112,0.117
2026,AAA,R,683742,"Franco, Jose",R,,144,0.315,93.7,43.7,0.4,92,42,-0.205,104.1,54.1,78,0.868,0.904,0.464,0.489,0.109,0.122,0.33,0.247,0.281,0.215,0.108,0.124
2026,A,R,823227,"Zeldin, Brian",R,,255,0.766,84.68,34.68,0.402,91.96,41.96,0.445,91.1,41.1,15,0.663,0.632,0.443,0.424,0.11,0.123,0.365,0.291,0.356,0.292,0.089,0.079
2026,AAA,R,687218,"Bednar, Will",R,,55,1.566,68.68,18.68,0.402,91.96,41.96,1.125,77.5,27.5,69,1.029,0.86,0.494,0.504,0.101,0.13,0.295,0.255,0.294,0.284,0.098,0.079
2026,AAA,R,685396,"Peterson, Nate",L,,153,1.242,75.16,25.16,0.402,91.96,41.96,0.792,84.16,34.16,70,0.751,0.863,0.462,0.484,0.108,0.11,0.341,0.224,0.293,0.23,0.098,0.123
2026,AAA,R,661527,"Martinez, Seth",R,,308,0.68,86.4,36.4,0.402,91.96,41.96,0.338,93.24,43.24,57,0.964,0.808,0.464,0.445,0.097,0.093,0.327,0.209,0.268,0.206,0.111,0.134
2026,AAA,R,671111,"Peralta, Sammy",L,,264,0.346,93.08,43.08,0.402,91.96,41.96,-0.133,102.66,52.66,64,0.852,0.837,0.475,0.46,0.097,0.092,0.309,0.199,0.323,0.275,0.079,0.083
2026,A,R,702578,"McCoy, Kyle",L,,110,-0.513,110.26,60.26,0.403,91.94,41.94,-0.947,118.94,68.94,33,0.747,0.718,0.538,0.461,0.148,0.139,0.345,0.3,0.305,0.252,0.087,0.088
2026,A,R,832225,"Breckheimer, Alex",R,,330,1.44,71.2,21.2,0.403,91.94,41.94,0.953,80.94,30.94,90,0.805,0.993,0.388,0.462,0.088,0.105,0.333,0.227,0.238,0.187,0.156,0.141
2026,AAA,R,608371,"Sims, Lucas",R,,86,1.98,60.4,10.4,0.406,91.88,41.88,1.715,65.7,15.7,63,0.71,0.832,0.379,0.475,0.098,0.126,0.429,0.263,0.293,0.205,0.119,0.13
2026,AAA,R,669142,"Burns, Tanner",R,,298,0.414,91.72,41.72,0.406,91.88,41.88,0.153,96.94,46.94,80,0.911,0.914,0.475,0.493,0.12,0.125,0.341,0.252,0.262,0.196,0.129,0.144
2026,AAA,R,605242,"Fulmer, Michael",R,,286,0.725,85.5,35.5,0.406,91.88,41.88,0.256,94.88,44.88,85,0.907,0.943,0.483,0.486,0.109,0.115,0.354,0.236,0.285,0.226,0.097,0.1
2026,A,R,832441,"Gaetano, Yonleg",R,,170,0.544,89.12,39.12,0.408,91.84,41.84,0.055,98.9,48.9,86,1.008,0.956,0.472,0.479,0.091,0.104,0.322,0.214,0.279,0.214,0.126,0.129
2026,AAA,R,677961,"Wilcox, Cole",R,,48,-0.782,115.64,65.64,0.41,91.8,41.8,-0.995,119.9,69.9,32,0.736,0.716,0.487,0.465,0.113,0.136,0.363,0.298,0.341,0.304,0.09,0.067
2026,MLB,R,695684,"Rodriguez, Elmer",R,,174,1.056,78.88,28.88,0.411,91.78,41.78,0.574,88.52,38.52,51,0.594,0.784,0.379,0.452,0.084,0.09,0.362,0.201,0.385,0.308,0.067,0.066
2026,AAA,R,805311,"Sando, Nick",L,,86,0.574,88.52,38.52,0.411,91.78,41.78,0.297,94.06,44.06,81,0.872,0.918,0.439,0.496,0.108,0.12,0.382,0.241,0.273,0.215,0.118,0.117
2026,AAA,R,676393,"Leftwich, Jack",R,,333,0.306,93.88,43.88,0.414,91.72,41.72,-0.135,102.7,52.7,78,0.942,0.905,0.49,0.475,0.112,0.11,0.327,0.232,0.254,0.198,0.132,0.142
2026,AAA,R,696522,"Juenger, Hayden",R,,235,-0.113,102.26,52.26,0.415,91.7,41.7,-0.489,109.78,59.78,55,0.842,0.798,0.498,0.452,0.121,0.109,0.343,0.24,0.269,0.233,0.122,0.111
2026,AAA,R,700327,"Herrera, Welinton",L,,309,0.608,87.84,37.84,0.415,91.7,41.7,0.255,94.9,44.9,36,0.67,0.73,0.466,0.487,0.119,0.135,0.368,0.28,0.322,0.261,0.089,0.09
2026,AAA,R,663567,"Lambert, Peter",R,,147,0.617,87.66,37.66,0.419,91.62,41.62,0.383,92.34,42.34,73,0.835,0.88,0.433,0.482,0.095,0.105,0.317,0.218,0.294,0.234,0.101,0.111
2026,MLB,R,664199,"Clarke, Taylor",R,,265,-0.225,104.5,54.5,0.419,91.62,41.62,-0.378,107.56,57.56,25,0.727,0.685,0.491,0.482,0.111,0.117,0.339,0.241,0.371,0.316,0.075,0.079
2026,AAA,R,676249,"Coffey, Adisyn",R,,312,0.477,90.46,40.46,0.421,91.58,41.58,0.065,98.7,48.7,56,0.811,0.806,0.48,0.477,0.121,0.132,0.369,0.275,0.295,0.251,0.108,0.1
2026,MLB,R,656464,"Ginkel, Kevin",R,,283,-0.101,102.02,52.02,0.423,91.54,41.54,-0.582,111.64,61.64,86,0.97,0.95,0.513,0.489,0.143,0.128,0.382,0.26,0.284,0.217,0.091,0.105
2026,MLB,R,660853,"De Los Santos, Enyel",R,,271,-0.114,102.28,52.28,0.423,91.54,41.54,-0.555,111.1,61.1,61,1.04,0.828,0.55,0.479,0.145,0.135,0.356,0.283,0.259,0.214,0.123,0.124
2026,MLB,R,671131,"Rutledge, Jackson",R,,44,1.452,70.96,20.96,0.424,91.52,41.52,1.207,75.86,25.86,52,0.821,0.786,0.446,0.492,0.115,0.128,0.439,0.258,0.328,0.283,0.092,0.088
2026,AAA,R,669724,"Hanifee, Brenan",R,,152,0.02,99.6,49.6,0.425,91.5,41.5,-0.427,108.54,58.54,19,0.649,0.651,0.498,0.468,0.11,0.108,0.328,0.229,0.409,0.368,0.056,0.049
2026,AAA,R,687985,"White, Josh",R,,301,0.518,89.64,39.64,0.425,91.5,41.5,0.213,95.74,45.74,34,0.816,0.723,0.47,0.458,0.118,0.134,0.366,0.299,0.26,0.23,0.13,0.118
2026,AAA,R,678013,"Torres Jr., Lenny",R,,146,0.918,81.64,31.64,0.425,91.5,41.5,0.596,88.08,38.08,51,0.722,0.783,0.399,0.453,0.101,0.127,0.365,0.283,0.253,0.183,0.118,0.135
2026,MLB,R,671109,"Eder, Jake",L,,56,0.486,90.28,40.28,0.426,91.48,41.48,0.1,98,48,44,0.897,0.755,0.506,0.49,0.097,0.111,0.295,0.225,0.355,0.302,0.059,0.068
2026,MLB,R,621112,"Blackburn, Paul",R,,299,0.339,93.22,43.22,0.427,91.46,41.46,0.04,99.2,49.2,32,0.667,0.716,0.437,0.458,0.099,0.101,0.355,0.226,0.357,0.286,0.071,0.081
2026,AAA,R,675920,"Lonsway, Seth",L,,385,1.448,71.04,21.04,0.427,91.46,41.46,1.255,74.9,24.9,14,0.612,0.623,0.388,0.447,0.079,0.094,0.318,0.209,0.423,0.377,0.048,0.045
2026,AAA,R,686563,"Cannon, Jonathan",R,,338,0.487,90.26,40.26,0.429,91.42,41.42,0.103,97.94,47.94,74,0.865,0.888,0.468,0.482,0.108,0.113,0.348,0.234,0.289,0.226,0.116,0.132
2026,A,R,822161,"Gordon, R.J.",R,,73,0.246,95.08,45.08,0.429,91.42,41.42,-0.257,105.14,55.14,63,0.832,0.833,0.474,0.473,0.14,0.138,0.397,0.288,0.323,0.244,0.075,0.105
2026,A,R,811172,"Ware, Conner",L,,385,3.154,36.92,-13.08,0.429,91.42,41.42,2.601,47.98,-2.02,86,0.784,0.955,0.394,0.476,0.082,0.104,0.431,0.219,0.314,0.213,0.108,0.121
2026,AAA,R,671106,"Allen, Logan",L,,527,0.237,95.26,45.26,0.43,91.4,41.4,-0.293,105.86,55.86,74,0.869,0.887,0.476,0.453,0.111,0.104,0.325,0.24,0.276,0.225,0.122,0.124
2026,AAA,R,678316,"Cruz, Omar",L,,104,1.997,60.06,10.06,0.43,91.4,41.4,1.705,65.9,15.9,64,0.473,0.837,0.37,0.491,0.112,0.12,0.375,0.239,0.343,0.258,0.082,0.096
2026,AAA,R,670810,"Gillaspie, Logan",R,,364,0.745,85.1,35.1,0.432,91.36,41.36,0.21,95.8,45.8,68,0.923,0.854,0.501,0.481,0.11,0.119,0.334,0.247,0.308,0.257,0.099,0.097
2026,AAA,R,687856,"Bash, Andrew",R,,498,0.414,91.72,41.72,0.433,91.34,41.34,0.168,96.64,46.64,58,0.775,0.809,0.45,0.476,0.117,0.124,0.387,0.262,0.281,0.227,0.123,0.12
2026,AAA,R,687847,"Church, Marc",R,,187,1.509,69.82,19.82,0.433,91.34,41.34,1.256,74.88,24.88,45,0.81,0.759,0.444,0.483,0.106,0.133,0.348,0.276,0.29,0.24,0.113,0.113
2026,A,R,805273,"Camarillo, Frank",R,,359,0.479,90.42,40.42,0.434,91.32,41.32,0.017,99.66,49.66,69,1.068,0.861,0.477,0.45,0.113,0.111,0.346,0.244,0.232,0.176,0.147,0.161
2026,AAA,R,656288,"Canning, Griffin",R,,272,0.492,90.16,40.16,0.434,91.32,41.32,0.107,97.86,47.86,40,0.673,0.744,0.472,0.48,0.132,0.128,0.374,0.265,0.342,0.307,0.082,0.069
2026,A,R,806258,"White, Thomas",L,,63,1.035,79.3,29.3,0.435,91.3,41.3,0.687,86.26,36.26,15,0.582,0.632,0.423,0.481,0.123,0.138,0.373,0.293,0.318,0.286,0.092,0.076
2026,MLB,R,687562,"Bennett, Jake",L,,170,-0.467,109.34,59.34,0.436,91.28,41.28,-0.989,119.78,69.78,41,0.802,0.745,0.532,0.464,0.12,0.109,0.307,0.235,0.324,0.314,0.083,0.063
2026,AAA,R,690382,"Darrell-Hicks, Michael",R,,233,0.638,87.24,37.24,0.437,91.26,41.26,0.383,92.34,42.34,81,0.745,0.921,0.417,0.472,0.106,0.097,0.405,0.205,0.311,0.224,0.106,0.112
2026,MLB,R,663567,"Lambert, Peter",R,,477,0.526,89.48,39.48,0.437,91.26,41.26,0.09,98.2,48.2,73,0.832,0.881,0.472,0.486,0.109,0.11,0.341,0.226,0.284,0.222,0.106,0.116
2026,AAA,R,691769,"Abner, Philip",L,,157,-0.065,101.3,51.3,0.439,91.22,41.22,-0.383,107.66,57.66,44,0.879,0.757,0.51,0.479,0.11,0.118,0.318,0.257,0.331,0.282,0.088,0.089
2026,MLB,R,663903,"Singer, Brady",R,,733,0.472,90.56,40.56,0.439,91.22,41.22,0.052,98.96,48.96,72,0.882,0.876,0.442,0.43,0.105,0.095,0.349,0.212,0.3,0.231,0.085,0.092
2026,MLB,R,688883,"Pallette, Peyton",R,,354,0.747,85.06,35.06,0.44,91.2,41.2,0.202,95.96,45.96,50,0.797,0.781,0.438,0.454,0.111,0.118,0.37,0.26,0.297,0.23,0.102,0.102
2026,MLB,R,669947,"Scholtens, Jesse",R,,443,0.233,95.34,45.34,0.441,91.18,41.18,-0.14,102.8,52.8,73,0.819,0.88,0.482,0.486,0.11,0.109,0.333,0.225,0.299,0.232,0.098,0.118
2026,MLB,R,685299,"Gordon, Tanner",R,,285,0.221,95.58,45.58,0.442,91.16,41.16,-0.334,106.68,56.68,90,0.975,0.99,0.5,0.485,0.11,0.112,0.311,0.229,0.267,0.21,0.107,0.118
2026,AAA,R,687765,"Spence, Mitch",R,,312,0.658,86.84,36.84,0.443,91.14,41.14,0.387,92.26,42.26,61,0.904,0.825,0.471,0.487,0.101,0.105,0.354,0.214,0.322,0.263,0.083,0.097
2026,AAA,R,676881,"Schoenle, Garrett",L,,111,0.601,87.98,37.98,0.445,91.1,41.1,0.266,94.68,44.68,63,0.762,0.832,0.435,0.471,0.118,0.123,0.392,0.262,0.276,0.224,0.117,0.123
2026,MLB,R,700669,"Graceffo, Gordon",R,,292,0.295,94.1,44.1,0.445,91.1,41.1,-0.027,100.54,50.54,36,0.771,0.728,0.476,0.47,0.119,0.123,0.334,0.267,0.334,0.299,0.085,0.076
2026,MLB,R,642701,"Santana, Dennis",R,,287,0.558,88.84,38.84,0.446,91.08,41.08,0.088,98.24,48.24,80,0.946,0.913,0.499,0.486,0.126,0.115,0.352,0.237,0.274,0.22,0.113,0.118
2026,AAA,R,694298,"Dombkowski, Nick",L,,442,0.942,81.16,31.16,0.446,91.08,41.08,0.494,90.12,40.12,84,0.954,0.936,0.464,0.473,0.099,0.106,0.302,0.222,0.25,0.207,0.127,0.126
2026,AAA,R,622256,"Weigel, Patrick",R,,301,1.829,63.42,13.42,0.447,91.06,41.06,1.576,68.48,18.48,55,0.857,0.803,0.422,0.472,0.095,0.131,0.374,0.278,0.313,0.248,0.093,0.092
2026,AAA,R,676050,"Naughton, Packy",L,,3,1.71,65.8,15.8,0.448,91.04,41.04,1.38,72.4,22.4,20,0.251,0.659,0.109,0.455,0.037,0.136,0.455,0.298,0.324,0.205,0.076,0.145
2026,A,R,805872,"Perez, Michael",R,,227,0.829,83.42,33.42,0.448,91.04,41.04,0.427,91.46,41.46,56,0.748,0.805,0.443,0.471,0.119,0.124,0.392,0.261,0.31,0.233,0.098,0.114
2026,A,R,801384,"Castillo, Walin",R,,369,0.802,83.96,33.96,0.45,91,41,0.294,94.12,44.12,61,0.827,0.827,0.458,0.453,0.111,0.104,0.362,0.226,0.322,0.245,0.087,0.099
2026,AAA,R,687721,"Weston, Cameron",R,,332,2.803,43.94,-6.06,0.451,90.98,40.98,2.306,53.88,3.88,26,0.564,0.69,0.352,0.462,0.092,0.11,0.496,0.234,0.364,0.26,0.073,0.082
2026,AAA,R,680689,"Richardson, Lyon",R,,344,0.546,89.08,39.08,0.451,90.98,40.98,0.216,95.68,45.68,34,0.682,0.722,0.437,0.465,0.097,0.108,0.341,0.229,0.364,0.289,0.079,0.08
2026,A,R,834897,"Driessen, Dylan",R,,166,1.984,60.32,10.32,0.454,90.92,40.92,1.712,65.76,15.76,35,0.65,0.726,0.348,0.441,0.085,0.115,0.359,0.261,0.263,0.186,0.136,0.151
2026,AAA,R,693483,"Gallagher, Pat",R,,123,1.574,68.52,18.52,0.454,90.92,40.92,1.308,73.84,23.84,53,0.754,0.791,0.465,0.495,0.126,0.118,0.395,0.236,0.389,0.318,0.059,0.059
2026,AAA,R,681328,"Cuevas, Jonny",R,,233,1.328,73.44,23.44,0.454,90.92,40.92,0.852,82.96,32.96,76,0.648,0.896,0.424,0.487,0.115,0.109,0.405,0.223,0.333,0.25,0.098,0.102
2026,MLB,R,664744,"Espada, Jose",R,,15,0.561,88.78,38.78,0.455,90.9,40.9,0.053,98.94,48.94,58,1.017,0.811,0.482,0.48,0.104,0.122,0.351,0.253,0.303,0.236,0.092,0.105
2026,AAA,R,663804,"Kowar, Jackson",R,,84,0.168,96.64,46.64,0.455,90.9,40.9,-0.24,104.8,54.8,43,0.728,0.753,0.436,0.455,0.131,0.129,0.414,0.286,0.319,0.248,0.088,0.094
2026,AAA,R,668761,"Peluse, Colin",R,,103,0.552,88.96,38.96,0.456,90.88,40.88,-0.246,104.92,54.92,91,1.198,1.008,0.499,0.479,0.095,0.109,0.27,0.227,0.262,0.191,0.099,0.137
2026,AAA,R,642575,"Moreno, Gerson",R,,112,0.705,85.9,35.9,0.456,90.88,40.88,0.5,90,40,55,0.849,0.803,0.479,0.484,0.139,0.141,0.405,0.291,0.263,0.213,0.136,0.131
2026,AAA,R,680604,"Castano, Blas",R,,206,0.551,88.98,38.98,0.457,90.86,40.86,0.045,99.1,49.1,26,0.723,0.689,0.439,0.449,0.078,0.081,0.299,0.18,0.373,0.31,0.077,0.077
2026,AAA,R,676742,"Sanders, Cam",R,,167,1.019,79.62,29.62,0.457,90.86,40.86,0.91,81.8,31.8,32,0.719,0.715,0.426,0.475,0.107,0.128,0.371,0.269,0.297,0.238,0.112,0.128
2026,AAA,R,694341,"Beck, Brendan",R,,572,-0.035,100.7,50.7,0.457,90.86,40.86,-0.635,112.7,62.7,92,0.956,1.02,0.485,0.472,0.125,0.116,0.351,0.246,0.249,0.182,0.121,0.141
2026,AAA,R,674841,"Alvarez, Andrew",L,,505,0.035,99.3,49.3,0.458,90.84,40.84,-0.219,104.38,54.38,9,0.681,0.584,0.461,0.446,0.122,0.128,0.38,0.301,0.361,0.319,0.066,0.069
2026,AAA,R,543238,"Gose, Anthony",L,,114,1.813,63.74,13.74,0.459,90.82,40.82,1.518,69.64,19.64,75,0.676,0.89,0.393,0.485,0.101,0.12,0.408,0.245,0.259,0.181,0.132,0.153
2026,MLB,R,694851,"Hoffmann, Andrew",R,,229,0.241,95.18,45.18,0.46,90.8,40.8,-0.192,103.84,53.84,57,0.793,0.808,0.475,0.485,0.125,0.127,0.359,0.258,0.345,0.279,0.075,0.092
2026,AAA,R,596295,"Gomber, Austin",L,,612,0.394,92.12,42.12,0.46,90.8,40.8,-0.128,102.56,52.56,90,1.044,0.991,0.508,0.476,0.111,0.106,0.302,0.219,0.269,0.217,0.107,0.121
2026,AAA,R,682126,"Reifert, Evan",R,,267,0.931,81.38,31.38,0.46,90.8,40.8,0.5,90,40,54,0.752,0.796,0.438,0.46,0.108,0.104,0.395,0.228,0.38,0.302,0.057,0.065
2026,AAA,R,702566,"Murphy, Owen",R,,166,0.414,91.72,41.72,0.461,90.78,40.78,-0.091,101.82,51.82,91,1.052,1,0.484,0.473,0.101,0.114,0.299,0.237,0.203,0.168,0.16,0.16
2026,A,R,801619,"Faherty, Jake",R,,140,2.219,55.62,5.62,0.461,90.78,40.78,1.922,61.56,11.56,3,0.395,0.516,0.318,0.448,0.072,0.119,0.382,0.266,0.399,0.303,0.077,0.06
2026,AAA,R,686701,"Bergert, Ryan",R,,107,1.131,77.38,27.38,0.462,90.76,40.76,0.789,84.22,34.22,90,0.991,0.997,0.486,0.472,0.112,0.102,0.326,0.216,0.224,0.18,0.156,0.149
2026,AAA,R,689337,"Bowman, Kaleb",R,,284,1.882,62.36,12.36,0.462,90.76,40.76,1.56,68.8,18.8,79,0.834,0.909,0.4,0.459,0.093,0.103,0.39,0.225,0.264,0.182,0.124,0.135
2026,AAA,R,660600,"Paredes, Enoli",R,,320,1.666,66.68,16.68,0.462,90.76,40.76,1.46,70.8,20.8,61,0.827,0.825,0.422,0.47,0.095,0.119,0.374,0.251,0.296,0.23,0.121,0.115
2026,MLB,R,676130,"Butto, Jose",R,,63,1.624,67.52,17.52,0.462,90.76,40.76,1.587,68.26,18.26,51,0.368,0.784,0.315,0.469,0.095,0.106,0.427,0.226,0.332,0.253,0.096,0.107
2026,AAA,R,657571,"Ferguson, Caleb",L,,69,2.263,54.74,4.74,0.464,90.72,40.72,1.858,62.84,12.84,70,0.841,0.865,0.441,0.48,0.097,0.109,0.344,0.228,0.258,0.239,0.122,0.096
2026,MLB,R,596001,"Junis, Jakob",R,,251,-0.095,101.9,51.9,0.464,90.72,40.72,-0.587,111.74,61.74,57,0.933,0.807,0.514,0.468,0.104,0.102,0.267,0.217,0.293,0.26,0.094,0.09
2026,AAA,R,686930,"Barnett, Mason",R,,409,-0.013,100.26,50.26,0.464,90.72,40.72,-0.333,106.66,56.66,16,0.644,0.64,0.464,0.474,0.103,0.104,0.341,0.217,0.358,0.304,0.07,0.071
2026,AAA,R,691548,"Munoz, Rolddy",R,,200,0.794,84.12,34.12,0.464,90.72,40.72,0.435,91.3,41.3,40,0.655,0.744,0.45,0.479,0.138,0.132,0.411,0.275,0.356,0.284,0.073,0.071
2026,AAA,R,809109,"Angelo, Roman",R,,55,1.999,60.02,10.02,0.465,90.7,40.7,1.489,70.22,20.22,83,0.838,0.929,0.437,0.467,0.073,0.084,0.331,0.181,0.29,0.254,0.128,0.094
2026,AAA,R,805272,"Young, Luke",R,,64,1.963,60.74,10.74,0.466,90.68,40.68,1.5,70,20,48,0.552,0.773,0.368,0.465,0.111,0.123,0.427,0.261,0.34,0.239,0.083,0.102
2026,A,R,701368,"Smith, Kolten",R,,188,0.974,80.52,30.52,0.467,90.66,40.66,0.611,87.78,37.78,93,0.886,1.047,0.441,0.487,0.11,0.111,0.371,0.227,0.265,0.199,0.13,0.13
2026,MLB,R,688497,"Rashi, Taylor",R,,45,0.702,85.96,35.96,0.468,90.64,40.64,0.183,96.34,46.34,16,0.825,0.638,0.475,0.413,0.119,0.114,0.345,0.283,0.279,0.244,0.106,0.107
2026,MLB,R,656222,"Beeks, Jalen",L,,290,0.519,89.62,39.62,0.468,90.64,40.64,0.144,97.12,47.12,50,0.788,0.779,0.452,0.471,0.093,0.11,0.339,0.234,0.314,0.269,0.1,0.096
2026,MLB,R,656550,"Holmes, Grant",R,,652,0.429,91.42,41.42,0.468,90.64,40.64,0.084,98.32,48.32,48,0.681,0.771,0.449,0.476,0.139,0.135,0.431,0.282,0.35,0.266,0.065,0.082
2026,AAA,R,679057,"Green, Mason",L,,331,1.145,77.1,27.1,0.469,90.62,40.62,0.728,85.44,35.44,42,0.76,0.75,0.456,0.463,0.097,0.105,0.353,0.227,0.359,0.291,0.069,0.073
2026,AAA,R,623381,"Pannone, Thomas",L,,225,1.033,79.34,29.34,0.47,90.6,40.6,0.377,92.46,42.46,94,0.931,1.06,0.478,0.471,0.109,0.091,0.333,0.191,0.256,0.195,0.118,0.136
2026,A,R,823810,"Moring, Reed",R,,256,0.153,96.94,46.94,0.47,90.6,40.6,-0.147,102.94,52.94,45,0.944,0.761,0.51,0.46,0.132,0.143,0.333,0.318,0.255,0.222,0.141,0.136
2026,AAA,R,687259,"Bell, Luke",R,,95,1.385,72.3,22.3,0.47,90.6,40.6,1.074,78.52,28.52,91,1.158,1.01,0.475,0.484,0.098,0.118,0.345,0.244,0.217,0.2,0.149,0.122
2026,AAA,R,663399,"Waddell, Brandon",L,,187,0.193,96.14,46.14,0.471,90.58,40.58,-0.198,103.96,53.96,74,0.918,0.887,0.437,0.456,0.094,0.096,0.318,0.208,0.271,0.22,0.097,0.122
2026,AAA,R,621345,"Minter, A.J.",L,,58,0.194,96.12,46.12,0.471,90.58,40.58,-0.02,100.4,50.4,84,1.085,0.934,0.509,0.485,0.12,0.104,0.363,0.215,0.27,0.202,0.098,0.126
2026,AAA,R,687849,"Kent, Zak",R,,181,0.543,89.14,39.14,0.472,90.56,40.56,0.17,96.6,46.6,43,0.79,0.753,0.462,0.476,0.11,0.114,0.329,0.237,0.34,0.274,0.073,0.083
2026,A,R,827265,"Crossland, Cade",L,,392,1.76,64.8,14.8,0.472,90.56,40.56,1.429,71.42,21.42,61,0.67,0.825,0.396,0.456,0.114,0.125,0.417,0.274,0.274,0.196,0.114,0.134
2026,A,R,701361,"Clemente, Jake",R,,309,1.286,74.28,24.28,0.473,90.54,40.54,0.91,81.8,31.8,59,0.804,0.817,0.432,0.468,0.109,0.133,0.362,0.285,0.291,0.214,0.098,0.114
2026,AAA,R,685464,"Winquest, Cade",R,,55,1.076,78.48,28.48,0.474,90.52,40.52,0.597,88.06,38.06,13,0.632,0.615,0.447,0.439,0.109,0.117,0.376,0.274,0.362,0.304,0.084,0.076
2026,MLB,R,607200,"Fedde, Erick",R,,673,0.152,96.96,46.96,0.475,90.5,40.5,-0.298,105.96,55.96,40,0.683,0.742,0.414,0.449,0.099,0.1,0.355,0.225,0.31,0.253,0.089,0.094
2026,AAA,R,668766,"File, Dylan",R,,530,2.932,41.36,-8.64,0.475,90.5,40.5,2.472,50.56,0.56,85,0.75,0.947,0.417,0.481,0.097,0.118,0.426,0.246,0.304,0.21,0.124,0.121
2026,MLB,R,642759,"Fernandez, Julian",R,,71,1.528,69.44,19.44,0.476,90.48,40.48,1.243,75.14,25.14,53,0.723,0.791,0.421,0.489,0.098,0.131,0.379,0.266,0.324,0.236,0.101,0.113
2026,MLB,R,571945,"Mikolas, Miles",R,,624,-0.044,100.88,50.88,0.478,90.44,40.44,-0.666,113.32,63.32,73,0.853,0.88,0.481,0.47,0.099,0.09,0.311,0.193,0.313,0.256,0.087,0.096
2026,A,R,702909,"Arias, Brian",R,,297,1.571,68.58,18.58,0.48,90.4,40.4,1.231,75.38,25.38,64,0.683,0.836,0.371,0.458,0.094,0.123,0.406,0.268,0.303,0.203,0.109,0.131
2026,AAA,R,813865,"Leach, Hudson",R,,226,2.584,48.32,-1.68,0.48,90.4,40.4,2.35,53,3,51,0.566,0.783,0.354,0.473,0.082,0.11,0.338,0.234,0.335,0.283,0.092,0.076
2026,MLB,R,643410,"Leiter Jr., Mark",R,,298,0.216,95.68,45.68,0.481,90.38,40.38,-0.137,102.74,52.74,47,0.776,0.77,0.443,0.45,0.114,0.12,0.359,0.264,0.315,0.253,0.079,0.091
2026,AAA,R,678821,"Peralta, Luis",L,,185,1.444,71.12,21.12,0.481,90.38,40.38,1.069,78.62,28.62,46,0.759,0.763,0.42,0.457,0.085,0.111,0.312,0.247,0.278,0.217,0.115,0.125
2026,AAA,R,695950,"Pinazzi, Nicolo",L,,33,13.123,-162.46,-212.46,0.482,90.36,40.36,13.267,-165.34,-215.34,2,0,0.494,0.001,0.483,0.001,0.133,0.966,0.268,0.716,0.426,0.01,0.03
2026,A,R,698959,"Caraballo, Jan",R,,203,1.044,79.12,29.12,0.483,90.34,40.34,0.848,83.04,33.04,73,0.805,0.881,0.423,0.471,0.103,0.109,0.39,0.232,0.322,0.243,0.105,0.113
2026,AAA,R,657756,"Seabold, Connor",R,,13,2.475,50.5,0.5,0.483,90.34,40.34,2.175,56.5,6.5,68,0.672,0.855,0.384,0.47,0.091,0.123,0.485,0.26,0.265,0.185,0.153,0.151
2026,A,R,687114,"Hubbart, Bryce",L,,40,0.754,84.92,34.92,0.484,90.32,40.32,0.037,99.26,49.26,89,1.107,0.976,0.499,0.462,0.09,0.087,0.251,0.186,0.233,0.202,0.123,0.119
2026,AAA,R,701314,"Hull, Nick",R,,84,3.208,35.84,-14.16,0.484,90.32,40.32,2.944,41.12,-8.88,71,0.723,0.873,0.362,0.475,0.086,0.105,0.519,0.219,0.367,0.237,0.089,0.104
2026,AAA,R,552640,"Kittredge, Andrew",R,,107,0.239,95.22,45.22,0.485,90.3,40.3,-0.154,103.08,53.08,65,0.786,0.842,0.476,0.478,0.1,0.104,0.319,0.215,0.306,0.252,0.097,0.096
2026,AAA,R,804619,"Klein, John",R,,401,0.591,88.18,38.18,0.487,90.26,40.26,0.113,97.74,47.74,75,0.994,0.891,0.47,0.468,0.112,0.115,0.335,0.245,0.266,0.222,0.118,0.111
2026,A,R,813770,"Wooster, Caden",R,,70,2.483,50.34,0.34,0.487,90.26,40.26,2.062,58.76,8.76,96,1.169,1.15,0.458,0.492,0.094,0.106,0.318,0.215,0.188,0.152,0.192,0.164
2026,AAA,R,676664,"Sears, JP",L,,595,0.336,93.28,43.28,0.489,90.22,40.22,-0.189,103.78,53.78,59,0.796,0.82,0.477,0.473,0.104,0.107,0.318,0.227,0.285,0.241,0.108,0.102
2026,MLB,R,694363,"Shuster, Jared",L,,114,0.529,89.42,39.42,0.49,90.2,40.2,0.404,91.92,41.92,32,0.628,0.716,0.432,0.47,0.115,0.123,0.415,0.26,0.353,0.289,0.077,0.08
2026,AAA,R,605463,"Scott, Tayler",R,,315,0.298,94.04,44.04,0.491,90.18,40.18,-0.008,100.16,50.16,22,0.64,0.669,0.436,0.444,0.139,0.121,0.42,0.272,0.315,0.256,0.108,0.103
2026,AAA,R,683352,"Bratt, Mitch",L,,459,0.343,93.14,43.14,0.492,90.16,40.16,-0.258,105.16,55.16,70,1.029,0.864,0.529,0.472,0.106,0.105,0.282,0.226,0.258,0.212,0.108,0.119
2026,AAA,R,680730,"Parker, Mitchell",L,,128,0.085,98.3,48.3,0.492,90.16,40.16,-0.356,107.12,57.12,53,0.807,0.792,0.475,0.476,0.117,0.118,0.364,0.251,0.239,0.21,0.132,0.12
2026,MLB,R,453286,"Scherzer, Max",R,,342,0.469,90.62,40.62,0.493,90.14,40.14,-0.027,100.54,50.54,88,0.995,0.966,0.478,0.47,0.111,0.115,0.327,0.243,0.232,0.171,0.134,0.15
2026,AAA,R,681252,"Anderson, Jack",R,,305,0.7,86,36,0.496,90.08,40.08,0.058,98.84,48.84,81,1.055,0.918,0.486,0.455,0.111,0.118,0.327,0.259,0.244,0.195,0.122,0.143
2026,AAA,R,663531,"Allen, Logan",L,,536,0.77,84.6,34.6,0.497,90.06,40.06,0.332,93.36,43.36,71,0.905,0.869,0.441,0.474,0.08,0.098,0.273,0.204,0.275,0.25,0.11,0.099
2026,MLB,R,696131,"Black, Mason",R,,100,-0.042,100.84,50.84,0.498,90.04,40.04,-0.268,105.36,55.36,40,0.91,0.744,0.479,0.446,0.102,0.112,0.303,0.254,0.274,0.248,0.127,0.095
2026,AAA,R,660787,"De los Santos, Yerry",R,,236,0.595,88.1,38.1,0.5,90,40,0.173,96.54,46.54,55,0.797,0.802,0.45,0.471,0.085,0.099,0.318,0.204,0.366,0.306,0.067,0.067
2026,AAA,R,809950,"Hawkins, Dakota",R,,35,-0.578,111.56,61.56,0.5,90,40,-1.012,120.24,70.24,75,0.691,0.89,0.465,0.479,0.152,0.125,0.428,0.259,0.303,0.216,0.082,0.116
2026,AAA,R,681084,"Andrews, Tanner",R,,285,0.574,88.52,38.52,0.501,89.98,39.98,0.17,96.6,46.6,54,0.698,0.793,0.452,0.477,0.137,0.131,0.406,0.275,0.313,0.257,0.103,0.096
2026,AAA,R,695445,"Lee, Chase",R,,248,0.054,98.92,48.92,0.501,89.98,39.98,-0.328,106.56,56.56,57,0.729,0.807,0.46,0.444,0.097,0.093,0.278,0.215,0.311,0.26,0.084,0.09
2026,AAA,R,702045,"Maltrud, Rorik",R,,524,0.069,98.62,48.62,0.502,89.96,39.96,-0.342,106.84,56.84,57,0.893,0.807,0.507,0.476,0.114,0.113,0.338,0.236,0.311,0.262,0.096,0.102
2026,AAA,R,669145,"Zimmermann, Bruce",L,,567,1.798,64.04,14.04,0.503,89.94,39.94,1.332,73.36,23.36,39,0.8,0.738,0.453,0.47,0.107,0.127,0.402,0.274,0.356,0.293,0.077,0.083
2026,MLB,R,663978,"Paddack, Chris",R,,584,-0.066,101.32,51.32,0.504,89.92,39.92,-0.569,111.38,61.38,74,0.92,0.887,0.501,0.467,0.128,0.117,0.346,0.249,0.276,0.229,0.11,0.114
2026,A,R,834989,"Echeman, Kaden",R,,363,4,20,-30,0.505,89.9,39.9,3.718,25.64,-24.36,86,0.645,0.948,0.325,0.444,0.079,0.104,0.441,0.237,0.328,0.233,0.102,0.114
2026,A,R,806244,"Tiedemann, Josh",R,,241,0.863,82.74,32.74,0.508,89.84,39.84,0.215,95.7,45.7,90,0.986,0.998,0.47,0.476,0.103,0.114,0.313,0.238,0.227,0.187,0.146,0.138
2026,A,R,677337,"Hansen, Pete",L,,91,0.769,84.62,34.62,0.508,89.84,39.84,-0.083,101.66,51.66,21,0.847,0.661,0.472,0.455,0.097,0.104,0.308,0.229,0.329,0.293,0.075,0.08
2026,MLB,R,608723,"Voth, Austin",R,,49,0.901,81.98,31.98,0.509,89.82,39.82,0.839,83.22,33.22,83,0.804,0.927,0.357,0.46,0.088,0.109,0.393,0.241,0.265,0.204,0.108,0.123
2026,AAA,R,663462,"Campbell, Isaiah",R,,245,0.855,82.9,32.9,0.509,89.82,39.82,0.405,91.9,41.9,87,0.902,0.957,0.483,0.491,0.118,0.109,0.339,0.221,0.308,0.227,0.087,0.112
2026,AAA,R,694346,"Gibson, Trey",R,,356,0.195,96.1,46.1,0.509,89.82,39.82,-0.142,102.84,52.84,23,0.77,0.676,0.456,0.435,0.107,0.12,0.328,0.283,0.333,0.279,0.071,0.079
2026,A,R,823821,"Villanueva, Ramiro",R,,118,1.069,78.62,28.62,0.51,89.8,39.8,0.519,89.62,39.62,60,0.723,0.824,0.434,0.455,0.095,0.101,0.303,0.22,0.305,0.227,0.101,0.105
2026,AAA,R,669310,"Van Eyk, CJ",R,,488,0.488,90.24,40.24,0.511,89.78,39.78,0.193,96.14,46.14,29,0.822,0.704,0.46,0.45,0.109,0.125,0.352,0.288,0.333,0.278,0.084,0.086
2026,MLB,R,593958,"Rodriguez, Eduardo",L,,752,0.128,97.44,47.44,0.511,89.78,39.78,-0.204,104.08,54.08,58,0.78,0.809,0.487,0.482,0.114,0.114,0.324,0.237,0.325,0.268,0.083,0.096
2026,MLB,R,681252,"Anderson, Jack",R,,124,0.701,85.98,35.98,0.512,89.76,39.76,0.013,99.74,49.74,83,1.192,0.929,0.514,0.445,0.121,0.107,0.328,0.238,0.216,0.179,0.141,0.155
2026,AAA,R,699044,"Ullola, Miguel",R,,499,0.776,84.48,34.48,0.512,89.76,39.76,0.481,90.38,40.38,77,0.845,0.899,0.436,0.466,0.109,0.119,0.342,0.258,0.237,0.196,0.142,0.134
2026,A,R,835867,"DesMarets, Matthew",R,,182,2.136,57.28,7.28,0.512,89.76,39.76,1.748,65.04,15.04,56,0.737,0.804,0.389,0.459,0.096,0.112,0.416,0.243,0.328,0.244,0.108,0.098
2026,MLB,R,605130,"Barlow, Scott",R,,297,1.456,70.88,20.88,0.513,89.74,39.74,0.951,80.98,30.98,86,0.753,0.956,0.395,0.451,0.105,0.104,0.396,0.23,0.298,0.213,0.088,0.114
2026,AAA,R,676596,"Fleming, Josh",L,,379,-0.116,102.32,52.32,0.515,89.7,39.7,-0.593,111.86,61.86,24,0.727,0.679,0.493,0.466,0.116,0.114,0.325,0.256,0.379,0.34,0.065,0.064
2026,AAA,R,676785,"Conley, Bryce",R,,263,1.491,70.18,20.18,0.515,89.7,39.7,1.061,78.78,28.78,90,1.009,0.992,0.437,0.472,0.094,0.107,0.355,0.226,0.253,0.194,0.124,0.126
2026,A,R,806823,"Lin, Sheng-En",R,,187,1.308,73.84,23.84,0.515,89.7,39.7,0.775,84.5,34.5,97,0.997,1.176,0.466,0.488,0.101,0.106,0.309,0.214,0.194,0.16,0.198,0.172
2026,AAA,R,683157,"Fitterer, Evan",R,,452,2.678,46.44,-3.56,0.517,89.66,39.66,2.288,54.24,4.24,11,0.484,0.595,0.393,0.465,0.089,0.105,0.443,0.229,0.47,0.355,0.043,0.049
2026,AAA,R,608335,"Funkhouser, Kyle",R,,68,0.84,83.2,33.2,0.518,89.64,39.64,0.476,90.48,40.48,52,0.608,0.785,0.418,0.477,0.089,0.098,0.327,0.205,0.365,0.265,0.062,0.091
2026,MLB,R,527048,"Perez, Martin",L,,540,0.365,92.7,42.7,0.519,89.62,39.62,-0.067,101.34,51.34,66,0.792,0.844,0.458,0.469,0.097,0.099,0.291,0.208,0.312,0.272,0.094,0.091
2026,AAA,R,686763,"Mayer, Gunner",R,,224,2.455,50.9,0.9,0.519,89.62,39.62,1.756,64.88,14.88,91,0.784,1.006,0.413,0.491,0.088,0.114,0.403,0.233,0.317,0.194,0.115,0.121
2026,AAA,R,700270,"Diaz, Yilber",R,,288,0.382,92.36,42.36,0.519,89.62,39.62,-0.139,102.78,52.78,50,0.795,0.781,0.484,0.46,0.13,0.13,0.363,0.282,0.267,0.229,0.12,0.106
2026,AAA,R,815179,"Herberholz, Christian",R,,63,0.096,98.08,48.08,0.52,89.6,39.6,-0.357,107.14,57.14,87,1.233,0.964,0.462,0.447,0.084,0.099,0.281,0.217,0.245,0.181,0.11,0.135
2026,AAA,R,670062,"Garcia, Julian",R,,230,0.6,88,38,0.52,89.6,39.6,0.239,95.22,45.22,70,0.885,0.863,0.48,0.48,0.117,0.134,0.382,0.28,0.278,0.212,0.105,0.12
2026,AAA,R,691945,"Baumler, Carter",R,,56,0.96,80.8,30.8,0.521,89.58,39.58,0.767,84.66,34.66,47,0.778,0.767,0.38,0.471,0.07,0.122,0.324,0.263,0.348,0.281,0.073,0.09
2026,AAA,R,687287,"Monteverde, Patrick",L,,437,0.429,91.42,41.42,0.522,89.56,39.56,-0.095,101.9,51.9,92,1.032,1.025,0.496,0.483,0.105,0.104,0.297,0.214,0.234,0.195,0.132,0.135
2026,AAA,R,671143,"Denholm, Trenton",R,,563,0.646,87.08,37.08,0.522,89.56,39.56,0.153,96.94,46.94,87,1.066,0.962,0.489,0.468,0.096,0.102,0.287,0.218,0.247,0.214,0.129,0.117
2026,A,R,808207,"Pan, Wen-Hui",R,,56,1.876,62.48,12.48,0.522,89.56,39.56,1.512,69.76,19.76,88,0.967,0.965,0.443,0.479,0.097,0.114,0.325,0.238,0.288,0.195,0.103,0.129
2026,MLB,R,641816,"Mahle, Tyler",R,,715,-0.222,104.44,54.44,0.524,89.52,39.52,-0.605,112.1,62.1,86,0.803,0.948,0.448,0.455,0.116,0.108,0.333,0.235,0.291,0.212,0.107,0.129
2026,AAA,R,642048,"Saucedo, Tayler",L,,263,0.776,84.48,34.48,0.525,89.5,39.5,0.454,90.92,40.92,58,0.702,0.81,0.458,0.481,0.113,0.109,0.369,0.227,0.347,0.28,0.088,0.089
2026,A,R,814136,"Tejada, Clevari",R,,210,1.666,66.68,16.68,0.526,89.48,39.48,1.312,73.76,23.76,84,0.763,0.931,0.352,0.448,0.084,0.105,0.397,0.235,0.307,0.19,0.106,0.14
2026,A,R,640470,"Alzolay, Adbert",R,,23,0.489,90.22,40.22,0.526,89.48,39.48,-0.192,103.84,53.84,66,1.309,0.844,0.579,0.473,0.099,0.105,0.246,0.22,0.288,0.247,0.089,0.107
2026,AAA,R,695776,"Stephan, Josh",R,,535,0.041,99.18,49.18,0.526,89.48,39.48,-0.564,111.28,61.28,71,1.096,0.867,0.546,0.468,0.11,0.102,0.281,0.217,0.291,0.254,0.09,0.093
2026,AAA,R,605335,"Leibrandt, Brandon",L,,537,0.541,89.18,39.18,0.528,89.44,39.44,0.003,99.94,49.94,91,1.108,1.001,0.483,0.484,0.105,0.108,0.299,0.217,0.258,0.222,0.105,0.114
2026,AAA,R,641386,"Bowden, Ben",L,,238,0.934,81.32,31.32,0.529,89.42,39.42,0.424,91.52,41.52,82,0.956,0.925,0.464,0.483,0.113,0.123,0.356,0.255,0.278,0.225,0.107,0.121
2026,AAA,R,624522,"Thompson, Keegan",R,,407,0.402,91.96,41.96,0.529,89.42,39.42,-0.206,104.12,54.12,74,0.991,0.885,0.484,0.475,0.101,0.107,0.324,0.225,0.295,0.239,0.091,0.101
2026,AAA,R,814366,"Feeney, Cade",R,,59,0.133,97.34,47.34,0.53,89.4,39.4,-0.45,109,59,79,1.058,0.909,0.511,0.407,0.145,0.106,0.353,0.263,0.207,0.159,0.138,0.15
2026,A,R,830242,"Hilker, Michael",R,,270,1.287,74.26,24.26,0.531,89.38,39.38,0.69,86.2,36.2,96,1.105,1.149,0.477,0.468,0.109,0.102,0.344,0.218,0.229,0.16,0.167,0.174
2026,MLB,R,672021,"Cerantola, Eric",R,,62,3.021,39.58,-10.42,0.532,89.36,39.36,2.724,45.52,-4.48,79,0.577,0.908,0.327,0.496,0.086,0.118,0.423,0.238,0.313,0.223,0.085,0.105
2026,MLB,R,690155,"Pushard, Matt",R,,30,1.615,67.7,17.7,0.532,89.36,39.36,1.162,76.76,26.76,85,0.607,0.944,0.382,0.488,0.12,0.123,0.45,0.252,0.291,0.202,0.116,0.124
2026,AAA,R,681313,"Miller, Jake",R,,304,0.777,84.46,34.46,0.534,89.32,39.32,0.436,91.28,41.28,63,0.842,0.833,0.446,0.447,0.115,0.113,0.353,0.25,0.242,0.203,0.154,0.143
2026,AAA,R,700786,"Sears, Ben",R,,277,1.121,77.58,27.58,0.537,89.26,39.26,0.5,90,40,81,0.895,0.917,0.428,0.444,0.084,0.089,0.293,0.201,0.237,0.199,0.14,0.121
2026,A,R,814288,"Urena, Franly",R,,344,1.267,74.66,24.66,0.537,89.26,39.26,0.793,84.14,34.14,90,0.748,0.991,0.426,0.478,0.104,0.117,0.357,0.243,0.224,0.175,0.166,0.149
2026,MLB,R,663436,"Martin, Davis",R,,733,0.349,93.02,43.02,0.537,89.26,39.26,-0.154,103.08,53.08,58,0.931,0.812,0.502,0.473,0.107,0.103,0.328,0.218,0.32,0.271,0.084,0.092
2026,AAA,R,656924,"Ryan, Ryder",R,,280,0.708,85.84,35.84,0.538,89.24,39.24,0.302,93.96,43.96,74,0.899,0.885,0.475,0.465,0.102,0.103,0.325,0.22,0.308,0.253,0.101,0.103
2026,AAA,R,694559,"Jones, Nick",L,,76,1.868,62.64,12.64,0.539,89.22,39.22,1.262,74.76,24.76,91,0.954,1.009,0.454,0.496,0.09,0.093,0.354,0.188,0.306,0.221,0.087,0.105
2026,MLB,R,663423,"Thornton, Trent",R,,48,0.739,85.22,35.22,0.539,89.22,39.22,0.482,90.36,40.36,61,0.726,0.826,0.428,0.48,0.104,0.108,0.378,0.224,0.29,0.258,0.119,0.097
2026,AAA,R,680933,"Suarez, Joander",R,,129,1.348,73.04,23.04,0.541,89.18,39.18,0.852,82.96,32.96,87,0.931,0.959,0.422,0.476,0.093,0.101,0.374,0.215,0.303,0.22,0.106,0.114
2026,AAA,R,694350,"Brzykcy, Zach",R,,213,0.524,89.52,39.52,0.541,89.18,39.18,0.109,97.82,47.82,67,0.948,0.85,0.484,0.477,0.118,0.129,0.317,0.273,0.279,0.239,0.109,0.107
2026,AAA,R,606996,"Hart, Kyle",L,,26,-0.497,109.94,59.94,0.543,89.14,39.14,-0.905,118.1,68.1,30,0.901,0.707,0.473,0.474,0.096,0.127,0.292,0.265,0.323,0.299,0.07,0.068
2026,AAA,R,676390,"Mace, Tommy",R,,310,1.507,69.86,19.86,0.543,89.14,39.14,1.173,76.54,26.54,67,0.733,0.85,0.403,0.457,0.097,0.1,0.366,0.223,0.331,0.265,0.089,0.094
2026,A,R,808510,"Genao, Manuel",R,,362,0.895,82.1,32.1,0.544,89.12,39.12,0.27,94.6,44.6,50,0.826,0.779,0.449,0.453,0.107,0.112,0.356,0.247,0.327,0.26,0.083,0.089
2026,AAA,R,518489,"Brasier, Ryan",R,,245,0.52,89.6,39.6,0.544,89.12,39.12,-0.016,100.32,50.32,87,0.949,0.961,0.493,0.483,0.113,0.107,0.338,0.223,0.265,0.208,0.116,0.121
2026,MLB,R,681517,"Leahy, Kyle",R,,689,0.135,97.3,47.3,0.545,89.1,39.1,-0.22,104.4,54.4,29,0.753,0.703,0.467,0.452,0.118,0.116,0.362,0.258,0.321,0.271,0.08,0.085
2026,AAA,R,687924,"Aguiar, Julian",R,,150,0.826,83.48,33.48,0.546,89.08,39.08,0.315,93.7,43.7,88,0.988,0.965,0.496,0.482,0.097,0.099,0.305,0.202,0.258,0.223,0.13,0.111
2026,AAA,R,814351,"Braun, Lucas",R,,430,0.417,91.66,41.66,0.547,89.06,39.06,-0.07,101.4,51.4,72,0.912,0.878,0.483,0.463,0.113,0.121,0.352,0.263,0.277,0.23,0.113,0.107
2026,A,R,657756,"Seabold, Connor",R,,17,-0.063,101.26,51.26,0.548,89.04,39.04,-0.252,105.04,55.04,40,0.704,0.742,0.448,0.475,0.136,0.126,0.493,0.265,0.301,0.24,0.103,0.102
2026,MLB,R,642152,"Trivino, Lou",R,,62,1.447,71.06,21.06,0.552,88.96,38.96,1.164,76.72,26.72,50,0.759,0.781,0.388,0.479,0.079,0.097,0.35,0.202,0.352,0.281,0.073,0.083
2026,AAA,R,694393,"Wiggins, Jaxon",R,,68,1.555,68.9,18.9,0.552,88.96,38.96,0.992,80.16,30.16,76,0.981,0.893,0.445,0.477,0.078,0.103,0.292,0.217,0.309,0.262,0.096,0.09
2026,A,R,813891,"Diaz, Jatnk",R,,307,1.566,68.68,18.68,0.553,88.94,38.94,1.204,75.92,25.92,89,0.857,0.987,0.377,0.469,0.08,0.095,0.352,0.2,0.268,0.212,0.129,0.132
2026,MLB,R,687849,"Kent, Zak",R,,125,1.412,71.76,21.76,0.557,88.86,38.86,1.098,78.04,28.04,59,0.824,0.815,0.443,0.486,0.102,0.105,0.372,0.213,0.34,0.27,0.077,0.084
2026,AAA,R,676467,"Gordon, Colton",L,,315,0.354,92.92,42.92,0.558,88.84,38.84,-0.34,106.8,56.8,94,1.115,1.065,0.503,0.479,0.101,0.097,0.292,0.202,0.251,0.199,0.122,0.127
2026,A,R,701432,"Gonzalez, Orlando",R,,39,3.543,29.14,-20.86,0.56,88.8,38.8,3.348,33.04,-16.96,80,0.563,0.914,0.285,0.45,0.064,0.108,0.375,0.24,0.287,0.162,0.132,0.163
2026,AAA,R,680397,"Benschoter, Sam",R,,330,0.601,87.98,37.98,0.561,88.78,38.78,0.015,99.7,49.7,85,0.893,0.944,0.463,0.471,0.107,0.105,0.356,0.223,0.302,0.229,0.094,0.109
2026,MLB,R,682608,"Gray, Peyton",R,,179,0.353,92.94,42.94,0.562,88.76,38.76,-0.229,104.58,54.58,80,1.116,0.913,0.52,0.461,0.118,0.116,0.291,0.249,0.279,0.233,0.093,0.103
2026,A,R,692176,"Takacs, Noah",R,,223,1.722,65.56,15.56,0.564,88.72,38.72,1.25,75,25,77,0.788,0.899,0.409,0.462,0.085,0.101,0.335,0.222,0.297,0.233,0.11,0.104
2026,MLB,R,656849,"Peterson, David",L,,633,0.255,94.9,44.9,0.565,88.7,38.7,-0.088,101.76,51.76,21,0.659,0.666,0.481,0.46,0.114,0.113,0.332,0.247,0.377,0.331,0.061,0.061
2026,AAA,R,684516,"Rincon, Hancel",R,,363,-0.033,100.66,50.66,0.568,88.64,38.64,-0.416,108.32,58.32,41,0.722,0.745,0.495,0.483,0.145,0.138,0.376,0.285,0.32,0.261,0.095,0.098
2026,AAA,R,687589,"Hamel, Dom",R,,498,0.922,81.56,31.56,0.569,88.62,38.62,0.511,89.78,39.78,85,0.957,0.939,0.451,0.464,0.107,0.116,0.346,0.252,0.258,0.194,0.121,0.132
2026,AAA,R,663562,"Davis, Noah",R,,608,1.334,73.32,23.32,0.574,88.52,38.52,0.7,86,36,79,0.888,0.909,0.436,0.451,0.088,0.088,0.342,0.196,0.293,0.21,0.11,0.121
2026,A,R,800435,"Dominguez, Diego",R,,320,1.31,73.8,23.8,0.576,88.48,38.48,0.649,87.02,37.02,76,0.832,0.896,0.441,0.439,0.091,0.09,0.321,0.2,0.29,0.24,0.11,0.097
2026,AAA,R,660623,"Ynoa, Huascar",R,,435,2.038,59.24,9.24,0.577,88.46,38.46,1.576,68.48,18.48,57,0.701,0.808,0.415,0.475,0.103,0.122,0.422,0.257,0.362,0.254,0.081,0.092
2026,AAA,R,669067,"Webb, Ryan",L,,525,1.571,68.58,18.58,0.578,88.44,38.44,1.374,72.52,22.52,46,0.804,0.766,0.396,0.466,0.084,0.12,0.334,0.256,0.301,0.266,0.1,0.088
2026,AAA,R,657508,"Baumann, Mike",R,,175,0.818,83.64,33.64,0.579,88.42,38.42,0.242,95.16,45.16,82,0.907,0.926,0.453,0.478,0.099,0.12,0.32,0.25,0.275,0.216,0.112,0.115
2026,AAA,R,686294,"Willingham, Amos",R,,243,1.587,68.26,18.26,0.581,88.38,38.38,1.06,78.8,28.8,74,0.959,0.889,0.48,0.488,0.103,0.115,0.361,0.237,0.319,0.267,0.09,0.09
2026,AAA,R,656529,"Hentges, Sam",L,,139,1.246,75.08,25.08,0.582,88.36,38.36,0.954,80.92,30.92,81,0.855,0.918,0.419,0.476,0.081,0.105,0.323,0.224,0.28,0.22,0.119,0.117
2026,MLB,R,665152,"Kremer, Dean",R,,174,0.382,92.36,42.36,0.582,88.36,38.36,0.121,97.58,47.58,76,0.932,0.895,0.506,0.475,0.142,0.124,0.373,0.259,0.265,0.213,0.118,0.133
2026,AAA,R,687238,"Bright, Trace",R,,143,1.93,61.4,11.4,0.584,88.32,38.32,1.206,75.88,25.88,93,0.977,1.026,0.448,0.484,0.087,0.099,0.28,0.206,0.287,0.219,0.109,0.118
2026,MLB,R,615698,"Quantrill, Cal",R,,263,0.248,95.04,45.04,0.585,88.3,38.3,-0.389,107.78,57.78,66,0.952,0.844,0.512,0.476,0.102,0.099,0.277,0.206,0.271,0.241,0.116,0.107
2026,AAA,R,692230,"Rodriguez, Carlos",R,,378,1.347,73.06,23.06,0.587,88.26,38.26,0.827,83.46,33.46,90,0.902,0.993,0.444,0.482,0.107,0.112,0.353,0.231,0.271,0.201,0.115,0.133
2026,AAA,R,669298,"Shook, TJ",R,,285,0.898,82.04,32.04,0.587,88.26,38.26,0.188,96.24,46.24,88,0.97,0.972,0.482,0.476,0.109,0.11,0.339,0.23,0.258,0.203,0.124,0.121
2026,MLB,R,663559,"Falter, Bailey",L,,68,1.167,76.66,26.66,0.59,88.2,38.2,0.823,83.54,33.54,66,0.68,0.845,0.37,0.477,0.083,0.107,0.358,0.227,0.273,0.228,0.12,0.11
2026,MLB,R,663554,"Mize, Casey",R,,465,0.326,93.48,43.48,0.591,88.18,38.18,-0.082,101.64,51.64,68,0.864,0.852,0.463,0.475,0.109,0.117,0.345,0.245,0.297,0.246,0.102,0.106
2026,AAA,R,663455,"Pilkington, Konnor",L,,276,3.72,25.6,-24.4,0.592,88.16,38.16,3.315,33.7,-16.3,69,0.541,0.858,0.346,0.478,0.091,0.118,0.46,0.245,0.37,0.244,0.084,0.102
2026,AAA,R,694851,"Hoffmann, Andrew",R,,83,0.733,85.34,35.34,0.594,88.12,38.12,0.241,95.18,45.18,52,0.968,0.785,0.541,0.491,0.134,0.132,0.323,0.264,0.318,0.295,0.087,0.083
2026,AAA,R,608723,"Voth, Austin",R,,331,0.473,90.54,40.54,0.594,88.12,38.12,-0.132,102.64,52.64,87,0.951,0.961,0.472,0.462,0.106,0.103,0.336,0.229,0.251,0.202,0.113,0.124
2026,AAA,R,615698,"Quantrill, Cal",R,,145,0.251,94.98,44.98,0.595,88.1,38.1,-0.605,112.1,62.1,81,0.968,0.918,0.471,0.468,0.09,0.091,0.284,0.196,0.284,0.226,0.101,0.108
2026,AAA,R,691027,"Witt, Tanner",R,,89,2.636,47.28,-2.72,0.595,88.1,38.1,1.979,60.42,10.42,89,0.655,0.974,0.388,0.466,0.082,0.102,0.361,0.219,0.273,0.198,0.111,0.125
2026,A,R,681294,"Alba, Max",R,,72,0.206,95.88,45.88,0.597,88.06,38.06,-0.561,111.22,61.22,58,1.072,0.813,0.495,0.448,0.103,0.116,0.315,0.262,0.316,0.28,0.091,0.075
2026,A,R,800277,"Herrera, Yordy",L,,187,3.098,38.04,-11.96,0.598,88.04,38.04,2.623,47.54,-2.46,71,0.603,0.867,0.292,0.437,0.071,0.118,0.429,0.269,0.279,0.148,0.106,0.167
2026,MLB,R,592836,"Walker, Taijuan",R,,423,0.878,82.44,32.44,0.6,88,38,0.301,93.98,43.98,77,0.857,0.898,0.417,0.452,0.081,0.084,0.301,0.186,0.294,0.228,0.106,0.117
2026,A,R,806067,"Ellwanger, James",R,,174,0.853,82.94,32.94,0.6,88,38,0.425,91.5,41.5,54,0.706,0.793,0.426,0.475,0.096,0.12,0.337,0.256,0.34,0.274,0.082,0.086
2026,AAA,R,695034,"Morris, Kade",R,,545,0.465,90.7,40.7,0.601,87.98,37.98,-0.046,100.92,50.92,46,0.769,0.764,0.455,0.449,0.107,0.108,0.351,0.246,0.328,0.275,0.092,0.092
2026,AAA,R,685329,"Pena, Carlos",L,,153,6.075,-21.5,-71.5,0.602,87.96,37.96,5.701,-14.02,-64.02,67,0.459,0.849,0.269,0.452,0.047,0.105,0.471,0.233,0.391,0.239,0.084,0.107
2026,AAA,R,687362,"Gillispie, Connor",R,,212,0.188,96.24,46.24,0.605,87.9,37.9,-0.196,103.92,53.92,80,0.981,0.913,0.494,0.476,0.104,0.108,0.306,0.227,0.257,0.223,0.122,0.117
2026,AAA,R,660813,"Graterol, Brusdar",R,,74,0.352,92.96,42.96,0.606,87.88,37.88,-0.211,104.22,54.22,39,0.608,0.74,0.445,0.46,0.08,0.091,0.341,0.192,0.397,0.296,0.063,0.08
2026,AAA,R,681004,"Carey, Jack",R,,54,1.778,64.44,14.44,0.608,87.84,37.84,1.37,72.6,22.6,94,1.026,1.076,0.476,0.491,0.106,0.117,0.346,0.234,0.243,0.188,0.136,0.14
2026,AAA,R,686678,"Solesky, Chase",R,,377,0.448,91.04,41.04,0.608,87.84,37.84,0.083,98.34,48.34,49,0.872,0.776,0.445,0.439,0.091,0.1,0.322,0.226,0.293,0.259,0.105,0.098
2026,A,R,827610,"Cain, Brandon",R,,351,1.994,60.12,10.12,0.609,87.82,37.82,1.532,69.36,19.36,85,0.712,0.942,0.363,0.48,0.075,0.1,0.394,0.208,0.345,0.232,0.089,0.111
2026,A,R,800243,"Galvez, Jovi",R,,195,2.406,51.88,1.88,0.61,87.8,37.8,1.797,64.06,14.06,54,0.614,0.794,0.381,0.479,0.095,0.119,0.396,0.247,0.295,0.231,0.138,0.112
2026,MLB,R,518876,"Kelly, Merrill",R,,477,0.332,93.36,43.36,0.611,87.78,37.78,0.116,97.68,47.68,67,0.718,0.85,0.459,0.483,0.125,0.121,0.361,0.246,0.346,0.254,0.087,0.116
2026,AAA,R,544150,"Suarez, Albert",R,,133,0.764,84.72,34.72,0.611,87.78,37.78,-0.089,101.78,51.78,93,1.161,1.028,0.502,0.472,0.106,0.103,0.308,0.219,0.261,0.196,0.115,0.131
2026,MLB,R,605218,"Edwards Jr., Carl",R,,99,0.694,86.12,36.12,0.612,87.76,37.76,0.218,95.64,45.64,40,0.88,0.744,0.463,0.464,0.119,0.123,0.391,0.265,0.249,0.225,0.137,0.12
2026,A,R,804892,"West, Justin",L,,573,1,80,30,0.612,87.76,37.76,0.287,94.26,44.26,69,0.98,0.862,0.443,0.43,0.096,0.101,0.314,0.232,0.286,0.219,0.098,0.116
2026,AAA,R,671131,"Rutledge, Jackson",R,,195,0.621,87.58,37.58,0.612,87.76,37.76,0.217,95.66,45.66,65,0.958,0.839,0.48,0.48,0.112,0.117,0.35,0.243,0.292,0.239,0.105,0.112
2026,MLB,R,689690,"Jacob, Alek",R,,34,0.046,99.08,49.08,0.613,87.74,37.74,-0.955,119.1,69.1,95,0.735,1.089,0.46,0.436,0.138,0.098,0.401,0.22,0.197,0.16,0.155,0.156
2026,AAA,R,646241,"De Jesus, Enmanuel",L,,36,-0.942,118.84,68.84,0.614,87.72,37.72,-1.239,124.78,74.78,34,0.944,0.723,0.533,0.466,0.115,0.126,0.282,0.271,0.256,0.211,0.106,0.129
2026,AAA,R,814804,"Rogers, Grant",R,,495,0.455,90.9,40.9,0.617,87.66,37.66,-0.09,101.8,51.8,17,0.876,0.645,0.447,0.415,0.086,0.107,0.276,0.254,0.314,0.3,0.088,0.068
2026,MLB,R,668678,"Gallen, Zac",R,,768,-0.04,100.8,50.8,0.617,87.66,37.66,-0.485,109.7,59.7,63,0.776,0.834,0.49,0.474,0.127,0.117,0.355,0.247,0.321,0.253,0.086,0.101
2026,A,R,692288,"Evans, Donye",R,,160,2.151,56.98,6.98,0.618,87.64,37.64,1.487,70.26,20.26,96,0.847,1.124,0.397,0.497,0.092,0.102,0.39,0.204,0.291,0.19,0.115,0.137
2026,AAA,R,689450,"Taggart, Luke",R,,35,1.134,77.32,27.32,0.619,87.62,37.62,0.508,89.84,39.84,91,1.192,1.011,0.5,0.482,0.098,0.116,0.32,0.24,0.246,0.188,0.125,0.131
2026,MLB,R,687765,"Spence, Mitch",R,,84,1.416,71.68,21.68,0.619,87.62,37.62,1.044,79.12,29.12,62,0.652,0.831,0.447,0.484,0.087,0.098,0.328,0.2,0.377,0.283,0.061,0.084
2026,AAA,R,702318,"Campos, Chris",R,,131,0.792,84.16,34.16,0.619,87.62,37.62,0.188,96.24,46.24,60,0.992,0.824,0.497,0.465,0.109,0.115,0.358,0.246,0.279,0.212,0.118,0.128
2026,MLB,R,547179,"Lorenzen, Michael",R,,787,0.56,88.8,38.8,0.62,87.6,37.6,0.006,99.88,49.88,59,0.847,0.814,0.454,0.461,0.104,0.112,0.345,0.242,0.299,0.253,0.095,0.095
2026,AAA,R,694312,"Workman, Logan",R,,635,0.582,88.36,38.36,0.62,87.6,37.6,0.013,99.74,49.74,90,1.019,0.99,0.48,0.497,0.117,0.119,0.355,0.238,0.248,0.193,0.131,0.136
2026,AAA,R,801179,"Lin, Yu-Min",L,,460,1.172,76.56,26.56,0.621,87.58,37.58,0.63,87.4,37.4,48,0.749,0.771,0.451,0.471,0.094,0.104,0.288,0.22,0.358,0.312,0.067,0.067
2026,MLB,R,625643,"Lopez, Reynaldo",R,,460,0.711,85.78,35.78,0.621,87.58,37.58,0.114,97.72,47.72,90,0.916,0.996,0.447,0.47,0.101,0.104,0.332,0.22,0.272,0.186,0.092,0.125
2026,AAA,R,809459,"Austin, Morris",R,,23,1.195,76.1,26.1,0.623,87.54,37.54,0.728,85.44,35.44,92,0.84,1.025,0.413,0.502,0.086,0.106,0.38,0.21,0.292,0.221,0.121,0.107
2026,MLB,R,663568,"Kolek, Stephen",R,,177,-0.293,105.86,55.86,0.623,87.54,37.54,-0.626,112.52,62.52,49,0.816,0.774,0.487,0.473,0.104,0.102,0.324,0.215,0.342,0.298,0.077,0.075
2026,AAA,R,687866,"Yeager, Justin",R,,318,2.305,53.9,3.9,0.623,87.54,37.54,1.797,64.06,14.06,89,0.785,0.983,0.42,0.492,0.109,0.117,0.452,0.237,0.31,0.207,0.102,0.114
2026,A,R,802243,"Garcia, Jaiker",R,,85,2.235,55.3,5.3,0.624,87.52,37.52,2.078,58.44,8.44,82,0.908,0.924,0.411,0.482,0.105,0.13,0.409,0.269,0.279,0.177,0.135,0.154
2026,AAA,R,664747,"Diaz, Alexis",R,,277,1.48,70.4,20.4,0.624,87.52,37.52,1.141,77.18,27.18,43,0.69,0.752,0.403,0.457,0.105,0.131,0.399,0.286,0.27,0.174,0.131,0.164
2026,AAA,R,682610,"Munoz, Roddery",R,,221,0.555,88.9,38.9,0.626,87.48,37.48,0.058,98.84,48.84,19,0.74,0.653,0.46,0.456,0.118,0.123,0.395,0.274,0.372,0.31,0.069,0.062
2026,AAA,R,681890,"Watson, Troy",R,,69,1.372,72.56,22.56,0.627,87.46,37.46,1.012,79.76,29.76,85,0.685,0.94,0.354,0.474,0.089,0.099,0.382,0.208,0.319,0.225,0.07,0.104
2026,MLB,R,607625,"Lugo, Seth",R,,847,0.326,93.48,43.48,0.634,87.32,37.32,-0.312,106.24,56.24,75,1.007,0.891,0.474,0.449,0.095,0.093,0.279,0.206,0.275,0.222,0.096,0.109
2026,MLB,R,608566,"Marquez, German",R,,499,0.572,88.56,38.56,0.634,87.32,37.32,-0.033,100.66,50.66,88,0.959,0.97,0.454,0.478,0.106,0.119,0.354,0.246,0.294,0.208,0.105,0.131
2026,AAA,R,806190,"Coffey, Isaac",R,,301,0.501,89.98,39.98,0.634,87.32,37.32,-0.097,101.94,51.94,82,0.985,0.925,0.439,0.404,0.107,0.102,0.346,0.254,0.23,0.142,0.127,0.159
2026,AAA,R,702674,"Dana, Caden",R,,291,0.487,90.26,40.26,0.636,87.28,37.28,-0.168,103.36,53.36,82,0.808,0.924,0.433,0.483,0.093,0.103,0.316,0.214,0.321,0.24,0.077,0.094
2026,MLB,R,680573,"Woods Richardson, Simeon",R,,737,0.662,86.76,36.76,0.636,87.28,37.28,0.254,94.92,44.92,85,0.984,0.941,0.464,0.492,0.111,0.117,0.353,0.236,0.3,0.23,0.1,0.119
2026,AAA,R,641672,"Hatch, Thomas",R,,490,0.191,96.18,46.18,0.64,87.2,37.2,-0.294,105.88,55.88,60,0.901,0.822,0.502,0.458,0.117,0.106,0.347,0.242,0.311,0.255,0.099,0.105
2026,AAA,R,691009,"Ray, Dylan",R,,243,0.759,84.82,34.82,0.64,87.2,37.2,-0.09,101.8,51.8,67,1.09,0.85,0.52,0.474,0.11,0.116,0.316,0.243,0.306,0.266,0.095,0.093
2026,AAA,R,700183,"Holub, Blake",R,,291,-0.198,103.96,53.96,0.641,87.18,37.18,-0.679,113.58,63.58,0,0.566,0.421,0.471,0.426,0.123,0.128,0.36,0.299,0.3,0.256,0.089,0.084
2026,AAA,R,607179,"Weems, Jordan",R,,213,1.323,73.54,23.54,0.642,87.16,37.16,0.938,81.24,31.24,75,0.804,0.891,0.433,0.496,0.099,0.11,0.367,0.22,0.338,0.258,0.086,0.094
2026,AAA,R,808865,"Young, Jack",R,,9,-0.577,111.54,61.54,0.645,87.1,37.1,-1.514,130.28,80.28,42,0.381,0.749,0.392,0.417,0.079,0.079,0.292,0.187,0.313,0.264,0.081,0.081
2026,MLB,R,837227,"Imai, Tatsuya",R,,284,0.802,83.96,33.96,0.646,87.08,37.08,0.246,95.08,45.08,46,0.68,0.765,0.421,0.474,0.113,0.124,0.361,0.259,0.323,0.27,0.09,0.086
2026,AAA,R,696270,"Johnson, Ryan",R,,78,0.307,93.86,43.86,0.646,87.08,37.08,-0.304,106.08,56.08,73,0.934,0.881,0.492,0.473,0.079,0.077,0.251,0.16,0.291,0.229,0.096,0.107
2026,MLB,R,694341,"Beck, Brendan",R,,52,1.847,63.06,13.06,0.647,87.06,37.06,1.167,76.66,26.66,95,0.79,1.1,0.363,0.468,0.094,0.11,0.381,0.231,0.32,0.171,0.082,0.155
2026,AAA,R,541640,"Ramirez, Erasmo",R,,129,0.579,88.42,38.42,0.648,87.04,37.04,-0.411,108.22,58.22,82,1.143,0.926,0.547,0.465,0.088,0.088,0.239,0.185,0.293,0.245,0.089,0.094
2026,AAA,R,641907,"Murphy, Patrick",R,,185,0.691,86.18,36.18,0.648,87.04,37.04,0.102,97.96,47.96,70,0.915,0.863,0.455,0.458,0.096,0.096,0.313,0.21,0.307,0.263,0.094,0.084
2026,MLB,R,641778,"Lauer, Eric",L,,598,0.778,84.44,34.44,0.649,87.02,37.02,0.003,99.94,49.94,92,1.02,1.019,0.467,0.462,0.098,0.094,0.313,0.202,0.255,0.2,0.114,0.127
2026,AAA,R,664123,"Effross, Scott",R,,145,1.217,75.66,25.66,0.65,87,37,0.236,95.28,45.28,62,0.746,0.83,0.418,0.45,0.078,0.09,0.345,0.201,0.32,0.285,0.103,0.08
2026,MLB,R,680744,"Madden, Ty",R,,168,0.81,83.8,33.8,0.651,86.98,36.98,0.2,96,46,72,0.765,0.878,0.428,0.474,0.099,0.104,0.375,0.218,0.328,0.254,0.091,0.093
2026,A,R,701400,"Adams, Gavin",R,,223,1.973,60.54,10.54,0.651,86.98,36.98,1.737,65.26,15.26,31,0.52,0.709,0.361,0.461,0.102,0.123,0.403,0.267,0.31,0.231,0.113,0.118
2026,AAA,R,691739,"Sanders, Will",R,,212,0.783,84.34,34.34,0.652,86.96,36.96,0.123,97.54,47.54,70,0.809,0.864,0.484,0.471,0.116,0.115,0.358,0.246,0.293,0.238,0.108,0.103
2026,A,R,828716,"Stevens, Jonathan",R,,304,1.87,62.6,12.6,0.654,86.92,36.92,1.477,70.46,20.46,78,0.769,0.905,0.406,0.478,0.097,0.106,0.354,0.219,0.291,0.239,0.109,0.102
2026,AAA,R,684384,"Plymell, Chase",R,,287,1.223,75.54,25.54,0.655,86.9,36.9,0.752,84.96,34.96,95,1.16,1.086,0.479,0.495,0.09,0.104,0.3,0.209,0.248,0.214,0.131,0.121
2026,AAA,R,688297,"Roycroft, Chris",R,,221,1.407,71.86,21.86,0.655,86.9,36.9,0.997,80.06,30.06,19,0.607,0.652,0.445,0.454,0.096,0.096,0.392,0.212,0.431,0.351,0.057,0.054
2026,A,R,801799,"Becker, Matthew",L,,46,0.673,86.54,36.54,0.659,86.82,36.82,0.112,97.76,47.76,77,1.111,0.902,0.508,0.486,0.089,0.127,0.232,0.258,0.232,0.223,0.134,0.116
2026,AAA,R,666155,"King, Chuck",R,,300,0.499,90.02,40.02,0.66,86.8,36.8,-0.013,100.26,50.26,85,0.874,0.947,0.438,0.471,0.103,0.108,0.36,0.231,0.274,0.189,0.108,0.125
2026,AAA,R,682044,"Boyle, Sean",R,,432,0.954,80.92,30.92,0.662,86.76,36.76,0.228,95.44,45.44,68,1.016,0.853,0.48,0.451,0.099,0.095,0.317,0.212,0.313,0.262,0.087,0.084
2026,AAA,R,670103,"Burgos, Raymond",L,,72,1.929,61.42,11.42,0.665,86.7,36.7,1.012,79.76,29.76,78,0.843,0.906,0.423,0.469,0.093,0.082,0.336,0.18,0.372,0.297,0.056,0.075
2026,AAA,R,691893,"Cabrera, Jean",R,,472,0.481,90.38,40.38,0.666,86.68,36.68,0.215,95.7,45.7,30,0.655,0.706,0.431,0.45,0.101,0.113,0.357,0.253,0.321,0.272,0.106,0.098
2026,AAA,R,686769,"Acker, Dane",R,,295,0.555,88.9,38.9,0.667,86.66,36.66,0.019,99.62,49.62,71,0.835,0.873,0.471,0.484,0.123,0.123,0.354,0.251,0.277,0.249,0.124,0.104
2026,AAA,R,668831,"Stallings, Garrett",R,,412,0.714,85.72,35.72,0.667,86.66,36.66,0.23,95.4,45.4,70,0.82,0.865,0.435,0.451,0.105,0.103,0.364,0.226,0.314,0.236,0.08,0.101
2026,AAA,R,690939,"Noland, Connor",R,,604,0.84,83.2,33.2,0.668,86.64,36.64,0.263,94.74,44.74,77,0.904,0.902,0.431,0.467,0.086,0.095,0.324,0.204,0.3,0.235,0.077,0.098
2026,AAA,R,674384,"Nunez, Eduarniel",R,,207,1.052,78.96,28.96,0.67,86.6,36.6,0.744,85.12,35.12,18,0.627,0.648,0.43,0.476,0.105,0.125,0.359,0.261,0.337,0.268,0.081,0.091
2026,AAA,R,592826,"Velasquez, Vince",R,,298,0.736,85.28,35.28,0.672,86.56,36.56,0.218,95.64,45.64,83,0.815,0.93,0.428,0.474,0.104,0.111,0.349,0.232,0.282,0.213,0.102,0.123
2026,AAA,R,696150,"Silva, Eric",R,,114,0.785,84.3,34.3,0.674,86.52,36.52,0.379,92.42,42.42,77,0.879,0.902,0.442,0.455,0.108,0.107,0.356,0.236,0.294,0.219,0.106,0.113
2026,AAA,R,605156,"Brooks, Aaron",R,,157,-0.645,112.9,62.9,0.674,86.52,36.52,-1.14,122.8,72.8,59,0.905,0.817,0.553,0.473,0.144,0.119,0.342,0.249,0.324,0.289,0.082,0.081
2026,A,R,834393,"Leys, Caleb",L,,326,0.831,83.38,33.38,0.674,86.52,36.52,0.171,96.58,46.58,67,0.783,0.847,0.443,0.46,0.103,0.113,0.344,0.245,0.287,0.225,0.09,0.109
2026,AAA,R,700794,"Scalzo Jr., Frankie",R,,37,1.213,75.74,25.74,0.675,86.5,36.5,0.812,83.76,33.76,61,0.636,0.825,0.325,0.475,0.066,0.111,0.309,0.232,0.321,0.244,0.065,0.09
2026,AAA,R,680802,"Weiss, Ryan",R,,85,0.508,89.84,39.84,0.675,86.5,36.5,-0.018,100.36,50.36,71,1.072,0.868,0.484,0.48,0.09,0.107,0.317,0.222,0.322,0.247,0.082,0.103
2026,MLB,R,592826,"Velasquez, Vince",R,,31,0.674,86.52,36.52,0.678,86.44,36.44,-0.229,104.58,54.58,93,1.259,1.046,0.496,0.473,0.083,0.106,0.269,0.224,0.292,0.207,0.086,0.122
2026,MLB,R,682610,"Munoz, Roddery",R,,112,1.544,69.12,19.12,0.679,86.42,36.42,1.022,79.56,29.56,28,0.553,0.698,0.412,0.457,0.126,0.128,0.501,0.281,0.392,0.267,0.07,0.084
2026,AAA,R,685377,"Tamarez, Misael",R,,387,1.933,61.34,11.34,0.68,86.4,36.4,1.399,72.02,22.02,60,0.735,0.822,0.407,0.468,0.096,0.117,0.407,0.25,0.308,0.237,0.122,0.113
2026,A,R,700356,"Mendez, Greiber",R,,280,1.197,76.06,26.06,0.68,86.4,36.4,0.528,89.44,39.44,95,1.286,1.116,0.484,0.469,0.095,0.101,0.3,0.214,0.228,0.167,0.144,0.157
2026,AAA,R,593833,"Suero, Wander",R,,255,0.705,85.9,35.9,0.686,86.28,36.28,0.236,95.28,45.28,75,1.052,0.89,0.497,0.456,0.128,0.127,0.363,0.28,0.225,0.169,0.134,0.136
2026,AAA,R,677337,"Hansen, Pete",L,,244,0.717,85.66,35.66,0.687,86.26,36.26,0.107,97.86,47.86,33,0.655,0.718,0.429,0.457,0.102,0.098,0.367,0.216,0.32,0.286,0.083,0.084
2026,A,R,827664,"Hechavarria, Silvano",R,,64,1.69,66.2,16.2,0.687,86.26,36.26,0.655,86.9,36.9,84,1.051,0.934,0.484,0.477,0.108,0.108,0.36,0.223,0.297,0.222,0.1,0.107
2026,AAA,R,694677,"Baumgartner, Collin",R,,330,1.199,76.02,26.02,0.69,86.2,36.2,0.474,90.52,40.52,94,0.962,1.067,0.436,0.485,0.092,0.104,0.339,0.215,0.277,0.189,0.107,0.127
2026,AAA,R,691251,"Lara, Andry",R,,513,0.324,93.52,43.52,0.69,86.2,36.2,-0.258,105.16,55.16,63,0.925,0.833,0.495,0.477,0.118,0.116,0.346,0.242,0.322,0.251,0.089,0.105
2026,AAA,R,687825,"Santana, Tyler",R,,276,0.212,95.76,45.76,0.693,86.14,36.14,-0.164,103.28,53.28,60,0.799,0.823,0.49,0.481,0.127,0.115,0.364,0.237,0.317,0.269,0.086,0.091
2026,A,R,807555,"Best, Liam",R,,252,1.956,60.88,10.88,0.694,86.12,36.12,1.575,68.5,18.5,91,0.671,1.009,0.356,0.483,0.09,0.116,0.401,0.24,0.285,0.176,0.11,0.14
2026,AAA,R,668472,"Pratto, Nick",L,,3,1.323,73.54,23.54,0.694,86.12,36.12,1.873,62.54,12.54,80,0.594,0.912,0.215,0.469,0.051,0.076,0.396,0.163,0.19,0.124,0.164,0.212
2026,AAA,R,656240,"Blewett, Scott",R,,340,0.351,92.98,42.98,0.694,86.12,36.12,-0.084,101.68,51.68,53,0.82,0.792,0.487,0.476,0.135,0.124,0.4,0.263,0.346,0.283,0.079,0.078
2026,A,R,821340,"Mack, Zack",R,,64,0.55,89,39,0.695,86.1,36.1,0.042,99.16,49.16,74,0.947,0.888,0.48,0.496,0.115,0.144,0.331,0.292,0.312,0.249,0.092,0.094
2026,AAA,R,605218,"Edwards Jr., Carl",R,,203,0.716,85.68,35.68,0.695,86.1,36.1,0.072,98.56,48.56,39,0.756,0.74,0.459,0.437,0.104,0.107,0.33,0.263,0.339,0.279,0.079,0.085
2026,A,R,689535,"Pogue, Andrew",R,,309,2.08,58.4,8.4,0.698,86.04,36.04,1.507,69.86,19.86,79,0.762,0.911,0.394,0.459,0.085,0.099,0.378,0.214,0.32,0.24,0.103,0.092
2026,AAA,R,685299,"Gordon, Tanner",R,,164,0.081,98.38,48.38,0.698,86.04,36.04,-0.694,113.88,63.88,89,1.157,0.989,0.542,0.486,0.111,0.106,0.277,0.218,0.26,0.221,0.097,0.105
2026,AAA,R,687312,"Hughes, Gabriel",R,,377,0.298,94.04,44.04,0.699,86.02,36.02,-0.388,107.76,57.76,53,0.903,0.789,0.504,0.458,0.109,0.111,0.321,0.245,0.323,0.279,0.082,0.083
2026,A,R,801574,"Dalquist, Matthew",R,,276,0.832,83.36,33.36,0.703,85.94,35.94,-0.064,101.28,51.28,94,1.249,1.081,0.528,0.486,0.108,0.11,0.303,0.222,0.277,0.228,0.101,0.111
2026,MLB,R,693821,"Elder, Bryce",R,,779,0.503,89.94,39.94,0.704,85.92,35.92,-0.035,100.7,50.7,65,0.854,0.842,0.464,0.467,0.109,0.103,0.346,0.218,0.32,0.268,0.084,0.088
2026,AAA,R,682967,"Sweet, Devin",R,,327,0.622,87.56,37.56,0.704,85.92,35.92,0.102,97.96,47.96,94,1.052,1.06,0.493,0.491,0.121,0.112,0.326,0.226,0.23,0.18,0.142,0.15
2026,AAA,R,664192,"Lucchesi, Joey",L,,197,0.295,94.1,44.1,0.706,85.88,35.88,-0.476,109.52,59.52,66,0.969,0.843,0.481,0.452,0.092,0.1,0.34,0.22,0.276,0.243,0.099,0.094
2026,A,R,695727,"Hammond, Eric",R,,210,0.823,83.54,33.54,0.707,85.86,35.86,0.44,91.2,41.2,68,0.812,0.854,0.415,0.462,0.099,0.119,0.345,0.258,0.28,0.226,0.114,0.112
2026,AAA,R,701568,"Meis, Justin",R,,282,1.562,68.76,18.76,0.708,85.84,35.84,0.918,81.64,31.64,62,0.776,0.83,0.423,0.468,0.099,0.114,0.336,0.241,0.291,0.241,0.111,0.1
2026,A,R,805144,"Tineo, Riskiel",R,,62,1.351,72.98,22.98,0.71,85.8,35.8,1.052,78.96,28.96,67,0.882,0.85,0.435,0.486,0.13,0.126,0.452,0.255,0.351,0.268,0.084,0.09
2026,AAA,R,687189,"Johnson, Marcus",R,,215,1.051,78.98,28.98,0.71,85.8,35.8,0.26,94.8,44.8,88,0.975,0.971,0.436,0.46,0.079,0.087,0.317,0.189,0.293,0.217,0.093,0.115
2026,AAA,R,692414,"Curet, Yoniel",R,,48,4.375,12.5,-37.5,0.71,85.8,35.8,3.75,25,-25,92,0.573,1.021,0.304,0.497,0.068,0.103,0.394,0.208,0.32,0.199,0.088,0.113
2026,MLB,R,676568,"Vanasco, Ricky",R,,91,0.405,91.9,41.9,0.714,85.72,35.72,-0.088,101.76,51.76,55,0.741,0.802,0.47,0.456,0.112,0.112,0.295,0.245,0.346,0.288,0.075,0.074
2026,AAA,R,678738,"Sanchez, Juan",L,,137,1.684,66.32,16.32,0.715,85.7,35.7,0.962,80.76,30.76,55,0.796,0.801,0.422,0.462,0.086,0.101,0.338,0.214,0.332,0.281,0.079,0.079
2026,AAA,R,519326,"Strickland, Hunter",R,,197,0.905,81.9,31.9,0.716,85.68,35.68,0.052,98.96,48.96,78,1.01,0.904,0.492,0.463,0.103,0.096,0.296,0.205,0.301,0.236,0.084,0.097
2026,AAA,R,668943,"Miller, Ryan",R,,334,0.979,80.42,30.42,0.719,85.62,35.62,0.404,91.92,41.92,79,1.114,0.911,0.491,0.452,0.108,0.113,0.351,0.251,0.238,0.186,0.121,0.126
2026,AAA,R,592454,"Kahnle, Tommy",R,,225,1.12,77.6,27.6,0.719,85.62,35.62,0.714,85.72,35.72,60,0.729,0.823,0.431,0.495,0.106,0.134,0.366,0.268,0.347,0.266,0.08,0.095
2026,AAA,R,622250,"Sborz, Josh",R,,205,1.105,77.9,27.9,0.72,85.6,35.6,0.435,91.3,41.3,86,0.882,0.948,0.429,0.465,0.11,0.114,0.361,0.241,0.267,0.195,0.123,0.132
2026,A,R,806642,"Suarez, Ramon",L,,113,2.844,43.12,-6.88,0.721,85.58,35.58,2.379,52.42,2.42,62,0.738,0.829,0.332,0.415,0.069,0.087,0.365,0.208,0.256,0.192,0.137,0.132
2026,MLB,R,678368,"Bellozo, Valente",R,,169,1.274,74.52,24.52,0.725,85.5,35.5,0.62,87.6,37.6,96,1.127,1.124,0.45,0.491,0.099,0.102,0.385,0.206,0.274,0.197,0.106,0.132
2026,A,R,700351,"Alvarez, Luis",R,,79,1.955,60.9,10.9,0.729,85.42,35.42,1.452,70.96,20.96,88,0.821,0.97,0.412,0.479,0.098,0.108,0.376,0.229,0.273,0.216,0.125,0.104
2026,AAA,R,669294,"Campbell, Paul",R,,413,0.312,93.76,43.76,0.729,85.42,35.42,-0.419,108.38,58.38,84,1.003,0.933,0.5,0.468,0.097,0.101,0.289,0.214,0.282,0.224,0.099,0.111
2026,A,R,810098,"Batista, Yadiel",L,,137,0.897,82.06,32.06,0.73,85.4,35.4,-0.115,102.3,52.3,90,1.064,0.997,0.482,0.483,0.093,0.103,0.314,0.211,0.289,0.222,0.101,0.11
2026,AAA,R,669441,"Champlain, Chandler",R,,448,0.662,86.76,36.76,0.731,85.38,35.38,-0.129,102.58,52.58,76,1.115,0.896,0.505,0.476,0.095,0.103,0.275,0.217,0.287,0.257,0.103,0.096
2026,AAA,R,622780,"Perdomo, Angel",L,,256,1.174,76.52,26.52,0.731,85.38,35.38,0.867,82.66,32.66,48,0.724,0.773,0.4,0.483,0.076,0.109,0.328,0.235,0.299,0.231,0.093,0.132
2026,MLB,R,489446,"Yates, Kirby",R,,46,0.325,93.5,43.5,0.732,85.36,35.36,-0.456,109.12,59.12,89,0.951,0.989,0.484,0.477,0.119,0.121,0.349,0.25,0.307,0.221,0.088,0.122
2026,AAA,R,658648,"Avila, Pedro",R,,500,0.857,82.86,32.86,0.734,85.32,35.32,0.363,92.74,42.74,51,0.697,0.784,0.429,0.46,0.103,0.108,0.37,0.242,0.352,0.29,0.08,0.078
2026,A,R,813958,"Colon, Edgar",R,,131,0.788,84.24,34.24,0.736,85.28,35.28,0.136,97.28,47.28,75,0.934,0.89,0.5,0.484,0.127,0.128,0.33,0.264,0.21,0.172,0.155,0.152
2026,MLB,R,544150,"Suarez, Albert",R,,254,0.681,86.38,36.38,0.736,85.28,35.28,0.044,99.12,49.12,87,0.895,0.962,0.487,0.48,0.12,0.111,0.35,0.232,0.256,0.197,0.122,0.133
2026,AAA,R,691951,"Aldegheri, Sam",L,,441,0.425,91.5,41.5,0.738,85.24,35.24,-0.212,104.24,54.24,61,0.789,0.827,0.453,0.469,0.1,0.094,0.335,0.199,0.278,0.226,0.109,0.114
2026,AAA,R,680880,"Holman, Grant",R,,87,0.367,92.66,42.66,0.74,85.2,35.2,-0.047,100.94,50.94,46,0.805,0.765,0.466,0.49,0.124,0.135,0.39,0.274,0.323,0.287,0.095,0.082
2026,AAA,R,621097,"Waguespack, Jacob",R,,253,1.02,79.6,29.6,0.741,85.18,35.18,0.355,92.9,42.9,31,0.783,0.708,0.458,0.415,0.126,0.113,0.386,0.277,0.282,0.223,0.113,0.121
2026,A,R,823028,"Havard, Peyton",R,,248,0.824,83.52,33.52,0.744,85.12,35.12,0.164,96.72,46.72,86,1.01,0.954,0.47,0.468,0.116,0.121,0.342,0.252,0.258,0.211,0.12,0.124
2026,AAA,R,815073,"Bosacker, Ethan",R,,305,1.38,72.4,22.4,0.745,85.1,35.1,0.809,83.82,33.82,91,0.771,1.008,0.42,0.481,0.107,0.102,0.4,0.209,0.294,0.214,0.106,0.128
2026,A,R,814525,"Villani, Mike",R,,42,3.211,35.78,-14.22,0.746,85.08,35.08,2.729,45.42,-4.58,85,0.91,0.941,0.362,0.467,0.074,0.098,0.367,0.208,0.287,0.204,0.099,0.125
2026,AAA,R,829272,"Ogasawara, Shinnosuke",L,,213,0.56,88.8,38.8,0.746,85.08,35.08,-0.164,103.28,53.28,77,0.954,0.9,0.47,0.471,0.101,0.105,0.286,0.22,0.275,0.232,0.107,0.111
2026,A,R,828419,"Heidel, Brayden",R,,304,1.255,74.9,24.9,0.748,85.04,35.04,0.588,88.24,38.24,87,0.881,0.961,0.463,0.488,0.089,0.097,0.305,0.199,0.302,0.245,0.101,0.095
2026,MLB,R,692230,"Rodriguez, Carlos",R,,66,1.206,75.88,25.88,0.749,85.02,35.02,0.509,89.82,39.82,72,1.287,0.879,0.521,0.474,0.101,0.117,0.327,0.247,0.282,0.242,0.11,0.111
2026,MLB,R,695076,"Lowder, Rhett",R,,651,0.424,91.52,41.52,0.749,85.02,35.02,-0.138,102.76,52.76,73,0.932,0.881,0.486,0.472,0.111,0.11,0.324,0.229,0.302,0.256,0.089,0.091
2026,A,R,675375,"Lewis, Cory",R,,23,0.983,80.34,30.34,0.75,85,35,0.257,94.86,44.86,86,1.153,0.952,0.521,0.479,0.122,0.14,0.27,0.296,0.226,0.198,0.14,0.146
2026,A,R,807546,"Palmese, Noah",R,,249,2.22,55.6,5.6,0.753,84.94,34.94,1.603,67.94,17.94,96,1.01,1.167,0.395,0.471,0.074,0.097,0.299,0.205,0.223,0.154,0.14,0.158
2026,AAA,R,592806,"Thurman, Andrew",R,,41,0.819,83.62,33.62,0.757,84.86,34.86,-0.236,104.72,54.72,94,1.344,1.06,0.51,0.488,0.098,0.111,0.244,0.225,0.22,0.213,0.136,0.119
2026,AAA,R,803035,"Gowens, Riley",R,,223,1.499,70.02,20.02,0.758,84.84,34.84,0.738,85.24,35.24,95,1.225,1.091,0.485,0.483,0.097,0.107,0.329,0.22,0.239,0.212,0.133,0.11
2026,AAA,R,641871,"Middleton, Keynan",R,,231,0.736,85.28,35.28,0.759,84.82,34.82,0.199,96.02,46.02,83,1.163,0.928,0.536,0.492,0.112,0.13,0.302,0.263,0.275,0.228,0.108,0.108
2026,MLB,R,691769,"Abner, Philip",L,,34,-0.319,106.38,56.38,0.762,84.76,34.76,-0.598,111.96,61.96,57,0.793,0.808,0.52,0.472,0.129,0.101,0.346,0.215,0.28,0.25,0.106,0.096
2026,AAA,R,687830,"Gipson-Long, Sawyer",R,,307,1.104,77.92,27.92,0.763,84.74,34.74,0.722,85.56,35.56,59,0.757,0.814,0.422,0.466,0.108,0.114,0.382,0.24,0.359,0.271,0.075,0.081
2026,AAA,R,692179,"Ireland, Thomas",L,,192,1.011,79.78,29.78,0.763,84.74,34.74,0.369,92.62,42.62,89,0.915,0.988,0.428,0.47,0.087,0.109,0.34,0.234,0.276,0.231,0.131,0.109
2026,AAA,R,691013,"Savacool, Jason",R,,26,1.124,77.52,27.52,0.767,84.66,34.66,0.498,90.04,40.04,36,0.523,0.73,0.344,0.446,0.098,0.106,0.372,0.236,0.413,0.313,0.051,0.066
2026,MLB,R,641312,"Anderson, Shaun",R,,283,0.676,86.48,36.48,0.768,84.64,34.64,0.212,95.76,45.76,56,0.796,0.805,0.449,0.48,0.103,0.118,0.349,0.246,0.335,0.28,0.087,0.087
2026,AAA,R,592717,"Sanchez, Aaron",R,,526,0.966,80.68,30.68,0.773,84.54,34.54,0.296,94.08,44.08,85,0.915,0.939,0.442,0.459,0.098,0.101,0.348,0.228,0.31,0.246,0.087,0.094
2026,AAA,R,657611,"Hill, Cam",R,,244,1.109,77.82,27.82,0.776,84.48,34.48,0.47,90.6,40.6,85,1.068,0.941,0.508,0.485,0.109,0.125,0.33,0.256,0.289,0.262,0.106,0.09
2026,AAA,R,663321,"Hernandez, Nick",R,,260,1.137,77.26,27.26,0.776,84.48,34.48,0.48,90.4,40.4,92,0.874,1.012,0.441,0.485,0.104,0.11,0.384,0.224,0.267,0.201,0.124,0.123
2026,MLB,R,605452,"Ross, Joe",R,,92,1.02,79.6,29.6,0.778,84.44,34.44,0.554,88.92,38.92,70,0.717,0.864,0.464,0.481,0.106,0.097,0.37,0.202,0.343,0.284,0.094,0.08
2026,A,R,822915,"Tippie, Matthew",R,,272,1.914,61.72,11.72,0.781,84.38,34.38,0.996,80.08,30.08,95,0.871,1.089,0.39,0.45,0.081,0.085,0.364,0.189,0.284,0.185,0.105,0.126
2026,A,R,825245,"Guzman, Jose",R,,156,0.778,84.44,34.44,0.781,84.38,34.38,-0.006,100.12,50.12,93,1.007,1.046,0.441,0.461,0.088,0.093,0.314,0.201,0.247,0.204,0.127,0.121
2026,AAA,R,685126,"Eisert, Brandon",L,,225,0.491,90.18,40.18,0.786,84.28,34.28,0.064,98.72,48.72,74,0.833,0.886,0.473,0.459,0.131,0.126,0.424,0.275,0.298,0.223,0.102,0.124
2026,A,R,816142,"Guthrie, Troy",R,,384,0.824,83.52,33.52,0.787,84.26,34.26,-0.128,102.56,52.56,94,1.238,1.067,0.491,0.454,0.097,0.1,0.304,0.217,0.252,0.197,0.117,0.126
2026,AAA,R,672335,"Perez, Cionel",L,,23,2.4,52,2,0.788,84.24,34.24,2.18,56.4,6.4,52,0.683,0.788,0.346,0.456,0.08,0.112,0.365,0.251,0.315,0.233,0.093,0.106
2026,AAA,R,663782,"Corbett, Joe",R,,129,1.393,72.14,22.14,0.791,84.18,34.18,0.838,83.24,33.24,93,0.729,1.046,0.389,0.465,0.108,0.109,0.398,0.234,0.249,0.176,0.127,0.14
2026,AAA,R,684442,"Drake, Kohl",L,,500,1.051,78.98,28.98,0.793,84.14,34.14,0.334,93.32,43.32,92,1.063,1.018,0.493,0.481,0.106,0.1,0.333,0.206,0.272,0.224,0.1,0.104
2026,AAA,R,689690,"Jacob, Alek",R,,228,2.999,40.02,-9.98,0.793,84.14,34.14,2.228,55.44,5.44,74,0.758,0.886,0.408,0.431,0.103,0.109,0.454,0.255,0.332,0.218,0.085,0.109
2026,A,R,805094,"Cesar, Luis",L,,37,3.062,38.76,-11.24,0.795,84.1,34.1,2.853,42.94,-7.06,69,0.362,0.862,0.271,0.47,0.085,0.128,0.495,0.271,0.302,0.196,0.137,0.133
2026,AAA,R,687424,"Maldonado, Anthony",R,,284,1.306,73.88,23.88,0.796,84.08,34.08,0.585,88.3,38.3,96,0.968,1.156,0.435,0.493,0.112,0.106,0.361,0.214,0.292,0.205,0.1,0.122
2026,A,R,805730,"Gillespie, Blake",R,,235,1.135,77.3,27.3,0.797,84.06,34.06,0.341,93.18,43.18,95,1.002,1.098,0.446,0.493,0.101,0.107,0.318,0.215,0.287,0.201,0.1,0.133
2026,AAA,R,699489,"Johnson, Brandon",R,,176,1.219,75.62,25.62,0.8,84,34,0.677,86.46,36.46,77,0.799,0.899,0.431,0.482,0.106,0.114,0.373,0.234,0.268,0.215,0.128,0.124
2026,A,R,809826,"Jones, Merit",R,,434,1.378,72.44,22.44,0.8,84,34,0.662,86.76,36.76,73,0.906,0.88,0.445,0.465,0.096,0.113,0.334,0.244,0.297,0.242,0.102,0.1
2026,A,R,700429,"Morrissey, MT",R,,255,1.88,62.4,12.4,0.801,83.98,33.98,1.404,71.92,21.92,89,0.916,0.987,0.374,0.462,0.086,0.114,0.379,0.241,0.256,0.2,0.125,0.124
2026,AAA,R,672277,"Carlson, Sam",R,,243,0.55,89,39,0.802,83.96,33.96,0.057,98.86,48.86,79,1.175,0.907,0.493,0.43,0.108,0.101,0.334,0.24,0.238,0.17,0.12,0.158
2026,A,R,820857,"Arias, Eligio",R,,13,1.345,73.1,23.1,0.803,83.94,33.94,0.984,80.32,30.32,71,0.716,0.868,0.373,0.48,0.104,0.116,0.39,0.24,0.328,0.196,0.073,0.137
2026,A,R,834954,"Kuiper, Cash",R,,173,3.686,26.28,-23.72,0.803,83.94,33.94,3.108,37.84,-12.16,64,0.691,0.838,0.314,0.42,0.07,0.115,0.522,0.273,0.345,0.211,0.101,0.123
2026,AAA,R,669270,"Kuhnel, Joel",R,,28,-0.684,113.68,63.68,0.804,83.92,33.92,-1.431,128.62,78.62,40,0.578,0.741,0.484,0.475,0.099,0.097,0.326,0.208,0.41,0.322,0.064,0.072
2026,AAA,R,666123,"Bergner, Austin",R,,121,1.28,74.4,24.4,0.805,83.9,33.9,0.324,93.52,43.52,80,0.931,0.915,0.489,0.444,0.121,0.114,0.372,0.254,0.295,0.223,0.106,0.117
2026,AAA,R,595881,"Beede, Tyler",R,,335,1.399,72.02,22.02,0.809,83.82,33.82,0.832,83.36,33.36,70,0.727,0.864,0.4,0.464,0.096,0.106,0.367,0.229,0.328,0.244,0.082,0.094
2026,A,R,813796,"Howey, Preston",R,,80,8.594,-71.88,-121.88,0.81,83.8,33.8,8.265,-65.3,-115.3,66,0.363,0.846,0.191,0.479,0.043,0.102,0.663,0.209,0.53,0.287,0.051,0.075
2026,A,R,805505,"Militello, Justin",R,,113,1.736,65.28,15.28,0.811,83.78,33.78,1.193,76.14,26.14,75,0.679,0.891,0.366,0.452,0.09,0.116,0.323,0.258,0.267,0.205,0.113,0.122
2026,AAA,R,677976,"Dobnak, Randy",R,,499,0.62,87.6,37.6,0.812,83.76,33.76,-0.164,103.28,53.28,52,0.719,0.788,0.44,0.464,0.099,0.102,0.345,0.225,0.416,0.333,0.05,0.05
2026,MLB,R,471911,"Carrasco, Carlos",R,,29,0.256,94.88,44.88,0.813,83.74,33.74,-0.419,108.38,58.38,77,1.043,0.9,0.564,0.492,0.09,0.106,0.266,0.214,0.322,0.286,0.099,0.082
2026,AAA,R,822412,"Sears, Brett",R,,58,1.448,71.04,21.04,0.816,83.68,33.68,1.018,79.64,29.64,76,0.667,0.895,0.366,0.446,0.091,0.11,0.387,0.247,0.288,0.173,0.11,0.152
2026,AAA,R,688730,"Johnson, Marques",R,,278,0.961,80.78,30.78,0.816,83.68,33.68,0.357,92.86,42.86,5,0.738,0.537,0.47,0.422,0.113,0.112,0.361,0.268,0.321,0.286,0.088,0.083
2026,A,R,805800,"Mueth, Zander",R,,359,2.297,54.06,4.06,0.816,83.68,33.68,1.823,63.54,13.54,71,0.744,0.87,0.371,0.458,0.086,0.109,0.39,0.237,0.326,0.216,0.096,0.107
2026,AAA,R,674003,"Bradford, Cody",L,,27,0.645,87.1,37.1,0.816,83.68,33.68,-0.061,101.22,51.22,72,0.602,0.878,0.392,0.474,0.12,0.12,0.409,0.247,0.319,0.253,0.084,0.094
2026,AAA,R,672391,"Ort, Kaleb",R,,347,1.343,73.14,23.14,0.817,83.66,33.66,0.735,85.3,35.3,78,0.93,0.903,0.466,0.464,0.115,0.112,0.361,0.247,0.293,0.228,0.103,0.107
2026,AAA,R,687547,"Ramsey, Ryan",L,,549,0.825,83.5,33.5,0.823,83.54,33.54,-0.017,100.34,50.34,84,0.864,0.937,0.46,0.481,0.102,0.105,0.334,0.215,0.269,0.235,0.123,0.111
2026,AAA,R,801434,"Gervase, Paul",R,,171,1.052,78.96,28.96,0.823,83.54,33.54,0.473,90.54,40.54,60,0.823,0.822,0.417,0.436,0.099,0.116,0.347,0.268,0.263,0.196,0.107,0.122
2026,AAA,R,594835,"Gonzales, Marco",L,,335,2.381,52.38,2.38,0.825,83.5,33.5,1.786,64.28,14.28,78,0.785,0.906,0.418,0.489,0.088,0.11,0.401,0.225,0.321,0.252,0.095,0.091
2026,AAA,R,699613,"Harding, Houston",L,,280,1.884,62.32,12.32,0.835,83.3,33.3,1.225,75.5,25.5,49,0.771,0.774,0.407,0.451,0.093,0.112,0.396,0.247,0.308,0.238,0.103,0.118
2026,AAA,R,701328,"Ferris, Jackson",L,,424,0.902,81.96,31.96,0.838,83.24,33.24,0.228,95.44,45.44,48,0.804,0.772,0.441,0.454,0.09,0.096,0.331,0.212,0.324,0.289,0.084,0.074
2026,AAA,R,670766,"McCaughan, Darren",R,,538,0.973,80.54,30.54,0.838,83.24,33.24,0.07,98.6,48.6,93,1.114,1.035,0.46,0.468,0.085,0.093,0.289,0.198,0.256,0.212,0.118,0.117
2026,AAA,R,686839,"White, Brendan",R,,189,1.477,70.46,20.46,0.839,83.22,33.22,0.901,81.98,31.98,51,0.888,0.783,0.43,0.478,0.103,0.136,0.391,0.286,0.308,0.257,0.089,0.081
2026,AAA,R,680951,"Nikhazy, Doug",L,,316,0.85,83,33,0.84,83.2,33.2,0.246,95.08,45.08,29,0.691,0.704,0.422,0.437,0.107,0.105,0.385,0.239,0.294,0.248,0.101,0.102
2026,AAA,R,656212,"Barnes, Charlie",L,,365,1.143,77.14,27.14,0.841,83.18,33.18,0.291,94.18,44.18,96,0.935,1.141,0.436,0.477,0.1,0.09,0.345,0.186,0.271,0.206,0.112,0.11
2026,A,R,827448,"Obispo, Emilio",R,,149,1.271,74.58,24.58,0.842,83.16,33.16,0.692,86.16,36.16,64,0.745,0.837,0.396,0.443,0.084,0.103,0.336,0.236,0.317,0.245,0.103,0.113
2026,A,R,800278,"Rosa, Pitterson",R,,138,2.983,40.34,-9.66,0.845,83.1,33.1,2.136,57.28,7.28,96,1.101,1.154,0.409,0.479,0.072,0.098,0.319,0.201,0.255,0.192,0.14,0.131
2026,AAA,R,695556,"Panzini, Shane",R,,340,1.224,75.52,25.52,0.846,83.08,33.08,0.437,91.26,41.26,87,1.078,0.958,0.46,0.457,0.091,0.086,0.325,0.188,0.264,0.22,0.108,0.109
2026,A,R,804613,"Victorino, Luis",R,,231,1.437,71.26,21.26,0.849,83.02,33.02,0.646,87.08,37.08,96,0.997,1.15,0.417,0.477,0.085,0.09,0.313,0.187,0.253,0.18,0.127,0.139
2026,AAA,R,678016,"Bedell, Ian",R,,400,1.818,63.64,13.64,0.856,82.88,32.88,1.043,79.14,29.14,88,0.934,0.966,0.42,0.459,0.099,0.102,0.345,0.222,0.274,0.198,0.12,0.126
2026,AAA,R,641312,"Anderson, Shaun",R,,184,0.55,89,39,0.858,82.84,32.84,0.154,96.92,46.92,64,1.009,0.838,0.504,0.481,0.114,0.118,0.347,0.248,0.29,0.263,0.103,0.091
2026,AAA,R,489446,"Yates, Kirby",R,,38,0.777,84.46,34.46,0.86,82.8,32.8,-0.065,101.3,51.3,95,1.199,1.116,0.485,0.496,0.101,0.115,0.348,0.232,0.283,0.202,0.101,0.116
2026,A,R,801221,"Garcia, Pedro",R,,340,2.422,51.56,1.56,0.868,82.64,32.64,1.746,65.08,15.08,95,0.957,1.11,0.397,0.468,0.095,0.101,0.366,0.216,0.231,0.176,0.164,0.148
2026,MLB,R,641793,"Littell, Zack",R,,580,0.823,83.54,33.54,0.868,82.64,32.64,0.175,96.5,46.5,95,1.153,1.089,0.496,0.496,0.096,0.099,0.288,0.2,0.271,0.222,0.111,0.118
2026,A,R,805315,"Walsh, Michael",R,,36,-0.812,116.24,66.24,0.873,82.54,32.54,-1.971,139.42,89.42,47,0.685,0.769,0.527,0.414,0.139,0.105,0.357,0.255,0.349,0.27,0.06,0.08
2026,AAA,R,682077,"Mosser, Gabe",R,,639,2.141,57.18,7.18,0.875,82.5,32.5,1.243,75.14,25.14,93,0.857,1.038,0.397,0.469,0.084,0.097,0.409,0.206,0.321,0.237,0.085,0.094
2026,AAA,R,695049,"Kerry, Brett",R,,540,0.752,84.96,34.96,0.876,82.48,32.48,0.061,98.78,48.78,91,1.05,1.006,0.471,0.477,0.109,0.114,0.333,0.235,0.287,0.236,0.101,0.103
2026,A,R,836071,"Shunck, RJ",L,,60,1.054,78.92,28.92,0.884,82.32,32.32,0.376,92.48,42.48,75,0.715,0.891,0.371,0.467,0.087,0.112,0.4,0.241,0.302,0.206,0.083,0.125
2026,AAA,R,692030,"Corniell, Jose",R,,62,-0.901,118.02,68.02,0.884,82.32,32.32,-1.447,128.94,78.94,85,1.22,0.945,0.596,0.489,0.119,0.108,0.271,0.222,0.232,0.227,0.127,0.105
2026,A,R,702280,"Smith, Tristan",L,,107,2.429,51.42,1.42,0.89,82.2,32.2,1.661,66.78,16.78,84,0.843,0.936,0.362,0.439,0.077,0.091,0.339,0.205,0.263,0.205,0.116,0.118
2026,A,R,834673,"Brink, Jake",R,,131,1.906,61.88,11.88,0.89,82.2,32.2,0.906,81.88,31.88,88,1.015,0.971,0.441,0.446,0.084,0.092,0.309,0.206,0.275,0.22,0.116,0.112
2026,AAA,R,518876,"Kelly, Merrill",R,,72,1.056,78.88,28.88,0.894,82.12,32.12,0.628,87.44,37.44,54,0.742,0.793,0.427,0.478,0.096,0.111,0.334,0.233,0.375,0.306,0.071,0.072
2026,A,R,823714,"Aquino, Cesar",R,,75,2.234,55.32,5.32,0.894,82.12,32.12,1.207,75.86,25.86,91,1.132,1.007,0.442,0.445,0.082,0.091,0.32,0.204,0.243,0.201,0.139,0.122
2026,AAA,R,679712,"Lockhart, Lael",L,,347,1.606,67.88,17.88,0.897,82.06,32.06,0.822,83.56,33.56,68,0.855,0.854,0.423,0.462,0.08,0.093,0.294,0.201,0.354,0.276,0.058,0.079
2026,AAA,R,694660,"Cohen, Harrison",R,,236,1.721,65.58,15.58,0.898,82.04,32.04,1.043,79.14,29.14,82,0.86,0.926,0.413,0.456,0.106,0.113,0.406,0.246,0.309,0.232,0.097,0.116
2026,AAA,R,807743,"Sullivan, Sean",L,,682,0.442,91.16,41.16,0.9,82,32,-0.406,108.12,58.12,68,1.016,0.853,0.465,0.437,0.1,0.109,0.306,0.247,0.26,0.203,0.105,0.121
2026,A,R,805009,"Valdez, Yoan",R,,58,2.469,50.62,0.62,0.903,81.94,31.94,1.813,63.74,13.74,97,0.812,1.269,0.344,0.465,0.071,0.083,0.431,0.176,0.251,0.172,0.155,0.166
2026,A,R,807819,"Garcia, Joel",R,,115,1.446,71.08,21.08,0.904,81.92,31.92,0.726,85.48,35.48,83,0.706,0.927,0.39,0.435,0.098,0.099,0.359,0.226,0.225,0.166,0.157,0.161
2026,AAA,R,687166,"Pope, Austin",R,,229,0.879,82.42,32.42,0.91,81.8,31.8,0.153,96.94,46.94,69,0.982,0.862,0.483,0.461,0.108,0.119,0.333,0.258,0.287,0.245,0.085,0.092
2026,A,R,823358,"Yousuf, Zuher",L,,317,1.034,79.32,29.32,0.914,81.72,31.72,0.269,94.62,44.62,70,0.982,0.866,0.431,0.45,0.086,0.108,0.315,0.237,0.247,0.208,0.14,0.131
2026,AAA,R,688497,"Rashi, Taylor",R,,215,0.472,90.56,40.56,0.915,81.7,31.7,-0.248,104.96,54.96,22,0.821,0.67,0.464,0.405,0.106,0.104,0.323,0.257,0.291,0.268,0.106,0.088
2026,A,R,689506,"Knowles, Robbie",R,,153,1.7,66,16,0.917,81.66,31.66,0.832,83.36,33.36,75,0.814,0.892,0.417,0.427,0.098,0.1,0.331,0.232,0.248,0.184,0.135,0.142
2026,AAA,R,664744,"Espada, Jose",R,,185,1.085,78.3,28.3,0.918,81.64,31.64,0.421,91.58,41.58,63,0.71,0.832,0.419,0.465,0.117,0.123,0.373,0.267,0.296,0.223,0.098,0.115
2026,A,R,820941,"Torres, Stharlin",R,,136,0.4,92,42,0.926,81.48,31.48,-0.535,110.7,60.7,92,0.934,1.022,0.45,0.45,0.112,0.104,0.315,0.23,0.189,0.158,0.173,0.171
2026,MLB,R,699151,"Paez, Jedixson",R,,65,0.216,95.68,45.68,0.929,81.42,31.42,-0.229,104.58,54.58,81,0.785,0.918,0.467,0.459,0.115,0.11,0.348,0.241,0.244,0.213,0.154,0.138
2026,AAA,R,815083,"Farris, Mitch",L,,130,0.979,80.42,30.42,0.929,81.42,31.42,0.15,97,47,69,0.955,0.862,0.483,0.475,0.119,0.108,0.323,0.227,0.304,0.244,0.081,0.103
2026,AAA,R,680744,"Madden, Ty",R,,302,1.165,76.7,26.7,0.931,81.38,31.38,0.448,91.04,41.04,74,0.857,0.889,0.452,0.462,0.109,0.104,0.368,0.223,0.287,0.218,0.103,0.119
2026,AAA,R,695667,"Kudrna, Ben",R,,55,2.383,52.34,2.34,0.932,81.36,31.36,2.145,57.1,7.1,36,0.414,0.728,0.324,0.475,0.088,0.108,0.425,0.228,0.412,0.302,0.049,0.067
2026,AAA,R,623433,"Anderson, Nick",R,,222,0.777,84.46,34.46,0.933,81.34,31.34,-0.219,104.38,54.38,85,1.053,0.943,0.513,0.475,0.113,0.105,0.319,0.22,0.289,0.226,0.099,0.113
2026,MLB,R,700241,"McGreevy, Michael",R,,708,0.316,93.68,43.68,0.934,81.32,31.32,-0.54,110.8,60.8,82,0.959,0.926,0.495,0.473,0.113,0.103,0.347,0.219,0.337,0.276,0.07,0.077
2026,MLB,R,685126,"Eisert, Brandon",L,,47,0.651,86.98,36.98,0.934,81.32,31.32,0.153,96.94,46.94,59,0.808,0.818,0.427,0.426,0.126,0.124,0.382,0.291,0.295,0.227,0.086,0.114
2026,A,R,808158,"Liranzo, Angel",L,,40,0.565,88.7,38.7,0.937,81.26,31.26,0.059,98.82,48.82,70,1.368,0.864,0.568,0.49,0.133,0.133,0.329,0.272,0.203,0.231,0.152,0.108
2026,A,R,807002,"Martinez, Jeter",R,,349,1.921,61.58,11.58,0.942,81.16,31.16,1.334,73.32,23.32,64,0.716,0.838,0.358,0.447,0.08,0.11,0.392,0.248,0.306,0.234,0.112,0.106
2026,AAA,R,686826,"Jarvis, Bryce",R,,340,0.779,84.42,34.42,0.943,81.14,31.14,0.016,99.68,49.68,73,0.916,0.884,0.466,0.475,0.098,0.107,0.324,0.225,0.32,0.265,0.091,0.084
2026,A,R,802372,"Green, Griffin",R,,37,1.905,61.9,11.9,0.947,81.06,31.06,1.417,71.66,21.66,79,0.712,0.91,0.343,0.457,0.071,0.103,0.371,0.222,0.315,0.227,0.095,0.094
2026,AAA,R,669920,"Alexander, Jason",R,,466,0.535,89.3,39.3,0.949,81.02,31.02,-0.143,102.86,52.86,50,0.931,0.781,0.469,0.446,0.097,0.108,0.314,0.237,0.315,0.267,0.093,0.102
2026,AAA,R,656232,"Bielak, Brandon",R,,293,0.657,86.86,36.86,0.955,80.9,30.9,-0.38,107.6,57.6,79,1.064,0.91,0.506,0.472,0.095,0.095,0.282,0.199,0.32,0.282,0.083,0.08
2026,MLB,R,605156,"Brooks, Aaron",R,,17,1.712,65.76,15.76,0.966,80.68,30.68,0.923,81.54,31.54,95,0.536,1.102,0.358,0.478,0.073,0.076,0.295,0.157,0.253,0.27,0.157,0.076
2026,AAA,R,837227,"Imai, Tatsuya",R,,63,1.283,74.34,24.34,0.968,80.64,30.64,1.017,79.66,29.66,71,0.777,0.87,0.425,0.494,0.108,0.126,0.391,0.256,0.285,0.21,0.11,0.122
2026,AAA,R,608344,"Irvin, Cole",L,,655,1.208,75.84,25.84,0.971,80.58,30.58,0.415,91.7,41.7,87,0.996,0.963,0.459,0.463,0.083,0.089,0.282,0.19,0.296,0.245,0.086,0.091
2026,A,R,809126,"Gilley, Cole",R,,120,0.54,89.2,39.2,0.971,80.58,30.58,-0.201,104.02,54.02,97,1.043,1.211,0.439,0.469,0.099,0.098,0.337,0.207,0.256,0.17,0.12,0.152
2026,AAA,R,800067,"Fleury, Jose",R,,243,1.591,68.18,18.18,0.972,80.56,30.56,0.94,81.2,31.2,92,1.057,1.016,0.463,0.484,0.101,0.111,0.35,0.227,0.275,0.234,0.108,0.103
2026,A,R,809131,"Pruitt, Jacob",R,,172,1.117,77.66,27.66,0.973,80.54,30.54,0.336,93.28,43.28,78,0.829,0.905,0.382,0.437,0.093,0.1,0.401,0.226,0.325,0.236,0.079,0.09
2026,AAA,R,663465,"Allard, Kolby",L,,72,1.849,63.02,13.02,0.977,80.46,30.46,1.054,78.92,28.92,93,1.275,1.034,0.471,0.471,0.084,0.094,0.298,0.199,0.259,0.226,0.096,0.106
2026,A,R,800128,"Lantigua, Lisnerkin",R,,108,1.735,65.3,15.3,0.979,80.42,30.42,0.876,82.48,32.48,73,0.634,0.88,0.401,0.457,0.096,0.117,0.352,0.254,0.265,0.22,0.121,0.113
2026,MLB,R,500779,"Quintana, Jose",L,,557,0.736,85.28,35.28,0.984,80.32,30.32,-0.166,103.32,53.32,87,0.849,0.959,0.454,0.47,0.101,0.093,0.34,0.197,0.318,0.246,0.08,0.095
2026,AAA,R,690294,"Murphy, Shane",L,,160,5.578,-11.56,-61.56,0.988,80.24,30.24,4.556,8.88,-41.12,94,0.642,1.072,0.239,0.469,0.046,0.094,0.606,0.202,0.414,0.183,0.097,0.135
2026,A,R,802089,"Moreta, Franklyn",R,,188,2.199,56.02,6.02,0.989,80.22,30.22,1.27,74.6,24.6,86,0.776,0.953,0.356,0.449,0.076,0.095,0.357,0.209,0.29,0.212,0.104,0.123
2026,MLB,R,656212,"Barnes, Charlie",L,,62,1.606,67.88,17.88,0.996,80.08,30.08,0.797,84.06,34.06,92,0.814,1.024,0.412,0.467,0.082,0.092,0.326,0.194,0.313,0.237,0.091,0.098
2026,AAA,R,596271,"Lawrence, Casey",R,,566,0.23,95.4,45.4,0.997,80.06,30.06,-0.847,116.94,66.94,94,1.096,1.068,0.48,0.455,0.102,0.086,0.309,0.187,0.264,0.207,0.099,0.112
2026,AAA,R,800018,"Zhuang, Chen Zhong-Ao",R,,306,0.917,81.66,31.66,1.003,79.94,29.94,0.005,99.9,49.9,95,1.055,1.106,0.438,0.478,0.083,0.094,0.272,0.196,0.237,0.188,0.128,0.129
2026,AAA,R,621244,"Berrios, Jose",R,,140,1.432,71.36,21.36,1.008,79.84,29.84,0.585,88.3,38.3,93,0.865,1.036,0.454,0.477,0.112,0.101,0.361,0.21,0.314,0.236,0.087,0.093
2026,AAA,R,686223,"Mancini, Joey",R,,257,1.33,73.4,23.4,1.012,79.76,29.76,0.332,93.36,43.36,53,0.848,0.791,0.442,0.438,0.102,0.105,0.349,0.246,0.297,0.254,0.103,0.1
2026,MLB,R,608032,"Estevez, Carlos",R,,27,2.699,46.02,-3.98,1.012,79.76,29.76,1.879,62.42,12.42,95,0.971,1.111,0.369,0.471,0.066,0.093,0.33,0.196,0.218,0.155,0.137,0.163
2026,MLB,R,608372,"Sugano, Tomoyuki",R,,654,0.608,87.84,37.84,1.015,79.7,29.7,-0.183,103.66,53.66,89,0.971,0.982,0.461,0.483,0.1,0.1,0.34,0.209,0.323,0.243,0.076,0.097
2026,A,R,810836,"Shaffner, Andrew",R,,46,2.096,58.08,8.08,1.018,79.64,29.64,1.552,68.96,18.96,22,0.601,0.671,0.327,0.399,0.046,0.078,0.245,0.198,0.391,0.291,0.061,0.077
2026,AAA,R,657022,"Supak, Trey",R,,642,0.702,85.96,35.96,1.018,79.64,29.64,-0.434,108.68,58.68,93,1.1,1.042,0.507,0.462,0.092,0.086,0.259,0.187,0.257,0.236,0.117,0.101
2026,AAA,R,643290,"Dunn, Justin",R,,149,1.539,69.22,19.22,1.019,79.62,29.62,0.812,83.76,33.76,89,0.879,0.976,0.43,0.467,0.097,0.101,0.375,0.216,0.314,0.225,0.093,0.107
2026,AAA,R,471911,"Carrasco, Carlos",R,,302,0.267,94.66,44.66,1.022,79.56,29.56,-0.543,110.86,60.86,82,0.97,0.922,0.526,0.484,0.11,0.104,0.291,0.217,0.318,0.275,0.088,0.085
2026,A,R,828495,"Davenport, Mason",R,,236,2.989,40.22,-9.78,1.022,79.56,29.56,1.949,61.02,11.02,92,0.89,1.019,0.364,0.419,0.061,0.077,0.305,0.182,0.266,0.181,0.131,0.138
2026,AAA,R,675650,"Mercado, Michael",R,,107,1.943,61.14,11.14,1.022,79.56,29.56,1.348,73.04,23.04,81,0.863,0.92,0.402,0.467,0.078,0.102,0.374,0.22,0.328,0.237,0.099,0.111
2026,A,R,807026,"Taggart, Aiden",R,,12,2.509,49.82,-0.18,1.023,79.54,29.54,1.691,66.18,16.18,91,0.975,1.005,0.336,0.453,0.091,0.123,0.369,0.265,0.303,0.196,0.073,0.118
2026,AAA,R,678368,"Bellozo, Valente",R,,446,0.956,80.88,30.88,1.024,79.52,29.52,-0.125,102.5,52.5,96,1.191,1.123,0.494,0.473,0.095,0.085,0.295,0.179,0.243,0.194,0.111,0.124
2026,AAA,R,674072,"Henry, Tommy",L,,133,1.508,69.84,19.84,1.025,79.5,29.5,0.798,84.04,34.04,59,0.871,0.817,0.464,0.471,0.095,0.105,0.307,0.22,0.333,0.294,0.066,0.067
2026,AAA,R,802609,"Bertrand, John Michael",L,,508,0.723,85.54,35.54,1.051,78.98,28.98,-0.201,104.02,54.02,80,0.855,0.915,0.457,0.465,0.09,0.084,0.296,0.18,0.305,0.27,0.079,0.075
2026,A,R,824288,"Peters, Treyson",R,,127,1.424,71.52,21.52,1.056,78.88,28.88,0.101,97.98,47.98,90,1.036,0.995,0.489,0.453,0.087,0.075,0.291,0.168,0.252,0.201,0.117,0.121
2026,AAA,R,672712,"Palacios, Luis",L,,50,0.484,90.32,40.32,1.062,78.76,28.76,-0.255,105.1,55.1,88,0.957,0.972,0.483,0.471,0.105,0.113,0.311,0.238,0.3,0.251,0.078,0.084
2026,AAA,R,689225,"Brieske, Beau",R,,19,-0.678,113.56,63.56,1.066,78.68,28.68,-1.349,126.98,76.98,49,0.862,0.778,0.544,0.471,0.116,0.105,0.276,0.22,0.333,0.258,0.067,0.099
2026,AAA,R,669445,"Laskey, Adam",L,,62,0.131,97.38,47.38,1.071,78.58,28.58,-0.808,116.16,66.16,45,0.921,0.76,0.539,0.474,0.107,0.103,0.277,0.222,0.346,0.33,0.058,0.053
2026,AAA,R,605177,"Chafin, Andrew",L,,121,1.574,68.52,18.52,1.096,78.08,28.08,0.959,80.82,30.82,88,0.889,0.97,0.402,0.457,0.082,0.102,0.346,0.22,0.292,0.234,0.084,0.091
2026,AAA,R,595928,"Curtiss, John",R,,283,0.966,80.68,30.68,1.1,78,28,-0.25,105,55,94,1.127,1.068,0.476,0.451,0.099,0.092,0.318,0.232,0.294,0.246,0.102,0.104
2026,AAA,R,687268,"Hunt, K.C.",R,,300,1,80,30,1.105,77.9,27.9,0.12,97.6,47.6,94,1.075,1.055,0.456,0.475,0.097,0.113,0.343,0.237,0.268,0.229,0.122,0.113
2026,AAA,R,608334,"Fulmer, Carson",R,,256,1.366,72.68,22.68,1.107,77.86,27.86,0.411,91.78,41.78,86,0.949,0.955,0.435,0.464,0.09,0.095,0.336,0.204,0.308,0.251,0.085,0.094
2026,AAA,R,693311,"Hence, Tink",R,,151,2.26,54.8,4.8,1.112,77.76,27.76,1.441,71.18,21.18,89,0.892,0.989,0.38,0.458,0.077,0.102,0.383,0.217,0.287,0.212,0.102,0.114
2026,AAA,R,682990,"Priester, Quinn",R,,136,2.846,43.08,-6.92,1.116,77.68,27.68,2.275,54.5,4.5,72,0.79,0.878,0.372,0.454,0.07,0.091,0.374,0.197,0.351,0.277,0.084,0.082
2026,A,R,806675,"Gaitan, Abraham",R,,77,1.18,76.4,26.4,1.121,77.58,27.58,0.457,90.86,40.86,95,1.168,1.093,0.468,0.48,0.087,0.108,0.301,0.223,0.225,0.203,0.163,0.132
2026,A,R,802084,"Guacache, Xiomer",R,,33,3.478,30.44,-19.56,1.141,77.18,27.18,2.918,41.64,-8.36,94,0.821,1.071,0.334,0.433,0.047,0.088,0.264,0.203,0.261,0.159,0.135,0.155
2026,AAA,R,680704,"Sandlin, Nick",R,,90,-0.215,104.3,54.3,1.152,76.96,26.96,-1.216,124.32,74.32,4,0.507,0.534,0.407,0.384,0.125,0.122,0.411,0.338,0.378,0.304,0.089,0.096
2026,AAA,R,689379,"Anderson, Aidan",R,,200,0.835,83.3,33.3,1.153,76.94,26.94,-0.171,103.42,53.42,72,0.87,0.878,0.471,0.436,0.103,0.086,0.334,0.196,0.289,0.231,0.093,0.098
2026,AAA,R,687881,"Egbert, Kenten",R,,54,-0.339,106.78,56.78,1.159,76.82,26.82,-1.13,122.6,72.6,69,0.971,0.856,0.47,0.445,0.104,0.098,0.321,0.217,0.241,0.222,0.11,0.106
2026,AAA,R,806333,"Sansone, Michael",L,,215,0.675,86.5,36.5,1.174,76.52,26.52,-0.708,114.16,64.16,93,1.289,1.039,0.511,0.41,0.109,0.079,0.293,0.186,0.2,0.184,0.157,0.143
2026,AAA,R,656755,"Montes de Oca, Bryce",R,,35,5.085,-1.7,-51.7,1.176,76.48,26.48,4.546,9.08,-40.92,40,0.41,0.741,0.246,0.414,0.073,0.094,0.569,0.228,0.38,0.206,0.09,0.125
2026,A,R,800152,"Payano, Nelfri",R,,75,3.294,34.12,-15.88,1.177,76.46,26.46,2.324,53.52,3.52,59,0.521,0.814,0.314,0.439,0.077,0.11,0.355,0.249,0.313,0.2,0.094,0.119
2026,AAA,R,701488,"Phillips, Dylan",L,,155,1.044,79.12,29.12,1.193,76.14,26.14,-0.221,104.42,54.42,87,0.925,0.957,0.412,0.431,0.078,0.094,0.3,0.224,0.33,0.263,0.074,0.084
2026,AAA,R,702297,"Skipper, Carson",L,,89,0.353,92.94,42.94,1.194,76.12,26.12,-0.717,114.34,64.34,52,0.783,0.787,0.45,0.435,0.11,0.105,0.346,0.237,0.234,0.175,0.153,0.158
2026,A,R,822956,"Martinez, Jack",R,,449,0.707,85.86,35.86,1.203,75.94,25.94,-0.436,108.72,58.72,7,0.917,0.571,0.438,0.356,0.103,0.097,0.356,0.277,0.211,0.157,0.175,0.176
2026,AAA,R,694331,"Mattison, Tyler",R,,280,0.977,80.46,30.46,1.227,75.46,25.46,-0.02,100.4,50.4,33,0.883,0.72,0.419,0.397,0.096,0.101,0.337,0.251,0.245,0.182,0.162,0.178
2026,AAA,R,694381,"McLoughlin, Trey",R,,44,1.552,68.96,18.96,1.261,74.78,24.78,0.784,84.32,34.32,52,0.815,0.785,0.404,0.43,0.094,0.114,0.344,0.266,0.32,0.251,0.082,0.103
2026,AAA,R,695038,"Hunley, Sean",R,,52,0.713,85.74,35.74,1.271,74.58,24.58,-0.364,107.28,57.28,94,1.228,1.068,0.492,0.455,0.093,0.089,0.325,0.194,0.269,0.21,0.087,0.092
2026,AAA,R,608032,"Estevez, Carlos",R,,14,1.633,67.34,17.34,1.315,73.7,23.7,0.372,92.56,42.56,97,0.909,1.255,0.384,0.486,0.071,0.088,0.23,0.18,0.205,0.169,0.155,0.147
2026,AAA,R,621389,"Blach, Ty",L,,343,1.377,72.46,22.46,1.322,73.56,23.56,0.007,99.86,49.86,95,1.142,1.088,0.467,0.48,0.08,0.075,0.272,0.155,0.313,0.268,0.077,0.061
2026,AAA,R,670391,"Anderson, Ben",R,,268,1.299,74.02,24.02,1.338,73.24,23.24,-0.046,100.92,50.92,96,1.081,1.133,0.447,0.46,0.084,0.085,0.308,0.185,0.278,0.211,0.099,0.105
2026,AAA,R,670351,"Rojas, Jose",R,,20,2.08,58.4,8.4,1.382,72.36,22.36,0.692,86.16,36.16,97,1.56,1.396,0.488,0.541,0.023,0.015,0.176,0.029,0.164,0.133,0.154,0.17
2026,AAA,R,813268,"Curtis, Jake",R,,51,0.642,87.16,37.16,1.392,72.16,22.16,-0.296,105.92,55.92,97,1.377,1.266,0.481,0.466,0.078,0.092,0.284,0.194,0.231,0.186,0.13,0.132
2026,AAA,R,669699,"Shewmake, Braden",R,,10,0.992,80.16,30.16,1.485,70.3,20.3,0.282,94.36,44.36,98,0.909,1.518,0.34,0.563,0.052,0.038,0.175,0.068,0.161,0.128,0.154,0.137
2026,AAA,R,687867,"Dungan, Clay",R,,3,-0.093,101.86,51.86,1.5,70,20,-1.269,125.38,75.38,97,0.831,1.408,0.422,0.498,0.112,0.089,0.425,0.179,0.173,0.147,0.139,0.152
2026,AAA,R,641540,"Dunning, Dane",R,,515,0.861,82.78,32.78,1.624,67.52,17.52,-0.42,108.4,58.4,57,1.023,0.807,0.44,0.404,0.094,0.103,0.342,0.266,0.297,0.237,0.087,0.092
2026,AAA,R,664337,"Yajure, Miguel",R,,35,3.992,20.16,-29.84,1.638,67.24,17.24,3.064,38.72,-11.28,86,0.662,0.955,0.36,0.454,0.079,0.086,0.377,0.19,0.348,0.27,0.076,0.081
2026,MLB,R,666201,"Manoah, Alek",R,,103,2.145,57.1,7.1,1.671,66.58,16.58,1.072,78.56,28.56,91,0.982,1,0.387,0.436,0.082,0.093,0.326,0.211,0.278,0.242,0.099,0.098
2026,AAA,R,670276,"Stevenson, Cal",L,,27,0.413,91.74,41.74,1.68,66.4,16.4,-1.026,120.52,70.52,97,0.934,1.34,0.409,0.5,0.052,0.071,0.197,0.145,0.193,0.15,0.183,0.14
2026,A,R,823114,"McCarthy, Nolan",R,,12,4.955,0.9,-49.1,1.758,64.84,14.84,3.501,29.98,-20.02,97,0.933,1.315,0.255,0.45,0.036,0.075,0.276,0.168,0.247,0.138,0.152,0.157
2026,AAA,R,702750,"Duran, Edinson",R,,70,3.057,38.86,-11.14,1.789,64.22,14.22,1.589,68.22,18.22,96,0.856,1.154,0.333,0.431,0.052,0.071,0.292,0.163,0.225,0.19,0.151,0.123
2026,A,R,801307,"Bozzo, Gregory",R,,4,1.859,62.82,12.82,1.793,64.14,14.14,0.059,98.82,48.82,98,1.948,1.873,0.537,0.51,0.107,0.067,0.389,0.132,0.241,0.115,0.14,0.189
2026,MLB,R,680951,"Nikhazy, Doug",L,,39,2.004,59.92,9.92,1.879,62.42,12.42,0.974,80.52,30.52,26,0.619,0.689,0.275,0.358,0.067,0.076,0.395,0.202,0.3,0.227,0.085,0.109
2026,MLB,R,595978,"Hedges, Austin",R,,4,1.554,68.92,18.92,1.984,60.32,10.32,-0.753,115.06,65.06,97,1.056,1.176,0.47,0.585,0.035,0.045,0.314,0.078,0.274,0.147,0.1,0.108
2026,A,R,801726,"Gomez, Santiago",R,,29,1.912,61.76,11.76,1.994,60.12,10.12,-0.671,113.42,63.42,98,0.699,1.536,0.397,0.432,0.103,0.084,0.299,0.193,0.203,0.136,0.169,0.142
2026,AAA,R,687208,"Hickey, Nathan",R,,57,1.575,68.5,18.5,2.059,58.82,8.82,0.074,98.52,48.52,97,1.081,1.402,0.387,0.468,0.071,0.087,0.31,0.184,0.231,0.162,0.119,0.153
2026,A,R,812430,"Caraballo, Heriberto",R,,17,0.954,80.92,30.92,2.208,55.84,5.84,-0.99,119.8,69.8,98,1.754,1.684,0.553,0.493,0.065,0.054,0.127,0.116,0.114,0.094,0.192,0.153
2026,A,R,685337,"Tapia, Sergio",R,,14,1.208,75.84,25.84,2.419,51.62,1.62,-0.38,107.6,57.6,98,2.245,1.756,0.504,0.461,0.061,0.07,0.261,0.151,0.138,0.143,0.207,0.168
2026,MLB,R,686475,"Tolbert, Tyler",R,,5,2.671,46.58,-3.42,2.476,50.48,0.48,0.355,92.9,42.9,98,1.998,1.577,0.595,0.583,0.021,0.016,0.036,0.027,0.182,0.124,0.102,0.173
2026,AAA,R,570560,"Sanchez, Yolmer",R,,28,0.896,82.08,32.08,2.573,48.54,-1.46,-1.447,128.94,78.94,97,1.347,1.485,0.491,0.506,0.025,0.029,0.137,0.062,0.231,0.179,0.097,0.111
2026,AAA,R,670148,"Mondou, Nate",R,,29,2.207,55.86,5.86,2.768,44.64,-5.36,-0.515,110.3,60.3,98,2.017,1.784,0.604,0.485,0.071,0.052,0.17,0.106,0.17,0.149,0.134,0.114
2026,MLB,R,624431,"Trevino, Jose",R,,72,2.945,41.1,-8.9,2.776,44.48,-5.52,0.407,91.86,41.86,97,1.254,1.367,0.417,0.487,0.031,0.036,0.206,0.094,0.184,0.176,0.11,0.107
2026,A,R,808805,"Pettorini, Tyler",R,,20,2.173,56.54,6.54,2.803,43.94,-6.06,-0.324,106.48,56.48,97,1.84,1.516,0.544,0.483,0.072,0.075,0.236,0.157,0.201,0.178,0.161,0.128
2026,MLB,R,543510,"McCann, James",R,,57,3.796,24.08,-25.92,2.842,43.16,-6.84,1.041,79.18,29.18,98,1.141,1.751,0.389,0.547,0.018,0.017,0.142,0.031,0.249,0.175,0.068,0.087
2026,AAA,R,681974,"Vega, Onix",R,,27,1.75,65,15,2.843,43.14,-6.86,-0.345,106.9,56.9,98,1.79,1.71,0.496,0.522,0.023,0.02,0.083,0.038,0.169,0.129,0.111,0.124
2026,AAA,R,689172,"Wisely, Brett",R,,30,3.478,30.44,-19.56,2.847,43.06,-6.94,0.759,84.82,34.82,98,1.746,1.73,0.491,0.517,0.037,0.039,0.104,0.075,0.222,0.158,0.097,0.095
2026,AAA,R,663897,"Williams, Luke",R,,19,2.799,44.02,-5.98,2.858,42.84,-7.16,0.329,93.42,43.42,99,2.478,1.976,0.537,0.555,0.043,0.037,0.148,0.069,0.167,0.125,0.132,0.143
2026,AAA,R,681495,"Fergus, Cade",R,,9,1.845,63.1,13.1,2.868,42.64,-7.36,0.145,97.1,47.1,99,1.592,2.182,0.373,0.535,0.022,0.023,0.162,0.044,0.199,0.132,0.136,0.124
2026,MLB,R,596117,"Stubbs, Garrett",R,,5,2.179,56.42,6.42,2.959,40.82,-9.18,0.126,97.48,47.48,98,1.657,1.747,0.449,0.528,0.022,0.021,0.052,0.039,0.197,0.185,0.085,0.059
2026,A,R,694842,"Benson, JT",R,,24,4.294,14.12,-35.88,2.99,40.2,-9.8,1.387,72.26,22.26,99,0.995,2.013,0.344,0.546,0.025,0.042,0.164,0.077,0.196,0.138,0.167,0.108
2026,AAA,R,647351,"Toro, Abraham",R,,13,1.927,61.46,11.46,3.101,37.98,-12.02,-0.558,111.16,61.16,99,1.255,2.005,0.397,0.557,0.016,0.017,0.098,0.031,0.197,0.163,0.099,0.091
2026,MLB,R,668670,"Rogers, Jake",R,,20,1.949,61.02,11.02,3.237,35.26,-14.74,-0.301,106.02,56.02,98,0.839,1.819,0.374,0.488,0.046,0.042,0.194,0.085,0.196,0.124,0.145,0.135
2026,AAA,R,676053,"Opitz, Casey",R,,20,1.986,60.28,10.28,3.241,35.18,-14.82,-0.383,107.66,57.66,97,1.567,1.384,0.45,0.433,0.019,0.024,0.045,0.078,0.276,0.253,0.058,0.056
2026,AAA,R,691938,"Vasquez, Willy",R,,34,4.504,9.92,-40.08,3.254,34.92,-15.08,1.539,69.22,19.22,99,0.931,1.884,0.313,0.543,0.017,0.023,0.226,0.043,0.212,0.136,0.144,0.099
2026,MLB,R,624428,"Frazier, Adam",R,,40,3.406,31.88,-18.12,3.273,34.54,-15.46,0.348,93.04,43.04,99,1.375,1.905,0.452,0.538,0.044,0.039,0.207,0.072,0.204,0.16,0.127,0.1
2026,A,R,807971,"Rosas, Juan",R,,4,2.698,46.04,-3.96,3.286,34.28,-15.72,-0.848,116.96,66.96,99,1.673,2.189,0.53,0.544,0.031,0.03,0.1,0.056,0.147,0.132,0.183,0.121
2026,AAA,R,681357,"Morissette, Cody",R,,66,2.15,57,7,3.288,34.24,-15.76,-1.179,123.58,73.58,99,1.803,1.89,0.56,0.518,0.04,0.041,0.104,0.08,0.162,0.135,0.16,0.12
2026,MLB,R,642215,"Wilson, Weston",R,,26,3.472,30.56,-19.44,3.301,33.98,-16.02,0.771,84.58,34.58,99,1.711,1.967,0.485,0.544,0.021,0.019,0.069,0.035,0.187,0.139,0.103,0.109
2026,MLB,R,686894,"Wiemer, Joey",R,,19,6.3,-26,-76,3.343,33.14,-16.86,3.65,27,-23,98,1.303,1.829,0.313,0.526,0.02,0.027,0.219,0.054,0.218,0.127,0.131,0.11
2026,AAA,R,691405,"Benjamin, Juan",R,,15,2.405,51.9,1.9,3.374,32.52,-17.48,0.264,94.72,44.72,99,0.83,1.935,0.284,0.52,0.019,0.017,0.148,0.032,0.217,0.14,0.078,0.102
2026,MLB,R,810938,"Williamson, Ben",R,,7,1.206,75.88,25.88,3.552,28.96,-21.04,-1.446,128.92,78.92,100,2.682,2.307,0.717,0.559,0.019,0.017,0.028,0.03,0.102,0.105,0.193,0.181
2026,AAA,R,663967,"Salazar, Cesar",R,,10,4.816,3.68,-46.32,3.628,27.44,-22.56,2.192,56.16,6.16,100,1.75,2.244,0.425,0.518,0.03,0.029,0.174,0.056,0.158,0.13,0.208,0.11
2026,AAA,R,663731,"Kaiser, Connor",R,,12,3.764,24.72,-25.28,3.634,27.32,-22.68,0.102,97.96,47.96,98,1.811,1.687,0.51,0.509,0.026,0.022,0.086,0.045,0.158,0.12,0.128,0.147
2026,AAA,R,701298,"Glasser, Phillip",R,,30,4.819,3.62,-46.38,3.724,25.52,-24.48,1.91,61.8,11.8,100,1.692,2.356,0.414,0.55,0.023,0.023,0.139,0.041,0.184,0.124,0.127,0.108
2026,A,R,806739,"Kim, Jayden",R,,15,2.564,48.72,-1.28,3.761,24.78,-25.22,-0.706,114.12,64.12,99,2.429,2.207,0.618,0.539,0.037,0.035,0.112,0.066,0.135,0.129,0.149,0.11
2026,MLB,R,663967,"Salazar, Cesar",R,,10,2.737,45.26,-4.74,3.767,24.66,-25.34,-0.222,104.44,54.44,100,2.027,2.221,0.544,0.563,0.024,0.016,0.08,0.029,0.19,0.138,0.082,0.101
2026,MLB,R,500743,"Rojas, Miguel",R,,18,2.312,53.76,3.76,3.782,24.36,-25.64,-0.653,113.06,63.06,99,1.435,2.098,0.43,0.515,0.025,0.021,0.086,0.04,0.192,0.126,0.113,0.106
2026,A,R,814269,"Verde, Kevin",R,,4,4.601,7.98,-42.02,3.797,24.06,-25.94,2.996,40.08,-9.92,100,1.429,2.378,0.29,0.553,0.026,0.033,0.112,0.06,0.104,0.099,0.1,0.083
2026,MLB,R,664731,"Higgins, P.J.",R,,10,2.898,42.04,-7.96,3.822,23.56,-26.44,-0.545,110.9,60.9,99,1.867,1.883,0.558,0.553,0.016,0.016,0.06,0.028,0.172,0.137,0.11,0.098
2026,AAA,R,670097,"Short, Zack",R,,32,3.919,21.62,-28.38,3.928,21.44,-28.56,0.249,95.02,45.02,99,2.434,2.092,0.529,0.529,0.03,0.024,0.096,0.046,0.14,0.115,0.156,0.146
2026,AAA,R,668845,"Schunk, Aaron",R,,1,-4.201,184.02,134.02,4.06,18.8,-31.2,-6.813,236.26,186.26,100,1.104,2.34,0.566,0.542,0.026,0.02,0.045,0.037,0.119,0.143,0.322,0.107
2026,MLB,R,683766,"Koss, Christian",R,,28,2.648,47.04,-2.96,4.178,16.44,-33.56,-1.028,120.56,70.56,100,1.562,2.419,0.475,0.507,0.026,0.028,0.092,0.055,0.192,0.177,0.084,0.093
2026,AAA,R,668876,"Humphreys, Zach",R,,6,6.997,-39.94,-89.94,4.351,12.98,-37.02,2.469,50.62,0.62,99,3.264,2.015,0.557,0.523,0.017,0.016,0.13,0.03,0.165,0.127,0.092,0.117
2026,MLB,R,624512,"McGuire, Reese",R,,9,5.533,-10.66,-60.66,4.354,12.92,-37.08,0.875,82.5,32.5,100,3.736,2.659,0.772,0.564,0.058,0.03,0.082,0.054,0.108,0.094,0.158,0.202
2026,MLB,R,664238,"Moore, Dylan",R,,20,4.71,5.8,-44.2,4.355,12.9,-37.1,1.125,77.5,27.5,98,1.091,1.605,0.374,0.522,0.015,0.017,0.128,0.034,0.205,0.139,0.115,0.092
2026,AAA,R,802355,"Schobel, Tanner",R,,12,2.746,45.08,-4.92,4.658,6.84,-43.16,-1.31,126.2,76.2,98,0.978,1.707,0.411,0.535,0.014,0.015,0.163,0.029,0.175,0.163,0.04,0.075
2026,MLB,R,623168,"Heineman, Tyler",R,,38,4.375,12.5,-37.5,4.668,6.64,-43.36,0.225,95.5,45.5,100,2.187,2.302,0.583,0.533,0.031,0.021,0.082,0.039,0.16,0.134,0.104,0.134
2026,AAA,R,682515,"Porter, Logan",R,,12,1.939,61.22,11.22,4.817,3.66,-46.34,-2.345,146.9,96.9,99,1.42,1.996,0.546,0.565,0.023,0.022,0.067,0.039,0.21,0.136,0.1,0.096