Name,Team,Pos,mlbam,Age,Draft,Highest Level,B/T,Hgt/Wgt,Rank,Avg,Athletic,Baseball America,Baseball HQ,Baseball Prospectus,CBS Sports,Dynasty Dugout,ESPN,Fangraphs,Fantasy Alarm,Fantasy Roundup,Fantasy Six Pack,Fantrax HQ,Imaginary Brick Wall,Just Baseball,MLB Pipeline,NBC Sports,Pitcher List,Prospect 361,Prospects Live,Razzball,Roto- Baller,Roto- Prospects,Rotowire,TJStats,Upside Prospect
"Griffin, Konnor",PIT,SS,804660,19.9,2024 #9,AA,R/R,"6'4"" 225",1,1.04,1,Paywall,Paywall,1,1,1,1,1,1,1,1,1,1,1,1,1,1,1,1,2,1,1,1,1,Paywall
"McGonigle, Kevin",DET,SS,805808,21.6,2023 #37,AA,L/R,"5'10"" 187",2,3.00,2,Paywall,Paywall,2,2,2,2,5,2,2,3,6,2,2,2,4,8,6,2,6,2,3,2,2,Paywall
"Made, Jesus",MIL,SS,815908,18.9,2024 FA,AA,S/R,"6'1"" 187",3,3.44,3,Paywall,Paywall,3,3,3,3,2,4,3,5,2,4,4,3,3,7,2,3,1,6,2,3,5,Paywall
"Wetherholt, JJ",STL,SS,802139,23.5,2024 #7,AAA,L/R,"5'10"" 190",4,5.28,7,Paywall,Paywall,8,4,4,7,12,5,7,3,3,7,7,5,6,2,4,4,3,5,5,Paywall,4,Paywall
"De Vries, Leo",ATH,SS,815888,19.5,2024 FA,AA,S/R,"6'1"" 183",5,6.80,13,Paywall,Paywall,5,5,5,11,6,3,5,2,4,12,9,4,2,4,12,9,4,7,6,4,12,Paywall
"Clark, Max",DET,OF,703601,21.3,2023 #3,AA,L/L,"6'0"" 205",6,9.56,5,Paywall,Paywall,6,20,16,8,7,8,14,Paywall,7,8,10,10,5,5,3,5,16,8,11,Paywall,7,Paywall
"Jenkins, Walker",MIN,MIN,805805,21.1,2023 #5,AAA,L/R,"6'3"" 210",7,13.60,11,Paywall,Paywall,19,15,24,9,31,10,23,Paywall,10,5,16,14,7,16,5,24,9,12,4,Paywall,17,Paywall
"Walcott, Sebastian",TEX,SS,806964,20.0,2023 FA,AA,R/R,"6'4"" 190",8,13.84,16,Paywall,Paywall,11,6,9,5,30,6,36,Paywall,8,21,32,7,14,20,8,11,5,18,10,5,20,Paywall
"Emerson, Colt",SEA,SS,806068,20.7,2023 #22,AAA,L/R,"6'0"" 195",9,14.16,4,Paywall,Paywall,15,10,11,6,11,9,19,Paywall,11,11,5,9,12,13,17,12,29,23,13,Paywall,8,Paywall
"Miller, Aidan",PHI,SS,805795,21.8,2023 #27,AAA,R/R,"6'1"" 205",10,15.08,6,Paywall,Paywall,13,14,8,10,13,32,27,Paywall,20,20,6,23,21,10,9,29,13,16,12,Paywall,9,Paywall
"Basallo, Samuel",BAL,C,694212,21.6,2021 FA,MLB,L/R,"6'4"" 180",11,15.84,8,Paywall,Paywall,9,7,6,4,4,7,4,Paywall,5,3,8,8,11,225,7,6,7,13,7,Paywall,11,Paywall
"Benge, Carson",NYM,OF,701807,23.2,2024 #19,AAA,L/R,"6'1"" 184",12,17.96,18,Paywall,Paywall,10,9,15,15,21,21,18,Paywall,24,19,11,16,28,3,32,10,14,22,17,Paywall,13,Paywall
"McLean, Nolan",NYM,P,690997,24.7,2023 #91,MLB,R/R,"6'2"" 214",13,18.20,15,Paywall,Paywall,4,13,7,13,3,11,6,Paywall,13,10,3,6,15,225,23,8,8,4,9,Paywall,6,Paywall
"De Paula, Josue",LAD,OF,800543,20.8,2022 FA,AA,L/L,"6'3"" 185",14,19.52,20,Paywall,Paywall,14,19,18,21,17,13,10,Paywall,12,22,41,15,9,14,11,16,18,21,20,Paywall,34,Paywall
"White, Thomas",MIA,P,806258,21.5,2023 #35,AAA,L/L,"6'5"" 240",15,21.64,33,Paywall,Paywall,29,16,33,18,9,22,67,Paywall,14,15,19,17,16,19,27,15,21,20,16,Paywall,25,Paywall
"Chandler, Bubba",PIT,P,696149,23.5,2021 #72,MLB,S/R,"6'3"" 218",16,22.48,14,Paywall,Paywall,12,8,13,12,10,14,17,Paywall,9,18,12,11,18,225,10,13,31,14,14,Paywall,14,Paywall
"Yesavage, Trey",TOR,P,702056,22.7,2024 #20,MLB,R/R,"6'4"" 225",17,22.52,25,Paywall,Paywall,7,12,10,14,8,26,8,Paywall,26,9,14,12,8,225,28,7,19,11,15,Paywall,10,Paywall
"Pena, Luis",MIL,SS,821270,19.4,2024 FA,A+,R/R,"5'11"" 185",18,24.32,27,Paywall,Paywall,30,24,28,26,24,18,28,Paywall,17,35,18,26,22,31,15,25,25,31,31,Paywall,31,Paywall
"Quintero, Eduardo",LAD,OF,808234,19.5,2023 FA,A+,R/R,"6'1"" 175",19,24.36,9,Paywall,Paywall,27,18,14,37,43,34,21,Paywall,29,36,40,30,24,6,20,18,30,9,21,Paywall,36,Paywall
"Rainer, Bryce",DET,SS,800614,20.7,2024 #11,A,L/R,"6'3"" 195",20,27.56,17,Paywall,Paywall,36,22,23,35,23,37,11,Paywall,50,23,35,35,19,24,24,21,55,30,23,Paywall,30,Paywall
"Anderson, Kade",SEA,P,807739,21.7,2025 #3,,L/L,"6'2"" 179",21,28.88,28,Paywall,Paywall,28,27,31,16,50,23,29,Paywall,22,47,26,21,13,27,21,19,32,35,37,Paywall,28,Paywall
"Eldridge, Bryce",SF,1B,805811,21.4,2023 #16,MLB,L/R,"6'7"" 240",22,30.00,23,Paywall,Paywall,33,11,12,59,16,12,31,Paywall,18,16,17,25,23,225,18,33,11,32,19,Paywall,33,Paywall
"Hope, Zyhir",LAD,OF,814307,21.2,2023 #326,AA,L/L,"5'10"" 193",23,31.80,36,Paywall,Paywall,18,28,25,40,41,20,12,Paywall,19,37,27,27,27,25,16,52,33,28,Paywall,Paywall,35,Paywall
"Painter, Andrew",PHI,P,691725,23.0,2021 #13,AAA,R/R,"6'7"" 215",24,32.32,22,Paywall,Paywall,51,26,29,27,27,16,54,Paywall,15,53,21,28,38,9,13,27,41,51,39,Paywall,38,Paywall
"Bazzana, Travis",CLE,2B,683953,23.6,2024 #1,AAA,L/R,"6'0"" 199",25,33.28,50,Paywall,Paywall,24,36,26,23,54,17,22,Paywall,16,25,46,20,30,15,73,39,37,33,27,Paywall,47,Paywall
"Stewart, Sal",CIN,3B,701398,22.3,2022 #32,AAA,R/R,"6'1"" 224",26,33.88,19,Paywall,Paywall,46,21,17,17,34,31,9,Paywall,56,14,15,22,50,225,44,17,23,17,8,Paywall,16,Paywall
"Rodriguez, Rainiel",STL,C,823787,19.2,2024 FA,A+,R/R,"5'10"" 197",27,34.48,29,Paywall,Paywall,16,40,21,19,25,55,25,Paywall,69,39,24,37,34,41,Paywall,23,36,25,26,Paywall,19,Paywall
"Willits, Eli",WAS,SS,816113,18.3,2025 #1,A,S/R,"6'1"" 180",28,35.80,53,Paywall,Paywall,17,23,40,41,15,15,39,Paywall,27,44,22,13,17,28,66,20,60,44,44,Paywall,60,Paywall
"Waldschmidt, Ryan",ARI,OF,814439,23.5,2024 #31,AA,R/R,"6'2"" 205",29,36.72,34,Paywall,Paywall,39,31,20,63,35,66,24,Paywall,35,27,44,59,37,12,46,36,61,34,29,Paywall,42,Paywall
"Tolle, Payton",BOS,P,801139,23.4,2024 #50,AAA,L/L,"6'6"" 250",30,37.00,40,Paywall,Paywall,22,42,32,22,18,28,16,Paywall,40,31,28,19,47,225,41,14,58,36,33,Paywall,15,Paywall
"Jensen, Carter",KC,C,695600,22.7,2021 #78,MLB,L/R,"6'0"" 210",31,38.88,10,Paywall,Paywall,44,25,22,25,32,39,26,Paywall,60,13,13,18,31,225,59,22,43,29,25,Paywall,3,Paywall
"Florentino, Edward",PIT,OF,821273,19.4,2024 FA,A,L/R,"6'4"" 200",32,38.92,42,Paywall,Paywall,21,30,19,78,101,81,40,Paywall,63,17,31,50,53,30,96,37,39,10,22,Paywall,18,Paywall
"Sloan, Ryan",SEA,P,815549,20.2,2024 #55,A+,R/R,"6'5"" 220",33,38.96,21,Paywall,Paywall,32,53,30,24,20,44,20,Paywall,100,42,29,33,52,18,52,26,71,41,40,Paywall,27,Paywall
"Briceno, Josue",DET,C,800522,21.5,2022 FA,AA,L/R,"6'4"" 200",34,39.20,59,Paywall,Paywall,53,29,48,44,63,33,15,Paywall,31,43,37,40,29,32,22,31,40,26,Paywall,Paywall,22,Paywall
"Snelling, Robby",MIA,P,702281,22.3,2022 #39,AAA,R/L,"6'3"" 210",35,42.36,63,Paywall,Paywall,57,37,34,47,80,51,33,Paywall,34,49,25,39,63,11,35,35,26,47,34,Paywall,24,Paywall
"Doyle, Liam",STL,P,824604,21.8,2025 #5,AA,R/L,"6'2"" 220",36,45.52,26,Paywall,Paywall,31,41,Paywall,50,19,36,35,Paywall,36,46,70,34,64,37,33,32,50,89,Paywall,Paywall,57,Paywall
"Tong, Jonah",NYM,P,804636,22.8,2022 #209,MLB,R/R,"6'1"" 180",37,45.80,72,Paywall,Paywall,23,38,38,31,58,46,58,Paywall,28,32,30,48,60,225,26,50,15,42,24,Paywall,39,Paywall
"Hernandez, Seth",PIT,P,815825,19.7,2025 #6,,R/R,"6'4"" 190",38,46.20,100,Paywall,Paywall,68,39,36,49,45,27,55,Paywall,25,75,49,29,40,22,34,38,76,38,Paywall,Paywall,40,Paywall
"Williams, Jett",MIL,SS,702518,22.4,2022 #14,AAA,R/R,"5'7"" 175",39,51.32,45,Paywall,Paywall,41,64,46,32,75,30,96,Paywall,45,88,45,51,36,88,29,46,45,60,30,Paywall,46,Paywall
"Gonzalez, Josuar",SF,SS,829034,18.4,2025 FA,R,S/R,"6'0"" 167",40,51.88,38,Paywall,Paywall,20,56,37,30,44,82,49,Paywall,73,45,58,44,68,102,69,30,54,52,48,Paywall,32,Paywall
"Duno, Alfredo",CIN,C,806957,20.2,2023 FA,A,R/R,"6'2"" 210",41,55.00,80,Paywall,Paywall,63,75,Paywall,29,22,48,150,Paywall,41,38,42,38,41,51,56,42,34,50,47,Paywall,21,Paywall
"Lombard, George Jr.",NYY,SS,806146,20.8,2023 #26,AA,R/R,"6'2"" 190",42,55.28,24,Paywall,Paywall,42,55,Paywall,20,49,25,68,Paywall,30,63,53,32,67,110,37,40,150,99,Paywall,Paywall,37,Paywall
"Arias, Franklin",BOS,SS,808265,20.3,2023 FA,AA,R/R,"5'11"" 170",43,55.92,12,Paywall,Paywall,25,85,Paywall,36,14,24,95,Paywall,39,89,39,31,51,49,14,53,24,94,Paywall,Paywall,64,Paywall
"Sirota, Mike",LAD,OF,701527,22.8,2024 #87,A+,R/R,"6'2"" 188",44,56.80,51,Paywall,Paywall,34,44,43,55,165,64,32,Paywall,94,66,34,60,58,54,97,54,63,27,45,Paywall,52,Paywall
"Bonemer, Caleb",CHW,SS,815352,20.5,2024 #43,A+,R/R,"6'1"" 195",45,57.96,44,Paywall,Paywall,26,35,27,34,33,73,34,Paywall,96,41,47,61,55,115,Paywall,28,77,53,32,Paywall,29,Paywall
"Parker, JoJo",TOR,SS,828098,19.6,2025 #8,,L/R,"6'2"" 200",46,58.20,60,Paywall,Paywall,49,50,Paywall,52,165,43,56,Paywall,51,55,61,45,66,21,51,43,62,37,Paywall,Paywall,73,Paywall
"Montes, Lazaro",SEA,OF,703155,21.4,2022 FA,AA,L/R,"6'5"" 210",47,58.44,71,Paywall,Paywall,97,47,49,108,66,29,76,Paywall,48,71,77,43,20,40,45,97,44,46,50,Paywall,84,Paywall
"DeLauter, Chase",CLE,OF,800050,24.5,2022 #16,MLB,L/L,"6'3"" 235",48,59.04,81,Paywall,Paywall,94,59,Paywall,43,26,58,63,Paywall,37,64,20,46,42,225,86,44,17,15,Paywall,Paywall,53,Paywall
"Holliday, Ethan",COL,SS,815787,19.1,2025 #4,A,L/R,"6'4"" 210",48,59.04,39,Paywall,Paywall,150,54,Paywall,66,47,19,84,Paywall,23,73,60,24,10,26,19,69,56,83,Paywall,Paywall,85,Paywall
"Culpepper, Kaelen",MIN,SS,701785,23.2,2024 #21,AA,R/R,"6'0"" 185",50,60.96,82,Paywall,Paywall,71,63,Paywall,79,97,52,46,Paywall,58,68,84,52,54,17,30,48,48,55,49,Paywall,150,Paywall
"Arquette, Aiva",MIA,SS,804109,22.4,2025 #7,A+,R/R,"6'5"" 220",51,61.24,32,Paywall,Paywall,50,52,Paywall,123,87,41,61,Paywall,43,91,51,47,32,35,67,60,79,85,Paywall,Paywall,50,Paywall
"Early, Connelly",BOS,P,813349,24.0,2023 #151,MLB,L/L,"6'3"" 195",52,62.84,64,Paywall,Paywall,43,81,41,48,38,150,13,Paywall,115,33,23,56,150,225,55,41,49,39,Paywall,Paywall,23,Paywall
"Ballesteros, Moises",CHC,C,694208,22.4,2021 FA,MLB,L/R,"5'8"" 195",53,63.28,47,Paywall,Paywall,80,33,Paywall,51,84,53,57,Paywall,64,85,55,55,35,225,25,55,22,61,38,Paywall,49,Paywall
"Montgomery, Braden",CHW,OF,695731,22.9,2024 #12,AA,S/R,"6'2"" 220",54,63.40,30,Paywall,Paywall,99,69,Paywall,189,100,35,45,Paywall,52,87,62,36,39,46,49,99,57,58,42,Paywall,66,Paywall
"Jump, Gage",ATH,P,695611,23.0,2024 #73,AA,L/L,"6'0"" 200",55,65.96,37,Paywall,Paywall,37,82,Paywall,42,81,60,37,Paywall,67,82,52,57,81,76,48,34,150,95,Paywall,Paywall,26,Paywall
"Susana, Jarlin",WAS,P,703186,22.0,2022 FA,AA,R/R,"6'6"" 235",56,67.84,168,Paywall,Paywall,47,49,Paywall,74,29,87,66,Paywall,57,58,54,80,72,50,Paywall,71,59,78,Paywall,Paywall,69,Paywall
"Beavers, Dylan",BAL,OF,687637,24.6,2022 #33,MLB,L/R,"6'5"" 206",57,68.00,106,Paywall,Paywall,62,61,Paywall,57,39,83,65,Paywall,74,50,33,69,62,225,Paywall,51,150,19,28,Paywall,43,Paywall
"Williams, Carson",TB,SS,700246,22.8,2021 #28,MLB,R/R,"6'2"" 180",58,70.48,54,Paywall,Paywall,45,150,47,39,28,50,47,Paywall,92,56,68,63,75,225,50,62,70,71,Paywall,Paywall,65,Paywall
"Rodriguez, Emmanuel",MIN,OF,691181,23.1,2019 FA,AAA,L/L,"5'11"" 210",59,70.84,57,Paywall,Paywall,48,46,Paywall,97,165,69,72,Paywall,42,67,50,74,44,55,83,150,99,57,Paywall,Paywall,54,Paywall
"Arroyo, Michael",SEA,SS,703197,21.4,2022 FA,AA,R/R,"5'10"" 160",60,71.96,49,Paywall,Paywall,35,72,50,62,78,63,70,Paywall,49,108,150,67,43,58,82,100,87,43,Paywall,Paywall,44,Paywall
"Wiggins, Jaxon",CHC,P,694393,24.5,2023 #68,AAA,R/R,"6'6"" 225",61,75.44,168,Paywall,Paywall,67,78,Paywall,83,72,67,53,Paywall,77,94,59,58,93,34,Paywall,67,65,105,Paywall,Paywall,71,Paywall
"Crawford, Justin",PHI,OF,702222,22.2,2022 #17,AAA,L/R,"6'2"" 188",62,75.76,48,Paywall,Paywall,98,48,Paywall,69,165,54,77,Paywall,78,29,79,53,25,100,38,150,12,48,Paywall,Paywall,150,Paywall
"Caissie, Owen",MIA,OF,683357,23.7,2020 #45,MLB,L/R,"6'3"" 190",63,76.60,168,Paywall,Paywall,91,34,Paywall,77,62,47,89,Paywall,75,83,48,42,33,225,Paywall,81,35,59,36,Paywall,83,Paywall
"Baez, Joshua",STL,OF,695491,22.7,2021 #54,AA,R/R,"6'3"" 220",64,77.20,168,Paywall,Paywall,84,17,35,93,165,150,44,Paywall,150,28,150,87,150,63,61,59,78,24,18,Paywall,41,Paywall
"Schultz, Noah",CHW,P,702273,22.6,2022 #26,AAA,L/L,"6'10"" 240",65,77.24,95,Paywall,Paywall,100,57,Paywall,96,36,40,69,Paywall,32,95,65,49,59,96,74,79,83,102,Paywall,Paywall,79,Paywall
"Nimmala, Arjun",TOR,SS,805796,20.4,2023 #20,A+,R/R,"6'1"" 190",66,77.52,89,Paywall,Paywall,87,150,Paywall,76,48,68,48,Paywall,46,140,95,77,91,43,39,61,89,108,Paywall,Paywall,86,Paywall
"Arnold, Jamie",ATH,P,701364,22.0,2025 #11,,L/L,"6'1"" 188",67,79.64,43,Paywall,Paywall,58,43,Paywall,60,165,38,83,Paywall,38,76,150,41,79,81,Paywall,45,94,93,Paywall,Paywall,77,Paywall
"Sykora, Travis",WAS,P,805809,21.9,2023 #71,AA,R/R,"6'6"" 232",68,80.00,168,Paywall,Paywall,90,65,Paywall,58,109,49,74,Paywall,71,116,67,54,49,74,64,77,95,56,Paywall,Paywall,100,Paywall
"Morales, Emil",LAD,SS,815896,19.5,2024 FA,A,R/R,"6'3"" 191",69,81.08,65,Paywall,Paywall,56,84,Paywall,65,61,100,30,Paywall,85,34,150,92,65,23,Paywall,64,38,40,Paywall,Paywall,150,Paywall
"Witherspoon, Kyson",BOS,P,804817,21.6,2025 #15,,R/R,"6'2"" 206",70,84.24,62,Paywall,Paywall,74,79,Paywall,67,96,89,41,Paywall,83,102,150,84,150,42,75,65,75,86,Paywall,Paywall,78,Paywall
"Caminiti, Cam",ATL,P,807284,19.6,2024 #24,A,L/L,"6'2"" 195",71,85.04,35,Paywall,Paywall,150,70,Paywall,53,165,72,150,Paywall,91,59,98,68,74,75,Paywall,47,88,73,Paywall,Paywall,96,Paywall
"Hopkins, Brody",TB,P,811315,24.2,2023 #187,AA,R/R,"6'4"" 200",72,85.40,83,Paywall,Paywall,72,76,Paywall,86,59,150,150,Paywall,72,98,38,85,150,36,Paywall,49,150,Paywall,Paywall,Paywall,68,Paywall
"Gillen, Theo",TB,OF,815394,20.5,2024 #18,A,L/R,"6'2"" 195",73,85.72,67,Paywall,Paywall,81,150,Paywall,92,165,65,64,Paywall,101,54,75,76,46,29,40,66,150,101,Paywall,Paywall,72,Paywall
"Velazquez, Ralphy",CLE,1B,806252,20.8,2023 #23,AA,L/R,"6'3"" 240",74,86.84,106,Paywall,Paywall,150,67,44,33,40,150,60,Paywall,147,51,57,89,150,149,Paywall,88,42,76,46,Paywall,48,Paywall
"Kilby, Dax",NYY,SS,828076,19.4,2025 #39,A,L/R,"6'2"" 190",75,86.88,106,Paywall,Paywall,40,51,42,113,69,150,38,Paywall,120,60,76,94,150,78,Paywall,57,72,64,Paywall,Paywall,74,Paywall
"Ewing, A.J.",NYM,SS,805999,21.6,2023 #134,AA,L/R,"5'11"" 160",76,88.28,98,Paywall,Paywall,38,62,Paywall,28,165,150,51,Paywall,130,40,43,97,150,65,71,150,46,100,Paywall,Paywall,98,Paywall
"Condon, Charlie",COL,OF,809707,22.9,2024 #3,AA,R/R,"6'6"" 216",77,90.44,46,Paywall,Paywall,150,74,Paywall,300,67,61,82,Paywall,70,70,94,70,26,60,60,150,82,54,Paywall,Paywall,150,Paywall
"Sproat, Brandon",MIL,P,687075,25.5,2023 #56,MLB,R/R,"6'3"" 215",78,93.20,75,Paywall,Paywall,76,93,Paywall,73,37,150,59,Paywall,82,151,71,100,150,225,43,70,74,117,Paywall,Paywall,89,Paywall
"Lagrange, Carlos",NYY,P,801739,22.8,2022 FA,AA,R/R,"6'7"" 248",79,94.12,88,Paywall,Paywall,61,90,Paywall,159,73,74,99,Paywall,125,93,64,79,150,150,100,72,66,97,Paywall,Paywall,70,Paywall
"Farmelo, Jonny",SEA,OF,806071,21.5,2023 #29,A+,L/R,"6'2"" 205",80,95.68,90,Paywall,Paywall,150,150,Paywall,119,51,75,43,Paywall,59,48,73,78,56,225,92,150,150,67,Paywall,Paywall,150,Paywall
"Pratt, Cooper",MIL,SS,806198,21.6,2023 #182,AA,R/R,"6'3"" 206",81,97.44,99,Paywall,Paywall,150,150,Paywall,70,165,56,71,Paywall,61,90,150,64,150,62,58,56,150,Paywall,Paywall,Paywall,63,Paywall
"Rodriguez-Cruz, Elmer",NYY,P,695684,22.6,2021 #105,AAA,L/R,"6'3"" 160",82,97.96,168,Paywall,Paywall,60,80,Paywall,87,53,97,79,Paywall,105,99,150,82,87,68,62,68,67,111,Paywall,Paywall,150,Paywall
"Genao, Angel",CLE,3B,694197,21.9,2021 FA,AA,S/R,"5'9"" 150",83,98.84,31,Paywall,Paywall,55,150,Paywall,80,42,59,150,Paywall,33,133,72,66,57,225,57,80,92,Paywall,Paywall,Paywall,150,Paywall
"Ford, Harry",WAS,C,695670,23.1,2021 #12,MLB,R/R,"5'10"" 200",84,99.84,168,Paywall,Paywall,150,66,Paywall,82,74,42,86,Paywall,53,131,74,71,48,225,42,150,52,110,Paywall,Paywall,82,Paywall
"Reimer, Jacob",NYM,3B,702544,22.1,2022 #119,AA,R/R,"6'0"" 205",85,100.84,168,Paywall,Paywall,70,73,Paywall,138,85,150,50,Paywall,68,107,93,150,150,111,Paywall,150,150,72,Paywall,Paywall,45,Paywall
"Smith, Hagen",CHW,P,696146,22.6,2024 #5,AA,L/L,"6'3"" 235",86,104.00,58,Paywall,Paywall,101,86,Paywall,127,65,88,150,Paywall,90,105,150,72,89,67,Paywall,90,150,113,Paywall,Paywall,150,Paywall
"Mack, Joe",MIA,C,691788,23.2,2021 #31,AAA,L/R,"6'0"" 210",87,105.60,52,Paywall,Paywall,92,150,Paywall,61,56,70,150,Paywall,44,130,36,62,150,148,Paywall,58,90,Paywall,Paywall,Paywall,51,Paywall
"Bremner, Tyler",LAA,P,803285,21.9,2025 #2,,R/R,"6'2"" 190",88,107.12,168,Paywall,Paywall,79,94,Paywall,56,52,91,150,Paywall,110,101,150,81,69,99,Paywall,78,100,Paywall,Paywall,Paywall,150,Paywall
"Tait, Eduardo",MIN,C,806953,19.6,2023 FA,A+,L/R,"6'0"" 175",89,108.76,93,Paywall,Paywall,54,150,Paywall,38,46,57,150,Paywall,95,132,56,65,83,138,76,73,150,98,Paywall,Paywall,93,Paywall
"Scarborough, Caden",TEX,P,807291,21.0,2023 #171,A+,R/R,"6'5"" 185",90,112.56,106,Paywall,Paywall,150,150,Paywall,99,71,150,62,Paywall,145,96,78,150,150,113,Paywall,63,150,88,Paywall,Paywall,56,Paywall
"Hall, Steele",CIN,SS,829162,18.7,2025 #9,,R/R,"6'0"" 180",91,113.48,168,Paywall,Paywall,150,150,Paywall,126,165,79,78,Paywall,136,72,150,83,86,136,Paywall,92,68,112,Paywall,Paywall,150,Paywall
"Lewis, Tyson",CIN,SS,815653,20.2,2024 #51,A,L/R,"6'2"" 195",92,120.12,68,Paywall,Paywall,66,89,Paywall,170,165,76,150,Paywall,121,77,150,150,150,137,Paywall,150,150,82,Paywall,Paywall,150,Paywall
"Jones, Spencer",NYY,OF,682987,24.9,2022 #25,AAA,L/L,"6'7"" 240",93,122.28,168,Paywall,Paywall,150,60,Paywall,177,165,99,150,Paywall,89,69,150,150,61,116,85,150,53,65,Paywall,Paywall,150,Paywall
"Clifford, Ryan",NYM,1B,691775,22.7,2022 #343,AAA,L/L,"6'3"" 200",94,122.44,168,Paywall,Paywall,86,77,Paywall,106,165,150,150,Paywall,173,84,81,150,150,225,Paywall,150,150,121,Paywall,Paywall,150,Paywall
"Messick, Parker",CLE,P,800048,25.4,2022 #54,MLB,L/L,"6'0"" 225",95,122.96,92,Paywall,Paywall,83,87,Paywall,45,82,150,75,Paywall,188,78,150,95,150,225,Paywall,82,150,Paywall,Paywall,Paywall,150,Paywall
"Fien, Gavin",WAS,SS,815818,19.0,2025 #12,A,R/R,"6'3"" 200",96,124.80,76,Paywall,Paywall,59,150,Paywall,117,165,150,150,Paywall,263,117,150,150,88,59,Paywall,83,150,109,Paywall,Paywall,150,Paywall
"Cijntje, Jurrangelo",STL,P,701388,22.8,2024 #15,AA,S/S,"5'11"" 200",97,125.32,168,Paywall,Paywall,52,150,Paywall,95,94,90,150,Paywall,81,201,97,91,70,225,70,150,84,Paywall,Paywall,Paywall,150,Paywall
"Henderson, Logan",MIL,P,701656,24.1,2021 #116,MLB,R/R,"6'0"" 209",98,125.40,168,Paywall,Paywall,150,88,Paywall,64,88,150,42,Paywall,93,65,92,150,150,225,Paywall,150,73,Paywall,Paywall,Paywall,91,Paywall
"George, Nate",BAL,OF,825582,19.8,2024 #489,A+,R/R,"6'0"" 200",99,125.52,78,Paywall,Paywall,64,150,Paywall,114,165,150,150,Paywall,155,159,150,93,150,225,Paywall,76,150,70,Paywall,Paywall,59,Paywall
"Melton, Jacob",TB,OF,689200,25.5,2022 #64,MLB,L/L,"6'3"" 208",99,125.52,168,Paywall,Paywall,150,150,Paywall,81,165,150,150,Paywall,103,92,150,150,150,225,89,86,150,80,Paywall,Paywall,80,Paywall
"Chourio, Kendry",KC,P,830402,18.5,2025 FA,A,R/R,"6'0"" 160",99,125.52,61,Paywall,Paywall,150,150,Paywall,124,165,150,150,Paywall,111,156,96,150,150,45,Paywall,74,150,90,Paywall,Paywall,150,Paywall
"Ritchie, J.R.",ATL,P,702275,22.7,2022 #35,AAA,R/R,"6'2"" 185",102,125.64,106,Paywall,Paywall,88,71,Paywall,89,68,86,150,Paywall,154,255,83,90,77,225,84,150,150,Paywall,Paywall,Paywall,150,Paywall
"Garcia, Jhostynxon",PIT,OF,691373,23.3,2019 FA,MLB,R/R,"6'0"" 163",103,127.28,106,Paywall,Paywall,150,150,Paywall,140,165,85,150,Paywall,86,106,80,150,99,225,68,150,69,92,Paywall,Paywall,150,Paywall
"Quero, Jeferson",MIL,C,691620,23.5,2019 FA,AAA,R/R,"5'11"" 203",104,132.80,74,Paywall,Paywall,150,150,Paywall,75,76,84,150,Paywall,79,305,85,150,85,72,53,95,150,Paywall,Paywall,Paywall,150,Paywall
"Celesten, Felnin",SEA,SS,806958,20.5,2023 FA,A,S/R,"6'1"" 175",105,133.76,77,Paywall,Paywall,150,150,Paywall,105,86,150,87,Paywall,55,126,150,150,80,104,36,91,81,66,Paywall,Paywall,150,Paywall
"Gibson, Trey",BAL,P,694346,23.9,2023 FA,AAA,R/R,"6'5"" 240",106,135.40,168,Paywall,Paywall,150,150,Paywall,46,83,150,88,Paywall,203,197,82,150,150,225,Paywall,150,150,Paywall,Paywall,Paywall,150,Paywall
"Carlson, Billy",CHW,SS,815814,19.7,2025 #10,,R/R,"6'1"" 185",107,135.60,66,Paywall,Paywall,93,150,Paywall,100,165,150,150,Paywall,88,141,150,73,100,87,Paywall,75,150,Paywall,Paywall,Paywall,150,Paywall
"Valdez, Esmerlyn",PIT,OF,699013,22.2,2021 FA,AA,R/R,"6'2"" 181",108,136.04,168,Paywall,Paywall,150,99,45,175,165,150,100,Paywall,122,162,150,150,150,89,Paywall,150,150,77,Paywall,Paywall,150,Paywall
"Rojas, Jefferson",CHC,SS,800473,20.9,2022 FA,AA,R/R,"5'11"" 150",109,137.72,79,Paywall,Paywall,150,150,Paywall,107,55,150,73,Paywall,54,157,150,150,150,33,Paywall,150,150,Paywall,Paywall,Paywall,150,Paywall
"Level, Jhonny",SF,SS,815929,19.0,2024 FA,A,S/R,"5'10"" 154",110,137.92,168,Paywall,Paywall,69,150,Paywall,84,77,150,150,Paywall,119,139,150,150,150,64,81,150,150,87,Paywall,Paywall,150,Paywall
"Stephen, Khal",CLE,P,701590,23.3,2024 #59,AA,R/R,"6'4"" 215",111,140.16,168,Paywall,Paywall,150,150,Paywall,68,91,150,80,Paywall,166,193,150,150,150,80,Paywall,89,150,Paywall,Paywall,Paywall,87,Paywall
"Irish, Ike",BAL,C,702610,22.3,2025 #19,A,L/R,"6'2"" 201",112,141.08,85,Paywall,Paywall,150,150,Paywall,157,165,150,150,Paywall,97,212,150,150,150,79,54,150,150,68,Paywall,Paywall,150,Paywall
"Fischer, Andrew",MIL,3B,702652,21.8,2025 #20,A+,L/R,"6'1"" 210",113,141.92,168,Paywall,Paywall,75,150,Paywall,155,165,150,81,Paywall,133,127,150,150,150,225,Paywall,150,150,63,Paywall,Paywall,150,Paywall
"Barco, Hunter",PIT,P,682995,25.3,2022 #44,MLB,L/L,"6'4"" 235",114,142.36,168,Paywall,Paywall,150,150,Paywall,181,165,78,91,Paywall,117,79,150,96,150,225,Paywall,150,150,125,Paywall,Paywall,150,Paywall
"Crisantes, Demetrio",ARI,SS,702679,21.6,2022 #198,A+,R/R,"6'0"" 178",115,142.80,168,Paywall,Paywall,150,150,Paywall,134,165,150,150,Paywall,124,136,150,150,150,56,Paywall,96,150,Paywall,Paywall,Paywall,150,Paywall
"Fuentes, Didier",ATL,P,800311,20.8,2022 FA,MLB,R/R,"6'0"" 170",116,144.56,168,Paywall,Paywall,150,150,Paywall,88,90,150,150,Paywall,62,115,150,150,150,225,Paywall,150,150,Paywall,Paywall,Paywall,97,Paywall
"Troy, Tommy",ARI,SS,694371,24.2,2023 #12,AAA,R/R,"5'9"" 197",117,144.88,168,Paywall,Paywall,150,91,Paywall,102,98,150,150,Paywall,98,188,150,150,150,118,93,150,47,Paywall,Paywall,Paywall,150,Paywall
"Schoolcraft, Kruz",SD,P,828244,18.9,2025 #25,A,L/L,"6'8"" 229",118,144.92,168,Paywall,Paywall,150,150,Paywall,145,165,95,150,Paywall,127,118,150,88,150,94,Paywall,150,150,Paywall,Paywall,Paywall,150,Paywall
"Davidson, Bo",SF,OF,815589,23.7,2023 FA,AA,L/R,"6'1"" 205",119,145.32,168,Paywall,Paywall,150,68,Paywall,186,165,150,150,Paywall,135,215,91,150,150,225,Paywall,150,150,74,Paywall,Paywall,150,Paywall
"Doughty, Braylon",CLE,P,815785,20.3,2024 #36,A,R/R,"6'1"" 196",120,145.44,168,Paywall,Paywall,150,150,Paywall,71,165,150,150,Paywall,123,185,150,150,150,52,Paywall,150,150,Paywall,Paywall,Paywall,92,Paywall
"Klassen, George",LAA,P,691946,24.2,2023 #193,AAA,R/R,"6'2"" 195",121,145.56,168,Paywall,Paywall,150,150,Paywall,147,57,150,150,Paywall,171,199,66,150,150,225,Paywall,150,150,Paywall,Paywall,Paywall,67,Paywall
"King, Johnny",TOR,P,803516,19.7,2024 #95,A,L/L,"6'3"" 210",122,146.52,106,Paywall,Paywall,85,150,Paywall,85,165,150,150,Paywall,151,182,150,150,150,225,Paywall,150,150,Paywall,Paywall,Paywall,62,Paywall
"Caldwell, Slade",ARI,OF,815154,19.8,2024 #29,A+,L/L,"5'9"" 182",123,147.20,106,Paywall,Paywall,150,150,Paywall,300,165,150,150,Paywall,140,213,150,150,78,225,63,150,150,120,Paywall,Paywall,150,Paywall
"Mathews, Quinn",STL,P,687273,25.5,2023 #122,AAA,L/L,"6'5"" 188",124,148.76,168,Paywall,Paywall,150,150,Paywall,150,165,150,150,Paywall,107,256,150,150,150,117,Paywall,150,150,Paywall,Paywall,Paywall,150,Paywall
"Escobar, Aroon",PHI,3B,800169,21.2,2022 FA,AA,R/R,"5'10"" 180",125,148.96,86,Paywall,Paywall,78,150,Paywall,197,165,150,150,Paywall,113,219,150,150,150,61,72,150,150,106,Paywall,Paywall,150,Paywall
"Soto, Charlee",MIN,P,805792,20.6,2023 #34,A+,S/R,"6'3"" 210",126,149.00,168,Paywall,Paywall,150,150,Paywall,94,165,150,150,Paywall,176,181,88,150,150,95,Paywall,150,150,Paywall,Paywall,Paywall,88,Paywall
"Matthews, Brice",HOU,SS,694728,24.0,2023 #28,MLB,R/R,"5'11"" 190",127,149.60,168,Paywall,Paywall,150,150,Paywall,109,165,93,150,Paywall,109,134,150,150,150,225,Paywall,150,150,Paywall,Paywall,Paywall,150,Paywall
"Mejia, Esteban",BAL,P,821757,19.1,2024 FA,A,R/R,"6'3"" 175",128,149.96,168,Paywall,Paywall,150,150,Paywall,139,165,150,150,Paywall,118,193,150,150,150,112,Paywall,150,150,Paywall,Paywall,Paywall,150,Paywall
"Conrad, Ethan",CHC,OF,828255,21.7,2025 #17,,L/L,"6'3"" 220",129,150.88,168,Paywall,Paywall,73,83,Paywall,300,165,150,52,Paywall,900,52,150,150,150,44,Paywall,150,150,62,Paywall,Paywall,150,Paywall
"Suarez, Santiago",TB,P,800571,21.2,2022 FA,AAA,R/R,"6'2"" 175",130,151.32,168,Paywall,Paywall,150,150,Paywall,154,165,150,150,Paywall,178,204,150,150,150,103,Paywall,94,150,Paywall,Paywall,Paywall,150,Paywall
"Freeland, Alex",LAD,SS,690976,24.6,2022 #105,MLB,S/R,"6'0"" 200",131,151.52,87,Paywall,Paywall,150,150,Paywall,103,165,45,150,Paywall,47,123,90,150,73,225,Paywall,150,150,Paywall,Paywall,Paywall,81,Paywall
"Alvarez, Kevin",HOU,OF,829037,18.2,2025 FA,R,L/L,"6'4"" 184",132,151.60,168,Paywall,Paywall,150,150,Paywall,300,165,150,150,Paywall,179,137,150,150,90,120,Paywall,150,150,118,Paywall,Paywall,150,Paywall
"De Leon, Luis",BAL,P,801725,22.9,2021 FA,AA,L/L,"6'3"" 168",133,152.48,168,Paywall,Paywall,150,150,Paywall,172,64,150,150,Paywall,239,155,150,150,150,225,Paywall,150,150,96,Paywall,Paywall,150,Paywall
"Ferris, Jackson",LAD,P,701328,22.2,2022 #47,AA,L/L,"6'4"" 195",134,152.56,168,Paywall,Paywall,150,150,Paywall,128,165,98,150,Paywall,87,268,150,150,92,57,Paywall,150,150,123,Paywall,Paywall,150,Paywall
"Murphy, Owen",ATL,P,702566,22.5,2022 #20,A+,R/R,"6'1"" 190",135,152.92,168,Paywall,Paywall,150,92,Paywall,192,165,150,85,Paywall,172,114,150,150,150,66,Paywall,150,150,Paywall,Paywall,Paywall,150,Paywall
"Tiedemann, Ricky",TOR,P,694357,23.6,2021 #91,AAA,L/L,"6'4"" 220",136,154.92,168,Paywall,Paywall,150,150,Paywall,151,165,150,150,Paywall,157,176,150,150,150,225,94,150,150,Paywall,Paywall,Paywall,150,Paywall
"Isaac, Xavier",TB,1B,800060,22.3,2022 #29,AA,L/L,"6'3"" 240",137,155.08,168,Paywall,Paywall,150,150,Paywall,146,165,150,150,Paywall,114,191,150,150,150,225,98,150,91,Paywall,Paywall,Paywall,150,Paywall
"Collier, Cam",CIN,3B,702253,21.3,2022 #18,AA,L/R,"6'1"" 210",138,155.32,168,Paywall,Paywall,150,150,Paywall,187,165,94,150,Paywall,116,225,150,150,96,142,Paywall,150,150,Paywall,Paywall,Paywall,150,Paywall
"Hill, Dasan",MIN,P,815598,20.2,2024 #69,A+,R/L,"6'5"" 165",139,155.52,168,Paywall,Paywall,150,150,Paywall,161,165,150,150,Paywall,208,179,150,150,150,128,Paywall,150,150,Paywall,Paywall,Paywall,61,Paywall
"Perales, Luis",WAS,P,691384,22.9,2019 FA,AAA,R/R,"6'1"" 160",140,156.76,168,Paywall,Paywall,150,150,Paywall,300,165,150,150,Paywall,307,153,69,150,150,225,Paywall,150,150,Paywall,Paywall,Paywall,150,Paywall
"McDougal, Tanner",CHW,P,701780,23.0,2021 #155,AA,R/R,"6'5"" 185",141,156.96,168,Paywall,Paywall,150,150,Paywall,164,104,150,94,Paywall,376,150,150,150,150,225,Paywall,150,150,Paywall,Paywall,Paywall,150,Paywall
"Rodriguez, Hector",CIN,OF,699302,22.0,2021 FA,AAA,L/R,"5'10"" 200",142,157.12,168,Paywall,Paywall,150,150,Paywall,300,165,150,150,Paywall,126,163,150,150,150,144,Paywall,150,150,Paywall,Paywall,Paywall,150,Paywall
"Forret, Michael",TB,P,702650,22.0,2023 #421,AA,L/R,"6'3"" 190",143,157.36,168,Paywall,Paywall,150,150,Paywall,158,92,150,150,Paywall,244,122,150,150,150,225,Paywall,150,150,Paywall,Paywall,Paywall,55,Paywall
"Alcantara, Kevin",CHC,OF,682634,23.7,2018 FA,MLB,R/R,"6'6"" 188",144,158.04,41,Paywall,Paywall,150,150,Paywall,300,60,150,93,Paywall,213,165,150,150,82,225,Paywall,150,150,Paywall,Paywall,Paywall,150,Paywall
"Ryan, River",LAD,P,689981,27.6,2021 #340,MLB,R/R,"6'2"" 195",145,159.04,55,Paywall,Paywall,150,150,Paywall,125,107,150,150,Paywall,900,120,63,150,98,225,87,150,150,Paywall,Paywall,Paywall,99,Paywall
"Pena, Elian",NYM,SS,829033,18.4,2025 FA,R,L/R,"5'10"" 180",146,159.48,168,Paywall,Paywall,150,150,Paywall,115,165,150,150,Paywall,159,113,150,150,84,69,Paywall,150,64,107,Paywall,Paywall,150,Paywall
"Lowder, Rhett",CIN,P,695076,24.0,2023 #7,MLB,R/R,"6'2"" 200",147,159.88,168,Paywall,Paywall,150,150,Paywall,72,102,80,150,Paywall,900,173,89,86,45,225,Paywall,93,85,Paywall,Paywall,Paywall,150,Paywall
"Alderman, Kemp",MIA,OF,694580,23.6,2023 #47,AAA,R/R,"6'2"" 235",148,162.00,168,Paywall,Paywall,150,97,Paywall,300,165,150,150,Paywall,230,209,150,150,150,108,Paywall,150,96,Paywall,Paywall,Paywall,150,Paywall
"Ingle, Cooper",CLE,C,694876,24.1,2023 #125,AAA,L/R,"5'8"" 190",149,163.16,168,Paywall,Paywall,65,150,Paywall,180,165,150,150,Paywall,104,302,150,99,150,225,99,150,150,Paywall,Paywall,Paywall,150,Paywall
"Smith, Aidan",TB,OF,806223,21.7,2023 #124,A+,R/R,"6'2"" 190",150,164.96,168,Paywall,Paywall,150,150,Paywall,300,165,150,150,Paywall,128,233,150,150,150,71,Paywall,150,150,84,Paywall,Paywall,150,Paywall
"Carrigg, Cole",COL,OF,694249,23.9,2023 #65,AA,S/R,"6'2"" 200",151,165.80,168,Paywall,Paywall,150,150,Paywall,300,165,150,150,Paywall,137,232,150,150,150,84,80,150,150,Paywall,Paywall,Paywall,150,Paywall
"Gonzalez, Gabriel",MIN,OF,694224,22.2,2021 FA,AAA,R/R,"5'11"" 165",152,166.20,168,Paywall,Paywall,150,150,Paywall,130,165,150,150,Paywall,164,315,150,150,150,225,Paywall,150,150,Paywall,Paywall,Paywall,150,Paywall
"Bradfield, Enrique Jr.",BAL,OF,690961,24.3,2023 #17,AAA,L/L,"6'0"" 170",152,166.20,97,Paywall,Paywall,150,150,Paywall,135,165,150,150,Paywall,139,186,150,150,94,225,Paywall,150,150,Paywall,Paywall,Paywall,150,Paywall
"Johnson, Termarr",PIT,SS,702261,21.8,2022 #4,AA,L/R,"5'8"" 190",154,166.72,168,Paywall,Paywall,150,150,Paywall,129,165,150,150,Paywall,143,124,150,150,150,134,65,150,150,Paywall,Paywall,Paywall,150,Paywall
"Wilken, Brock",MIL,3B,694385,23.8,2023 #18,AA,R/R,"6'4"" 225",155,167.16,168,Paywall,Paywall,150,150,Paywall,300,165,150,150,Paywall,165,110,150,150,150,131,Paywall,150,150,Paywall,Paywall,Paywall,150,Paywall
"Cunningham, Kayson",ARI,SS,815617,19.8,2025 #18,A,L/R,"5'10"" 182",156,167.88,168,Paywall,Paywall,150,150,Paywall,136,165,150,150,Paywall,102,236,150,150,95,225,Paywall,150,150,116,Paywall,Paywall,150,Paywall
"Long, Jonathon",CHC,1B,675085,24.2,2023 #266,AAA,R/R,"5'11"" 210",157,168.00,168,Paywall,Paywall,150,95,Paywall,300,165,150,97,Paywall,134,135,150,150,150,225,Paywall,150,150,49,Paywall,Paywall,150,Paywall
"Aloy, Wehiwa",BAL,SS,814450,22.1,2025 #31,A,R/R,"6'2"" 200",158,168.12,73,Paywall,Paywall,150,150,Paywall,300,165,150,150,Paywall,112,216,150,150,150,70,88,150,150,Paywall,Paywall,Paywall,150,Paywall
"Salas, Ethan",SD,C,806956,19.8,2023 FA,AA,L/R,"6'1"" 185",159,168.56,70,Paywall,Paywall,150,150,Paywall,110,110,77,150,Paywall,181,161,100,150,71,83,79,150,150,Paywall,Paywall,Paywall,94,Paywall
"Bolte, Henry",ATH,OF,703607,22.6,2022 #56,AAA,R/R,"6'3"" 195",160,169.92,168,Paywall,Paywall,150,150,Paywall,300,165,150,150,Paywall,160,167,150,150,150,73,Paywall,150,150,Paywall,Paywall,Paywall,150,Paywall
"Rada, Nelson",LAA,OF,703185,20.6,2022 FA,AAA,L/L,"5'9"" 185",161,171.16,168,Paywall,Paywall,150,150,Paywall,160,165,150,150,Paywall,182,158,150,150,150,225,Paywall,150,98,Paywall,Paywall,Paywall,150,Paywall
"King, Seaver",WAS,SS,814409,22.9,2024 #10,AA,R/R,"6'0"" 195",162,171.76,94,Paywall,Paywall,150,150,Paywall,182,165,150,150,Paywall,226,237,150,150,150,132,Paywall,150,150,Paywall,Paywall,Paywall,150,Paywall
"Dix, JD",ARI,SS,807267,20.5,2024 #35,A,S/R,"6'2"" 180",163,172.12,168,Paywall,Paywall,150,150,Paywall,122,165,150,150,Paywall,148,246,150,150,150,48,Paywall,150,150,Paywall,Paywall,Paywall,150,Paywall
"Hernandez, Luis",SF,SS,836582,17.3,2026 FA,,R/R,"5'10"" 172",164,172.48,168,Paywall,Paywall,150,150,39,142,165,150,150,Paywall,900,74,150,150,150,141,Paywall,150,150,79,Paywall,Paywall,150,Paywall
"Mayfield, Kash",SD,P,824026,21.1,2024 #25,A,L/L,"6'4"" 200",165,172.60,168,Paywall,Paywall,150,150,Paywall,300,165,150,150,Paywall,169,195,150,150,150,53,Paywall,150,150,Paywall,Paywall,Paywall,150,Paywall
"Wood, Gage",PHI,P,805906,22.3,2025 #26,A,R/R,"6'0"" 205",166,172.76,168,Paywall,Paywall,77,150,Paywall,169,165,150,150,Paywall,900,103,150,150,150,124,Paywall,150,150,Paywall,Paywall,Paywall,150,Paywall
"Hess, Ben",NYY,P,696292,23.6,2024 #26,AA,R/R,"6'5"" 255",166,172.76,168,Paywall,Paywall,89,150,Paywall,300,165,150,150,Paywall,108,152,150,150,150,225,Paywall,150,150,Paywall,Paywall,Paywall,150,Paywall
"Shields, David",KC,P,815789,19.5,2024 #41,A,S/L,"6'2"" 210",168,174.04,168,Paywall,Paywall,150,150,Paywall,300,165,150,150,Paywall,175,203,150,150,150,225,Paywall,150,150,115,Paywall,Paywall,150,Paywall
"Kilen, Gavin",SF,SS,702264,22.0,2025 #13,A,L/R,"5'11"" 187",168,174.04,69,Paywall,Paywall,150,150,Paywall,173,165,150,150,Paywall,195,221,150,150,97,225,Paywall,150,150,Paywall,Paywall,Paywall,150,Paywall
"Nichols, T.J.",TB,P,694375,23.8,2023 #183,AA,R/R,"6'5"" 189",170,174.56,168,Paywall,Paywall,150,150,Paywall,300,165,150,150,Paywall,446,97,150,150,150,125,Paywall,150,150,Paywall,Paywall,Paywall,150,Paywall
"Rojas, Kendry",MIN,P,696070,23.3,2020 FA,AAA,L/L,"6'2"" 190",171,175.24,168,Paywall,Paywall,150,150,Paywall,163,165,150,150,Paywall,204,263,150,150,150,140,Paywall,150,150,Paywall,Paywall,Paywall,150,Paywall
"Adams, Luke",MIL,3B,702726,21.9,2022 #372,AA,R/R,"6'4"" 210",172,175.92,168,Paywall,Paywall,150,150,Paywall,148,165,150,150,Paywall,132,190,150,150,150,47,Paywall,150,150,Paywall,Paywall,Paywall,150,Paywall
"Corniell, Jose",TEX,P,692030,22.8,2019 FA,MLB,R/R,"6'3"" 165",173,176.84,168,Paywall,Paywall,150,150,Paywall,116,165,150,150,Paywall,198,183,150,150,150,225,Paywall,150,150,Paywall,Paywall,Paywall,150,Paywall
"Payne, Braylon",MIL,OF,815520,19.6,2024 #17,A,L/L,"6'2"" 186",174,176.92,168,Paywall,Paywall,150,150,Paywall,300,165,150,150,Paywall,233,109,150,150,150,225,Paywall,150,93,Paywall,Paywall,Paywall,150,Paywall
"Anderson, Max",DET,2B,801194,24.1,2023 #45,AAA,R/R,"6'0"" 215",175,177.36,91,Paywall,Paywall,150,150,Paywall,101,165,150,150,Paywall,225,316,150,150,150,225,Paywall,150,97,Paywall,Paywall,Paywall,150,Paywall
"Neyens, Xavier",HOU,SS,815832,19.4,2025 #21,,L/R,"6'4"" 210",176,178.00,168,Paywall,Paywall,150,150,Paywall,185,165,150,98,Paywall,900,119,150,150,150,85,Paywall,85,150,Paywall,Paywall,Paywall,150,Paywall
"Hagaman, David",ARI,P,701908,22.9,2024 #133,A+,R/R,"6'4"" 215",177,178.60,168,Paywall,Paywall,150,150,Paywall,171,165,150,150,Paywall,276,206,150,150,150,225,Paywall,150,150,Paywall,Paywall,Paywall,150,Paywall
"Johnson, Ryan",LAA,P,696270,23.6,2024 #74,MLB,S/R,"6'6"" 215",178,180.24,168,Paywall,Paywall,150,150,Paywall,149,165,96,150,Paywall,144,177,150,150,150,225,Paywall,150,150,Paywall,Paywall,Paywall,150,Paywall
"Gonzales, Justin",BOS,OF,821100,19.2,2024 FA,A+,R/R,"6'4"" 210",179,181.72,168,Paywall,Paywall,82,150,Paywall,300,165,150,150,Paywall,557,128,150,150,150,225,Paywall,150,150,Paywall,Paywall,Paywall,150,Paywall
"Adamczewski, Josh",MIL,SS,815304,20.9,2023 #452,A+,L/R,"6'0"" 190",180,182.12,168,Paywall,Paywall,150,150,Paywall,153,165,150,150,Paywall,254,247,150,150,150,98,Paywall,150,150,Paywall,Paywall,Paywall,150,Paywall
"Stanifer, Gage",TOR,P,804948,22.4,2022 #578,AA,R/R,"6'3"" 208",181,182.24,168,Paywall,Paywall,150,150,Paywall,300,165,150,150,Paywall,390,149,150,150,150,126,Paywall,150,150,Paywall,Paywall,Paywall,95,Paywall
"Valera, Juan",BOS,P,813536,19.9,2023 FA,A+,R/R,"6'3"" 205",182,182.84,168,Paywall,Paywall,150,150,Paywall,90,165,150,150,Paywall,422,260,150,150,150,225,Paywall,150,150,Paywall,Paywall,Paywall,150,Paywall
"Prielipp, Connor",MIN,P,687570,25.2,2022 #48,AAA,L/L,"6'2"" 210",183,183.12,168,Paywall,Paywall,150,150,Paywall,54,165,150,150,Paywall,163,281,150,150,150,225,Paywall,150,150,Paywall,Paywall,Paywall,75,Paywall
"Rosario, Alejandro",WAS,P,691730,24.2,2023 #144,AA,R/R,"6'1"" 182",184,183.76,168,Paywall,Paywall,150,150,Paywall,190,165,150,150,Paywall,187,259,150,150,150,225,Paywall,150,150,122,Paywall,Paywall,150,Paywall
"Rodriguez, Cris",DET,OF,829038,18.2,2025 FA,R,R/R,"6'3"" 203",185,184.04,168,Paywall,Paywall,150,150,Paywall,300,165,150,150,Paywall,217,168,150,150,76,225,Paywall,150,150,119,Paywall,Paywall,150,Paywall
"Santucci, Jonathan",NYM,P,695558,23.2,2024 #46,AA,L/L,"6'2"" 205",186,184.76,168,Paywall,Paywall,150,150,Paywall,176,165,150,150,Paywall,167,198,150,150,150,225,Paywall,150,150,Paywall,Paywall,Paywall,150,Paywall
"Chourio, Jaison",CLE,OF,702693,20.9,2022 FA,A+,S/R,"6'0"" 188",187,184.96,168,Paywall,Paywall,150,150,Paywall,300,165,150,150,Paywall,197,243,150,150,150,225,Paywall,150,150,Paywall,Paywall,Paywall,150,Paywall
"Letson, Bishop",MIL,P,811309,21.5,2023 #332,AA,R/R,"6'4"" 170",188,185.20,168,Paywall,Paywall,150,150,Paywall,91,165,150,90,Paywall,250,205,150,150,150,225,Paywall,98,150,Paywall,Paywall,Paywall,150,Paywall
"Johnson, Ty",TB,P,694494,24.5,2023 #446,AA,R/R,"6'6"" 205",189,185.92,168,Paywall,Paywall,95,150,Paywall,300,165,150,150,Paywall,177,200,150,150,150,225,Paywall,150,150,Paywall,Paywall,Paywall,150,Paywall
"Dickerson, Luke",WAS,SS,815380,20.6,2024 #44,A,R/R,"5'11"" 197",190,186.12,168,Paywall,Paywall,150,150,Paywall,121,165,150,150,Paywall,264,235,150,150,150,225,Paywall,150,150,Paywall,Paywall,Paywall,150,Paywall
"Brito, Roldy",COL,3B,821041,19.0,2024 FA,A,S/R,"5'11"" 183",191,187.16,106,Paywall,Paywall,150,150,Paywall,300,99,150,150,Paywall,435,245,150,150,150,225,Paywall,150,150,Paywall,Paywall,Paywall,150,Paywall
"Oppor, Christian",CHW,P,803291,21.7,2023 #152,A+,L/L,"6'2"" 175",192,188.08,168,Paywall,Paywall,150,150,Paywall,118,95,150,150,Paywall,304,180,150,150,150,225,Paywall,150,150,Paywall,Paywall,Paywall,150,Paywall
"Asigen, Wandy",NYM,SS,836583,16.6,2026 FA,,L/R,"6'0"" 180",193,188.12,168,Paywall,Paywall,150,150,Paywall,191,165,150,150,Paywall,900,129,150,150,150,91,Paywall,150,150,114,Paywall,Paywall,150,Paywall
"Clemmey, Alex",WAS,P,806046,20.7,2023 #58,AA,L/L,"6'6"" 205",194,188.16,168,Paywall,Paywall,150,150,Paywall,300,165,150,150,Paywall,149,192,150,150,150,225,Paywall,150,150,Paywall,Paywall,Paywall,150,Paywall
"Brito, Anderson",TB,P,820901,21.7,2023 FA,A+,R/R,"5'10"" 155",195,188.40,168,Paywall,Paywall,150,150,Paywall,174,165,150,150,Paywall,152,254,150,150,150,93,Paywall,84,150,Paywall,Paywall,Paywall,150,Paywall
"Hence, Tink",STL,P,693311,23.6,2020 #63,AA,R/R,"6'1"" 195",196,189.56,168,Paywall,Paywall,150,150,Paywall,179,165,150,150,Paywall,161,178,150,150,150,225,90,150,150,Paywall,Paywall,Paywall,150,Paywall
"Lee, Hao-Yu",DET,2B,701678,23.1,2021 FA,AAA,R/R,"5'9"" 190",197,189.64,168,Paywall,Paywall,150,150,Paywall,300,165,150,150,Paywall,331,314,150,150,150,225,Paywall,150,150,Paywall,Paywall,Paywall,150,Paywall
"Wenninger, Jack",NYM,P,811307,24.0,2023 #186,AA,L/R,"6'4"" 210",198,189.84,168,Paywall,Paywall,150,150,Paywall,300,79,150,92,Paywall,498,202,87,150,150,114,Paywall,150,150,Paywall,Paywall,Paywall,90,Paywall
"Caceres, Juneiker",CLE,OF,821181,18.6,2024 FA,A,L/L,"5'10"" 168",199,190.60,168,Paywall,Paywall,150,150,Paywall,152,165,150,150,Paywall,512,164,86,150,150,225,Paywall,150,150,Paywall,Paywall,Paywall,58,Paywall
"Estrada, Aron",BAL,2B,800406,21.2,2022 FA,AA,S/R,"5'8"" 142",200,191.20,168,Paywall,Paywall,150,150,Paywall,300,165,150,150,Paywall,246,249,150,150,150,225,Paywall,150,150,Paywall,Paywall,Paywall,150,Paywall
"Antonacci, Sam",CHW,IF,803011,23.1,2024 #140,AA,L/R,"6'0"" 193",201,191.68,168,Paywall,Paywall,150,96,Paywall,300,165,150,150,Paywall,180,175,150,150,150,146,Paywall,150,150,69,Paywall,Paywall,150,Paywall
"Renteria, Francisco",PHI,OF,836353,17.2,2026 FA,,R/R,"6'3"" 216",202,191.84,168,Paywall,Paywall,150,150,Paywall,300,165,150,150,Paywall,900,146,150,150,150,135,Paywall,150,150,75,Paywall,Paywall,150,Paywall
"Zazueta, Christian",LAD,P,800537,21.5,2022 FA,A+,R/R,"6'3"" 163",203,192.60,168,Paywall,Paywall,150,150,Paywall,156,165,150,150,Paywall,191,346,150,150,150,82,Paywall,150,150,Paywall,Paywall,Paywall,150,Paywall
"Mitchell, Blake",KC,C,805810,21.6,2023 #8,A+,L/R,"6'1"" 202",204,192.88,56,Paywall,Paywall,150,150,Paywall,143,106,62,150,Paywall,80,307,150,75,150,225,Paywall,150,150,Paywall,Paywall,Paywall,150,Paywall
"Tibbs, James III",LAD,OF,696486,23.5,2024 #13,AA,L/L,"6'0"" 201",205,193.08,168,Paywall,Paywall,150,150,Paywall,131,165,150,150,Paywall,146,271,150,150,150,86,Paywall,150,150,Paywall,Paywall,Paywall,150,Paywall
"Soto, Dorian",BOS,SS,829039,18.1,2025 FA,R,S/R,"6'2"" 180",206,193.56,168,Paywall,Paywall,150,150,Paywall,300,165,150,150,Paywall,302,300,150,150,150,225,Paywall,150,150,Paywall,Paywall,Paywall,150,Paywall
"Dinges, Marco",MIL,C,701392,22.6,2024 #123,A+,R/R,"5'11"" 190",207,193.80,168,Paywall,Paywall,150,150,Paywall,300,165,150,150,Paywall,209,306,150,150,150,97,Paywall,150,150,Paywall,Paywall,Paywall,150,Paywall
"Lin, Wei-En",ATH,P,827734,20.4,2024 FA,AA,L/L,"6'2"" 179",208,194.84,168,Paywall,Paywall,150,150,Paywall,300,165,150,150,Paywall,411,270,150,150,150,225,Paywall,150,150,Paywall,Paywall,Paywall,76,Paywall
"Guerrero, Brailer",TB,OF,806967,19.8,2023 FA,A,L/R,"6'1"" 215",209,195.12,168,Paywall,Paywall,150,150,Paywall,184,165,150,150,Paywall,270,244,150,150,150,225,Paywall,150,150,Paywall,Paywall,Paywall,150,Paywall
"LaViolette, Jace",CLE,OF,702593,22.3,2025 #27,,L/L,"6'6"" 230",210,195.92,168,Paywall,Paywall,150,150,Paywall,188,165,150,150,Paywall,900,138,150,150,150,145,Paywall,150,150,Paywall,Paywall,Paywall,150,Paywall
"Cunningham, Bryce",NYY,P,701480,23.3,2024 #53,A+,R/R,"6'5"" 230",211,196.28,168,Paywall,Paywall,150,150,Paywall,300,165,150,150,Paywall,247,279,150,150,150,225,Paywall,150,150,Paywall,Paywall,Paywall,150,Paywall
"Santos, Winston",TEX,P,692437,23.9,2019 FA,AAA,R/R,"6'0"" 160",212,196.36,168,Paywall,Paywall,150,150,Paywall,141,103,150,150,Paywall,131,184,150,150,150,133,Paywall,150,150,Paywall,Paywall,Paywall,150,Paywall
"Defrank, Kevin",MIA,P,829074,17.6,2025 FA,R,R/R,"6'5"" 202",213,197.20,168,Paywall,Paywall,150,150,Paywall,137,165,150,150,Paywall,508,154,150,150,150,225,Paywall,150,150,Paywall,Paywall,Paywall,150,Paywall
"Groover, LuJames",ARI,3B,694410,23.9,2023 #48,AA,R/R,"6'2"" 212",214,197.88,168,Paywall,Paywall,150,150,Paywall,300,165,150,150,Paywall,76,365,150,150,150,38,Paywall,150,150,Paywall,Paywall,Paywall,150,Paywall
"Thomas, Jared",COL,OF,703606,22.7,2024 #42,AA,L/L,"6'2"" 190",215,198.20,168,Paywall,Paywall,150,150,Paywall,300,165,150,150,Paywall,138,242,150,150,150,39,Paywall,150,150,Paywall,Paywall,Paywall,150,Paywall
"Tornes, Diego",ATL,OF,829053,17.7,2025 FA,R,S/R,"6'2"" 178",216,198.24,168,Paywall,Paywall,150,150,Paywall,300,165,150,150,Paywall,186,335,150,150,150,225,Paywall,150,150,Paywall,Paywall,Paywall,150,Paywall
"Ko, Ching-Hsien",LAD,OF,828667,19.6,2024 FA,A,L/R,"6'3"" 215",217,199.04,106,Paywall,Paywall,150,150,Paywall,300,165,150,150,Paywall,434,250,150,150,150,225,Paywall,150,150,Paywall,Paywall,Paywall,150,Paywall
"Davalillo, David",TEX,P,699314,23.5,2021 FA,AA,R/R,"6'1"" 175",218,199.92,168,Paywall,Paywall,150,150,Paywall,300,89,150,150,Paywall,220,262,150,150,150,225,Paywall,150,150,Paywall,Paywall,Paywall,150,Paywall
"Hammond, Josh",KC,SS,815843,19.5,2025 #28,,R/R,"6'1"" 210",219,200.12,168,Paywall,Paywall,150,150,Paywall,132,165,150,150,Paywall,900,169,150,150,150,225,Paywall,87,150,Paywall,Paywall,Paywall,150,Paywall
"Gomez, Angeibel",KC,OF,825412,17.3,2026 FA,,R/R,"6'2"" 173",220,200.68,168,Paywall,Paywall,150,150,Paywall,300,165,150,150,Paywall,900,147,150,150,150,105,Paywall,150,150,Paywall,Paywall,Paywall,150,Paywall
"Frey, Ethan",HOU,OF,703676,22.0,2025 #95,A,R/R,"6'6"" 225",221,201.12,168,Paywall,Paywall,150,150,Paywall,300,165,150,150,Paywall,900,144,150,150,150,225,Paywall,150,150,Paywall,Paywall,Paywall,150,Paywall
"Colome, Johenssy",ATH,SS,836584,17.4,2026 FA,,R/R,"6'2"" 190",222,201.60,168,Paywall,Paywall,150,150,Paywall,300,165,150,150,Paywall,900,171,150,150,150,225,Paywall,150,150,103,Paywall,Paywall,150,Paywall
"Padilla, Yairo",STL,SS,821107,18.7,2024 FA,R,S/R,"6'0"" 170",223,201.64,168,Paywall,Paywall,150,150,Paywall,300,165,150,150,Paywall,190,275,150,150,150,225,Paywall,150,150,Paywall,Paywall,Paywall,150,Paywall
"Overn, Austin",TB,OF,702556,22.9,2024 #97,AA,L/R,"6'0"" 175",224,203.00,168,Paywall,Paywall,150,150,Paywall,300,165,150,150,Paywall,259,446,150,150,150,225,Paywall,150,150,Paywall,Paywall,Paywall,150,Paywall
"Nori, Dante",PHI,OF,807276,21.5,2024 #27,AA,L/L,"5'9"" 190",225,203.52,168,Paywall,Paywall,150,150,Paywall,300,165,150,150,Paywall,193,429,150,150,150,225,Paywall,150,150,Paywall,Paywall,Paywall,150,Paywall
"Bratt, Mitch",ARI,P,683352,22.7,2021 #134,AA,L/L,"6'1"" 190",226,204.28,168,Paywall,Paywall,150,150,Paywall,300,165,150,150,Paywall,269,227,150,150,150,225,Paywall,150,150,Paywall,Paywall,Paywall,150,Paywall
"Eagen, Daniel",ARI,P,811666,23.3,2024 #102,AA,R/R,"6'4"" 205",227,205.08,168,Paywall,Paywall,150,150,Paywall,300,165,150,150,Paywall,196,283,150,150,150,225,Paywall,150,150,Paywall,Paywall,Paywall,150,Paywall
"Pierce, Daniel",TB,SS,828084,19.6,2025 #14,,R/R,"6'0"" 185",228,205.64,96,Paywall,Paywall,150,150,Paywall,194,165,150,150,Paywall,900,142,150,150,150,225,Paywall,150,150,Paywall,Paywall,Paywall,150,Paywall
"Davalan, Charles",LAD,OF,804560,22.3,2025 #41,A,L/R,"5'9"" 190",229,206.04,168,Paywall,Paywall,150,150,Paywall,300,165,150,150,Paywall,900,217,150,150,150,225,Paywall,150,150,Paywall,Paywall,Paywall,150,Paywall
"Summerhill, Brendan",TB,OF,804911,22.4,2025 #42,A,L/R,"6'3"" 200",230,207.32,168,Paywall,Paywall,150,150,Paywall,300,165,150,150,Paywall,900,222,150,150,150,119,Paywall,150,150,Paywall,Paywall,Paywall,150,Paywall
"Perez, Jeral",CHW,3B,800419,21.4,2022 FA,A+,R/R,"6'0"" 179",231,207.64,168,Paywall,Paywall,150,150,Paywall,300,165,150,150,Paywall,256,224,150,150,150,225,Paywall,150,150,Paywall,Paywall,Paywall,150,Paywall
"Bernal, Leonardo",STL,C,699024,22.1,2021 FA,AA,S/R,"6'0"" 245",232,207.84,168,Paywall,Paywall,150,150,Paywall,98,165,92,150,Paywall,65,303,150,98,150,109,Paywall,150,150,Paywall,Paywall,Paywall,150,Paywall
"De Brun, Slater",TB,OF,828173,18.8,2025 #37,,L/L,"5'10"" 187",233,208.32,168,Paywall,Paywall,150,150,Paywall,300,165,150,150,Paywall,900,251,150,150,150,225,Paywall,150,150,Paywall,Paywall,Paywall,150,Paywall
"Riggio, Roc",COL,2B,691792,23.8,2023 #129,AA,L/R,"5'9"" 180",233,208.32,168,Paywall,Paywall,150,100,Paywall,120,165,150,150,Paywall,227,187,150,150,150,225,Paywall,150,150,Paywall,Paywall,Paywall,150,Paywall
"Alvarez, Hayden",LAA,OF,820986,19.0,2024 FA,A,R/R,"6'3"" 190",235,208.88,168,Paywall,Paywall,150,150,Paywall,300,165,150,150,Paywall,425,278,150,150,150,107,Paywall,150,150,Paywall,Paywall,Paywall,150,Paywall
"White, Tommy",ATH,3B,695720,23.1,2024 #40,AA,R/R,"6'1"" 220",236,209.48,168,Paywall,Paywall,150,150,Paywall,300,165,150,150,Paywall,99,292,150,150,150,225,Paywall,150,150,Paywall,Paywall,Paywall,150,Paywall
"Areinamo, Jadher",TB,2B,699130,22.3,2021 FA,AA,R/R,"5'8"" 160",237,209.60,168,Paywall,Paywall,150,150,Paywall,300,165,150,150,Paywall,245,238,150,150,150,225,Paywall,150,150,Paywall,Paywall,Paywall,150,Paywall
"Milbrandt, Karson",MIA,P,703596,21.9,2022 #85,AA,R/R,"6'2"" 190",237,209.60,168,Paywall,Paywall,150,150,Paywall,300,165,150,150,Paywall,277,266,150,150,150,225,Paywall,150,150,Paywall,Paywall,Paywall,150,Paywall
"Taylor, Devin",ATH,OF,805127,22.2,2025 #48,A,L/R,"6'1"" 215",239,210.88,168,Paywall,Paywall,150,150,Paywall,300,165,150,150,Paywall,900,218,150,150,150,122,Paywall,150,150,Paywall,Paywall,Paywall,150,Paywall
"Bitonti, Eric",MIL,SS,800724,20.4,2023 #87,A,L/R,"6'4"" 218",240,211.44,168,Paywall,Paywall,150,150,Paywall,300,165,150,150,Paywall,162,342,150,150,150,225,Paywall,150,150,Paywall,Paywall,Paywall,150,Paywall
"Pinango, Yohendrick",TOR,OF,682818,23.9,2018 FA,AAA,L/L,"5'11"" 170",241,211.56,168,Paywall,Paywall,150,150,Paywall,300,165,150,150,Paywall,312,428,150,150,150,225,Paywall,150,150,Paywall,Paywall,Paywall,150,Paywall
"Fitz-Gerald, Devin",WAS,SS,803849,20.6,2024 #165,A,S/R,"5'10"" 185",242,213.12,168,Paywall,Paywall,150,150,Paywall,133,165,150,150,Paywall,192,384,150,150,150,106,Paywall,150,150,Paywall,Paywall,Paywall,150,Paywall
"Ortiz, Abimelec",WAS,1B,694673,24.1,2021 FA,AAA,L/L,"5'10"" 230",242,213.12,168,Paywall,Paywall,150,150,Paywall,300,165,150,150,Paywall,228,208,150,150,150,225,Paywall,150,86,Paywall,Paywall,Paywall,150,Paywall
"Caba, Starlyn",MIA,SS,806965,20.3,2023 FA,A,S/R,"5'9"" 160",244,213.68,168,Paywall,Paywall,150,150,Paywall,300,165,150,150,Paywall,278,220,150,150,150,225,78,150,150,Paywall,Paywall,Paywall,150,Paywall
"Gamble, Sean",KC,OF,815819,19.7,2025 #23,,L/R,"6'1"" 188",245,214.48,168,Paywall,Paywall,150,150,Paywall,300,165,150,150,Paywall,900,142,150,150,150,143,Paywall,150,150,Paywall,Paywall,Paywall,150,Paywall
"Peete, Tai",STL,OF,806191,20.6,2023 #30,A+,L/R,"6'2"" 193",246,215.12,168,Paywall,Paywall,150,150,Paywall,300,165,150,150,Paywall,241,341,150,150,150,225,Paywall,150,150,Paywall,Paywall,Paywall,150,Paywall
"Nett, Braden",ATH,P,804556,23.8,2022 FA,AA,R/R,"6'3"" 185",247,215.36,168,Paywall,Paywall,150,150,Paywall,300,165,150,150,Paywall,477,261,150,150,150,225,Paywall,150,150,Paywall,Paywall,Paywall,150,Paywall
"Bresnahan, Jacob",SF,P,815298,20.7,2023 #398,A,L/L,"6'4"" 195",248,215.56,168,Paywall,Paywall,150,150,Paywall,300,165,150,150,Paywall,210,474,150,150,150,225,Paywall,150,150,Paywall,Paywall,Paywall,150,Paywall
"George, Kendall",LAD,OF,806077,21.4,2023 #36,A+,L/L,"5'9"" 170",249,215.76,168,Paywall,Paywall,150,150,Paywall,300,165,150,150,Paywall,292,240,150,150,150,225,Paywall,150,150,Paywall,Paywall,Paywall,150,Paywall
"Veen, Zac",COL,OF,691728,24.3,2020 #9,MLB,L/R,"6'3"" 190",250,216.04,168,Paywall,Paywall,150,150,Paywall,300,165,150,150,Paywall,900,160,150,150,150,225,Paywall,150,150,Paywall,Paywall,Paywall,150,Paywall
"German, Nestor",BAL,P,815148,24.1,2023 #331,AAA,R/R,"6'3"" 225",251,216.60,168,Paywall,Paywall,150,150,Paywall,300,165,150,150,Paywall,281,280,150,150,150,77,Paywall,150,150,Paywall,Paywall,Paywall,150,Paywall
"Sanchez, Juan",TOR,SS,825646,18.5,2025 FA,R,R/R,"6'3"" 180",252,216.64,168,Paywall,Paywall,150,150,Paywall,300,165,150,150,Paywall,900,112,150,150,150,225,Paywall,150,150,124,Paywall,Paywall,150,Paywall
"Harlan, Chase",LAD,3B,815792,19.7,2024 #98,A,R/R,"6'3"" 205",253,217.04,168,Paywall,Paywall,150,150,Paywall,300,165,150,150,Paywall,507,111,150,150,150,225,Paywall,150,150,Paywall,Paywall,Paywall,150,Paywall
"Flores, Rafael Jr.",PIT,C,804668,25.4,2022 FA,MLB,R/R,"6'4"" 232",254,217.36,168,Paywall,Paywall,150,150,Paywall,300,165,150,150,Paywall,578,312,150,150,150,225,Paywall,150,150,Paywall,Paywall,Paywall,150,Paywall
"Brito, Juan",CLE,SS,682877,24.5,2018 FA,AAA,S/R,"6'0"" 202",255,218.44,168,Paywall,Paywall,150,150,Paywall,300,165,150,150,Paywall,141,367,150,150,150,225,Paywall,150,150,Paywall,Paywall,Paywall,150,Paywall
"Ehrhard, Zach",LAD,OF,701394,23.2,2024 #115,AA,R/R,"5'10"" 190",256,219.12,168,Paywall,Paywall,150,150,Paywall,111,165,150,150,Paywall,206,445,150,150,150,127,Paywall,150,150,Paywall,Paywall,Paywall,150,Paywall
"Winokur, Brandon",MIN,OF,806263,21.3,2023 #82,A+,R/R,"6'6"" 210",257,220.16,168,Paywall,Paywall,150,150,Paywall,300,165,150,150,Paywall,900,234,150,150,150,225,Paywall,150,150,Paywall,Paywall,Paywall,150,Paywall
"Bautista, Yorger",SEA,OF,829045,18.5,2025 FA,R,L/L,"6'1"" 176",258,220.28,168,Paywall,Paywall,150,150,Paywall,300,165,150,150,Paywall,360,457,150,150,150,225,Paywall,150,150,Paywall,Paywall,Paywall,150,Paywall
"Clarke, Brandon",STL,P,700251,23.0,2024 #148,A+,L/L,"6'4"" 220",259,220.84,168,Paywall,Paywall,150,150,Paywall,193,165,150,150,Paywall,900,337,150,150,150,225,Paywall,150,150,Paywall,Paywall,Paywall,150,Paywall
"Voit, Mitch",NYM,2B,702491,21.5,2025 #38,A,R/R,"6'0"" 201",260,220.92,168,Paywall,Paywall,150,150,Paywall,300,165,150,150,Paywall,900,248,150,150,150,225,Paywall,150,150,Paywall,Paywall,Paywall,150,Paywall
"Gil, John",ATL,SS,808535,19.9,2023 FA,AA,R/R,"6'1"" 175",261,221.40,168,Paywall,Paywall,150,150,Paywall,300,165,150,150,Paywall,900,230,150,150,150,225,Paywall,150,150,Paywall,Paywall,Paywall,150,Paywall
"Morgan, Tre'",TB,1B,691003,23.7,2023 #88,AAA,L/L,"6'0"" 215",262,221.60,168,Paywall,Paywall,150,150,Paywall,300,165,150,150,Paywall,84,421,150,150,150,90,Paywall,150,150,Paywall,Paywall,Paywall,150,Paywall
"Kepley, Kane",CHC,OF,823807,22.1,2025 #56,A,L/L,"5'8"" 180",263,221.64,168,Paywall,Paywall,150,150,Paywall,300,165,150,150,Paywall,900,228,150,150,150,225,Paywall,150,150,Paywall,Paywall,Paywall,150,Paywall
"Harber, Parks",SF,3B,692238,24.5,2024 FA,A+,R/R,"6'3"" 225",264,222.16,168,Paywall,Paywall,150,150,Paywall,300,165,150,150,Paywall,224,391,150,150,150,225,Paywall,150,150,Paywall,Paywall,Paywall,150,Paywall
"Becker, Nick",SEA,SS,829306,19.3,2025 #57,A,R/R,"6'4"" 190",265,222.72,168,Paywall,Paywall,150,150,Paywall,300,165,150,150,Paywall,900,145,150,150,150,225,Paywall,150,150,Paywall,Paywall,Paywall,150,Paywall
"Jordan, Dakota",SF,OF,702607,22.9,2024 #116,A,R/R,"6'0"" 220",266,222.76,168,Paywall,Paywall,150,150,Paywall,300,165,150,150,Paywall,201,323,150,150,150,225,Paywall,150,150,Paywall,Paywall,Paywall,150,Paywall
"Houston, Marek",MIN,SS,701339,21.9,2025 #16,A+,R/R,"6'3"" 205",267,223.68,168,Paywall,Paywall,150,150,Paywall,166,165,150,150,Paywall,900,211,150,150,150,225,95,150,150,Paywall,Paywall,Paywall,150,Paywall
"Thompson, Sterlin",COL,OF,694514,24.7,2022 #31,AAA,L/R,"6'3"" 200",267,223.68,168,Paywall,Paywall,150,150,Paywall,300,165,150,150,Paywall,214,441,150,150,150,225,Paywall,150,150,Paywall,Paywall,Paywall,150,Paywall
"Triantos, James",CHC,2B,701649,23.2,2021 #56,AAA,R/R,"5'11"" 195",269,224.36,168,Paywall,Paywall,150,150,Paywall,300,165,150,150,Paywall,242,539,150,150,150,225,Paywall,150,150,Paywall,Paywall,Paywall,150,Paywall
"Pecko, Ethan",HOU,P,814490,23.6,2023 #194,AAA,R/R,"6'2"" 195",270,224.52,168,Paywall,Paywall,150,150,Paywall,300,165,150,150,Paywall,340,440,150,150,150,225,Paywall,150,150,Paywall,Paywall,Paywall,150,Paywall
"Salas, Andrew",MIA,SS,829035,18.1,2025 FA,A,S/R,"6'2"" 180",271,224.68,168,Paywall,Paywall,150,150,Paywall,300,165,150,150,Paywall,202,357,150,150,150,147,Paywall,150,150,Paywall,Paywall,Paywall,150,Paywall
"Vargas, Joendry",LAD,SS,806959,20.4,2023 FA,A,R/R,"6'3"" 175",272,224.76,168,Paywall,Paywall,150,150,Paywall,300,165,150,150,Paywall,142,355,150,150,150,225,Paywall,150,150,Paywall,Paywall,Paywall,150,Paywall
"Calaz, Robert",COL,OF,806978,20.3,2023 FA,A,R/R,"6'2"" 202",273,224.88,168,Paywall,Paywall,150,150,Paywall,300,165,150,150,Paywall,129,277,150,150,150,101,Paywall,150,150,Paywall,Paywall,Paywall,150,Paywall
"Ortiz, Deniel",STL,3B,811765,21.6,2024 #471,A+,R/R,"6'1"" 230",274,225.04,168,Paywall,Paywall,150,150,Paywall,300,165,150,150,Paywall,399,125,150,150,150,225,Paywall,150,150,Paywall,Paywall,Paywall,150,Paywall
"Schreck, RJ",TOR,OF,702302,25.7,2023 #277,AAA,L/R,"6'1"" 205",275,225.48,168,Paywall,Paywall,150,150,Paywall,300,165,150,150,Paywall,257,514,150,150,150,225,Paywall,150,150,Paywall,Paywall,Paywall,150,Paywall
"Lindsey, Kellon",LAD,SS,813916,20.5,2024 #23,A,R/R,"6'0"" 175",276,226.24,168,Paywall,Paywall,150,150,Paywall,300,165,150,150,Paywall,240,239,150,150,150,225,Paywall,150,150,Paywall,Paywall,Paywall,150,Paywall
"Lara, Luis",MIL,OF,800325,21.4,2022 FA,AA,S/R,"5'8"" 167",277,226.44,168,Paywall,Paywall,150,150,Paywall,165,165,150,150,Paywall,255,416,150,150,150,225,Paywall,150,150,Paywall,Paywall,Paywall,150,Paywall
"Imai, Tatsuya",HOU,P,837227,27.9,2026 FA,,R/R,"5'11"" 176",278,226.96,168,Paywall,Paywall,150,32,Paywall,300,165,150,150,Paywall,900,24,150,150,150,225,31,150,51,Paywall,41,Paywall,150,Paywall
"Jones, Druw",ARI,OF,702258,22.3,2022 #2,A+,R/R,"6'4"" 180",279,227.08,168,Paywall,Paywall,150,150,Paywall,300,165,150,150,Paywall,156,412,150,150,150,225,Paywall,150,150,Paywall,Paywall,Paywall,150,Paywall
"Mendez, Hendry",MIN,OF,694230,22.4,2021 FA,AA,L/L,"6'3"" 175",280,227.32,168,Paywall,Paywall,150,150,Paywall,300,165,150,150,Paywall,384,444,150,150,150,225,Paywall,150,150,Paywall,Paywall,Paywall,150,Paywall
"Arroyo, Edwin",CIN,SS,695490,22.6,2021 #48,AA,S/R,"5'11"" 173",281,228.12,168,Paywall,Paywall,150,150,Paywall,300,165,150,150,Paywall,236,322,150,150,150,225,Paywall,150,150,Paywall,Paywall,Paywall,150,Paywall
"Fauske, Jaden",CHW,OF,828262,19.3,2025 #44,,L/R,"6'3"" 200",282,228.36,168,Paywall,Paywall,150,150,Paywall,300,165,150,150,Paywall,900,291,150,150,150,92,Paywall,150,150,Paywall,Paywall,Paywall,150,Paywall
"Sullivan, Joseph",HOU,OF,813896,23.7,2024 #223,AA,L/L,"5'11"" 198",283,229.12,168,Paywall,Paywall,150,150,Paywall,300,165,150,150,Paywall,232,214,150,150,150,225,Paywall,150,150,Paywall,Paywall,Paywall,150,Paywall
"Serwinowski, Adam",LAD,P,703445,21.8,2022 #453,AA,L/L,"6'5"" 191",284,229.52,168,Paywall,Paywall,150,150,Paywall,196,165,150,150,Paywall,427,401,150,150,150,225,Paywall,150,150,Paywall,Paywall,Paywall,150,Paywall
"Crooks, Jimmy",STL,C,699625,24.7,2022 #127,MLB,L/R,"6'0"" 230",285,230.00,168,Paywall,Paywall,150,150,Paywall,300,93,150,150,Paywall,205,304,99,150,150,225,Paywall,150,150,Paywall,Paywall,Paywall,150,Paywall
"Burke, Blake",MIL,1B,695501,22.8,2024 #34,AA,L/L,"6'3"" 236",286,230.20,168,Paywall,Paywall,150,150,Paywall,300,165,150,150,Paywall,900,189,150,150,150,225,Paywall,150,150,Paywall,Paywall,Paywall,150,Paywall
"Liranzo, Thayron",DET,C,699073,22.7,2021 FA,AA,S/R,"6'2"" 195",287,230.36,168,Paywall,Paywall,150,150,Paywall,144,105,150,150,Paywall,66,317,150,150,150,225,Paywall,150,150,Paywall,Paywall,Paywall,150,Paywall
"Tidwell, Blade",SF,P,694918,24.8,2022 #52,MLB,R/R,"6'4"" 207",287,230.36,168,Paywall,Paywall,150,150,Paywall,300,165,150,150,Paywall,231,451,150,150,150,225,Paywall,150,150,Paywall,Paywall,Paywall,150,Paywall
"Cova, Luis",MIA,OF,815909,19.1,2024 FA,R,R/R,"6'1"" 160",289,232.20,168,Paywall,Paywall,150,150,Paywall,300,165,150,150,Paywall,900,276,150,150,150,225,Paywall,150,150,Paywall,Paywall,Paywall,150,Paywall
"Okamoto, Kazuma",TOR,3B,672960,29.7,2026 FA,,R/R,"6'1"" 220",290,232.48,168,Paywall,Paywall,150,58,Paywall,300,165,150,150,Paywall,900,62,150,150,150,225,47,150,28,Paywall,Paywall,Paywall,150,Paywall
"Lewis, Dillon",MIA,OF,827665,22.8,2024 #391,A+,R/R,"6'3"" 205",291,232.64,168,Paywall,Paywall,150,150,Paywall,300,165,150,150,Paywall,900,223,150,150,150,225,Paywall,150,150,Paywall,Paywall,Paywall,150,Paywall
"Blubaugh, AJ",HOU,P,805123,25.7,2022 #223,AAA,R/R,"6'2"" 190",292,232.68,168,Paywall,Paywall,150,150,Paywall,300,165,150,150,Paywall,900,174,150,150,150,225,Paywall,150,150,Paywall,Paywall,Paywall,150,Paywall
"Davalillo, Gabriel",LAA,C,829058,18.4,2025 FA,R,R/R,"5'11"" 210",293,232.88,168,Paywall,Paywall,150,150,Paywall,300,165,150,150,Paywall,900,253,150,150,150,225,Paywall,150,150,Paywall,Paywall,Paywall,150,Paywall
"Cole, Zach",HOU,OF,805904,25.6,2022 #313,MLB,L/R,"6'2"" 190",294,234.32,168,Paywall,Paywall,150,98,Paywall,300,165,150,150,Paywall,287,310,150,150,150,225,Paywall,150,150,Paywall,Paywall,Paywall,150,Paywall
"Martinez, Keyner",SF,P,815212,21.6,2023 FA,A,R/R,"6'1"" 165",295,234.96,168,Paywall,Paywall,150,150,Paywall,300,165,150,150,Paywall,378,533,150,150,150,225,Paywall,150,150,Paywall,Paywall,Paywall,150,Paywall
"Ramirez, Ramon",KC,C,808675,20.8,2023 FA,A,R/R,"6'0"" 180",296,235.08,168,Paywall,Paywall,150,150,Paywall,300,165,150,150,Paywall,189,320,150,150,150,225,Paywall,150,150,Paywall,Paywall,Paywall,150,Paywall
"Ullola, Miguel",HOU,P,699044,23.8,2021 FA,AAA,R/R,"6'1"" 205",297,235.52,168,Paywall,Paywall,150,150,Paywall,300,165,150,150,Paywall,300,196,150,150,150,225,Paywall,150,150,Paywall,Paywall,Paywall,150,Paywall
"Rincones, Gabriel Jr.",PHI,OF,687282,25.1,2022 #93,AAA,L/R,"6'3"" 225",298,235.60,168,Paywall,Paywall,150,150,Paywall,168,165,150,150,Paywall,483,369,150,150,150,225,Paywall,150,150,Paywall,Paywall,Paywall,150,Paywall
"Meyer, Noble",MIA,P,800611,21.2,2023 #10,A+,R/R,"6'5"" 185",299,235.64,168,Paywall,Paywall,150,150,Paywall,300,165,150,150,Paywall,229,269,150,150,150,130,Paywall,150,150,Paywall,Paywall,Paywall,150,Paywall
"Owens, Josh",TEX,TWP,831384,19.2,2025 #84,A,L/R,"6'3"" 185",300,236.00,168,Paywall,Paywall,150,150,Paywall,300,165,150,150,Paywall,900,400,150,150,150,225,Paywall,150,150,Paywall,Paywall,Paywall,150,Paywall
"Mitchell, Ryan",STL,OF,815829,19.2,2025 #55,,L/R,"6'2"" 185",301,236.16,168,Paywall,Paywall,150,150,Paywall,300,165,150,150,Paywall,900,170,150,150,150,225,Paywall,150,150,Paywall,Paywall,Paywall,150,Paywall
"DeBarge, Kyle",MIN,SS,814414,22.7,2024 #33,A+,R/R,"5'9"" 175",302,236.28,168,Paywall,Paywall,150,150,Paywall,300,165,150,150,Paywall,234,378,150,150,150,225,Paywall,150,150,Paywall,Paywall,Paywall,150,Paywall
"Forbes, Patrick",ARI,P,804467,21.7,2025 #29,,R/R,"6'3"" 220",303,236.96,168,Paywall,Paywall,150,150,Paywall,300,165,150,150,Paywall,900,288,150,150,150,121,Paywall,150,150,Paywall,Paywall,Paywall,150,Paywall
"Drake, Kohl",ARI,P,684442,25.7,2022 #319,AAA,L/L,"6'5"" 220",304,237.04,168,Paywall,Paywall,150,150,Paywall,162,165,150,150,Paywall,315,473,150,150,150,225,Paywall,150,150,Paywall,Paywall,Paywall,150,Paywall
"Root, Zachary",LAD,P,702539,22.1,2025 #40,,L/L,"6'2"" 210",305,237.52,168,Paywall,Paywall,150,150,Paywall,300,165,150,150,Paywall,900,324,150,150,150,225,Paywall,150,150,Paywall,Paywall,Paywall,150,Paywall
"Watson, Kahlil",CLE,OF,696135,22.9,2021 #16,AAA,L/R,"5'9"" 178",306,237.68,168,Paywall,Paywall,150,150,Paywall,300,165,150,150,Paywall,297,252,150,150,150,225,Paywall,150,150,Paywall,Paywall,Paywall,150,Paywall
"Roby, Tekoah",STL,P,694358,24.5,2020 #86,AAA,R/R,"6'1"" 210",307,238.08,168,Paywall,Paywall,150,150,Paywall,300,165,150,150,Paywall,235,363,150,150,150,225,Paywall,150,150,Paywall,Paywall,Paywall,150,Paywall
"McKenzie, Briggs",ATL,P,828987,19.5,2025 #127,,L/L,"6'2"" 190",308,238.12,168,Paywall,Paywall,150,150,Paywall,300,165,150,150,Paywall,900,290,150,150,150,225,Paywall,150,150,Paywall,Paywall,Paywall,150,Paywall
"Young, Quentin",MIN,SS,815839,19.1,2025 #54,A,R/R,"6'6"" 225",309,238.20,168,Paywall,Paywall,150,150,Paywall,300,165,150,150,Paywall,900,295,150,150,150,225,Paywall,150,150,Paywall,Paywall,Paywall,150,Paywall
"Bragg, Braxton",BAL,P,688867,25.4,2023 #241,AA,R/R,"6'2"" 207",310,238.32,168,Paywall,Paywall,150,150,Paywall,300,165,150,150,Paywall,183,364,150,150,150,225,Paywall,150,150,Paywall,Paywall,Paywall,150,Paywall
"Murakami, Munetaka",CHW,3B,808959,26.1,2025 FA,,L/R,"6'2"" 213",311,238.36,168,Paywall,Paywall,150,45,Paywall,300,165,150,150,Paywall,900,61,150,150,150,225,Paywall,150,150,Paywall,43,Paywall,150,Paywall
"Bateman, Boston",BAL,P,815348,20.5,2024 #52,A+,R/L,"6'8"" 240",312,238.52,168,Paywall,Paywall,150,150,Paywall,195,165,150,150,Paywall,298,282,150,150,150,225,Paywall,150,150,Paywall,Paywall,Paywall,150,Paywall
"Luis, Jansel",ARI,SS,800306,21.1,2022 FA,A+,S/R,"6'0"" 170",313,238.96,168,Paywall,Paywall,150,150,Paywall,300,165,150,150,Paywall,215,368,150,150,150,225,Paywall,150,150,Paywall,Paywall,Paywall,150,Paywall
"Gasser, Robert",MIL,P,688107,26.8,2021 #71,MLB,L/L,"6'0"" 192",313,238.96,168,Paywall,Paywall,150,150,Paywall,300,165,150,150,Paywall,900,289,150,150,150,225,Paywall,150,150,Paywall,Paywall,Paywall,150,Paywall
"Cauley, Cameron",TEX,SS,695508,23.1,2021 #73,AA,R/R,"5'10"" 170",315,241.36,168,Paywall,Paywall,150,150,Paywall,300,165,150,150,Paywall,321,207,150,150,150,225,Paywall,150,150,Paywall,Paywall,Paywall,150,Paywall
"Kelly, Antwone",PIT,P,699008,22.6,2021 FA,AA,R/R,"5'10"" 183",316,242.04,168,Paywall,Paywall,150,150,Paywall,300,165,150,150,Paywall,900,285,150,150,150,225,Paywall,150,150,Paywall,Paywall,Paywall,150,Paywall
"Sanford, Wyatt",PIT,SS,815608,20.3,2024 #47,A,L/R,"6'1"" 175",317,242.32,168,Paywall,Paywall,150,150,Paywall,104,165,150,150,Paywall,261,210,150,150,150,225,Paywall,150,150,Paywall,Paywall,Paywall,150,Paywall
"Petty, Chase",CIN,P,695534,23.0,2021 #26,MLB,R/R,"6'1"" 190",318,242.72,168,Paywall,Paywall,150,150,Paywall,300,165,150,150,Paywall,339,855,150,150,150,225,Paywall,150,150,Paywall,Paywall,Paywall,150,Paywall
"Cannarella, Cam",MIA,OF,703448,22.6,2025 #43,A+,L/R,"6'0"" 185",319,242.80,168,Paywall,Paywall,150,150,Paywall,200,165,150,150,Paywall,900,350,150,150,150,225,Paywall,150,150,Paywall,Paywall,Paywall,150,Paywall
"Francisca, Welbyn",CLE,SS,806988,19.9,2023 FA,A,S/R,"5'8"" 148",320,243.44,168,Paywall,Paywall,150,150,Paywall,300,165,150,150,Paywall,267,381,150,150,150,225,91,150,150,Paywall,Paywall,Paywall,150,Paywall
"Russell, AJ",TEX,P,805706,21.7,2025 #52,,R/R,"6'6"" 223",321,244.44,168,Paywall,Paywall,150,150,Paywall,300,165,150,150,Paywall,900,351,150,150,150,225,Paywall,150,150,Paywall,Paywall,Paywall,150,Paywall
"Romero, Mikey",BOS,SS,702540,22.2,2022 #24,AAA,L/R,"6'0"" 175",322,245.20,168,Paywall,Paywall,150,150,Paywall,300,165,150,150,Paywall,495,330,150,150,150,225,Paywall,150,150,Paywall,Paywall,Paywall,150,Paywall
"Suero, Chris",NYM,C,801523,22.2,2022 FA,AA,R/R,"5'11"" 205",323,245.40,168,Paywall,Paywall,150,150,Paywall,300,165,150,150,Paywall,900,373,150,150,150,225,Paywall,150,150,Paywall,Paywall,Paywall,150,Paywall
"Petry, Ethan",WAS,OF,701337,21.8,2025 #49,A,R/R,"6'4"" 235",324,245.56,168,Paywall,Paywall,150,150,Paywall,300,165,150,150,Paywall,900,331,150,150,150,225,Paywall,150,150,Paywall,Paywall,Paywall,150,Paywall
"Phillips, Marcus",BOS,P,815071,21.7,2025 #33,,R/R,"6'4"" 246",325,246.36,168,Paywall,Paywall,150,150,Paywall,300,165,150,150,Paywall,900,348,150,150,150,225,Paywall,150,150,Paywall,Paywall,Paywall,150,Paywall
"Salcedo, Kelvis",DET,P,808383,20.2,2023 FA,A,R/R,"6'0"" 180",326,247.28,168,Paywall,Paywall,150,150,Paywall,300,165,150,150,Paywall,251,347,150,150,150,225,Paywall,150,150,Paywall,Paywall,Paywall,150,Paywall
"Yost, Jordan",DET,SS,803723,19.3,2025 #24,,L/R,"6'0"" 170",326,247.28,168,Paywall,Paywall,150,150,Paywall,300,165,150,150,Paywall,900,327,150,150,150,225,Paywall,150,150,Paywall,Paywall,Paywall,150,Paywall
"Monegro, Yordanny",BOS,P,694057,23.4,2020 FA,AA,R/R,"6'4"" 180",328,247.32,168,Paywall,Paywall,150,150,Paywall,300,165,150,150,Paywall,158,286,150,150,150,139,Paywall,150,150,Paywall,Paywall,Paywall,150,Paywall
"Valdez, Victor",TB,SS,836590,17.5,2026 FA,,R/R,"6'1"" 186",329,247.60,168,Paywall,Paywall,150,150,Paywall,300,165,150,150,Paywall,900,433,150,150,150,225,Paywall,150,150,Paywall,Paywall,Paywall,150,Paywall
"Oakie, Joey",CLE,P,815841,19.9,2024 #84,A,R/R,"6'3"" 200",330,247.68,84,Paywall,Paywall,150,150,Paywall,300,165,150,150,Paywall,900,484,150,150,150,225,Paywall,150,150,Paywall,Paywall,Paywall,150,Paywall
"Fernandez, Dauri",CLE,2B,821171,19.1,2024 FA,A,S/R,"5'9"" 155",331,248.32,168,Paywall,Paywall,150,150,Paywall,300,165,150,150,Paywall,900,386,150,150,150,225,Paywall,150,150,Paywall,Paywall,Paywall,150,Paywall
"Trimble, Fenwick",MIA,OF,814458,23.6,2024 #122,AA,R/R,"6'3"" 200",331,248.32,168,Paywall,Paywall,150,150,Paywall,300,165,150,150,Paywall,237,443,150,150,150,225,Paywall,150,150,Paywall,Paywall,Paywall,150,Paywall
"Sandlin, David",CHW,P,689818,25.1,2022 #325,AAA,R/R,"6'4"" 215",333,249.20,168,Paywall,Paywall,150,150,Paywall,300,165,150,150,Paywall,280,345,150,150,150,225,Paywall,150,150,Paywall,Paywall,Paywall,150,Paywall
"Fajardo, Yhoiker",STL,P,823369,19.5,2024 FA,A,R/R,"6'3"" 181",334,250.52,168,Paywall,Paywall,150,150,Paywall,300,165,150,150,Paywall,581,481,150,150,150,225,Paywall,150,150,Paywall,Paywall,Paywall,150,Paywall
"Whisenhunt, Carson",SF,P,687931,25.4,2022 #66,MLB,L/L,"6'3"" 214",335,251.60,168,Paywall,Paywall,150,150,Paywall,300,165,150,150,Paywall,289,855,150,150,150,225,Paywall,150,150,Paywall,Paywall,Paywall,150,Paywall
"Church, Nathan",STL,OF,701675,25.7,2022 #337,MLB,L/L,"5'10"" 180",336,251.96,168,Paywall,Paywall,150,150,Paywall,300,165,150,150,Paywall,344,567,150,150,150,225,Paywall,150,150,Paywall,Paywall,Paywall,150,Paywall
"Eyanson, Anthony",BOS,P,809254,21.5,2025 #87,,R/R,"6'2"" 208",337,252.24,168,Paywall,Paywall,150,150,Paywall,300,165,150,150,Paywall,900,349,150,150,150,225,Paywall,150,150,Paywall,Paywall,Paywall,150,Paywall
"Bleis, Miguel",BOS,OF,694194,22.1,2021 FA,AA,R/R,"6'0"" 170",338,252.84,168,Paywall,Paywall,150,150,Paywall,300,165,150,150,Paywall,308,293,150,150,150,225,Paywall,150,150,Paywall,Paywall,Paywall,150,Paywall
"Janek, Walker",HOU,C,801075,23.5,2024 #28,A+,R/R,"6'0"" 190",338,252.84,168,Paywall,Paywall,150,150,Paywall,178,165,150,150,Paywall,343,308,150,150,150,225,Paywall,150,150,Paywall,Paywall,Paywall,150,Paywall
"Urbina, Jose",TB,P,808520,20.4,2023 FA,A+,R/R,"6'3"" 180",340,253.08,168,Paywall,Paywall,150,150,Paywall,300,165,150,150,Paywall,449,267,150,150,150,225,Paywall,150,150,Paywall,Paywall,Paywall,150,Paywall
"Flewelling, Nathan",TB,C,807083,19.4,2024 #94,A+,L/R,"6'2"" 200",341,253.16,106,Paywall,Paywall,150,150,Paywall,300,165,150,150,Paywall,900,318,150,150,150,225,Paywall,150,150,Paywall,Paywall,Paywall,150,Paywall
"Quick, Riley",MIN,P,804981,21.9,2025 #36,,R/R,"6'6"" 255",342,253.20,168,Paywall,Paywall,150,150,Paywall,300,165,150,150,Paywall,900,287,150,150,150,225,Paywall,150,150,Paywall,Paywall,Paywall,150,Paywall
"Lodise, Alex",ATL,SS,822676,22.0,2025 #60,A+,R/R,"6'1"" 190",343,253.24,168,Paywall,Paywall,150,150,Paywall,300,165,150,150,Paywall,900,468,150,150,150,225,Paywall,150,150,Paywall,Paywall,Paywall,150,Paywall
"Nunez, Angel",CIN,OF,836585,17.0,2026 FA,,L/L,"5'10"" 160",344,254.68,168,Paywall,Paywall,150,150,Paywall,300,165,150,150,Paywall,900,359,150,150,150,225,Paywall,150,150,Paywall,Paywall,Paywall,150,Paywall
"Mendez, Miguel",SD,P,700280,23.7,2021 FA,AA,R/R,"6'2"" 165",345,254.80,168,Paywall,Paywall,150,150,Paywall,300,165,150,150,Paywall,900,284,150,150,150,129,Paywall,150,150,Paywall,Paywall,Paywall,150,Paywall
"Henderson, Ixan",STL,P,809100,24.2,2023 #245,AA,L/L,"6'2"" 200",345,254.80,168,Paywall,Paywall,150,150,Paywall,300,165,150,150,Paywall,900,450,150,150,150,225,Paywall,150,150,Paywall,Paywall,Paywall,150,Paywall
"Harrison, Trevor",TB,P,807314,20.6,2023 #156,A+,R/R,"6'4"" 225",347,254.88,106,Paywall,Paywall,150,150,Paywall,300,165,150,150,Paywall,207,855,150,150,150,225,Paywall,150,150,Paywall,Paywall,Paywall,150,Paywall
"Bennett, Jake",BOS,P,687562,25.3,2022 #45,AA,L/L,"6'6"" 234",348,254.92,168,Paywall,Paywall,150,150,Paywall,300,165,150,150,Paywall,900,476,150,150,150,225,Paywall,150,150,Paywall,Paywall,Paywall,150,Paywall
"Stevenson, Luke",SEA,C,806233,21.7,2025 #35,A,L/R,"6'1"" 200",349,256.56,168,Paywall,Paywall,150,150,Paywall,300,165,150,150,Paywall,900,299,150,150,150,225,Paywall,150,150,Paywall,Paywall,Paywall,150,Paywall
"Montilla, Franyerber",DET,SS,800508,20.9,2022 FA,A,S/R,"6'0"" 160",350,257.16,168,Paywall,Paywall,150,150,Paywall,300,165,150,150,Paywall,266,380,150,150,150,225,Paywall,150,150,Paywall,Paywall,Paywall,150,Paywall
"Montero, Edgar",ATH,SS,815911,19.3,2024 FA,R,S/R,"6'2"" 190",351,257.32,168,Paywall,Paywall,150,150,Paywall,300,165,150,150,Paywall,900,274,150,150,150,225,Paywall,150,150,Paywall,Paywall,Paywall,150,Paywall
"Espino, Daniel",CLE,P,682982,25.2,2019 #24,AAA,R/R,"6'2"" 225",351,257.32,168,Paywall,Paywall,150,150,Paywall,300,165,150,150,Paywall,900,257,150,150,150,225,Paywall,150,150,Paywall,Paywall,Paywall,150,Paywall
"Bodine, Caden",TB,C,805207,22.3,2025 #30,A,S/R,"5'10"" 200",351,257.32,168,Paywall,Paywall,150,150,Paywall,300,165,150,150,Paywall,900,298,150,150,150,225,Paywall,150,150,Paywall,Paywall,Paywall,150,Paywall
"Hardin, Tyson",MIL,P,824620,24.3,2024 #365,AA,R/R,"6'2"" 185",354,257.44,168,Paywall,Paywall,150,150,Paywall,300,165,150,150,Paywall,319,510,150,150,150,225,Paywall,150,150,Paywall,Paywall,Paywall,150,Paywall
"Harmon, Landon",WAS,P,816102,19.5,2025 #80,,R/R,"6'5"" 190",355,257.48,168,Paywall,Paywall,150,150,Paywall,300,165,150,150,Paywall,900,226,150,150,150,225,Paywall,150,150,Paywall,Paywall,Paywall,150,Paywall
"Baez, Jesus",STL,SS,800305,21.1,2022 FA,A+,R/R,"5'10"" 180",356,257.56,168,Paywall,Paywall,150,150,Paywall,300,165,150,150,Paywall,330,374,150,150,150,225,Paywall,150,150,Paywall,Paywall,Paywall,150,Paywall
"Linan, Sean",WAS,P,800344,21.4,2022 FA,A+,R/R,"6'0"" 185",357,257.96,168,Paywall,Paywall,150,150,Paywall,300,165,150,150,Paywall,174,404,150,150,150,225,Paywall,150,150,Paywall,Paywall,Paywall,150,Paywall
"Harrington, Thomas",PIT,P,802419,24.7,2022 #36,MLB,R/R,"6'2"" 185",358,258.04,168,Paywall,Paywall,150,150,Paywall,300,165,150,150,Paywall,328,855,150,150,150,225,Paywall,150,150,Paywall,Paywall,Paywall,150,Paywall
"Morlando, PJ",MIA,OF,703563,20.9,2024 #16,A,L/R,"6'3"" 198",359,258.28,168,Paywall,Paywall,150,150,Paywall,300,165,150,150,Paywall,320,344,150,150,150,225,Paywall,150,150,Paywall,Paywall,Paywall,150,Paywall
"Lugo, Joswa",LAA,SS,815915,19.2,2024 FA,R,R/R,"6'3"" 187",360,259.64,168,Paywall,Paywall,150,150,Paywall,300,165,150,150,Paywall,421,376,150,150,150,225,Paywall,150,150,Paywall,Paywall,Paywall,150,Paywall
"Compton, Brandon",MIA,OF,703680,22.4,2025 #46,A+,L/L,"6'1"" 225",361,260.00,168,Paywall,Paywall,150,150,Paywall,300,165,150,150,Paywall,900,352,150,150,150,225,Paywall,150,150,Paywall,Paywall,Paywall,150,Paywall
"Morales, Yohandy",WAS,3B,691002,24.5,2023 #40,AAA,R/R,"6'3"" 225",362,260.20,168,Paywall,Paywall,150,150,Paywall,300,165,150,150,Paywall,285,371,150,150,150,225,Paywall,150,150,Paywall,Paywall,Paywall,150,Paywall
"Sinnard, Luke",ATL,P,820827,23.4,2024 #99,A+,R/R,"6'8"" 250",363,260.60,168,Paywall,Paywall,150,150,Paywall,300,165,150,150,Paywall,299,480,150,150,150,225,Paywall,150,150,Paywall,Paywall,Paywall,150,Paywall
"Hampton, Chase",NYY,P,694633,24.6,2022 #190,AA,R/R,"6'2"" 220",364,261.68,168,Paywall,Paywall,150,150,Paywall,300,165,150,150,Paywall,337,413,150,150,150,225,Paywall,150,150,Paywall,Paywall,Paywall,150,Paywall
"Yorke, Nick",PIT,2B,694377,24.0,2020 #17,MLB,R/R,"6'0"" 210",365,262.12,168,Paywall,Paywall,150,150,Paywall,300,165,150,150,Paywall,355,528,150,150,150,225,Paywall,150,150,Paywall,Paywall,Paywall,150,Paywall
"Gill Hill, Gary",TB,P,804541,21.5,2022 #194,A+,R/R,"6'2"" 160",366,262.28,168,Paywall,Paywall,150,150,Paywall,300,165,150,150,Paywall,258,855,150,150,150,225,Paywall,150,150,Paywall,Paywall,Paywall,150,Paywall
"Meccage, Bryce",MIL,P,815501,20.0,2024 #57,A,R/R,"6'4"" 210",367,262.76,168,Paywall,Paywall,150,150,Paywall,300,165,150,150,Paywall,900,482,150,150,150,225,Paywall,150,150,Paywall,Paywall,Paywall,150,Paywall
"Gregory-Alford, Trey",LAA,P,807281,19.9,2024 #322,A,R/R,"6'5"" 235",368,262.96,168,Paywall,Paywall,150,150,Paywall,300,165,150,150,Paywall,481,475,150,150,150,225,Paywall,150,150,Paywall,Paywall,Paywall,150,Paywall
"Dorchies, Ethan",MIL,P,828475,19.4,2024 #305,A,R/R,"6'5"" 215",369,263.00,168,Paywall,Paywall,150,150,Paywall,300,165,150,150,Paywall,900,534,150,150,150,225,Paywall,150,150,Paywall,Paywall,Paywall,150,Paywall
"Watson, Will",NYM,P,814492,23.4,2024 #203,AA,R/R,"6'1"" 180",370,263.12,168,Paywall,Paywall,96,150,Paywall,300,165,150,150,Paywall,900,477,150,150,150,225,Paywall,150,150,Paywall,Paywall,Paywall,150,Paywall
"Rosario, Alfonsin",TEX,OF,806210,21.8,2023 #176,AA,R/R,"6'2"" 222",371,263.52,168,Paywall,Paywall,150,150,Paywall,183,165,150,150,Paywall,221,273,150,150,150,225,Paywall,150,150,Paywall,Paywall,Paywall,150,Paywall
"James, Coy",WAS,SS,815983,19.1,2025 #142,,R/R,"6'0"" 185",372,263.80,168,Paywall,Paywall,150,150,Paywall,300,165,150,150,Paywall,900,361,150,150,150,225,Paywall,150,150,Paywall,Paywall,Paywall,150,Paywall
"Morabito, Nick",NYM,OF,703492,22.9,2022 #75,AA,R/R,"5'10"" 185",373,264.28,168,Paywall,Paywall,150,150,Paywall,300,165,150,150,Paywall,900,855,150,150,150,225,Paywall,150,150,Paywall,Paywall,Paywall,150,Paywall
"Black, Tyler",MIL,3B,672012,25.7,2021 #33,MLB,L/R,"6'1"" 199",374,264.64,168,Paywall,Paywall,150,150,Paywall,300,165,150,150,Paywall,318,855,150,150,150,225,Paywall,150,150,Paywall,Paywall,Paywall,150,Paywall
"Lawlar, Jordan",ARI,SS,691783,23.7,2021 #6,MLB,R/R,"6'0"" 190",375,265.72,168,Paywall,Paywall,150,150,Paywall,300,165,150,150,Paywall,21,30,150,150,150,225,Paywall,150,27,45,Paywall,Paywall,150,Paywall
"Mathis, Cole",CHC,3B,695573,22.7,2024 #54,A,R/R,"6'1"" 210",376,265.84,168,Paywall,Paywall,150,150,Paywall,300,165,150,150,Paywall,358,541,150,150,150,225,Paywall,150,150,Paywall,Paywall,Paywall,150,Paywall
"Arguelles, Cristian",COL,OF,821692,18.7,2024 FA,R,L/L,"6'0"" 177",377,266.96,168,Paywall,Paywall,150,150,Paywall,300,165,150,150,Paywall,184,505,150,150,150,225,Paywall,150,150,Paywall,Paywall,Paywall,150,Paywall
"Susac, Daniel",SF,C,691740,24.9,2022 #19,AAA,R/R,"6'4"" 218",378,268.04,168,Paywall,Paywall,150,150,Paywall,300,165,150,150,Paywall,301,313,150,150,150,225,Paywall,150,150,Paywall,Paywall,Paywall,150,Paywall
"Belyeu, Max",COL,OF,803284,22.3,2025 #74,A+,L/R,"6'2"" 215",379,268.84,168,Paywall,Paywall,150,150,Paywall,300,165,150,150,Paywall,900,455,150,150,150,225,Paywall,150,150,Paywall,Paywall,Paywall,150,Paywall
"Ebel, Brady",MIL,SS,815816,18.7,2025 #32,A,L/R,"6'3"" 195",380,269.64,168,Paywall,Paywall,150,150,Paywall,300,165,150,150,Paywall,900,332,150,150,150,225,Paywall,150,150,Paywall,Paywall,Paywall,150,Paywall
"Ramirez, Pedro",CHC,2B,699393,22.0,2021 FA,AA,S/R,"5'9"" 165",380,269.64,168,Paywall,Paywall,150,150,Paywall,198,165,150,150,Paywall,900,422,150,150,150,225,Paywall,150,150,Paywall,Paywall,Paywall,150,Paywall
"Rosario, Elian",TEX,OF,836589,17.5,2026 FA,,R/R,"6'2"" 195",382,269.68,168,Paywall,Paywall,150,150,Paywall,300,165,150,150,Paywall,900,358,150,150,150,225,Paywall,150,150,Paywall,Paywall,Paywall,150,Paywall
"Watson, Aaron",CIN,P,826209,19.2,2025 #51,,R/R,"6'5"" 205",383,270.04,168,Paywall,Paywall,150,150,Paywall,300,165,150,150,Paywall,900,296,150,150,150,225,Paywall,150,150,Paywall,Paywall,Paywall,150,Paywall
"Luna, Emanuel",STL,OF,836587,17.2,2026 FA,,R/R,"6'2"" 204",384,270.24,168,Paywall,Paywall,150,150,Paywall,300,165,150,150,Paywall,900,358,150,150,150,225,Paywall,150,150,Paywall,Paywall,Paywall,150,Paywall
"Rodriguez, Raudi",LAA,OF,804558,22.7,2023 #564,A,R/R,"6'0"" 190",385,270.52,168,Paywall,Paywall,150,150,Paywall,300,165,150,150,Paywall,415,515,150,150,150,225,Paywall,150,150,Paywall,Paywall,Paywall,150,Paywall
"Watts-Brown, Juaron",BAL,P,695033,24.1,2023 #89,AA,R/R,"6'3"" 190",386,270.76,168,Paywall,Paywall,150,150,Paywall,300,165,150,150,Paywall,900,479,150,150,150,225,Paywall,150,150,Paywall,Paywall,Paywall,150,Paywall
"Neville, Mason",CIN,OF,702563,22.2,2025 #114,A,L/L,"6'3"" 210",387,271.20,168,Paywall,Paywall,150,150,Paywall,300,165,150,150,Paywall,900,409,150,150,150,225,Paywall,150,150,Paywall,Paywall,Paywall,150,Paywall
"German, Marconi",WAS,SS,829699,18.5,2025 FA,R,S/R,"5'10"" 170",388,271.60,168,Paywall,Paywall,150,150,Paywall,300,165,150,150,Paywall,900,231,150,150,150,225,Paywall,150,150,Paywall,Paywall,Paywall,150,Paywall
"Jordan, Dylan",LAA,P,813335,20.4,2024 #143,A,R/R,"6'3"" 205",389,272.04,168,Paywall,Paywall,150,150,Paywall,300,165,150,150,Paywall,272,559,150,150,150,225,Paywall,150,150,Paywall,Paywall,Paywall,150,Paywall
"Mayer, Bryce",HOU,P,809343,24.1,2024 #493,AA,R/R,"6'3"" 210",390,272.16,168,Paywall,Paywall,150,150,Paywall,300,165,150,150,Paywall,900,406,150,150,150,225,Paywall,150,150,Paywall,Paywall,Paywall,150,Paywall
"Cabrera, Yeremy",WAS,OF,800393,20.7,2022 FA,A,L/L,"5'11"" 155",391,272.72,168,Paywall,Paywall,150,150,Paywall,300,165,150,150,Paywall,341,855,150,150,150,225,Paywall,150,150,Paywall,Paywall,Paywall,150,Paywall
"Forcucci, Ryan",HOU,P,801573,23.3,2024 #101,,R/R,"6'3"" 205",391,272.72,168,Paywall,Paywall,150,150,Paywall,300,165,150,150,Paywall,463,414,150,150,150,225,Paywall,150,150,Paywall,Paywall,Paywall,150,Paywall
"Thornton, Zach",NYM,P,804267,24.2,2023 #159,AA,L/L,"6'3"" 170",393,272.88,168,Paywall,Paywall,150,150,Paywall,300,165,150,150,Paywall,345,439,150,150,150,225,Paywall,150,150,Paywall,Paywall,Paywall,150,Paywall
"Curet, Yoniel",PHI,P,692414,23.4,2019 FA,AAA,R/R,"6'2"" 250",394,273.32,168,Paywall,Paywall,150,150,Paywall,300,165,150,150,Paywall,295,524,150,150,150,225,Paywall,150,150,Paywall,Paywall,Paywall,150,Paywall
"Guzman, Denzer",LAA,SS,694203,22.1,2021 FA,MLB,R/R,"6'1"" 190",395,273.36,168,Paywall,Paywall,150,150,Paywall,112,165,150,150,Paywall,294,321,150,150,150,225,Paywall,150,150,Paywall,Paywall,Paywall,150,Paywall
"Jordan, Blaze",STL,1B,691458,23.3,2020 #89,AAA,R/R,"6'0"" 220",396,273.64,168,Paywall,Paywall,150,150,Paywall,300,165,150,150,Paywall,465,370,150,150,150,225,Paywall,150,150,Paywall,Paywall,Paywall,150,Paywall
"Jones, Brendan",MIA,OF,800957,23.9,2024 #361,AA,L/L,"5'10"" 180",397,273.68,168,Paywall,Paywall,150,150,Paywall,300,165,150,150,Paywall,900,420,150,150,150,225,Paywall,150,150,Paywall,Paywall,Paywall,150,Paywall
"Slawinski, Johnny",LAA,P,828989,19.1,2025 #79,,L/L,"6'3"" 180",398,274.60,168,Paywall,Paywall,150,150,Paywall,300,165,150,150,Paywall,900,402,150,150,150,225,Paywall,150,150,Paywall,Paywall,Paywall,150,Paywall
"Franklin, Tanner",STL,P,815119,21.8,2025 #72,A+,R/R,"6'5"" 225",399,274.96,168,Paywall,Paywall,150,150,Paywall,300,165,150,150,Paywall,900,407,150,150,150,225,Paywall,150,150,Paywall,Paywall,Paywall,150,Paywall
"De Los Santos, Deyvison",MIA,3B,691277,22.8,2019 FA,AAA,R/R,"6'1"" 185",400,275.76,168,Paywall,Paywall,150,150,Paywall,300,165,150,150,Paywall,293,311,150,150,150,225,Paywall,150,150,Paywall,Paywall,Paywall,150,Paywall
"Thompson, J.D.",MIL,P,702505,22.5,2025 #59,,R/L,"6'0"" 199",401,275.88,168,Paywall,Paywall,150,150,Paywall,300,165,150,150,Paywall,900,452,150,150,150,225,Paywall,150,150,Paywall,Paywall,Paywall,150,Paywall
"De La Cruz, Wilfri",BAL,SS,829043,18.5,2025 FA,R,S/R,"6'2"" 170",402,276.00,168,Paywall,Paywall,150,150,Paywall,300,165,150,150,Paywall,383,495,150,150,150,225,Paywall,150,150,Paywall,Paywall,Paywall,150,Paywall
"DeMartini, Carson",PHI,SS,701831,23.2,2024 #130,AA,L/R,"6'0"" 197",403,277.20,168,Paywall,Paywall,150,150,Paywall,300,165,150,150,Paywall,407,392,150,150,150,225,Paywall,150,150,Paywall,Paywall,Paywall,150,Paywall
"Leiter, Cam",LAD,P,804942,22.2,2025 #65,,R/R,"6'5"" 234",404,278.32,168,Paywall,Paywall,150,150,Paywall,300,165,150,150,Paywall,900,325,150,150,150,225,Paywall,150,150,Paywall,Paywall,Paywall,150,Paywall
"Hartshorn, Josiah",CHC,OF,815824,19.1,2025 #181,,S/L,"6'2"" 220",404,278.32,168,Paywall,Paywall,150,150,Paywall,300,165,150,150,Paywall,900,432,150,150,150,225,Paywall,150,150,Paywall,Paywall,Paywall,150,Paywall
"Stafura, Sammy",PIT,SS,806230,21.4,2023 #43,A+,R/R,"6'0"" 188",406,278.64,168,Paywall,Paywall,150,150,Paywall,300,165,150,150,Paywall,200,855,150,150,150,225,Paywall,150,150,Paywall,Paywall,Paywall,150,Paywall
"Roccaforte, Carson",KC,OF,811287,24.0,2023 #66,AA,L/L,"5'11"" 195",407,278.80,168,Paywall,Paywall,150,150,Paywall,300,165,150,150,Paywall,542,339,150,150,150,225,Paywall,150,150,Paywall,Paywall,Paywall,150,Paywall
"Turley, Gavin",ATH,OF,702504,22.4,2025 #110,A,R/R,"6'1"" 196",408,278.88,168,Paywall,Paywall,150,150,Paywall,300,165,150,150,Paywall,900,411,150,150,150,225,Paywall,150,150,Paywall,Paywall,Paywall,150,Paywall
"Tunink, Brendan",LAD,OF,815665,20.5,2024 #250,A,L/L,"6'1"" 185",409,279.16,168,Paywall,Paywall,150,150,Paywall,300,165,150,150,Paywall,900,456,150,150,150,225,Paywall,150,150,Paywall,Paywall,Paywall,150,Paywall
"Perez, Junior",ATH,OF,678577,24.7,2017 FA,AAA,R/R,"6'0"" 165",410,280.36,168,Paywall,Paywall,150,150,Paywall,300,165,150,150,Paywall,900,855,150,150,150,225,Paywall,150,150,Paywall,Paywall,Paywall,150,Paywall
"Schubart, Nolan",CLE,OF,702278,21.9,2025 #101,A,L/R,"6'5"" 223",411,280.48,168,Paywall,Paywall,150,150,Paywall,300,165,150,150,Paywall,900,436,150,150,150,225,Paywall,150,150,Paywall,Paywall,Paywall,150,Paywall
"Dalis, Wilder",COL,SS,815195,19.7,2023 FA,A,S/R,"6'0"" 172",411,280.48,168,Paywall,Paywall,150,150,Paywall,300,165,150,150,Paywall,900,394,150,150,150,225,Paywall,150,150,Paywall,Paywall,Paywall,150,Paywall
"Godbout, Henry",BOS,SS,804995,22.4,2025 #75,A+,R/R,"6'2"" 190",413,281.44,168,Paywall,Paywall,150,150,Paywall,300,165,150,150,Paywall,900,448,150,150,150,225,Paywall,150,150,Paywall,Paywall,Paywall,150,Paywall
"Torres, Stharlin",CIN,P,820941,19.8,2024 FA,R,R/R,"6'0"" 182",414,281.60,168,Paywall,Paywall,150,150,Paywall,300,165,150,150,Paywall,900,478,150,150,150,225,Paywall,150,150,Paywall,Paywall,Paywall,150,Paywall
"Coret, Maykel",TB,OF,829044,18.5,2025 FA,R,R/R,"6'4"" 187",415,281.80,168,Paywall,Paywall,150,150,Paywall,300,165,150,150,Paywall,385,502,150,150,150,225,Paywall,150,150,Paywall,Paywall,Paywall,150,Paywall
"Aracena, Wellington",ARI,P,800286,21.2,2022 FA,A+,R/R,"6'3"" 180",416,281.96,168,Paywall,Paywall,150,150,Paywall,300,165,150,150,Paywall,440,855,150,150,150,225,Paywall,150,150,Paywall,Paywall,Paywall,150,Paywall
"Rijo, Juan",SEA,OF,836591,17.6,2026 FA,,L/L,"6'1"" 188",417,282.40,168,Paywall,Paywall,150,150,Paywall,300,165,150,150,Paywall,900,506,150,150,150,225,Paywall,150,150,Paywall,Paywall,Paywall,150,Paywall
"Petersen, Sam",WAS,OF,695763,23.2,2024 #230,A+,R/R,"6'0"" 200",418,282.48,168,Paywall,Paywall,150,150,Paywall,300,165,150,150,Paywall,545,442,150,150,150,225,Paywall,150,150,Paywall,Paywall,Paywall,150,Paywall
"Braun, Lucas",ATL,P,814351,24.6,2023 #189,AAA,R/R,"6'0"" 185",419,282.56,168,Paywall,Paywall,150,150,Paywall,300,165,150,150,Paywall,271,855,150,150,150,225,Paywall,150,150,Paywall,Paywall,Paywall,150,Paywall
"Acevedo, Jose Luis",BAL,SS,836593,17.3,2026 FA,,R/R,"6'1"" 164",420,282.64,168,Paywall,Paywall,150,150,Paywall,300,165,150,150,Paywall,900,463,150,150,150,225,Paywall,150,150,Paywall,Paywall,Paywall,150,Paywall
"Blanco, Tony Jr.",PIT,OF,703156,20.9,2022 FA,A,R/R,"6'7"" 243",421,282.68,168,Paywall,Paywall,150,150,Paywall,300,165,150,150,Paywall,900,336,150,150,150,225,Paywall,150,150,Paywall,Paywall,Paywall,150,Paywall
"Bloss, Jake",TOR,P,814005,24.8,2023 #99,MLB,R/R,"6'3"" 223",422,282.76,168,Paywall,Paywall,150,150,Paywall,300,108,150,150,Paywall,262,855,150,150,150,225,Paywall,150,150,Paywall,Paywall,Paywall,150,Paywall
"Rosario, Kala'i",MIN,OF,693850,23.7,2020 #158,AA,R/R,"6'0"" 205",423,283.16,168,Paywall,Paywall,150,150,Paywall,300,165,150,150,Paywall,516,340,150,150,150,225,Paywall,150,150,Paywall,Paywall,Paywall,150,Paywall
"Fisher, Matthew",PHI,P,832455,20.0,2025 #221,,R/R,"6'3"" 200",424,283.56,168,Paywall,Paywall,150,150,Paywall,300,165,150,150,Paywall,900,437,150,150,150,225,Paywall,150,150,Paywall,Paywall,Paywall,150,Paywall
"Southisene, Tate",ATL,SS,816111,19.5,2025 #22,A,R/R,"5'11"" 180",425,284.20,168,Paywall,Paywall,150,150,Paywall,300,165,150,150,Paywall,900,398,150,150,150,225,Paywall,150,150,Paywall,Paywall,Paywall,150,Paywall
"Rodriguez, Elorky",TEX,OF,829069,18.2,2025 FA,R,L/R,"5'10"" 175",426,284.44,168,Paywall,Paywall,150,150,Paywall,300,165,150,150,Paywall,900,520,150,150,150,225,Paywall,150,150,Paywall,Paywall,Paywall,150,Paywall
"Lodise, Kyle",CHW,SS,827517,22.4,2025 #76,A+,R/R,"5'11"" 180",427,284.92,168,Paywall,Paywall,150,150,Paywall,300,165,150,150,Paywall,900,334,150,150,150,225,Paywall,150,150,Paywall,Paywall,Paywall,150,Paywall
"Wells, Levi",BAL,P,687723,27.7,2020 #109,A,R/R,"5'11"" 185",428,285.56,168,Paywall,Paywall,150,150,Paywall,300,165,150,150,Paywall,900,855,150,150,150,225,Paywall,150,150,Paywall,Paywall,Paywall,150,Paywall
"Kayfus, C.J.",CLE,1B,692216,24.4,2023 #93,MLB,L/L,"6'0"" 192",429,285.76,168,Paywall,Paywall,150,150,Paywall,300,165,150,150,Paywall,900,104,150,150,150,225,Paywall,150,150,81,Paywall,Paywall,150,Paywall
"Castillo, Yolfran",TEX,SS,815931,19.1,2024 FA,A,R/R,"6'3"" 165",430,286.04,168,Paywall,Paywall,150,150,Paywall,300,70,150,150,Paywall,211,855,150,150,150,225,Paywall,150,150,Paywall,Paywall,Paywall,150,Paywall
"West, Aidan",LAD,SS,828140,18.9,2025 #135,,L/R,"6'2"" 205",430,286.04,168,Paywall,Paywall,150,150,Paywall,300,165,150,150,Paywall,900,301,150,150,150,225,Paywall,150,150,Paywall,Paywall,Paywall,150,Paywall
"Azocar, Enddy",BOS,OF,821150,19.1,2024 FA,A,R/R,"6'2"" 168",432,287.60,168,Paywall,Paywall,150,150,Paywall,300,165,150,150,Paywall,900,855,150,150,150,225,Paywall,150,150,Paywall,Paywall,Paywall,150,Paywall
"Kasevich, Josh",TOR,SS,688460,25.2,2022 #60,AAA,R/R,"6'1"" 200",433,287.64,168,Paywall,Paywall,150,150,Paywall,300,165,150,150,Paywall,199,855,150,150,150,225,Paywall,150,150,Paywall,Paywall,Paywall,150,Paywall
"Burkholder, Griffin",PHI,OF,816120,20.6,2024 #63,A,R/R,"6'1"" 195",434,287.92,168,Paywall,Paywall,150,150,Paywall,300,165,150,150,Paywall,488,855,150,150,150,225,Paywall,150,150,Paywall,Paywall,Paywall,150,Paywall
"Martinez, Liomar",MIA,P,801737,20.8,2022 FA,A,R/R,"6'2"" 165",435,288.04,168,Paywall,Paywall,150,150,Paywall,300,165,150,150,Paywall,487,855,150,150,150,225,Paywall,150,150,Paywall,Paywall,Paywall,150,Paywall
"Ricardo, Yandel",KC,SS,815902,19.4,2024 FA,A,S/R,"6'1"" 180",436,288.64,168,Paywall,Paywall,150,150,Paywall,300,165,150,150,Paywall,900,382,150,150,150,225,Paywall,150,150,Paywall,Paywall,Paywall,150,Paywall
"Vidourek, Landyn",LAD,OF,811716,22.4,2025 #104,A,L/R,"6'1"" 192",437,289.32,168,Paywall,Paywall,150,150,Paywall,300,165,150,150,Paywall,900,399,150,150,150,225,Paywall,150,150,Paywall,Paywall,Paywall,150,Paywall
"Kinney, Cooper",TB,2B,695692,23.2,2021 #34,AA,L/R,"6'1"" 200",438,289.80,168,Paywall,Paywall,150,150,Paywall,300,165,150,150,Paywall,283,561,150,150,150,225,Paywall,150,150,Paywall,Paywall,Paywall,150,Paywall
"Curley, Dean",CLE,SS,806053,21.9,2025 #64,A,R/R,"6'3"" 218",439,290.64,168,Paywall,Paywall,150,150,Paywall,300,165,150,150,Paywall,900,408,150,150,150,225,Paywall,150,150,Paywall,Paywall,Paywall,150,Paywall
"Antunez, Wuilfredo",CLE,OF,686404,23.9,2019 FA,AA,L/R,"6'1"" 193",440,291.36,168,Paywall,Paywall,150,150,Paywall,300,165,150,150,Paywall,409,855,150,150,150,225,Paywall,150,150,Paywall,Paywall,Paywall,150,Paywall
"Arias, Robert",CLE,OF,815897,19.5,2024 FA,R,L/L,"6'1"" 168",441,292.16,168,Paywall,Paywall,150,150,Paywall,300,165,150,150,Paywall,348,356,150,150,150,225,Paywall,150,150,Paywall,Paywall,Paywall,150,Paywall
"Cespedes, Yoeilin",BOS,SS,806985,20.5,2023 FA,A,R/R,"5'8"" 181",442,292.88,168,Paywall,Paywall,150,150,Paywall,300,165,150,150,Paywall,364,855,150,150,150,225,Paywall,150,150,Paywall,Paywall,Paywall,150,Paywall
"Wolkow, George",CHW,OF,805804,20.2,2023 #209,A,L/R,"6'7"" 239",443,293.04,168,Paywall,Paywall,150,150,Paywall,300,165,150,150,Paywall,521,343,150,150,150,225,Paywall,150,150,Paywall,Paywall,Paywall,150,Paywall
"Dotel, Wilber",PIT,P,696062,23.5,2020 FA,AA,R/R,"6'3"" 178",444,293.20,168,Paywall,Paywall,150,150,Paywall,300,165,150,150,Paywall,900,855,150,150,150,225,Paywall,150,150,Paywall,Paywall,Paywall,150,Paywall
"Song, Sung-Mun",SD,3B,823550,29.6,2026 FA,,L/R,"6'0"" 194",445,293.28,168,Paywall,Paywall,150,150,Paywall,300,165,150,150,Paywall,900,229,150,150,150,225,Paywall,150,80,Paywall,Paywall,Paywall,150,Paywall
"Dreiling, Dylan",TEX,OF,702662,22.9,2024 #65,A+,L/L,"5'11"" 197",446,293.48,168,Paywall,Paywall,150,150,Paywall,300,165,150,150,Paywall,402,855,150,150,150,225,Paywall,150,150,Paywall,Paywall,Paywall,150,Paywall
"Encarnacion, Handelfry",MIL,OF,821136,18.8,2024 FA,A,L/L,"5'11"" 172",447,294.08,168,Paywall,Paywall,150,150,Paywall,300,165,150,150,Paywall,900,518,150,150,150,225,Paywall,150,150,Paywall,Paywall,Paywall,150,Paywall
"Feliz, Angel",WAS,SS,815906,19.4,2024 FA,A,R/R,"6'3"" 185",448,294.40,168,Paywall,Paywall,150,150,Paywall,300,165,150,150,Paywall,374,497,150,150,150,225,Paywall,150,150,Paywall,Paywall,Paywall,150,Paywall
"Rumfield, T.J.",COL,1B,681198,25.9,2021 #355,AAA,L/R,"6'5"" 225",449,294.92,168,Paywall,Paywall,150,150,Paywall,300,165,150,150,Paywall,327,855,150,150,150,225,Paywall,150,150,Paywall,Paywall,Paywall,150,Paywall
"Burns, Chase",CIN,P,695505,23.2,2024 #2,MLB,R/R,"6'3"" 210",450,295.12,168,Paywall,Paywall,150,150,Paywall,300,165,150,150,Paywall,900,6,150,150,150,225,Paywall,150,10,3,Paywall,Paywall,150,Paywall
"Chace, Moises",PHI,P,691330,22.8,2019 FA,AA,R/R,"6'1"" 213",450,295.12,168,Paywall,Paywall,150,150,Paywall,300,165,150,150,Paywall,218,855,150,150,150,225,Paywall,150,150,Paywall,Paywall,Paywall,150,Paywall
"Flemming, Cooper",TB,SS,828237,19.6,2025 #53,,L/R,"6'3"" 190",452,295.40,168,Paywall,Paywall,150,150,Paywall,300,165,150,150,Paywall,900,377,150,150,150,123,Paywall,150,150,Paywall,Paywall,Paywall,150,Paywall
"Gonzalez, Asbel",KC,OF,808706,20.2,2023 FA,AA,R/R,"6'2"" 170",453,295.92,168,Paywall,Paywall,150,150,Paywall,300,165,150,150,Paywall,900,241,150,150,150,225,Paywall,150,150,Paywall,Paywall,Paywall,150,Paywall
"Hjerpe, Cooper",STL,P,687309,25.0,2022 #22,AA,L/L,"6'3"" 200",454,296.00,168,Paywall,Paywall,150,150,Paywall,300,165,150,150,Paywall,436,855,150,150,150,225,Paywall,150,150,Paywall,Paywall,Paywall,150,Paywall
"Avila, Luinder",KC,P,679883,24.6,2018 FA,MLB,R/R,"6'3"" 195",455,296.68,168,Paywall,Paywall,150,150,Paywall,300,165,150,150,Paywall,414,855,150,150,150,225,Paywall,150,150,Paywall,Paywall,Paywall,150,Paywall
"Morii, Shotaro",ATH,SS,829679,19.3,2025 FA,R,L/R,"6'0"" 190",456,296.92,168,Paywall,Paywall,150,150,Paywall,300,165,150,150,Paywall,900,383,150,150,150,225,Paywall,150,150,Paywall,Paywall,Paywall,150,Paywall
"Cohen, Trevor",SF,OF,701906,22.4,2025 #85,A,L/L,"6'1"" 195",456,296.92,168,Paywall,Paywall,150,150,Paywall,300,165,150,150,Paywall,900,447,150,150,150,225,Paywall,150,150,Paywall,Paywall,Paywall,150,Paywall
"Head, Dillon",MIA,OF,702977,21.5,2023 #25,A+,L/L,"6'0"" 185",458,297.00,168,Paywall,Paywall,150,150,Paywall,300,165,150,150,Paywall,900,855,150,150,150,225,Paywall,150,150,Paywall,Paywall,Paywall,150,Paywall
"Mena, Cristian",ARI,P,691441,23.3,2019 FA,MLB,R/R,"6'2"" 170",459,297.16,168,Paywall,Paywall,150,150,Paywall,300,165,150,150,Paywall,347,855,150,150,150,225,Paywall,150,150,Paywall,Paywall,Paywall,150,Paywall
"Hamm, Jaden",DET,P,811290,23.6,2023 #143,AA,R/R,"6'1"" 190",460,297.20,168,Paywall,Paywall,150,150,Paywall,300,165,150,150,Paywall,238,855,150,150,150,225,77,150,150,Paywall,Paywall,Paywall,150,Paywall
"Copen, Patrick",LAD,P,814527,24.1,2023 #220,AA,R/R,"6'6"" 220",461,297.28,168,Paywall,Paywall,150,150,Paywall,300,165,150,150,Paywall,900,855,150,150,150,225,Paywall,150,150,Paywall,Paywall,Paywall,150,Paywall
"McAdoo, Charles",TOR,2B,807727,24.1,2023 #377,AA,R/R,"6'1"" 210",462,297.60,168,Paywall,Paywall,150,150,Paywall,300,165,150,150,Paywall,335,425,150,150,150,225,Paywall,150,150,Paywall,Paywall,Paywall,150,Paywall
"Hunt, K.C.",MIL,P,687268,25.7,2022 #350,AA,L/R,"6'3"" 200",463,297.88,168,Paywall,Paywall,150,150,Paywall,300,165,150,150,Paywall,275,855,150,150,150,225,Paywall,150,150,Paywall,Paywall,Paywall,150,Paywall
"Hernandez, Cristian",MIA,SS,694183,22.3,2021 FA,A+,R/R,"6'2"" 175",464,298.84,168,Paywall,Paywall,150,150,Paywall,300,165,150,150,Paywall,900,379,150,150,150,225,Paywall,150,150,Paywall,Paywall,Paywall,150,Paywall
"Pacheco, Izaac",DET,SS,691789,23.4,2021 #39,A+,L/R,"6'3"" 225",465,298.88,168,Paywall,Paywall,150,150,Paywall,300,165,150,150,Paywall,491,375,150,150,150,225,Paywall,150,150,Paywall,Paywall,Paywall,150,Paywall
"Gray, Taitn",TB,C,828685,18.8,2025 #86,,S/R,"6'4"" 220",466,298.92,168,Paywall,Paywall,150,150,Paywall,300,165,150,150,Paywall,900,326,150,150,150,225,Paywall,150,150,Paywall,Paywall,Paywall,150,Paywall
"Moss, Callan",PIT,1B,801978,22.6,2024 FA,A+,R/R,"6'3"" 225",467,299.00,168,Paywall,Paywall,150,150,Paywall,300,165,150,150,Paywall,403,542,150,150,150,225,Paywall,150,150,Paywall,Paywall,Paywall,150,Paywall
"Anderson, Jose",MIL,OF,821262,19.3,2024 FA,A,R/R,"6'0"" 183",468,299.20,168,Paywall,Paywall,150,150,Paywall,300,165,150,150,Paywall,900,517,150,150,150,225,Paywall,150,150,Paywall,Paywall,Paywall,150,Paywall
"Keys, Sean",TOR,3B,815873,22.8,2024 #125,A+,L/R,"6'2"" 232",469,299.36,168,Paywall,Paywall,150,150,Paywall,300,165,150,150,Paywall,900,390,150,150,150,225,Paywall,150,150,Paywall,Paywall,Paywall,150,Paywall
"Kudrna, Ben",KC,P,695667,23.2,2021 #43,AAA,R/R,"6'3"" 175",470,299.40,168,Paywall,Paywall,150,150,Paywall,300,165,150,150,Paywall,260,855,150,150,150,225,Paywall,150,150,Paywall,Paywall,Paywall,150,Paywall
"Baez, Luis",HOU,OF,800232,22.2,2022 FA,AA,R/R,"6'1"" 225",471,299.96,168,Paywall,Paywall,150,150,Paywall,300,165,150,150,Paywall,313,855,150,150,150,225,Paywall,150,150,Paywall,Paywall,Paywall,150,Paywall
"Solarte, Santiago",MIA,SS,836594,17.3,2026 FA,,L/R,"6'5"" 200",472,300.00,168,Paywall,Paywall,150,150,Paywall,300,165,150,150,Paywall,900,172,150,150,150,225,Paywall,150,150,Paywall,Paywall,Paywall,150,Paywall
"Fermin, Albert",HOU,SS,837522,17.1,2026 FA,,S/R,"6'3"" 190",473,300.28,168,Paywall,Paywall,150,150,Paywall,300,165,150,150,Paywall,900,498,150,150,150,225,Paywall,150,150,Paywall,Paywall,Paywall,150,Paywall
"Abel, Mick",MIN,P,690953,24.6,2020 #15,MLB,R/R,"6'5"" 190",474,300.48,168,Paywall,Paywall,150,150,Paywall,300,165,150,150,Paywall,900,148,150,150,150,225,Paywall,150,150,Paywall,Paywall,Paywall,150,Paywall
"Crow, Coleman",MIL,P,689441,25.2,2019 #841,AAA,R/R,"6'0"" 175",475,302.40,168,Paywall,Paywall,150,150,Paywall,300,165,150,150,Paywall,523,525,150,150,150,225,Paywall,150,150,Paywall,Paywall,Paywall,150,Paywall
"Teodo, Emiliano",TEX,P,693713,25.1,2020 FA,AAA,R/R,"6'1"" 165",476,303.12,168,Paywall,Paywall,150,150,Paywall,300,165,150,150,Paywall,404,855,150,150,150,225,Paywall,150,150,Paywall,Paywall,Paywall,150,Paywall
"McDonald, Trevor",SF,P,686790,25.1,2019 #326,MLB,R/R,"6'2"" 201",477,303.20,168,Paywall,Paywall,150,150,Paywall,300,165,150,150,Paywall,900,855,150,150,150,225,Paywall,150,150,Paywall,Paywall,Paywall,150,Paywall
"Beam, Drew",KC,P,701795,23.1,2024 #76,A+,R/R,"6'4"" 208",478,303.96,168,Paywall,Paywall,150,150,Paywall,300,165,150,150,Paywall,432,511,150,150,150,225,Paywall,150,150,Paywall,Paywall,Paywall,150,Paywall
"Shores, Chase",LAA,P,702274,21.8,2025 #47,,R/R,"6'8"" 245",479,304.76,168,Paywall,Paywall,150,150,Paywall,300,165,150,150,Paywall,900,493,150,150,150,225,Paywall,150,150,Paywall,Paywall,Paywall,150,Paywall
"Taylor, Brayden",TB,SS,694966,23.8,2023 #19,AA,L/R,"6'0"" 180",480,304.84,168,Paywall,Paywall,150,150,Paywall,300,165,150,150,Paywall,106,855,150,150,150,225,Paywall,150,150,Paywall,Paywall,Paywall,150,Paywall
"Dzierwa, Joseph",BAL,P,804530,21.9,2025 #58,R,R/L,"6'8"" 200",481,305.84,168,Paywall,Paywall,150,150,Paywall,300,165,150,150,Paywall,900,329,150,150,150,225,Paywall,150,150,Paywall,Paywall,Paywall,150,Paywall
"De La Torre, Luis",SF,P,815219,22.6,2023 FA,A,L/L,"6'0"" 188",482,305.88,168,Paywall,Paywall,150,150,Paywall,300,165,150,150,Paywall,395,855,150,150,150,225,Paywall,150,150,Paywall,Paywall,Paywall,150,Paywall
"Baumann, Garrett",ATL,P,803833,21.6,2023 #126,A+,L/R,"6'8"" 245",483,305.96,168,Paywall,Paywall,150,150,Paywall,300,165,150,150,Paywall,479,855,150,150,150,225,Paywall,150,150,Paywall,Paywall,Paywall,150,Paywall
"Cayama, Argenis",SF,P,821783,19.5,2024 FA,A,R/R,"6'1"" 180",484,306.28,168,Paywall,Paywall,150,150,Paywall,300,165,150,150,Paywall,900,560,150,150,150,225,Paywall,150,150,Paywall,Paywall,Paywall,150,Paywall
"Morales, Luis",ATH,P,806960,23.5,2023 FA,MLB,R/R,"6'3"" 200",485,306.44,168,Paywall,Paywall,150,150,Paywall,300,165,150,150,Paywall,900,81,150,150,150,225,Paywall,150,20,Paywall,Paywall,Paywall,150,Paywall
"Rodriguez, Yophery",BOS,OF,806983,20.3,2023 FA,A+,L/L,"6'1"" 185",485,306.44,168,Paywall,Paywall,150,150,Paywall,300,165,150,150,Paywall,168,855,150,150,150,225,Paywall,150,150,Paywall,Paywall,Paywall,150,Paywall
"Arana, Luis",MIA,SS,829854,18.0,2025 FA,R,S/R,"5'10"" 154",487,306.52,168,Paywall,Paywall,150,150,Paywall,300,165,150,150,Paywall,900,488,150,150,150,225,Paywall,150,150,Paywall,Paywall,Paywall,150,Paywall
"Morris, Andrew",MIN,P,702193,24.6,2022 #114,AAA,R/R,"6'0"" 195",488,306.72,168,Paywall,Paywall,150,150,Paywall,300,165,150,150,Paywall,371,855,150,150,150,225,Paywall,150,150,Paywall,Paywall,Paywall,150,Paywall
"Serrano, Eli III",NYM,OF,702501,22.9,2024 #111,A+,L/L,"6'5"" 201",489,307.04,168,Paywall,Paywall,150,150,Paywall,300,165,150,150,Paywall,900,855,150,150,150,225,Paywall,150,150,Paywall,Paywall,Paywall,150,Paywall
"Spence, Lucas",HOU,OF,828599,23.2,2024 FA,AA,L/L,"6'1"" 195",490,307.48,168,Paywall,Paywall,150,150,Paywall,300,165,150,150,Paywall,900,855,150,150,150,225,Paywall,150,150,Paywall,Paywall,Paywall,150,Paywall
"Willems, Creed",BAL,C,695735,22.8,2021 #227,AA,L/R,"5'11"" 225",491,307.92,168,Paywall,Paywall,150,150,Paywall,300,165,150,150,Paywall,284,454,150,150,150,225,Paywall,150,150,Paywall,Paywall,Paywall,150,Paywall
"Bullard, Blaine",TOR,OF,828557,19.6,2025 #352,,S/L,"6'2"" 180",492,308.00,168,Paywall,Paywall,150,150,Paywall,300,165,150,150,Paywall,900,427,150,150,150,225,Paywall,150,150,Paywall,Paywall,Paywall,150,Paywall
"Furman, Nate",SF,2B,801501,24.7,2022 #121,AA,L/R,"5'8"" 180",493,308.04,168,Paywall,Paywall,150,150,Paywall,300,165,150,150,Paywall,252,424,150,150,150,225,Paywall,150,150,Paywall,Paywall,Paywall,150,Paywall
"Quinn-Irons, James",TB,OF,833397,22.7,2025 #147,A,R/R,"6'5"" 230",494,308.08,168,Paywall,Paywall,150,150,Paywall,300,165,150,150,Paywall,900,410,150,150,150,225,Paywall,150,150,Paywall,Paywall,Paywall,150,Paywall
"Kuroda-Grauer, Joshua",ATH,SS,811965,23.1,2024 #75,AA,R/R,"6'0"" 205",495,308.16,168,Paywall,Paywall,150,150,Paywall,300,165,150,150,Paywall,373,855,150,150,150,225,Paywall,150,150,Paywall,Paywall,Paywall,150,Paywall
"Lantigua, Arnaldo",CIN,OF,806984,20.3,2023 FA,A,R/R,"6'2"" 200",496,308.40,168,Paywall,Paywall,150,150,Paywall,300,165,150,150,Paywall,900,516,150,150,150,225,Paywall,150,150,Paywall,Paywall,Paywall,150,Paywall
"Mayer, Marcelo",BOS,3B,691785,23.3,2021 #4,MLB,L/R,"6'3"" 188",497,308.56,168,Paywall,Paywall,150,150,Paywall,300,165,150,150,Paywall,900,26,150,150,150,225,Paywall,150,150,91,Paywall,Paywall,150,Paywall
"Serrano, Samil",WAS,OF,836603,17.4,2026 FA,,L/L,"6'3"" 173",498,308.68,168,Paywall,Paywall,150,150,Paywall,300,165,150,150,Paywall,900,504,150,150,150,225,Paywall,150,150,Paywall,Paywall,Paywall,150,Paywall
"Delgado, Keiner",PIT,2B,700731,22.2,2021 FA,A+,S/R,"5'7"" 145",498,308.68,168,Paywall,Paywall,150,150,Paywall,300,165,150,150,Paywall,274,855,150,150,150,225,Paywall,150,150,Paywall,Paywall,Paywall,150,Paywall
"Fountain, Kale",SD,3B,806495,20.6,2024 #151,A,R/R,"6'5"" 225",500,309.04,168,Paywall,Paywall,150,150,Paywall,300,165,150,150,Paywall,394,855,150,150,150,225,Paywall,150,150,Paywall,Paywall,Paywall,150,Paywall
"Cook, Jake",TOR,OF,834404,22.7,2025 #81,,L/L,"6'3"" 185",500,309.04,168,Paywall,Paywall,150,150,Paywall,300,165,150,150,Paywall,900,566,150,150,150,225,Paywall,150,150,Paywall,Paywall,Paywall,150,Paywall
"Morel, Darell",PIT,SS,829716,18.5,2025 FA,R,L/R,"6'4"" 180",502,309.48,168,Paywall,Paywall,150,150,Paywall,300,165,150,150,Paywall,900,387,150,150,150,225,Paywall,150,150,Paywall,Paywall,Paywall,150,Paywall
"Griffin, Foster",WAS,P,656492,30.7,2014 #28,MLB,R/L,"6'3"" 225",503,309.76,168,Paywall,Paywall,150,150,Paywall,300,165,150,150,Paywall,900,264,150,150,150,225,Paywall,150,150,Paywall,Paywall,Paywall,150,Paywall
"Sime, Miguel Jr.",WAS,P,828137,18.9,2025 #111,,R/R,"6'4"" 235",503,309.76,168,Paywall,Paywall,150,150,Paywall,300,165,150,150,Paywall,900,328,150,150,150,225,Paywall,150,150,Paywall,Paywall,Paywall,150,Paywall
"Lin, Chen-Wei",STL,P,813820,24.3,2023 FA,AA,R/R,"6'7"" 188",505,310.04,168,Paywall,Paywall,150,150,Paywall,300,165,150,150,Paywall,505,855,150,150,150,225,Paywall,150,150,Paywall,Paywall,Paywall,150,Paywall
"Acosta, Maximo",MIA,SS,691185,23.4,2019 FA,MLB,R/R,"5'11"" 187",506,310.08,168,Paywall,Paywall,150,150,Paywall,300,165,150,150,Paywall,900,396,150,150,150,225,Paywall,150,150,Paywall,Paywall,Paywall,150,Paywall
"Amick, Billy",MIN,3B,701771,23.4,2024 #60,A+,R/R,"6'1"" 220",507,310.24,168,Paywall,Paywall,150,150,Paywall,300,165,150,150,Paywall,194,855,150,150,150,225,Paywall,150,150,Paywall,Paywall,Paywall,150,Paywall
"Beltre, Eduardo",MIN,OF,815924,19.5,2024 FA,A,R/R,"5'11"" 175",508,310.60,168,Paywall,Paywall,150,150,Paywall,300,165,150,150,Paywall,503,855,150,150,150,225,Paywall,150,150,Paywall,Paywall,Paywall,150,Paywall
"Lopez, Leandro",TEX,P,699214,23.8,2021 FA,AA,R/R,"6'1"" 200",509,310.72,168,Paywall,Paywall,150,150,Paywall,300,165,150,150,Paywall,900,855,150,150,150,225,Paywall,150,150,Paywall,Paywall,Paywall,150,Paywall
"Boeve, Mike",MIL,3B,801670,23.9,2023 #54,AA,L/R,"6'1"" 210",510,311.16,168,Paywall,Paywall,150,150,Paywall,300,165,150,150,Paywall,249,855,150,150,150,225,Paywall,150,150,Paywall,Paywall,Paywall,150,Paywall
"Mogollon, Javier",CHW,2B,808684,20.4,2023 FA,A,R/R,"5'8"" 160",511,311.84,168,Paywall,Paywall,150,150,Paywall,300,165,150,150,Paywall,900,556,150,150,150,225,Paywall,150,150,Paywall,Paywall,Paywall,150,Paywall
"Torin, Cristofer",ARI,SS,800198,20.8,2022 FA,AA,R/R,"5'10"" 155",512,311.96,168,Paywall,Paywall,150,150,Paywall,300,165,150,150,Paywall,296,855,150,150,150,225,Paywall,150,150,Paywall,Paywall,Paywall,150,Paywall
"Plaz, Axiel",PIT,C,800208,20.6,2022 FA,A+,R/R,"5'11"" 165",513,312.32,168,Paywall,Paywall,150,150,Paywall,300,165,150,150,Paywall,900,319,150,150,150,225,Paywall,150,150,Paywall,Paywall,Paywall,150,Paywall
"Baez, Henry",ATH,P,692013,23.5,2019 FA,AA,R/R,"6'3"" 175",514,312.52,168,Paywall,Paywall,150,150,Paywall,300,165,150,150,Paywall,468,855,150,150,150,225,Paywall,150,150,Paywall,Paywall,Paywall,150,Paywall
"Dana, Caden",LAA,P,702674,22.3,2022 #328,MLB,L/R,"6'4"" 215",515,313.08,168,Paywall,Paywall,150,150,Paywall,300,165,150,150,Paywall,248,405,150,150,150,225,Paywall,150,150,Paywall,Paywall,Paywall,150,Paywall
"Baumeister, Jackson",TB,P,691765,23.7,2023 #63,AA,R/R,"6'4"" 224",516,313.32,168,Paywall,Paywall,150,150,Paywall,300,165,150,150,Paywall,381,855,150,150,150,225,Paywall,150,150,Paywall,Paywall,Paywall,150,Paywall
"Melton, Troy",DET,P,675512,25.3,2022 #117,MLB,R/R,"6'4"" 210",517,313.36,168,Paywall,Paywall,150,150,Paywall,300,165,150,150,Paywall,900,100,150,150,150,225,Paywall,150,150,Paywall,Paywall,Paywall,150,Paywall
"Cruz, Humberto",SD,P,814232,19.3,2024 FA,A,R/R,"6'1"" 170",518,313.52,168,Paywall,Paywall,150,150,Paywall,300,165,150,150,Paywall,493,855,150,150,150,225,Paywall,150,150,Paywall,Paywall,Paywall,150,Paywall
"Matic, Richard",NYY,3B,821043,18.7,2024 FA,R,R/R,"6'0"" 200",519,313.60,168,Paywall,Paywall,150,150,Paywall,300,165,150,150,Paywall,900,521,150,150,150,225,Paywall,150,150,Paywall,Paywall,Paywall,150,Paywall
"Quintana, Jorge",SD,SS,815894,19.0,2024 FA,A,S/R,"6'2"" 183",520,313.76,168,Paywall,Paywall,150,150,Paywall,300,165,150,150,Paywall,900,486,150,150,150,225,Paywall,150,150,Paywall,Paywall,Paywall,150,Paywall
"Whitman, Joe",SF,P,802126,24.5,2023 #69,AA,L/L,"6'5"" 200",521,314.44,168,Paywall,Paywall,150,150,Paywall,300,165,150,150,Paywall,900,855,150,150,150,225,Paywall,150,150,Paywall,Paywall,Paywall,150,Paywall
"Dohm, Nate",STL,P,702296,23.2,2024 #82,A+,R/R,"6'4"" 210",522,314.56,168,Paywall,Paywall,150,150,Paywall,300,165,150,150,Paywall,900,449,150,150,150,225,Paywall,150,150,Paywall,Paywall,Paywall,150,Paywall
"Rodriguez, Gabriel",CLE,SS,821657,18.9,2024 FA,R,L/R,"6'0"" 161",522,314.56,168,Paywall,Paywall,150,150,Paywall,300,165,150,150,Paywall,500,397,150,150,150,225,Paywall,150,150,Paywall,Paywall,Paywall,150,Paywall
"Sullivan, Sean",COL,P,807743,23.7,2023 #46,AA,R/L,"6'4"" 190",524,314.60,168,Paywall,Paywall,150,150,Paywall,300,165,150,150,Paywall,153,855,150,150,150,225,Paywall,150,150,Paywall,Paywall,Paywall,150,Paywall
"Hernandez, Joniel",SD,SS,836592,17.1,2026 FA,,R/R,"6'1"" 180",525,314.72,168,Paywall,Paywall,150,150,Paywall,300,165,150,150,Paywall,900,499,150,150,150,225,Paywall,150,150,Paywall,Paywall,Paywall,150,Paywall
"Robinson, Kristian",ARI,OF,677565,25.3,2017 FA,AAA,R/R,"6'3"" 190",526,315.04,168,Paywall,Paywall,150,150,Paywall,300,165,150,150,Paywall,565,855,150,150,150,225,Paywall,150,150,Paywall,Paywall,Paywall,150,Paywall
"Neighbors, Tyson",BAL,P,695695,23.5,2024 #118,AA,R/R,"6'2"" 220",527,315.12,168,Paywall,Paywall,150,150,Paywall,300,165,150,150,Paywall,212,855,150,150,150,225,Paywall,150,150,Paywall,Paywall,Paywall,150,Paywall
"Hartle, Josh",CLE,P,691776,23.0,2024 #83,AA,L/L,"6'6"" 207",528,316.12,168,Paywall,Paywall,150,150,Paywall,300,165,150,150,Paywall,288,855,150,150,150,225,Paywall,150,150,Paywall,Paywall,Paywall,150,Paywall
"Ledbetter, Colton",TB,OF,807742,24.4,2023 #55,AA,L/R,"6'1"" 205",529,316.24,168,Paywall,Paywall,150,150,Paywall,300,165,150,150,Paywall,253,855,150,150,150,225,Paywall,150,150,Paywall,Paywall,Paywall,150,Paywall
"Essenburg, Conor",ATL,P,828148,19.5,2025 #157,,R/L,"6'2"" 200",530,316.40,168,Paywall,Paywall,150,150,Paywall,300,165,150,150,Paywall,900,467,150,150,150,225,Paywall,150,150,Paywall,Paywall,Paywall,150,Paywall
"Paez, Jedixson",BOS,P,699151,22.2,2021 FA,A+,R/R,"6'1"" 170",531,316.68,168,Paywall,Paywall,150,150,Paywall,300,165,150,150,Paywall,471,362,150,150,150,225,Paywall,150,150,Paywall,Paywall,Paywall,150,Paywall
"De Los Santos, Johan",PIT,SS,829059,17.7,2025 FA,R,L/R,"5'11"" 165",531,316.68,168,Paywall,Paywall,150,150,Paywall,300,165,150,150,Paywall,900,500,150,150,150,225,Paywall,150,150,Paywall,Paywall,Paywall,150,Paywall
"Horvath, Mac",TB,3B,690991,24.7,2023 #53,A+,R/R,"6'0"" 195",533,316.96,168,Paywall,Paywall,150,150,Paywall,300,165,150,150,Paywall,223,855,150,150,150,225,Paywall,150,150,Paywall,Paywall,Paywall,150,Paywall
"Wideman, Ryan",SD,OF,834240,22.4,2025 #99,A,R/R,"6'5"" 204",534,317.52,168,Paywall,Paywall,150,150,Paywall,300,165,150,150,Paywall,900,519,150,150,150,225,Paywall,150,150,Paywall,Paywall,Paywall,150,Paywall
"Smith, Cade",NYY,P,694696,24.0,2023 #192,A+,L/R,"6'1"" 190",535,317.64,168,Paywall,Paywall,150,150,Paywall,300,165,150,150,Paywall,900,855,150,150,150,225,Paywall,150,150,Paywall,Paywall,Paywall,150,Paywall
"Gray, Murf",PIT,3B,809092,22.2,2025 #73,,R/R,"6'4"" 230",536,317.68,168,Paywall,Paywall,150,150,Paywall,300,165,150,150,Paywall,900,426,150,150,150,225,Paywall,150,150,Paywall,Paywall,Paywall,150,Paywall
"Pitts, Eli",CIN,OF,812503,19.3,2025 #145,,R/R,"6'1"" 185",537,317.92,168,Paywall,Paywall,150,150,Paywall,300,165,150,150,Paywall,900,466,150,150,150,225,Paywall,150,150,Paywall,Paywall,Paywall,150,Paywall
"Bohorquez, Adrian",MIN,P,807974,21.1,2023 FA,A+,R/R,"6'1"" 190",538,318.36,168,Paywall,Paywall,150,150,Paywall,300,165,150,150,Paywall,900,855,150,150,150,225,Paywall,150,150,Paywall,Paywall,Paywall,150,Paywall
"Lombardi, Michael",KC,P,813533,22.5,2025 #61,,R/R,"6'3"" 201",538,318.36,168,Paywall,Paywall,150,150,Paywall,300,165,150,150,Paywall,900,471,150,150,150,225,Paywall,150,150,Paywall,Paywall,Paywall,150,Paywall
"Brecht, Brody",COL,P,701679,23.5,2024 #38,A,R/R,"6'4"" 235",540,318.80,168,Paywall,Paywall,150,150,Paywall,300,165,150,150,Paywall,170,855,150,150,150,225,Paywall,150,150,Paywall,Paywall,Paywall,150,Paywall
"Perkins, Jack",ATH,P,678022,26.2,2022 #154,MLB,R/R,"6'1"" 220",541,319.12,168,Paywall,Paywall,150,150,Paywall,300,165,150,150,Paywall,900,80,150,150,150,225,Paywall,150,150,Paywall,Paywall,Paywall,150,Paywall
"Aldegheri, Sam",LAA,P,691951,24.5,2019 FA,MLB,L/L,"6'1"" 210",542,319.64,168,Paywall,Paywall,150,150,Paywall,300,165,150,150,Paywall,438,855,150,150,150,225,Paywall,150,150,Paywall,Paywall,Paywall,150,Paywall
"Rodriguez, Jesus",SF,C,686679,23.9,2018 FA,AAA,R/R,"5'10"" 208",543,320.04,168,Paywall,Paywall,150,150,Paywall,300,165,150,150,Paywall,222,855,150,150,150,225,Paywall,150,150,Paywall,Paywall,Paywall,150,Paywall
"Maxwell, Zach",CIN,P,687209,25.2,2022 #183,MLB,R/R,"6'6"" 275",544,320.52,168,Paywall,Paywall,150,150,Paywall,300,165,150,150,Paywall,900,855,150,150,150,225,Paywall,150,150,Paywall,Paywall,Paywall,150,Paywall
"Roque, Ariel",BAL,OF,836596,17.4,2026 FA,,L/R,"6'0"" 190",545,320.96,168,Paywall,Paywall,150,150,Paywall,300,165,150,150,Paywall,900,509,150,150,150,225,Paywall,150,150,Paywall,Paywall,Paywall,150,Paywall
"Sanchez, Jordan",BAL,OF,820847,20.5,2023 FA,A,L/L,"6'1"" 176",546,321.40,168,Paywall,Paywall,150,150,Paywall,300,165,150,150,Paywall,900,855,150,150,150,225,Paywall,150,150,Paywall,Paywall,Paywall,150,Paywall
"Hurd, Thatcher",NYY,P,695765,23.3,2024 #89,,R/R,"6'4"" 230",547,321.88,168,Paywall,Paywall,150,150,Paywall,300,165,150,150,Paywall,900,855,150,150,150,225,Paywall,150,150,Paywall,Paywall,Paywall,150,Paywall
"Davis, Chase",STL,OF,690971,24.3,2023 #21,AA,L/L,"6'1"" 216",548,322.88,168,Paywall,Paywall,150,150,Paywall,300,165,150,150,Paywall,333,855,150,150,150,225,Paywall,150,150,Paywall,Paywall,Paywall,150,Paywall
"Thomas, Colby",ATH,OF,687515,25.2,2022 #95,MLB,R/R,"5'10"" 190",549,323.28,168,Paywall,Paywall,150,150,Paywall,300,165,150,150,Paywall,900,166,150,150,150,225,Paywall,150,150,104,Paywall,Paywall,150,Paywall
"Moss, Dean",TB,OF,815830,19.9,2025 #67,,L/R,"6'0"" 180",550,323.44,168,Paywall,Paywall,150,150,Paywall,300,165,150,150,Paywall,900,403,150,150,150,225,Paywall,150,150,Paywall,Paywall,Paywall,150,Paywall
"Witherspoon, Malachi",DET,P,802412,21.6,2025 #62,,R/R,"6'3"" 211",550,323.44,168,Paywall,Paywall,150,150,Paywall,300,165,150,150,Paywall,900,472,150,150,150,225,Paywall,150,150,Paywall,Paywall,Paywall,150,Paywall
"Santana, Paulino",TEX,OF,815889,19.4,2024 FA,A,R/R,"6'2"" 180",552,323.72,168,Paywall,Paywall,150,150,Paywall,300,165,150,150,Paywall,900,855,150,150,150,225,Paywall,150,150,Paywall,Paywall,Paywall,150,Paywall
"Scott, Christian",NYM,P,681035,26.8,2021 #142,MLB,R/R,"6'4"" 215",553,323.84,168,Paywall,Paywall,150,150,Paywall,300,165,150,150,Paywall,900,121,150,150,150,225,Paywall,150,150,Paywall,Paywall,Paywall,150,Paywall
"Keegan, Dominic",TB,C,681371,25.6,2022 #134,AAA,R/R,"6'0"" 210",554,323.92,168,Paywall,Paywall,150,150,Paywall,300,165,150,150,Paywall,900,417,150,150,150,225,Paywall,150,150,Paywall,Paywall,Paywall,150,Paywall
"Oliveto, Michael",DET,C,834672,19.1,2025 #34,,L/R,"6'3"" 185",555,324.00,168,Paywall,Paywall,150,150,Paywall,300,165,150,150,Paywall,900,297,150,150,150,225,Paywall,150,150,Paywall,Paywall,Paywall,150,Paywall
"Figueroa, Victor",BAL,1B,809372,22.2,2024 #540,A+,L/R,"6'5"" 240",556,324.24,168,Paywall,Paywall,150,150,Paywall,300,165,150,150,Paywall,900,453,150,150,150,225,Paywall,150,150,Paywall,Paywall,Paywall,150,Paywall
"Hackenberg, Drue",ATL,P,802357,24.0,2023 #59,AA,R/R,"6'2"" 220",557,324.36,168,Paywall,Paywall,150,150,Paywall,300,165,150,150,Paywall,497,855,150,150,150,225,Paywall,150,150,Paywall,Paywall,Paywall,150,Paywall
"Piasentin, Tim",TOR,3B,815992,19.0,2025 #143,,L/R,"6'3"" 200",558,324.40,168,Paywall,Paywall,150,150,Paywall,300,165,150,150,Paywall,900,294,150,150,150,225,Paywall,150,150,Paywall,Paywall,Paywall,150,Paywall
"Cabrera, Jean",PHI,P,691893,24.4,2019 FA,AA,R/R,"6'0"" 145",559,324.52,168,Paywall,Paywall,150,150,Paywall,300,165,150,150,Paywall,401,855,150,150,150,225,Paywall,150,150,Paywall,Paywall,Paywall,150,Paywall
"Arias, Roderick",NYY,SS,703179,21.5,2022 FA,A,S/R,"6'0"" 178",559,324.52,168,Paywall,Paywall,150,150,Paywall,300,165,150,150,Paywall,430,855,150,150,150,225,Paywall,150,150,Paywall,Paywall,Paywall,150,Paywall
"Cabada, Juan",CHC,SS,829040,17.9,2025 FA,R,L/R,"5'10"" 165",561,324.56,168,Paywall,Paywall,150,150,Paywall,300,165,150,150,Paywall,322,423,150,150,150,225,Paywall,150,150,Paywall,Paywall,Paywall,150,Paywall
"Culpepper, C.J.",MIN,P,690217,24.4,2022 #384,AA,R/R,"6'3"" 193",562,324.68,168,Paywall,Paywall,150,150,Paywall,300,165,150,150,Paywall,515,855,150,150,150,225,Paywall,150,150,Paywall,Paywall,Paywall,150,Paywall
"Soler, Yassel",ARI,3B,807957,20.2,2023 FA,A,R/R,"5'11"" 185",563,324.80,168,Paywall,Paywall,150,150,Paywall,300,165,150,150,Paywall,447,393,150,150,150,225,Paywall,150,150,Paywall,Paywall,Paywall,150,Paywall
"Bergolla, William Jr.",CHW,2B,703151,21.4,2022 FA,AA,L/R,"5'9"" 165",564,324.92,168,Paywall,Paywall,150,150,Paywall,199,165,150,150,Paywall,290,272,150,150,150,225,Paywall,150,150,Paywall,Paywall,Paywall,150,Paywall
"Castro, Allan",BOS,OF,691369,22.8,2019 FA,AA,S/R,"6'1"" 170",565,325.00,168,Paywall,Paywall,150,150,Paywall,300,165,150,150,Paywall,326,855,150,150,150,225,Paywall,150,150,Paywall,Paywall,Paywall,150,Paywall
"Yoho, Craig",MIL,P,684974,26.4,2023 #242,MLB,R/R,"6'2"" 235",566,325.04,168,Paywall,Paywall,150,150,Paywall,300,165,150,150,Paywall,900,855,150,150,150,225,Paywall,150,150,Paywall,Paywall,Paywall,150,Paywall
"Holobetz, John",BOS,P,827292,23.7,2024 #156,AA,R/R,"6'3"" 190",566,325.04,168,Paywall,Paywall,150,150,Paywall,300,165,150,150,Paywall,600,855,150,150,150,225,Paywall,150,150,Paywall,Paywall,Paywall,150,Paywall
"Carr, Kyle",NYY,P,694805,23.9,2023 #97,AA,L/L,"6'1"" 175",568,325.32,168,Paywall,Paywall,150,150,Paywall,300,165,150,150,Paywall,900,855,150,150,150,225,Paywall,150,150,Paywall,Paywall,Paywall,150,Paywall
"Bush, Homer Jr.",TB,OF,683344,24.4,2023 #128,AA,R/R,"6'2"" 200",569,325.52,168,Paywall,Paywall,150,150,Paywall,300,165,150,150,Paywall,588,513,150,150,150,225,Paywall,150,150,Paywall,Paywall,Paywall,150,Paywall
"Gutierrez, Carlos",SF,OF,806872,21.6,2023 FA,A,L/R,"5'10"" 174",570,325.68,168,Paywall,Paywall,150,150,Paywall,300,165,150,150,Paywall,279,855,150,150,150,225,Paywall,150,150,Paywall,Paywall,Paywall,150,Paywall
"Horton, Jeyson",LAA,SS,836588,17.1,2026 FA,,L/R,"5'9"" 167",571,326.36,168,Paywall,Paywall,150,150,Paywall,300,165,150,150,Paywall,900,464,150,150,150,225,Paywall,150,150,Paywall,Paywall,Paywall,150,Paywall
"Knoth, Josh",MIL,P,805807,20.6,2023 #33,A,R/R,"6'1"" 190",571,326.36,168,Paywall,Paywall,150,150,Paywall,300,165,150,150,Paywall,396,855,150,150,150,225,Paywall,150,150,Paywall,Paywall,Paywall,150,Paywall
"Marquez, Ramon",PHI,P,827408,20.5,2025 FA,A,R/R,"6'2"" 182",573,326.40,168,Paywall,Paywall,150,150,Paywall,300,165,150,150,Paywall,900,483,150,150,150,225,Paywall,150,150,Paywall,Paywall,Paywall,150,Paywall
"Custodio, Jeancer",PIT,OF,836586,17.4,2026 FA,,R/R,"5'10"" 202",574,326.56,168,Paywall,Paywall,150,150,Paywall,300,165,150,150,Paywall,900,470,150,150,150,225,Paywall,150,150,Paywall,Paywall,Paywall,150,Paywall
"Valera, George",CLE,OF,671655,25.4,2017 FA,MLB,L/L,"5'10"" 195",575,327.68,168,Paywall,Paywall,150,150,Paywall,300,165,150,150,Paywall,900,338,150,150,150,225,Paywall,150,150,Paywall,Paywall,Paywall,150,Paywall
"Morel, Braylin",TEX,OF,808281,20.2,2023 FA,A,R/R,"6'2"" 180",576,327.76,168,Paywall,Paywall,150,150,Paywall,300,165,150,150,Paywall,367,855,150,150,150,225,Paywall,150,150,Paywall,Paywall,Paywall,150,Paywall
"Olivar, Ricardo",MIN,C,691627,24.6,2019 FA,AA,R/R,"5'10"" 176",576,327.76,168,Paywall,Paywall,150,150,Paywall,300,165,150,150,Paywall,243,855,150,150,150,225,Paywall,150,150,Paywall,Paywall,Paywall,150,Paywall
"Guerrero, Wilton Jr.",PIT,SS,836595,16.8,2026 FA,,R/R,"5'10"" 153",578,328.32,168,Paywall,Paywall,150,150,Paywall,300,165,150,150,Paywall,900,465,150,150,150,225,Paywall,150,150,Paywall,Paywall,Paywall,150,Paywall
"Arias, Victor",TOR,OF,692478,22.6,2019 FA,AA,L/L,"5'9"" 150",578,328.32,168,Paywall,Paywall,150,150,Paywall,300,165,150,150,Paywall,900,855,150,150,150,225,Paywall,150,150,Paywall,Paywall,Paywall,150,Paywall
"Gilbert, Drew",SF,OF,687551,25.5,2022 #28,MLB,L/L,"5'9"" 195",580,328.56,168,Paywall,Paywall,150,150,Paywall,300,165,150,150,Paywall,900,855,150,150,150,225,Paywall,150,150,Paywall,Paywall,Paywall,150,Paywall
"Hoglund, Gunnar",ATH,P,680684,26.3,2021 #19,MLB,L/R,"6'4"" 220",581,328.96,168,Paywall,Paywall,150,150,Paywall,300,165,150,150,Paywall,900,855,150,150,150,225,Paywall,150,150,Paywall,Paywall,Paywall,150,Paywall
"Brito, Josue",BOS,OF,821147,19.0,2024 FA,R,R/R,"6'0"" 175",581,328.96,168,Paywall,Paywall,150,150,Paywall,300,165,150,150,Paywall,900,535,150,150,150,225,Paywall,150,150,Paywall,Paywall,Paywall,150,Paywall
"Herring, Griffin",COL,P,702622,22.9,2024 #181,A+,R/L,"6'2"" 196",583,329.48,168,Paywall,Paywall,150,150,Paywall,300,165,150,150,Paywall,377,855,150,150,150,225,Paywall,150,150,Paywall,Paywall,Paywall,150,Paywall
"Musgrove, Tucker",SD,P,814491,24.1,2023 #221,A,R/R,"6'3"" 175",584,329.64,168,Paywall,Paywall,150,150,Paywall,300,165,150,150,Paywall,900,855,150,150,150,225,Paywall,150,150,Paywall,Paywall,Paywall,150,Paywall
"Santana, Randy",DET,OF,836597,17.5,2026 FA,,R/R,"6'3"" 184",585,330.00,168,Paywall,Paywall,150,150,Paywall,300,165,150,150,Paywall,900,532,150,150,150,225,Paywall,150,150,Paywall,Paywall,Paywall,150,Paywall
"Raya, Marco",MIN,P,694397,23.6,2020 #128,AAA,R/R,"6'1"" 170",586,330.04,168,Paywall,Paywall,150,150,Paywall,300,165,150,150,Paywall,517,855,150,150,150,225,Paywall,150,150,Paywall,Paywall,Paywall,150,Paywall
"Gallagher, Ryan",MIN,P,801594,23.2,2024 #182,AA,L/R,"6'3"" 195",587,330.76,168,Paywall,Paywall,150,150,Paywall,300,165,150,150,Paywall,900,855,150,150,150,225,Paywall,150,150,Paywall,Paywall,Paywall,150,Paywall
"Franklin, Christian",WAS,OF,681047,26.3,2021 #123,AAA,R/R,"5'9"" 195",588,330.92,168,Paywall,Paywall,150,150,Paywall,300,165,150,150,Paywall,900,855,150,150,150,225,Paywall,150,150,Paywall,Paywall,Paywall,150,Paywall
"Garcia, Jogly",CLE,P,805702,22.5,2022 FA,A+,R/R,"6'1"" 170",589,331.00,168,Paywall,Paywall,150,150,Paywall,300,165,150,150,Paywall,286,855,150,150,150,225,Paywall,150,150,Paywall,Paywall,Paywall,150,Paywall
"Morris, Kade",ATH,P,695034,23.8,2023 #101,AAA,R/R,"6'3"" 190",590,331.04,168,Paywall,Paywall,150,150,Paywall,300,165,150,150,Paywall,900,855,150,150,150,225,Paywall,150,150,Paywall,Paywall,Paywall,150,Paywall
"White, Josh",MIA,P,687985,25.3,2022 #142,AAA,R/R,"6'1"" 205",591,331.64,168,Paywall,Paywall,150,150,Paywall,300,165,150,150,Paywall,900,855,150,150,150,225,Paywall,150,150,Paywall,Paywall,Paywall,150,Paywall
"Cabrera, Ricky",CIN,SS,703150,21.4,2022 FA,A+,R/R,"6'0"" 201",592,331.88,168,Paywall,Paywall,150,150,Paywall,300,165,150,150,Paywall,900,855,150,150,150,225,Paywall,150,150,Paywall,Paywall,Paywall,150,Paywall
"Pio, Gregory",SEA,OF,836609,17.2,2026 FA,,R/R,"5'11"" 170",593,332.08,168,Paywall,Paywall,150,150,Paywall,300,165,150,150,Paywall,900,503,150,150,150,225,Paywall,150,150,Paywall,Paywall,Paywall,150,Paywall
"Dos Santos, Sebastian",STL,SS,829741,18.2,2025 FA,R,S/R,"6'0"" 140",594,332.32,168,Paywall,Paywall,150,150,Paywall,300,165,150,150,Paywall,900,462,150,150,150,225,Paywall,150,150,Paywall,Paywall,Paywall,150,Paywall
"Fedko, Kyler",MIN,OF,693459,26.5,2021 #369,AAA,R/R,"6'0"" 215",594,332.32,168,Paywall,Paywall,150,150,Paywall,300,165,150,150,Paywall,900,855,150,150,150,225,Paywall,150,150,Paywall,Paywall,Paywall,150,Paywall
"Quick, Riley",PHI,OF,816120,20.6,2024 #63,A,R/R,"6'1"" 195",596,332.48,168,Paywall,Paywall,150,150,Paywall,300,165,150,150,Paywall,900,855,150,150,150,225,Paywall,150,150,Paywall,Paywall,Paywall,150,Paywall
"Messina, Cole",COL,C,701783,22.9,2024 #77,AA,R/R,"6'0"" 230",597,332.96,168,Paywall,Paywall,150,150,Paywall,300,165,150,150,Paywall,338,855,150,150,150,225,Paywall,150,150,Paywall,Paywall,Paywall,150,Paywall
"Saltiban, Devin",PHI,SS,813880,21.1,2023 #98,A+,R/R,"5'9"" 180",598,333.36,168,Paywall,Paywall,150,150,Paywall,300,165,150,150,Paywall,900,855,150,150,150,225,Paywall,150,150,Paywall,Paywall,Paywall,150,Paywall
"Pence, Dalton",TEX,P,701717,23.6,2024 #345,A+,L/L,"6'2"" 215",599,333.52,168,Paywall,Paywall,150,150,Paywall,300,165,150,150,Paywall,458,855,150,150,150,225,Paywall,150,150,Paywall,Paywall,Paywall,150,Paywall
"Eeles, Payton",BAL,2B,823356,26.4,2024 FA,AA,L/R,"5'5"" 180",600,333.72,168,Paywall,Paywall,150,150,Paywall,300,165,150,150,Paywall,900,855,150,150,150,225,Paywall,150,150,Paywall,Paywall,Paywall,150,Paywall
"Davis, Braden",STL,P,801078,23.0,2024 #142,A+,L/L,"5'11"" 180",601,334.12,168,Paywall,Paywall,150,150,Paywall,300,165,150,150,Paywall,496,855,150,150,150,225,Paywall,150,150,Paywall,Paywall,Paywall,150,Paywall
"Christian, Jakob",SF,OF,814451,23.5,2024 #149,A+,R/R,"6'5"" 225",602,334.20,168,Paywall,Paywall,150,150,Paywall,300,165,150,150,Paywall,268,855,150,150,150,225,Paywall,150,150,Paywall,Paywall,Paywall,150,Paywall
"Blanco, Fabricio",TB,SS,837521,17.5,2026 FA,,S/R,"5'11"" 161",603,335.48,168,Paywall,Paywall,150,150,Paywall,300,165,150,150,Paywall,900,435,150,150,150,225,Paywall,150,150,Paywall,Paywall,Paywall,150,Paywall
"Rivas, Harold",BOS,OF,829093,17.9,2025 FA,R,R/R,"6'2"" 177",604,336.12,168,Paywall,Paywall,150,150,Paywall,300,165,150,150,Paywall,900,522,150,150,150,225,Paywall,150,150,Paywall,Paywall,Paywall,150,Paywall
"Suarez, Isaias",WAS,OF,836616,17.3,2026 FA,,R/R,"6'2"" 165",605,336.16,168,Paywall,Paywall,150,150,Paywall,300,165,150,150,Paywall,900,558,150,150,150,225,Paywall,150,150,Paywall,Paywall,Paywall,150,Paywall
"Weiss, Ryan",HOU,P,680802,29.3,2018 #129,AAA,R/R,"6'4"" 210",606,336.24,168,Paywall,Paywall,150,150,Paywall,300,165,150,150,Paywall,900,265,150,150,150,225,Paywall,150,150,Paywall,Paywall,Paywall,150,Paywall
"Cortesia, Brayan",WAS,SS,829049,18.4,2025 FA,R,R/R,"6'1"" 165",607,336.40,168,Paywall,Paywall,150,150,Paywall,300,165,150,150,Paywall,406,855,150,150,150,225,Paywall,150,150,Paywall,Paywall,Paywall,150,Paywall
"Harris, Dustin",CHW,OF,687957,26.7,2019 #344,MLB,L/R,"6'2"" 185",608,336.56,168,Paywall,Paywall,150,150,Paywall,300,165,150,150,Paywall,900,855,150,150,150,225,Paywall,150,150,Paywall,Paywall,Paywall,150,Paywall
"Pinckney, Andrew",WAS,OF,687605,25.3,2023 #102,AAA,R/R,"6'4"" 215",608,336.56,168,Paywall,Paywall,150,150,Paywall,300,165,150,150,Paywall,900,855,150,150,150,225,Paywall,150,150,Paywall,Paywall,Paywall,150,Paywall
"Jimenez, Enrique",MIN,C,806992,20.4,2023 FA,A,S/R,"5'9"" 170",610,336.60,168,Paywall,Paywall,150,150,Paywall,300,165,150,150,Paywall,334,855,150,150,150,225,Paywall,150,150,Paywall,Paywall,Paywall,150,Paywall
"Mullins, Hayden",BOS,P,683093,25.5,2022 #369,AA,L/L,"6'0"" 194",611,336.88,168,Paywall,Paywall,150,150,Paywall,300,165,150,150,Paywall,482,855,150,150,150,225,Paywall,150,150,Paywall,Paywall,Paywall,150,Paywall
"Kent, Jackson",WAS,P,800600,23.1,2024 #108,AA,L/L,"6'3"" 219",612,336.92,168,Paywall,Paywall,150,150,Paywall,300,165,150,150,Paywall,900,855,150,150,150,225,Paywall,150,150,Paywall,Paywall,Paywall,150,Paywall
"Anderson, Ethan",BAL,C,803175,22.5,2024 #61,AA,S/R,"6'2"" 215",613,337.04,168,Paywall,Paywall,150,150,Paywall,300,165,150,150,Paywall,324,855,150,150,150,225,Paywall,150,150,Paywall,Paywall,Paywall,150,Paywall
"Merlo, Enmanuel",MIN,SS,836611,17.3,2026 FA,,S/R,"6'1"" 190",614,337.08,168,Paywall,Paywall,150,150,Paywall,300,165,150,150,Paywall,900,549,150,150,150,225,Paywall,150,150,Paywall,Paywall,Paywall,150,Paywall
"Melendez, Ivan",ARI,1B,699471,26.2,2022 #43,AAA,R/R,"6'1"" 245",615,337.40,168,Paywall,Paywall,150,150,Paywall,300,165,150,150,Paywall,303,855,150,150,150,225,Paywall,150,150,Paywall,Paywall,Paywall,150,Paywall
"Taylor, Grant",CHW,P,691799,23.8,2023 #51,MLB,R/R,"6'3"" 230",616,337.44,168,Paywall,Paywall,150,150,Paywall,300,165,150,150,Paywall,900,86,150,150,150,225,Paywall,150,150,Paywall,Paywall,Paywall,150,Paywall
"O'Ferrall, Griff",BAL,SS,803172,23.1,2024 #32,AA,R/R,"6'1"" 195",617,337.52,168,Paywall,Paywall,150,150,Paywall,300,165,150,150,Paywall,391,855,150,150,150,225,Paywall,150,150,Paywall,Paywall,Paywall,150,Paywall
"Balcazar, Leo",CIN,SS,699114,21.8,2021 FA,AA,R/R,"5'11"" 190",617,337.52,168,Paywall,Paywall,150,150,Paywall,300,165,150,150,Paywall,900,855,150,150,150,225,Paywall,150,150,Paywall,Paywall,Paywall,150,Paywall
"Florentino, Jostin",CHC,P,808062,21.3,2023 FA,A,R/R,"6'0"" 175",619,337.68,168,Paywall,Paywall,150,150,Paywall,300,165,150,150,Paywall,420,855,150,150,150,225,Paywall,150,150,Paywall,Paywall,Paywall,150,Paywall
"Wichrowski, Brett",MIL,P,814489,23.6,2023 #392,AA,L/R,"6'2"" 177",620,337.80,168,Paywall,Paywall,150,150,Paywall,300,165,150,150,Paywall,900,855,150,150,150,225,Paywall,150,150,Paywall,Paywall,Paywall,150,Paywall
"Bolivar, Manuel",DET,C,837681,17.6,2026 FA,,R/R,"6'2"" 210",621,337.92,168,Paywall,Paywall,150,150,Paywall,300,165,150,150,Paywall,900,531,150,150,150,225,Paywall,150,150,Paywall,Paywall,Paywall,150,Paywall
"Uberstine, Tyler",BOS,P,700413,26.8,2021 #556,AAA,R/R,"6'1"" 200",622,338.04,168,Paywall,Paywall,150,150,Paywall,300,165,150,150,Paywall,900,855,150,150,150,225,Paywall,150,150,Paywall,Paywall,Paywall,150,Paywall
"Obermueller, Cade",PHI,P,805261,22.7,2025 #63,,L/L,"6'0"" 170",623,338.12,168,Paywall,Paywall,150,150,Paywall,300,165,150,150,Paywall,900,512,150,150,150,225,Paywall,150,150,Paywall,Paywall,Paywall,150,Paywall
"Walton, Aaron",CLE,OF,830239,21.9,2025 #66,A,R/R,"6'3"" 219",624,338.16,168,Paywall,Paywall,150,150,Paywall,300,165,150,150,Paywall,900,353,150,150,150,225,Paywall,150,150,Paywall,Paywall,Paywall,150,Paywall
"Marte, Yunior",SF,P,805074,22.6,2022 FA,A,R/R,"6'5"" 210",625,338.60,168,Paywall,Paywall,150,150,Paywall,300,165,150,150,Paywall,317,855,150,150,150,225,Paywall,150,150,Paywall,Paywall,Paywall,150,Paywall
"Rivera, Eduardo",BOS,P,700842,22.8,2021 #338,AA,L/L,"6'7"" 237",626,338.64,168,Paywall,Paywall,150,150,Paywall,300,165,150,150,Paywall,506,855,150,150,150,225,Paywall,150,150,Paywall,Paywall,Paywall,150,Paywall
"Perdomo, Jose",ATL,SS,815899,19.5,2024 FA,R,R/R,"5'11"" 180",627,338.84,168,Paywall,Paywall,150,150,Paywall,300,165,150,150,Paywall,900,855,150,150,150,225,Paywall,150,150,Paywall,Paywall,Paywall,150,Paywall
"Sasaki, Roki",LAD,P,808963,24.4,2025 FA,MLB,R/R,"6'2"" 187",628,338.88,168,Paywall,Paywall,150,150,Paywall,300,165,150,150,Paywall,900,57,150,150,150,225,Paywall,150,150,Paywall,Paywall,Paywall,150,Paywall
"Navarro, Reinold",PIT,P,821116,19.4,2024 FA,A,L/L,"6'0"" 178",629,339.04,168,Paywall,Paywall,150,150,Paywall,300,165,150,150,Paywall,900,855,150,150,150,225,Paywall,150,150,Paywall,Paywall,Paywall,150,Paywall
"Conticello, Gavin",ARI,3B,695521,22.8,2021 #228,AA,L/R,"6'3"" 195",630,339.32,168,Paywall,Paywall,150,150,Paywall,300,165,150,150,Paywall,580,855,150,150,150,225,Paywall,150,150,Paywall,Paywall,Paywall,150,Paywall
"Lalane, Henry",NYY,P,700649,21.9,2021 FA,A,L/L,"6'7"" 211",631,339.36,168,Paywall,Paywall,150,150,Paywall,300,165,150,150,Paywall,900,855,150,150,150,225,Paywall,150,150,Paywall,Paywall,Paywall,150,Paywall
"Garcia, Johanfran",BOS,C,703190,21.3,2022 FA,A+,R/R,"5'11"" 196",632,339.52,168,Paywall,Paywall,150,150,Paywall,300,165,150,150,Paywall,900,419,150,150,150,225,Paywall,150,150,Paywall,Paywall,Paywall,150,Paywall
"Frontado, Diego",MIL,SS,836601,17.5,2026 FA,,R/R,"6'0"" 180",633,339.88,168,Paywall,Paywall,150,150,Paywall,300,165,150,150,Paywall,900,491,150,150,150,225,Paywall,150,150,Paywall,Paywall,Paywall,150,Paywall
"Cross, Gavin",KC,OF,688457,25.1,2022 #9,AA,L/L,"6'2"" 210",634,340.04,168,Paywall,Paywall,150,150,Paywall,300,165,150,150,Paywall,900,855,150,150,150,225,Paywall,150,150,Paywall,Paywall,Paywall,150,Paywall
"Urena, Walbert",LAA,P,700712,22.2,2021 FA,AAA,R/R,"6'0"" 210",635,340.16,168,Paywall,Paywall,150,150,Paywall,300,165,150,150,Paywall,900,855,150,150,150,225,Paywall,150,150,Paywall,Paywall,Paywall,150,Paywall
"Maldonado, Cam",SF,OF,809686,22.4,2025 #206,A,R/R,"6'3"" 200",636,340.20,168,Paywall,Paywall,150,150,Paywall,300,165,150,150,Paywall,900,855,150,150,150,225,Paywall,150,150,Paywall,Paywall,Paywall,150,Paywall
"Moore, Malcolm",TEX,C,702270,22.7,2024 #30,A+,L/R,"6'0"" 216",637,340.24,168,Paywall,Paywall,150,150,Paywall,300,165,150,150,Paywall,900,855,150,150,150,225,Paywall,150,150,Paywall,Paywall,Paywall,150,Paywall
"Birdsell, Brandon",CHC,P,669361,26.0,2022 #143,AAA,R/R,"6'2"" 240",638,340.56,168,Paywall,Paywall,150,150,Paywall,300,165,150,150,Paywall,900,855,150,150,150,225,Paywall,150,150,Paywall,Paywall,Paywall,150,Paywall
"Lomavita, Caleb",WAS,C,701616,23.4,2024 #39,AA,R/R,"5'10"" 200",639,341.20,168,Paywall,Paywall,150,150,Paywall,300,165,150,150,Paywall,450,418,150,150,150,225,Paywall,150,150,Paywall,Paywall,Paywall,150,Paywall
"Jebb, Mitch",PIT,SS,694991,23.9,2023 #42,AA,L/R,"6'0"" 185",640,341.44,168,Paywall,Paywall,150,150,Paywall,300,165,150,150,Paywall,410,855,150,150,150,225,Paywall,150,150,Paywall,Paywall,Paywall,150,Paywall
"Miller, Jake",DET,P,805725,24.7,2022 #237,AA,L/L,"6'2"" 185",641,341.60,168,Paywall,Paywall,150,150,Paywall,300,165,150,150,Paywall,900,855,150,150,150,225,Paywall,150,150,Paywall,Paywall,Paywall,150,Paywall
"Pereira, Everson",CHW,OF,677592,25.0,2017 FA,MLB,R/R,"5'11"" 203",642,341.76,168,Paywall,Paywall,150,150,Paywall,300,165,150,150,Paywall,369,855,150,150,150,225,Paywall,150,150,Paywall,Paywall,Paywall,150,Paywall
"Frontado, Diego",MIL,SS,836601,17.5,2026 FA,,R/R,"6'0"" 180",642,341.76,168,Paywall,Paywall,150,150,Paywall,300,165,150,150,Paywall,900,855,150,150,150,225,Paywall,150,150,Paywall,Paywall,Paywall,150,Paywall
"Sundstrom, Jared",SEA,OF,814791,24.8,2023 #307,AA,R/R,"6'2"" 230",642,341.76,168,Paywall,Paywall,150,150,Paywall,300,165,150,150,Paywall,900,855,150,150,150,225,Paywall,150,150,Paywall,Paywall,Paywall,150,Paywall
"Wimmer, Braylen",COL,SS,687918,25.2,2023 #232,A,R/R,"6'3"" 200",645,342.12,168,Paywall,Paywall,150,150,Paywall,300,165,150,150,Paywall,329,855,150,150,150,225,Paywall,150,150,Paywall,Paywall,Paywall,150,Paywall
"Nezuh, Jackson",HOU,P,694545,24.1,2023 #434,AA,R/R,"6'1"" 190",645,342.12,168,Paywall,Paywall,150,150,Paywall,300,165,150,150,Paywall,510,855,150,150,150,225,Paywall,150,150,Paywall,Paywall,Paywall,150,Paywall
"Barnett, Mason",ATH,P,686930,25.4,2022 #87,MLB,R/R,"6'0"" 218",647,342.40,168,Paywall,Paywall,150,150,Paywall,300,165,150,150,Paywall,900,855,150,150,150,225,Paywall,150,150,Paywall,Paywall,Paywall,150,Paywall
"Ramos, Bryan",BAL,3B,682868,24.0,2018 FA,MLB,R/R,"6'2"" 225",648,342.44,168,Paywall,Paywall,150,150,Paywall,300,165,150,150,Paywall,412,855,150,150,150,225,Paywall,150,150,Paywall,Paywall,Paywall,150,Paywall
"Suarez, Jaider",KC,SS,836598,17.3,2026 FA,,R/R,"6'1"" 180",649,342.72,168,Paywall,Paywall,150,150,Paywall,300,165,150,150,Paywall,900,492,150,150,150,225,Paywall,150,150,Paywall,Paywall,Paywall,150,Paywall
"Merejo, Luis",CLE,3B,808153,19.7,2023 FA,A,R/R,"6'2"" 185",649,342.72,168,Paywall,Paywall,150,150,Paywall,300,165,150,150,Paywall,445,855,150,150,150,225,Paywall,150,150,Paywall,Paywall,Paywall,150,Paywall
"Mautz, Brycen",STL,P,802408,24.7,2022 #59,AA,L/L,"6'3"" 190",651,342.92,168,Paywall,Paywall,150,150,Paywall,300,165,150,150,Paywall,900,855,150,150,150,225,Paywall,150,150,Paywall,Paywall,Paywall,150,Paywall
"McGraw, Teddy",SEA,P,803141,24.4,2023 #92,A+,R/R,"6'3"" 210",652,343.00,168,Paywall,Paywall,150,150,Paywall,300,165,150,150,Paywall,531,855,150,150,150,225,Paywall,150,150,Paywall,Paywall,Paywall,150,Paywall
"Diaz, Lisbel",SF,OF,815464,20.7,2023 FA,A,R/R,"6'2"" 221",653,343.08,168,Paywall,Paywall,150,150,Paywall,300,165,150,150,Paywall,314,855,150,150,150,225,Paywall,150,150,Paywall,Paywall,Paywall,150,Paywall
"Hedges, Ethan",COL,3B,805260,21.9,2025 #77,A+,R/R,"6'1"" 185",654,343.24,168,Paywall,Paywall,150,150,Paywall,300,165,150,150,Paywall,900,562,150,150,150,225,Paywall,150,150,Paywall,Paywall,Paywall,150,Paywall
"Albertus, Alexander",CHW,SS,800316,21.4,2022 FA,R,R/R,"6'1"" 176",655,343.64,168,Paywall,Paywall,150,150,Paywall,300,165,150,150,Paywall,398,855,150,150,150,225,Paywall,150,150,Paywall,Paywall,Paywall,150,Paywall
"Arias, Rayner",SF,OF,806976,19.9,2023 FA,A,R/R,"6'2"" 185",655,343.64,168,Paywall,Paywall,150,150,Paywall,300,165,150,150,Paywall,900,855,150,150,150,225,Paywall,150,150,Paywall,Paywall,Paywall,150,Paywall
"Tomas, Juan",CHC,SS,829823,18.3,2025 FA,R,S/R,"6'2"" 177",657,343.96,168,Paywall,Paywall,150,150,Paywall,300,165,150,150,Paywall,900,855,150,150,150,225,Paywall,150,150,Paywall,Paywall,Paywall,150,Paywall
"Ward, Ryan",LAD,OF,669899,28.1,2019 #251,AAA,L/R,"5'10"" 200",658,344.08,168,Paywall,Paywall,150,150,Paywall,300,165,150,150,Paywall,900,855,150,150,150,225,Paywall,150,150,Paywall,Paywall,Paywall,150,Paywall
"Jorge, Carlos",CIN,SS,699115,22.5,2021 FA,A+,L/R,"5'9"" 160",658,344.08,168,Paywall,Paywall,150,150,Paywall,300,165,150,150,Paywall,900,855,150,150,150,225,Paywall,150,150,Paywall,Paywall,Paywall,150,Paywall
"Vukovich, A.J.",ARI,OF,691021,24.7,2020 #119,AAA,R/R,"6'3"" 210",660,344.16,168,Paywall,Paywall,150,150,Paywall,300,165,150,150,Paywall,540,855,150,150,150,225,Paywall,150,150,Paywall,Paywall,Paywall,150,Paywall
"Honeycutt, Vance",BAL,OF,701689,22.9,2024 #22,A+,R/R,"6'3"" 205",661,344.20,168,Paywall,Paywall,150,150,Paywall,300,165,150,150,Paywall,416,855,150,150,150,225,Paywall,150,150,Paywall,Paywall,Paywall,150,Paywall
"Bliss, Ryan",SEA,2B,669208,26.3,2021 #42,MLB,R/R,"5'7"" 165",662,344.32,168,Paywall,Paywall,150,150,Paywall,300,165,150,150,Paywall,900,366,150,150,150,225,Paywall,150,150,Paywall,Paywall,Paywall,150,Paywall
"Dickerson, Korbyn",SEA,OF,702668,22.4,2025 #152,A,R/R,"6'1"" 205",662,344.32,168,Paywall,Paywall,150,150,Paywall,300,165,150,150,Paywall,900,354,150,150,150,225,Paywall,150,150,Paywall,Paywall,Paywall,150,Paywall
"McCabe, David",ATL,3B,678173,26.0,2022 #125,AAA,S/R,"6'3"" 230",662,344.32,168,Paywall,Paywall,150,150,Paywall,300,165,150,150,Paywall,900,855,150,150,150,225,Paywall,150,150,Paywall,Paywall,Paywall,150,Paywall
"Castellanos, Santiago",MIN,P,829764,17.7,2025 FA,R,R/R,"5'10"" 150",665,344.40,168,Paywall,Paywall,150,150,Paywall,300,165,150,150,Paywall,900,855,150,150,150,225,Paywall,150,150,Paywall,Paywall,Paywall,150,Paywall
"Echavarria, Steven",ATH,P,806064,20.6,2023 #72,A+,R/R,"6'1"" 195",666,344.64,168,Paywall,Paywall,150,150,Paywall,300,165,150,150,Paywall,900,855,150,150,150,225,Paywall,150,150,Paywall,Paywall,Paywall,150,Paywall
"Manon, Jose",ATL,SS,825495,17.3,2026 FA,,R/R,"6'2"" 165",667,344.68,168,Paywall,Paywall,150,150,Paywall,300,165,150,150,Paywall,900,434,150,150,150,225,Paywall,150,150,Paywall,Paywall,Paywall,150,Paywall
"Heubeck, Peter",LAD,P,695646,23.7,2021 #101,AA,R/R,"6'3"" 170",668,344.76,168,Paywall,Paywall,150,150,Paywall,300,165,150,150,Paywall,900,855,150,150,150,225,Paywall,150,150,Paywall,Paywall,Paywall,150,Paywall
"Jang, Hyun-Suk",LAD,P,815794,22.0,2023 FA,A,R/R,"6'4"" 200",668,344.76,168,Paywall,Paywall,150,150,Paywall,300,165,150,150,Paywall,900,855,150,150,150,225,Paywall,150,150,Paywall,Paywall,Paywall,150,Paywall
"Izzi, Ashton",ARI,P,802416,22.4,2022 #126,A+,R/R,"6'3"" 165",670,344.84,168,Paywall,Paywall,150,150,Paywall,300,165,150,150,Paywall,900,855,150,150,150,225,Paywall,150,150,Paywall,Paywall,Paywall,150,Paywall
"Harvey, Ty",SD,C,829210,19.7,2025 #160,A,R/R,"6'2"" 215",671,345.12,168,Paywall,Paywall,150,150,Paywall,300,165,150,150,Paywall,900,529,150,150,150,225,Paywall,150,150,Paywall,Paywall,Paywall,150,Paywall
"Diaw, Khadim",MIN,C,813715,22.6,2024 #96,A+,R/R,"6'1"" 215",672,345.28,168,Paywall,Paywall,150,150,Paywall,300,165,150,150,Paywall,499,855,150,150,150,225,Paywall,150,150,Paywall,Paywall,Paywall,150,Paywall
"Cairone, Frank",MIL,P,827980,18.5,2025 #68,,R/L,"6'2"" 195",673,345.48,168,Paywall,Paywall,150,150,Paywall,300,165,150,150,Paywall,900,485,150,150,150,225,Paywall,150,150,Paywall,Paywall,Paywall,150,Paywall
"Hidalgo, Kelvin",COL,SS,800193,21.1,2022 FA,A,R/R,"6'1"" 166",673,345.48,168,Paywall,Paywall,150,150,Paywall,300,165,150,150,Paywall,900,855,150,150,150,225,Paywall,150,150,Paywall,Paywall,Paywall,150,Paywall
"Payne, Nate",MIA,P,827626,20.6,2024 #544,A,L/L,"6'3"" 200",675,345.64,168,Paywall,Paywall,150,150,Paywall,300,165,150,150,Paywall,900,855,150,150,150,225,Paywall,150,150,Paywall,Paywall,Paywall,150,Paywall
"Hechavarria, Silvano",TOR,P,827664,23.0,2024 FA,A+,R/R,"6'4"" 227",676,345.72,168,Paywall,Paywall,150,150,Paywall,300,165,150,150,Paywall,509,855,150,150,150,225,Paywall,150,150,Paywall,Paywall,Paywall,150,Paywall
"Rodriguez, Bradgley",SD,P,699134,22.4,2021 FA,MLB,R/R,"6'1"" 160",676,345.72,168,Paywall,Paywall,150,150,Paywall,300,165,150,150,Paywall,452,855,150,150,150,225,Paywall,150,150,Paywall,Paywall,Paywall,150,Paywall
"Swan, Eriq",WAS,P,811291,24.4,2023 #137,A+,R/R,"6'6"" 240",678,345.92,168,Paywall,Paywall,150,150,Paywall,300,165,150,150,Paywall,900,855,150,150,150,225,Paywall,150,150,Paywall,Paywall,Paywall,150,Paywall
"Travieso, Jesus",PIT,P,821174,19.0,2024 FA,A,R/R,"5'11"" 140",678,345.92,168,Paywall,Paywall,150,150,Paywall,300,165,150,150,Paywall,900,855,150,150,150,225,Paywall,150,150,Paywall,Paywall,Paywall,150,Paywall
"Rodriguez, Carlos",MIL,P,692230,24.3,2021 #177,MLB,R/R,"5'11"" 205",680,346.16,168,Paywall,Paywall,150,150,Paywall,300,165,150,150,Paywall,597,855,150,150,150,225,Paywall,150,150,Paywall,Paywall,Paywall,150,Paywall
"Carey, Owen",ATL,OF,826928,19.7,2024 #461,A,L/L,"6'0"" 185",681,346.60,168,Paywall,Paywall,150,150,Paywall,300,165,150,150,Paywall,900,430,150,150,150,225,Paywall,150,150,Paywall,Paywall,Paywall,150,Paywall
"Campbell, Dylan",PHI,OF,694749,23.7,2023 #136,AA,R/R,"5'10"" 205",682,346.64,168,Paywall,Paywall,150,150,Paywall,300,165,150,150,Paywall,900,855,150,150,150,225,Paywall,150,150,Paywall,Paywall,Paywall,150,Paywall
"Cox, Jackson",COL,P,702484,22.5,2022 #50,A,R/R,"6'2"" 200",683,347.52,168,Paywall,Paywall,150,150,Paywall,300,165,150,150,Paywall,562,855,150,150,150,225,Paywall,150,150,Paywall,Paywall,Paywall,150,Paywall
"Ayers, Owen",CHC,C,689196,24.8,2024 #572,A,S/R,"6'2"" 185",684,347.60,168,Paywall,Paywall,150,150,Paywall,300,165,150,150,Paywall,900,855,150,150,150,225,Paywall,150,150,Paywall,Paywall,Paywall,150,Paywall
"Gomez, Pedro",BAL,OF,836612,17.4,2026 FA,,R/R,"6'1"" 202",685,347.72,168,Paywall,Paywall,150,150,Paywall,300,165,150,150,Paywall,900,461,150,150,150,225,Paywall,150,150,Paywall,Paywall,Paywall,150,Paywall
"Labrada, Victor",SEA,OF,700032,26.2,2021 FA,AAA,L/L,"5'8"" 195",686,347.88,168,Paywall,Paywall,150,150,Paywall,300,165,150,150,Paywall,441,855,150,150,150,225,Paywall,150,150,Paywall,Paywall,Paywall,150,Paywall
"Davis, Brennen",SEA,OF,680695,26.4,2018 #62,AAA,R/R,"6'1"" 210",686,347.88,168,Paywall,Paywall,150,150,Paywall,300,165,150,150,Paywall,900,855,150,150,150,225,Paywall,150,150,Paywall,Paywall,Paywall,150,Paywall
"Guzman, Randy",NYM,OF,807383,20.9,2022 FA,A,R/R,"6'4"" 215",688,348.16,168,Paywall,Paywall,150,150,Paywall,300,165,150,150,Paywall,900,855,150,150,150,225,Paywall,150,150,Paywall,Paywall,Paywall,150,Paywall
"Elliott, Clark",ATH,OF,686499,25.5,2022 #69,AA,L/R,"5'10"" 182",689,348.28,168,Paywall,Paywall,150,150,Paywall,300,165,150,150,Paywall,530,855,150,150,150,225,Paywall,150,150,Paywall,Paywall,Paywall,150,Paywall
"Lara, Jhancarlos",ATL,P,702910,23.2,2021 FA,AAA,R/R,"6'3"" 190",690,348.36,168,Paywall,Paywall,150,150,Paywall,300,165,150,150,Paywall,460,855,150,150,150,225,Paywall,150,150,Paywall,Paywall,Paywall,150,Paywall
"Drohan, Shane",MIL,P,675660,27.2,2020 #148,AAA,L/L,"6'3"" 195",690,348.36,168,Paywall,Paywall,150,150,Paywall,300,165,150,150,Paywall,900,855,150,150,150,225,Paywall,150,150,Paywall,Paywall,Paywall,150,Paywall
"Kent, Kaeden",NYY,SS,809763,22.6,2025 #103,A+,L/R,"6'2"" 200",690,348.36,168,Paywall,Paywall,150,150,Paywall,300,165,150,150,Paywall,900,855,150,150,150,225,Paywall,150,150,Paywall,Paywall,Paywall,150,Paywall
"Gourson, Duce",PIT,2B,701546,23.5,2024 #264,AA,L/R,"6'0"" 200",693,348.44,168,Paywall,Paywall,150,150,Paywall,300,165,150,150,Paywall,563,855,150,150,150,225,Paywall,150,150,Paywall,Paywall,Paywall,150,Paywall
"Franco, Jose",CIN,P,683742,25.3,2018 FA,AAA,R/R,"6'2"" 257",694,348.48,168,Paywall,Paywall,150,150,Paywall,300,165,150,150,Paywall,900,855,150,150,150,225,Paywall,150,150,Paywall,Paywall,Paywall,150,Paywall
"Antunez, Brailyn",MIL,OF,829073,18.3,2025 FA,R,R/R,"6'0"" 187",695,348.52,168,Paywall,Paywall,150,150,Paywall,300,165,150,150,Paywall,900,855,150,150,150,225,Paywall,150,150,Paywall,Paywall,Paywall,150,Paywall
"Rodden, Brock",SEA,2B,801126,25.8,2023 #160,AA,S/R,"5'7"" 170",696,348.56,168,Paywall,Paywall,150,150,Paywall,300,165,150,150,Paywall,900,855,150,150,150,225,Paywall,150,150,Paywall,Paywall,Paywall,150,Paywall
"Shaw, Sam",TOR,OF,802511,21.1,2023 #274,A+,L/R,"5'10"" 180",697,348.64,168,Paywall,Paywall,150,150,Paywall,167,165,150,150,Paywall,332,855,150,150,150,225,Paywall,150,150,Paywall,Paywall,Paywall,150,Paywall
"McDermott, Chayce",BAL,P,694646,27.6,2021 #132,MLB,L/R,"6'3"" 197",698,348.88,168,Paywall,Paywall,150,150,Paywall,300,165,150,150,Paywall,900,855,150,150,150,225,Paywall,150,150,Paywall,Paywall,Paywall,150,Paywall
"Lin, Sheng-En",CIN,P,806823,20.6,2023 FA,A,L/R,"5'11"" 185",699,349.08,168,Paywall,Paywall,150,150,Paywall,300,165,150,150,Paywall,900,855,150,150,150,225,Paywall,150,150,Paywall,Paywall,Paywall,150,Paywall
"Mayea, Brando",NYY,OF,806963,20.5,2023 FA,R,R/R,"5'11"" 175",700,349.20,168,Paywall,Paywall,150,150,Paywall,300,165,150,150,Paywall,900,855,150,150,150,225,Paywall,150,150,Paywall,Paywall,Paywall,150,Paywall
"Causey, A.J.",ATH,P,822067,23.3,2024 #138,AA,R/R,"6'3"" 210",701,349.32,168,Paywall,Paywall,150,150,Paywall,300,165,150,150,Paywall,216,855,150,150,150,225,Paywall,150,150,Paywall,Paywall,Paywall,150,Paywall
"Nunez, Anthony",BAL,P,689296,24.7,2019 #863,AAA,S/R,"6'2"" 225",701,349.32,168,Paywall,Paywall,150,150,Paywall,300,165,150,150,Paywall,900,855,150,150,150,225,Paywall,150,150,Paywall,Paywall,Paywall,150,Paywall
"Millar, Cameron",KC,P,832698,18.9,2025 #97,,R/R,"6'2"" 200",703,349.44,168,Paywall,Paywall,150,150,Paywall,300,165,150,150,Paywall,900,438,150,150,150,225,Paywall,150,150,Paywall,Paywall,Paywall,150,Paywall
"Honeyman, Travis",STL,OF,802469,24.5,2023 #90,A+,R/R,"6'2"" 190",703,349.44,168,Paywall,Paywall,150,150,Paywall,300,165,150,150,Paywall,219,855,150,150,150,225,Paywall,150,150,Paywall,Paywall,Paywall,150,Paywall
"Walters, Andrew",CLE,P,689958,25.3,2023 #62,AAA,R/R,"6'4"" 222",705,349.76,168,Paywall,Paywall,150,150,Paywall,300,165,150,150,Paywall,900,855,150,150,150,225,Paywall,150,150,Paywall,Paywall,Paywall,150,Paywall
"Moneys, Ricki",MIL,SS,835022,17.5,2026 FA,,R/R,"6'0"" 180",706,350.04,168,Paywall,Paywall,150,150,Paywall,300,165,150,150,Paywall,900,501,150,150,150,225,Paywall,150,150,Paywall,Paywall,Paywall,150,Paywall
"Castillo, Haritzon",MIN,SS,829061,18.0,2025 FA,R,S/R,"5'10"" 175",707,350.24,168,Paywall,Paywall,150,150,Paywall,300,165,150,150,Paywall,900,489,150,150,150,225,Paywall,150,150,Paywall,Paywall,Paywall,150,Paywall
"Mercedes, Yasser",MIN,OF,703160,21.4,2022 FA,A,R/R,"6'1"" 175",708,350.32,168,Paywall,Paywall,150,150,Paywall,300,165,150,150,Paywall,900,855,150,150,150,225,Paywall,150,150,Paywall,Paywall,Paywall,150,Paywall
"Benitez, Keyner",MIA,P,808547,19.8,2023 FA,A,L/L,"6'1"" 165",708,350.32,168,Paywall,Paywall,150,150,Paywall,300,165,150,150,Paywall,900,855,150,150,150,225,Paywall,150,150,Paywall,Paywall,Paywall,150,Paywall
"De Los Santos, Angel",DET,SS,829751,18.1,2025 FA,R,R/R,"6'1"" 161",710,350.52,168,Paywall,Paywall,150,150,Paywall,300,165,150,150,Paywall,900,496,150,150,150,225,Paywall,150,150,Paywall,Paywall,Paywall,150,Paywall
"Polanco, Cristopher",TOR,SS,829057,18.2,2025 FA,R,L/R,"5'10"" 174",711,350.72,168,Paywall,Paywall,150,150,Paywall,300,165,150,150,Paywall,528,855,150,150,150,225,Paywall,150,150,Paywall,Paywall,Paywall,150,Paywall
"Silverio, Garielvin",BOS,OF,836613,17.4,2026 FA,,L/R,"6'1"" 191",712,351.04,168,Paywall,Paywall,150,150,Paywall,300,165,150,150,Paywall,900,551,150,150,150,225,Paywall,150,150,Paywall,Paywall,Paywall,150,Paywall
"Casey, Jake",TOR,OF,814457,22.9,2025 #442,A,L/R,"6'2"" 190",713,351.24,168,Paywall,Paywall,150,150,Paywall,300,165,150,150,Paywall,900,855,150,150,150,225,Paywall,150,150,Paywall,Paywall,Paywall,150,Paywall
"Zavala, Samuel",CHW,OF,694214,21.7,2021 FA,A+,L/L,"6'1"" 175",714,351.28,168,Paywall,Paywall,150,150,Paywall,300,165,150,150,Paywall,265,855,150,150,150,225,Paywall,150,150,Paywall,Paywall,Paywall,150,Paywall
"De La Cruz, Starlyn",ATL,OF,837707,17.4,2026 FA,,L/L,170,715,351.40,168,Paywall,Paywall,150,150,Paywall,300,165,150,150,Paywall,900,555,150,150,150,225,Paywall,150,150,Paywall,Paywall,Paywall,150,Paywall
"Pitre, Emilien",TB,2B,692150,23.5,2024 #58,A+,L/R,"5'11"" 185",716,351.44,168,Paywall,Paywall,150,150,Paywall,300,165,150,150,Paywall,900,855,150,150,150,225,Paywall,150,150,Paywall,Paywall,Paywall,150,Paywall
"Sanchez, Brian",PIT,OF,809331,21.7,2023 FA,A,L/R,"6'3"" 170",717,351.60,168,Paywall,Paywall,150,150,Paywall,300,165,150,150,Paywall,555,855,150,150,150,225,Paywall,150,150,Paywall,Paywall,Paywall,150,Paywall
"Henriquez, Edgardo",LAD,P,683618,23.8,2018 FA,MLB,R/R,"6'4"" 200",717,351.60,168,Paywall,Paywall,150,150,Paywall,300,165,150,150,Paywall,273,855,150,150,150,225,Paywall,150,150,Paywall,Paywall,Paywall,150,Paywall
"Huezo, Anthony",HOU,OF,805953,20.4,2023 #374,AAA,L/R,"6'2"" 185",719,351.96,168,Paywall,Paywall,150,150,Paywall,300,165,150,150,Paywall,900,855,150,150,150,225,Paywall,150,150,Paywall,Paywall,Paywall,150,Paywall
"Etzel, Matthew",MIA,OF,803033,23.9,2023 #301,AAA,L/R,"6'2"" 211",719,351.96,168,Paywall,Paywall,150,150,Paywall,300,165,150,150,Paywall,282,855,150,150,150,225,Paywall,150,150,Paywall,Paywall,Paywall,150,Paywall
"Parada, Kevin",NYM,C,691006,24.6,2022 #11,AAA,R/R,"5'11"" 197",721,352.32,168,Paywall,Paywall,150,150,Paywall,300,165,150,150,Paywall,291,855,150,150,150,225,Paywall,150,150,Paywall,Paywall,Paywall,150,Paywall
"Hightower, Cobb",BAL,SS,826932,21.0,2024 #88,A,R/R,"5'11"" 180",722,352.44,168,Paywall,Paywall,150,150,Paywall,300,165,150,150,Paywall,900,855,150,150,150,225,Paywall,150,150,Paywall,Paywall,Paywall,150,Paywall
"Curtis, Khristian",PIT,P,694753,23.9,2023 #347,AA,R/R,"6'5"" 210",722,352.44,168,Paywall,Paywall,150,150,Paywall,300,165,150,150,Paywall,900,855,150,150,150,225,Paywall,150,150,Paywall,Paywall,Paywall,150,Paywall
"Curley, Brian",ARI,P,826536,22.8,2025 #92,,R/R,"5'10"" 212",722,352.44,168,Paywall,Paywall,150,150,Paywall,300,165,150,150,Paywall,900,855,150,150,150,225,Paywall,150,150,Paywall,Paywall,Paywall,150,Paywall
"Anderson, Drew",DET,P,623454,32.0,2012 #668,MLB,R/R,"6'3"" 205",725,352.80,168,Paywall,Paywall,150,150,Paywall,300,165,150,150,Paywall,900,258,150,150,150,225,Paywall,150,150,Paywall,Paywall,Paywall,150,Paywall
"Santa, Alimber",HOU,P,695001,22.9,2020 FA,AAA,R/R,"5'10"" 228",726,352.88,168,Paywall,Paywall,150,150,Paywall,300,165,150,150,Paywall,305,855,150,150,150,225,Paywall,150,150,Paywall,Paywall,Paywall,150,Paywall
"Sanchez, Adolfo",CIN,OF,807645,19.5,2024 FA,R,L/L,"6'1"" 185",726,352.88,168,Paywall,Paywall,150,150,Paywall,300,165,150,150,Paywall,900,855,150,150,150,225,Paywall,150,150,Paywall,Paywall,Paywall,150,Paywall
"Brito, Dawvris",BOS,SS,836605,17.5,2026 FA,,R/R,"6'0"" 180",728,352.92,168,Paywall,Paywall,150,150,Paywall,300,165,150,150,Paywall,900,550,150,150,150,225,Paywall,150,150,Paywall,Paywall,Paywall,150,Paywall
"Bormie, Wilian",TEX,P,693781,25.0,2019 FA,AA,R/R,"6'3"" 175",728,352.92,168,Paywall,Paywall,150,150,Paywall,300,165,150,150,Paywall,306,855,150,150,150,225,Paywall,150,150,Paywall,Paywall,Paywall,150,Paywall
"Cook, Billy",PIT,OF,695257,27.2,2021 #287,MLB,R/R,"6'0"" 204",728,352.92,168,Paywall,Paywall,150,150,Paywall,300,165,150,150,Paywall,900,855,150,150,150,225,Paywall,150,150,Paywall,Paywall,Paywall,150,Paywall
"Pena, Jose Jr.",PHI,P,700247,22.7,2021 #175,A+,R/R,"6'3"" 200",731,353.04,168,Paywall,Paywall,150,150,Paywall,300,165,150,150,Paywall,309,855,150,150,150,225,Paywall,150,150,Paywall,Paywall,Paywall,150,Paywall
"Dowd, Drew",TB,P,694647,24.2,2023 #243,A+,L/L,"6'2"" 206",732,353.08,168,Paywall,Paywall,150,150,Paywall,300,165,150,150,Paywall,310,855,150,150,150,225,Paywall,150,150,Paywall,Paywall,Paywall,150,Paywall
"Perez, Steven",CLE,P,682897,24.9,2018 FA,AA,L/L,"5'11"" 206",733,353.12,168,Paywall,Paywall,150,150,Paywall,300,165,150,150,Paywall,311,855,150,150,150,225,Paywall,150,150,Paywall,Paywall,Paywall,150,Paywall
"Ramirez, Cleiner",NYM,OF,836600,17.3,2026 FA,,R/R,"5'9"" 175",734,353.16,168,Paywall,Paywall,150,150,Paywall,300,165,150,150,Paywall,900,565,150,150,150,225,Paywall,150,150,Paywall,Paywall,Paywall,150,Paywall
"Nieves, Marlon",LAD,P,812363,20.8,2023 FA,A,R/R,"6'3"" 170",735,353.24,168,Paywall,Paywall,150,150,Paywall,300,165,150,150,Paywall,900,855,150,150,150,225,Paywall,150,150,Paywall,Paywall,Paywall,150,Paywall
"Foster, Rio",LAA,OF,815306,22.8,2023 #474,A+,R/R,"6'3"" 219",736,353.32,168,Paywall,Paywall,150,150,Paywall,300,165,150,150,Paywall,316,855,150,150,150,225,Paywall,150,150,Paywall,Paywall,Paywall,150,Paywall
"Sanchez, Carlos",CIN,3B,800176,21.2,2022 FA,A+,L/R,"6'1"" 177",736,353.32,168,Paywall,Paywall,150,150,Paywall,300,165,150,150,Paywall,900,855,150,150,150,225,Paywall,150,150,Paywall,Paywall,Paywall,150,Paywall
"Vargas, Marco",NYM,SS,804614,20.9,2022 FA,A+,L/R,"5'11"" 170",738,353.36,168,Paywall,Paywall,150,150,Paywall,300,165,150,150,Paywall,900,855,150,150,150,225,Paywall,150,150,Paywall,Paywall,Paywall,150,Paywall
"Selvidge, Brock",NYY,P,691795,23.6,2021 #92,AA,R/L,"6'3"" 205",739,353.52,168,Paywall,Paywall,150,150,Paywall,300,165,150,150,Paywall,900,855,150,150,150,225,Paywall,150,150,Paywall,Paywall,Paywall,150,Paywall
"Mitchell, Nick",CLE,OF,814455,22.6,2024 #136,A+,L/R,"5'10"" 185",740,353.60,168,Paywall,Paywall,150,150,Paywall,300,165,150,150,Paywall,323,855,150,150,150,225,Paywall,150,150,Paywall,Paywall,Paywall,150,Paywall
"Johnson, Marques",SF,P,688730,25.7,2022 #339,AA,R/R,"6'2"" 210",741,353.68,168,Paywall,Paywall,150,150,Paywall,300,165,150,150,Paywall,325,855,150,150,150,225,Paywall,150,150,Paywall,Paywall,Paywall,150,Paywall
"Santana, Adrian",TB,SS,803745,20.7,2023 #31,A+,S/R,"5'11"" 155",742,353.84,168,Paywall,Paywall,150,150,Paywall,300,165,150,150,Paywall,900,855,150,150,150,225,Paywall,150,150,Paywall,Paywall,Paywall,150,Paywall
"Rodriguez, Adrian",TEX,P,689583,24.9,2019 #1165,A+,R/R,"6'5"" 192",743,354.12,168,Paywall,Paywall,150,150,Paywall,300,165,150,150,Paywall,336,855,150,150,150,225,Paywall,150,150,Paywall,Paywall,Paywall,150,Paywall
"Southisene, Ty",CHC,SS,807257,20.7,2024 #120,A,R/R,"5'9"" 170",744,354.36,168,Paywall,Paywall,150,150,Paywall,300,165,150,150,Paywall,342,855,150,150,150,225,Paywall,150,150,Paywall,Paywall,Paywall,150,Paywall
"Valencia, Eduardo",DET,C,680664,26.2,2018 FA,AAA,R/R,"6'2"" 180",745,354.52,168,Paywall,Paywall,150,150,Paywall,300,165,150,150,Paywall,346,855,150,150,150,225,Paywall,150,150,Paywall,Paywall,Paywall,150,Paywall
"Reyes, Felix",PHI,1B,694025,25.0,2020 FA,AAA,R/R,"6'4"" 195",746,354.64,168,Paywall,Paywall,150,150,Paywall,300,165,150,150,Paywall,349,855,150,150,150,225,Paywall,150,150,Paywall,Paywall,Paywall,150,Paywall
"Ashman, Micah",BAL,P,809840,23.6,2024 #326,AA,L/L,"6'7"" 195",747,354.68,168,Paywall,Paywall,150,150,Paywall,300,165,150,150,Paywall,350,855,150,150,150,225,Paywall,150,150,Paywall,Paywall,Paywall,150,Paywall
"Hernandez, Jose D.",LAD,SS,691559,22.9,2019 FA,A,R/R,"6'1"" 145",748,354.72,168,Paywall,Paywall,150,150,Paywall,300,165,150,150,Paywall,351,855,150,150,150,225,Paywall,150,150,Paywall,Paywall,Paywall,150,Paywall
"Bloebaum, Adam",WAS,P,826168,24.9,2024 FA,A+,L/L,"6'6"" 225",749,354.76,168,Paywall,Paywall,150,150,Paywall,300,165,150,150,Paywall,352,855,150,150,150,225,Paywall,150,150,Paywall,Paywall,Paywall,150,Paywall
"Brown, McCade",COL,P,685326,25.6,2021 #79,MLB,R/R,"6'6"" 225",750,354.80,168,Paywall,Paywall,150,150,Paywall,300,165,150,150,Paywall,353,855,150,150,150,225,Paywall,150,150,Paywall,Paywall,Paywall,150,Paywall
"Cavalli, Cade",WAS,P,676917,27.6,2020 #22,MLB,R/R,"6'4"" 223",751,354.84,168,Paywall,Paywall,150,150,Paywall,300,165,150,150,Paywall,900,855,150,150,150,225,Paywall,150,150,Paywall,Paywall,Paywall,150,Paywall
"Johnston, Troy",COL,OF,687859,28.8,2019 #501,MLB,L/L,"5'11"" 205",751,354.84,168,Paywall,Paywall,150,150,Paywall,300,165,150,150,Paywall,900,309,150,150,150,225,Paywall,150,150,Paywall,Paywall,Paywall,150,Paywall
"Fields, Colin",DET,P,802953,26.0,2022 FA,AAA,R/R,"6'2"" 200",751,354.84,168,Paywall,Paywall,150,150,Paywall,300,165,150,150,Paywall,354,855,150,150,150,225,Paywall,150,150,Paywall,Paywall,Paywall,150,Paywall
"Thompson, Benny",LAA,P,802967,24.2,2023 FA,A,R/R,"6'0"" 223",754,354.92,168,Paywall,Paywall,150,150,Paywall,300,165,150,150,Paywall,356,855,150,150,150,225,Paywall,150,150,Paywall,Paywall,Paywall,150,Paywall
"Dishmey, Eliazar",MIA,P,803244,21.4,2022 FA,A+,R/R,"6'1"" 175",754,354.92,168,Paywall,Paywall,150,150,Paywall,300,165,150,150,Paywall,900,855,150,150,150,225,Paywall,150,150,Paywall,Paywall,Paywall,150,Paywall
"Luciano, Marco",NYY,OF,682617,24.5,2018 FA,MLB,R/R,"6'1"" 215",756,354.96,168,Paywall,Paywall,150,150,Paywall,300,165,150,150,Paywall,357,855,150,150,150,225,Paywall,150,150,Paywall,Paywall,Paywall,150,Paywall
"Toole, Marshall",NYY,OF,828319,23.0,2024 #451,A,L/R,"5'11"" 185",757,355.04,168,Paywall,Paywall,150,150,Paywall,300,165,150,150,Paywall,359,855,150,150,150,225,Paywall,150,150,Paywall,Paywall,Paywall,150,Paywall
"Glassey, Joe",BAL,P,812521,24.7,2024 FA,A+,R/R,"6'3"" 220",758,355.12,168,Paywall,Paywall,150,150,Paywall,300,165,150,150,Paywall,361,855,150,150,150,225,Paywall,150,150,Paywall,Paywall,Paywall,150,Paywall
"Wilkinson, Matt",CLE,P,683363,23.3,2023 #308,A+,R/L,"6'1"" 250",759,355.16,168,Paywall,Paywall,150,150,Paywall,300,165,150,150,Paywall,362,855,150,150,150,225,Paywall,150,150,Paywall,Paywall,Paywall,150,Paywall
"Nowak, Luke",KC,OF,804114,23.3,2025 #518,A,L/L,"5'10"" 190",760,355.20,168,Paywall,Paywall,150,150,Paywall,300,165,150,150,Paywall,363,855,150,150,150,225,Paywall,150,150,Paywall,Paywall,Paywall,150,Paywall
"Gordon, R.J.",NYM,P,822161,24.4,2024 #383,AA,R/R,"6'0"" 195",761,355.24,168,Paywall,Paywall,150,150,Paywall,300,165,150,150,Paywall,900,855,150,150,150,225,Paywall,150,150,Paywall,Paywall,Paywall,150,Paywall
"Hawke, Tommy",CLE,OF,803142,23.7,2023 #188,A+,L/R,"5'8"" 151",762,355.28,168,Paywall,Paywall,150,150,Paywall,300,165,150,150,Paywall,365,855,150,150,150,225,Paywall,150,150,Paywall,Paywall,Paywall,150,Paywall
"Morales, Michael",SEA,P,691786,23.6,2021 #83,AA,R/R,"6'2"" 205",762,355.28,168,Paywall,Paywall,150,150,Paywall,300,165,150,150,Paywall,900,855,150,150,150,225,Paywall,150,150,Paywall,Paywall,Paywall,150,Paywall
"Lambert, Ryan",NYM,P,822038,23.6,2024 #233,AA,R/R,"6'3"" 222",764,355.32,168,Paywall,Paywall,150,150,Paywall,300,165,150,150,Paywall,366,855,150,150,150,225,Paywall,150,150,Paywall,Paywall,Paywall,150,Paywall
"Rojas, Yondrei",TOR,P,700292,23.3,2021 FA,AA,R/R,"5'10"" 180",765,355.40,168,Paywall,Paywall,150,150,Paywall,300,165,150,150,Paywall,368,855,150,150,150,225,Paywall,150,150,Paywall,Paywall,Paywall,150,Paywall
"Belgrave, Nigel",MIA,P,811310,23.9,2023 #443,AAA,R/R,"6'4"" 215",766,355.48,168,Paywall,Paywall,150,150,Paywall,300,165,150,150,Paywall,370,855,150,150,150,225,Paywall,150,150,Paywall,Paywall,Paywall,150,Paywall
"Lovich, Jackson",NYY,SS,804944,22.4,2025 #494,A,R/R,"6'4"" 192",767,355.56,168,Paywall,Paywall,150,150,Paywall,300,165,150,150,Paywall,372,855,150,150,150,225,Paywall,150,150,Paywall,Paywall,Paywall,150,Paywall
"Ornelas, Tirso",SD,OF,672359,26.0,2017 FA,MLB,L/R,"6'3"" 200",768,355.64,168,Paywall,Paywall,150,150,Paywall,300,165,150,150,Paywall,900,855,150,150,150,225,Paywall,150,150,Paywall,Paywall,Paywall,150,Paywall
"Hobbs, Carson",LAD,P,814481,24.1,2023 #340,AA,R/R,"6'1"" 197",769,355.68,168,Paywall,Paywall,150,150,Paywall,300,165,150,150,Paywall,375,855,150,150,150,225,Paywall,150,150,Paywall,Paywall,Paywall,150,Paywall
"Bostick, Josh",SF,P,701241,24.4,2023 #240,A+,R/R,"6'4"" 205",769,355.68,168,Paywall,Paywall,150,150,Paywall,300,165,150,150,Paywall,900,855,150,150,150,225,Paywall,150,150,Paywall,Paywall,Paywall,150,Paywall
"Perez, Fernando",TOR,P,800125,22.1,2022 FA,AA,R/R,"6'3"" 170",771,355.72,168,Paywall,Paywall,150,150,Paywall,300,165,150,150,Paywall,900,855,150,150,150,225,Paywall,150,150,Paywall,Paywall,Paywall,150,Paywall
"Pallette, Peyton",CLE,P,688883,24.9,2022 #62,AAA,R/R,"6'1"" 190",772,355.76,168,Paywall,Paywall,150,150,Paywall,300,165,150,150,Paywall,900,855,150,150,150,225,Paywall,150,150,Paywall,Paywall,Paywall,150,Paywall
"Agbayani, Bruin",MIN,SS,828202,19.0,2025 #179,A,L/R,"6'2"" 185",773,355.80,168,Paywall,Paywall,150,150,Paywall,300,165,150,150,Paywall,900,333,150,150,150,225,Paywall,150,150,Paywall,Paywall,Paywall,150,Paywall
"Fabian, Andy",BAL,P,820848,23.2,2023 FA,A,L/L,"6'4"" 210",774,355.84,168,Paywall,Paywall,150,150,Paywall,300,165,150,150,Paywall,379,855,150,150,150,225,Paywall,150,150,Paywall,Paywall,Paywall,150,Paywall
"Risedorph, Brayden",CHC,P,703613,22.7,2024 #602,A+,R/R,"6'3"" 230",775,355.88,168,Paywall,Paywall,150,150,Paywall,300,165,150,150,Paywall,380,855,150,150,150,225,Paywall,150,150,Paywall,Paywall,Paywall,150,Paywall
"Coleman, Javen",TOR,P,694495,24.3,2023 #490,A+,L/L,"6'2"" 200",776,355.96,168,Paywall,Paywall,150,150,Paywall,300,165,150,150,Paywall,382,855,150,150,150,225,Paywall,150,150,Paywall,Paywall,Paywall,150,Paywall
"Gomez, Ruddy",MIN,P,803276,26.2,2025 FA,A+,R/R,"6'2"" 215",777,356.12,168,Paywall,Paywall,150,150,Paywall,300,165,150,150,Paywall,386,855,150,150,150,225,Paywall,150,150,Paywall,Paywall,Paywall,150,Paywall
"Gamez, Jesus",TEX,P,804966,23.1,2023 FA,A+,R/R,"6'0"" 190",778,356.16,168,Paywall,Paywall,150,150,Paywall,300,165,150,150,Paywall,387,855,150,150,150,225,Paywall,150,150,Paywall,Paywall,Paywall,150,Paywall
"Loomis, Eric",TEX,P,823793,24.0,2024 #495,AA,R/R,"6'0"" 195",779,356.20,168,Paywall,Paywall,150,150,Paywall,300,165,150,150,Paywall,388,855,150,150,150,225,Paywall,150,150,Paywall,Paywall,Paywall,150,Paywall
"Porter, Brock",TEX,P,702548,22.8,2022 #109,A+,R/R,"6'4"" 208",780,356.24,168,Paywall,Paywall,150,150,Paywall,300,165,150,150,Paywall,389,855,150,150,150,225,Paywall,150,150,Paywall,Paywall,Paywall,150,Paywall
"Mueth, Zander",PIT,P,805800,20.8,2023 #67,A,R/R,"6'6"" 205",780,356.24,168,Paywall,Paywall,150,150,Paywall,300,165,150,150,Paywall,900,855,150,150,150,225,Paywall,150,150,Paywall,Paywall,Paywall,150,Paywall
"Aldonis, Pablo",WAS,P,692454,24.0,2019 FA,A+,L/L,"6'1"" 160",782,356.36,168,Paywall,Paywall,150,150,Paywall,300,165,150,150,Paywall,392,855,150,150,150,225,Paywall,150,150,Paywall,Paywall,Paywall,150,Paywall
"Bautista, Aldrin",CHW,P,702881,22.9,2022 FA,A+,R/R,"6'2"" 185",782,356.36,168,Paywall,Paywall,150,150,Paywall,300,165,150,150,Paywall,900,855,150,150,150,225,Paywall,150,150,Paywall,Paywall,Paywall,150,Paywall
"Warrecker, Bryce",NYY,P,695425,24.5,2023 #612,A+,L/R,"6'8"" 225",784,356.40,168,Paywall,Paywall,150,150,Paywall,300,165,150,150,Paywall,393,855,150,150,150,225,Paywall,150,150,Paywall,Paywall,Paywall,150,Paywall
"Adams, Mason",CHW,P,690279,26.1,2022 #401,AAA,R/R,"6'1"" 190",785,356.44,168,Paywall,Paywall,150,150,Paywall,300,165,150,150,Paywall,900,855,150,150,150,225,Paywall,150,150,Paywall,Paywall,Paywall,150,Paywall
"Malgeri, Ben",DET,OF,701162,26.2,2021 #525,AA,R/R,"6'1"" 215",786,356.56,168,Paywall,Paywall,150,150,Paywall,300,165,150,150,Paywall,397,855,150,150,150,225,Paywall,150,150,Paywall,Paywall,Paywall,150,Paywall
"Whitcomb, Shay",HOU,OF,694376,27.5,2020 #160,MLB,R/R,"6'0"" 202",787,356.68,168,Paywall,Paywall,150,150,Paywall,300,165,150,150,Paywall,900,855,150,150,150,225,Paywall,150,150,Paywall,Paywall,Paywall,150,Paywall
"Murphy, Shane",CHW,P,690294,25.2,2022 #431,AAA,L/L,"6'5"" 210",787,356.68,168,Paywall,Paywall,150,150,Paywall,300,165,150,150,Paywall,400,855,150,150,150,225,Paywall,150,150,Paywall,Paywall,Paywall,150,Paywall
"Garcia, Brandyn",ARI,P,805299,25.8,2023 #337,MLB,L/L,"6'4"" 235",787,356.68,168,Paywall,Paywall,150,150,Paywall,300,165,150,150,Paywall,900,855,150,150,150,225,Paywall,150,150,Paywall,Paywall,Paywall,150,Paywall
"Hawkins, Dakota",NYM,P,809950,26.0,2023 FA,AAA,R/R,"6'0"" 208",790,356.88,168,Paywall,Paywall,150,150,Paywall,300,165,150,150,Paywall,405,855,150,150,150,225,Paywall,150,150,Paywall,Paywall,Paywall,150,Paywall
"Kirkpatrick, Jackson",CHC,P,814342,23.6,2025 FA,A+,L/R,"6'7"" 250",791,357.00,168,Paywall,Paywall,150,150,Paywall,300,165,150,150,Paywall,408,855,150,150,150,225,Paywall,150,150,Paywall,Paywall,Paywall,150,Paywall
"Beeker, Merritt",WAS,P,701726,24.4,2024 #320,A,R/L,"6'2"" 198",792,357.20,168,Paywall,Paywall,150,150,Paywall,300,165,150,150,Paywall,413,855,150,150,150,225,Paywall,150,150,Paywall,Paywall,Paywall,150,Paywall
"Favors, Caden",CLE,P,801129,24.6,2024 #175,A+,R/L,"6'1"" 219",793,357.28,168,Paywall,Paywall,150,150,Paywall,300,165,150,150,Paywall,900,855,150,150,150,225,Paywall,150,150,Paywall,Paywall,Paywall,150,Paywall
"Severino, Jhonny",PIT,SS,703177,21.4,2022 FA,A,R/R,"6'2"" 185",794,357.32,168,Paywall,Paywall,150,150,Paywall,300,165,150,150,Paywall,900,855,150,150,150,225,Paywall,150,150,Paywall,Paywall,Paywall,150,Paywall
"Jung, Jace",DET,3B,690291,25.5,2022 #12,MLB,L/R,"6'0"" 205",795,357.36,168,Paywall,Paywall,150,150,Paywall,300,165,150,150,Paywall,900,372,150,150,150,225,Paywall,150,150,Paywall,Paywall,Paywall,150,Paywall
"Teran, Saul",PHI,P,699703,24.0,2021 FA,AA,R/R,"6'1"" 165",795,357.36,168,Paywall,Paywall,150,150,Paywall,300,165,150,150,Paywall,417,855,150,150,150,225,Paywall,150,150,Paywall,Paywall,Paywall,150,Paywall
"McLaughlin, Ben",ARI,3B,808768,23.8,2024 #284,AA,L/R,"6'3"" 210",797,357.40,168,Paywall,Paywall,150,150,Paywall,300,165,150,150,Paywall,418,855,150,150,150,225,Paywall,150,150,Paywall,Paywall,Paywall,150,Paywall
"Cason, Conrad",BOS,TWP,815359,19.6,2024 #237,R,R/R,"6'1"" 190",797,357.40,168,Paywall,Paywall,150,150,Paywall,300,165,150,150,Paywall,900,855,150,150,150,225,Paywall,150,150,Paywall,Paywall,Paywall,150,Paywall
"McLain, Nick",CHW,OF,695607,23.3,2024 #78,A,S/L,"5'10"" 190",799,357.44,168,Paywall,Paywall,150,150,Paywall,300,165,150,150,Paywall,419,855,150,150,150,225,Paywall,150,150,Paywall,Paywall,Paywall,150,Paywall
"Johnson, Seth",PHI,P,686751,27.5,2019 #40,MLB,R/R,"6'1"" 205",799,357.44,168,Paywall,Paywall,150,150,Paywall,300,165,150,150,Paywall,900,855,150,150,150,225,Paywall,150,150,Paywall,Paywall,Paywall,150,Paywall
"Rodriguez, Jeremy",NYM,SS,807007,19.7,2023 FA,A,L/R,"6'0"" 170",801,357.52,168,Paywall,Paywall,150,150,Paywall,300,165,150,150,Paywall,900,855,150,150,150,225,Paywall,150,150,Paywall,Paywall,Paywall,150,Paywall
"Anthony, Keaton",PHI,1B,805704,24.8,2023 FA,AAA,R/R,"6'2"" 211",802,357.60,168,Paywall,Paywall,150,150,Paywall,300,165,150,150,Paywall,423,855,150,150,150,225,Paywall,150,150,Paywall,Paywall,Paywall,150,Paywall
"Calcano, Warren",KC,SS,829071,18.4,2025 FA,R,S/R,"6'1"" 154",802,357.60,168,Paywall,Paywall,150,150,Paywall,300,165,150,150,Paywall,900,855,150,150,150,225,Paywall,150,150,Paywall,Paywall,Paywall,150,Paywall
"Trentadue, Josh",TEX,P,815048,24.2,2023 #411,AA,L/L,"6'2"" 185",804,357.64,168,Paywall,Paywall,150,150,Paywall,300,165,150,150,Paywall,424,855,150,150,150,225,Paywall,150,150,Paywall,Paywall,Paywall,150,Paywall
"Pinto, Adrian",TOR,2B,691437,23.5,2019 FA,A+,R/R,"5'6"" 156",804,357.64,168,Paywall,Paywall,150,150,Paywall,300,165,150,150,Paywall,900,855,150,150,150,225,Paywall,150,150,Paywall,Paywall,Paywall,150,Paywall
"Pennington, Garrett",DET,1B,693243,25.4,2024 FA,A+,R/R,"6'0"" 224",806,357.72,168,Paywall,Paywall,150,150,Paywall,300,165,150,150,Paywall,426,855,150,150,150,225,Paywall,150,150,Paywall,Paywall,Paywall,150,Paywall
"Franco, Junior",ARI,OF,691285,23.5,2019 FA,AA,L/L,"5'9"" 165",807,357.80,168,Paywall,Paywall,150,150,Paywall,300,165,150,150,Paywall,428,855,150,150,150,225,Paywall,150,150,Paywall,Paywall,Paywall,150,Paywall
"Romero, Leandro",SEA,SS,815933,19.4,2024 FA,R,R/R,"6'1"" 170",807,357.80,168,Paywall,Paywall,150,150,Paywall,300,165,150,150,Paywall,900,855,150,150,150,225,Paywall,150,150,Paywall,Paywall,Paywall,150,Paywall
"Gastelum, Luis",STL,P,703725,24.5,2023 FA,AA,R/R,"6'2"" 175",809,357.84,168,Paywall,Paywall,150,150,Paywall,300,165,150,150,Paywall,429,855,150,150,150,225,Paywall,150,150,Paywall,Paywall,Paywall,150,Paywall
"Sterling, Levi",PIT,P,815552,19.6,2024 #37,A,R/R,"6'5"" 202",809,357.84,168,Paywall,Paywall,150,150,Paywall,300,165,150,150,Paywall,900,855,150,150,150,225,Paywall,150,150,Paywall,Paywall,Paywall,150,Paywall
"Ellwanger, James",MIN,P,806067,21.9,2025 #88,,R/R,"6'4"" 205",811,357.88,168,Paywall,Paywall,150,150,Paywall,300,165,150,150,Paywall,900,385,150,150,150,225,Paywall,150,150,Paywall,Paywall,Paywall,150,Paywall
"Allan, Matt",NYM,P,682929,24.9,2019 #89,A+,R/R,"6'3"" 225",811,357.88,168,Paywall,Paywall,150,150,Paywall,300,165,150,150,Paywall,900,855,150,150,150,225,Paywall,150,150,Paywall,Paywall,Paywall,150,Paywall
"Gallagher, Pat",TOR,P,693483,25.7,2022 #338,AA,R/R,"6'0"" 196",813,357.92,168,Paywall,Paywall,150,150,Paywall,300,165,150,150,Paywall,431,855,150,150,150,225,Paywall,150,150,Paywall,Paywall,Paywall,150,Paywall
"Nikhazy, Doug",CLE,P,680951,26.6,2021 #58,MLB,L/L,"6'0"" 210",814,357.96,168,Paywall,Paywall,150,150,Paywall,300,165,150,150,Paywall,900,855,150,150,150,225,Paywall,150,150,Paywall,Paywall,Paywall,150,Paywall
"Hernandez, Miguel",STL,SS,829791,17.8,2025 FA,R,R/R,"6'0"" 145",815,358.00,168,Paywall,Paywall,150,150,Paywall,300,165,150,150,Paywall,900,388,150,150,150,225,Paywall,150,150,Paywall,Paywall,Paywall,150,Paywall
"Francisco, Brent",MIN,P,828671,24.8,2025 FA,A,R/R,"6'7"" 250",815,358.00,168,Paywall,Paywall,150,150,Paywall,300,165,150,150,Paywall,433,855,150,150,150,225,Paywall,150,150,Paywall,Paywall,Paywall,150,Paywall
"Reed, Carlson",PIT,P,694788,23.3,2023 #104,A+,L/R,"6'4"" 200",815,358.00,168,Paywall,Paywall,150,150,Paywall,300,165,150,150,Paywall,900,855,150,150,150,225,Paywall,150,150,Paywall,Paywall,Paywall,150,Paywall
"Munoz, Ronny",MIA,SS,836604,17.5,2026 FA,,R/R,"5'11"" 165",818,358.04,168,Paywall,Paywall,150,150,Paywall,300,165,150,150,Paywall,900,389,150,150,150,225,Paywall,150,150,Paywall,Paywall,Paywall,150,Paywall
"Heuer, Mac",NYY,P,806121,21.7,2025 #254,,R/R,"6'5"" 265",818,358.04,168,Paywall,Paywall,150,150,Paywall,300,165,150,150,Paywall,900,855,150,150,150,225,Paywall,150,150,Paywall,Paywall,Paywall,150,Paywall
"Lashutka, Luke",MIA,P,828518,23.8,2024 #574,A+,R/R,"6'2"" 195",820,358.16,168,Paywall,Paywall,150,150,Paywall,300,165,150,150,Paywall,437,855,150,150,150,225,Paywall,150,150,Paywall,Paywall,Paywall,150,Paywall
"De La Rosa, Carlos",SF,P,822215,18.3,2025 FA,R,L/L,"5'11"" 178",820,358.16,168,Paywall,Paywall,150,150,Paywall,300,165,150,150,Paywall,900,855,150,150,150,225,Paywall,150,150,Paywall,Paywall,Paywall,150,Paywall
"Dickinson, Daniel",MIL,SS,823658,22.3,2025 #185,,R/R,"6'0"" 180",822,358.20,168,Paywall,Paywall,150,150,Paywall,300,165,150,150,Paywall,900,855,150,150,150,225,Paywall,150,150,Paywall,Paywall,Paywall,150,Paywall
"Ulloa, Fidel",COL,P,801842,23.2,2024 #198,A+,R/R,"6'2"" 205",823,358.24,168,Paywall,Paywall,150,150,Paywall,300,165,150,150,Paywall,439,855,150,150,150,225,Paywall,150,150,Paywall,Paywall,Paywall,150,Paywall
"Salio, Angel",CIN,SS,825620,18.1,2025 FA,R,L/R,"6'2"" 170",824,358.28,168,Paywall,Paywall,150,150,Paywall,300,165,150,150,Paywall,900,395,150,150,150,225,Paywall,150,150,Paywall,Paywall,Paywall,150,Paywall
"Herrera, Welinton",COL,P,700327,22.0,2021 FA,AA,L/L,"6'0"" 166",825,358.36,168,Paywall,Paywall,150,150,Paywall,300,165,150,150,Paywall,442,855,150,150,150,225,Paywall,150,150,Paywall,Paywall,Paywall,150,Paywall
"Burkhalter, Blake",ATL,P,686628,25.5,2022 #76,AAA,R/R,"6'0"" 204",825,358.36,168,Paywall,Paywall,150,150,Paywall,300,165,150,150,Paywall,900,855,150,150,150,225,Paywall,150,150,Paywall,Paywall,Paywall,150,Paywall
"Matson, Sean",CLE,P,822483,23.8,2024 #265,A+,S/R,"6'2"" 220",827,358.40,168,Paywall,Paywall,150,150,Paywall,300,165,150,150,Paywall,443,855,150,150,150,225,Paywall,150,150,Paywall,Paywall,Paywall,150,Paywall
"Dumesnil, Nick",DET,OF,825094,22.0,2025 #249,A,R/R,"6'0"" 210",827,358.40,168,Paywall,Paywall,150,150,Paywall,300,165,150,150,Paywall,900,855,150,150,150,225,Paywall,150,150,Paywall,Paywall,Paywall,150,Paywall
"Troconis, Donny",ATH,P,807988,20.5,2023 FA,A,R/R,"6'4"" 180",829,358.44,168,Paywall,Paywall,150,150,Paywall,300,165,150,150,Paywall,444,855,150,150,150,225,Paywall,150,150,Paywall,Paywall,Paywall,150,Paywall
"Hernandez, Herick",ATL,P,803349,22.6,2024 #129,A+,L/L,"5'10"" 205",830,358.52,168,Paywall,Paywall,150,150,Paywall,300,165,150,150,Paywall,900,855,150,150,150,225,Paywall,150,150,Paywall,Paywall,Paywall,150,Paywall
"Castellano, Eiberson",PHI,P,682769,24.9,2018 FA,AA,R/R,"6'3"" 160",831,358.56,168,Paywall,Paywall,150,150,Paywall,300,165,150,150,Paywall,900,855,150,150,150,225,Paywall,150,150,Paywall,Paywall,Paywall,150,Paywall
"Clohisy, Patrick",ATL,OF,802117,24.3,2024 #341,AA,L/L,"5'10"" 190",832,358.60,168,Paywall,Paywall,150,150,Paywall,300,165,150,150,Paywall,900,855,150,150,150,225,Paywall,150,150,Paywall,Paywall,Paywall,150,Paywall
"Sisneros, Cameron",CHC,1B,815133,24.8,2024 #422,A+,L/L,"6'2"" 230",832,358.60,168,Paywall,Paywall,150,150,Paywall,300,165,150,150,Paywall,448,855,150,150,150,225,Paywall,150,150,Paywall,Paywall,Paywall,150,Paywall
"Montgomery, Benny",COL,OF,695603,23.5,2021 #8,AA,R/R,"6'5"" 200",832,358.60,168,Paywall,Paywall,150,150,Paywall,300,165,150,150,Paywall,900,855,150,150,150,225,Paywall,150,150,Paywall,Paywall,Paywall,150,Paywall
"Davitt, Duncan",CHW,P,701474,26.5,2022 #554,AAA,R/R,"6'3"" 235",835,358.64,168,Paywall,Paywall,150,150,Paywall,300,165,150,150,Paywall,900,855,150,150,150,225,Paywall,150,150,Paywall,Paywall,Paywall,150,Paywall
"Clark, Jonathan",CHW,P,702165,25.8,2025 FA,A+,R/R,"6'1"" 190",836,358.72,168,Paywall,Paywall,150,150,Paywall,300,165,150,150,Paywall,451,855,150,150,150,225,Paywall,150,150,Paywall,Paywall,Paywall,150,Paywall
"McGarry, Griff",WAS,P,676046,26.8,2021 #145,AAA,R/R,"6'2"" 190",837,358.76,168,Paywall,Paywall,150,150,Paywall,300,165,150,150,Paywall,900,855,150,150,150,225,Paywall,150,150,Paywall,Paywall,Paywall,150,Paywall
"Rodriguez, Jose",LAD,P,692064,24.7,2019 FA,AAA,S/R,"6'6"" 200",838,358.80,168,Paywall,Paywall,150,150,Paywall,300,165,150,150,Paywall,900,855,150,150,150,225,Paywall,150,150,Paywall,Paywall,Paywall,150,Paywall
"Trimble, Reed",BAL,OF,701655,25.8,2021 #65,AAA,S/R,"6'0"" 180",838,358.80,168,Paywall,Paywall,150,150,Paywall,300,165,150,150,Paywall,453,855,150,150,150,225,Paywall,150,150,Paywall,Paywall,Paywall,150,Paywall
"Vivas, Jorbit",NYY,2B,678391,25.0,2017 FA,MLB,L/R,"5'9"" 171",840,358.84,168,Paywall,Paywall,150,150,Paywall,300,165,150,150,Paywall,454,855,150,150,150,225,Paywall,150,150,Paywall,Paywall,Paywall,150,Paywall
"Cranz, Robert",WAS,P,801128,22.8,2024 #200,A+,R/R,"6'3"" 207",841,358.88,168,Paywall,Paywall,150,150,Paywall,300,165,150,150,Paywall,455,855,150,150,150,225,Paywall,150,150,Paywall,Paywall,Paywall,150,Paywall
"Bergert, Ryan",KC,P,686701,26.0,2021 #190,MLB,R/R,"6'1"" 210",842,358.92,168,Paywall,Paywall,150,150,Paywall,300,165,150,150,Paywall,900,855,150,150,150,225,Paywall,150,150,Paywall,Paywall,Paywall,150,Paywall
"Sio, Jean Carlos",SF,SS,805117,22.0,2022 FA,A+,L/R,"6'0"" 167",842,358.92,168,Paywall,Paywall,150,150,Paywall,300,165,150,150,Paywall,456,855,150,150,150,225,Paywall,150,150,Paywall,Paywall,Paywall,150,Paywall
"Kennedy, Michael",CLE,P,702604,21.3,2022 #110,A+,L/L,"6'1"" 200",844,358.96,168,Paywall,Paywall,150,150,Paywall,300,165,150,150,Paywall,457,855,150,150,150,225,Paywall,150,150,Paywall,Paywall,Paywall,150,Paywall
"Radney, Adriel",ARI,OF,815895,18.8,2024 FA,R,R/R,"6'3"" 180",845,359.00,168,Paywall,Paywall,150,150,Paywall,300,165,150,150,Paywall,900,855,150,150,150,225,Paywall,150,150,Paywall,Paywall,Paywall,150,Paywall
"Hainline, Elijah",LAD,SS,809944,23.3,2024 #220,AAA,R/R,"5'10"" 181",846,359.04,168,Paywall,Paywall,150,150,Paywall,300,165,150,150,Paywall,459,855,150,150,150,225,Paywall,150,150,Paywall,Paywall,Paywall,150,Paywall
"Diaz, Joel",NYM,P,699309,22.1,2021 FA,A+,R/R,"6'2"" 208",846,359.04,168,Paywall,Paywall,150,150,Paywall,300,165,150,150,Paywall,900,855,150,150,150,225,Paywall,150,150,Paywall,Paywall,Paywall,150,Paywall
"Barr, Matt",MIN,P,832699,20.2,2025 #149,,R/R,"6'6"" 195",848,359.08,168,Paywall,Paywall,150,150,Paywall,300,165,150,150,Paywall,900,415,150,150,150,225,Paywall,150,150,Paywall,Paywall,Paywall,150,Paywall
"Arronde, Felix",KC,P,702373,22.9,2021 FA,A+,R/R,"6'3"" 185",848,359.08,168,Paywall,Paywall,150,150,Paywall,300,165,150,150,Paywall,900,855,150,150,150,225,Paywall,150,150,Paywall,Paywall,Paywall,150,Paywall
"Guzman, Adonys",BOS,C,702631,22.3,2025 #144,A,R/R,"5'11"" 221",850,359.12,168,Paywall,Paywall,150,150,Paywall,300,165,150,150,Paywall,461,855,150,150,150,225,Paywall,150,150,Paywall,Paywall,Paywall,150,Paywall
"Powell, Caden",HOU,SS,702547,22.4,2024 #193,A,R/R,"6'3"" 200",851,359.16,168,Paywall,Paywall,150,150,Paywall,300,165,150,150,Paywall,900,855,150,150,150,225,Paywall,150,150,Paywall,Paywall,Paywall,150,Paywall
"Volini, Joey",MIA,P,804123,23.3,2025 #168,A+,L/L,"6'4"" 247",851,359.16,168,Paywall,Paywall,150,150,Paywall,300,165,150,150,Paywall,462,855,150,150,150,225,Paywall,150,150,Paywall,Paywall,Paywall,150,Paywall
"Hall, Owen",DET,P,815157,20.4,2024 #49,A,R/R,"6'3"" 185",853,359.20,168,Paywall,Paywall,150,150,Paywall,300,165,150,150,Paywall,900,855,150,150,150,225,Paywall,150,150,Paywall,Paywall,Paywall,150,Paywall
"Szykowny, Charlie",SF,3B,805126,25.7,2023 #270,A+,L/R,"6'4"" 225",854,359.24,168,Paywall,Paywall,150,150,Paywall,300,165,150,150,Paywall,464,855,150,150,150,225,Paywall,150,150,Paywall,Paywall,Paywall,150,Paywall
"Palmquist, Carson",COL,P,687223,25.4,2022 #88,MLB,L/L,"6'3"" 185",855,359.32,168,Paywall,Paywall,150,150,Paywall,300,165,150,150,Paywall,466,855,150,150,150,225,Paywall,150,150,Paywall,Paywall,Paywall,150,Paywall
"Garcia, Saul",NYM,P,702903,22.8,2021 FA,AA,R/R,"6'0"" 180",856,359.36,168,Paywall,Paywall,150,150,Paywall,300,165,150,150,Paywall,467,855,150,150,150,225,Paywall,150,150,Paywall,Paywall,Paywall,150,Paywall
"Iriarte, Jairo",CHW,P,683568,24.3,2018 FA,MLB,R/R,"6'4"" 240",857,359.44,168,Paywall,Paywall,150,150,Paywall,300,165,150,150,Paywall,900,855,150,150,150,225,Paywall,150,150,Paywall,Paywall,Paywall,150,Paywall
"Mendlinger, Noah",STL,3B,702331,25.6,2021 FA,AAA,L/R,"5'7"" 180",857,359.44,168,Paywall,Paywall,150,150,Paywall,300,165,150,150,Paywall,469,855,150,150,150,225,Paywall,150,150,Paywall,Paywall,Paywall,150,Paywall
"Wehunt, Blake",BOS,P,687762,25.4,2023 #268,AA,R/R,"6'7"" 240",857,359.44,168,Paywall,Paywall,150,150,Paywall,300,165,150,150,Paywall,900,855,150,150,150,225,Paywall,150,150,Paywall,Paywall,Paywall,150,Paywall
"Johnson, Ayden",ATH,SS,829042,18.1,2025 FA,R,R/R,"6'0"" 180",860,359.48,168,Paywall,Paywall,150,150,Paywall,300,165,150,150,Paywall,470,855,150,150,150,225,Paywall,150,150,Paywall,Paywall,Paywall,150,Paywall
"Robberse, Sem",STL,P,691828,24.5,2019 FA,AAA,R/R,"6'1"" 195",861,359.56,168,Paywall,Paywall,150,150,Paywall,300,165,150,150,Paywall,900,855,150,150,150,225,Paywall,150,150,Paywall,Paywall,Paywall,150,Paywall
"Micheletti, Eddie Jr.",TOR,OF,804446,24.2,2024 #247,A+,L/R,"6'1"" 225",861,359.56,168,Paywall,Paywall,150,150,Paywall,300,165,150,150,Paywall,472,855,150,150,150,225,Paywall,150,150,Paywall,Paywall,Paywall,150,Paywall
"Sears, Andrew",DET,P,808825,23.6,2023 #290,AA,L/L,"6'3"" 200",861,359.56,168,Paywall,Paywall,150,150,Paywall,300,165,150,150,Paywall,900,855,150,150,150,225,Paywall,150,150,Paywall,Paywall,Paywall,150,Paywall
"Diederich, Sayer",BAL,P,687040,25.5,2025 FA,A,L/L,"6'0"" 190",864,359.60,168,Paywall,Paywall,150,150,Paywall,300,165,150,150,Paywall,473,855,150,150,150,225,Paywall,150,150,Paywall,Paywall,Paywall,150,Paywall
"Fermin, Jose",LAA,P,820862,24.3,2023 FA,MLB,R/R,"6'3"" 242",865,359.64,168,Paywall,Paywall,150,150,Paywall,300,165,150,150,Paywall,474,855,150,150,150,225,Paywall,150,150,Paywall,Paywall,Paywall,150,Paywall
"Perez, Nico",LAD,SS,703639,21.5,2022 #465,A,R/R,"5'11"" 175",866,359.68,168,Paywall,Paywall,150,150,Paywall,300,165,150,150,Paywall,475,855,150,150,150,225,Paywall,150,150,Paywall,Paywall,Paywall,150,Paywall
"Petersen, Sam",WAS,OF,695763,23.2,2024 #230,A+,R/R,"6'0"" 200",867,359.72,168,Paywall,Paywall,150,150,Paywall,300,165,150,150,Paywall,900,855,150,150,150,225,Paywall,150,150,Paywall,Paywall,Paywall,150,Paywall
"Valor, Andres",MIA,OF,808516,20.4,2023 FA,A,R/R,"6'3"" 180",867,359.72,168,Paywall,Paywall,150,150,Paywall,300,165,150,150,Paywall,900,431,150,150,150,225,Paywall,150,150,Paywall,Paywall,Paywall,150,Paywall
"Serna, Jared",MIA,SS,691858,23.8,2019 FA,AAA,R/R,"5'7"" 174",867,359.72,168,Paywall,Paywall,150,150,Paywall,300,165,150,150,Paywall,900,855,150,150,150,225,Paywall,150,150,Paywall,Paywall,Paywall,150,Paywall
"Miller, Mason",KC,P,692223,24.0,2023 #409,A+,L/L,"6'3"" 205",867,359.72,168,Paywall,Paywall,150,150,Paywall,300,165,150,150,Paywall,476,855,150,150,150,225,Paywall,150,150,Paywall,Paywall,Paywall,150,Paywall
"Brannigan, Jack",PIT,SS,687394,25.0,2022 #83,AA,R/R,"6'0"" 201",867,359.72,168,Paywall,Paywall,150,150,Paywall,300,165,150,150,Paywall,900,855,150,150,150,225,Paywall,150,150,Paywall,Paywall,Paywall,150,Paywall
"Gustin, Harry",SD,P,814480,23.9,2023 #551,AA,S/L,"6'0"" 160",872,359.76,168,Paywall,Paywall,150,150,Paywall,300,165,150,150,Paywall,477,855,150,150,150,225,Paywall,150,150,Paywall,Paywall,Paywall,150,Paywall
"Adams, Cooper",BOS,P,822416,25.8,2024 FA,AA,L/R,"6'3"" 205",873,359.88,168,Paywall,Paywall,150,150,Paywall,300,165,150,150,Paywall,480,855,150,150,150,225,Paywall,150,150,Paywall,Paywall,Paywall,150,Paywall
"Gonzalez, Jacob",CHW,SS,694378,23.8,2023 #15,AAA,L/R,"6'2"" 205",874,359.92,168,Paywall,Paywall,150,150,Paywall,300,165,150,150,Paywall,900,855,150,150,150,225,Paywall,150,150,Paywall,Paywall,Paywall,150,Paywall
"Morejon, Luis",COL,OF,830435,17.9,2025 FA,R,R/R,"6'2"" 201",874,359.92,168,Paywall,Paywall,150,150,Paywall,300,165,150,150,Paywall,900,855,150,150,150,225,Paywall,150,150,Paywall,Paywall,Paywall,150,Paywall
"Baro, Boston",NYM,SS,805951,21.6,2023 #246,A+,L/R,"6'0"" 170",876,359.96,168,Paywall,Paywall,150,150,Paywall,300,165,150,150,Paywall,900,855,150,150,150,225,Paywall,150,150,Paywall,Paywall,Paywall,150,Paywall
"Martin, Colby",MIA,P,814508,25.0,2024 #487,AAA,R/R,"5'11"" 195",877,360.04,168,Paywall,Paywall,150,150,Paywall,300,165,150,150,Paywall,484,855,150,150,150,225,Paywall,150,150,Paywall,Paywall,Paywall,150,Paywall
"Garcia, Elvin",BAL,SS,821751,19.2,2024 FA,R,S/R,"6'2"" 165",878,360.08,168,Paywall,Paywall,150,150,Paywall,300,165,150,150,Paywall,485,855,150,150,150,225,Paywall,150,150,Paywall,Paywall,Paywall,150,Paywall
"Diaz, Yilbur",ARI,P,700270,25.6,2021 FA,MLB,R/R,"6'0"" 190",879,360.12,168,Paywall,Paywall,150,150,Paywall,300,165,150,150,Paywall,900,855,150,150,150,225,Paywall,150,150,Paywall,Paywall,Paywall,150,Paywall
"Mendoza, Ramon",STL,2B,680636,25.6,2018 FA,AA,R/R,"5'11"" 174",879,360.12,168,Paywall,Paywall,150,150,Paywall,300,165,150,150,Paywall,486,855,150,150,150,225,Paywall,150,150,Paywall,Paywall,Paywall,150,Paywall
"Martin, Payton",LAD,P,806293,21.9,2022 #525,A+,R/R,"6'0"" 170",879,360.12,168,Paywall,Paywall,150,150,Paywall,300,165,150,150,Paywall,900,855,150,150,150,225,Paywall,150,150,Paywall,Paywall,Paywall,150,Paywall
"De Los Santos, Yordany",PIT,SS,703154,21.1,2022 FA,A+,R/R,"6'2"" 170",882,360.24,168,Paywall,Paywall,150,150,Paywall,300,165,150,150,Paywall,900,855,150,150,150,225,Paywall,150,150,Paywall,Paywall,Paywall,150,Paywall
"Baez, Nate",BOS,C,686960,24.9,2022 #354,AA,R/R,"5'11"" 191",882,360.24,168,Paywall,Paywall,150,150,Paywall,300,165,150,150,Paywall,489,855,150,150,150,225,Paywall,150,150,Paywall,Paywall,Paywall,150,Paywall
"Hernandez, Melvin",MIL,P,808329,19.7,2023 FA,A,R/R,"5'11"" 139",884,360.28,168,Paywall,Paywall,150,150,Paywall,300,165,150,150,Paywall,490,855,150,150,150,225,Paywall,150,150,Paywall,Paywall,Paywall,150,Paywall
"McShane, Matt",BOS,P,823791,23.4,2024 #384,A+,R/R,"6'4"" 220",885,360.36,168,Paywall,Paywall,150,150,Paywall,300,165,150,150,Paywall,492,855,150,150,150,225,Paywall,150,150,Paywall,Paywall,Paywall,150,Paywall
"Ignoffo, Ryan",MIA,C,813883,25.7,2023 #593,AA,R/R,"5'9"" 215",886,360.44,168,Paywall,Paywall,150,150,Paywall,300,165,150,150,Paywall,494,855,150,150,150,225,Paywall,150,150,Paywall,Paywall,Paywall,150,Paywall
"Bowker, Cody",PHI,P,805790,22.3,2025 #100,,R/R,"6'1"" 212",886,360.44,168,Paywall,Paywall,150,150,Paywall,300,165,150,150,Paywall,900,855,150,150,150,225,Paywall,150,150,Paywall,Paywall,Paywall,150,Paywall
"Panzini, Shane",KC,P,695556,24.4,2021 #108,AAA,R/R,"6'3"" 220",888,360.60,168,Paywall,Paywall,150,150,Paywall,300,165,150,150,Paywall,900,855,150,150,150,225,Paywall,150,150,Paywall,Paywall,Paywall,150,Paywall
"Martinez, Ernesto Jr.",MIL,1B,667803,26.8,2017 FA,AAA,L/L,"6'6"" 254",889,360.64,168,Paywall,Paywall,150,150,Paywall,300,165,150,150,Paywall,900,855,150,150,150,225,Paywall,150,150,Paywall,Paywall,Paywall,150,Paywall
"Tredwell, Alonzo",HOU,P,696280,23.9,2023 #61,AA,L/R,"6'8"" 245",890,360.68,168,Paywall,Paywall,150,150,Paywall,300,165,150,150,Paywall,900,855,150,150,150,225,Paywall,150,150,Paywall,Paywall,Paywall,150,Paywall
"Dryden, Hunter",SF,P,827500,23.8,2024 #508,A,R/R,"5'11"" 168",891,360.72,168,Paywall,Paywall,150,150,Paywall,300,165,150,150,Paywall,501,855,150,150,150,225,Paywall,150,150,Paywall,Paywall,Paywall,150,Paywall
"Alcantara, Alfredo",CIN,SS,807643,20.4,2023 FA,A,R/R,"5'9"" 165",892,360.76,168,Paywall,Paywall,150,150,Paywall,300,165,150,150,Paywall,502,855,150,150,150,225,Paywall,150,150,Paywall,Paywall,Paywall,150,Paywall
"Madden, Ty",DET,P,680744,26.1,2021 #32,AAA,R/R,"6'3"" 215",893,360.80,168,Paywall,Paywall,150,150,Paywall,300,165,150,150,Paywall,900,855,150,150,150,225,Paywall,150,150,Paywall,Paywall,Paywall,150,Paywall
"Serrano, Teilon",MIN,OF,829080,17.8,2025 FA,R,L/R,"5'11"" 200",893,360.80,168,Paywall,Paywall,150,150,Paywall,300,165,150,150,Paywall,900,458,150,150,150,225,Paywall,150,150,Paywall,Paywall,Paywall,150,Paywall
"Hunter, Kenly",STL,OF,829077,17.9,2025 FA,R,R/R,"6'0"" 156",895,360.84,168,Paywall,Paywall,150,150,Paywall,300,165,150,150,Paywall,900,459,150,150,150,225,Paywall,150,150,Paywall,Paywall,Paywall,150,Paywall
"Vernon, Cade",SF,P,827293,24.2,2024 #298,A,S/R,"6'3"" 210",895,360.84,168,Paywall,Paywall,150,150,Paywall,300,165,150,150,Paywall,504,855,150,150,150,225,Paywall,150,150,Paywall,Paywall,Paywall,150,Paywall
"Rosario, Gabriel",BAL,OF,836617,17.6,2026 FA,,L/R,"6'3"" 200",897,360.88,168,Paywall,Paywall,150,150,Paywall,300,165,150,150,Paywall,900,460,150,150,150,225,Paywall,150,150,Paywall,Paywall,Paywall,150,Paywall
"Lin, Yu-Min",ARI,P,801179,22.7,2021 FA,AAA,L/L,"5'11"" 160",898,361.00,168,Paywall,Paywall,150,150,Paywall,300,165,150,150,Paywall,900,855,150,150,150,225,Paywall,150,150,Paywall,Paywall,Paywall,150,Paywall
"Harris, Trent",SF,P,805345,27.2,2023 FA,AAA,R/R,"6'2"" 200",898,361.00,168,Paywall,Paywall,150,150,Paywall,300,165,150,150,Paywall,900,855,150,150,150,225,Paywall,150,150,Paywall,Paywall,Paywall,150,Paywall
"Tiger, Izack",TEX,P,806094,25.1,2023 #201,A+,R/R,"6'2"" 175",900,361.04,168,Paywall,Paywall,150,150,Paywall,300,165,150,150,Paywall,900,855,150,150,150,225,Paywall,150,150,Paywall,Paywall,Paywall,150,Paywall
"Evans, Logan",SEA,P,688138,24.8,2023 #367,MLB,R/R,"6'4"" 215",901,361.08,168,Paywall,Paywall,150,150,Paywall,300,165,150,150,Paywall,900,855,150,150,150,225,Paywall,150,150,Paywall,Paywall,Paywall,150,Paywall
"Hurt, Kyle",LAD,P,669165,27.8,2020 #134,MLB,R/R,"6'3"" 240",902,361.12,168,Paywall,Paywall,150,150,Paywall,300,165,150,150,Paywall,900,855,150,150,150,225,Paywall,150,150,Paywall,Paywall,Paywall,150,Paywall
"Kroeger, Jacob",ATL,P,800811,25.9,2024 #311,A+,L/L,"6'1"" 190",902,361.12,168,Paywall,Paywall,150,150,Paywall,300,165,150,150,Paywall,511,855,150,150,150,225,Paywall,150,150,Paywall,Paywall,Paywall,150,Paywall
"Macko, Adam",TOR,P,671936,25.2,2019 #216,AAA,L/L,"6'0"" 170",902,361.12,168,Paywall,Paywall,150,150,Paywall,300,165,150,150,Paywall,900,855,150,150,150,225,Paywall,150,150,Paywall,Paywall,Paywall,150,Paywall
"Marsh, Chandler",BAL,P,694285,23.6,2024 FA,A+,R/R,"6'4"" 245",905,361.20,168,Paywall,Paywall,150,150,Paywall,300,165,150,150,Paywall,513,855,150,150,150,225,Paywall,150,150,Paywall,Paywall,Paywall,150,Paywall
"Martinez, Jeter",PIT,P,807002,20.1,2023 FA,A,R/R,"6'4"" 180",906,361.24,168,Paywall,Paywall,150,150,Paywall,300,165,150,150,Paywall,900,855,150,150,150,225,Paywall,150,150,Paywall,Paywall,Paywall,150,Paywall
"Williams, Max",MIA,OF,703637,21.6,2025 #78,A,L/L,"6'2"" 207",906,361.24,168,Paywall,Paywall,150,150,Paywall,300,165,150,150,Paywall,900,469,150,150,150,225,Paywall,150,150,Paywall,Paywall,Paywall,150,Paywall
"Lewis, Ian Jr.",MIA,2B,691588,23.1,2019 FA,A+,S/R,"5'11"" 177",906,361.24,168,Paywall,Paywall,150,150,Paywall,300,165,150,150,Paywall,514,855,150,150,150,225,Paywall,150,150,Paywall,Paywall,Paywall,150,Paywall
"Drake, Isaiah",ATL,OF,806061,20.7,2023 #162,A+,L/R,"6'0"" 180",906,361.24,168,Paywall,Paywall,150,150,Paywall,300,165,150,150,Paywall,900,855,150,150,150,225,Paywall,150,150,Paywall,Paywall,Paywall,150,Paywall
"Rodriguez, Manuel",MIL,P,804973,20.6,2022 FA,AA,R/R,"6'2"" 175",910,361.28,168,Paywall,Paywall,150,150,Paywall,300,165,150,150,Paywall,900,855,150,150,150,225,Paywall,150,150,Paywall,Paywall,Paywall,150,Paywall
"Martorella, Nathan",MIA,1B,687210,25.1,2022 #150,AAA,L/L,"6'0"" 225",911,361.36,168,Paywall,Paywall,150,150,Paywall,300,165,150,150,Paywall,900,855,150,150,150,225,Paywall,150,150,Paywall,Paywall,Paywall,150,Paywall
"Ray, Dylan",ARI,P,691009,24.9,2022 #108,AAA,R/R,"6'3"" 230",911,361.36,168,Paywall,Paywall,150,150,Paywall,300,165,150,150,Paywall,900,855,150,150,150,225,Paywall,150,150,Paywall,Paywall,Paywall,150,Paywall
"Elissalt, Lucas",DET,P,827640,21.7,2024 #386,A+,R/R,"6'4"" 190",913,361.40,168,Paywall,Paywall,150,150,Paywall,300,165,150,150,Paywall,518,855,150,150,150,225,Paywall,150,150,Paywall,Paywall,Paywall,150,Paywall
"Rodriguez, Johnathan",CLE,OF,671286,26.4,2017 #102,MLB,R/R,"6'2"" 224",914,361.44,168,Paywall,Paywall,150,150,Paywall,300,165,150,150,Paywall,900,855,150,150,150,225,Paywall,150,150,Paywall,Paywall,Paywall,150,Paywall
"Bernard, Derek",COL,SS,800204,20.6,2022 FA,A,L/R,"5'11"" 190",914,361.44,168,Paywall,Paywall,150,150,Paywall,300,165,150,150,Paywall,519,855,150,150,150,225,Paywall,150,150,Paywall,Paywall,Paywall,150,Paywall
"Martin, Maxton",TEX,OF,807722,20.9,2023 #321,A+,L/R,"6'1"" 205",916,361.48,168,Paywall,Paywall,150,150,Paywall,300,165,150,150,Paywall,900,855,150,150,150,225,Paywall,150,150,Paywall,Paywall,Paywall,150,Paywall
"Longwell, Aidan",COL,1B,815067,24.4,2023 #502,A+,L/L,"6'0"" 205",916,361.48,168,Paywall,Paywall,150,150,Paywall,300,165,150,150,Paywall,520,855,150,150,150,225,Paywall,150,150,Paywall,Paywall,Paywall,150,Paywall
"Huang, Chung-Hsiang",ARI,P,829473,20.4,2024 FA,A,R/R,"6'0"" 175",918,361.56,168,Paywall,Paywall,150,150,Paywall,300,165,150,150,Paywall,522,855,150,150,150,225,Paywall,150,150,Paywall,Paywall,Paywall,150,Paywall
"Suisbel, Luis",SEA,3B,692044,22.8,2019 FA,A+,S/R,"6'1"" 190",919,361.60,168,Paywall,Paywall,150,150,Paywall,300,165,150,150,Paywall,900,855,150,150,150,225,Paywall,150,150,Paywall,Paywall,Paywall,150,Paywall
"Hicks, James",HOU,P,801802,24.9,2023 #404,AA,R/R,"6'2"" 190",919,361.60,168,Paywall,Paywall,150,150,Paywall,300,165,150,150,Paywall,900,855,150,150,150,225,Paywall,150,150,Paywall,Paywall,Paywall,150,Paywall
"Yeager, Chay",TOR,P,807410,23.5,2023 #364,AA,S/R,"5'11"" 180",921,361.64,168,Paywall,Paywall,150,150,Paywall,300,165,150,150,Paywall,524,855,150,150,150,225,Paywall,150,150,Paywall,Paywall,Paywall,150,Paywall
"Curry, Aidan",TEX,P,695778,23.7,2020 FA,A+,R/R,"6'5"" 205",922,361.68,168,Paywall,Paywall,150,150,Paywall,300,165,150,150,Paywall,525,855,150,150,150,225,Paywall,150,150,Paywall,Paywall,Paywall,150,Paywall
"Fruit, Zach",BAL,P,688396,26.0,2023 #271,AA,R/R,"6'4"" 212",923,361.72,168,Paywall,Paywall,150,150,Paywall,300,165,150,150,Paywall,900,855,150,150,150,225,Paywall,150,150,Paywall,Paywall,Paywall,150,Paywall
"Lugo, Andy",MIN,IF,702889,22.0,2021 FA,A+,R/R,"6'0"" 160",923,361.72,168,Paywall,Paywall,150,150,Paywall,300,165,150,150,Paywall,526,855,150,150,150,225,Paywall,150,150,Paywall,Paywall,Paywall,150,Paywall
"Dudley, Bryson",KC,P,703657,22.1,2025 #218,A,R/R,"6'3"" 220",925,361.76,168,Paywall,Paywall,150,150,Paywall,300,165,150,150,Paywall,527,855,150,150,150,225,Paywall,150,150,Paywall,Paywall,Paywall,150,Paywall
"Millan, Anthony",HOU,OF,829860,17.9,2025 FA,R,R/R,"5'11"" 170",926,361.84,168,Paywall,Paywall,150,150,Paywall,300,165,150,150,Paywall,900,855,150,150,150,225,Paywall,150,150,Paywall,Paywall,Paywall,150,Paywall
"Stephenson, Seth",DET,OF,700931,25.2,2022 #207,AA,R/R,"5'9"" 165",926,361.84,168,Paywall,Paywall,150,150,Paywall,300,165,150,150,Paywall,529,855,150,150,150,225,Paywall,150,150,Paywall,Paywall,Paywall,150,Paywall
"Medina, Ramcell",KC,SS,829096,18.4,2025 FA,R,R/R,"6'1"" 155",928,361.96,168,Paywall,Paywall,150,150,Paywall,300,165,150,150,Paywall,900,487,150,150,150,225,Paywall,150,150,Paywall,Paywall,Paywall,150,Paywall
"Pulido, Danyony",PHI,P,699707,23.4,2021 FA,A,R/R,"6'1"" 165",928,361.96,168,Paywall,Paywall,150,150,Paywall,300,165,150,150,Paywall,532,855,150,150,150,225,Paywall,150,150,Paywall,Paywall,Paywall,150,Paywall
"McCoy, Alex",SD,OF,801932,24.1,2024 FA,A,R/R,"6'6"" 260",930,362.00,168,Paywall,Paywall,150,150,Paywall,300,165,150,150,Paywall,533,855,150,150,150,225,Paywall,150,150,Paywall,Paywall,Paywall,150,Paywall
"Fox, Phil",CHW,P,813636,23.4,2024 #199,AA,R/R,"5'9"" 183",931,362.04,168,Paywall,Paywall,150,150,Paywall,300,165,150,150,Paywall,534,855,150,150,150,225,Paywall,150,150,Paywall,Paywall,Paywall,150,Paywall
"Youngerman, Sean",PHI,P,823781,21.7,2025 #131,,R/R,"6'3"" 230",931,362.04,168,Paywall,Paywall,150,150,Paywall,300,165,150,150,Paywall,900,855,150,150,150,225,Paywall,150,150,Paywall,Paywall,Paywall,150,Paywall
"Blanco, Sebastian",COL,SS,829949,18.2,2025 FA,R,R/R,"6'1"" 181",933,362.08,168,Paywall,Paywall,150,150,Paywall,300,165,150,150,Paywall,900,490,150,150,150,225,Paywall,150,150,Paywall,Paywall,Paywall,150,Paywall
"Graham, Peyton",DET,SS,689931,25.2,2022 #51,A+,R/R,"6'3"" 185",933,362.08,168,Paywall,Paywall,150,150,Paywall,300,165,150,150,Paywall,535,855,150,150,150,225,Paywall,150,150,Paywall,Paywall,Paywall,150,Paywall
"Veach, Chris",NYY,P,810102,24.3,2024 FA,A,R/R,"6'0"" 195",935,362.12,168,Paywall,Paywall,150,150,Paywall,300,165,150,150,Paywall,536,855,150,150,150,225,Paywall,150,150,Paywall,Paywall,Paywall,150,Paywall
"Fleury, Jose",HOU,P,800067,24.0,2021 FA,AAA,R/R,"6'0"" 185",935,362.12,168,Paywall,Paywall,150,150,Paywall,300,165,150,150,Paywall,900,855,150,150,150,225,Paywall,150,150,Paywall,Paywall,Paywall,150,Paywall
"Foscue, Justin",TEX,1B,679822,27.1,2020 #14,MLB,R/R,"5'11"" 205",937,362.16,168,Paywall,Paywall,150,150,Paywall,300,165,150,150,Paywall,900,855,150,150,150,225,Paywall,150,150,Paywall,Paywall,Paywall,150,Paywall
"Paredes, Mike",MIN,P,702474,25.7,2021 #549,AAA,R/R,"5'11"" 185",937,362.16,168,Paywall,Paywall,150,150,Paywall,300,165,150,150,Paywall,537,855,150,150,150,225,Paywall,150,150,Paywall,Paywall,Paywall,150,Paywall
"LaCombe, Mathias",CHW,P,807187,23.8,2023 #359,A,R/R,"6'2"" 185",937,362.16,168,Paywall,Paywall,150,150,Paywall,300,165,150,150,Paywall,900,855,150,150,150,225,Paywall,150,150,Paywall,Paywall,Paywall,150,Paywall
"Cerda, Christian",ARI,C,692416,23.2,2019 FA,AA,R/R,"6'1"" 190",940,362.20,168,Paywall,Paywall,150,150,Paywall,300,165,150,150,Paywall,538,855,150,150,150,225,Paywall,150,150,Paywall,Paywall,Paywall,150,Paywall
"Aponte, Liberts",CIN,SS,829051,18.4,2025 FA,R,R/R,"6'0"" 160",941,362.24,168,Paywall,Paywall,150,150,Paywall,300,165,150,150,Paywall,900,494,150,150,150,225,Paywall,150,150,Paywall,Paywall,Paywall,150,Paywall
"Raeth, Stefan",SEA,P,806288,25.6,2022 #516,AA,L/R,"6'1"" 195",941,362.24,168,Paywall,Paywall,150,150,Paywall,300,165,150,150,Paywall,539,855,150,150,150,225,Paywall,150,150,Paywall,Paywall,Paywall,150,Paywall
"McCausland, Will",CLE,P,823790,22.4,2025 #222,A,R/R,"6'0"" 190",943,362.32,168,Paywall,Paywall,150,150,Paywall,300,165,150,150,Paywall,541,855,150,150,150,225,Paywall,150,150,Paywall,Paywall,Paywall,150,Paywall
"Hurtado, Daviel",NYM,P,808064,21.2,2023 FA,A,L/L,"6'1"" 166",943,362.32,168,Paywall,Paywall,150,150,Paywall,300,165,150,150,Paywall,900,855,150,150,150,225,Paywall,150,150,Paywall,Paywall,Paywall,150,Paywall
"Farris, Mitch",LAA,P,815083,25.1,2023 #429,MLB,L/L,"6'2"" 195",945,362.36,168,Paywall,Paywall,150,150,Paywall,300,165,150,150,Paywall,900,855,150,150,150,225,Paywall,150,150,Paywall,Paywall,Paywall,150,Paywall
"Rodriguez, Gustavo",ATH,P,683020,25.2,2018 FA,AAA,R/R,"6'3"" 160",946,362.40,168,Paywall,Paywall,150,150,Paywall,300,165,150,150,Paywall,543,855,150,150,150,225,Paywall,150,150,Paywall,Paywall,Paywall,150,Paywall
"Quiroz, Nelson",LAD,C,685716,24.4,2019 FA,AA,L/R,"5'9"" 194",947,362.44,168,Paywall,Paywall,150,150,Paywall,300,165,150,150,Paywall,544,855,150,150,150,225,Paywall,150,150,Paywall,Paywall,Paywall,150,Paywall
"Aguiar, Julian",CIN,P,687924,24.8,2021 #360,MLB,L/R,"6'3"" 180",948,362.52,168,Paywall,Paywall,150,150,Paywall,300,165,150,150,Paywall,900,855,150,150,150,225,Paywall,150,150,Paywall,Paywall,Paywall,150,Paywall
"Umberger, Grant",CHW,P,802359,24.4,2025 FA,A+,R/L,"6'4"" 225",948,362.52,168,Paywall,Paywall,150,150,Paywall,300,165,150,150,Paywall,546,855,150,150,150,225,Paywall,150,150,Paywall,Paywall,Paywall,150,Paywall
"Black, Mason",KC,P,696131,26.3,2021 #85,MLB,R/R,"6'3"" 228",948,362.52,168,Paywall,Paywall,150,150,Paywall,300,165,150,150,Paywall,900,855,150,150,150,225,Paywall,150,150,Paywall,Paywall,Paywall,150,Paywall
"Cavanaugh, Drew",SF,C,701852,24.2,2023 #510,AAA,L/R,"6'0"" 220",951,362.56,168,Paywall,Paywall,150,150,Paywall,300,165,150,150,Paywall,547,855,150,150,150,225,Paywall,150,150,Paywall,Paywall,Paywall,150,Paywall
"Bercovich, Jadon",TB,P,694793,24.0,2024 FA,A,R/R,"6'2"" 205",952,362.60,168,Paywall,Paywall,150,150,Paywall,300,165,150,150,Paywall,548,855,150,150,150,225,Paywall,150,150,Paywall,Paywall,Paywall,150,Paywall
"Reid, Dominick",CHC,P,805255,22.3,2025 #90,,R/R,"6'3"" 201",953,362.64,168,Paywall,Paywall,150,150,Paywall,300,165,150,150,Paywall,900,855,150,150,150,225,Paywall,150,150,Paywall,Paywall,Paywall,150,Paywall
"Advincula, Jonah",CLE,OF,809945,25.2,2023 #248,AA,L/R,"6'2"" 190",953,362.64,168,Paywall,Paywall,150,150,Paywall,300,165,150,150,Paywall,549,855,150,150,150,225,Paywall,150,150,Paywall,Paywall,Paywall,150,Paywall
"Sommers, Drew",DET,P,805427,25.6,2022 #344,MLB,L/L,"6'3"" 250",955,362.68,168,Paywall,Paywall,150,150,Paywall,300,165,150,150,Paywall,550,855,150,150,150,225,Paywall,150,150,Paywall,Paywall,Paywall,150,Paywall
"Gurevitch, Jack",STL,1B,813668,22.0,2025 #89,A,L/R,"6'0"" 215",955,362.68,168,Paywall,Paywall,150,150,Paywall,300,165,150,150,Paywall,900,855,150,150,150,225,Paywall,150,150,Paywall,Paywall,Paywall,150,Paywall
"Gilbert, Geoffrey",NYY,P,687280,24.9,2022 #400,AA,L/L,"6'0"" 215",957,362.72,168,Paywall,Paywall,150,150,Paywall,300,165,150,150,Paywall,551,855,150,150,150,225,Paywall,150,150,Paywall,Paywall,Paywall,150,Paywall
"Livingston, Dean",ARI,P,828344,19.5,2025 #123,,R/R,"6'4"" 205",958,362.76,168,Paywall,Paywall,150,150,Paywall,300,165,150,150,Paywall,900,507,150,150,150,225,Paywall,150,150,Paywall,Paywall,Paywall,150,Paywall
"Reyes, Gabriel",DET,P,694050,22.7,2020 FA,A,L/L,"6'1"" 170",958,362.76,168,Paywall,Paywall,150,150,Paywall,300,165,150,150,Paywall,552,855,150,150,150,225,Paywall,150,150,Paywall,Paywall,Paywall,150,Paywall
"Hidalgo, Andri",BAL,P,836602,17.0,2026 FA,,L/L,"6'4"" 194",960,362.80,168,Paywall,Paywall,150,150,Paywall,300,165,150,150,Paywall,900,508,150,150,150,225,Paywall,150,150,Paywall,Paywall,Paywall,150,Paywall
"Russell, Jonathan",TB,P,812163,21.0,2023 FA,A,R/R,"6'1"" 180",960,362.80,168,Paywall,Paywall,150,150,Paywall,300,165,150,150,Paywall,553,855,150,150,150,225,Paywall,150,150,Paywall,Paywall,Paywall,150,Paywall
"Fabian, Jud",BAL,OF,682983,25.5,2022 #67,AAA,R/L,"6'0"" 195",962,362.84,168,Paywall,Paywall,150,150,Paywall,300,165,150,150,Paywall,900,855,150,150,150,225,Paywall,150,150,Paywall,Paywall,Paywall,150,Paywall
"Sales, R.J.",WAS,P,701680,22.7,2024 #296,A,R/R,"6'0"" 170",962,362.84,168,Paywall,Paywall,150,150,Paywall,300,165,150,150,Paywall,554,855,150,150,150,225,Paywall,150,150,Paywall,Paywall,Paywall,150,Paywall
"Soto, Ubaldo",LAA,P,808161,19.7,2023 FA,A,R/R,"6'2"" 185",964,362.92,168,Paywall,Paywall,150,150,Paywall,300,165,150,150,Paywall,556,855,150,150,150,225,Paywall,150,150,Paywall,Paywall,Paywall,150,Paywall
"Snell, Kade",CHC,OF,820835,23.7,2025 #151,A+,L/L,"6'1"" 220",965,362.96,168,Paywall,Paywall,150,150,Paywall,300,165,150,150,Paywall,900,855,150,150,150,225,Paywall,150,150,Paywall,Paywall,Paywall,150,Paywall
"DeBerry, Jaron",MIL,P,809229,23.6,2024 #93,AA,R/R,"6'3"" 178",966,363.00,168,Paywall,Paywall,150,150,Paywall,300,165,150,150,Paywall,900,855,150,150,150,225,Paywall,150,150,Paywall,Paywall,Paywall,150,Paywall
"Smith, Tanner",BAL,P,823801,23.6,2024 #450,A+,R/R,"6'6"" 245",966,363.00,168,Paywall,Paywall,150,150,Paywall,300,165,150,150,Paywall,558,855,150,150,150,225,Paywall,150,150,Paywall,Paywall,Paywall,150,Paywall
"Wood, Matthew",MIL,C,687783,25.1,2022 #132,AA,L/R,"5'10"" 190",968,363.04,168,Paywall,Paywall,150,150,Paywall,300,165,150,150,Paywall,559,855,150,150,150,225,Paywall,150,150,Paywall,Paywall,Paywall,150,Paywall
"Thomason, Jay",MIN,3B,823295,24.0,2024 #518,A+,L/R,"6'1"" 200",969,363.08,168,Paywall,Paywall,150,150,Paywall,300,165,150,150,Paywall,560,855,150,150,150,225,Paywall,150,150,Paywall,Paywall,Paywall,150,Paywall
"Leary, Cameron",ATH,OF,802474,24.4,2024 #286,A+,L/L,"6'1"" 205",970,363.12,168,Paywall,Paywall,150,150,Paywall,300,165,150,150,Paywall,561,855,150,150,150,225,Paywall,150,150,Paywall,Paywall,Paywall,150,Paywall
"Alfonzo, Omar",PIT,C,692657,22.6,2019 FA,AA,L/R,"6'1"" 235",971,363.20,168,Paywall,Paywall,150,150,Paywall,300,165,150,150,Paywall,900,855,150,150,150,225,Paywall,150,150,Paywall,Paywall,Paywall,150,Paywall
"Lobo, Inmer",PIT,P,800308,22.1,2022 FA,A+,L/L,"6'1"" 193",971,363.20,168,Paywall,Paywall,150,150,Paywall,300,165,150,150,Paywall,563,855,150,150,150,225,Paywall,150,150,Paywall,Paywall,Paywall,150,Paywall
"Fenelon, Kenny",MIL,OF,829064,18.5,2025 FA,R,R/R,"6'0"" 184",973,363.24,168,Paywall,Paywall,150,150,Paywall,300,165,150,150,Paywall,900,855,150,150,150,225,Paywall,150,150,Paywall,Paywall,Paywall,150,Paywall
"Jackson, Core",NYY,SS,692110,22.5,2025 #164,A+,L/R,"6'2"" 190",974,363.32,168,Paywall,Paywall,150,150,Paywall,300,165,150,150,Paywall,900,855,150,150,150,225,Paywall,150,150,Paywall,Paywall,Paywall,150,Paywall
"Slater, Ryan",SF,P,695421,23.8,2024 #538,A,R/R,"6'3"" 205",974,363.32,168,Paywall,Paywall,150,150,Paywall,300,165,150,150,Paywall,566,855,150,150,150,225,Paywall,150,150,Paywall,Paywall,Paywall,150,Paywall
"Crawford, Reggie",SF,1B,686846,25.3,2022 #30,A+,L/L,"6'4"" 235",976,363.36,168,Paywall,Paywall,150,150,Paywall,300,165,150,150,Paywall,900,855,150,150,150,225,Paywall,150,150,Paywall,Paywall,Paywall,150,Paywall
"Molina, Mason",STL,P,695766,22.7,2024 #215,A+,R/L,"6'2"" 230",976,363.36,168,Paywall,Paywall,150,150,Paywall,300,165,150,150,Paywall,567,855,150,150,150,225,Paywall,150,150,Paywall,Paywall,Paywall,150,Paywall
"Simon, Jhon",TEX,3B,829979,18.2,2025 FA,R,R/R,"5'11"" 210",978,363.40,168,Paywall,Paywall,150,150,Paywall,300,165,150,150,Paywall,900,523,150,150,150,225,Paywall,150,150,Paywall,Paywall,Paywall,150,Paywall
"Ramos, Wilkin",SF,P,678576,25.4,2017 FA,AAA,R/R,"6'5"" 165",978,363.40,168,Paywall,Paywall,150,150,Paywall,300,165,150,150,Paywall,568,855,150,150,150,225,Paywall,150,150,Paywall,Paywall,Paywall,150,Paywall
"Halpin, Petey",CLE,OF,690984,23.8,2020 #95,MLB,L/R,"5'11"" 200",980,363.44,168,Paywall,Paywall,150,150,Paywall,300,165,150,150,Paywall,900,855,150,150,150,225,Paywall,150,150,Paywall,Paywall,Paywall,150,Paywall
"Hernandez, Alexis",TOR,OF,692562,23.5,2019 FA,A+,R/R,"6'1"" 210",980,363.44,168,Paywall,Paywall,150,150,Paywall,300,165,150,150,Paywall,569,855,150,150,150,225,Paywall,150,150,Paywall,Paywall,Paywall,150,Paywall
"Sears, Brett",ATL,P,822412,25.9,2024 #221,AAA,R/R,"6'0"" 205",982,363.48,168,Paywall,Paywall,150,150,Paywall,300,165,150,150,Paywall,570,855,150,150,150,225,Paywall,150,150,Paywall,Paywall,Paywall,150,Paywall
"Romo, Drew",CHW,C,691011,24.6,2020 #35,MLB,S/R,"6'1"" 205",983,363.52,168,Paywall,Paywall,150,150,Paywall,300,165,150,150,Paywall,900,855,150,150,150,225,Paywall,150,150,Paywall,Paywall,Paywall,150,Paywall
"Taylor, Zane",ATH,P,823990,23.8,2025 #141,AAA,R/R,"6'0"" 200",983,363.52,168,Paywall,Paywall,150,150,Paywall,300,165,150,150,Paywall,900,526,150,150,150,225,Paywall,150,150,Paywall,Paywall,Paywall,150,Paywall
"Miller, Cole",ATH,P,800612,20.9,2023 #103,A,R/R,"6'6"" 226",983,363.52,168,Paywall,Paywall,150,150,Paywall,300,165,150,150,Paywall,571,855,150,150,150,225,Paywall,150,150,Paywall,Paywall,Paywall,150,Paywall
"Freeman, Cody",TEX,3B,683227,25.2,2019 #115,MLB,R/R,"5'8"" 180",986,363.56,168,Paywall,Paywall,150,150,Paywall,300,165,150,150,Paywall,900,527,150,150,150,225,Paywall,150,150,Paywall,Paywall,Paywall,150,Paywall
"Angeles, Euribiel",ATH,3B,683494,23.9,2018 FA,AAA,R/R,"5'11"" 175",986,363.56,168,Paywall,Paywall,150,150,Paywall,300,165,150,150,Paywall,572,855,150,150,150,225,Paywall,150,150,Paywall,Paywall,Paywall,150,Paywall
"Boone, Rodney",CLE,P,674868,26.0,2021 #246,AA,L/L,"6'1"" 195",988,363.60,168,Paywall,Paywall,150,150,Paywall,300,165,150,150,Paywall,573,855,150,150,150,225,Paywall,150,150,Paywall,Paywall,Paywall,150,Paywall
"Encarnacion, Freili",BOS,3B,703175,21.2,2022 FA,A+,R/R,"6'2"" 181",989,363.64,168,Paywall,Paywall,150,150,Paywall,300,165,150,150,Paywall,900,855,150,150,150,225,Paywall,150,150,Paywall,Paywall,Paywall,150,Paywall
"Kulasingam, Sam",KC,1B,814528,24.7,2024 #377,A+,S/R,"6'2"" 185",989,363.64,168,Paywall,Paywall,150,150,Paywall,300,165,150,150,Paywall,574,855,150,150,150,225,Paywall,150,150,Paywall,Paywall,Paywall,150,Paywall
"Graterol, Fernando",CHW,C,836608,17.5,2026 FA,,R/R,"6'1"" 185",991,363.68,168,Paywall,Paywall,150,150,Paywall,300,165,150,150,Paywall,900,530,150,150,150,225,Paywall,150,150,Paywall,Paywall,Paywall,150,Paywall
"Valencia, Esmil",MIA,OF,806982,20.5,2023 FA,A,R/R,"5'10"" 182",991,363.68,168,Paywall,Paywall,150,150,Paywall,300,165,150,150,Paywall,900,855,150,150,150,225,Paywall,150,150,Paywall,Paywall,Paywall,150,Paywall
"Myers, Kole",LAD,OF,801887,25.2,2024 #280,AA,L/R,"6'0"" 195",991,363.68,168,Paywall,Paywall,150,150,Paywall,300,165,150,150,Paywall,575,855,150,150,150,225,Paywall,150,150,Paywall,Paywall,Paywall,150,Paywall
"Sullivan, Liam",WAS,P,807715,23.9,2023 #375,A,L/L,"6'6"" 255",994,363.72,168,Paywall,Paywall,150,150,Paywall,300,165,150,150,Paywall,576,855,150,150,150,225,Paywall,150,150,Paywall,Paywall,Paywall,150,Paywall
"Cruz, Trei",DET,OF,669360,27.7,2020 #73,AAA,S/R,"6'1"" 204",995,363.76,168,Paywall,Paywall,150,150,Paywall,300,165,150,150,Paywall,900,855,150,150,150,225,Paywall,150,150,Paywall,Paywall,Paywall,150,Paywall
"Walsh, Michael",PIT,P,805315,25.2,2022 #260,AA,R/R,"6'2"" 195",995,363.76,168,Paywall,Paywall,150,150,Paywall,300,165,150,150,Paywall,577,855,150,150,150,225,Paywall,150,150,Paywall,Paywall,Paywall,150,Paywall
"Andujar, Ashly",COL,SS,815903,18.7,2024 FA,R,S/R,"6'1"" 163",997,363.80,168,Paywall,Paywall,150,150,Paywall,300,165,150,150,Paywall,900,855,150,150,150,225,Paywall,150,150,Paywall,Paywall,Paywall,150,Paywall
"Penney, Jack",DET,SS,802599,23.6,2024 #147,A+,L/R,"6'1"" 190",997,363.80,168,Paywall,Paywall,150,150,Paywall,300,165,150,150,Paywall,900,855,150,150,150,225,Paywall,150,150,Paywall,Paywall,Paywall,150,Paywall
"Schomberg, Will",MIA,P,801696,25.2,2023 FA,AA,R/R,"5'10"" 190",999,363.84,168,Paywall,Paywall,150,150,Paywall,300,165,150,150,Paywall,579,855,150,150,150,225,Paywall,150,150,Paywall,Paywall,Paywall,150,Paywall
"Colina, Jose",,C,822207,17.5,Unsigned,,L/R,"5'11"" 170",1000,363.92,168,Paywall,Paywall,150,150,Paywall,300,165,150,150,Paywall,900,536,150,150,150,225,Paywall,150,150,Paywall,Paywall,Paywall,150,Paywall
"Perdomo, Jose",ATH,C,836620,16.9,2026 FA,,R/R,"5'11"" 155",1001,363.96,168,Paywall,Paywall,150,150,Paywall,300,165,150,150,Paywall,900,537,150,150,150,225,Paywall,150,150,Paywall,Paywall,Paywall,150,Paywall
"Wall, Cory",ATL,P,696505,26.0,2023 #249,AA,R/R,"6'4"" 230",1001,363.96,168,Paywall,Paywall,150,150,Paywall,300,165,150,150,Paywall,582,855,150,150,150,225,Paywall,150,150,Paywall,Paywall,Paywall,150,Paywall
"Morris, Mason",CIN,P,702568,22.6,2025 #83,A,R/R,"6'4"" 225",1003,364.00,168,Paywall,Paywall,150,150,Paywall,300,165,150,150,Paywall,900,538,150,150,150,225,Paywall,150,150,Paywall,Paywall,Paywall,150,Paywall
"Edwards, Garrett",TB,P,801435,24.2,2023 #333,A+,R/R,"6'5"" 218",1003,364.00,168,Paywall,Paywall,150,150,Paywall,300,165,150,150,Paywall,583,855,150,150,150,225,Paywall,150,150,Paywall,Paywall,Paywall,150,Paywall
"Brewer, Hoss",NYM,P,804546,25.1,2024 FA,A+,L/R,"6'4"" 205",1005,364.04,168,Paywall,Paywall,150,150,Paywall,300,165,150,150,Paywall,584,855,150,150,150,225,Paywall,150,150,Paywall,Paywall,Paywall,150,Paywall
"Bowman, Cooper",ATH,2B,688682,26.2,2021 #122,AAA,R/R,"6'0"" 205",1006,364.08,168,Paywall,Paywall,150,150,Paywall,300,165,150,150,Paywall,900,855,150,150,150,225,Paywall,150,150,Paywall,Paywall,Paywall,150,Paywall
"Arroyo, Chris",MIA,1B,701360,21.5,2025 #139,A,L/L,"6'2"" 225",1006,364.08,168,Paywall,Paywall,150,150,Paywall,300,165,150,150,Paywall,900,540,150,150,150,225,Paywall,150,150,Paywall,Paywall,Paywall,150,Paywall
"Sosa, Thomas",BAL,OF,800449,21.2,2022 FA,AA,L/L,"6'3"" 160",1006,364.08,168,Paywall,Paywall,150,150,Paywall,300,165,150,150,Paywall,900,855,150,150,150,225,Paywall,150,150,Paywall,Paywall,Paywall,150,Paywall
"Levenson, Zach",STL,OF,804241,24.1,2023 #158,AA,R/R,"6'0"" 211",1006,364.08,168,Paywall,Paywall,150,150,Paywall,300,165,150,150,Paywall,585,855,150,150,150,225,Paywall,150,150,Paywall,Paywall,Paywall,150,Paywall
"Cimillo, Nick",PIT,C,701177,26.1,2022 #470,AA,R/R,"6'3"" 220",1010,364.12,168,Paywall,Paywall,150,150,Paywall,300,165,150,150,Paywall,586,855,150,150,150,225,Paywall,150,150,Paywall,Paywall,Paywall,150,Paywall
"Snelsire, Hayden",TB,P,814388,25.2,2023 #513,A+,R/R,"6'3"" 205",1011,364.16,168,Paywall,Paywall,150,150,Paywall,300,165,150,150,Paywall,587,855,150,150,150,225,Paywall,150,150,Paywall,Paywall,Paywall,150,Paywall
"Jones, Jared",PIT,1B,702262,22.7,2025 #263,A+,R/R,"6'4"" 246",1012,364.20,168,Paywall,Paywall,150,150,Paywall,300,165,150,150,Paywall,900,543,150,150,150,225,Paywall,150,150,Paywall,Paywall,Paywall,150,Paywall
"Thach, Tanner",COL,1B,805880,22.0,2025 #227,A,L/L,"6'4"" 225",1013,364.24,168,Paywall,Paywall,150,150,Paywall,300,165,150,150,Paywall,900,544,150,150,150,225,Paywall,150,150,Paywall,Paywall,Paywall,150,Paywall
"Dickey, Jared",ATH,OF,801406,24.1,2023 #319,AA,L/R,"6'0"" 205",1013,364.24,168,Paywall,Paywall,150,150,Paywall,300,165,150,150,Paywall,589,855,150,150,150,225,Paywall,150,150,Paywall,Paywall,Paywall,150,Paywall
"Appenzeller, Cameron",,P,828258,19.2,Unsigned,,L/L,"6'5"" 190",1015,364.28,168,Paywall,Paywall,150,150,Paywall,300,165,150,150,Paywall,900,855,150,150,150,225,Paywall,150,150,Paywall,Paywall,Paywall,150,Paywall
"Veras, Wilfred",CHW,OF,691442,23.4,2019 FA,AA,R/R,"6'1"" 240",1015,364.28,168,Paywall,Paywall,150,150,Paywall,300,165,150,150,Paywall,900,855,150,150,150,225,Paywall,150,150,Paywall,Paywall,Paywall,150,Paywall
"De Leon, Edgardo",MIA,3B,821279,19.1,2024 FA,R,R/R,"6'0"" 170",1015,364.28,168,Paywall,Paywall,150,150,Paywall,300,165,150,150,Paywall,900,545,150,150,150,225,Paywall,150,150,Paywall,Paywall,Paywall,150,Paywall
"George, Drake",SF,P,825095,24.5,2024 #388,A,R/R,"6'1"" 184",1015,364.28,168,Paywall,Paywall,150,150,Paywall,300,165,150,150,Paywall,590,855,150,150,150,225,Paywall,150,150,Paywall,Paywall,Paywall,150,Paywall
"Phillips, Connor",CIN,P,683175,24.9,2020 #64,MLB,R/R,"6'2"" 209",1019,364.32,168,Paywall,Paywall,150,150,Paywall,300,165,150,150,Paywall,900,855,150,150,150,225,Paywall,150,150,Paywall,Paywall,Paywall,150,Paywall
"Solano, Warel",TB,SS,829046,18.5,2025 FA,R,R/R,"6'2"" 165",1019,364.32,168,Paywall,Paywall,150,150,Paywall,300,165,150,150,Paywall,900,546,150,150,150,225,Paywall,150,150,Paywall,Paywall,Paywall,150,Paywall
"Henriquez, Yonatan",NYM,SS,800257,21.5,2022 FA,A+,S/R,"5'10"" 185",1019,364.32,168,Paywall,Paywall,150,150,Paywall,300,165,150,150,Paywall,591,855,150,150,150,225,Paywall,150,150,Paywall,Paywall,Paywall,150,Paywall
"Girton, Brendan",NYM,P,694858,24.4,2024 #293,AA,R/R,"6'1"" 217",1022,364.36,168,Paywall,Paywall,150,150,Paywall,300,165,150,150,Paywall,900,855,150,150,150,225,Paywall,150,150,Paywall,Paywall,Paywall,150,Paywall
"Hill, Luke",CLE,3B,702619,22.0,2025 #132,A,R/R,"6'1"" 200",1022,364.36,168,Paywall,Paywall,150,150,Paywall,300,165,150,150,Paywall,900,547,150,150,150,225,Paywall,150,150,Paywall,Paywall,Paywall,150,Paywall
"Niman, Dominic",TB,P,823116,25.6,2024 #546,A,L/L,"6'3"" 220",1022,364.36,168,Paywall,Paywall,150,150,Paywall,300,165,150,150,Paywall,592,855,150,150,150,225,Paywall,150,150,Paywall,Paywall,Paywall,150,Paywall
"Paulino, Eddinson",TOR,SS,682796,23.7,2018 FA,AA,L/R,"5'10"" 155",1025,364.40,168,Paywall,Paywall,150,150,Paywall,300,165,150,150,Paywall,900,855,150,150,150,225,Paywall,150,150,Paywall,Paywall,Paywall,150,Paywall
"Williams, Dixon",ATL,2B,703483,22.3,2025 #136,A,L/R,"6'2"" 210",1025,364.40,168,Paywall,Paywall,150,150,Paywall,300,165,150,150,Paywall,900,548,150,150,150,225,Paywall,150,150,Paywall,Paywall,Paywall,150,Paywall
"Gabbert, Matt",MIN,P,814290,23.7,2023 FA,A+,L/R,"6'4"" 200",1025,364.40,168,Paywall,Paywall,150,150,Paywall,300,165,150,150,Paywall,593,855,150,150,150,225,Paywall,150,150,Paywall,Paywall,Paywall,150,Paywall
"Goodwin, Nick",TOR,2B,800959,24.6,2023 #214,A+,R/R,"6'1"" 215",1028,364.44,168,Paywall,Paywall,150,150,Paywall,300,165,150,150,Paywall,594,855,150,150,150,225,Paywall,150,150,Paywall,Paywall,Paywall,150,Paywall
"Fregio, Dariel",DET,P,829338,25.9,2025 FA,A+,R/R,"6'2"" 208",1029,364.48,168,Paywall,Paywall,150,150,Paywall,300,165,150,150,Paywall,595,855,150,150,150,225,Paywall,150,150,Paywall,Paywall,Paywall,150,Paywall
"Thorpe, Drew",CHW,P,689672,25.5,2022 #61,MLB,L/R,"6'4"" 220",1030,364.52,168,Paywall,Paywall,150,150,Paywall,300,165,150,150,Paywall,900,855,150,150,150,225,Paywall,150,150,Paywall,Paywall,Paywall,150,Paywall
"Pagliarini, Charlie",SEA,3B,813860,25.3,2023 #577,A+,L/R,"6'2"" 210",1030,364.52,168,Paywall,Paywall,150,150,Paywall,300,165,150,150,Paywall,596,855,150,150,150,225,Paywall,150,150,Paywall,Paywall,Paywall,150,Paywall
"Cappe, Yiddi",MIA,SS,691268,23.5,2021 FA,AA,R/R,"6'3"" 175",1032,364.56,168,Paywall,Paywall,150,150,Paywall,300,165,150,150,Paywall,900,855,150,150,150,225,Paywall,150,150,Paywall,Paywall,Paywall,150,Paywall
"Melburne, Ezequiel",LAD,SS,836606,16.8,2026 FA,,S/R,"6'3"" 170",1032,364.56,168,Paywall,Paywall,150,150,Paywall,300,165,150,150,Paywall,900,552,150,150,150,225,Paywall,150,150,Paywall,Paywall,Paywall,150,Paywall
"Peterson, Austin",CLE,P,804926,26.5,2022 #271,AAA,R/R,"6'6"" 234",1034,364.60,168,Paywall,Paywall,150,150,Paywall,300,165,150,150,Paywall,900,855,150,150,150,225,Paywall,150,150,Paywall,Paywall,Paywall,150,Paywall
"Pio, Alexandel",PIT,SS,822259,17.2,2026 FA,,R/R,"6'2"" 170",1034,364.60,168,Paywall,Paywall,150,150,Paywall,300,165,150,150,Paywall,900,553,150,150,150,225,Paywall,150,150,Paywall,Paywall,Paywall,150,Paywall
"Flanagan, Ethan",CHC,P,701579,23.8,2023 #506,A,L/L,"6'3"" 205",1034,364.60,168,Paywall,Paywall,150,150,Paywall,300,165,150,150,Paywall,598,855,150,150,150,225,Paywall,150,150,Paywall,Paywall,Paywall,150,Paywall
"Mesa, Michael",TOR,OF,836607,17.3,2026 FA,,L/L,"6'2"" 209",1037,364.64,168,Paywall,Paywall,150,150,Paywall,300,165,150,150,Paywall,900,554,150,150,150,225,Paywall,150,150,Paywall,Paywall,Paywall,150,Paywall
"Rodriguez, Moises",DET,P,685481,24.1,2019 FA,A+,R/R,"6'2"" 170",1037,364.64,168,Paywall,Paywall,150,150,Paywall,300,165,150,150,Paywall,599,855,150,150,150,225,Paywall,150,150,Paywall,Paywall,Paywall,150,Paywall
"Gray, CJ",LAA,P,832457,19.2,2025 #140,,R/R,"6'2"" 205",1039,364.76,168,Paywall,Paywall,150,150,Paywall,300,165,150,150,Paywall,900,557,150,150,150,225,Paywall,150,150,Paywall,Paywall,Paywall,150,Paywall
"Fernandez, Jose",ARI,SS,699912,22.5,2021 FA,AAA,R/R,"6'3"" 165",1039,364.76,168,Paywall,Paywall,150,150,Paywall,300,165,150,150,Paywall,900,855,150,150,150,225,Paywall,150,150,Paywall,Paywall,Paywall,150,Paywall
"Martin, Walker",SF,SS,806152,22.1,2023 #52,A,L/R,"6'2"" 188",1041,364.84,168,Paywall,Paywall,150,150,Paywall,300,165,150,150,Paywall,900,855,150,150,150,225,Paywall,150,150,Paywall,Paywall,Paywall,150,Paywall
"Hynes, Will",CLE,P,807077,18.7,2025 #70,,R/R,"6'2"" 180",1042,364.96,168,Paywall,Paywall,150,150,Paywall,300,165,150,150,Paywall,900,855,150,150,150,225,Paywall,150,150,Paywall,Paywall,Paywall,150,Paywall
"Vargas, Echedry",MIA,SS,800448,21.1,2022 FA,A+,R/R,"5'11"" 170",1043,365.00,168,Paywall,Paywall,150,150,Paywall,300,165,150,150,Paywall,900,855,150,150,150,225,Paywall,150,150,Paywall,Paywall,Paywall,150,Paywall
"Melendez, Gustavo",PIT,SS,828116,18.4,2025 #113,,L/R,"5'8"" 160",1043,365.00,168,Paywall,Paywall,150,150,Paywall,300,165,150,150,Paywall,900,563,150,150,150,225,Paywall,150,150,Paywall,Paywall,Paywall,150,Paywall
"Hughes, CJ",MIL,SS,834620,18.5,2025 #335,,S/R,"6'1"" 155",1045,365.04,168,Paywall,Paywall,150,150,Paywall,300,165,150,150,Paywall,900,564,150,150,150,225,Paywall,150,150,Paywall,Paywall,Paywall,150,Paywall
"Smith, Parker",HOU,P,809789,23.1,2024 #131,A,R/R,"6'4"" 230",1046,365.08,168,Paywall,Paywall,150,150,Paywall,300,165,150,150,Paywall,900,855,150,150,150,225,Paywall,150,150,Paywall,Paywall,Paywall,150,Paywall
"Geraldo, Johan",CHC,SS,837852,17.0,2026 FA,,R/R,"6'1"" 164",1047,365.12,168,Paywall,Paywall,150,150,Paywall,300,165,150,150,Paywall,900,855,150,150,150,225,Paywall,150,150,Paywall,Paywall,Paywall,150,Paywall
"Arias, Randy",HOU,SS,836599,17.4,2026 FA,,R/R,"5'11"" 155",1048,365.20,168,Paywall,Paywall,150,150,Paywall,300,165,150,150,Paywall,900,568,150,150,150,225,Paywall,150,150,Paywall,Paywall,Paywall,150,Paywall
"Jimenez, Antonio",NYM,SS,806128,21.8,2025 #102,A,R/R,"6'1"" 200",1048,365.20,168,Paywall,Paywall,150,150,Paywall,300,165,150,150,Paywall,900,855,150,150,150,225,Paywall,150,150,Paywall,Paywall,Paywall,150,Paywall
"Urena, Engelth",NYY,C,800246,21.6,2022 FA,A+,R/R,"5'11"" 196",1050,365.24,168,Paywall,Paywall,150,150,Paywall,300,165,150,150,Paywall,900,855,150,150,150,225,Paywall,150,150,Paywall,Paywall,Paywall,150,Paywall
"Parra, Juan",PHI,SS,832324,17.3,2026 FA,,S/R,"6'1"" 186",1050,365.24,168,Paywall,Paywall,150,150,Paywall,300,165,150,150,Paywall,900,569,150,150,150,225,Paywall,150,150,Paywall,Paywall,Paywall,150,Paywall
"Gallego, Ruben",ARI,SS,836618,17.4,2026 FA,,S/R,"6'1"" 160",1052,365.28,168,Paywall,Paywall,150,150,Paywall,300,165,150,150,Paywall,900,570,150,150,150,225,Paywall,150,150,Paywall,Paywall,Paywall,150,Paywall
"Davenport, Aaron",CLE,P,702126,25.7,2021 #186,AAA,R/R,"6'0"" 185",1053,365.32,168,Paywall,Paywall,150,150,Paywall,300,165,150,150,Paywall,900,855,150,150,150,225,Paywall,150,150,Paywall,Paywall,Paywall,150,Paywall
"Gelof, Zake",LAD,3B,695372,24.1,2023 #60,A+,R/R,"6'0"" 195",1054,365.36,168,Paywall,Paywall,150,150,Paywall,300,165,150,150,Paywall,900,855,150,150,150,225,Paywall,150,150,Paywall,Paywall,Paywall,150,Paywall
"Espinosa, Romeli",PHI,SS,829089,17.8,2025 FA,R,R/R,"6'4"" 169",1055,365.44,168,Paywall,Paywall,150,150,Paywall,300,165,150,150,Paywall,900,855,150,150,150,225,Paywall,150,150,Paywall,Paywall,Paywall,150,Paywall
"Gonzalez, Wikelman",CHW,P,682790,24.0,2018 FA,MLB,R/R,"6'0"" 220",1056,365.48,168,Paywall,Paywall,150,150,Paywall,300,165,150,150,Paywall,900,855,150,150,150,225,Paywall,150,150,Paywall,Paywall,Paywall,150,Paywall
"Coronil, Deivid",SD,SS,829060,18.5,2025 FA,R,S/R,"6'3"" 162",1057,365.52,168,Paywall,Paywall,150,150,Paywall,300,165,150,150,Paywall,900,855,150,150,150,225,Paywall,150,150,Paywall,Paywall,Paywall,150,Paywall
"Rangel, Jonathan",MIL,SS,821158,19.1,2024 FA,R,L/R,"5'9"" 176",1058,365.60,168,Paywall,Paywall,150,150,Paywall,300,165,150,150,Paywall,900,855,150,150,150,225,Paywall,150,150,Paywall,Paywall,Paywall,150,Paywall
"Hurtado, Victor",WAS,OF,815900,18.8,2024 FA,R,L/L,"6'3"" 175",1059,365.68,168,Paywall,Paywall,150,150,Paywall,300,165,150,150,Paywall,900,855,150,150,150,225,Paywall,150,150,Paywall,Paywall,Paywall,150,Paywall
"Mariano, Reyli",LAD,2B,821697,19.4,2024 FA,R,S/R,"5'7"" 140",1060,365.72,168,Paywall,Paywall,150,150,Paywall,300,165,150,150,Paywall,900,855,150,150,150,225,Paywall,150,150,Paywall,Paywall,Paywall,150,Paywall
"Green, Rodney Jr.",ATH,OF,701587,23.0,2024 #104,A+,L/L,"6'3"" 210",1060,365.72,168,Paywall,Paywall,150,150,Paywall,300,165,150,150,Paywall,900,855,150,150,150,225,Paywall,150,150,Paywall,Paywall,Paywall,150,Paywall
"Gomez, Yorman",CLE,P,691414,23.4,2019 FA,AA,R/R,"5'11"" 200",1062,365.80,168,Paywall,Paywall,150,150,Paywall,300,165,150,150,Paywall,900,855,150,150,150,225,Paywall,150,150,Paywall,Paywall,Paywall,150,Paywall
"Martinez, Juan",MIL,SS,821197,18.9,2024 FA,R,S/R,"5'11"" 170",1063,365.92,168,Paywall,Paywall,150,150,Paywall,300,165,150,150,Paywall,900,855,150,150,150,225,Paywall,150,150,Paywall,Paywall,Paywall,150,Paywall
"Charles, Austin",KC,SS,800051,22.4,2022 #595,A+,R/R,"6'5"" 215",1064,366.00,168,Paywall,Paywall,150,150,Paywall,300,165,150,150,Paywall,900,855,150,150,150,225,Paywall,150,150,Paywall,Paywall,Paywall,150,Paywall
"Pena, Dameury",MIN,SS,808365,20.6,2023 FA,A,R/R,"5'10"" 150",1065,366.08,168,Paywall,Paywall,150,150,Paywall,300,165,150,150,Paywall,900,855,150,150,150,225,Paywall,150,150,Paywall,Paywall,Paywall,150,Paywall
"Weston, Cameron",BAL,P,687721,25.6,2022 #227,AAA,R/R,"6'2"" 215",1066,366.16,168,Paywall,Paywall,150,150,Paywall,300,165,150,150,Paywall,900,855,150,150,150,225,Paywall,150,150,Paywall,Paywall,Paywall,150,Paywall
"Pineda, Leonardo",TB,OF,815904,18.9,2024 FA,R,R/R,"5'11"" 185",1067,366.20,168,Paywall,Paywall,150,150,Paywall,300,165,150,150,Paywall,900,855,150,150,150,225,Paywall,150,150,Paywall,Paywall,Paywall,150,Paywall
"Callihan, Tyler",PIT,OF,682997,25.8,2019 #85,MLB,L/R,"5'11"" 205",1068,366.28,168,Paywall,Paywall,150,150,Paywall,300,165,150,150,Paywall,900,855,150,150,150,225,Paywall,150,150,Paywall,Paywall,Paywall,150,Paywall
"Kling, Paxton",TEX,OF,702265,22.8,2025 #205,A+,R/R,"6'2"" 210",1069,367.92,168,Paywall,Paywall,150,150,Paywall,300,165,150,150,Paywall,900,855,150,150,150,225,Paywall,150,150,Paywall,Paywall,Paywall,150,Paywall
"Marsee, Jakob",MIA,OF,805300,24.7,2022 #180,MLB,L/L,"6'0"" 180",1070,370.20,168,Paywall,Paywall,150,150,Paywall,300,165,150,150,Paywall,900,855,150,150,150,225,Paywall,150,150,Paywall,Paywall,Paywall,150,Paywall
"Osuna, Alejandro",TEX,OF,696030,23.5,2020 FA,MLB,L/L,"5'9"" 185",1071,376.68,168,Paywall,Paywall,150,150,Paywall,300,165,150,150,Paywall,900,855,150,150,150,225,Paywall,150,150,Paywall,Paywall,Paywall,150,Paywall
"Fernandez, Yanquiel",NYY,OF,692585,23.2,2019 FA,MLB,L/L,"6'2"" 198",1071,376.68,168,Paywall,Paywall,150,150,Paywall,300,165,150,150,Paywall,900,855,150,150,150,225,Paywall,150,150,Paywall,Paywall,Paywall,150,Paywall
"Floyd, Ty",CIN,P,692226,24.6,2023 #38,A,R/R,"6'2"" 200",1071,376.68,168,Paywall,Paywall,150,150,Paywall,300,165,150,150,Paywall,900,855,150,150,150,225,Paywall,150,150,Paywall,Paywall,Paywall,150,Paywall
"Taylor, Nelly",BOS,OF,807511,23.2,2023 #328,A+,L/L,"6'0"" 180",1071,376.68,168,Paywall,Paywall,150,150,Paywall,300,165,150,150,Paywall,900,855,150,150,150,225,Paywall,150,150,Paywall,Paywall,Paywall,150,Paywall
"Milone, Brennan",ATH,1B,686810,24.9,2022 #184,AAA,R/R,"6'1"" 198",1071,376.68,168,Paywall,Paywall,150,150,Paywall,300,165,150,150,Paywall,900,855,150,150,150,225,Paywall,150,150,Paywall,Paywall,Paywall,150,Paywall
"Cruz, Ronny",WAS,SS,826723,19.6,2024 #90,R,R/R,"6'2"" 170",1071,376.68,168,Paywall,Paywall,150,150,Paywall,300,165,150,150,Paywall,900,855,150,150,150,225,Paywall,150,150,Paywall,Paywall,Paywall,150,Paywall
"Tineo, Oscar",DET,SS,837690,17.1,2026 FA,,S/R,"6'1"" 167",1071,376.68,168,Paywall,Paywall,150,150,Paywall,300,165,150,150,Paywall,900,855,150,150,150,225,Paywall,150,150,Paywall,Paywall,Paywall,150,Paywall
"Prieto, Cesar",STL,2B,693409,26.9,2022 FA,MLB,L/R,"5'9"" 195",1071,376.68,168,Paywall,Paywall,150,150,Paywall,300,165,150,150,Paywall,900,855,150,150,150,225,Paywall,150,150,Paywall,Paywall,Paywall,150,Paywall
"Lugo, Matthew",LAA,OF,683090,24.9,2019 #69,MLB,R/R,"6'0"" 190",1071,376.68,168,Paywall,Paywall,150,150,Paywall,300,165,150,150,Paywall,900,855,150,150,150,225,Paywall,150,150,Paywall,Paywall,Paywall,150,Paywall
"Sanders, Will",CHC,P,691739,24.0,2023 #113,AAA,L/R,"6'6"" 230",1071,376.68,168,Paywall,Paywall,150,150,Paywall,300,165,150,150,Paywall,900,855,150,150,150,225,Paywall,150,150,Paywall,Paywall,Paywall,150,Paywall
"Hartman, Eric",ATL,OF,807080,19.8,2024 #611,A,L/R,"6'1"" 185",1071,376.68,168,Paywall,Paywall,150,150,Paywall,300,165,150,150,Paywall,900,855,150,150,150,225,Paywall,150,150,Paywall,Paywall,Paywall,150,Paywall
"Maldonado, Gerelmi",SF,P,698965,22.3,2021 FA,A,R/R,"6'2"" 170",1071,376.68,168,Paywall,Paywall,150,150,Paywall,300,165,150,150,Paywall,900,855,150,150,150,225,Paywall,150,150,Paywall,Paywall,Paywall,150,Paywall
"Antonio, Rayven",ATL,P,810982,20.1,2023 FA,A,R/R,"6'1"" 190",1071,376.68,168,Paywall,Paywall,150,150,Paywall,300,165,150,150,Paywall,900,855,150,150,150,225,Paywall,150,150,Paywall,Paywall,Paywall,150,Paywall
"Ibarguen, Pedro",MIL,OF,808338,19.7,2023 FA,A,R/R,"5'10"" 180",1071,376.68,168,Paywall,Paywall,150,150,Paywall,300,165,150,150,Paywall,900,855,150,150,150,225,Paywall,150,150,Paywall,Paywall,Paywall,150,Paywall
"Wagner, Ethan",HOU,OF,825334,20.6,2024 #523,R,R/R,"6'0"" 215",1071,376.68,168,Paywall,Paywall,150,150,Paywall,300,165,150,150,Paywall,900,855,150,150,150,225,Paywall,150,150,Paywall,Paywall,Paywall,150,Paywall